 ;117
  ;1
 1778;1
 1794;1
 1812;1
 1819;1
 1821;1
 1842;1
 20;2
 2009-01/11;1
 2010-170 ;1
 52600031-001 ;1
 A-08.0392 ;1
 A.07.0151;1
 Projectnummer :07401207/26161 en  10880808/26161;2
'3115' & '3330';2
( H023);1
-;371
--;3
---;52
----;1
.;13
..;37
../192595;2
0;134
00;4
00-429;1
00.068;1
000;6
0000;15
00000;4
000428;1
001;130
001-24;1
002;1
00200405/20517;1
003;2
004;3
004-23;1
00433;1
005;3
006;5
007;3
007-23;1
008;3
008-23;1
008-24;1
009;2
009-22;1
009-23;2
00921005/21053;1
01;4
01-11-2018;2
01-115;1
01.108;1
010;1
010-22;1
011;2
011-22;1
011-23;1
011-24;1
012;19
012-23;1
012-24;1
013;2
014;2
014-24;1
015;2
015-24;1
01540206/17151;1
016;3
016-22;1
016-24;1
017;2
017-22;1
018;1
018-23;1
018-24;1
019;3
019-23;1
019-24;1
02;3
02.025;1
02.038;1
02.043;1
02.060;1
020;3
020-22;3
0203;1
0205;1
021;2
021-22;1
021-24;1
02100506/17536;1
022;3
022-22;1
022-23;1
022-24;1
023-23;1
023-24;1
024-23;1
02420606/22045;1
02460706/19803;1
025;1
025-22;1
025-23;1
026;2
026-22;1
026-24;1
0267619;2
02690906/19601;1
027-20;1
027-23;1
02730906/20083;1
02780906/19893;1
02790906/19407;1
028;1
02851006/19797;1
029;3
029-24;1
02911006/19671;1
02921006/20036;1
02981006/20370;1
02991006/18865;1
03;7
03.031;1
03.054;1
03.081;1
03.105;1
03.110 / 03.141;1
03.115;1
03.118;1
03.134;1
03.138;1
03.159;1
03.170;1
03.172;1
03.178;1
03.183;1
03.191;1
030;2
03051006/19863;1
031;4
031-22;1
03101106/20431;1
03111106/20821;1
03131106/20035;1
03141106/19911;1
03171106/20021;1
03181106/20128-20129;2
03191106/19924;1
032-23;1
032-24;1
03201106/20561;1
03231106/20086;1
03241106/20011;1
03271106;1
03281106/21252;1
03291106/19975;1
033;14
03301106/20459;1
03331106/20243;1
03341106/21129;1
03351106/21128;1
03381106/20248;1
034;2
034-23;1
03461206/20889;1
03491206/20474;1
035;3
035-23;1
03571206/20583;1
036;23
036-22;1
036-22/2;1
036-24;1
03620107/20992-6;5
03630107/21405;1
03640107;1
03690107/19199;1
037-22;1
03750107/21085;1
03760107/21797;1
03870107/21133;1
039-23;1
039-24;1
03910107/21517;1
03930107/21196;1
03930107/21197;1
03940107/21729;1
03960207/21160;1
03970207;1
04;4
04.009;1
04.020;1
04.030;1
04.045;1
04.048;1
04.056;2
04.060;1
04.065;1
04.079;1
04.089;1
04.092;2
04.093;1
04.102;1
04.106;1
04.121;1
04.126;1
04.129;1
04.134;1
04.137;1
04.138;1
04.152;1
04.154;1
04.166;1
04.170;1
04.171;1
04.179;1
04.180;1
04.182;1
04.184;1
04.185;1
04.186;1
04.189;1
04.192;1
04.198;1
04.202;1
04.209;1
04.215;1
04.216;1
04.217;1
04.219;1
04.224;1
04.232;1
04.233;1
04.236;1
04.239;1
04.240;1
04.247;1
04.248;1
04.249;1
04.256;1
04.262;1
04.263;1
04.266;1
04.272;1
04.279;17
04.280;1
04.285;1
040;5
040-22;1
04040207/21369;1
04060207/21702;1
04070207/22035;1
04090207;1
041-24;1
04100207/21807;1
04110207/21776;1
04140207/21674;1
04150207;1
04170207;1
04180207/21654;1
04210207;1
043;2
043-24;1
04340307/22025;1
04370307/21901;1
044;6
044-21;1
044-22;1
04430307/22650;1
04470307/22109;1
045;1
04510307/21966;1
04540307/22905;1
04560307/22127;1
04570407/22558;1
04590407/22735;1
046-24;1
04610307/21995;1
0465040/22921;1
04660407/23466;1
04670407/23503;1
04670407/23864;1
047-22;1
04720407/25319;1
04740407/22901;1
04750407;2
04780407/28587;1
048;3
048-23;1
04800407/23155;1
04820407/22632-6;2
04840407/22683;1
04860507/26551;1
049-22;2
04980507/22755;1
04990507/22757;1
04P067;1
05;2
05-001;1
05.004;1
05.006;1
05.009;1
05.010;1
05.011;1
05.013;2
05.015;6
05.017;1
05.023;1
05.024;1
05.025;1
05.032;1
05.034;1
05.035;1
05.040;1
05.042;1
05.043;1
05.049;1
05.050;1
05.057;1
05.061;1
05.066;1
05.067;1
05.068;1
05.069;1
05.072;1
05.072b;1
05.073;1
05.079;1
05.087;1
05.091;1
05.092;1
05.095;1
05.096;1
05.098;1
05.100;1
05.101;1
05.104;1
05.108;1
05.109;1
05.110;1
05.111;1
05.115;1
05.116;1
05.119;1
05.121;2
05.126;1
05.131;1
05.136;1
05.141;1
05.142;1
05.145;1
05.146;1
05.147;1
05.151;1
05.152;1
05.156;1
05.160;1
05.165;1
05.166;1
05.167;1
05.169;1
05.175;3
05.176;1
05.177;1
05.183;1
05.186;1
05.189;1
05.190;1
05.192;1
05.195;1
05.197;1
05.198;1
05.204;1
05.205;1
05.208;1
05.209;1
05.211;1
05.212;1
05.217;1
05.218;1
05.221;1
05.229;1
05.230;1
05.231;1
05.233;1
05.234;1
05.235;1
05.236;1
05.237;1
05.238;1
05.240;1
05.241;1
05.242;1
05.243;1
05.245;1
05.246;1
05.249 / 05.319;2
05.250;1
05.251;1
05.252;1
05.255;1
05.257;1
05.260;1
05.261/06.131;3
05.262;1
05.264;1
05.265;1
05.268;1
05.270;1
05.271;1
05.272;1
05.274;4
05.277;1
05.279;1
05.280;1
05.281;1
05.283;1
05.284;4
05.285;1
05.286;1
05.287;1
05.288;1
05.291;1
05.298;1
05.301;1
05.302;1
05.312;1
05.313;1
05.316;1
05.318;1
05.320;1
05.322;1
05.327;1
05.328;1
05.331;1
05.334;1
05.335;1
05.336;1
05.338;3
05.342;1
05.345;1
05.347;3
05.348;1
05.349;1
05.351;1
05.352;1
05.353;1
05.355;1
05.356;1
05.358;1
05.359;1
05.361;1
05.362;3
05.363;1
05.364 / Erfgoedrapport Breda 65;1
05.366;1
05.369;1
05.370;1
05.372;1
050;1
0501;1
05020507/22760;1
0508;1
051-22;1
05130507/23152;1
0518;1
0519;1
05190607/23084;1
052-22;1
0520;1
05200607;1
0521;1
0522;1
05230607/23810;1
05240607/23631;1
0525;1
05260607/24621;1
05270607/26139;1
053-22;1
05370607/24270;1
054-22;1
055;1
055-22;1
05510707/23585;1
05550707/32561;1
05560707/23777;1
05580707/24243;1
056;1
056-23;1
05630707/23624;1
05660707;1
05690707;1
057-22;1
05730707/24323;1
05790707;1
058;2
058-23;1
0583080;1
05840807/24266;1
05890807/24715;1
059;2
059-22;1
059-23;1
05920807/24515;1
05950807;1
05952-152851;1
05960807/24267;1
05990807;1
05P016;1
05P050;1
05P051;1
05P055;1
05P059;1
05P067;1
05P080;1
05P104;1
06;2
06.005;1
06.006;13
06.0062;1
06.009;1
06.011;1
06.013;1
06.014;1
06.017;1
06.020;1
06.023;1
06.026;1
06.028;1
06.029;1
06.030;1
06.031;1
06.032/06.088;1
06.035;1
06.037;1
06.038;1
06.039;1
06.045;1
06.062;1
06.066;1
06.067;1
06.068;1
06.069;1
06.079;1
06.081;1
06.083;1
06.085;1
06.089;1
06.090;1
06.091;1
06.093;1
06.094;1
06.098;1
06.100;1
06.102;1
06.104;4
06.105;1
06.108;1
06.111;1
06.112;1
06.114;1
06.115;1
06.116;1
06.118;1
06.120;1
06.124;2
06.125;3
06.128;1
06.139;1
06.140;1
06.142;1
06.147A;1
06.147B;1
06.148;1
06.150;1
06.151;1
06.152;4
06.153;1
06.157;1
06.158;1
06.162;1
06.163;1
06.165;1
06.166;3
06.167;1
06.168;1
06.169;1
06.174;1
06.176;1
06.181/06.182/06.296;1
06.183;1
06.185;1
06.191;1
06.192;1
06.199;1
06.201;1
06.206 (Erfgoed rapport Breda 34);2
06.207;1
06.208;1
06.219;1
06.220;1
06.222;1
06.223;1
06.226;4
06.228;1
06.229;1
06.237;2
06.239;1
06.241A;1
06.241B;1
06.246;1
06.247;1
06.252;1
06.253;1
06.258;1
06.260;1
06.269;1
06.270;1
06.272;1
06.274;1
06.277;1
06.281;1
06.284;1
06.285;1
06.291;1
06.292;2
06.294;1
06.295;1
06.297;1
06.298;1
06.305;1
06.306;3
06.308;1
06.309;1
06.310;1
06.311;1
06.313;1
06.318;1
06.320;1
06.322;1
06.323;1
06.325;1
06.328;1
06.334;1
06.341;1
06.342;1
06.348;2
06.351 / Archeologische rapporten Breda 58;1
06.352;2
06.355;1
06.356 (archeologische rapporten Breda 45);1
06.361;1
06.363;1
06.365;1
06.367;1
06.370;1
06.372./ Archeologische rapporten Breda 23;1
06.374;1
06.377;2
06.384;1
06.392;1
06.401;1
06.405;1
06.410;1
06.414;1
06.416;1
06.417;2
060;1
060-22;1
0602;1
06025;1
06028;1
06030;1
06031;1
06032;1
06036;1
06037;1
0605;1
06060807/26578;1
0608;1
061;1
061-22;1
0610;1
0613;1
0614;1
0616;1
0618;1
06190907/26601;1
062;1
0621;1
0622;1
0623;1
0625;1
06270907/25023;1
063-22;1
064;1
064-22;1
064-23;1
06441007/25731;1
06471007/25211;1
06481007/25417;1
065-22;1
06521007/29955;1
06541007/25700;1
06551007/25721;1
06561007/27756;1
06591007;1
066-22;1
06621007;1
06631007;1
067;1
067-22;1
067-23;1
06721007/25419;1
06741007;9
06751007;4
06761007/25238;1
069;2
06911107/25289;1
07-A010;2
07-MAMD.B;1
07.0006;1
07.0034;1
07.0052;1
07.0081;1
07.0085;1
07.0105;2
07.0108;1
07.0143;1
07.0144;1
07.0449;1
07.0465;1
07.346;1
07.MADO.B;1
070;1
070-22;1
0702;1
0703;1
0704;1
0705;1
0706;1
0707;1
0708;3
0709;1
07091107/28654;1
071;2
071-22;1
0710;1
0710107/26845;1
0711;1
07111107;1
0712;1
07141107/28052;1
07151107;1
072-22;1
0724;2
07241107/26895;1
0727;1
07281107/ 26865;1
0729;1
07291207/26492;1
073;1
073-23;1
07311207/26304;1
07391207/26423;1
07441207/ 26919;1
074473274:0.1! C01032.200080;1
074483587:0.3 jbp;1
074519272:0.3;1
074539772:0.1;2
074570060 ;1
074601262:0.5;4
074636738:0.2;1
074671845:0.2 B01062.002044.0100;1
074674265:0.5;1
074711936-0.1;1
074757292:0.3;1
074765528.0.2;5
074813935:0.2;1
07484597:0.2;1
074928128:0.1 B01053.000094.0120;1
074940364:0.2 C01023.000052.0220;4
074991352;1
075;1
075044332:0.1;1
075064571:0.1;5
075069170:0.1 110313.000306.0200;2
075073323:0.2;1
075086969:0.3;3
075089825:0.2 110301.001599.0100;1
075103997:0.2 B02042.000109.0100;1
075111068:0.1;1
075111440:0.1;1
075153948:0.2 B01034.180026.0500;1
075218827.0.3;2
07530108/28565;1
075335716.A.3;1
075404484.0.2;1
07550108/26799;1
075523035:B;7
075738984:0.1;1
076;1
076-21;1
076-22;1
076-23;1
076077132:0.3;1
07610108/28953;1
076201641:0.1;14
076251032:0.1 - definitief;1
07630108;2
076310860:0.2;1
076360869:0.2;1
076396460:0.2;1
076413079:0.3;1
076481121:0.5;1
076481220:0.3;1
07650108/27800;1
076550964:0.3;1
076562328:0.1;1
076577887:C.1;2
077-22;1
077-23;1
07720108/ 26859;1
077585356:A;1
077663170:0.1;1
07790108/27197;2
078284616;1
078284617;1
078558517:B.3;1
078597180:B;1
07860108/26951;1
078983501 A;1
079;1
079-21;1
07910208/27941 + 27496;1
07960208/27498;1
07970208;1
08;2
08-A014;1
08-A015;1
08-A016;1
08-A019;1
08-A022;1
08-A027;1
08-A028;1
08.0488;1
080;1
08000208/27581;1
0801;1
0802;1
08020208/28435;1
08025211;1
08025247;1
0803;1
0804;1
08045376;1
0805;2
08050208/30027;1
08055501;1
08055515;1
0806;1
08065687 ;1
08075699;1
08075718;1
08075743;1
08075761;1
0808;1
08080208;1
08085804;1
08085839;1
08089172;1
0809;1
08095944;1
08095960;1
08095963;1
081;1
081-22;2
08105998;1
08106001;1
08106008;1
08106020;1
08106045;1
08106066;1
08116135;1
08116143;1
08116190;1
0812;1
08126228;1
08126274;1
08126281;1
0813;1
0814;1
0815;1
0816;1
0817;1
0818;1
0819;1
082;1
082-21;1
082-22;1
0820;1
0821;1
08210208/27345;1
0823;1
08230208/26994;1
0824;1
0825;1
0826;1
0827;1
0829;1
083;1
083-22;1
0830;2
0831;1
0832;1
0833;1
08340208/27752;1
084;1
084-22;1
08410208;2
08430608/29333;1
08470308/27895;1
08470308/27896;1
085;1
085-22;1
08550308;1
086;2
086-22;1
08650308/27777;1
0866;1
087-22;1
088;1
088-22;1
089;4
089-21;1
089-22;1
08980408/28716;1
08A-003;1
08A009;1
08A013;1
08A016;1
08A017;1
08A020;1
08A026;1
08A030;1
08A032;1
08Z;1
08_A001;1
08_A026;1
09;2
09 A004;1
09 A006B;3
09 A025;1
09-A005;1
09.0372;1
09/12;2
090-22;1
0901;1
09015009;1
09015012;1
09015052;1
09015077;1
09025168;1
09025193;1
09025214;1
09025233;1
09025238 ;1
09025250;1
09035322;1
09035353;1
09045406;2
09045424;1
09045455;1
0905;1
09055477;1
09055530;1
09055546;1
09055560;1
0906;2
09063295;1
09065592;1
09065594;1
09065613;1
09065688;1
0907;1
09075691;1
09075705;1
09075743;1
09075770;1
09075780;1
09081544;1
09081545;1
09085845;1
0909;2
09095947;2
091;2
091-22;1
0910;1
09106045;1
09106126;1
09106136;1
09106161;1
09113690;1
0912;1
09121853;1
09126282;1
09126294;1
09126332;2
0913;1
09130408/28902;1
0914;1
0915;2
0916;1
0917;1
0918;1
09180408/28697;1
0919;2
092;2
0920;1
0921;1
09210408/28800;1
0923;1
0924;1
0925;1
0925-6229;1
0925-6369;1
0926;1
0927;1
0928;1
0929;1
093;9
093-22;1
0930;1
0931;1
09310408;1
09380408/28886;1
094;1
094-22;1
09410408/32361;1
095;2
09580508/29717;1
096;1
09600508;1
09610508;1
09670508;1
09690508;1
097;1
09710508/30091;1
098;2
09820508/29929;1
099;2
09900508;1
09910508;1
09990608/30723;1
09_A003;1
09_A017;1
1;242
1 KCL archeologisch rapport;2
1 en 2;2
1, 2006;1
1.0;2
1.0 concept;1
1.0 en 2.2;1
1.2;1
1.8;1
10;46
10-1;1
10-A003;1
10-A006;1
10-A009;1
10-A011;1
10-A018;1
10-A024;1
10/2012;1
100;27
1000;8
10002;1
10008.001;2
1001;10
10013.001;1
10015038;1
10015078;1
10015079;1
10015085;2
10015092;1
10015096;1
10015114;1
10016.002;1
1002;11
1002-0308;1
10021081;1
10021107;1
10023104;1
10023119;1
10025129;4
10025132;1
10025143;1
10025178;1
10025182eco;1
10025232;1
10025243;1
10025251;1
10027.002;2
1003;9
10031.002;1
10032.001;2
10032.002;1
10033187;1
10033202;2
10033234;1
10035305;1
10035314;1
10035330;1
10035382;1
10035403;1
10035410;1
1004;10
1004-0309;2
10041228;1
10041245;1
10041293;1
10042.001;2
10043.001;2
10045498;1
10045538;1
10049.005;1
1005;12
10051366;2
10053373;1
10055631;1
10057.001;1
1006;11
10061408;2
10061453;2
10061473;2
10061498;2
10061509;2
10062.001;2
10063421;2
10065691;1
10065742;1
10065750;1
10065760;1
10065775;1
10065779;2
1007;9
10071522;3
10071523;2
10071540;2
10071549;2
10071559;2
10073.001;1
10073482.5;2
10073501;1
10073507;2
10073525;1
10073581;2
10075843;2
10075858;1
10075861;2
10075865;2
10075867;2
1008;8
10081.001;1
10081574;2
10081597;2
10081603;1
10081630;1
10083598;2
10083613;2
10085899;1
10085935;2
10085956;2
1009;9
10091653;2
10091654;1
10091663;2
10091693;2
10091695;1
10091702;2
10091730;2
10093647;4
10093668;2
10095993;2
10095998;1
10096;13
10096.002;2
10096018;1
10096064;2
10096080;1
10096097;1
101;27
1010;15
10100;1
10101;1
10101747;1
10101757;2
10101772;2
10102;1
10103;2
10103724;1
10104;1
10105;2
10106;1
10106091;1
10106100;2
10106137;2
10106168;1
10106171;1
10106187;1
10106190;2
10107;1
10108;1
10109;1
1011;11
10110608/32799;1
10111793;2
10111798;1
10111818;1
10111824;2
10111870;2
10112;1
10112.002;1
10113;1
10113749;2
10114;1
10116279;1
10116285;2
10117;1
1012;11
10120;1
10120608;1
10121;1
10121880;1
10121882;1
10121887;2
10121892;1
10121909;2
10121913;1
10121929;1
10121935 ;1
10122;1
10123;1
10123816;2
10124;1
10125;1
10125205;2
10126;1
10126356;2
10127;1
10128307;2
1013;14
10130;1
10131;1
10132;1
10134.001;1
10135;1
10136;1
10137;1
10138;1
1014;8
10140;1
10141;1
10142;1
10142.002;1
10142.007;1
10143;1
10144;1
10145;1
10146;1
10147;1
10148.003;1
10149;1
1015;13
10151;1
10152;1
10154;1
10157;3
10158;1
10159;1
1016;12
1016-0309;1
10160;1
1017;8
10174.001;2
1018;10
10186.002;1
1019;11
10193.002;2
102;26
1020;11
10207.002;1
1021;12
10210608/32546;1
10212.002;2
1022;13
10222.002;1
1023;8
10239.001;2
10239.004;1
1024;12
10240608;1
10249.001;1
1025;14
10251.001;1
10252.002;1
10257.001;1
10259.001;1
1026;13
10269-152430;1
1027;12
10270608;1
10276.002;1
1028;11
1028-0312;1
10280;1
10283.001;1
1029;10
10293.001;2
103;30
1030;10
1030-0312;1
1031;11
1032;26
10325.004;2
1033;11
10333.001;1
1034;11
10347.011;1
10348.001;1
1035;11
10350708;1
10359.001;2
1036;12
10368.002;2
1037;14
1038;10
10387.001;2
1039;12
10390.002;1
10396.001;2
104;37
1040;10
1041;10
10419;1
1042;9
1043;8
10438.003;1
1044;10
1044-0401;1
10440.001;1
10440708/30430;1
1045;13
10450.001;1
1046;10
10466.002;1
1047;13
10470.001;1
1048;11
10485.002;1
10489.002;1
1049;10
105;25
1050;13
10508.001;1
10508.003;1
10509.001;2
1051;9
10510708;2
10511.001;1
10515.001;2
1052;10
1053;11
10537.001;1
1054;11
10548.001;1
1055;9
1056;9
1057;12
1058;10
10580708/30342;1
10581.001;1
10582.001;1
1059;9
106;32
106 en 114;2
1060;11
10608.002;1
10608.003;1
10608.005;1
1061;9
1062;10
10620.002;2
10620708;1
10621.001;1
10628.001;2
1063;9
10636.001;1
10636.003;1
1064;10
1065;9
10650708;1
10653.001;1
1066;9
1067;11
10671.001;2
1068;10
1068-0406;1
10686.003;1
10686.009;1
10687.001;1
10688.002;2
1069;9
107;19
1070;11
1070-0403;1
10706.001;1
1071;11
10711.003;1
10714.002;2
10717.001;1
1072;12
10720708/30856;1
1073;11
1074;11
1075;12
1075-0308;1
10755.001;1
1076;8
10765.001;2
1077;10
1077-0407;1
10774.001;1
1078;9
10780.001;2
10780.007;1
1079;10
1079-0408;1
10793.001;1
10798.002;2
108;35
1080;7
1081;11
1082;14
10820808;1
1083;12
10838.001;1
10838.005;1
1084;9
10849.001;1
1085;11
1085-0409;1
1086;9
1087;13
1088;10
1088-0409;1
1089;9
109;27
1090;13
1090-0409;1
1091;11
10910808/30781;1
10916.001;1
1092;10
1093;8
10931.002;1
1094;11
10940808;1
10943.001;1
10948.001;1
1095;9
1095-0410;1
1096;10
1096-0210;1
1097;12
1097-0410;1
10970808;1
1098;9
1098-0410;1
1099;13
1099-0411;1
10993.002;1
10A004;1
10A013;1
10A022;1
10A023;1
10A026;1
10B;1
10DAR 107;1
10_A009;1
10a;1
11;57
11 / 23;1
11,0128;1
11-12;6
11-A001;1
11-A004;1
11-A020;2
11.0143;1
11.0249;1
11.0260;1
11.0284;1
11.0373;2
110;29
1100;9
11001;1
11002;2
11003;1
11003.001;2
11007;1
11008;2
11009;1
1101;10
11010;1
11010019;1
11010041;1
11010042;1
11010068;2
11010098;1
11010111;1
11010115;1
11010191;2
11011;1
11012;1
11013;1
11013032;2
11013050;2
11013070;1
11014;1
11015021;1
11015053;1
11015072;2
11015082;1
11015091;1
11015097;1
11015099;1
11015113;2
11015171;1
11016;1
11017;1
11017.001;1
11018;1
11019;1
11019.001;2
1102;8
1102-0411;1
11020;1
11020123;2
11020124;1
11020125;2
11020136;2
11020141;2
11020157;2
110202/NA5/0P2/000585/111;1
110202/NA5/0Q2/000681/010;1
110202/WA8/oL9/003167/001B/jl;1
11020213;1
11020216;2
11020224;1
11021;1
11023;1
11023118;2
11024;1
11025;1
11025180;1
11025203;1
11025205;1
11026;1
11027;2
11028;1
1103;5
11030;1
110301.0001531;1
110301.0011624;2
110301.001210;1
110301.001663;1
110301.001684;1
110301.001706.003;1
110301.001753;1
110301/NA6/058/001599;1
110301/NA7/068/001700;1
110301/NA8/004/001743;1
110301/NA8/006/001671;1
110301/NA8/018/001744;1
110301/NA8/022/001762 110301.001762;1
110302.0001302;3
110302.001398;7
110302.001486;1
110302.001539;2
110302/NA/024/000621/004;1
110302/NA7/021/001238;1
110302/NA7/051/001516;1
110302/NA7/055/001662/001;1
110302/NA7/0A3/001544/001;1
110302/NA7/0A9/001398;1
110302/NA7/0E0/001539;2
11030227;2
11030230;1
11030233;1
11030240;3
11030256;1
11030274;2
11030278;2
11030284;1
11030285;2
110303/NA8/009/000572;1
11030302 ROE.HEG.ARC;2
110304/NA7/042/000622;1
110305.000299;1
110305/NA5/012/000038;1
11031;1
1103101/NA6/056/001456/001;1
110311.000304;1
110311.000323;1
110311/NA/0F5/000166/001;1
110311/NA4/0G2/000055;1
110311/NA5/0C4/000081/001;2
110312.000146.002;2
110312.000269;1
110312.000272.005;1
110312.000272.009;1
110312.000298;1
110312.000318;1
110312.000360.004;6
110312.000368;1
110312.000375;1
110312.000377.002;3
110312.000392.001;1
110312/NA5/107/000118/001G;1
110312/NA5/172/000070/006;1
110312/NA6/180/000228/001;1
110312/NA6/1R5/000221/001;1
110312/NA6/1X4/000269/001;1
110312/NA7/000361/002;1
110312/NA7/032/000256/001;1
110312/NA7/1A4/000315/001;1
110312/NA7/1G2/000351;2
110312/NA7/1O5/000269/003;1
110312/NA7/1R2/000349;1
110312/NA7/1V3/000360/002;1
110312/NA7/2P2/000369/001;1
110312/NA7/2Qo/000364/004;1
110312/NA8/047/000361/005;1
110312/NA8/0D1/000361/007;1
110312/NA8/153/000297/002;1
110312/NA8/oF7/000198;1
110312/NA8/oG3/000370;1
110312/NA8/oL9/000313/001;1
110312/WA8/1X1/000390/st;1
110312000296;3
110313.000233.004;1
110313.000306;1
110313/NA6/0Op/000129/004;1
110313/NA6/114/000228/002;1
110313/NA7/0E7/000228;1
110313/NA7/227/000404/001;1
110315/NA7/0J6/000141/001;1
110315/NA7/0W6/000141/001;8
110315/NA7/176/000202/001;1
110315/NA8/013/000141;1
110316.056508;1
110316/NA5/007/N.204203.1000;1
110316/NA5/021/N.297205/3000;1
110316/NA5/078/299202/3000;1
110316/NA7/1Z9/064542/001;1
11032;1
11033255;1
11033268;1
11034;1
11035292;2
11035311;1
11035325;1
11035326;1
11035359;2
11035364;2
11036.002;2
11037;5
1104;9
1104-0411;1
11040;1
110402/NA7/001/001172;1
110402/NA9/001/001172/001;1
110402/WA6/3O1/001074.001;2
110402/WA7/4U1/000823/016/jo;1
110402/WA8/0U0/001394/001B/jo;1
110402/WA8/1H1/001349/jo;1
110402/WA8/1P3/001374/001B/HPH;2
110402/WA8/3E9/001109/004/jo;2
110402/WA8/3G1/001311/001B/wd;1
110403.000799;3
110403.001540;2
110403/HN7/0F8/000799/013/mba;1
110403/HN7/OF9/000720/001/mba;1
110403/NA4/001/000933/100;1
110403/NA7/002/000640/010;2
110403/WA7/120/001638.001;1
110403/WA7/169/000640/011;1
110403/WA8/2Y2/002045/002A/jo;1
110403/WA8/421/001944/001/jo;1
110403/WA8/490/000640/018/jo;1
110403/WA8/4A4/001753/9007/jo;1
11040308;1
11040312;1
11040348;1
11040350;2
11040351;1
11040373;2
11040379;2
110408;1
11041;1
11041.001;1
11042;1
11043;1
11043307;2
11044;1
11045413;1
11045418;1
11045446;1
11045452;1
11045505;2
11047;1
11049;1
1105;9
11050;1
110501/NA8/001/201456/001;1
110502.201295;1
110502/NA8/001/200384/007;1
11050403;1
11050432;1
11050433;1
11050453;2
11050483;1
11051;1
11052;1
11052.002;1
11052.003;1
11053;1
11053.001;1
11053352;1
11053385 ;2
11053400;1
11054;1
11055;2
11055532;1
11055534;2
11055552;2
11055554;2
11055569;1
11055579;2
11055580;2
11055584;1
11055600;2
11055609;1
11055609 en 15065748;1
11055625;2
11056;2
11057;1
11058;1
1106;8
11060;14
11060491;2
11060497;1
11060498;1
11060520;2
11060536;2
11060542;1
11060545;2
11061;1
11062;1
110621/NA6/001/000243;1
110621/NA8/008/000195;1
110623.000450;2
110623/CE7/2G2/000623;1
110623/CE8/0W0/000765;1
110623/CE9/011/000744;1
110623/CE9/013/000744;1
110623/WA9/010/000726;1
11063;1
11063450;1
11064;1
110643.000491;1
11065;1
11065654;1
11065676;2
11065694;1
11065701;1
11065708;2
11065713;1
11065714;2
11065718;2
11065736;2
11065754;1
11065758;1
11065759;1
11065774;1
11065777;2
11068;1
11069;1
1107;10
1107.002;2
11070;1
11070566;1
11070580;2
11070583;2
11070590;1
11070613;2
11070614;1
11071;1
11072;1
11073;1
11073530;1
11073536;2
11074;1
11075;1
11075786;2
11075799;2
11075812;1
11075826;1
11075831;1
11075838;2
11075854;2
11075859;2
11075861;2
11075864;1
11076;1
11077;1
11078;1
11079;1
1108;9
11080;1
11080634;1
11080652;1
11080654;1
11080657;1
11082;1
11083564;2
11083573;1
11084;1
11085;1
11085886;2
11085893;2
11085917;2
11085929;2
11085936;2
11085972;2
11085974;1
11085981;2
11086;1
11087;1
11088;1
11089;1
1109;9
1109-0501;2
11090;1
11090704;1
11090705;1
11090716;1
11090724;1
11090733 UDE.EXL.ARC;1
11091;2
11092;1
11093;1
11093.003;1
11093640;1
11093652;2
11094;1
11095;1
11096;1
11096007;2
11096038;2
11096066;1
11096068;2
11096073;1
11096076;2
11096094;2
11096115;2
11096131;1
11096134;2
11097;1
11098;1
11099;1
111;31
1110;10
111001764;2
11100768;1
11100769;2
11100771;2
11100798;1
11100803;1
11100808/31324;1
11100813;2
11100817;1
11101;1
11101782;2
11102;1
11103707;2
11103710;1
11103747;2
11104;1
11105;1
11106;1
11106158;2
11106182;3
11106245;1
11107;1
11107.001;1
1110793;2
1110839;1
11109;1
1111;11
11110;1
11110826;1
11110835;1
11110863;1
11110875;2
11110879;2
11110888;1
11110893;2
11110908;2
11111;1
11113;1
11113825;1
11115;1
11116;2
11116282;2
11116286;2
11116292;2
11116318;2
11116340;2
11116343;1
11116348;2
11116363;1
11116370;2
11116372;2
11118;1
11119;1
1112;9
1112.002;2
11120;1
11120940;1
11120948;1
11120959;1
11120967;1
11120999;1
11121;1
11121006;2
11123;1
11123869;1
11124;1
11125;1
11126;1
11126393;1
11126420;2
11126430;2
11126431;1
11126446;2
11126459;1
11126476;2
11127;1
11128;1
11129;1
1113;8
11130;1
11132;1
11133;1
11134;1
11135;1
11136;1
11136.003;1
11137;1
11138;1
11139;1
1114;9
11140;1
11141;1
11141.001;2
11142;1
11143;1
11144;1
11144.003;2
11144.007;1
11145;1
11146;1
11147;1
11148;1
11149;1
1115;10
1115-0501;1
11150;2
11151;1
11154;1
1116;8
1117;8
11172.003;1
11175.001;1
1118;8
1118-0502;1
1119;8
11191;1
11191-151153;1
11191-155704;2
11191-156120;1
11191-231014;1
11191.001;1
11197.002;2
11197.010;1
11198.005;2
11198.015;1
112;30
1120;7
1120-0503;1
11205;1
1121;9
1121-0503;1
1121000;1
11212.001;1
11212.007;1
11218.001;1
11218.002;1
1122;9
1122-0503;1
1123;12
1123-0503;1
1124;9
1124-0101;1
1125;12
1125-0503;1
1126;8
1126-0503;1
11260.002;1
11263.002;2
11267.001;2
11269.001;1
11269.005;1
1127;7
1127-0503;2
1127.001.001;1
11274.001;1
1128;6
1128-0504;1
11289.001;1
1129;11
1129-0504;1
113;30
1130;10
1131;11
1131-0504;1
1132;7
1132-0504;1
1132.001;1
11328.001;1
11329;1
1133;9
11330.002;2
11337.002;2
11339.001;1
11339.002;1
1134;8
1134-0505;1
1135;6
1135-0504;1
1136;8
1136-0504;1
1137;9
1137-0505;1
11374;1
11377.001;1
11377.002;1
11378.002;2
1138;9
1138-0505;1
11387.001;1
1139;11
1139-0505;1
114;27
1140;10
1140-0505;1
11400.001;1
11403.006;1
11404.001;1
1141;8
1141-0505;1
11411.001;1
11412.004;1
114127.001;1
11417.001;2
1142;7
1142-0505;1
1142.001;1
11427.001;1
11427.003;1
1143;9
1143-0505;1
1144;9
1145;7
1145-0505;1
11459.001;1
1146;8
1146-0505;1
11463.001;1
1147;7
1148;8
1148-0505;1
11480.001;1
11480908;1
1149;8
1149-0506;1
11495.001;2
11495.005;1
115;29
115 (projectnummer 50930);1
1150;7
1150-0506;1
11500.002;1
11500908;1
11503.002;1
11503.003;1
11503.005;1
11504.001;1
1151;7
1151-0506;7
1151/2539;2
11515.001;2
1152;8
11523.001;2
1153;10
1153-0507;1
1154;8
11540908;1
11542.004;1
11545.005;1
1155;11
11559.003;2
1156;8
1156.002;2
1157;9
1157-0507;1
11576.001;1
1158;7
1158-0507;1
11580.002;2
11580.003;1
11584.002;2
11585-149588-01;1
11585-149588-02;1
11585-149588-03;1
1159;10
1159-0507;1
11591.001;1
11591008;1
116;30
1160;9
1160-0507;1
1161;7
1161-0507;1
1162;8
1162-0508;1
11623.003;1
11623.009;2
11626.002;2
11628.001;1
11628.001a;1
11628.009;1
1163;9
1163-0508;1
1163.003;2
1164;13
1164-0508;1
11647.002;1
11649.001;1
1165;13
1165-0508;1
11651008;1
11653.002;1
11659.002;2
11659.007;1
1166;9
1166-0508;1
11666.001;2
1167;8
1167-0508;1
11674.001;1
1168;9
1168-0509;1
11681008/32323;1
1169;6
1169-0509;1
11692.001;1
11692.003;1
11694.001;2
117;33
1170;9
1170-0509;1
11700.001;1
1171;10
11717.001;1
11718.002;2
1172;8
1172-0509;1
11721.003;1
11721.006;1
1173;11
1173-0211;1
11735.001;2
1174;9
1174-0509;1
11745.004;1
1175;9
1175-0509;1
1176;11
1176-0509;3
11763.001;1
11763.004;1
1177;9
1177.001;1
11773.001;2
11774.003;1
11779.001;2
1178;9
1178-0509;2
11781008;1
1179;11
1179-0011;1
11791008;1
118;24
1180;8
1180-0510;1
1181;12
1181-0509;5
1182;9
1182-0510;1
1183;6
1183-0510;1
11832.001;2
11832.003;1
11837;1
1184;9
11840.004;2
11843.001;1
11846.001;1
1185;11
1185-0510;1
1185.002;2
11852.002;2
11858.001;1
1186;7
1186-0510;1
11867.002;1
1187;11
1188;9
11888.002;1
11888.014;1
11888.016;1
11888.019;1
1189;11
1189-0510;1
11899;1
119;29
1190;9
1191;8
1191-0510;1
11911008;1
11912.002;1
1192;11
1192.001;2
1192.008;1
1193;9
1193-0205;1
11931.001;1
11932.001;1
1194;8
1194-0511;1
1195;8
11953.001;1
1196;8
1197;8
1197-0511;1
11974.001;2
1198;12
1198-0511;1
1198.002;2
1199;9
1199-0511;1
11A011;1
12;54
12, 15;2
12-2;1
12-3;1
12.0052;1
12.0094;1
12.0217;1
120;32
1200;7
1200-0511;1
12001;1
12002;1
12003;1
12004;1
12005;2
12007;1
12008;2
12009;1
1201;10
1201-0511;1
12010;1
12011;1
12011010;2
12011020;2
12011024;2
12011035;2
12011062;2
12011066;1
12011069;1
12011075;2
12011093;2
12012;1
12013032;2
12013049;2
12014;1
12015;1
12015004;2
12015016;2
12015036;2
12015049;2
12015052;1
12015073;1
12015076;1
12015082;1
12015098;1
12015103;1
12015119;2
12015140;1
12016;1
12017;1
12017.001;1
1202;10
1202-0511;1
1202/1223;1
12021109;2
12021111;1
12021117;4
12021140;1
12023;1
12023112;1
12023133;2
12023141;2
12025;1
12025170;2
12025197;1
12025236;2
12025240;1
12025248;2
12025260;1
12025271;2
12025277;2
12025281;2
12025290;2
12025294;1
12025298;1
12025310;1
12025315;1
12025317;2
12026.001;1
12027;1
1203;15
1203-0511;1
12030;1
120300;1
12031;1
12031190;1
12031204;1
12032;1
12033;1
12033188;2
12033194;2
12033226;1
12034;1
120347/versie 1.3;1
12035;1
12035335;1
12035372;1
12035379;1
12035387;1
12035394;2
12035414;2
12035422;2
12035434;1
12035446;2
12037;1
12038;1
12039;1
1204;14
1204-0511;1
12041;1
12041258;1
12041288;2
12041299;2
12041309;1
12041325;1
12041331;1
12041362;2
12042;1
12043;1
12043253;1
12043253 en 12106188;1
12043266;1
12043294;1
12044;1
12045;2
12045458;1
12045477;1
12045503;1
12045540;2
12045544;1
12046;1
12047;2
12048;1
1205;11
1205-0512;1
12051;1
12051379;1
12051411;2
12051417;1
12051425;2
12051428;2
12051447;1
12051463;2
12052;1
12053;2
12054;2
12055;1
12055555;13
12055582;1
12055591;1
12055593;1
12055594;1
12055606;1
12055609;2
12055618;2
12055640;1
12055646;1
12055652;2
12055660;1
12055661;1
12055664;1
12056;1
12057;1
12058;2
1206;10
1206-0511;1
12060;2
12061480;1
12061510;2
12061516;1
12061534;1
12061540;1
12061552;1
12061554;1
12061575;1
12063.006;1
12063441;1
12063453;2
12063466;2
12065;1
12065680;2
12065727;1
12065728;2
12065739;2
12065754;2
12065761;2
12065763;1
12065764;1
12065820;1
12065829;11
12065830;1
12065837;1
12065838;1
12066;1
12067;1
12068;2
1207;7
12070;1
12071;1
12071108;1
12071584;1
12071638;1
12071654;2
12072;1
12075;1
12075850;2
12075867;1
12075890;1
12075899;1
12075924;1
12075927;1
12077;2
12079;1
1208;10
1208-0512;1
12080;1
12081;1
12081662;2
12081677;2
12081694;1
12081726A;1
12082;1
12083;1
12083544;2
12083571B;2
12084;1
12085;1
12085.002;2
12085953;1
12085960;1
12085964;1
12085994;1
12085995;1
12086;1
12086003;2
12086015;2
12086020;2
12086025;2
12086037;2
12086039;1
12086050;1
12088;2
12089;1
1209;10
1209 (herziene versie);1
1209-0512;1
12090;1
12091;1
12091766;2
12091774;1
12091818;1
12091823;1
12091826;1
12091853;2
12091880;1
12093;1
12093587;2
12095;1
12096;1
12096065;1
12096067;1
12096083;1
12096105;1
12096116;1
12096126;1
12096127;1
12096132;1
12096133;1
12096144;2
12096145;2
12097;1
12098;1
12099;1
121;34
1210;7
1210.001;2
12100;1
12101870;1
12101871;2
12101877;1
12101894;2
12101919;2
12101924;1
12101924-B1;2
12101924-B2;2
12101927;2
12101929;1
12102;1
12103;1
12103655A;1
12103668;1
12103679;1
12104;1
12105;1
12106;1
12106153;1
12106154;1
12106159;1
12106168;2
12106176;1
12106187;1
12106208;2
12106214;3
12106218;1
12106224;2
12106241;1
12106244;1
12106249;1
12106250;2
12107;1
12107.005;1
12109;1
1211;8
12111981;1
12112;1
12112007;2
12112020;1
12112025;1
12113;1
12113.002;1
12113.009;1
12114.001;2
12115.009;1
12116;2
12116260;1
12116267;1
12116273;2
12116278;2
12116295;1
12116299;1
12116304;2
12116310;1
12116326;2
12116327;2
12116347;2
12116348;1
12117;2
12118;1
12119;2
1212;10
1212 & 1295;1
1212-0601;1
12120;1
12121;1
12122;1
12122.002;1
12122.003;1
12122042 Div.ABdK.ABG;1
12122042.02;1
12122042.03;1
12122042.04;1
12122042.06;1
12122042.09;1
12122042.10;1
12122042.100 DIV.ABdK.ABG;1
12122042.101 DIV.ABdK.ABG;1
12122042.102 DIV.ABdK.ABG;1
12122042.103 DIV.ABdK.ABG;2
12122042.104 Div.ABdK.ABG;1
12122042.105;1
12122042.106 DIV.ABdK.ABG;1
12122042.108 DIV.ABdK.ABG;1
12122042.109 DIV.ABdK.ABG;1
12122042.110 DIV.ABdK.ABG;1
12122042.111 DIV.ABdK.ABG;1
12122042.112 DIV.ABdK.ABG;1
12122042.113 DIV.ABdK.ABG;1
12122042.114 DIV.ABdK.ABG;1
12122042.115 DIV.ABdK.ABG;1
12122042.116 DIV.ABdK.ABG;1
12122042.117 Div.ABdK.ABG;2
12122042.119 DIV.ABdK.ABG;2
12122042.12;1
12122042.120 DIV.ABdK.ABG;1
12122042.121 Div.ABdK.ABG;1
12122042.123 DIV.ABdK.ABG;1
12122042.125 DIV.ABdK.ABG;1
12122042.126;1
12122042.13 DIV.ABdK.ABG;1
12122042.15 DIV.ABdK.ABG;1
12122042.16-17 DIV.ABdK.ABG;1
12122042.18 DIV.ABdK.ABG;1
12122042.20;1
12122042.21 DIV.ABdK.ABG;1
12122042.22 DIV.ABdK.ABG;1
12122042.23 DIV.ABdK.ABG;1
12122042.24 DIV.ABdK.ABG;1
12122042.26 DIV.ABdK.ABG;1
12122042.27 DIV.ABdK.ABG;1
12122042.28 DIV.ABdK.ABG;1
12122042.30 DIV.ABdK.ABG;1
12122042.31 DIV.ABdK.ABG;1
12122042.34 DIV.ABdK.ABG;1
12122042.35 DIV.ABdK.ABG;1
12122042.37 DIV.ABdK.ABG;1
12122042.38 DIV.ABdK.ABG;1
12122042.39 DIV.ABdK.ABG;1
12122042.42 DIV.ABdK.ABG;2
12122042.43 DIV.ABdK.ABG;1
12122042.44 DIV.ABdK.ABG;1
12122042.45 DIV.ABdK.ABG;1
12122042.48 DIV.ABdK.ABG;1
12122042.49 DIV.ABdK.ABG;1
12122042.50 DIV.ABdK.ABG;1
12122042.51 DIV.ABdK.ABG;1
12122042.52 DIV.ABdK.ABG;1
12122042.53;1
12122042.54 DIV.ABdK.ABG;1
12122042.55 DIV.ABdK.ABG;1
12122042.56 DIV.ABdK.ABG;1
12122042.57 DIV.ABdK.ABG;1
12122042.59 DIV.ABdK.ABG;1
12122042.60 DIV.ABdK.ABG;1
12122042.62 DIV.ABdK.ABG;1
12122042.63 DIV.ABdK.ABG;1
12122042.64 DIV.ABdK.ABG;1
12122042.67 DIV.ABdK.ABG;1
12122042.68 DIV.ABdK.ABG;1
12122042.70 DIV.ABdK.ABG;1
12122042.71 DIV.ABdK.ABG;1
12122042.72;1
12122042.73;1
12122042.75 DIV.ABdK.ABG;1
12122042.76 DIV.ABdK.ABG;1
12122042.77 DIV.ABdK.ABG;1
12122042.78 DIV.ABdK.ABG;1
12122042.79 DIV.ABdK.ABG;1
12122042.80 DIV.ABdK.ABG;1
12122042.82 DIV.ABdK.ABG;1
12122042.83 DIV.ABdK.ABG;1
12122042.86 DIV.ABdK.ABG;1
12122042.87 DIV.ABdK.ABG;1
12122042.89 DIV.ABdK.ABG;1
12122042.91;1
12122042.92 DIV.ABdK.ABG;1
12122042.93;1
12122042.94;1
12122042.95;1
12122042.96;1
12122042.97;1
12122042.98 DIV.ABdK.ABG;1
12122042.99 DIV.ABdK.ABG;1
12122058;1
12122059;1
12122068;1
12122082;2
12122092;2
12123;1
12123772;2
12123788;2
12124;1
12125;1
12126384;2
12126387;1
12126389;1
12126409;1
12126422;2
12126424;2
12126435;1
12126436;1
12126437;1
12126445;1
12126453;2
12126468;2
12128.001;2
1213;10
1213-0601;1
12133.001;1
1214;11
1214-0601;1
12140.002;1
12144.001;2
12144.004;1
12148.001;1
12148.004;1
1215;8
1215-0601;1
12155.002;2
12159.001;2
1216;10
1216-0601;1
12169.001;2
12169.004;1
1217;11
1217-0601;1
1217.002;2
12173.001;2
12173.003;1
12173.004;1
12175.002;2
1218;11
1218-0403;2
12185.001;1
12186.005;2
1219;8
1219-0602;1
122;21
1220;7
1220-0602;1
12201.001;1
12201108/33191;1
1221;8
1221-0602;1
1221/1324;1
12212.001;1
1222;6
1222-0602;1
1223;7
1223-0602;1
1224;6
1224-0602;1
1225;10
1225-0602;1
12252;1
12254.001;1
12255;1
12255.002;2
12255.005;1
1226;9
1226-0602;1
12266.003;1
1227;6
1227-0602;1
12271108;1
12278.001;1
12279.001;2
12279.002;1
1228;11
1228-0602;1
12285.001;1
1229;7
12290.002;1
12290.005;1
12298.001;2
123;24
123/253;1
1230;9
12301.001;1
12304.002;2
12304.004;1
12305.003;2
1231;7
12314;1
12315;1
1232;6
12322.001;1
12322.004;1
1233;6
1233-0603;1
12333;1
12333.001;1
12338.001;2
12338.002;1
1234;5
1234-0603;1
12341.001;1
12341.003;1
12345;1
12347.001;2
1235;6
1235.003;2
12354;1
12356;1
12359;1
12359.001;2
1236;6
12360.001;1
12361;1
12361.002;2
12366.001;2
12368.001;2
1237;6
1237.003;2
1237.006;1
12373.001;2
12376;1
12377;1
12377.002;2
1238;7
12385;1
12387;1
12389;1
1239;6
12398.005;1
124;28
124-125;1
1240;8
1240-0603;1
12401;1
12407;1
1241;7
1241-0603;1
12411.001;1
12411.002;1
12415.002;2
12418;1
1242;7
1242-0603;1
1243;8
12431108/33124;1
1244;6
1244-0603;1
1244.003;1
12444.002;1
1245;6
1246;7
1246-0603;1
1247;8
12474.001;1
1248;5
1248-0603;1
1248.001;2
12483.001;2
1249;7
1249-0603;1
12497.002;1
125;23
1250;7
1250-0604;1
12501.002;1
1250108;1
12502.001;1
1251;9
1251-0604;1
1252;6
1252-0604;1
1253;7
1253-0604;3
1253.001;1
1253.002;1
12534.001;2
12534.005;1
1254;7
12544.002;2
1255;8
12551.001;1
1256;8
1256-0605;1
12560.001;1
12563.001;1
12564.001;1
12568.001;1
1257;8
1257-0605;1
12571208/33187;1
1258;8
1258-0605;1
12581208/33281;1
12589.006;2
1259;8
126;29
1260;4
1260-0605;1
12606.002;2
12606.006;1
12608.001;1
1261;9
1261-0605;1
1261.001;1
12617.002;1
1262;6
1262-0605;1
12621208;1
12621208/33200;1
12625.002;1
1263;6
1263-0605;1
12634.001;2
12634.003 versie 2 (definitief);1
1264;9
1264-0605;1
1265;8
1265-0605;1
1266;9
1267;8
1267-0606;1
12670.001;1
1268;8
1268-0606;1
12682.001;2
1269;5
12695.002;2
12699.002;1
12699.005;1
126ste jaargang,;1
127;32
1270;9
1270-0606;1
12700.002;1
1271;6
1271-0606;1
1272;8
1272-0606-1;1
1272-0606-2;1
12721.002;2
1273;9
1273.001;2
1274;9
1274-0607;1
1275;8
12751208;1
12752.001;2
1276;5
1276-0607;1
12761.002;2
12761208/33153;1
1277;12
1278;9
1278-0607;1
1279;6
12790.002;2
12790.011;1
12791.001;4
12799-155929;1
128;31
1280;7
1281;7
1281-0608;1
12816.001;1
1282;9
1282-0608;1
1283;6
1283-06-08;3
12832.002;1
1284;7
1284-0608;1
12841208;1
12849.001;1
1285;7
1285-0608;1
1286;8
1286-0608;1
12861.001;1
1287;4
1287-0608;1
12873.001;1
1288;7
1288-0608;1
1289;7
1289-0608;1
12891.001;1
12892.001;2
12893.002;1
129;29
1290;9
12901208;1
12904.001;1
1291;8
1291-0609;2
1292;8
1293;6
12936.001;1
1294;5
1294-0608;2
12945.001;1
1295;7
1295-0610;1
12953.001;1
1296;6
12960109;1
1297;6
12972.001;2
12974.001;2
1298;6
1298.001;2
1299;5
1299-0610;1
12990109;1
12994.002;1
12A007;1
12A016-01;1
12A018;1
13;47
13-022-L/A13-059-R;1
13-14;2
130;18
1300;7
13001;1
13003;1
130037;1
13004;1
13007;1
13008;1
13009;1
1301;12
13010;1
13011;1
13011021;1
13011042;1
13011074;2
13011085;2
13012;1
13012.003;1
13012.008;1
13013;1
13013010;1
13013015;2
13014.003;1
13015;1
13015011;1
13015031;1
13015042;2
13015045;2
13015060;1
13015089;1
13015106;1
13017.001;1
13019;1
1302;9
13020;2
13021;1
13021091;1
13021100;1
13021126;2
13021130;1
13021131;1
13021172;1
13021179;2
13021183;1
13022;1
13023;1
13023.001;1
13023079;2
13023092;1
13024;1
13025;1
13025133;1
13025144;1
13025149;2
13025155;1
13027;1
13028;1
1303;8
13030;1
13031;1
13031217;2
13031223;2
13031228;2
13031241;2
13031259;1
13031275;1
13032;1
13033142;2
13035;2
13035243;2
13035250;2
13035266;2
13035268 en 14106189;2
13035271;1
13035273;2
13035279;2
13035293;1
13035300;2
13035307;2
13035334;2
13035365;2
13035366;2
13035378;2
13036;1
13037;1
13038;1
13038286;1
13039.002;1
1304;7
1304-0611;1
13041;1
13041291;2
13041297;1
13041307;1
13041327;2
13041336;1
13041336.2;1
13041356;2
13042;1
13043202;1
13043216;1
13043236;1
13043261;1
13043284;2
13044;1
13045;1
130453/versie 1.1;1
13045384;2
13045408;2
13045411;1
13045416;1
13045490;1
13046;1
13047;1
13047.001;2
13048.002;2
13049;1
1305;8
1305-0611;1
13050;1
130500;1
13051;1
13051377;1
13051379;1
13051407;1
13051410;2
13052;1
130528;1
13053;1
130533;1
13053322;2
13054;1
13055533;2
13055555;1
13055599;2
13055612;2
13055624;2
13055644;2
13057;1
13058;1
13059;11
1306;9
13061435;1
13061437;1
13061444;1
13061454;1
13061470;1
130619;1
13062;1
13062.002;1
13063;1
13063395;1
13064;1
13065;1
13065645;1
13065665;1
13065674;2
13065717;1
13065728;1
13065735;2
13065747;2
13066;1
13066.001;1
13067;1
1307;8
1307-0611;1
13071;1
13071476;1
13071491;1
13071526;1
13071531;1
13071545;1
13071559;1
13073;1
13073.002;1
13073461;2
13074;1
13075766;4
13075808;1
13075817;2
13075830;2
13075836;1
13075837;2
13075852;2
13076.002;1
1308;12
13081;1
13081571;1
13081577;2
13081580;1
13081582;1
13081590;2
13081594;1
13081598;1
13081602;1
13081607;2
13082.002;1
13084;1
13085;1
13085863;1
13085878;1
13085902;2
13085937;2
13085940;1
13085942;1
13085943;2
13087;1
13088;1
13089;1
1309;7
13091;1
13091628;2
13091637;1
13091640;1
13091641;1
13091642;1
13091649;1
13091652;1
13091673;2
13091710;1
13091711;1
13091714;1
13093;1
13093654;1
13095;1
13095948;2
13095956;1
13095973;2
13095980;2
13095987;1
13095989;1
13095994;2
13095996;2
13096005;1
13096013;2
13097;1
13098;1
13099;1
131;43
1310;8
1310-0611;1
13100;1
13101;1
13101783;1
13101836;1
13103679;1
13103710;1
13106;1
13106039;2
13106122;2
13106140;1
13107;1
13107.001;1
13107.002;1
13108;1
1311;8
1311-0612;1
13110;1
13111;1
13111877;1
13111879;1
13111882;1
13111886;1
13111891;1
13111927;1
13111931;1
13111939;1
13112;1
13113;1
13113823;2
13113835;1
13113871;2
13114;1
13116155;1
13116163;1
13116164;2
13116169;1
13116185;1
13116202;2
13116204;2
13116230;2
13116242;1
1312;7
13120109/34102;1
13121967;1
13121982;1
13121992;2
13121995;1
13123956;1
13123993;1
13126269;1
13126270;2
13126283;1
13126320;2
13126325;1
13126327;2
13127.001;1
1313;7
1313-0701;1
13133.001;1
1314;8
1315;7
13156.003;2
13156.005;1
13158.002;1
13159.001;1
1316;6
1316-0701;1
13160109;1
13161.001;1
13165.001;1
1317;6
1317-0701;1
13170.001;1
1318;6
13185.002;1
13185.004;1
1319;7
1319-0701;1
1319.;1
132;30
1320;4
1320-0702;1
13203.004;1
1321;6
1321-0702;1
1322;7
13220109;1
13223;1
1323;7
13230109;1
13232.001;1
1324;6
1324-0702;1
13240109/33338;1
1325;6
1325-0702;1
13253.001;1
1326;6
1326-0702;1
13260109;1
1327;8
1327-0702;1
13270109;1
1328;5
1328-0703;1
13280109;1
1329;6
13294.001;1
13298.004;1
13299;1
133;32
1330;4
1330-0703;1
13300109;1
13304.001;1
13309.002;2
1331;8
1331.002;1
1331.007;1
13311.002;2
13313.001;2
1332;6
1332-0703;1
13322.004;1
13326.001;2
1333;7
1333-0702;1
1334;6
1334-0703;1
13341.002;1
1335;5
13351.001;2
1336;6
13360.006;1
13364.001;2
13368.002;1
13369.002;2
1337;8
1337-0703;1
13374, 13375;2
13375.002;1
133770109;1
13379;1
13379.001;2
13379.003;1
1338;6
13388.001;1
1339;9
13390.001;2
13392.001;2
134;25
1340;5
1340-0703;1
1340.002;2
13404.002;2
13404.008;1
13405.001;1
1341;6
1341-0704;1
1342;7
13420.002;2
13420209/33349;1
13422.00113422.001;1
13425.001;2
13427.001;2
1343;7
13434.002;1
1344;8
13443.002;2
1345;7
1345-0704;1
13451.001;1
13455.001;2
1346;9
13460209;1
13468.001;1
1347;8
13470.001;1
13470.002;1
13471.002;1
1348;7
1348-0704;1
1348/1442;1
134823;1
13488.001;1
1349;9
1349-07-04;1
135;23
1350;8
1351;6
13515.001;1
1352;5
1352-0705;1
1353;8
13537.001;1
1354;8
1355;7
1355-0706;1
13550209;1
13555.001;2
13555.003 C2;1
1356;5
1356-0706;1
1357;6
13576.002;1
1358;8
1358-0706;2
13588.001;1
13588.003;1
13589.003;2
1359;8
1359-0706;1
1359.001;2
13592.001;1
13592.005;1
13594.002;1
13595.002;1
136;39
1360;8
1361;10
13610109/34182;1
13615.001;1
13615.003;1
13616.004;1
1362;7
1362-0706;1
13620209;1
1363;8
13630209/33910;1
1364;6
13644.001;1
1365;6
1366;6
13662.001;1
13664.002;1
13665.001;1
13665.003;1
1367;7
1367-0707;1
13675.001;1
13675.002;1
13676.002;1
1368;8
13689.002;2
1369;10
1369-0707;1
137;27
1370;5
1370-0707;1
13707.001;1
13709.002;1
13709.012 ;1
1371;6
13710.001;2
13715.002;1
1372;7
1372-0708;1
1373;7
1373 / 1588;1
13730209/34128;1
13736.002;2
1374;7
1374-0708;1
13742.001;1
13746.005;1
13747.002;1
13747.009;1
1375;6
13756.001;2
13756.002;1
1376;5
1377;8
13777.004;1
13777.009;1
13779.001;2
1378;7
13781.001_v2_12102020;2
1379;5
1379-0708;1
138;24
1380;4
1380-0708;1
13800209/33905;1
1381;7
13811.001;2
13814.001;1
13814.003;1
13814.004;1
13818.001;1
1382;5
1383;9
13830209/35762;1
1384;6
13842.001;1
13845.001;1
1385;5
13855.002;2
13856.001;1
13859;1
1386;7
13862.001;1
1387;6
1387-0709;1
1388;7
13885;1
13889;1
1389;7
13890.001a;1
13890.001b;1
13890209;1
13891.001;1
13894.002;1
139;36
1390;6
1390-0709;1
13900309;1
13901.001;1
13906.001;1
1391;7
1391-0710;1
13916.003;1
13917.002;1
1392;4
1393;8
1393-0710;1
13930309;1
13935.015;1
13936.003;1
13936.007;1
1394;4
1394-0710;1
13942.002;1
13944.002;2
1395;4
1395-0710;1
13950309;1
1396;5
13962.003;1
13962.011;1
1397;6
13978;1
1398;4
1398-0710;1
1399;5
1399.003;2
13990.001;1
13992.001;2
13A005-01;1
13A016-01;1
13A022-01;1
13A026-01;1
14;45
14-1;1
14-75838;2
140;26
1400;6
14000309;1
14003;1
14004;1
14005;1
14006;1
14007;1
1401;9
14010;1
14011;1
14011002;1
14011004;1
14011012;1
14011017;1
14011022;2
14011048;1
14011064;1
14011072;1
14011073;1
14011085;2
14011086;1
14011093;2
14011097;1
14013018;1
14013069;1
14014;1
14015;1
14015018;1
14015034;2
14015065;1
14015071;2
14015080;1
14015081;2
14015082;2
14016;1
14018;1
1402;9
14020;1
14021;1
14021116;2
14021144;1
14021171;2
14021179;1
14021187;2
14021192 CUY.RBL.APO;1
14021209;1
14021225;1
14021226;1
14021231;1
14022;1
14023099;1
14023191;1
14025;1
14025122;1
14025130;2
14025147;4
14025150;1
14025158;1
14025185;1
14025198;2
14025217;2
14025223;1
14027;1
14027.001;1
14027.003;1
14029;1
1403;8
1403-0710;1
14030;1
14030309/35029;1
14031;1
14031253;1
14031256;1
14031280;2
14031317;1
14032;1
14033217;1
14033255;2
14033259;2
14034;1
14035;1
14035252;2
14035256;2
14035259;1
14035261;2
14035284;2
14035300;1
14035301;1
14035323;1
14035335;2
14035338;1
14036;1
14037;1
14038;1
14039;1
1404;14
14040;1
14040019;1
14041;2
14041336;1
14041363;1
14041400;2
14041402;1
14041410;1
14041411;1
14041422;1
14041424;1
14041431;1
14042;1
14043;1
14043.002;1
14043293;1
14043300;1
14043310;2
14043334;1
14043389;2
14044;1
14045;1
14045381;2
14045421;1
14045426;1
14045432;2
14045438;2
14045450;1
14045456;1
14045463;1
14045471;1
14045480;2
14045481;2
14045499;1
14045519;2
14046;1
14047.001;1
14048;1
14048.001;1
1405;5
14051464;1
14051471;2
14051473;1
14051496;2
14051517;1
14051539;1
14052;1
14053;1
14053445;2
14054;1
14055;1
14055555;2
14055581;2
14055588;1
14055618;2
14056;1
14058;1
14059;1
1406;10
14060;1
14061;1
14061565;1
14061568;1
14061609;2
14061650;3
140625;1
140629;1
14063;1
140647;1
14065632;2
14065639;1
14065640;1
14065671;1
14065690;1
14065705;1
14065723;1
14065727;1
14065758;1
14066;1
14067;1
140675;1
140677;1
14068;1
14069;1
1407;6
1407-0711;1
14070;1
14071;1
14071.003;1
14071716;2
14071719;1
14071732;1
14071746;2
14071750;1
14073;1
14073618;1
14073637;2
14074.002;1
14074.005;1
14075;1
14075776;2
14075778;2
14075780;1
14075785;1
14075803;1
14075821;2
14075848;1
14075865;2
14075881;1
14075884;1
14075902;2
14075912;2
14076;1
14077;1
14078;1
14079;1
1408;9
14080;1
14080309;1
14081;1
14081787;1
14081795;1
14081801;1
14081805;1
14081806;1
14081828;1
14082;1
140826;1
14083;1
140849;1
14085;1
14085954;2
14085974;1
14086.004;1
14086.005;1
14088;1
14088.002;1
1409;8
1409-0711;1
14090;2
14090011;2
14091;1
14091836;1
14091845;1
14091871;1
14091873;1
14091881;1
14091887;2
14091888;1
14091889;2
14091910;1
14091920;1
14091921;1
14093;1
14093720;1
14095;1
14095990;1
14096;1
14096.001;2
14096.006;1
14096000;2
14096005;1
14096035;1
14096090;2
14096099;1
14098;1
14099;1
141;44
1410;6
14100;1
14101;2
14101944b;1
14101950;1
14101963A;1
14101970;1
14101973;1
14102;1
14102002;2
14103870;1
14103923;2
14105;1
14106;1
14106111;2
14106148;1
14106150;1
14106176;1
14106179;2
14106181;2
14106185;2
14106203;1
14106208;1
14106214;1
14106218;1
14107;1
14108;1
14109;1
1411;8
14110;1
14112021;2
14112029;1
14112040;1
14112055;1
14112064;1
14112112;2
14112133;1
14112137;1
14112143;1
14112157;1
14114009;1
14114016;1
14116244;1
14116272;2
14116278;1
14116293;1
14116298;1
14116312;2
14116334;1
1412;6
1412 en 1424;2
1412.003;2
14122;1
14124049;1
14126349;1
14126358;1
14126372;1
14126415;2
14129.001;1
1413;8
14131.001;1
14131.004;1
14132.001;1
1414;7
14144.001;1
1415;5
1416;5
14161.002;1
14161.006;1
1417;7
14170309;1
14179.001;1
1418;6
14180309;1
1419;4
14191.001;1
14191.002;1
14195.001;1
142;24
1420;7
1420-0801;1
14206.002;1
1421;7
14210309;1
1422;7
14221.001;1
14223.002;2
1423;8
14232.001;1
1424;7
1424-0802;1
14248.001;2
1425;7
14250309/34539;1
14253.002;1
14256;1
1426;8
1426-0802;2
1426.001;2
1426.002;1
1427;7
1427-0802;1
14270;1
1428;5
1428-0802;1
14280309;1
14282.001;1
14283;1
1429;6
14293.001;1
14293.002;1
14293.004;1
14294;2
143;27
1430;6
1430-0802;1
14306.002;2
1431;6
1431.002;2
14310.001;1
14314.001;2
14315.002;2
1432;6
1432.001;2
14320309;1
14325.001;1
1433;8
1433-0802;1
1433.001;2
14330309;1
1434;5
1435;7
1435-0802;1
14359.001;1
1436;7
1436.002;1
14360.002;1
14368;1
1437;6
14377.001;1
14377.015;1
14377.017;1
1438;6
14381.004;2
14387.001;1
1439;9
14391.002;2
144;36
144 + 160;2
1440;8
1440-0803;1
14402.002 versie 2 (definitief);1
1441;8
1441-0803;1
14419.001;1
1442;6
14429;1
1443;5
1443.002;1
14430.002;2
14430.007;1
14430409;1
14439.001;1
14439.002;1
1444;5
14440;1
14444-0803;1
1445;6
144567;1
14457.002;1
1446;7
14463.001;1
14464.001;1
1447;5
1447-0803;1
14470.001;1
14471.001;1
14479.001;1
14479.002;1
1448;6
1448-0804;1
14483.002;1
14484.001;1
1449;8
145;25
1450;4
1450-0804;1
14500409;1
14504;1
14505.002;1
14506.001;1
1451;6
1451-0804;1
1452;4
14528.001;1
1453;6
14530;1
14530409;1
1454;10
14545.001;2
1455;5
1456;6
14560409;1
1457;7
1457.001;2
14577.001;1
1458;4
1458-0804;1
14580409;1
14582.001;1
14589.002;1
1459;7
1459-0804;1
14590.001;1
14590409;1
14594.001;1
14594.003;1
146;28
1460;5
1460.002;2
1460.004;1
14605.006;1
1461;4
1461-0804;1
14613.001;1
1462;6
1463;11
1463-0804;2
14631.001;1
1464;5
1464-0805;1
14646.001;1
14646.002;1
1465;10
1465-0805;3
1466;6
1466-0805;1
14662.002;2
14663.001;1
1467;9
1467-0805;1
1468;4
14680409;1
14682.001;1
1469;6
1469-0805;1
14692.002;1
14694.001;1
147;25
1470;6
1470-0805;1
14700409;1
147042;1
14707;1
14709.001;1
1471;4
1471-0805;1
14710409;1
14715.001;1
1472;5
14725.002;2
147256;1
1473;4
1473-0806;1
14730409;1
14737.001;1
14738.001;1
1474;5
1474-0806;1
14740;1
14740409/34795;1
14749.001;2
1475;5
1475-0806;1
14756.001;1
1476;8
14760409;1
1477;7
14770409;1
1478;8
1479;10
1479-0806;1
148;22
1480;6
14808.001;1
14808.003;1
14809.001;1
1481;4
14810409;1
1482;6
1482-0807;1
14827;1
14828.001;1
14829.004;1
1483;5
14830.002;1
14830.005;1
14830409;1
1484;7
14841.001;1
1485;5
1485.002;2
14850409;1
14857.002;1
1486;5
14860409;1
14863;1
14867;1
1487;4
1487-0807;2
148750;1
14876.001;1
1488;3
1488-0807;1
14887.001;1
1489;6
1489-0807;1
14890409;1
149;33
1490;8
1490-0807;3
14903;1
1491;7
1491-0807;1
14915;1
1492;5
1492-0807;1
14924;1
14927.003;1
14928.007;1
1493;7
1493-0807;2
14932.002;1
1494;5
1494-0807;1
14943.001;2
14945.001;2
1495;6
1495-0807;1
14954;1
14954.002;1
1496;10
14966.002;1
1497;10
1497-0807;1
14973.001;1
14977.001;1
14977.002;1
1498;5
1498-0808;1
14982.002;1
14986.008;1
1499;4
1499-0808;1
1499.001;1
14991.002;1
149977;1
14999.002;1
14A006-01;1
14A016-01;1
14A017-01;1
15;50
15-113;1
15-126;1
15-128;1
15-159;1
15-160;1
15-163;1
15-167;1
15-170;1
15-173;1
15-182;1
15-183;1
15-188;1
15-191;1
15-195;1
15-196;1
15-201;1
15-202;1
15-204;1
15-218;1
15-221;1
15-222;1
15-225;1
15-234;2
15-237;1
15-243;1
15-252;1
15-254;1
15-255;1
15-261;1
15-262;1
15-266;1
15-275;1
15-279;1
15-280;1
15-283;1
15-285;1
15-289;1
15.0060;1
150;30
1500;7
1500-0808;1
150008;1
15003;1
15004;1
150045;1
15005;1
15007;1
15007, 15009, 15010;3
150077-b;1
15008;1
15008.001;1
15009;1
1501;7
1501-0808;1
15010;1
15010.001;1
15010.003;1
15010018;1
150101;1
15011;1
15011.001;1
15011035;1
15011038;1
15011057;1
15011063;1
15011079;1
15013;1
15013007;1
15013012;1
15013033;1
15013055;2
15013061;1
15013069;1
15013076;1
15014;1
15015;1
15015003;1
15015011;1
15015023;1
15015036;1
15015044;1
15015058;2
15015062;1
15015085;1
15015093;1
15016;1
15017;1
15018;1
15019;1
1502;4
1502-0808;1
15020;1
15021;1
15021130;2
15021132;1
15021144;1
15021154;1
15021155;1
15021168;1
15021173;1
15021193;2
15022;1
15023;1
15023100;1
15023102;1
15024;3
15024.002;1
15025;1
15025107;1
15025110;2
15025121;1
15025128;1
15025129;1
15025131;1
15025136;1
15025148;2
15025151;1
15025158;1
15025168;1
15025169;1
15025181;1
15025187;1
15025213;1
15026;1
15027;1
15029;1
1503;5
1503-0808;1
15030;1
15030005;1
15030056;1
15030509;1
15031;1
15031224;1
15031238;1
15031250;2
15031251;1
15031263;1
15031282;4
15032;1
15033;1
15033213;1
15033288;1
15034;1
15035;1
15035265;1
15035298;2
15035322;2
15035359;1
15035360;1
15035361;1
15035367;1
15035377;1
15035380;2
15035381;1
15035382;1
15035386;1
15039;1
1504;6
1504-0808;1
15040;1
15040.001;1
15040016;1
15040017;2
15040031;1
15040039;1
15040042;1
15041;1
15041296;1
15041303;1
15041306;2
15041306.002;1
15041306.003;1
15041306.004;1
15041308;1
15041312;2
15041346;1
15041351;1
15041355;4
15041363;1
15041365;2
15042;2
15043;1
15043343;1
15043389;1
15043438;1
15045422;1
15045427;1
15045453;1
15045469;1
15045492;1
15045505;1
15045538;2
15047;1
15047.001;1
15048;1
15049;1
1505;8
15050;1
15051399;1
15051405;2
15051433;1
15051437;2
15051447;2
15051454;2
15053462;2
15053489;2
15053571;2
15054;1
15055;1
15055552;2
15055560;1
15055574;2
15055592;1
15055598;1
15055599;2
15055638 & 15075929;1
15055639;2
15055647;1
15057;1
15058;1
15059;1
1506;10
15060;1
15060020;1
15060029;1
15060041;1
15060051;1
15061;1
15061463;2
15061465;3
15061487;1
15061519;1
15061528;2
15061540;2
15061541;2
15061567;1
15062;2
15063;1
15063604;2
15063613;2
15063621;2
15063632;1
15063638;2
15063646;2
15063668;2
15063697;2
15063713;2
15063723;1
15063726;1
15063729;1
15064;1
15065;1
15065658;1
15065686;2
15065704;2
15065706;1
15065758;1
15065761;2
15065767;3
15065782;1
15065809;1
15065818;1
15065820;1
15066;1
15068;2
15069;1
1507;4
1507-0808;1
15070;1
15070009;1
15070015;1
15070018;1
15070020;1
15070030;1
15070034;1
15070038;1
15070045;1
15071579;1
15071587;2
15071612;1
15071617;2
15071632;2
15071639;1
15071647;1
15071655.002;2
15071672;1
15071702;2
15071705;2
15071707;2
15072;1
15073;1
15073742;2
15073789;2
15073843;2
15073854;2
15073875;1
15073897;2
15073931;1
15075830;2
15075842;2
15075851;1
15075860;1
15075868;2
15075870;2
15075873;2
15075878;1
15075884;1
15075920;2
15075929;1
15075948;2
15076;1
15077;1
15078;1
15079;1
1508;5
1508-0808;1
15080.004;2
15080012;1
15080028;1
15081;1
15081718;1
15081723;2
15081727;1
15081751;1
15081755;1
15081772;1
15081773.003;2
15082;1
15083;1
15083.002;1
15083967.002;1
15085974;2
15085993;1
15086007;1
15086013;2
15086018;1
15086032;1
15086038;5
15086041;1
15086046;1
15086054;2
15086063;2
150863;1
15087;1
15088;1
150884;1
15089;1
1509;9
1509-0808;2
1509.002;2
15090;1
15090003;1
15090044;1
15090057;1
15091;1
150910;4
1509130;1
15091787;2
15091788;6
15091794;1
15091795;1
15091802;2
15091843;1
15092;1
15093;1
15094042;2
15094053;2
15094082;1
15094124;2
15094128;2
15094135;1
15096;1
15096075;1
15096084;2
15096087;2
15096100;2
15096113;1
15096116;1
15096121;2
15096131;1
15096167;2
15097.001;2
15098;1
151;28
1510;3
15100;1
15100046;1
15101;1
15101889;2
15101898;2
15101907;1
15101925;2
15101931;2
15101938;1
15101948;1
15101953;1
15101961;2
15101980;1
15102;1
151026;1
15103;1
15104;1
15104191;1
15104201;2
15104219;2
15104223;2
15104262;2
15106;1
15106247;2
15106250;1
15106259;1
15106277;2
15106295;1
15106307;1
15106309;2
15106311;2
15107;1
151089;1
1511;6
1511-0808;1
15110;1
15111;1
15111990;2
15111996;2
15112;1
15112018;1
15112025;2
15112029;10
15112035;2
15112069;1
15113;1
15114;1
15114.001;1
15114317;2
15114334;1
15114351;2
15115;1
15116;1
15116331;2
15116360;2
15116371;2
15116373;2
15116407;1
15116427;1
15116444;1
15116445;1
15116450;1
15117;1
15117.001;2
151195;1
1512;7
15121;1
15122113;1
15122131;2
15122138;2
15122148;1
15124426;2
15124449;2
15124477;2
15126453;1
15126470;1
15126493;1
15126502;1
15126504;1
15126532;2
1513;8
15130509;1
15137.001;1
1514;3
15142.002;1
151443;1
15148.002;1
1515;6
1515-0808;1
1516;9
1516-0809;1
1516.001;1
15165.001;2
15165.003;1
1517;6
15175;1
15175.002;1
15175.006;1
15177.001;1
15177.004;1
1518;8
1518-0809;1
15180.002;2
15187.001;1
1519;4
1519-0809;1
15190509;1
15199.001;1
152;21
152, 153, 154;1
152/154;1
1520;7
1520-0809;1
15200509;1
152014;1
152053;1
1521;3
1521-0809;1
152100-152449;1
152100-152459;1
152101;1
15214;1
15217.001;1
1522;9
1522-0809;1
15226.001;1
15227.001;1
1523;6
1523-0809;1
15232.002;1
15232.006;1
1524;8
15246.001;1
1525;7
1525.006;1
1525.014;1
15254.001;1
15256.003;1
15258.002;1
1526;5
1526-0809;1
1527;7
15278.002;1
1528;7
1528-0809;1
15281;1
1529;7
1529-0809;1
15290509;1
153;28
1530;6
1530-0809;1
1530.001;2
15307.001;2
1531;7
1531-0809;1
15310509;1
1532;9
1532-0809;1
15325.003;1
1533;5
1533-0809;1
1534;4
1534-0810;1
15340.001;2
15344.002;1
15345.001;1
15348.002;2
1535;8
1535-0810;1
15354.001;3
15354.004;1
15356.001;1
1536;8
1536-0810;1
15361.001;1
15369.003;1
1537;5
15370.004;2
1538;7
15382.002;1
15387.001;2
1539;5
15390609;1
154;23
154 / C03091.000352;2
1540;6
1540-0809;1
15406.002;2
15407.002;2
15408.001;1
15409.002;2
1541;6
1541-0810;1
15419.002;2
1542;5
1542-0810;1
15425.003;2
15425.006;1
1543;6
1543-0810;1
15435.002;1
1544;5
1544-0810;1
15446.001;1
1545;4
1545-0810;1
15452.001;1
15452.002;1
15452.004;1
15457.002;1
15457.004;1
1546;5
1546-0810;1
1547;4
1547-0810;1
15471.004;1
15471.007;1
1548;5
1548-0810;1
15483.002;1
15483A.002;2
15483B.002;2
15483C.002;2
15483D.002;1
15483E.002;2
15487.001;1
15488.001;1
1549;5
1549-0811;1
15491.001;1
15491.002;1
155;37
155 / C03091.000312;1
1550;6
155021;1
15503.001;1
155058;1
1551;4
15517.002;1
15519.002;1
1552;5
15520609;1
15521.002;1
15525.002;1
15527.002;1
15528.004;1
1553;7
15530609;2
15534.001;2
15535.002;2
15536.001;1
15537.002;1
155376;1
155397;1
1554;7
1554-0811;1
1554.003;1
15548.002;1
1555;5
1555-0811;1
15551.001;2
15553.001;1
15554.001;1
1556;5
1556-0811;1
15561.009;1
15563.001;1
15564.002;1
15565.002;1
15565.005;1
15568.001;1
1557;5
1557-0811;1
1557.002;4
15572.002;1
1558;4
1558-0811;1
1558.002;2
15580.001;1
15580609;1
15584.001;1
1559;5
1559.002;4
15591.001;1
156;34
1560;6
1561;8
1561-0812;1
15615.002;1
15617.002;1
1562;8
1562-0812;1
15626.001;1
15626.007;1
1563;6
1563-0812;1
1563.001;1
1564;6
15640.002;1
15640609;1
1565;6
1565.002;2
15653.001;1
15653.002;1
1566;13
15666.007;1
15669.001;1
1567;8
1567-0812;1
15679.006;1
1568;5
1568.001;4
15680.002;1
15683;1
1569;7
1569-0812;1
157;28
1570;4
1570-0812;1
15705;1
1571;7
1571-0812;1
1572;5
1572.002;1
15722.001;1
1573;4
1573-0812/1645-0908;2
15730609;1
15739.002;1
1574;5
1575;5
1575.001;1
157552;1
1576;5
1577;4
157737;1
15775.001;1
1578;5
1578.0901;1
15780.002;1
15780609;1
15788.001;1
1579;5
1579-0901;1
158;28
1580;3
15807;1
1581;4
15815.001;1
15818.002;2
15818.013;2
15819.002;1
1582;7
15820.001;1
1583;6
1583-0901;1
15833.001;1
15835.001;1
1584;8
1584-0902;1
1585;5
1585-0902;1
1586;4
1586-0902;1
1587;7
1587-0902;1
15874.002;2
15879.001;2
1588;2
1588-0902;1
15886.001;1
15887.005;1
1589;7
15895;1
158998;1
159;24
1590;5
1590-0902;1
15902-136500;1
15907.003;1
15908.001;1
1591;5
1591-0903;2
15913.001;1
15916;1
1592;10
1592-0903;1
15921.001;1
159259;1
15927;1
15928.002;1
15929.004;2
15929.008;2
1593;3
1593-0903;1
15935.001;1
159355;1
1594;4
15948;1
1595;4
15954.001;1
15954.002;1
15954.004;1
159587;1
1596;4
1596-0903;1
159608;1
15961.001;1
15969;1
1597;4
15974;1
159758;1
15978.002;1
15978.008;1
1598;6
1598-0903;1
15984.006;1
1599;5
1599-0903;1
15A004-02;1
15A004-03;1
15A009-01;1
15A012-02;1
15A012-03;1
15A013-02;2
15A019-01;1
15A022-01;1
15A022-02;1
15A023-01;1
15A024-01;1
15A028-01;2
15A030;1
15A033-01;1
15A035-01;2
15A035-01a;1
15A036-01;1
15A037-01;1
15A038;1
16;48
16 West-Friese Archeologische Rapporten;1
16-02;1
16-046;1
16-07;1
16-08;1
16-09;1
16-1;1
16-100;1
16-101;1
16-102;1
16-104;1
16-106;1
16-12;1
16-121;1
16-125;1
16-126;1
16-128;1
16-13;1
16-130;1
16-133;1
16-137;1
16-138;1
16-139;1
16-14;1
16-140;1
16-143;1
16-145;1
16-152;1
16-155;1
16-16;1
16-162;1
16-165;1
16-167;1
16-168;1
16-174;1
16-175;1
16-180;1
16-181;1
16-184;1
16-187;1
16-204;1
16-210;1
16-211;1
16-23;1
16-24;1
16-31;1
16-35;1
16-36;1
16-37;1
16-38;1
16-40;1
16-41;1
16-42;1
16-44;1
16-51;1
16-60;1
16-61;1
16-62;1
16-65;1
16-66;1
16-69;1
16-70;1
16-77;1
16-79;1
16-80;1
16-83;1
16-84;1
16-85;1
16-86;1
16-87;1
16-88;1
16-89;1
16-92;1
16-93;1
16-98;1
16.0073;1
16.102;1
16.103;1
16.104;1
16.105;1
160;24
1600;8
1600-0904;1
16001;1
16002;1
160029;16
16004;1
16006;1
16007;1
160076;1
16008;1
16009;1
1601;7
1601-0904;1
16010;1
16010709;1
16011;1
16011014;1
16011015;1
16011020;1
16011027;1
16011029;1
16011033;2
16011034;1
16011035;1
16012;1
16013;1
16013007;2
16013024;1
16014;1
16015;1
16015030;2
16015054;2
16015057;1
16015072;1
16015089;1
16015104;1
16015121;1
16016;1
16017.001;1
16017.004;1
16018;1
1602;7
1602-0904;3
16021;2
16021081;2
16021086;1
16021096;1
16023;1
16023089;2
16023128;2
16025137;1
16025140;1
16026;1
16027;1
16028;1
1603;5
1603-0904;1
16031113;2
16031114;2
16031140;1
16031142;2
16031168;2
16031174;1
16031179;1
16031183;1
16031184;1
16032;2
16033;1
16033, 16031, 16040;3
16033189;1
16035;1
16035170;2
16035183;1
16035198;2
16035209;2
16035218;2
16035219;1
16037;1
16038;1
16039;1
1604;5
1604-0904;6
16040;1
16041;1
16042.003;1
16043;2
16044;1
16045;1
16047;1
16048;1
16049;1
1605;7
16050;1
16050032;1
16050054;1
16050709;1
16051;2
16052;1
16053;1
16055;1
16056;1
16058;1
1606;8
16060017;1
16060709/36207;1
16061;1
16062;1
16063;1
16065;2
16067;1
16068;1
160682;1
16069;1
1607;4
16070;1
16070709;1
16071;1
16072;1
16073;1
16075;1
16076;1
16077;1
16078;1
16079;1
1608;5
1608-0905;1
16080;1
16082;2
16084;1
16084.001;1
16086;1
16086.001;2
16087.001;1
16088;2
1609;5
1609-0905;5
16090;1
16092;1
16094;1
16095;1
16096;1
16097;1
16098;3
16099;2
161;30
1610;6
16100054;1
16103;1
16108;1
16109;1
1611;6
1611-0905;1
16110;1
16111;2
16113;1
16114;1
16115;1
161164;2
161176;1
16119, 16120, 16121, 16122, 16123, 16128;6
1612;5
1612-0905;1
1612.001;1
16122.001;1
16124.002;1
16124.004;1
161269;4
161272;3
161282;2
16129;1
1613;6
16130709;1
161308;1
161311;2
161316;2
161321;2
161326;5
161327;2
161328;2
161331;4
161337;2
161344;2
161353;1
161356;2
16136.001;1
161367;2
161368;5
161369;2
161371;1
1614;6
1614-0905;1
161403;2
161421;2
161424;3
161432 en 182003;2
161444;2
161458;1
161467;2
161468;2
16149;1
1615;7
1615-0906;1
16159.001;1
1616;4
16160.002;1
16160.007;1
16163.001;1
1617;7
1617-0906;1
16170709;1
1618;6
16183.001;1
1619;5
1619-0906;1
16199.001;1
162;28
1620;5
1620-0906;1
16202.001;1
1621;7
1621-0906;1
16210709;1
16212;1
16213.001;1
16214;1
1622;6
1622-0906;1
16224.001;1
16225.001;1
16226.001;1
1623;5
1623-0906;1
16238.001;1
1624;5
16240709;1
1625;4
1625-0906;1
16252.002;2
1626;3
1626 & 1652;1
1626-0906;1
1627;6
1627-0906;1
1628;6
16281.002;1
1629;3
1629-0906;1
1629-1003;1
16296;1
16296.001;1
16298.002;1
163;34
1630;4
1630-0906;2
1631;4
1631-0906;1
16315.002;1
1632;3
1632-0907;1
1633;3
1634;4
1635;3
1635-0907;1
1636;4
1636-0907;1
16360.002;1
1637;3
1638;3
1638-0907;1
16380709;2
16384.002;1
16386;1
16386.002;1
1639;3
1639-0907;3
1639-0907/ 1852-1103;3
16399.001;1
164;24
1640;3
1640-0907;1
16400709;1
16401.001;1
16401.009;3
1641;12
1641-0907;1
1642;2
1642-0908;1
16424.002;1
16425;1
16425.002;1
1643;3
1643-0908;1
16430.001;1
1644;3
1644-0908;1
16440709;1
16441.001;1
16443.001;1
164485.001;1
1645;3
1646;5
1646-0908;1
1647;4
1647-0908;1
16475.001;1
1648;4
1648-0908;3
16483.001;1
16487;1
16487.002;1
1649;4
1649-0908;2
16495.002;1
16495.007;1
16495.008;1
16496.002;1
16496.011;1
16498.005;1
16498.006;1
165;22
1650;6
1650-0908;1
16500.011;1
16508;1
1651;2
1651-0909;1
16510.001 versie C2;1
16511.001;1
16512.001;1
16516.001;1
16516.003;1
1652;2
1652-0909;1
16521.002;1
16524.001;1
1653;5
1653-0909;1
1654;3
16541;1
16546-152244;1
1655;3
16551.001;2
1656;6
1656-0909;1
16561.001;1
16564.002;1
1657;4
1657-0909;1
16570709/36584;1
16572.001;2
1658;3
1658-0909;1
1659;3
1659-0909;1
16594.002;1
16598.001;1
166;27
1660;3
1660-0909;1
16605.002;1
16608.002;1
1661;5
1661-0909;1
16612.002;1
16612.004;1
16619.003;2
1662;3
1662-0910;1
16620.002;2
16620.004;1
16624.001;2
1663;3
1663-0910;2
16637.003;2
16638.001;1
1664;4
1664-0910;1
16640709;1
1665;3
1665-0910;1
16655.001;1
1666;2
1666-0910;1
16664.002;2
1667;5
1667-0910;1
16677;1
1668;3
1668-0910;1
16682.003;1
16687.001;1
1669;3
1669-0910;1
16690.001;1
16696.001;1
167;20
1670;4
1670-0910;1
16709;1
1671;3
1671-0910;1
1672;3
1672-0910;1
16727.002;1
1673;4
1673-0910;1
1673.001;2
16736;1
16738.002;1
16738.003;1
16738.005;1
1674;3
1674-0910;1
16743.001;1
16745.001;1
1675;4
1675-0910;1
16750809;1
16756.003;2
1676;3
1676-0911;1
16765.001;2
1677;5
1677-0911;1
16774.001;2
16774.003;1
1678;2
1678-0911;1
1679;2
1679-0911;1
1679.002;1
16790;1
168;27
1680;3
1680-0911;1
16803.002;1
168072;1
1681;4
1681.003;2
16812.001;1
1682;5
1682-0911;1
16829.002;2
1683;4
1683-0911;1
16832.001;1
1684;3
1684-0912;2
16849.002;1
1685;3
1685-0912;2
16850.002;1
16854.001;1
1686;3
1686-0912;1
1687;4
1687-0912;5
16873;1
1688;3
1688-0912;1
1688.001;1
1689;2
16890.002;1
16898.001;1
169;25
1690;2
1690-0912;1
1691;4
1691-0912;1
16918.002;1
1692;3
1692-0912;1
1692.003;1
16921.002;1
16927.001;1
16928.002;2
1693;3
1693-0912;1
16939.002;1
1694;3
1694-0912;1
1695;4
1695-0912;2
1696;4
1696-0912;1
16962.001;2
16963.002;1
16963.010;1
1697;5
1697-1001;1
1697.002;1
1698;2
1698-1001;1
1699;2
1699-1001;1
16995.003;1
16A001-02;1
16A002-01;1
16A006-01;1
16A008-01;1
16A009-01;1
16A010-01;1
16A011-02;1
16A014-01;1
16A015;2
16A015-01;1
16A015-02;1
16A017-01;1
16A019-01;1
16A022;1
16A023-01;4
16A025-01;1
16A025-02;1
16A028-01;1
16A033-01;1
16A036-01;1
17;42
17,128;1
17-003;1
17-03;1
17-07;1
17-09;1
17-15;1
17-167;1
17-17;1
17-22;1
17-23;1
17-26;1
17-27;1
17-29;1
17-31;1
17-32;1
17-34;1
17-48;1
17-50;2
17-51;1
17-53;1
17-55;1
17-61;1
17-63;1
17-64;1
17-68;1
17-71;1
17-74;1
17-75;1
17-77;1
17-80;1
17-81;1
17-82;1
17-84;2
17-86;1
17-89;1
17-91;1
17-92;1
17-93;1
17-99;1
17.0251;1
17.106;1
17.107;1
17.108;1
17.110;1
17.111;1
17.112;1
17.113;1
17.114;1
17.115;1
17.116;1
17.117;1
17.118;1
17.120;1
17.121;1
17.122;1
17.123;1
17.124;1
17.125;1
17.127;1
17.128;1
17.130;1
17.132;1
17.133;2
17.134;1
17.135;1
17.136;2
17.138;1
17.141;1
17.142;3
17.143;1
17.81105;1
17.81108;1
17.81113;1
17.81114;1
17.81116;1
17.81119;1
17.81120;1
17.81123;1
17.81125;1
17.81126;1
17.81131;1
17.81132;1
17.81133;1
17.81134;1
17.81135;1
17.81139;1
17.81145;1
17.81146;1
17.8115;1
17.81150;1
17.81152;1
17.81159;1
17.81161;1
17.81172;1
17.81173;1
17.81177;1
17.81181;1
17.81182;1
17.81183;1
17.81184;1
17.81186;1
17.81187;1
17.81188;1
17.81189;1
17.81191;1
17.81193;1
17.81194;1
17.81201;1
17.81202;1
17.81204;1
17.81205;1
17.81207;1
17.81208;1
17.81209;1
17.81211;1
17.81218;1
17.81219;1
170;26
1700;5
1700-0912;1
17001;1
17002;2
17004;1
17005;1
17006;1
17007;2
17008;2
17009;2
170098;1
1701;5
1701-1001;1
17010;2
17011;1
17012;1
17013;1
17016;1
17016.002;1
17016.006;1
17017;2
17018;1
17019;2
1702;6
17020;1
17020036;1
17021;3
17022;1
17024;1
17025;1
17026;2
17026.001;1
17027;1
17027.001;2
17028;1
17029;1
1703;5
17030;1
17031;1
17032;2
17033;1
17036;2
17037;2
17037.002;1
17038;1
17039;2
1704;11
1704-1001;1
17041;1
17042;1
17043;1
17044;1
17047;1
17048;2
1705;5
1705-1001;1
17050;1
17051;1
17052;1
17053;1
17054;1
17056;1
17057;2
17058;1
17059;1
1706;4
1706-1001;1
17063;1
17064;2
17065;3
17066;2
17067;2
17069;2
1707;3
1707-1001;1
17070;1
17071;1
170713;1
17072;1
17073;1
17074;1
17074.001;1
17075;1
17076;1
17077;2
17078;2
17079;1
1708;6
1708-1001;1
17080;1
17080017;1
17082;2
17082.002;1
17083;2
17084;1
17085;1
17086;2
17087;2
17088;1
17089;2
1709;5
1709-1001;1
17090;1
17091;1
17092;2
17094;2
17095;2
17095.001;1
17096;2
17097.001;1
17098;2
17099.001;1
171;28
1710;6
1710-1001;1
17101;2
17102;2
17103;2
17105;3
17106;2
17106.003;1
17106.004;1
17107.003a;1
17107.003b;1
17107.003c;1
1711;4
1711-1001;1
17110;1
17110.004;1
17111;1
17112;1
17113;1
17115.002;1
17115.003;1
17118;1
1712;5
17120;1
17123;1
17124;1
17124.003;2
17126;1
1713;6
1713-1001;1
17133;1
17135;1
17136.001;1
1714;5
1714-1002;1
17140;1
17141;1
17141.001;1
17141.003;1
17143;1
17144;1
17146;1
171465;2
17148;1
171482;2
171485;1
171495;2
171498;2
171499;2
1715;5
1715-1002;1
171503;2
171506;2
17151;1
17152;1
171520;1
171525;1
171526;2
17155;1
171551;1
171553;2
171558;2
17156.001;1
171560;3
171565;2
171566;1
171567;3
171568;2
171572;1
171576;3
171577;2
171581;3
171596;1
1716;4
1716-1002;1
1716.001;1
1716.003;1
171604;5
171612;1
171617;2
17162;1
171624;2
171625;2
171629;2
17163;1
171631;2
171635;1
171640;2
171642;2
17165;1
171652;2
171655;4
171662;2
171664;2
171667;1
171668;2
17167;1
17167.001;1
1717;5
1717-1002;1
17170;1
171705;1
171707;2
17171;1
171718;2
171732;2
171742;2
171746;2
171748;1
171759;2
17176;1
171760;2
17177;2
17178;1
1718;5
17180;1
17181;1
17183;1
17184;1
17188;1
1719;6
1719-1002;1
17190;1
17191;1
17192;1
17196;2
17198;1
17199;2
172;20
1720;4
1720-1002;1
17200;1
172008;1
172064;1
172076;1
1721;3
1721-1002;1
17218.002;1
1722;5
17222.001;1
1723;5
1723-1002;1
17231.001;1
17233;1
17234.001;1
17234.002;1
1724;4
1724-1003;1
17242.002;1
1725;4
1725-1003;1
1726;5
1726-1003;1
1726.002;1
1726.003;1
17268.001;2
1727;5
1727-1003;1
1728;6
1728-1002;1
17285.001;1
1729;4
17290.001;1
17292.002;1
17295.001;1
17299.001;1
17299.003;1
173;21
1730;4
173013;1
173015;1
17302.001;1
173033;1
17304.002;1
173067;1
17307.001;1
173088;1
17309.002;2
173092;1
173098;1
1731;5
173101;1
173104;1
173107;1
173108;1
173109;1
173112;1
173124;1
173125;1
173132;1
173136;1
173145;1
173152;1
173153;1
1732;6
1732-1003;1
17321.001;1
17322.002;1
17323.006;1
1733;3
1733-1003;1
1734;4
1734-1003;1
17348.001;1
17348.002;1
1735;4
1735-1003;2
17354.002;1
17354.003;1
1736;5
1736-1003;1
1736.001;1
17360.001;2
1737;4
1737-1003;1
1738;4
17383.001;1
17389.001;1
1739;5
17395.002;1
17398.002;1
174;22
1740;5
174017;1
174018;1
174030;1
174034/175057;2
174045;1
174057;1
174072;1
174076;2
174077;1
174082;1
174084;1
174085;1
174086;1
174093;1
174096;1
1741;4
17410.002;2
174102;1
174113;1
174120;1
174137;2
17414,004;1
17414.004;1
17414.006;1
174149;1
174159;1
174170;1
174176;1
174178;1
174179;1
174182;1
174183;1
174184;1
174185;1
1742;3
1742-1004;1
17424.002;1
17424.008;1
1743;4
1743-1004;1
1743.004;1
17432.001;1
1744;3
1744-1004;1
1744.002;2
17442.001;3
1745;4
1745-1004;1
17455.002;1
1746;1
1746-1004;1
17460.001;1
1747;5
1747-1004;1
1748;4
1748-1004;1
1749;3
1749-1004;2
17498.002;1
17499.002;1
175;24
1750;5
1750-1005;2
175001;1
175023;1
175025;1
175026;1
175029;1
175030;1
175031;1
175035;1
175036;1
175038;2
175040;1
175041;1
175045;1
175046;1
175049;1
175050;1
175053;1
175055.1;1
175055.2;1
175056;1
175059;1
175060;1
175061;1
175062;1
175064;1
175065;1
175071;1
175073;1
175074;1
175075;1
175077;4
175079;1
175082;1
175086;1
175087;1
175088;1
175090;1
175091;1
175092;1
175094;1
175095;1
175096;1
175097;1
1751;4
1751-1005;1
175100;1
175101;1
175102;1
175103;1
175104;1
175105;1
175106;1
175107;1
175108;1
175109;1
175117;1
175118;1
175119;1
175121;1
175123;1
175124;1
175126;1
175129;1
175130;1
175132;1
175133;2
175134;1
175136;1
175137;1
175139;1
175141;1
175142;1
175143;2
175144;1
175146;1
175147;1
175148;1
175149;1
175150;1
175151;1
175152;3
175153;1
175155;1
175156;1
175157;1
175159;1
17516.001;1
175160;1
175161;1
175163;1
175166;1
175169;1
175170;1
175173;1
175175;1
175177;1
175178;1
175179;1
17518;1
175180;1
175181;1
175182;1
175183;1
175184;1
175185;1
175186;1
175187;1
175188;1
175190;1
175191;1
175192;1
175193;1
175194;1
175196;1
175199;1
1752;2
175200;2
175203;1
175204;1
175205;1
175206;1
175207;1
175208;1
175209;1
175210;1
175211;1
175213;1
175214;1
175219;1
175220;1
175221;2
175222;1
175225;1
175228;1
175230;1
175231;1
175232;1
175233;1
175234;1
175235;1
175237;1
175238;1
175239;1
175240;1
175243;1
175244;1
175246;1
175247;1
175248;1
175250;1
175251;1
175252;1
175253;1
175255;1
175256;1
175258;1
175259;1
175260;1
175261;1
175262;1
175263;1
175264;1
175265;1
175266;1
175267;2
175268;1
175269;1
17527.002;1
175270;1
175273;1
175274;1
175275;1
175276;2
175277 en 176038;1
175278;1
175279;1
17528.002;5
175280;1
175282;1
175283;1
175284;1
175285;1
175286;1
175287;1
1753;4
17539.001;1
1754;4
1754-1005;1
17546.002;1
17547.002;1
1755;4
1755-1005;1
1756;2
1756-1005;1
1756.003;1
17567.004;1
17567.005;1
1757;5
1757-1005;1
1758;3
1758-1005;1
1759;3
1759-1005;1
1759.002;1
17590.001;2
176;27
1760;2
1760-1006;1
176002;1
176005;1
176007;1
176008;1
176010;1
176011;1
176012;1
176014;1
176015;1
176017;1
176019;2
176020;1
176022;1
176024;1
176025;1
176026;1
176027;1
176029;1
176030;1
176031;1
176033;1
176034;1
176035;1
176036;2
176037;1
176039;1
17604.001;1
176040;1
176042;1
176043;1
176047;1
176050;1
176052;1
176057;1
176058;1
176060;1
176061;1
176062;1
176063;1
176065;1
176066;1
176070;1
176071;1
176072;1
176074;1
176075;1
176077;2
176080;4
176081;1
176082;1
176083;1
176084;1
176085;1
176086;2
176087;1
176088;1
176092;1
176093;1
176094;1
1761;7
1761-1006;1
176100;1
176104;1
176105;1
176107;1
176108;1
176110;1
176111;1
176113;1
176119;1
17612.001;1
176120;2
176122;2
176123;1
176124;1
176125;1
176127;1
176132;1
176134;1
176135;1
176136;1
176138;1
176139;1
176140;1
176144;1
176145;1
176146;1
176147;1
176149;1
176151;2
176152;1
176154;1
176155;1
176157;1
176158;1
176159;1
176160;1
176162;1
176164;1
176165;1
176167;1
176169;1
176170;1
176171;1
176172;1
176173;1
176174;1
176175;1
176176;1
176177;1
176178;1
176179;1
176180;1
176182;1
176183;1
176184;1
176186;1
176187;1
176188;1
176190;1
176193;1
176194;1
176195;1
176198;1
176199;1
1762;3
176201;1
176203;1
176204;1
176206;1
176207;1
176208;1
176212;1
176213;1
176214;1
176215;1
176217;1
176219;1
176220;1
176222;1
176223;1
176226;1
176227;1
176228;1
176231;1
176233;1
176234;1
176235;1
176236;1
176240;1
176242;1
176243;1
176247;1
1763;5
176320;1
1764;2
1764-1006;1
17640.001;2
17648;1
1765;3
1765-1006;2
17650;1
1766;3
1766-1006;1
17660.008;2
1767;6
1767-1007;1
17679, 17680;2
1768;3
1768-1006;1
1768.001;1
17684.002;1
1769;3
1769.001;1
1769053;1
17699.001;1
177;22
1770;3
1770-1006;1
17701.002;1
17707.001;1
1771;3
17713.001;2
17713.003;1
1772;3
1772-1007;1
1773;3
1773-1007;1
17730;1
17730.002;2
1774;4
1774-1007;1
17743.002;2
17744.001;1
1775;6
1775-1007;1
17754.001;1
17758.002;1
17758.007;1
1776;3
1776.002;2
1776.007;1
17764.001;1
17765;1
17765.004;1
17766.001;1
1777;5
1777-1007;1
17774;1
17777.001;1
1778;3
1778-1007;2
1779;3
1779-1007;1
178;27
1780;5
1780-1007;1
17800.002;1
17802.002;1
1781;3
1781-1007;1
17812.001;1
17814;1
1782;4
1782-1007;1
1783;4
1783-1008;1
17833.002;1
1784;4
1784-1008;1
17846.002 versie 2 definitief;1
1785;3
1785-1008;1
1786;5
1786-1008;1
17864;1
17866.001;1
17866.003;1
1787;3
1787-1008;1
17877.001;1
1788;4
1788-1008;1
17881.001;2
17884.002;1
17887.002;1
17889.002;1
17889.011;1
1789;3
1789-1008;1
179;23
1790;4
1790-1009;2
17908.001;2
17908.002;1
1791;3
1791-1009;1
1792;5
17929.002;1
1793;2
1793-1009;1
1794;3
1794-1009;1
17942.001;1
17947.002;1
17947.007;1
1795;8
17955.002;1
1796;3
17961.002;1
17961.005;1
17967-151400;1
1797;3
1797-1009;1
17972.001;1
17977.001;1
1798;3
17985.002;1
1799;4
1799-1009;1
1799.002;1
17995.001;1
17998.002;1
17A003-02;1
17A004-01;1
17A004-02;1
17A004-04;1
17A005-02;1
17A005-04;1
17A005-05;1
17A007-01;1
17A007-02;1
17A008-01;2
17A010-01;1
17A011-01;1
17A014-01;1
17A014-02;1
17A016-02;1
17A017-01;1
17A019-05;1
17A020-01;1
17A022-01;1
17A023-03;1
17A023-04;1
17A023-05;1
17A024-01;6
17A025-02;1
17A025-03;1
17A026-02;1
17A027-01;1
17A028-01;1
17A032-01;1
17A035-01;1
17A035-02;1
18;43
18-034;1
18-3;1
18.145;2
18.150;1
18.156;1
18.175;1
18.81002;1
18.81003;1
18.81006;1
18.81008;1
18.81010;1
18.81017;1
18.81019;1
18.81020;1
18.81022;1
18.81026;1
18.81028;1
18.81029;1
18.81031;1
18.81032;1
18.81034;2
18.81038;1
18.81039;1
18.81047;1
18.81052;1
18.81055;1
18.81057;1
18.81062;1
18.81067;1
18.81072;1
18.81075;1
18.81076;1
18.81077;1
18.81078;1
18.81087;1
18.81089;1
18.81090;1
18.81092;1
18.81095;1
18.81101;1
18.81106;1
18.81113;1
18.81115;1
18.81120;1
18.81127;1
18.81131;1
18.81139;1
18.81140;1
18.81147;1
18.81154;1
18.81163;1
18.81171;1
18.81172;1
18.81174;1
18.81175;1
18.81176;1
18.81181;1
18.81184;1
18.81189;1
18.81191;1
18.81193;1
180;25
1800;3
18001;1
18003;1
18004;1
180042;1
18005;2
180052;1
18006;1
18007;1
18008;1
1801;8
1801-1009;1
18010;1
18012;1
18013;1
18014;1
18015;1
18017;1
18018;1
18018.003;1
1802;8
1802-1009;1
18020;1
18021;1
18022;1
18023;1
18024;1
18025;1
18028;1
18029;1
18029.001;1
18029.002;1
1803;5
1803-1009;1
18030;1
18031;1
18033;1
18034;1
18036;1
18037;1
18038;1
18039.001;1
1804;14
18040;1
18041;1
18042;1
18043;1
18044;1
18045;1
18045.002;1
18046;1
18047;1
18048;1
18049;2
1805;7
1805-1009;1
18050;1
18052;1
18053;1
18055;1
18056;1
18057;1
18058;1
18059;1
1806;6
1806-1009;2
18060;1
18062;1
18063;2
18064;1
18066;1
18067;1
18068;1
18069;1
1807;5
1807-1010;1
18070;1
18071;1
18072.004;2
18073;1
18074;1
18075;1
18077;1
18078;1
18078.001;2
18079;1
1808;5
1808-1010;1
18080;1
18081;1
18082;1
18083;1
18085;1
18086;1
18087;2
18089;1
1809;6
1809-1010;1
18090;2
18091;1
18093;1
18095;1
18098;1
18099;1
181;24
1810;5
1810-1010;1
18100;1
18101;1
18102;1
18102.002;1
18103;1
18104;1
18105;1
18105.003;1
18106;1
18106.002;1
18108;1
18109;1
1811;3
1811-1010;1
18116;1
18116.001;2
1812;9
1812-1010;1
18120;1
18121;2
18122;1
18124;1
18124.002;2
18125;1
18127;1
18127.001;1
1813;5
1813-1010;1
18130;1
18132;1
18134.001;1
18135;1
18136;1
18137;1
18138;1
18138.001;3
18139;1
1814;6
1814-1011;1
1814.002;2
18140;1
18141;1
18145;1
18146;1
18146.002;1
18147;1
18148.001;1
1815;6
18150;1
18151;1
18152;1
18153;1
18154;1
18155;1
18159;1
1816;5
1816-1011;1
18160;1
18161;1
18162;1
18165;2
18166;1
18167;1
1817;4
1817-1011;1
181776;2
181798;2
1818;5
1818-1011;1
181807;3
181812;1
181819;2
181826;2
181827;2
181828;4
181829;2
18183.001;1
181850;2
181853;4
18187;1
181873;2
181874;4
18189.001;1
181892;4
1819;2
1819-1011;1
181902;1
181903;2
18192.002;1
18192.008;1
181931;2
181933;2
181946;4
181947;1
181955;2
181961;2
181967;2
18197.002;1
181970;2
181987;2
181988;2
182;27
1820;4
1820-1011;2
18200.002;1
18201;1
18202;1
182022;1
18203;1
182033;2
182035;8
182042;2
182050;1
182051;3
182054;1
182056;2
182059;1
182061;2
182068;1
182070;2
18208;1
182084;2
182089;2
182094;2
1821;3
1821-1011;2
18210;1
182102;2
182105;2
182106;2
18211;1
182114;2
18212;1
182125;2
182127;2
18213;1
182132;2
182137;3
182150;2
18216;1
1822;6
1822-1011;1
18220;1
18223;1
18226;1
1823;4
1823-1012;1
18230;1
18231;1
18235.002;1
18237;1
18238-13;1
18238-14;1
18238-17;1
18238-20;1
18238-21;1
18238-4;1
18238-5;2
18238-6;1
18239;1
1824;4
18241.002;2
18245;1
18246;1
1825;4
1825.001;2
1825.003;1
18250.001;2
18251;1
18254;1
18254.001;1
18257;1
18259;1
1826;5
18260;1
18262;1
18263;2
18264;1
18265;1
18268.002;1
18269;1
1827;6
1827-1012;1
18270;1
18271;1
18272;1
18278;1
18279;1
1828;5
1828-1012;1
18280;1
18283;1
18285;1
18286;1
18287;1
18288;1
18289;1
18289.001;1
1829;5
1829-1012;1
18292.001;1
18294.003;1
18296;1
18297;1
183;22
1830;3
18301.001;1
18303;1
18303.001;1
18304.001;1
18305;1
18307;1
1831;6
1831-1101;1
18311;1
18313;1
18314;1
18315;1
18316;5
18317;1
1832;7
1832-1101;1
18322;1
18322.002;2
18326;1
18328.002;1
1833;7
18331.001;2
183316;1
18332.002;1
18333;1
18334;1
18336;2
18338;1
18338.001;1
18338.005;1
1834;5
18340;1
18341;1
18342;2
18343;1
18345;1
18349;1
1835;5
1835-1101;2
18350;1
18351;1
18352;1
18354;1
18356;1
18358;2
18359;1
1836;8
18360;1
18365;1
18367;1
1837;33
1837.002;2
18371;1
18372;1
18373;1
18374;1
18375;1
1838;3
1838-1101;1
18382;1
18383;1
18388;1
1839;6
1839-1101;1
18390;1
18391.003;1
18391.005;1
18393;1
18395;1
18396;1
18396.002;2
18398;1
184;27
184 - E07061.002131;1
1840;4
1840-1101;1
18400;1
18403;1
18404.003;1
18405;1
18406;1
18406.003;1
1841;4
1841-1102;1
18410.002;1
18417.001;1
1842;4
1842-1102;3
18420.001;1
18423;1
18423.001;1
1843;5
1843-1102;1
18436.003;2
18438.001;1
1844;5
1844-1102;1
18441.001;1
18441.008;1
1845;5
1845-1103;1
18452.001;1
18452.002;1
18459.001;2
1846;4
1846-1103;1
18464.001;1
1847;6
1847-1103;1
18472.001;1
1848;4
1848-1103;1
18480.002;2
18487.001;1
1849;4
1849-1103;1
1849.002;1
1849.008;1
185;23
1850;4
1850.001;1
18506.001;2
1851;4
1851-1103;1
18515.002;2
18517.001;1
18517.002;1
1852;7
18524.002;1
1853;7
1853-1104;1
1854;5
1854-1104;1
18546.001;1
18549.001;2
1855;4
1855-1104;1
18556;1
18556.001;1
1856;5
1856-1104;1
18561.002;2
1857;4
1858;3
1858 (herziene eindversie);1
1858-1104;1
1859;8
1859-1104;1
18590.004;1
186;23
1860;6
1860-1104;1
1860.001;2
18606.002;2
18609.001;2
1861;5
1861-1104;1
1861.037.002;1
18614;1
1862;5
1862-1104;1
1863;6
1863-1104;1
18633.002;1
18635.001;2
18637.001;1
18639.001;2
18639.003;1
1864;5
1864-1105;1
1864.001;1
18643.001;1
1865;5
1865-1105;1
18658.001;2
1866;5
1866-1105;1
1866.001;1
1867;7
1868;4
1868-1105;1
1869;4
18696.001;1
187;21
1870;4
1870-1105;1
18708.002;1
1871;4
1871-1105;1
1871.001;1
18716.001;1
18719.001;1
18719.004;1
1872;2
1872-1105;1
1873;3
1873-1105;1
1873-9350;113
18738.001;1
1874;4
1874-1106;1
18743.001;1
1875;3
1875-1106;1
1876;5
1876-1106;1
18764.001;2
1877;5
1877-1106;1
18772.002;1
18779;1
18779.001;1
1878;5
1878-1106;1
187887;2
1879;3
1879-1106;1
1879-3711;1
18797.002;1
188;24
1880;4
18803.002;1
1881;2
1881-1106;1
18811;1
1882;5
1882-1106;1
18820.002;1
1883;4
1883-1106;2
1884;10
1884-1106;1
18843.001;1
18843.008;1
1885;4
1885-1106;1
1885.002;2
1885.003;1
18852;1
18854;1
18855;1
18856;1
1886;5
1886-1106;1
1886.005;2
18869.001;2
1887;6
18870.001;1
18871.001;1
18871.002;1
18872.001;1
18878.002;2
18878.004;1
1888;6
1888-1107;2
18884.001;1
18884.002;1
18888.002;1
1889;5
1889-1107;1
189;26
1890;4
1890-1107;1
1891;5
1891-1107;1
18917.002;1
18917.003;1
1892;4
1892-1107;1
189238;1
18926.002;1
1893;3
1893-1107;1
18930.002;1
18937.001;1
1894;4
1894-1107;1
18943002;1
1895;5
1895-1107;1
1896;5
1897;3
1897-1108;1
18974.001;1
1898;3
18981.001;1
1899;3
18992.001;1
18A001-01;1
18A002-01;2
18A003-02;1
18A003-05;1
18A004-01;1
18A005-02;1
18A005-03;1
18A007-01;1
18A007-02;2
18A008-01;1
18A010-01;1
18A012-01;1
18A012-02;1
18A015-01;1
18A016-01;1
18A021-01;1
18A021-02;1
18A021-03;1
18A027-014;1
18A028-01;1
18A030-02;1
18A030-03;1
18A030-04;1
18A030-05;1
18A030-06;1
18A030-07;1
18A030-08;1
18A031-01;1
18A031-02;2
18A034-01;1
18A034-02;1
18A034-03;1
18A035-01;1
18A035-02;1
18A036-01;1
18A039-01;1
18A039-02;1
18A039-03;1
19;55
19-071;1
19-081;1
19-104;1
19-190;1
19.81002;1
19.81004;1
19.81008;1
19.81009;1
19.81012;1
19.81014;1
19.81018;1
19.81020;1
19.81027;1
19.81029;1
19.81030;1
19.81031;1
19.81032;1
19.81041;1
19.81045;1
19.81052;1
19.81059;1
19.81060;1
19.81061;1
19.81066;1
19.81072;1
19.81075;1
19.81079;1
19.81083;1
19.81087;1
19.81095;1
19.81101;1
19.81118;1
19.81122;1
190;27
1900;7
19000.002;1
19000.004;1
19001;1
19002;1
19003.001;1
19004;1
19005;1
19008;1
19009;1
1901;6
1901-1108;1
19010;1
19011;1
19012.002;1
19012.003;1
19013;1
19013.002;1
19014;1
19014.001;1
19015.002;1
19016;1
19017;2
19018;1
19019;1
1902;5
1902-1108;2
19020;1
19021;1
19022;1
19022.003;1
19023;1
19024;1
19025;1
19028;1
19029;1
1903;5
1903-1108;1
19030;1
19031;1
19031.001;1
19032;1
19033;1
19038;1
1904;5
1904-1109;2
19040;1
19041;1
19042;1
19043;1
19044;1
19045;2
19046.001;1
19048;1
19049;1
1905;7
1905-1109;1
19050;1
19051;1
19052;1
19053;1
19053.002;2
19055;1
19056;1
19057;1
19058;1
19059;1
1906;8
1906-1109;1
19060;1
19061;1
19063;1
19064;1
19064.001;1
19064.004;1
19065;1
19066;1
19068;1
19069;1
19069.003;1
1907;5
1907-1109;1
1907-155066;1
1907-156107;1
19070;1
19070.001;2
19070.006;1
19072;1
19073;1
19074;1
19075;1
19076;1
19077;1
19078;1
19079;1
1908;4
1908-1109;1
19080;1
19081;1
19082;1
19083;2
19085;1
19086;1
19087;1
19089;1
1909;5
1909-1109;1
19092;2
19093;1
19094;1
19095;1
19096;2
19097;1
19097.002;2
19098;1
19099;1
191;19
1910;7
1910-1109;1
19100;1
19101;1
19102;1
19102.001;1
19103;1
19105;1
19106;1
19107;1
19108;2
19109;1
1911;7
1911-1109;1
19110;1
19111;1
19112;1
19112.001;2
19113;1
19114;1
19115;2
19116;1
19118;1
19118.001;1
19119;1
1912;9
1912-1110;1
1912.001;1
1912.002;1
1912.005;1
1912.007;1
19120;1
19121;1
19122;1
19123;1
19124;1
19125;1
19126;1
19128;1
1913;8
1913-1110;1
19131;1
19131.002;1
19132;1
19133;1
19134;1
19134.001;1
19135;1
19136;1
19138;1
19139;1
1914;6
1914-1110;1
19142.001;1
19144.002;2
1915;5
1915-1110;2
19156.001;1
1916;5
1916-1110;1
1917;4
1917-1110;1
1918;5
1918-1110;2
19183.002;1
19184.001;2
1919;6
1919-1111;1
192;24
1920;7
1920-1111;1
19207.002;2
19208;1
1921;5
1921-1111;2
19210.003;1
19212.002;1
19213.003;1
192171;2
192172;1
192182;2
192183;2
192184;2
192198;1
192199;1
1922;6
1922-1111;1
192205;2
192216;2
192218;2
192224;2
192233;2
192235;2
192241;1
192242;1
19225.002;1
192260;1
192266;1
192282;1
192295;1
1923;3
1923-1111;1
19230.001;2
192327;1
192340;1
192357;1
192364;2
19237;1
192376;1
192377;1
192397;1
1924;4
1924-1111;1
192410;1
192411;1
192412;1
192413;1
192414;1
192415;1
192416;1
192417;1
192418;1
192419;1
192422;1
192423;1
192425;1
192426;1
192427;1
192429;1
192462;2
192493;1
192496;1
1925;5
1925-1111;1
192525;1
19254-159446;1
19255.002;1
19255.007;1
19256.002;1
19256.007;1
1926;5
1926-1112;1
1926-1972;21
1927;3
19272.001;2
19272.002;1
1928;5
1928-1112;1
1929;5
1929-1972;1
19292.001;1
19296.001;1
193;24
1930;5
1930-1112;1
19304.001;1
1931;5
1931-1201;1
19312.001;1
1932;5
1932-1201;1
19328.001;2
1933;4
1933-1201;1
1934;5
1934-1201;1
1935;4
1935-1112;1
1936;4
1936-1201;1
19367.001;1
1937;5
1937-1202;1
19370.001;2
19370.005;1
19376.001;2
19377.001;1
19378.001;1
1938;2
19381.001;2
19389.001;1
1939;3
194;39
1940;4
1940-1202;2
1941;4
1941-1202;1
19410;1
19411;1
19412;1
19413;2
19414;1
19415;1
19416;1
1942;6
1942-1202;1
19421;1
19424;1
19425;1
19426;1
19429.001;1
1943;2
1943-1202;1
19430.001;1
19430.004;1
19432;1
19433;1
19438;1
19439.001;1
1944;6
1944-1202;1
19440;1
19444;1
19445;1
19446.001;1
19448.001;2
19448.004;1
1945;5
1945-1202;1
19450;1
19450.001;1
19451.001;1
19452;1
19453;1
19456.001;1
19457;1
1946;5
1946-1202;1
19460;1
19464;1
19465;1
19468;1
1947;4
1947-1202;1
19470;1
19471;1
19475;1
19477;1
19477.002;1
19479;1
1948;5
1948-1203;1
19485;1
19486;1
19487;1
19488;1
19489;1
1949;3
1949 - 1203;1
1949-1203;2
19490;1
19493;1
19497;1
19498.001;1
19498.002;1
195;26
1950;6
1950-1203;1
19500;1
19509;1
1951;2
19511;1
19512;1
19518.003;1
19519;2
1952;5
19521.001;1
19523;1
19524;1
19529;1
1953;4
1953 - 1203;1
19532;1
19533.001;1
19534.002;1
19534.003;1
19534.005;1
19535.002;1
19537.001;1
19538;1
19539;1
1954;4
1954-1204;1
19540;1
19541;1
19543;3
19544;1
19545;1
19546;1
19548;1
1955;7
1955-1204;1
19550;1
19551;1
19552;1
19559.002;1
1956;5
1956-1204;2
19560-151912;2
19561;1
19562;1
19564;1
19566;1
19568;1
1957;7
1957-1204;2
19571;1
19572;1
19573;1
19578;1
19579;1
1958;5
1958-1204;1
19581;1
19585;1
19586;1
1959;4
1959-1204;1
19590;1
19593;1
19595;1
19598.001;1
196;41
196 en 197;2
1960;5
1960.002;2
19600;1
19601;1
19609;1
1961;5
1961-1204;1
19611;1
19615;1
19618;1
1962;5
1962-1204;1
19620.001;1
19621;1
19622.001;1
19625;1
19626;1
19626.001;1
19627;1
1963;6
19630;1
19631.002;1
19632;1
19632-2;6
19633;1
19635.001;3
1964;10
1964-1204;1
19640.001;2
19640.004;1
19641;1
19644;1
19645;1
19646;1
19647;1
1965;6
1965-1204;1
1965.002;1
1966;3
1966-1205;1
1967;16
1967-1205;6
19677-150989;1
19677-151605;1
1968;5
1968-1205;1
19685.001;1
1969;5
1969-1205;1
19690.002;1
19692.001;1
19695.003;1
19697.002;1
197;17
1970;4
1970-1205;3
1971;4
1971-1205;2
19717.002;1
1972;5
1972-1205;1
1972-1973;12
1973;5
19730.005;2
1974;1
1974-1975;22
1975;3
1975.001;2
1975.002;1
19751.001;2
19753.002;1
19757.001;1
1976;4
1976-1205;1
1976-1977;16
19766.002;1
1977;3
1977-1205;1
19778.008;1
1978;6
1978-1205;1
1978-1979-1980;2
1978-1980;22
1979;5
1979-1206;1
19796.002;1
19797.001;1
19797.002;1
198;19
198 + 199;1
1980;3
1980-1206;1
1980-1984;1
1981;10
1981-1206;1
198123;1
1982;20
1982-1206;1
1983;17
1983-1206;1
19834.002;1
19838.001;1
1984;19
1984-1206;1
19842.002;1
1985;15
1985-1;1
1985-3;1
19855.002;1
1986;11
1986 - 1207;1
1986-1;1
19861.001;2
1987;8
1987-1207;1
1988;17
1988-1989;1
19884.003;1
19889.001;1
1989;6
1989-1207;1
1989-2;1
19892.001;2
199;20
199 - C05056.000059;1
1990;8
1990-1207;1
1990-1991;5
1991;4
1991-1207;1
1991-1992;6
19917.001;1
19918.001;1
19919.001;1
1992;4
1992-1207;1
1992-1993;4
1992.001;1
19923.001;1
1993;5
1993-1207;2
19930.002;1
19930.009;1
1994;4
1994-1208;1
1994-1995;13
1995;3
1995-1208;1
19956.001;1
1996;4
1996-1997;10
19962.003;1
1997;4
1997-1208;1
1998;6
1998-060/MI;1
1998-1011/MW;4
1998-1208;1
1998-1643/MW;1
1998-1644/MW;1
1998-1899/MW;1
1998-1999;12
1998-2524/MW;1
1998-296/MI;1
1998.002;2
1999;4
1999-1105/MW;1
1999-1170/MW;1
1999-1208;4
1999-1500/MW;1
1999-1724/MW;1
1999-1853/MW;1
1999-1854/MW;1
1999-2090/mW;1
1999-2142/MW;1
1999-215/MW;1
1999-223/MW;1
1999-331/MW;1
1999-672/MW;1
1999-775/MW;1
1999-887/MW;1
1999-900;1
1999-901/MW;1
19994.001;1
19995.001;2
19997.001;1
19A002-02;1
19A002-03;1
19A004-01;1
19A004-02;1
19A004-03;1
19A004-05;1
19A005-02;1
19A005-06;1
19A005-08;1
19A007-01;1
19A008-01;1
19A008-02;1
19A009-01;1
19A010-01;1
19A010-02;1
19A013-01;1
19A013-02;1
19A015-01;1
19A020-01;1
19A021-02;1
19A022-01;1
19A024-01;2
19A026-01;1
19A026-02;1
19A026-03;1
19A026-04;1
19A026-05;1
19A026-06;1
19A026-07;1
19A026-08;1
19A026-09;1
19A026-10;1
19A026-11;1
19A026-12;1
19A026-13;1
19A026-14;1
19A028-01;1
2;60
2, 2006;1
2-3;1
20;39
20-07-2012;1
20-2;1
20.81001;1
20.81004;1
20.81008;5
20.81015;1
20.81016;1
20.81021;1
20.81022;1
20.81027;1
20.81043;1
20.81051;1
20.81069;1
20.81075;1
20.81082;1
20.81088;1
20.81089;1
20.81092;1
20.81098;1
20.81100;1
200;22
200-2001;1
200-746/MW;1
200-97;1
2000;3
2000-011;1
2000-02/1;1
2000-04/1;1
2000-08/1;1
2000-10/1;1
2000-10/2;1
2000-10/3;1
2000-1093/MW;1
2000-1095/MW;1
2000-11/2;1
2000-12/2;1
2000-1208;2
2000-1208-A;1
2000-1322/MW;1
2000-1334/MW;1
2000-1397/MW;1
2000-1534/MW;1
2000-1577/MW;1
2000-1815/MW;1
2000-2001;14
2000-2021/MW;1
2000-2023/MW;1
2000-2145/MW;1
2000-2213/MW;1
2000-339/MW;1
2000-431/MW;1
2000-560/MW;1
2000-577/MW;1
2000-623/MW;1
2000-685/MW;1
2000-895;1
2000-909/MW;1
2000/01;1
20001;1
20002;1
20003;1
20004;1
200042;1
20005;1
20006;1
20007;1
20008.001;1
20009;1
2001;117
2001-0185/AA;1
2001-03/1;1
2001-0310/MM;1
2001-05/1;1
2001-05/3;1
2001-0778/AA;1
2001-0857/AA;2
2001-09/2;1
2001-0937/;1
2001-1/1;1
2001-1/2;3
2001-1040/AA;1
2001-11/1;2
2001-12;1
2001-1208;1
2001-1345;1
2001-1381/AA;1
2001-1741/RT;1
2001-1830/RT;1
2001-1831/RT;1
2001-1909/RT;1
2001-2/1;1
2001-2/2;1
2001-2/3;1
2001-2002;1
2001-2022/RT;2
2001-2077/RT(Herziene eindversie);1
2001-2108/RT;2
2001-2121;1
2001-2139;1
2001-2141;1
2001-2208/MR;1
2001-2405/RT;1
2001-2710/RT;1
2001-2762/RT;1
2001-2823/RT;2
2001-2879/RT;1
2001-2966/RT;1
2001-2979/RT;1
2001-3/2;1
2001-3045/RT;1
2001-3117/RT;2
2001-3118/RT;1
2001-3269;1
2001-3395/RT;1
2001-3655/RT;1
2001-5/2;1
2001-6;3
2001-7/1;1
2001-7/2;1
2001-8/1;1
2001-8/2;1
2001-9/1;3
2001.002;2
2001/01;1
2001/B1381;1
20010;1
20011;1
20014;1
20015;1
20016;1
20017;1
20018;1
20019;1
2002;5
2002-01/1;1
2002-02/2;1
2002-02/3;1
2002-02/4;1
2002-02/5;1
2002-02/6;1
2002-03/03;1
2002-04/1;1
2002-04/2;1
2002-04/3;1
2002-04/5;1
2002-05/1;6
2002-05/2;1
2002-05/3;1
2002-07/03;4
2002-07/2;1
2002-10/1;1
2002-10/3;1
2002-10/7;2
2002-11/5;2
2002-11/6;1
2002-1208;1
2002-130;1
2002-19/RT;1
2002-2003;8
2002-210/RT;1
2002-212/RT;1
2002-43/RT;1
2002-446/RT;1
2002-456/RT;1
2002-548/RT;1
2002-573/RT;1
2002-580/RT;1
2002-6;1
2002-602/RT;1
2002-7/2;1
2002-786/RT;1
2002-8/4;1
2002-8/5;1
2002-8/7;1
2002-957/RT;1
2002/01;1
2002/02;1
2002/04;1
2002/05;1
2002/07;1
2002/12;1
2002/21;1
2002/3;1
2002/5;1
20020;1
20020.001;1
20021;1
20023;1
20024;1
20024.002;1
20026;1
20028;1
20029;1
2003;6
2003-1/2;1
2003-1/4;1
2003-1/9;1
2003-10/6;1
2003-1208;1
2003-3;1
2003/02;1
2003/03;1
2003/04;1
2003/05;1
2003/06;1
2003/07;2
2003/08;1
2003/09;1
2003/10;1
2003/11;1
2003/12;1
2003/14;1
2003/15;1
2003/16;1
2003/17;1
2003/18;1
2003/19;1
2003/21;1
2003/22;1
2003/23;2
2003/24;1
2003/38;1
2003/39;1
20030;1
20031;1
20032;1
20033;1
20034;1
20035;1
20036;1
20038;1
20039;1
2004;7
2004-01 -KS;1
2004-04/01;1
2004-04/21;1
2004-10/09;1
2004-11/6;1
2004-1208;1
2004-2005;5
2004-25;1
2004-3;1
2004-41;1
2004-51;1
2004-52;1
2004/01;1
2004/02;1
2004/11;1
2004/14;1
2004/15;1
2004/16;1
2004/17;2
2004/18;1
2004/21;1
2004/22;1
2004/24;1
2004/25;1
2004/27;1
2004/28;1
2004/29;1
2004/3;1
2004/30;1
2004/31;1
2004/32;2
2004/33;3
2004/34;1
2004/35;1
2004/36;1
2004/37;1
2004/38;1
2004/39;1
2004/40;1
2004/41;1
2004/42;2
2004/43;1
2004/44;1
2004/45;1
2004/48;1
2004/49;1
2004/52;1
2004/55;1
2004/56;1
2004/6;1
2004/66;1
2004/68;1
2004/69;1
2004/7;1
2004/70;1
2004/73;1
2004/74;1
2004/76;1
2004/77;1
2004/8;1
2004/80;1
2004/82;1
2004/83;1
2004/84;1
2004/85;1
2004/87;2
2004/88;1
2004/89;1
2004/90;1
2004/91;1
2004/93;1
2004/95;1
20041;1
20042;1
20043;1
20043.001;2
20044;1
20045;1
20046;1
20048;1
20048.002;2
20049;1
2005;6
2005 03-21;1
2005-01;1
2005-01/22;1
2005-04/12;1
2005-049;1
2005-06/13;1
2005-07/01;1
2005-07/09;1
2005-07/12;1
2005-09/02;1
2005-09/12 B;1
2005-09/12b;1
2005-09/16;1
2005-09/18;1
2005-1/1;1
2005-10/02;1
2005-10/18;1
2005-10/20;1
2005-10/23;1
2005-10/24;1
2005-10/29;3
2005-10/30;1
2005-109;1
2005-11/03;1
2005-11/04;1
2005-11/05;1
2005-11/06;1
2005-11/07;1
2005-11/08;1
2005-11/09;1
2005-11/10;1
2005-11/11;1
2005-11/15;1
2005-11/16;1
2005-11/17;1
2005-11/18;1
2005-111;1
2005-112;1
2005-113;1
2005-115;1
2005-116;1
2005-117;1
2005-119;1
2005-12;1
2005-12/01;1
2005-12/02;1
2005-12/03;1
2005-12/04;1
2005-12/05;1
2005-12/06;1
2005-12/07;1
2005-12/08;1
2005-12/09;1
2005-12/11;1
2005-120;2
2005-1208;1
2005-121;1
2005-122;1
2005-123;1
2005-125;1
2005-126;2
2005-127;1
2005-129;2
2005-13;1
2005-14;1
2005-15;2
2005-17;1
2005-19;1
2005-21;1
2005-25;3
2005-26;1
2005-27;1
2005-33;1
2005-45;1
2005-46;1
2005-47;1
2005-51;1
2005-56;1
2005-61;1
2005-64;1
2005-67;1
2005-82;1
2005-83;1
2005-84;1
2005-87;1
2005-9/12;1
2005-91;1
2005-97;1
2005/10;2
2005/100;1
2005/101;2
2005/102;1
2005/103;2
2005/104;1
2005/105;1
2005/107;2
2005/108;1
2005/109;3
2005/11;1
2005/110;1
2005/111;1
2005/112;1
2005/113;1
2005/114;1
2005/115;1
2005/116;1
2005/117;1
2005/118;1
2005/12;1
2005/120;1
2005/122;1
2005/123;1
2005/124;1
2005/125;1
2005/126;1
2005/127;1
2005/128;1
2005/129;1
2005/13;1
2005/130;1
2005/132;1
2005/133;1
2005/134;1
2005/135;1
2005/136;1
2005/137;1
2005/14;2
2005/140;1
2005/141;1
2005/15;1
2005/18;1
2005/19;1
2005/2;2
2005/20;1
2005/21;1
2005/22;1
2005/23;1
2005/24;2
2005/25;2
2005/26;1
2005/27;1
2005/28;1
2005/3;1
2005/30;2
2005/31;2
2005/33;1
2005/34;1
2005/35;2
2005/37;2
2005/38;2
2005/39;2
2005/4;1
2005/40;1
2005/41;2
2005/42;2
2005/43;1
2005/44;2
2005/45;1
2005/47;2
2005/50;1
2005/51;2
2005/52;2
2005/56;1
2005/58;2
2005/59;1
2005/61;1
2005/63;1
2005/66;2
2005/68;1
2005/69;1
2005/7;1
2005/72;3
2005/73;3
2005/74;2
2005/75;1
2005/77;2
2005/78;1
2005/79;1
2005/8;1
2005/80;1
2005/81;1
2005/82;1
2005/83;1
2005/84;1
2005/85;1
2005/86;2
2005/88;1
2005/89;2
2005/90;1
2005/91;1
2005/93;1
2005/94;3
2005/95;3
2005/96;1
2005/98;4
2005/99;2
20050;1
20051;1
20052;1
20054;1
20055;1
20056;1
20057;1
20058;1
20058.001;1
20059;1
2006;7
2006-004;1
2006-01;1
2006-01/01;1
2006-01/02;1
2006-01/04;1
2006-01/05;1
2006-01/06;1
2006-01/07;1
2006-01/08;1
2006-01/11;1
2006-01/13;1
2006-01/15;1
2006-01/16;1
2006-01/18;1
2006-01/19;1
2006-02/01;1
2006-02/02;1
2006-02/03;1
2006-02/04;1
2006-02/05;1
2006-02/06;1
2006-02/07;1
2006-02/08;1
2006-02/09;1
2006-02/10;4
2006-02/11;1
2006-02/12;1
2006-02/13;1
2006-02/14;1
2006-02/15;1
2006-02/19;1
2006-02/21;1
2006-021;2
2006-03/01 A;1
2006-03/02;1
2006-03/03;1
2006-03/04;1
2006-03/05;1
2006-03/06;1
2006-03/07;1
2006-03/08;1
2006-03/09;1
2006-03/10;1
2006-03/11;1
2006-03/12;1
2006-03/13;1
2006-03/14;1
2006-03/15;1
2006-03/16;1
2006-03/18;1
2006-03/19;1
2006-03/22;1
2006-03/24;1
2006-03/25;1
2006-03/26;1
2006-04/01;1
2006-04/02;1
2006-04/03;1
2006-04/04;1
2006-04/05;1
2006-04/06;1
2006-04/08;1
2006-04/09;1
2006-04/10;1
2006-04/11;1
2006-04/12;1
2006-04/13;1
2006-04/14;5
2006-04/15;1
2006-04/16;1
2006-04/17;1
2006-04/18;1
2006-05/01;1
2006-05/02;1
2006-05/03;1
2006-05/04;1
2006-05/05;1
2006-05/06;1
2006-05/07;1
2006-05/08;1
2006-05/10;1
2006-05/11;1
2006-05/12;1
2006-05/13;1
2006-05/14;1
2006-05/15;1
2006-05/16;1
2006-05/17;1
2006-06/01;1
2006-06/02;1
2006-06/03;1
2006-06/04;1
2006-06/05;1
2006-06/06;1
2006-06/07;1
2006-06/08;1
2006-06/09 B;2
2006-06/10;1
2006-06/11;1
2006-06/12;1
2006-06/14;1
2006-06/15;1
2006-06/16;1
2006-07/01;1
2006-07/02;1
2006-07/03;1
2006-07/05;1
2006-07/06;1
2006-07/07;1
2006-07/08;1
2006-07/10;1
2006-07/11;1
2006-07/12;1
2006-07/13;1
2006-07/14;1
2006-07/15;1
2006-07/16;1
2006-07/18;1
2006-07/19;1
2006-07/20;1
2006-07/21;1
2006-07/22;1
2006-07/23;1
2006-07/24;1
2006-07/25;1
2006-07/26;2
2006-08/02;1
2006-08/03;1
2006-08/04;1
2006-08/05;2
2006-08/06;1
2006-08/07;1
2006-08/08;1
2006-08/09;2
2006-08/11;1
2006-08/12;1
2006-08/13;1
2006-08/14;1
2006-08/15;1
2006-08/16;4
2006-08/17;1
2006-08/18;1
2006-08/20;1
2006-09/01;1
2006-09/02;1
2006-09/03;1
2006-09/04;1
2006-09/06;1
2006-09/07;1
2006-09/08;1
2006-09/09;1
2006-09/10;1
2006-09/12;1
2006-09/13;1
2006-09/14;1
2006-09/15;1
2006-10;2
2006-10/01 A;1
2006-10/01 B;1
2006-10/02;1
2006-10/04;1
2006-10/05;1
2006-10/06;1
2006-10/07;1
2006-10/08;1
2006-10/09;1
2006-10/11;1
2006-10/12;1
2006-10/13;1
2006-10/14;1
2006-11/02;1
2006-11/04;1
2006-11/05;1
2006-11/07;1
2006-11/09;1
2006-11/12;1
2006-12;2
2006-12/07;1
2006-12/12;1
2006-12/13;1
2006-1209;1
2006-13;2
2006-14;1
2006-15;2
2006-16;1
2006-17;2
2006-18;2
2006-18/19;1
2006-19;2
2006-2;2
2006-20;2
2006-22;2
2006-23;1
2006-24;4
2006-25;1
2006-26;2
2006-27;1
2006-28;2
2006-29;1
2006-3;2
2006-30;2
2006-31;2
2006-32;2
2006-34;2
2006-35;1
2006-36;2
2006-39;2
2006-40;1
2006-41;1
2006-42;1
2006-43;1
2006-44;1
2006-45;1
2006-46;2
2006-47;2
2006-48;2
2006-50;2
2006-52;2
2006-54;4
2006-55;1
2006-56;1
2006-57;1
2006-58;1
2006-59;2
2006-6;1
2006-61;2
2006-62;2
2006-63;1
2006-65;1
2006-66;1
2006-68;2
2006-69;2
2006-71;2
2006-72;1
2006-73;1
2006-74;1
2006-75;1
2006-76;2
2006-77;1
2006-78;1
2006-79;1
2006-81;1
2006-83;2
2006-85;1
2006-9;1
2006-90;1
2006-99;1
2006.MAAT.B;1
2006/02;1
2006/03;1
2006/05;1
2006/08;1
2006/1;1
2006/10;1
2006/100;2
2006/101;2
2006/102;1
2006/103;12
2006/104;1
2006/105;2
2006/106;1
2006/107;1
2006/108;2
2006/109;2
2006/11;2
2006/110;1
2006/111;1
2006/113;2
2006/114;1
2006/115;1
2006/116;1
2006/117;1
2006/118;1
2006/12;1
2006/123;1
2006/124;1
2006/126;1
2006/13;3
2006/131;1
2006/132;1
2006/136;1
2006/137;1
2006/138;1
2006/14 en 2006/66;1
2006/140;1
2006/142;1
2006/143;1
2006/145;1
2006/147;1
2006/148;1
2006/149;1
2006/15;2
2006/151;1
2006/152;1
2006/153;1
2006/154;1
2006/155;1
2006/157;1
2006/159;1
2006/16;2
2006/161;1
2006/168;1
2006/169;1
2006/17;2
2006/171;1
2006/173;1
2006/174;1
2006/176;1
2006/178;1
2006/18;2
2006/181;1
2006/182;1
2006/2;2
2006/20;2
2006/21;2
2006/22;1
2006/23;1
2006/24;3
2006/25;2
2006/26;2
2006/27;2
2006/28;1
2006/29;2
2006/3;1
2006/30;1
2006/31;1
2006/32;1
2006/33;2
2006/34;3
2006/35;1
2006/36;2
2006/37;2
2006/38;1
2006/39;2
2006/4;2
2006/40;2
2006/41;1
2006/42;2
2006/44;2
2006/45;1
2006/46;1
2006/47;1
2006/48;2
2006/49;2
2006/5;1
2006/50;1
2006/51;2
2006/52;3
2006/53;3
2006/54;7
2006/55;2
2006/56;3
2006/57;1
2006/58;2
2006/59;1
2006/60;1
2006/61;4
2006/62A;1
2006/62B;1
2006/63;3
2006/64;2
2006/65;1
2006/66;1
2006/67;1
2006/68;2
2006/69;2
2006/7;1
2006/70;1
2006/71;1
2006/72;2
2006/73;2
2006/74;1
2006/76;3
2006/77;2
2006/78;1
2006/79;2
2006/80;1
2006/81;1
2006/82;2
2006/83;1
2006/84;1
2006/85;1
2006/86;2
2006/87;2
2006/88;2
2006/89;1
2006/90;3
2006/92;1
2006/93;2
2006/94;1
2006/95;1
2006/96;1
2006/97;2
2006/98;2
2006/99;1
20060;1
20062;1
20063;1
20064;1
20065;1
20066;1
20067;1
20068A.003;2
20068B.003;2
20068C.003;2
20069;1
2007;6
2007 / 84;1
2007-01/01;1
2007-01/02;1
2007-01/04;1
2007-01/10;1
2007-01/11 A;1
2007-01/11 B;1
2007-01/13;1
2007-01/14;1
2007-01/15;1
2007-01/16;1
2007-01/17;1
2007-02;2
2007-02-04;1
2007-02/01;1
2007-02/02;4
2007-02/03;1
2007-02/06;1
2007-02/07;1
2007-02/08;3
2007-02/09;1
2007-02/10;1
2007-02/11;1
2007-02/12;1
2007-02/13;1
2007-02/14;2
2007-02/15;3
2007-02/16;1
2007-02/18;1
2007-02/19;1
2007-02/20;1
2007-02/21;1
2007-02/22;1
2007-03/01;1
2007-03/02;1
2007-03/03;1
2007-03/04;1
2007-03/05;1
2007-03/07;1
2007-03/09;1
2007-03/10;1
2007-03/11;1
2007-03/12;1
2007-03/13;1
2007-03/14;1
2007-03/15;1
2007-03/16;1
2007-03/17;1
2007-03/18;1
2007-04/01;1
2007-04/02;1
2007-04/03;1
2007-04/04;1
2007-04/05;1
2007-04/07;1
2007-04/08 A;1
2007-04/08 B;1
2007-04/09;2
2007-04/10;1
2007-04/11;1
2007-04/13;1
2007-04/14;1
2007-04/15;1
2007-04/16;1
2007-04/17;1
2007-04/18;1
2007-04/20;1
2007-04/21;1
2007-05/01;1
2007-05/02;1
2007-05/04;1
2007-05/05;1
2007-05/06;2
2007-05/07;1
2007-05/08;2
2007-05/09;1
2007-05/10;1
2007-05/11;1
2007-05/12;1
2007-05/13;1
2007-05/14;1
2007-05/15;1
2007-05/16;1
2007-05/17;1
2007-06/01;1
2007-06/03;1
2007-06/04;1
2007-06/05;1
2007-06/06;1
2007-06/07;1
2007-06/08;1
2007-06/09;1
2007-06/10;1
2007-06/11;5
2007-06/12;1
2007-06/13;1
2007-06/14;1
2007-06/15;1
2007-06/16;1
2007-07;1
2007-07/01;1
2007-07/02;4
2007-07/03;1
2007-07/05;1
2007-07/06;1
2007-07/07;1
2007-07/08;1
2007-07/09;1
2007-07/10;1
2007-07/11;1
2007-07/12;1
2007-08/01;1
2007-08/02;1
2007-08/03;1
2007-08/04;1
2007-08/05;12
2007-08/06;3
2007-08/07;1
2007-08/08;1
2007-08/10;1
2007-08/11;1
2007-08/12;1
2007-08/13;1
2007-08/14;1
2007-09/01;1
2007-09/02;1
2007-09/03;1
2007-09/04;1
2007-09/05;2
2007-09/06;1
2007-09/07;1
2007-09/08;2
2007-09/09;1
2007-09/10;1
2007-09/11;3
2007-09/13;1
2007-09/14;1
2007-09/16;1
2007-09/19;1
2007-09/20;1
2007-09/21;1
2007-10/01;1
2007-10/02;1
2007-10/03;1
2007-10/05;1
2007-10/06;1
2007-10/08;1
2007-10/09;1
2007-10/10;1
2007-10/11;1
2007-10/14;1
2007-10/15;1
2007-10/16;1
2007-10/17;2
2007-10/19;1
2007-10/20;1
2007-10/21;1
2007-10/22;1
2007-11/01;1
2007-11/02;1
2007-11/03;1
2007-11/04;1
2007-11/05;2
2007-11/07;1
2007-11/08;1
2007-11/09;1
2007-11/10;1
2007-11/11;1
2007-11/12;1
2007-11/14;1
2007-11/15;1
2007-11/16;1
2007-11/17;1
2007-11/18;1
2007-12-08;1
2007-12/02;1
2007-12/04;1
2007-12/06;1
2007-12/07;4
2007-12/09;1
2007-12/11;1
2007-12/13;1
2007-18;2
2007-2;1
2007-21;1
2007-22;1
2007-24;2
2007-25;1
2007-26;2
2007-27;1
2007-29;1
2007-30;1
2007-31;1
2007-33;1
2007-35;1
2007-36;1
2007-37;1
2007-38;2
2007-39;1
2007-40;4
2007-41;2
2007-43;2
2007-44;2
2007-45;2
2007-46;2
2007-47;1
2007-48;2
2007-49;2
2007-50;2
2007-52;1
2007-53;1
2007-55;3
2007-56;1
2007-58;2
2007-61;1
2007-62;2
2007-63;2
2007-64;2
2007-65;2
2007-66;1
2007-67;2
2007-68;1
2007-70;2
2007-71;1
2007-73;1
2007-74;1
2007-75;1
2007-77;2
2007-78;1
2007-79;1
2007-80;1
2007-86;2
2007-87;1
2007-89;1
2007-90;2
2007-91;1
2007/01;1
2007/05;1
2007/06;1
2007/07;1
2007/08;1
2007/1;1
2007/10;2
2007/100;1
2007/101;1
2007/102;3
2007/105;1
2007/11;2
2007/112;1
2007/113;2
2007/114;1
2007/115;2
2007/116;2
2007/117;5
2007/118;1
2007/119;1
2007/12;2
2007/121;2
2007/122;2
2007/123;1
2007/124;2
2007/125;1
2007/126;1
2007/127;2
2007/128;1
2007/129;2
2007/13;1
2007/130;2
2007/131;1
2007/132;1
2007/133;9
2007/139;1
2007/14;2
2007/143;1
2007/144;1
2007/145;1
2007/146;1
2007/148;1
2007/149;1
2007/15;1
2007/150;1
2007/151;1
2007/152;1
2007/153;1
2007/154;1
2007/155;1
2007/158;1
2007/16;1
2007/162;1
2007/17;3
2007/18;1
2007/19;2
2007/2;1
2007/20 (projectnr. 169409);1
2007/21;1
2007/22;1
2007/23;1
2007/24;2
2007/25;2
2007/26;4
2007/28;2
2007/29;2
2007/31;1
2007/32;2
2007/35;3
2007/36;2
2007/37;2
2007/39;1
2007/40;1
2007/41;1
2007/42;2
2007/43;2
2007/44;1
2007/45;2
2007/46;5
2007/47;2
2007/48;1
2007/49;2
2007/49, projectnr: 169346;1
2007/5;1
2007/50;1
2007/51;1
2007/53;2
2007/54;1
2007/55;1
2007/56;3
2007/57;1
2007/58;1
2007/59;5
2007/6;1
2007/60;1
2007/61;2
2007/62;2
2007/63;1
2007/64;1
2007/65;2
2007/66;2
2007/67;1
2007/69;1
2007/70;2
2007/71;1
2007/72;2
2007/73;2
2007/74;2
2007/75;4
2007/76;1
2007/77;2
2007/79;1
2007/80;1
2007/81;2
2007/82;1
2007/83;2
2007/84;1
2007/85;1
2007/86;2
2007/87;1
2007/88;2
2007/89;1
2007/9;1
2007/90;1
2007/91;2
2007/92;1
2007/93;1
2007/94;2
2007/95;2
2007/96;1
2007/97;1
2007/98;1
2007/99;2
20070;1
20070.001;2
20071;1
20072;1
20074;1
20075;1
20078;1
20079;1
2008;9
2008+2008-A;1
2008-01;2
2008-01/01;2
2008-01/02;1
2008-01/03;1
2008-01/04;1
2008-01/05;1
2008-01/06;1
2008-01/07;1
2008-01/08;1
2008-01/09;1
2008-01/10;1
2008-01/11;1
2008-01/12;2
2008-01/13;1
2008-01/14;1
2008-01/15;1
2008-01/17;1
2008-02;2
2008-02/01;1
2008-02/02;1
2008-02/03;1
2008-02/05;1
2008-02/06;1
2008-02/07;1
2008-02/08;2
2008-02/10;1
2008-02/11;1
2008-02/14;1
2008-02/15;1
2008-02/16;1
2008-03;4
2008-03-13;1
2008-03/01;1
2008-03/02;1
2008-03/04;1
2008-03/05;1
2008-03/06;1
2008-03/07;1
2008-03/08;1
2008-03/09;1
2008-03/10;1
2008-03/11;1
2008-03/12;1
2008-03/14;1
2008-03/15;1
2008-03/16;1
2008-03/17;1
2008-04;2
2008-04/01;1
2008-04/02;1
2008-04/03;1
2008-04/04;1
2008-04/05;1
2008-04/06;1
2008-04/07;1
2008-04/08;1
2008-04/09;1
2008-04/10;1
2008-04/11 - 2009-07/02;1
2008-04/12;1
2008-04/13;1
2008-04/14;1
2008-04/15;1
2008-04/16;1
2008-04/17;1
2008-04/18;1
2008-04/19;1
2008-04/20;1
2008-04/21;1
2008-04/22;1
2008-04/23;1
2008-05;1
2008-05/01;1
2008-05/02;1
2008-05/03;1
2008-05/04;1
2008-05/05;1
2008-05/06;1
2008-05/07;1
2008-05/09;1
2008-05/10;1
2008-05/11;1
2008-05/12;1
2008-05/13;1
2008-05/14;1
2008-05/15;1
2008-06;1
2008-06/01;1
2008-06/02;4
2008-06/03;6
2008-06/04;2
2008-06/05;1
2008-06/06;1
2008-06/07;1
2008-06/08;1
2008-06/09;1
2008-06/10;1
2008-06/11;3
2008-06/13;1
2008-06/16;1
2008-06/17;1
2008-06/20;1
2008-06/21;1
2008-06/22;4
2008-06/23;3
2008-06/24;4
2008-06/25;4
2008-06/27;1
2008-06/28;1
2008-06/29;2
2008-06/30;9
2008-06/32;1
2008-06/33;5
2008-07;2
2008-07/01;1
2008-07/02;1
2008-07/03;1
2008-07/04;1
2008-07/05;1
2008-07/06 ;1
2008-07/08;1
2008-07/09;1
2008-07/10;1
2008-07/11;1
2008-07/12;1
2008-07/13;1
2008-07/14a;1
2008-07/15;1
2008-07/16;1
2008-07/17;1
2008-07/18;1
2008-07/19 ISSN 1871-;1
2008-07/20;1
2008-07/21;1
2008-07/22;1
2008-07/23;1
2008-08-02;1
2008-08-04;1
2008-08-05;1
2008-08/01;1
2008-08/03;1
2008-08/06;1
2008-08/07;1
2008-08/09;1
2008-08/11;1
2008-08/12;1
2008-08/13;2
2008-08/14;1
2008-09/01;1
2008-09/02;1
2008-09/03;2
2008-09/04;1
2008-09/06;1
2008-09/07;1
2008-09/08;1
2008-09/09;1
2008-09/10;2
2008-09/11;1
2008-09/12;1
2008-09/13;1
2008-09/14;1
2008-09/15;1
2008-09/16;1
2008-09/17;1
2008-1;2
2008-10;2
2008-10/01;2
2008-10/02;3
2008-10/04;1
2008-10/05;2
2008-10/08;1
2008-10/09;1
2008-10/10;1
2008-10/11;1
2008-10/12;1
2008-10/13;1
2008-10/14;1
2008-10/15;1
2008-10/16;1
2008-10/18;1
2008-105;1
2008-106;1
2008-108;7
2008-11;4
2008-11/01;1
2008-11/02;1
2008-11/04;1
2008-11/06;1
2008-11/07;1
2008-11/08;2
2008-11/09;1
2008-11/10;10
2008-11/11;1
2008-11/12;1
2008-11/13;1
2008-11/14;1
2008-11/15;1
2008-11/16;1
2008-11/17;1
2008-11/18;1
2008-110;1
2008-113;1
2008-114;5
2008-115;1
2008-12;3
2008-12/01;1
2008-12/02;1
2008-12/04;1
2008-12/05;7
2008-12/06;2
2008-12/07;1
2008-12/08;1
2008-1209;1
2008-123;1
2008-124;1
2008-125;1
2008-128;3
2008-13;2
2008-130;1
2008-131;1
2008-132;1
2008-133;1
2008-136;1
2008-14;3
2008-141 Concept versie;1
2008-142;1
2008-143;1
2008-15;1
2008-150;1
2008-151;1
2008-154;1
2008-155;1
2008-16;1
2008-161;1
2008-17;3
2008-172;1
2008-18;1
2008-187;1
2008-19;3
2008-190;1
2008-195;1
2008-20;2
2008-21;3
2008-22;3
2008-23;2
2008-24;3
2008-25;3
2008-26;3
2008-27;1
2008-28;1
2008-29;4
2008-3;2
2008-30;3
2008-31;3
2008-32;4
2008-33;3
2008-34;2
2008-35;2
2008-36;2
2008-37;2
2008-38;4
2008-39;3
2008-4;1
2008-40;2
2008-41;3
2008-42;1
2008-43;1
2008-47;2
2008-48;2
2008-49;1
2008-5;1
2008-53;1
2008-55;1
2008-59;2
2008-6;1
2008-64;1
2008-66;1
2008-69;2
2008-71;1
2008-78;1
2008-8;2
2008-89;1
2008-9;3
2008-90;1
2008/002;2
2008/003;1
2008/004;1
2008/006;2
2008/007;1
2008/009;1
2008/01;1
2008/01, projectnr: 170239;1
2008/010;1
2008/012;1
2008/014;1
2008/015;1
2008/018;1
2008/020;1
2008/021;1
2008/022;1
2008/024;1
2008/025;1
2008/026;1
2008/027;1
2008/029;1
2008/039;1
2008/040;1
2008/046;1
2008/047;1
2008/048;1
2008/051;1
2008/052;1
2008/053;1
2008/057;1
2008/058;1
2008/069;1
2008/07;1
2008/071;1
2008/077;1
2008/078;1
2008/079;1
2008/080;1
2008/081;1
2008/10;1
2008/100;1
2008/101;1
2008/102;1
2008/103;1
2008/104;1
2008/105;1
2008/106;1
2008/107;1
2008/108;1
2008/109;1
2008/11;1
2008/110;1
2008/112;1
2008/113;2
2008/114;2
2008/116;5
2008/117;1
2008/118;1
2008/119;1
2008/12;1
2008/120;2
2008/121;2
2008/122;1
2008/124;2
2008/125;1
2008/126;1
2008/127;2
2008/128;1
2008/129;1
2008/13;1
2008/131;2
2008/133;1
2008/134;2
2008/137;1
2008/138;2
2008/140;2
2008/141;2
2008/142;1
2008/144;1
2008/145;1
2008/146;1
2008/147;1
2008/148;1
2008/15, projectnr: 181412;1
2008/150;2
2008/152;1
2008/156;1
2008/157;1
2008/158;1
2008/16;1
2008/17;1
2008/19;1
2008/2;1
2008/20;3
2008/21;1
2008/22;2
2008/23;1
2008/24;2
2008/26;2
2008/27;1
2008/28;2
2008/29;2
2008/3;1
2008/30;1
2008/31;1
2008/32;2
2008/33;2
2008/34;1
2008/36;1
2008/38;1
2008/39;1
2008/4, projectnr: 172444;1
2008/40;1
2008/42;1
2008/43;2
2008/44;1
2008/45;3
2008/48;2
2008/49;1
2008/50;1
2008/51;1
2008/52;1
2008/53;1
2008/56;1
2008/57;1
2008/58;1
2008/59;1
2008/6;1
2008/60;2
2008/61;1
2008/62;1
2008/63;2
2008/64;1
2008/65;2
2008/66;1
2008/67;3
2008/68;1
2008/69;1
2008/70;1
2008/71;1
2008/72;1
2008/73;1
2008/74;1
2008/75;1
2008/76;1
2008/77;1
2008/79;1
2008/8;1
2008/8 -projectnr: 178522;1
2008/80;1
2008/81;1
2008/82;2
2008/83;1
2008/84;1
2008/85;1
2008/87;1
2008/88;1
2008/89;2
2008/9;1
2008/90;1
2008/92;1
2008/93;1
2008/95;1
2008/97;1
2008/98;1
2008/99;1
20080;1
20081;1
20082;1
20084;1
20086;1
20087;1
20089;1
2009;15
2009-;1
2009-001;2
2009-01/01;1
2009-01/02;1
2009-01/03;1
2009-01/04 en 2011-05/07;1
2009-01/05;1
2009-01/06;1
2009-01/07;1
2009-01/08;1
2009-01/09;1
2009-01/12;1
2009-01/13;1
2009-01/14;7
2009-01/15;1
2009-02;3
2009-02/01;1
2009-02/02;1
2009-02/04;1
2009-02/05;1
2009-02/06;1
2009-02/07;1
2009-02/08;1
2009-02/09;1
2009-02/10;1
2009-02/11;1
2009-02/12;1
2009-02/13;1
2009-02/14;1
2009-02/15;1
2009-02/17;1
2009-02/18;1
2009-02/19;1
2009-02/20;2
2009-02/21;2
2009-03;2
2009-03/01;1
2009-03/02;1
2009-03/03;4
2009-03/04;1
2009-03/05;1
2009-03/06;1
2009-03/07;1
2009-03/08;1
2009-03/09;2
2009-03/10;1
2009-03/11;1
2009-03/12;1
2009-03/14;1
2009-03/16;1
2009-03/17;1
2009-03/18;1
2009-03/19;1
2009-03/20;1
2009-03/22;1
2009-03/23;1
2009-03/24;1
2009-03/26;1
2009-03/27;1
2009-03/28;1
2009-03/29;1
2009-04;2
2009-04/01;1
2009-04/03;1
2009-04/04;1
2009-04/05;1
2009-04/06;1
2009-04/08;1
2009-04/09;1
2009-04/10;1
2009-04/11;1
2009-04/12;1
2009-04/13;1
2009-04/14;1
2009-04/16;1
2009-04/18;1
2009-04/19;3
2009-05;2
2009-05/01;1
2009-05/02;1
2009-05/03;1
2009-05/04;1
2009-05/05;1
2009-05/06;1
2009-05/08;1
2009-05/09;1
2009-05/10;1
2009-05/11;1
2009-05/12;1
2009-05/13;1
2009-06;2
2009-06/01;1
2009-06/02;1
2009-06/03;1
2009-06/04;1
2009-06/05;1
2009-06/06;1
2009-06/07;1
2009-06/08;1
2009-06/09;1
2009-06/10;1
2009-06/13;1
2009-06/14;1
2009-06/15;3
2009-06/16;2
2009-06/17;1
2009-06/18;2
2009-06/19;1
2009-06/20;1
2009-07;2
2009-07/01;1
2009-07/03;1
2009-07/05;1
2009-07/06;1
2009-07/07;1
2009-07/08;1
2009-07/09;1
2009-07/10;1
2009-08;1
2009-08/01;1
2009-08/02;1
2009-08/03;2
2009-08/04;1
2009-08/05;1
2009-08/06;1
2009-08/07;5
2009-08/08;1
2009-08/09;1
2009-08/10;1
2009-09;1
2009-09/01;1
2009-09/02;6
2009-09/03;1
2009-09/04;1
2009-09/06;1
2009-09/07;1
2009-1;1
2009-10;3
2009-10/01;1
2009-10/02;1
2009-10/03;1
2009-10/04;5
2009-10/05;1
2009-10/07;1
2009-10/08;1
2009-10/09;1
2009-10/10;6
2009-10/12;1
2009-10/13;1
2009-10/14;1
2009-10/16;1
2009-100;2
2009-101;1
2009-105;1
2009-106;2
2009-108;1
2009-11;1
2009-11/02;1
2009-11/03;1
2009-11/04;1
2009-11/05;1
2009-11/06;1
2009-11/07;1
2009-11/08;1
2009-11/09;1
2009-11/10;1
2009-11/11;1
2009-11/12;1
2009-113;1
2009-114;1
2009-115;1
2009-12;2
2009-12/01;1
2009-12/03;1
2009-12/04;2
2009-12/05;1
2009-12/06;1
2009-12/07;1
2009-120;1
2009-121;1
2009-122;1
2009-123;1
2009-124;1
2009-125;1
2009-126;1
2009-127;1
2009-128;1
2009-129;1
2009-13;3
2009-130;1
2009-131;1
2009-132;1
2009-133;1
2009-135;2
2009-136;1
2009-137;3
2009-139;1
2009-14;1
2009-140;1
2009-142;1
2009-143;1
2009-144;1
2009-145;1
2009-146;1
2009-148;1
2009-15;2
2009-151;1
2009-152;1
2009-153;1
2009-154;1
2009-155;1
2009-156;1
2009-157;1
2009-158;1
2009-159;1
2009-16;3
2009-162;2
2009-163;1
2009-164;2
2009-165;1
2009-166;1
2009-167;1
2009-169;1
2009-17;3
2009-170;1
2009-172;1
2009-173;1
2009-174;1
2009-175;1
2009-177;1
2009-178;1
2009-179;1
2009-18;3
2009-181;1
2009-182;1
2009-184;1
2009-185;1
2009-188;1
2009-189;1
2009-19;2
2009-190;1
2009-191;1
2009-192;1
2009-193;1
2009-194;1
2009-195;1
2009-197;1
2009-198;1
2009-20;2
2009-201;1
2009-203;1
2009-205;1
2009-206;1
2009-207;1
2009-208;1
2009-209;1
2009-21;3
2009-211;1
2009-212;2
2009-213;2
2009-214;1
2009-215;1
2009-216;1
2009-217;1
2009-218;1
2009-219;1
2009-22;2
2009-220;1
2009-221;1
2009-222;1
2009-223;1
2009-224;1
2009-225;1
2009-227;1
2009-228;1
2009-23;2
2009-230;1
2009-231;1
2009-232;1
2009-233;1
2009-234;1
2009-235;1
2009-236;1
2009-239;1
2009-24;2
2009-240;1
2009-241;1
2009-242;1
2009-243;1
2009-244;2
2009-245;1
2009-247;1
2009-248;1
2009-249;1
2009-25;2
2009-250;1
2009-251;1
2009-252;1
2009-253;1
2009-26;1
2009-27;2
2009-28;1
2009-29;2
2009-3;1
2009-30;3
2009-31;1
2009-32;1
2009-33;3
2009-34;5
2009-35;3
2009-36;3
2009-37;2
2009-38;3
2009-39;3
2009-40;1
2009-41;3
2009-42;2
2009-44;2
2009-45;4
2009-46;3
2009-47;3
2009-48;3
2009-49;2
2009-5;1
2009-50;2
2009-51;2
2009-52;2
2009-53;2
2009-54;1
2009-55;2
2009-56;2
2009-57;1
2009-58;3
2009-59;2
2009-6;1
2009-60;2
2009-61;2
2009-63;3
2009-64;2
2009-65;2
2009-66;2
2009-68;1
2009-69;1
2009-7;1
2009-70;3
2009-71;3
2009-72;2
2009-73;3
2009-74;2
2009-75;3
2009-76;2
2009-77;2
2009-78;1
2009-79;2
2009-80;3
2009-81;2
2009-82;3
2009-83;3
2009-84;3
2009-85;2
2009-86;3
2009-87;3
2009-88;1
2009-89;2
2009-90;2
2009-91;2
2009-92;3
2009-93;2
2009-94;1
2009-95;2
2009-96;4
2009-98;2
2009-99;2
2009/002;1
2009/004;1
2009/01;1
2009/016;1
2009/017;1
2009/018;2
2009/019;1
2009/022;1
2009/029;1
2009/04;1
2009/042;1
2009/043;1
2009/044;1
2009/045;1
2009/046;1
2009/047;1
2009/048;1
2009/050;1
2009/051;1
2009/054;1
2009/057;1
2009/058;1
2009/061;1
2009/062;1
2009/064;1
2009/065;1
2009/066;1
2009/067;1
2009/068;1
2009/070;1
2009/071;1
2009/072;1
2009/074;1
2009/075;1
2009/076;1
2009/077;1
2009/079;1
2009/080;1
2009/081;1
2009/083;1
2009/084;1
2009/085;1
2009/086;2
2009/087;1
2009/088;1
2009/089;1
2009/09;1
2009/090;1
2009/091;1
2009/092;1
2009/093;1
2009/094;1
2009/095;1
2009/096;1
2009/1;4
2009/10;1
2009/100;2
2009/101;1
2009/102;4
2009/103;2
2009/104;2
2009/105;2
2009/106;2
2009/109;1
2009/11;4
2009/110;1
2009/111;1
2009/112;1
2009/113;3
2009/114;2
2009/115;2
2009/116;3
2009/117;4
2009/118;2
2009/119;2
2009/12;4
2009/120;1
2009/121;1
2009/122;3
2009/123;1
2009/124;1
2009/125;1
2009/126;1
2009/127;2
2009/128;2
2009/129;2
2009/13;1
2009/130;2
2009/131;2
2009/132;2
2009/133;1
2009/134;2
2009/135;2
2009/136;2
2009/137;2
2009/138;1
2009/139;1
2009/14;1
2009/140;2
2009/141;1
2009/143;6
2009/144;1
2009/146;1
2009/148;1
2009/149;2
2009/150;2
2009/151;2
2009/152;2
2009/153;3
2009/154;1
2009/155;2
2009/156;2
2009/157;1
2009/159;1
2009/16;1
2009/160;1
2009/161;2
2009/162;2
2009/167;1
2009/168;1
2009/171;1
2009/173;1
2009/174;1
2009/175;1
2009/176;1
2009/177;1
2009/178;1
2009/179;1
2009/183;1
2009/184;1
2009/19a;2
2009/2;1
2009/20;1
2009/21;1
2009/22;3
2009/23;1
2009/24;1
2009/27;1
2009/28;1
2009/29;1
2009/3;1
2009/30;1
2009/31;3
2009/32;1
2009/33;2
2009/34;2
2009/35;2
2009/36;1
2009/37;1
2009/38;1
2009/39;2
2009/40;1
2009/41;1
2009/42;1
2009/43;1
2009/44;1
2009/45;1
2009/47;1
2009/49;1
2009/5;1
2009/50;1
2009/51;1
2009/52;1
2009/53;1
2009/54;1
2009/55;1
2009/56;1
2009/57;3
2009/58;1
2009/59;1
2009/6;1
2009/60;1
2009/61;1
2009/62;2
2009/64;4
2009/65;1
2009/66;1
2009/68;1
2009/69;1
2009/7;1
2009/72;1
2009/73;1
2009/74;1
2009/75;3
2009/77;1
2009/78;1
2009/8;1
2009/80;2
2009/81;2
2009/82;2
2009/84;1
2009/85;2
2009/86;2
2009/88;2
2009/90;2
2009/91;2
2009/92;1
2009/94;3
2009/95;1
2009/99;2
20095;1
20096;1
20097.002;2
20097.006;1
20099;1
201;22
2010;5
2010-01;1
2010-01/01;1
2010-01/02;1
2010-01/03;1
2010-01/04;1
2010-01/05;1
2010-01/06;1
2010-01/07;1
2010-01/08;1
2010-01/09;1
2010-01/10;1
2010-01/11;1
2010-01/12;2
2010-02/01;1
2010-02/02;1
2010-02/03;1
2010-02/04;1
2010-02/05;1
2010-02/06;1
2010-02/07;1
2010-02/08;1
2010-02/09;1
2010-02/10;1
2010-02/11;1
2010-02/12;1
2010-02/13;1
2010-03;1
2010-03/01;1
2010-03/02;1
2010-03/03;1
2010-03/04;1
2010-03/05;1
2010-03/06;1
2010-03/08;1
2010-03/09;1
2010-03/12;1
2010-03/13;1
2010-04;1
2010-04/02;1
2010-04/03;1
2010-04/04;1
2010-04/06;1
2010-04/07;1
2010-04/08;1
2010-04/09;1
2010-04/10;1
2010-04/11;1
2010-04/12;1
2010-04/13;1
2010-04/14;1
2010-04/15;1
2010-05;2
2010-05/01;1
2010-05/02;1
2010-05/03;1
2010-05/04;1
2010-05/05;1
2010-05/06;1
2010-05/07;1
2010-05/08;1
2010-05/09;6
2010-05/10;1
2010-06/01;2
2010-06/02;1
2010-06/03;1
2010-06/04;1
2010-06/05;3
2010-06/06;1
2010-06/07;1
2010-06/08;1
2010-06/09;1
2010-06/10;1
2010-06/11;1
2010-06/12;1
2010-06/13;1
2010-06/15;1
2010-07;2
2010-07/01;2
2010-07/02;4
2010-07/03;1
2010-07/04;4
2010-07/05;4
2010-07/06;10
2010-07/07;6
2010-07/08;1
2010-07/09;4
2010-08;2
2010-08/01;1
2010-08/02;1
2010-08/03;1
2010-08/04;1
2010-08/05;1
2010-08/06;4
2010-08/07;1
2010-08/09;1
2010-09;1
2010-09/01;2
2010-09/02A;1
2010-09/03;1
2010-09/04;4
2010-09/06;1
2010-09/07;1
2010-09/08;3
2010-09/09;1
2010-09/2B;1
2010-1;1
2010-10;1
2010-10/04;1
2010-10/05;6
2010-10/06;1
2010-10/08;1
2010-10/09;1
2010-10/11;1
2010-100;2
2010-101;3
2010-102;2
2010-103;3
2010-104;2
2010-105;2
2010-106;3
2010-107;3
2010-108;2
2010-109;2
2010-11;3
2010-11/02;1
2010-11/03;1
2010-11/04;1
2010-11/05;1
2010-11/06;1
2010-11/07;1
2010-11/08;1
2010-11/09;1
2010-11/11;1
2010-110;2
2010-111;3
2010-112;6
2010-113;3
2010-114;2
2010-115;3
2010-116;2
2010-117;3
2010-118;1
2010-119;2
2010-12;2
2010-12/02;1
2010-12/05;1
2010-12/06;1
2010-120;2
2010-1209;1
2010-121;3
2010-122;2
2010-123;2
2010-124;1
2010-125;3
2010-126;3
2010-127;3
2010-128;3
2010-129;3
2010-13;4
2010-130;2
2010-131;2
2010-132;1
2010-133;2
2010-134;2
2010-135;1
2010-136;1
2010-137;3
2010-138;8
2010-139;2
2010-14;2
2010-140;3
2010-141;3
2010-142;5
2010-143;3
2010-144;5
2010-145;2
2010-146;1
2010-147;1
2010-148;1
2010-149;1
2010-15;2
2010-150;1
2010-151;1
2010-152;1
2010-153;1
2010-154;1
2010-155;1
2010-156;1
2010-157;1
2010-158;2
2010-159;1
2010-16;3
2010-160;1
2010-162;1
2010-163;1
2010-164;1
2010-165;4
2010-166;1
2010-167;1
2010-168;1
2010-169;1
2010-17;4
2010-172;1
2010-173;1
2010-174;1
2010-175;2
2010-176;1
2010-177;1
2010-178;1
2010-179;1
2010-18;3
2010-180;1
2010-181;1
2010-184;1
2010-185;1
2010-186;1
2010-187;1
2010-188;2
2010-189;1
2010-19;2
2010-190;1
2010-191;1
2010-192;1
2010-193;1
2010-196;1
2010-197;1
2010-198;1
2010-199;1
2010-2;1
2010-20;3
2010-200;1
2010-201;1
2010-202;1
2010-203;1
2010-204;1
2010-205;1
2010-206;1
2010-207;1
2010-208;1
2010-21;4
2010-211;1
2010-213;1
2010-214;1
2010-215;1
2010-216;1
2010-217;1
2010-218;1
2010-219;1
2010-22;2
2010-220;1
2010-221;1
2010-222;1
2010-223;1
2010-224;1
2010-225;1
2010-226;1
2010-227;1
2010-228;1
2010-23;3
2010-230;1
2010-231;1
2010-232;1
2010-234;1
2010-235;1
2010-236;1
2010-237;1
2010-238;1
2010-24;1
2010-242;1
2010-244;1
2010-247, 2010-209;1
2010-248;1
2010-25;2
2010-250;1
2010-252;5
2010-253;1
2010-254;1
2010-255;1
2010-258;1
2010-259;1
2010-26;1
2010-261;1
2010-262;1
2010-263;1
2010-265;1
2010-266;2
2010-267;1
2010-268;1
2010-269;1
2010-27;2
2010-271;1
2010-272;1
2010-273;1
2010-274;1
2010-275;1
2010-276;1
2010-28;2
2010-29;1
2010-3;1
2010-30;2
2010-31;2
2010-32;1
2010-33;1
2010-34;2
2010-35;2
2010-36;1
2010-37;2
2010-38;2
2010-39;1
2010-4;1
2010-40;1
2010-41;1
2010-42;1
2010-43;4
2010-44;1
2010-45;1
2010-46;1
2010-47;2
2010-48;2
2010-49;2
2010-5;1
2010-50;3
2010-51;1
2010-52;1
2010-53;3
2010-54;2
2010-55;2
2010-56;3
2010-57;2
2010-58;1
2010-59;1
2010-6;1
2010-60;1
2010-61;3
2010-62;1
2010-63;1
2010-64;3
2010-65;3
2010-66;3
2010-67;1
2010-68;1
2010-69;1
2010-7;1
2010-70;1
2010-71;3
2010-72;3
2010-73;3
2010-74;2
2010-75;1
2010-76;3
2010-77;2
2010-78;3
2010-79;3
2010-8;1
2010-80;3
2010-81;3
2010-82;1
2010-83;2
2010-84;2
2010-85;4
2010-86;2
2010-87;2
2010-88;3
2010-89;3
2010-9;1
2010-90;3
2010-91;1
2010-92;2
2010-93;2
2010-94;3
2010-95;2
2010-96;3
2010-97;2
2010-98;2
2010-99;3
2010-B1652;1
2010-B1659;1
2010-B1682;1
2010-B1697;1
2010/01;1
2010/03;1
2010/04;1
2010/06;1
2010/1;1
2010/10;4
2010/100;1
2010/101;1
2010/103;1
2010/104;1
2010/105;1
2010/106;1
2010/107;1
2010/108;1
2010/11;1
2010/110;1
2010/111;1
2010/112;1
2010/113;1
2010/114;1
2010/115;1
2010/116;1
2010/117;1
2010/118;1
2010/119;1
2010/12;3
2010/122;1
2010/123;1
2010/125;2
2010/127;1
2010/128;1
2010/129;1
2010/13;1
2010/130;1
2010/131;1
2010/132;1
2010/133;1
2010/134;1
2010/135;1
2010/136;1
2010/137;1
2010/138;4
2010/139;1
2010/14;2
2010/140;1
2010/142;1
2010/143;1
2010/144;2
2010/145;2
2010/145a;1
2010/146;1
2010/147;1
2010/148;2
2010/15;3
2010/150;1
2010/151;1
2010/152;1
2010/153;1
2010/154;1
2010/155;1
2010/156;1
2010/157;16
2010/158;1
2010/159;1
2010/16;2
2010/160;1
2010/161;3
2010/162;1
2010/163;1
2010/165;1
2010/166;2
2010/167;1
2010/168;1
2010/169;1
2010/17;1
2010/170;1
2010/171;1
2010/173;1
2010/19;1
2010/2;7
2010/20;1
2010/21;2
2010/22;2
2010/24;2
2010/25;1
2010/26;3
2010/27;1
2010/28;2
2010/29;3
2010/30;1
2010/31;1
2010/32;2
2010/33;1
2010/34;1
2010/35;3
2010/36;3
2010/37;3
2010/38;1
2010/39;2
2010/4;1
2010/40;2
2010/41;1
2010/42;3
2010/43;1
2010/44;7
2010/45;2
2010/46;4
2010/47;2
2010/48;1
2010/49;1
2010/5;2
2010/50;1
2010/51;1
2010/52;2
2010/53;2
2010/54;1
2010/55;1
2010/56;1
2010/57;1
2010/58;3
2010/59;3
2010/6;3
2010/60;3
2010/61;2
2010/62;3
2010/63;2
2010/64;2
2010/65;1
2010/66;1
2010/67;3
2010/68;1
2010/69;1
2010/70;3
2010/71;1
2010/72;2
2010/73;6
2010/74;1
2010/75;3
2010/77;1
2010/79;1
2010/80;1
2010/82;1
2010/83;1
2010/84;1
2010/85;2
2010/86;1
2010/87;2
2010/88;1
2010/89;1
2010/9;2
2010/90;1
2010/91;1
2010/92;1
2010/95;1
2010/96;1
2010/97;1
2010/98;1
2010/99;1
2010/B1383;1
2010/B1413;1
2010/B1419;1
2010/B1420;1
2010/B1426;1
2010/B1459;1
2010/B1481;1
2010/B1484;1
2010/B1494;1
2010/B1506;1
2010/B1508;1
2010/B1510;1
2010/B1513;1
2010/B1562;1
2010/B1563;1
2010/B1579;1
2010/B1594;1
2010/B1610;1
2010/B1618;1
2010/B1632;2
2010/B1633;1
2010/B1639;1
2010/B1643;1
2010/B1646;1
2010/B1652;1
2010/B1655;1
2010/B1658;1
2010/B1660;1
2010/B1669;1
2010/B1671;1
2010/B1674;1
2010/B1686;1
2010/B1688;1
2010/B1691;1
2010/B1699;1
2010/B1703;1
2010/B1706;1
2010/B1707;1
2010/B1709;1
2010/B1720;1
2010/B1731;1
2010/B1732;1
2010/B1734;1
2010/B2078;1
20100;1
2010085;1
2010092;1
2010124;2
20103.001;1
2011;5
2011 - 14;1
2011--61;2
2011-01;2
2011-01/01;1
2011-01/02;1
2011-01/03;1
2011-01/04;1
2011-01/06;1
2011-01/07;5
2011-02;2
2011-02/01;1
2011-02/02;1
2011-02/03;1
2011-02/04 en 2011-05/10;1
2011-02/05;1
2011-02/06;1
2011-02/07;1
2011-02/08;1
2011-02/09;1
2011-02/10;1
2011-03;1
2011-03/01;1
2011-03/02;1
2011-03/05;1
2011-03/06;1
2011-03/07;1
2011-03/08;1
2011-03/09;1
2011-03/10;1
2011-03/11;1
2011-03/12;1
2011-03/14;2
2011-04/01;1
2011-04/02;1
2011-04/03;1
2011-04/05;1
2011-04/06;1
2011-04/07;1
2011-04/08;1
2011-04/09;1
2011-04/10;2
2011-04/11;1
2011-04/12;1
2011-04/13;1
2011-04/14;1
2011-04/15;1
2011-04/16;1
2011-045;1
2011-05/01;1
2011-05/02;1
2011-05/03;1
2011-05/04;1
2011-05/05;1
2011-05/06;1
2011-05/08;1
2011-05/09;1
2011-05/11;1
2011-05/12;1
2011-06;1
2011-06/01;1
2011-06/03;1
2011-06/04;1
2011-06/06;1
2011-06/08;1
2011-06/09;1
2011-06/10;1
2011-07;1
2011-07/02;1
2011-07/03;1
2011-07/05;2
2011-07/06;1
2011-07/07;1
2011-07/08;1
2011-07/09;1
2011-07/10;1
2011-08;1
2011-08/02;1
2011-08/03c;1
2011-08/05;1
2011-08/06;1
2011-08/07;1
2011-08/08;1
2011-08/09;1
2011-09;1
2011-09/02;1
2011-09/03;1
2011-09/05;1
2011-09/06;1
2011-09/07;1
2011-09/08;1
2011-09/09;1
2011-09/10;1
2011-09/11;1
2011-09/12;1
2011-09/13;1
2011-1;1
2011-10;3
2011-10/01;1
2011-10/02;2
2011-10/03;2
2011-10/05;1
2011-10/06;1
2011-10/07;1
2011-10/10;1
2011-10/11;1
2011-10/12;1
2011-10/13;1
2011-10/14;1
2011-100;2
2011-101;2
2011-102;2
2011-103;2
2011-104;2
2011-105;3
2011-106;1
2011-107;3
2011-108;1
2011-109;2
2011-11;2
2011-11/01;1
2011-11/02;2
2011-11/03;1
2011-11/04;1
2011-11/05;1
2011-11/06;1
2011-11/07;1
2011-11/08;1
2011-11/09;1
2011-11/11;1
2011-11/12;3
2011-11/13;1
2011-11/14;1
2011-11/15;1
2011-110;1
2011-111;2
2011-112;2
2011-113;2
2011-114;2
2011-115;2
2011-116;2
2011-117;3
2011-118;3
2011-119;2
2011-12;3
2011-12/01;1
2011-12/02;1
2011-12/03;3
2011-12/04;1
2011-12/05;1
2011-120;1
2011-1209;1
2011-121;2
2011-122;2
2011-123;1
2011-124;3
2011-125;2
2011-126;3
2011-127;2
2011-128;2
2011-129;1
2011-13;4
2011-130;3
2011-131;2
2011-132;1
2011-133;2
2011-134;3
2011-135;2
2011-136;2
2011-137;2
2011-138;2
2011-139;2
2011-14;2
2011-140;2
2011-141;2
2011-142;2
2011-143;3
2011-144;1
2011-145;1
2011-148;1
2011-149;1
2011-15;3
2011-151;1
2011-153;1
2011-154;1
2011-155;1
2011-156;1
2011-157;1
2011-158;1
2011-159;1
2011-16;3
2011-17;3
2011-18;2
2011-19;2
2011-2;2
2011-20;1
2011-21;2
2011-22;2
2011-23;2
2011-24;1
2011-25;2
2011-26;2
2011-27;1
2011-28;3
2011-29;2
2011-3;2
2011-30;3
2011-31;3
2011-32;1
2011-33;3
2011-34;2
2011-35;1
2011-36;1
2011-37;3
2011-38;1
2011-39;3
2011-4;1
2011-40;2
2011-41;2
2011-42;2
2011-43;3
2011-44;2
2011-45;1
2011-46;1
2011-47;1
2011-48;1
2011-5;2
2011-50;3
2011-52;2
2011-53;2
2011-54;2
2011-55;4
2011-56;2
2011-57;2
2011-58;3
2011-59;2
2011-6;3
2011-60;2
2011-61;1
2011-62;2
2011-63;2
2011-64;2
2011-65;2
2011-67;2
2011-68;3
2011-69;1
2011-7;3
2011-70;3
2011-71;1
2011-72;1
2011-73;2
2011-74;2
2011-75;2
2011-76;2
2011-77;2
2011-78;2
2011-79;3
2011-8;3
2011-80;2
2011-81;2
2011-82;6
2011-83;3
2011-84;1
2011-85;2
2011-86;1
2011-87;2
2011-88;2
2011-89;2
2011-9;2
2011-90;1
2011-91;2
2011-92;1
2011-93;2
2011-95;1
2011-95, 2011-108;1
2011-96;2
2011-97;2
2011-98;2
2011-99;2
2011-B1425;1
2011-B1719;1
2011/04;1
2011/05;1
2011/07;1
2011/1;1
2011/10;1
2011/100;1
2011/101;1
2011/102;1
2011/103;1
2011/104;1
2011/106;1
2011/108;1
2011/109;1
2011/110;3
2011/111;1
2011/112;1
2011/114;1
2011/115;1
2011/116;1
2011/117;1
2011/118;1
2011/122;1
2011/123;1
2011/125;1
2011/126;1
2011/128;1
2011/129;1
2011/13;1
2011/130;1
2011/131;1
2011/132;1
2011/135;1
2011/137;1
2011/138;1
2011/139;1
2011/14;1
2011/140;1
2011/141;1
2011/142;2
2011/143;1
2011/144;1
2011/145;1
2011/146;1
2011/147;3
2011/148;3
2011/15;1
2011/151;1
2011/16;1
2011/17;2
2011/18;1
2011/19;1
2011/2;2
2011/20;1
2011/21;1
2011/22;1
2011/23;1
2011/24;1
2011/25;1
2011/26;5
2011/27;1
2011/28;1
2011/29;1
2011/3;1
2011/30;2
2011/31;1
2011/32;1
2011/33;2
2011/36;1
2011/37;1
2011/39;1
2011/40;1
2011/41;1
2011/42;1
2011/44;1
2011/45;1
2011/46;1
2011/47;1
2011/48;1
2011/49;3
2011/51;1
2011/52;1
2011/54;1
2011/55;1
2011/56;1
2011/59;1
2011/6;1
2011/60;2
2011/61;1
2011/63;2
2011/64;1
2011/65;1
2011/67;1
2011/68;1
2011/69;1
2011/70;1
2011/71;1
2011/72;1
2011/73;1
2011/74, 2011/136;1
2011/75;2
2011/77;1
2011/8;1
2011/80;1
2011/83;1
2011/84;1
2011/85;1
2011/87;1
2011/88;1
2011/9;1
2011/90;1
2011/91;2
2011/92;1
2011/93 2012/170;1
2011/94;1
2011/96;1
2011/98;1
2011/99;1
2011/B1304;1
2011/B1463;1
2011/B1470;1
2011/B1590;1
2011/B1635;1
2011/B1636, 2011/B1666;1
2011/B1681;1
2011/B1711;1
2011/B1713;1
2011/B1725;1
20110230;1
2011037/versie 1.3;1
20112;1
20113;1
20114;1
20115;1
2012;5
2012 - 05;1
2012 - 08;1
2012 - 12;1
2012-008;1
2012-01;1
2012-01/01;1
2012-01/01U;1
2012-01/02;1
2012-01/03;1
2012-01/04;1
2012-01/04U;1
2012-01/05;1
2012-01/05U;1
2012-01/06U;1
2012-01/06Z;1
2012-01/07U;1
2012-01/07Z;1
2012-01/08U;1
2012-01/08Z;1
2012-01/09Z;1
2012-02/01Z;1
2012-02/02U;1
2012-02/02Z;1
2012-02/03U;1
2012-02/03Z;2
2012-02/04Z;1
2012-02/05Z;1
2012-02/06Z;1
2012-02/07Z;1
2012-02/08Z;2
2012-03/01U;1
2012-03/01Z;1
2012-03/02U;1
2012-03/03Z;1
2012-03/04Z;1
2012-03/05Z;1
2012-03/06Z;1
2012-03/07Z;1
2012-03/08Z;1
2012-03/09Z;1
2012-03/10Z;1
2012-03/11Z;1
2012-03/12Z;1
2012-03/13Z;1
2012-03/14Z;1
2012-03/15Z;1
2012-03/16Z;1
2012-03/17Z;1
2012-03/18Z;1
2012-04;3
2012-04/02Z;1
2012-04/03Z;1
2012-04/04U;3
2012-04/04Z;1
2012-04/05Z;1
2012-04/06Z;1
2012-04/07Z;1
2012-04/08Z;1
2012-04/09Z;1
2012-04/10Z;1
2012-04/11Z;1
2012-05/01;1
2012-05/01Z;1
2012-05/02U;1
2012-05/02Z;1
2012-05/03U;1
2012-05/03Z;1
2012-05/04Z;1
2012-05/05Z;1
2012-05/06Z;1
2012-05/07Z;1
2012-05/08;1
2012-06/01U;1
2012-06/01Z;1
2012-06/02U;1
2012-06/02Z;1
2012-06/03Z;1
2012-06/04Z;1
2012-06/05Z;1
2012-06/06Z;1
2012-06/07Z;1
2012-07/01U;1
2012-07/01Z;1
2012-07/02Z;1
2012-07/03Z;1
2012-07/04Z;1
2012-07/05Z;1
2012-07/06Z;1
2012-07/07Z;1
2012-07/08Z;1
2012-08;1
2012-08/01U;1
2012-08/01Z;1
2012-08/02Z;1
2012-08/03U;1
2012-08/03Z;1
2012-08/04Z;1
2012-08/05Z;1
2012-08/06;1
2012-09/01Z;1
2012-09/02U;1
2012-09/02Z;1
2012-09/03;1
2012-09/04Z;1
2012-09/05Z;1
2012-09/06Z_c;1
2012-09/07Z;1
2012-09/08Z;1
2012-09/09Z;1
2012-09/10Z;1
2012-09/11Z;1
2012-1;2
2012-10;2
2012-10/01U;1
2012-10/01Z;1
2012-10/02U;1
2012-10/02Z;1
2012-10/03;1
2012-10/03U;1
2012-10/04Z;1
2012-10/05U;1
2012-10/05Z;1
2012-10/06Z;1
2012-10/07Z;1
2012-10/09Z;1
2012-10/10Z;1
2012-10/11Z;1
2012-100;2
2012-101;3
2012-102;3
2012-103;2
2012-104;2
2012-105;2
2012-106;2
2012-107;1
2012-108;2
2012-109;2
2012-11;2
2012-11/01U;1
2012-11/01Z;1
2012-11/02U;1
2012-11/02Z;1
2012-11/03Z;1
2012-11/04Z;1
2012-11/05Z;1
2012-11/06Z;1
2012-11/07Z;1
2012-11/08Z;1
2012-11/09Z;1
2012-110;2
2012-111;1
2012-112;1
2012-113;1
2012-114;2
2012-115;1
2012-116;3
2012-117;1
2012-118;2
2012-119;1
2012-12;1
2012-12/01U;2
2012-12/01Z;1
2012-12/02Z;1
2012-12/03Z;1
2012-12/04Z;1
2012-12/05Z;1
2012-12/06Z;1
2012-120;2
2012-1209;1
2012-121;4
2012-122;1
2012-123;1
2012-124;1
2012-126;1
2012-127;1
2012-128;1
2012-129;2
2012-13;2
2012-130;3
2012-131;1
2012-132;1
2012-133;1
2012-134;2
2012-135;2
2012-136;1
2012-137;2
2012-138;2
2012-139;1
2012-14;3
2012-145;1
2012-15;2
2012-150;1
2012-151;2
2012-152;1
2012-16;2
2012-167;1
2012-17;8
2012-18;1
2012-19;2
2012-2;2
2012-20;2
2012-21;2
2012-22;1
2012-222012-22;1
2012-227;1
2012-23;2
2012-237;1
2012-24;2
2012-25;2
2012-26;2
2012-27;1
2012-28;1
2012-29;2
2012-3;1
2012-30;2
2012-31;1
2012-32;2
2012-33;1
2012-34;1
2012-35;2
2012-36;2
2012-37;2
2012-38;2
2012-39;2
2012-4;1
2012-40;1
2012-41;2
2012-42;1
2012-43;2
2012-44;2
2012-45;4
2012-46;2
2012-47;2
2012-48;2
2012-49;2
2012-497;1
2012-5;1
2012-51;1
2012-52;1
2012-53;1
2012-54;2
2012-55;2
2012-56;1
2012-57;2
2012-58;1
2012-59;2
2012-6;2
2012-60;1
2012-61;1
2012-62;2
2012-63;2
2012-64;1
2012-65;1
2012-66;1
2012-68;3
2012-69;2
2012-7;1
2012-70;2
2012-71;2
2012-72;1
2012-73;2
2012-74;1
2012-75;2
2012-76;2
2012-77;2
2012-78;2
2012-79;2
2012-8;1
2012-80;1
2012-81;2
2012-83;3
2012-84;2
2012-85;2
2012-86;1
2012-87;1
2012-88;2
2012-89;3
2012-9;2
2012-90;2
2012-91;1
2012-92;2
2012-93;1
2012-94;2
2012-95;1
2012-96;1
2012-97;1
2012-98;2
2012-B1410;1
2012-B1665;1
2012/10;1
2012/102;21
2012/103;1
2012/104;1
2012/105;1
2012/106;1
2012/110;1
2012/111;1
2012/113;1
2012/115;1
2012/116;1
2012/117;1
2012/118;1
2012/12;1
2012/120;1
2012/121;1
2012/122;1
2012/123;1
2012/124;1
2012/125;1
2012/126;1
2012/127;1
2012/128;1
2012/129;1
2012/131;1
2012/132;1
2012/133 en 2012/134;1
2012/135;1
2012/136;1
2012/137;11
2012/139;1
2012/14;2
2012/140;1
2012/141;1
2012/142;2
2012/143;1
2012/144;2
2012/145;1
2012/148;1
2012/148A;1
2012/149;1
2012/151;1
2012/152;1
2012/154;1
2012/155;1
2012/156;1
2012/157;1
2012/159;1
2012/16;1
2012/160;1
2012/161;1
2012/162;1
2012/163;1
2012/164;1
2012/165;1
2012/167;3
2012/169;1
2012/170;1
2012/172;1
2012/19;1
2012/20;1
2012/21;1
2012/22;1
2012/24;1
2012/25;1
2012/26;1
2012/27;1
2012/28;1
2012/29;1
2012/30;1
2012/31;1
2012/34;1
2012/37;1
2012/38;1
2012/4;2
2012/40;1
2012/41;1
2012/42;1
2012/43;4
2012/45;1
2012/46;1
2012/47;1
2012/49;2
2012/5;1
2012/52;1
2012/53;1
2012/54;1
2012/57;1
2012/58;1
2012/59;1
2012/6;1
2012/62;1
2012/63;1
2012/64;1
2012/65;1
2012/66;1
2012/67;1
2012/68;1
2012/69;1
2012/70;1
2012/71;1
2012/72;1
2012/73;1
2012/74;2
2012/75;1
2012/76;1
2012/77;9
2012/78;1
2012/80;1
2012/81;1
2012/82;2
2012/83;1
2012/84;1
2012/85;1
2012/88;1
2012/9;1
2012/91;9
2012/92;1
2012/94;1
2012/96;1
2012/97;1
2012/B1520;1
2012/B1598;2
2012/B1640;1
2012/B1717;1
20120.001;1
20120256;1
20120309;1
20120311/versie1.1;1
20120323;1
20120356/versie 1.4;1
20120373;1
20120405;1
20120417;1
20120428/versie 1.0;1
20121.003;1
2012371/versie 1.3;1
2012405;1
2013;8
2013-01;1
2013-01/01Z;1
2013-01/02Z;1
2013-01/03Z;1
2013-01/04Z;1
2013-01/05Z;1
2013-01/06Z;1
2013-01/07Z;1
2013-01/08Z;1
2013-01/09Z;1
2013-02/01Z;1
2013-02/02Z;1
2013-02/03Z;2
2013-02/04Z;1
2013-02/05Z;1
2013-02/06Z;1
2013-02/07Z;1
2013-02/08cZ;1
2013-02/09Z;1
2013-03/02Z;1
2013-03/03Z;1
2013-03/04Z;2
2013-03/05Z;1
2013-03/07Z;1
2013-03/08Z;1
2013-03/09Z;1
2013-04;1
2013-04/01;1
2013-04/02Z;1
2013-04/03;1
2013-04/03Z;1
2013-04/04;2
2013-04/07Z;1
2013-04/08Z;1
2013-05/01Z;1
2013-05/02Z;1
2013-05/03Z;1
2013-05/04Z;1
2013-05/05Z;1
2013-05/06Z;1
2013-05/07Z;1
2013-05/08Z;1
2013-05/09cZ;1
2013-05/10Z;1
2013-05/11Z;1
2013-06/01Z;2
2013-06/02Z;1
2013-06/03Z;1
2013-06/04Z;1
2013-06/05Z;1
2013-07;1
2013-07/01Z;1
2013-07/02Z;1
2013-07/03Z;1
2013-07/04Z;1
2013-07/05cZ;1
2013-07/06Z;1
2013-07/07Z;1
2013-07/08;1
2013-07/09Z;1
2013-08;1
2013-08/01Z;1
2013-08/02Z;1
2013-08/04Z;1
2013-08/05Z;1
2013-08/06Z;1
2013-08/07Z;1
2013-08/08Z;1
2013-08/11Z;1
2013-09;1
2013-09/01;1
2013-09/02Z;1
2013-09/03Z;1
2013-09/04Z;1
2013-09/05Z;1
2013-09/06Z;1
2013-09/07;1
2013-09/08Z;1
2013-09/09Z;1
2013-09/10Z;1
2013-09/11Z;1
2013-09/12Z;1
2013-09/13Z;2
2013-09/15Z;1
2013-1;3
2013-10;2
2013-10/02Z;1
2013-10/03Z;1
2013-10/04Z;1
2013-10/05Z;1
2013-10/06Z;1
2013-10/08Z;1
2013-10/09Z;1
2013-10/10Z;1
2013-10/11Z;1
2013-10/13Z;1
2013-100;1
2013-101;1
2013-102;1
2013-105;1
2013-11;2
2013-11/01;1
2013-11/02Z;1
2013-11/03Z;1
2013-11/05Z;1
2013-11/06Z;1
2013-11/08Z;1
2013-11/09Z;1
2013-11/10Z;1
2013-11/11Z;1
2013-11/12Z;1
2013-11/13Z;1
2013-12;1
2013-12/01Z;1
2013-12/02Z;2
2013-12/05Z-C;1
2013-12/06Z;1
2013-1209;1
2013-14;1
2013-15;1
2013-17;1
2013-18;6
2013-19;1
2013-2;4
2013-20;1
2013-21;2
2013-212;1
2013-22;1
2013-23;1
2013-24;3
2013-25;1
2013-26;2
2013-27;4
2013-28;1
2013-29;1
2013-3;3
2013-30;1
2013-31;1
2013-33;1
2013-34;6
2013-35;4
2013-36;6
2013-37;1
2013-38;1
2013-39;1
2013-4;2
2013-40;1
2013-41;1
2013-43;1
2013-44;1
2013-45;1
2013-46;1
2013-47;1
2013-48;1
2013-49;1
2013-5;1
2013-50;1
2013-51;1
2013-53;2
2013-54;1
2013-55;1
2013-56;2
2013-57;1
2013-58;1
2013-59;1
2013-6;1
2013-60;1
2013-61;1
2013-62;1
2013-63;1
2013-64;1
2013-65;2
2013-66;1
2013-67;1
2013-68;1
2013-7;1
2013-70;1
2013-71;1
2013-72;1
2013-73;1
2013-74;11
2013-75;1
2013-76;5
2013-77;1
2013-78;1
2013-79;1
2013-80;1
2013-81;1
2013-82;1
2013-83;2
2013-85;1
2013-87;3
2013-88;1
2013-89;1
2013-90;1
2013-91;1
2013-92;1
2013-93;1
2013-94;1
2013-95;2
2013-96;1
2013/02;1
2013/03;1
2013/06;1
2013/09;3
2013/10;1
2013/100;2
2013/104;1
2013/11;1
2013/110;1
2013/112;1
2013/113;1
2013/115;3
2013/116;1
2013/117;2
2013/118;1
2013/119;1
2013/12;1
2013/120;1
2013/121;1
2013/122;1
2013/123;2
2013/124;1
2013/125;2
2013/127;1
2013/129;1
2013/15;2
2013/16;1
2013/17;1
2013/20;1
2013/22;3
2013/23;1
2013/25;1
2013/28;1
2013/30;1
2013/31;2
2013/32;1
2013/33;1
2013/34;1
2013/35;1
2013/36;1
2013/37;2
2013/4;2
2013/40;1
2013/41;1
2013/42;1
2013/43;1
2013/47;1
2013/49;1
2013/5;1
2013/50 2014/17;1
2013/53;2
2013/55;1
2013/58;1
2013/6;1
2013/60;1
2013/61;1
2013/62;2
2013/63;1
2013/64;1
2013/7;2
2013/71;1
2013/72;1
2013/77;1
2013/78;1
2013/8;1
2013/81;1
2013/82;1
2013/83;1
2013/84;1
2013/85;1
2013/86;1
2013/87;1
2013/89;1
2013/91;1
2013/92;1
2013/93;1
2013/94;2
2013/97;1
2013/98;1
2013/99;9
20130440/versie 1.4;1
20130443/versie 2.1;1
20130459/versie 2.0;1
20130463/versie 1.2;1
20130465/versie 1.1;1
20130466/versie 1.2;1
20130467/versie 1.0;1
20130472/versie 2.2;1
20130480;1
20130481/versie 1.4;1
20130485/versie 1.0;1
20130492/versie 1.0;1
20130495/versie 2.0;1
20130497/versie 1.0;1
20130507/versie 1.1;1
20130507/versie 2.0;1
20130508/ versie 1.0;1
20130509;1
20130510/versie 1.0;1
20130517/versie 2.0;1
20130518/versie 1.2;1
20130525/versie 1.0;1
20130527;1
20130530/versie 1.0;1
20130531;1
20130534;1
20130535/versie 1.0;1
20130535/versie 1.1;1
20130536/versie 1.0;2
20130542;1
20130552;1
20130553;1
20130556;1
20130560/versie 1.0;1
20130573;1
20130575;1
20130577;1
20130581;1
20130585;1
20130591;1
20130592;1
20130596;1
20130598;1
20130599;1
20130603;1
20130607;1
20130612;1
20130616;1
20130618;1
20130620;1
20130632;1
20130680;1
20132.007;2
20132204;1
20132803;1
2013524/versie 1;1
2013541;1
2013569;1
20136/96;1
2013610;1
2013611;1
20139.001;2
20139.002;1
2014;6
2014 / 90;1
2014-01;1
2014-01/01Z;1
2014-01/02Z;1
2014-01/03Z;1
2014-01/04Z;1
2014-01/05cZ;1
2014-01/06Z;1
2014-01/08Z;1
2014-01/09Z;1
2014-02;2
2014-02/02Z;1
2014-02/03dZ;1
2014-02/04Z;1
2014-02/05Z;1
2014-02/07Z;1
2014-02/09Z;1
2014-02/11Z;1
2014-02/12Z;2
2014-02/13Z;1
2014-02/14Z;1
2014-02/15Z;1
2014-02/16Z;1
2014-03;1
2014-03/01Z;1
2014-03/02Z;1
2014-03/03Z;1
2014-03/04Z;1
2014-03/05Z;1
2014-03/06Z;2
2014-03/08Z;1
2014-03/09Z;1
2014-03/10Z;2
2014-03/11Z;1
2014-03/12Z;1
2014-03/13Z;1
2014-03/14Z;2
2014-03/15Z;1
2014-03/16Z;1
2014-03/17Z;1
2014-04;1
2014-04/01Z;1
2014-04/02Z;1
2014-04/03CZ;1
2014-04/04Z;1
2014-04/05Z;1
2014-04/06Z;1
2014-04/07Z;1
2014-04/08Z;1
2014-04/09Z;1
2014-04/13Z;1
2014-04/14Z;1
2014-04/15Z;1
2014-04/16Z;1
2014-04/18Z;1
2014-05;1
2014-05/01Z;1
2014-05/02Z;1
2014-05/03Z;1
2014-05/04Z;1
2014-05/05Z;1
2014-05/06Z;1
2014-05/07Z;1
2014-05/09Z;1
2014-05/10Z;1
2014-05/11ZC;1
2014-05/12Z;1
2014-05/14Z;1
2014-05/15Z;1
2014-06;2
2014-06/01Z;1
2014-06/02Z;1
2014-06/04Z;1
2014-06/05Z;1
2014-06/06Z;1
2014-06/07Z;2
2014-06/08Z;3
2014-06/09Z;1
2014-06/10Z;3
2014-06/11Z;1
2014-06/12Z;1
2014-06/13Z;1
2014-06/14Z;1
2014-06/15Z;1
2014-06/16Z;1
2014-07;1
2014-07/01ZA;1
2014-07/01ZB;1
2014-07/01ZC;2
2014-07/02Z;1
2014-07/03Z;1
2014-07/04Z;1
2014-07/05Z;1
2014-07/06;1
2014-07/06Z;1
2014-07/08Z;2
2014-08/02Z;1
2014-08/03Z;1
2014-08/04Z;1
2014-08/05Z;1
2014-08/06Z;1
2014-08/07Z;1
2014-08/08Z;1
2014-08/10Z;1
2014-08/11Z;1
2014-08/12Z;1
2014-08/13Z;4
2014-09;1
2014-09/01Z;1
2014-09/02Z;1
2014-09/03Z;1
2014-09/04Z;1
2014-09/05Z;1
2014-09/08Z;1
2014-09/09Z;1
2014-09/10Z;1
2014-1;1
2014-10/01Z;1
2014-10/03Z;1
2014-10/04Z;1
2014-10/05Z;1
2014-10/06Z;1
2014-10/07Z;1
2014-10/08Z;1
2014-101;1
2014-102;1
2014-103;1
2014-104;1
2014-106;1
2014-107;1
2014-108;1
2014-11;1
2014-11/01Z;1
2014-11/03Z;1
2014-11/04Z;1
2014-11/05Z;1
2014-11/06Z;1
2014-110;1
2014-111;1
2014-112;1
2014-113;1
2014-114;1
2014-115;1
2014-116;1
2014-117;1
2014-118;1
2014-119;1
2014-12;2
2014-12/01Z;1
2014-12/03Z;1
2014-12/04Z;1
2014-12/06Z;1
2014-12/07Z;1
2014-12/08Z;1
2014-12/09cZ;1
2014-1209;1
2014-121;1
2014-122;3
2014-123;1
2014-14;2
2014-15;1
2014-16;2
2014-17;2
2014-18;3
2014-19;2
2014-20;2
2014-214;2
2014-22;1
2014-23;4
2014-24;1
2014-26;1
2014-27;1
2014-29;1
2014-30;1
2014-31;1
2014-32;1
2014-34;1
2014-35;2
2014-36;1
2014-37;1
2014-38;1
2014-39;1
2014-4;1
2014-42;2
2014-43;1
2014-44;1
2014-45;1
2014-46;2
2014-47;1
2014-48;1
2014-49;1
2014-50;1
2014-51;1
2014-52;2
2014-53;2
2014-54;1
2014-55;1
2014-56;1
2014-57;1
2014-58;2
2014-59;1
2014-6;1
2014-60;1
2014-61;1
2014-62;1
2014-64;1
2014-65;2
2014-69;1
2014-70;1
2014-72;1
2014-74;1
2014-76;1
2014-77;1
2014-78;1
2014-79;1
2014-81;2
2014-82;2
2014-83;1
2014-86;1
2014-87;4
2014-88;1
2014-89;1
2014-90;2
2014-92;1
2014-93;1
2014-95;1
2014-96;1
2014-97;1
2014-98;2
2014-99;1
2014.002;1
2014.05;1
2014.101;1
2014.63;1
2014.70;1
2014.76;1
2014.77;1
2014.78;1
2014.79;1
2014.81;1
2014.84;1
2014.85;1
2014.86;1
2014.87;1
2014.88;1
2014.91;1
2014.99;1
2014/05;1
2014/1;1
2014/103;2
2014/104;1
2014/107;1
2014/108;1
2014/109;1
2014/110;2
2014/117;2
2014/119;1
2014/12;1
2014/120;1
2014/122;2
2014/123;2
2014/124;2
2014/125;1
2014/126;1
2014/13;1
2014/133;1
2014/137;1
2014/138;5
2014/140;1
2014/142;1
2014/143;1
2014/145;1
2014/147;1
2014/15;1
2014/150;2
2014/156;1
2014/157;1
2014/158;1
2014/16;1
2014/18;2
2014/19;1
2014/20;1
2014/21;1
2014/23;1
2014/26;3
2014/28;1
2014/29;1
2014/3;1
2014/30;4
2014/31 2014/7;1
2014/32;1
2014/33;1
2014/34;1
2014/35;1
2014/36;1
2014/39;1
2014/4;1
2014/40;1
2014/43;1
2014/47;1
2014/49;1
2014/51;2
2014/52;1
2014/53;1
2014/54;1
2014/55;1
2014/56;2
2014/57;1
2014/59;1
2014/6;1
2014/64;1
2014/66;1
2014/68;1
2014/71;5
2014/73;1
2014/76;6
2014/77;1
2014/78;1
2014/79;1
2014/8;1
2014/81;1
2014/82;1
2014/83;1
2014/84;1
2014/86;1
2014/87;3
2014/88;1
2014/89;1
2014/92;1
2014/93;1
2014/96;2
2014/99;2
20140608;1
20140628;1
20140638;1
20140641;1
20140649;1
20140650;1
20140652;1
20140653;1
20140654;1
20140661;1
20140665;1
20140667;1
20140673;2
20140675;1
20140677;1
20140685;1
20140686;1
20140688;1
20140692;1
20140704;1
20140708;1
20140731;1
20140806;1
20140868;1
2014_35;1
2014_55;1
2014_72;1
2015;6
2015-01/01;1
2015-01/02;1
2015-01/04;1
2015-01/05;1
2015-01/06;1
2015-01/07;1
2015-01/08;1
2015-01/09;4
2015-01/10;1
2015-01/11;2
2015-02;1
2015-02/01;1
2015-02/03;1
2015-02/04;1
2015-02/05;1
2015-02/06;1
2015-02/07;1
2015-02/09;1
2015-02/12;1
2015-02/14;1
2015-024;1
2015-026;1
2015-03/03c;1
2015-03/04;1
2015-03/05;1
2015-03/06;2
2015-03/07;1
2015-03/09;1
2015-03/11;1
2015-03/12;1
2015-03/13;1
2015-03/15;1
2015-04/01;1
2015-04/02;1
2015-04/03;1
2015-04/05;1
2015-04/06;1
2015-04/07;1
2015-04/08;1
2015-05;1
2015-05/02;1
2015-05/03;1
2015-05/04;1
2015-05/05;1
2015-05/06;1
2015-05/09;1
2015-05/10;1
2015-05/11;1
2015-05/13;1
2015-06;1
2015-06/01;1
2015-06/02;1
2015-06/04;1
2015-06/05;1
2015-06/06;1
2015-06/07;1
2015-06/08;1
2015-07/01;1
2015-07/02;2
2015-07/03;1
2015-07/04;1
2015-07/05;1
2015-07/06;1
2015-07/10;1
2015-07/12;1
2015-07/13;1
2015-08;1
2015-08/01;1
2015-08/02;1
2015-08/03;1
2015-08/04;1
2015-08/05;1
2015-08/06;1
2015-08/07;1
2015-08/08;1
2015-09/01;1
2015-09/02;2
2015-09/03;1
2015-09/04;1
2015-09/05;1
2015-09/06;1
2015-09/07;1
2015-09/08;1
2015-09/09;1
2015-09/12;1
2015-09/13;1
2015-09/14;1
2015-1;1
2015-10;1
2015-10/01;1
2015-10/02;1
2015-10/03;1
2015-10/04;1
2015-10/05;1
2015-10/06;1
2015-10/08;1
2015-10/09;1
2015-10/10;1
2015-101;1
2015-104;1
2015-105;1
2015-106;1
2015-108;1
2015-11;1
2015-11/02;2
2015-11/04;2
2015-11/07;1
2015-11/08;1
2015-11/10;1
2015-11/11;1
2015-11/13;1
2015-113;1
2015-114;1
2015-116;1
2015-118;2
2015-119;1
2015-12;1
2015-12/01;1
2015-12/06;1
2015-12/07;1
2015-120;1
2015-1209;1
2015-121;1
2015-123;1
2015-128;1
2015-130;1
2015-131;1
2015-134;2
2015-135;1
2015-137;1
2015-14;1
2015-15;1
2015-16;1
2015-17;1
2015-19;1
2015-21;1
2015-22;1
2015-23;1
2015-25;1
2015-26;1
2015-27;1
2015-29;1
2015-3;1
2015-31;1
2015-32;1
2015-34;1
2015-39;1
2015-40;1
2015-41;1
2015-43;1
2015-46;1
2015-47;1
2015-48;1
2015-49;1
2015-50;1
2015-52;2
2015-53;1
2015-54;1
2015-55;1
2015-57;4
2015-58;1
2015-59;1
2015-60;1
2015-61;1
2015-62;1
2015-63;1
2015-64;1
2015-66;1
2015-67;1
2015-68;1
2015-69;1
2015-71;1
2015-72;2
2015-73;1
2015-74;1
2015-75;1
2015-80;1
2015-81;1
2015-83;1
2015-90;1
2015-92;1
2015-94;1
2015-95;1
2015-96;1
2015-98;1
2015-99;1
2015.01;1
2015.02;1
2015.03;1
2015.05;1
2015.06;1
2015.07;1
2015/101;2
2015/102;1
2015/103;1
2015/105;1
2015/106;1
2015/108;1
2015/109;2
2015/11;1
2015/110;1
2015/111;1
2015/112;1
2015/113;1
2015/114;1
2015/115;1
2015/116;1
2015/117;1
2015/118;1
2015/119;1
2015/12;1
2015/120;1
2015/122;1
2015/125;3
2015/127;1
2015/128;2
2015/129;1
2015/13;2
2015/130;4
2015/131;1
2015/132;1
2015/135;1
2015/136;1
2015/14;1
2015/140;2
2015/141;1
2015/142;1
2015/143;1
2015/145;1
2015/146;1
2015/147;1
2015/148;1
2015/149;1
2015/15;2
2015/150;2
2015/151;1
2015/152;1
2015/153;1
2015/154;1
2015/155;1
2015/158;1
2015/159;1
2015/162;1
2015/163;1
2015/164;1
2015/165;1
2015/167;1
2015/168;1
2015/169;1
2015/17;1
2015/170;1
2015/18;2
2015/19;1
2015/22;1
2015/23;1
2015/24;2
2015/25;1
2015/27;1
2015/31;1
2015/32;2
2015/37;1
2015/38;1
2015/39;1
2015/40;3
2015/41;1
2015/43;1
2015/44;2
2015/45;1
2015/46;1
2015/47;1
2015/50;1
2015/54;1
2015/57;1
2015/60;1
2015/61;1
2015/62;1
2015/68;1
2015/69;1
2015/7;1
2015/70;1
2015/72;2
2015/73;1
2015/77;1
2015/78;1
2015/79;1
2015/80;2
2015/81;1
2015/82;1
2015/87;1
2015/88;1
2015/89;1
2015/91;1
2015/92;1
2015/94;1
2015/95;1
2015/96;1
2015/97;2
2015/98;2
2015/99;3
20150886;1
20150888;1
20150889;1
20150890;1
20150892;1
20150894;1
20150907;1
20150935;1
20150946;1
20150960;1
20150961;1
20150963;1
20150973;3
20151007;1
20151018;2
20151019;1
20151021;1
20151030;1
20151032;2
20151033;1
20151035;1
20151036;1
20151041;1
20151046;1
20151047;1
20151056;1
20151059;1
20151060;1
20151062;1
20151066;1
20151078;1
20151081;1
20151084;1
20151085;1
20151087;1
20151096;1
20151101;2
20151102;1
20151112;1
20151113;1
20151114;1
20151115;1
20151119;1
20151121;1
20151123;1
20151126;1
20151128;2
20151151;1
2016;11
2016 / 97;1
2016-01/01;1
2016-01/05;1
2016-01/06;1
2016-02;2
2016-02/01;4
2016-02/02;1
2016-02/03;2
2016-02/04;1
2016-02/05;1
2016-02/06;1
2016-02/07;1
2016-02/08;1
2016-02/09;1
2016-02/10;1
2016-02/11;1
2016-02/12;2
2016-03;1
2016-03/01;1
2016-03/02;1
2016-03/03;1
2016-03/04;1
2016-03/05;1
2016-03/06;1
2016-03/08;1
2016-03/09;1
2016-03/10;1
2016-03/11;1
2016-030;1
2016-04;1
2016-04/01;1
2016-04/02;1
2016-04/05;1
2016-04/06;1
2016-04/09;1
2016-05/01;1
2016-05/03;1
2016-05/04;1
2016-05/05;1
2016-05/06;1
2016-05/07;3
2016-05/09;1
2016-05/10;1
2016-05/11;1
2016-05/12;1
2016-05/13;1
2016-06/01;1
2016-06/02;1
2016-06/03;1
2016-06/04;1
2016-06/05;1
2016-06/06c;1
2016-06/07;1
2016-06/08;1
2016-06/09;1
2016-06/10;1
2016-06/11;1
2016-06/12;1
2016-06/13;1
2016-06/14;1
2016-07;1
2016-07/01;1
2016-07/02;2
2016-07/03;1
2016-07/04;1
2016-07/05;1
2016-07/06;1
2016-07/07;1
2016-07/08;1
2016-07/09;1
2016-08;1
2016-08/01;1
2016-08/02;1
2016-08/03;1
2016-08/04;1
2016-08/05;1
2016-08/06;1
2016-08/07;1
2016-09;2
2016-09/01;1
2016-09/02;1
2016-09/05;1
2016-09/06;1
2016-09/07;1
2016-09/08;1
2016-09/09;1
2016-09/11;1
2016-09/13;2
2016-09/14;1
2016-09/15;1
2016-1;1
2016-10;1
2016-10/01;3
2016-10/02;2
2016-10/03c;1
2016-10/04;1
2016-10/07;1
2016-10/10;1
2016-10/11;1
2016-10/13;1
2016-100;1
2016-102;1
2016-104;1
2016-105;1
2016-106;1
2016-107;1
2016-108;1
2016-109;1
2016-11;2
2016-11/01;1
2016-11/03;1
2016-11/04;1
2016-11/05;1
2016-11/07;1
2016-11/08;1
2016-11/09;1
2016-11/10;1
2016-11/12;2
2016-11/13;1
2016-11/14;2
2016-11/15;1
2016-11/17c;1
2016-110;1
2016-111;2
2016-114;2
2016-117;1
2016-118;1
2016-12/01;1
2016-12/02;1
2016-12/03;1
2016-12/04;1
2016-12/05;1
2016-120;1
2016-1209;1
2016-122;1
2016-123;1
2016-124;1
2016-125;1
2016-126;1
2016-129;1
2016-130;1
2016-131;1
2016-132;1
2016-133;2
2016-134;1
2016-136;1
2016-139;1
2016-14;1
2016-141;1
2016-142;1
2016-17;1
2016-18;2
2016-19;1
2016-20;1
2016-21;1
2016-22;1
2016-23;2
2016-25;1
2016-26;1
2016-29;1
2016-32;1
2016-34;1
2016-38;1
2016-41;1
2016-43;1
2016-45;1
2016-46;1
2016-47;1
2016-48;1
2016-49;1
2016-50;1
2016-51;1
2016-53;1
2016-54;1
2016-55;1
2016-56;1
2016-57;2
2016-59;1
2016-61;1
2016-62;1
2016-63;1
2016-64;1
2016-65;1
2016-68;1
2016-69;1
2016-70;1
2016-71;1
2016-72;1
2016-73;1
2016-74;2
2016-75;1
2016-76;1
2016-77;1
2016-78;2
2016-80;1
2016-84;1
2016-85;1
2016-87;1
2016-88;1
2016-89;1
2016-93;1
2016-94;1
2016-95;1
2016-97;1
2016-98;1
2016-99;1
2016.01;1
2016.02;1
2016.03;1
2016.04;1
2016.07;1
2016.08;1
2016.09;1
2016.10;1
2016/011;1
2016/026;1
2016/043;1
2016/065;1
2016/1;1
2016/10;1
2016/100;1
2016/102;1
2016/104;1
2016/105;1
2016/106;1
2016/107;1
2016/108;1
2016/109;1
2016/110;2
2016/111;1
2016/112;1
2016/113;1
2016/114;1
2016/115;1
2016/116;1
2016/117;1
2016/118;1
2016/119;1
2016/12;1
2016/120;1
2016/121;1
2016/123;1
2016/124;1
2016/125;1
2016/126;1
2016/127;1
2016/128;2
2016/129;1
2016/13;1
2016/130;1
2016/133;1
2016/136;1
2016/137;1
2016/139;1
2016/14;1
2016/140;1
2016/141;1
2016/142;2
2016/143;1
2016/145;1
2016/146;1
2016/147;1
2016/148;1
2016/149;1
2016/15;1
2016/150;1
2016/151;1
2016/152;1
2016/153;1
2016/154;1
2016/155;1
2016/156;1
2016/158;2
2016/159;1
2016/16;1
2016/161;1
2016/162;1
2016/163;1
2016/165;1
2016/166;1
2016/167;1
2016/168;1
2016/169;1
2016/17;1
2016/170;1
"2016/170; 2016/135; 2016/157";3
2016/171;1
2016/172;1
2016/173;1
2016/174;1
2016/175;1
2016/176;1
2016/178;1
2016/180;1
2016/181;4
2016/182;1
2016/183;1
2016/185;1
2016/186;1
2016/187;1
2016/188;1
2016/189;1
2016/19;1
2016/190;2
2016/191;1
2016/2;2
2016/20;1
2016/21;1
2016/22;1
2016/23;1
2016/24;1
2016/25;1
2016/27;1
2016/28;1
2016/3;2
2016/30;1
2016/31;1
2016/32;1
2016/33;1
2016/34;1
2016/35;1
2016/36;1
2016/37;1
2016/38;2
2016/39;1
2016/4;1
2016/40;1
2016/41;1
2016/42;1
2016/45;1
2016/46;1
2016/47;1
2016/48;1
2016/49;1
2016/50;1
2016/51;1
2016/52;1
2016/53;1
2016/54;1
2016/55;1
2016/56;1
2016/57;1
2016/58 en 2016/44;2
2016/59;1
2016/6;1
2016/60;1
2016/61;1
2016/63;1
2016/64;1
2016/66;1
2016/67;1
2016/69;2
2016/7;1
2016/71;1
2016/72;1
2016/73;1
2016/75;1
2016/76;1
2016/77;1
2016/78;1
2016/79;1
2016/8;1
2016/81;2
2016/83;1
2016/84;1
2016/85;1
2016/86;1
2016/87;1
2016/88;1
2016/89;1
2016/90;1
2016/91;1
2016/92;1
2016/93;1
2016/94;1
2016/95;1
2016/96;1
2016/98;1
2016/99;1
20161135;1
20161139;1
20161150;1
20161157;1
20161162;1
20161163;1
20161166;1
20161172;2
20161174;2
20161183;3
20161186;3
20161187;1
20161188;3
20161200;1
20161202;1
20161203;1
20161206;1
20161207;1
20161208;1
201612089;2
20161224;1
20161225;1
20161234;1
20161245;1
20161246;1
20161250;2
20161251;1
20161255;2
20161258;1
20161265;1
20161270;1
20161271;1
20161272;1
20161273;2
20161277;1
20161280;1
20161281;1
20161282;3
20161290;1
20161296;1
20161299;1
20161306;1
20161307;1
20161317;1
20161319;3
20161344;2
20161345;2
20161347;1
20161350;4
20161354;1
20161357;3
20161359;2
20161366;1
20161369;3
20161375;2
20161378;1
20161398;1
20161402;2
20161406;2
20161407;2
20161422;1
20161424;2
20161432;3
20161436;1
20161451;1
20161453;1
2016164;1
2016234;1
2016250;1
20163.001;2
2016337;1
20166.002;1
2017;8
2017-01;1
2017-01/01;1
2017-01/02;1
2017-01/03;1
2017-01/04;1
2017-01/05;1
2017-01/07;1
2017-01/08;1
2017-01/09;1
2017-01/10;1
2017-02;1
2017-02/02;1
2017-02/04;1
2017-02/05;1
2017-02/07;1
2017-02/09;1
2017-02/10;1
2017-03;1
2017-03/01;1
2017-03/02;1
2017-03/03;1
2017-03/04;1
2017-03/05;1
2017-03/06;1
2017-03/07;1
2017-03/09;1
2017-03/10;1
2017-03/11;1
2017-03/13;1
2017-04-26;1
2017-04/01;1
2017-04/02;1
2017-04/03;1
2017-04/04;1
2017-04/06;1
2017-04/08;1
2017-04/09;1
2017-04/10;1
2017-04/11;1
2017-046;1
2017-05;1
2017-05/01;1
2017-05/02;1
2017-05/03;1
2017-05/04;1
2017-05/05;1
2017-05/07;1
2017-05/08;1
2017-05/09;1
2017-05/10;1
2017-05/11;1
2017-05/12;1
2017-05/13;1
2017-05/15;1
2017-05/17;1
2017-06/01;1
2017-06/02;1
2017-06/04;1
2017-06/05;1
2017-06/08;1
2017-06/09;1
2017-06/10;1
2017-06/11;1
2017-06/12;1
2017-06/14;1
2017-07;1
2017-07/01;1
2017-07/02;1
2017-07/03;1
2017-07/04;1
2017-07/05;1
2017-07/06;1
2017-07/07;1
2017-07/08;1
2017-08;1
2017-08/01;2
2017-08/02;1
2017-08/05;1
2017-08/06;1
2017-08/08;1
2017-08/09;1
2017-09/01;1
2017-09/02;6
2017-09/03;1
2017-09/04;1
2017-09/06;1
2017-09/07;1
2017-09/08;1
2017-09/09;1
2017-09/10c;1
2017-09/11;1
2017-09/13;1
2017-10/01;1
2017-10/02;1
2017-10/04;1
2017-10/05;1
2017-10/06;1
2017-10/07c;1
2017-10/08;1
2017-10/09;1
2017-10/10;1
2017-10/11;3
2017-100;2
2017-101;2
2017-103;2
2017-105;1
2017-106;1
2017-109;1
2017-11/01;1
2017-11/02c;1
2017-11/03;1
2017-11/04;1
2017-11/05;1
2017-11/06;1
2017-11/07;1
2017-11/09;1
2017-11/11;1
2017-11/12;1
2017-110;1
2017-111;1
2017-112;1
2017-113;1
2017-114;1
2017-116;1
2017-118;1
2017-119;1
2017-12/02;1
2017-12/03;1
2017-12/05;1
2017-12/06;1
2017-12/08;1
2017-120;2
2017-121;1
2017-122;1
2017-124;1
2017-128;1
2017-130;1
2017-132;1
2017-133;1
2017-134;1
2017-136;1
2017-139;2
2017-14;1
2017-140;2
2017-141;1
2017-143;1
2017-144;1
2017-145;1
2017-149;1
2017-150;1
2017-155;1
2017-158;1
2017-16;1
2017-160;1
2017-162;1
2017-163;2
2017-168;1
2017-170;2
2017-171;2
2017-172;1
2017-173;1
2017-176;2
2017-178;2
2017-183;1
2017-184;2
2017-186;2
2017-187;2
2017-188;2
2017-19;1
2017-191;1
2017-193;2
2017-194;1
2017-195;1
2017-198;2
2017-199;1
2017-200;1
2017-201;1
2017-202;1
2017-203;2
2017-204;1
2017-206;1
2017-207;2
2017-208;2
2017-22;1
2017-23;1
2017-24;2
2017-26;4
2017-27;1
2017-29;1
2017-31;1
2017-33;1
2017-35;3
2017-38;2
2017-41;1
2017-43;1
2017-44;1
2017-45;1
2017-46;1
2017-47;1
2017-48;1
2017-49;1
2017-83;1
2017-88;1
2017-89;1
2017-91;2
2017-94;1
2017-95;1
2017-97;1
2017-99;1
2017.01;1
2017.02;1
2017.03;1
2017.05;1
2017.06;1
2017.07;1
2017.08;1
2017.09;1
2017.10;1
2017.11;1
2017.12;1
2017.13;1
2017.15;1
2017.16;1
2017.17;1
2017.18;1
2017.20;1
2017.21;1
2017.22;1
2017.23;1
2017.24;1
2017.25;1
2017.26;1
2017.27;1
2017.29;1
2017.30;1
2017.31;1
2017.32;1
2017.33;1
2017.34;1
2017.35;1
2017.36;1
2017.37;1
2017.38;1
2017.39;1
2017.40;1
2017.41;1
2017.42;1
2017/10;1
2017/100;1
2017/102;1
2017/103;1
2017/104;1
2017/105;1
2017/106;2
2017/107;1
2017/109;1
2017/11;1
2017/110;1
2017/111;1
2017/112;1
2017/113;1
2017/114;1
2017/115;1
2017/116;1
2017/12;1
2017/12-04;1
2017/123;1
2017/124;1
2017/125;1
2017/126;1
2017/127;1
2017/129;1
2017/13;3
2017/130;1
2017/132;1
2017/134;1
2017/135;1
2017/136;1
2017/137;1
2017/138;1
2017/14;1
2017/140;1
2017/141;1
2017/146;1
2017/148;1
2017/149;1
2017/150;1
2017/151;1
2017/152;1
2017/153;1
2017/154;1
2017/155;1
2017/156;1
2017/157;1
2017/158;1
2017/159;1
2017/160;1
2017/161;1
2017/163;1
2017/164;1
2017/165;1
2017/166;1
2017/168;1
2017/169;1
2017/17;1
2017/170;1
2017/172;1
2017/174;1
2017/175;1
2017/176;1
2017/177;2
2017/178;1
2017/179;1
2017/18;1
2017/180;1
2017/181;1
2017/182;1
2017/184;1
2017/185;1
2017/186;1
2017/188;1
2017/189;1
2017/190;1
2017/191;1
2017/192;1
2017/193;1
2017/197;1
2017/2;2
2017/21 en;2
2017/23;1
2017/24;1
2017/25 en 2017/73;1
2017/26;2
2017/27;1
2017/28;1
2017/29;1
2017/3;1
2017/30;1
2017/32;2
2017/33;1
2017/34 en 2017/60;1
2017/35;1
2017/36;1
2017/37;1
2017/38;1
2017/39;1
2017/4;1
2017/42;1
2017/46;1
2017/47;1
2017/49;1
2017/5;1
2017/50;1
2017/51;1
2017/52;1
2017/53;1
2017/55;1
2017/57;1
2017/59;1
2017/6;1
2017/61;1
2017/64;1
2017/65;1
2017/66;1
2017/68;1
2017/69;1
2017/7;1
2017/75 en 2017/131;2
2017/76;1
2017/77;1
2017/79;1
2017/8;1
2017/80;1
2017/81;1
2017/82;1
2017/83;1
2017/84;1
2017/86;1
2017/87;1
2017/88;1
2017/9;1
2017/91;1
2017/92;1
2017/93;1
2017/94;2
2017/97;2
2017/98;1
20170.001;1
201701;1
2017052601;1
20171.002;1
2017127;1
20171510;1
20171517;1
20171522;1
20171524;1
20171535;1
20171536;1
20171541;1
20171542;1
20171557;1
20171571;4
20171575;2
20171580;1
20171609;1
20171614;1
20171618;1
20171630;2
20171631;1
20171636;1
20171643;1
20171648;1
20171651;2
20171654;1
20171657;1
20171669;1
20171673;1
20171684;1
20171699;1
20171704;2
20171711;1
20171726;2
20171734;1
20171738;1
20171746;2
20171751;1
20171752;1
20171753;1
20171761;2
20171820;2
2017203883;1
2018;8
2018-01;2
2018-01/02;1
2018-01/03;1
2018-01/04;1
2018-01/05;1
2018-01/07;1
2018-01/08;1
2018-01/09;1
2018-01/10;1
2018-01/11;1
2018-01/12;1
2018-01/13;1
2018-01/14;1
2018-01/15;1
2018-01/16;1
2018-02/02;1
2018-02/04;1
2018-02/05;1
2018-02/06;1
2018-02/07;1
2018-02/08;1
2018-02/09;1
2018-02/10;1
2018-02/11;1
2018-02/13;1
2018-03;1
2018-03/01;1
2018-03/02;1
2018-03/03;1
2018-03/04;1
2018-03/05;1
2018-03/06;1
2018-03/07;1
2018-03/08;1
2018-03/09;1
2018-03/10;1
2018-04/01;1
2018-04/02;1
2018-04/03;1
2018-04/04;1
2018-04/05;1
2018-04/06;1
2018-04/07;1
2018-04/08;1
2018-04/09;1
2018-04/11;1
2018-04/12;1
2018-04/13;1
2018-04/14;1
2018-04/15;1
2018-04/16;1
2018-05;2
2018-05/014;1
2018-05/02;1
2018-05/03;1
2018-05/04;1
2018-05/05;1
2018-05/06;1
2018-05/07;1
2018-05/08;1
2018-05/10;1
2018-05/11;1
2018-052;1
2018-054;1
2018-06;1
2018-06/01;1
2018-06/02;1
2018-06/03;1
2018-06/04;1
2018-06/05;1
2018-06/06;1
2018-06/08;1
2018-06/09;1
2018-06/12;1
2018-07;2
2018-07/01;1
2018-07/02;1
2018-07/03c;1
2018-07/04;1
2018-07/05;1
2018-08;1
2018-08/01;1
2018-08/02;1
2018-08/04;1
2018-08/05;1
2018-08/06;1
2018-08/07;1
2018-08/08;1
2018-08/09;1
2018-08/10;1
2018-08/11;1
2018-08/12;1
2018-09/01;1
2018-09/02;1
2018-09/03;1
2018-09/04;1
2018-09/06;1
2018-09/07;1
2018-09/09;1
2018-09/10;1
2018-09/11;1
2018-09/12;1
2018-10;1
2018-10/01;1
2018-10/02;1
2018-10/03;1
2018-10/04;1
2018-10/05;1
2018-10/06;1
2018-10/07;1
2018-10/11;1
2018-10/12;1
2018-100;11
2018-101;1
2018-102;1
2018-103;3
2018-105;2
2018-106;1
2018-108;2
2018-109;2
2018-11/01;1
2018-11/02;1
2018-11/03;1
2018-11/04;1
2018-11/06;1
2018-11/07;1
2018-11/11;1
2018-11/12;1
2018-11/13;1
2018-110;2
2018-112;1
2018-113;1
2018-115;1
2018-116;1
2018-118;1
2018-119;1
2018-12;1
2018-12/01;1
2018-12/03;1
2018-12/04;1
2018-12/05;1
2018-12/06;1
2018-12/07;1
2018-120;1
2018-1209;1
2018-122;1
2018-123;1
2018-125;2
2018-127;1
2018-129;2
2018-13;1
2018-17;7
2018-18;1
2018-21;2
2018-214;1
2018-22;1
2018-25;2
2018-26;2
2018-27;2
2018-28;2
2018-31;1
2018-33;1
2018-36;1
2018-38;1
2018-40;2
2018-41;2
2018-42;1
2018-48;1
2018-49;1
2018-51;1
2018-52;1
2018-55;4
2018-57;5
2018-58;1
2018-59;1
2018-60;1
2018-61;1
2018-62;1
2018-63;1
2018-64;2
2018-65;1
2018-66;1
2018-70;1
2018-72;2
2018-73;1
2018-74;1
2018-75;2
2018-76;2
2018-79;1
2018-81;1
2018-82;2
2018-83;1
2018-85;1
2018-87;1
2018-90;2
2018-91;2
2018-92;2
2018-93;2
2018-94;2
2018-95;1
2018-97;2
2018-99;1
2018.01;1
2018.02;1
2018.03;1
2018.04;1
2018.05;1
2018.06;1
2018.07;1
2018.09;1
2018.10;1
2018.11;1
2018.12;1
2018.13;1
2018.14;1
2018.15;1
2018.16;1
2018.17;1
2018.18;1
2018.19;1
2018.20;1
2018.21;1
2018.23;1
2018.24;1
2018.25;1
2018.26;1
2018.27;1
2018.28;1
2018.29;1
2018.33;1
2018.34;1
2018.35;1
2018.36;1
2018.37;1
2018.39;1
2018.40;1
2018.41;1
2018.42;1
2018.43;1
2018.44;1
2018.45;1
2018.46;1
2018/1;1
2018/10;1
2018/100;1
2018/101;1
2018/102, 2018/13 en 2018/80;1
2018/103;1
2018/105;1
2018/107;1
2018/108;1
2018/109;1
2018/11;1
2018/114;1
2018/116;1
2018/117;1
2018/118;1
2018/119;1
2018/12;1
2018/121;1
2018/122;1
2018/123;1
2018/125;1
2018/126;1
2018/127;1
2018/128;2
2018/129;1
2018/13;1
2018/130;1
2018/131;1
2018/135;1
2018/136;1
2018/137;1
2018/138;1
2018/139;1
2018/14;1
2018/140;1
2018/141;1
2018/142;1
2018/143;1
2018/144;1
2018/147;1
2018/148;1
2018/15;1
2018/150;1
2018/152;1
2018/153;1
2018/154;1
2018/155;1
2018/156;1
2018/157;1
2018/159;1
2018/16;1
2018/160;1
2018/161;1
2018/162;1
2018/163;1
2018/164;1
2018/165;1
2018/166;1
2018/167;1
2018/17;1
2018/171;1
2018/172;1
2018/173;1
2018/174;1
2018/176;1
2018/177;1
2018/178;1
2018/179;1
2018/18;1
2018/180;1
2018/181;1
2018/182;1
2018/183;1
2018/185;1
2018/187;1
2018/188;1
2018/189;1
2018/190;1
2018/191;1
2018/192;1
2018/193;1
2018/194;1
2018/195;1
2018/196;1
2018/197;1
2018/198;1
2018/199;1
2018/2;1
2018/20;1
2018/200;1
2018/202;1
2018/21;1
2018/22;1
2018/23;1
2018/24;1
2018/25;1
2018/27;1
2018/28;1
2018/29;1
2018/3;2
2018/31;1
2018/32;1
2018/33;1
2018/34;1
2018/35;1
2018/37;7
2018/38;1
2018/39;3
2018/40;1
2018/42;1
2018/43;1
2018/46;1
2018/48;1
2018/5;1
2018/50;1
2018/51;1
2018/52;1
2018/55;1
2018/59;1
2018/6;1
2018/60;1
2018/61;1
2018/62;1
2018/63;1
2018/64;1
2018/65;1
2018/66;1
2018/67;1
2018/68;1
2018/69;1
2018/70;1
2018/71;1
2018/72;1
2018/73;1
2018/74;1
2018/75;1
2018/76;1
2018/77;1
2018/78;1
2018/79;1
2018/8;1
2018/82;1
2018/83;1
2018/84;1
2018/86;1
2018/87;1
2018/89;1
2018/9;1
2018/95;1
2018/96;1
2018/98;1
2018/99;1
20181791;2
20181792;3
20181796;2
20181799;1
20181809;2
20181843;2
20181845;2
20181849;2
20181861;3
20181865;1
20181878;1
20181883;4
20181889;2
20181900;1
20181909;2
20181921;2
20181922;2
20181927;2
20181971;2
20181986;2
20181992;2
20182005;2
20182101;2
20182122;2
20182141;1
20182165;1
2019;8
2019-01;1
2019-01/01;1
2019-01/04;1
2019-01/05;1
2019-01/06;1
2019-01/07;1
2019-01/08;1
2019-01/09;1
2019-01/10;1
2019-01/12;1
2019-02;1
2019-02/01;1
2019-02/02;1
2019-02/03;1
2019-02/04;1
2019-02/05;1
2019-02/06;1
2019-02/07;1
2019-02/09;1
2019-03;2
2019-03/01;1
2019-03/02;1
2019-03/03;1
2019-03/04;1
2019-03/05;1
2019-03/06;1
2019-03/07;1
2019-03/08;1
2019-03/10;1
2019-03/11;1
2019-03/12;1
2019-03/13;1
2019-03/14;1
2019-03/15;1
2019-04;2
2019-04/02;1
2019-04/03;1
2019-04/05;1
2019-04/06;1
2019-04/08;1
2019-04/09;1
2019-04/10;1
2019-04/11;1
2019-04/13;1
2019-04/14;1
2019-05/01;1
2019-05/02;2
2019-05/03;1
2019-05/04;1
2019-05/05;1
2019-05/06;1
2019-05/07;1
2019-05/08;1
2019-05/11;1
2019-05/12;1
2019-05/13;1
2019-05/14;1
2019-05/15;1
2019-05/16;1
2019-05/17;1
2019-057;1
2019-06;1
2019-06/01;1
2019-06/02;1
2019-06/03;1
2019-06/05;1
2019-06/06;1
2019-06/08;1
2019-06/09;1
2019-06/10;1
2019-06/11;1
2019-06/12;1
2019-07;2
2019-07/01;1
2019-07/02;1
2019-07/03;1
2019-07/04;1
2019-07/05;1
2019-07/07;2
2019-07/08;2
2019-07/09;2
2019-07/10;2
2019-07/11;1
2019-07/12;1
2019-07/15;1
2019-07/16;1
2019-07/17;1
2019-07/18;1
2019-07/20;1
2019-07/22;1
2019-08;1
2019-08/01;1
2019-08/02;1
2019-08/03;1
2019-08/04;1
2019-08/05;1
2019-08/06;1
2019-08/07;2
2019-08/08;1
2019-08/09;1
2019-08/10;1
2019-08/12;1
2019-08/13;1
2019-08/14;2
2019-09/02;1
2019-09/03;1
2019-09/04;1
2019-09/05;1
2019-09/06;1
2019-09/07;1
2019-09/09;1
2019-09/10;1
2019-09/11;1
2019-09/12;1
2019-09/13;1
2019-09/14;1
2019-09/15;1
2019-09/16;1
2019-10;2
2019-10/02;1
2019-10/05;1
2019-10/07;1
2019-10/08;1
2019-10/09;1
2019-10/10;1
2019-10/11;1
2019-10/14;1
2019-11/01;1
2019-11/02;1
2019-11/05;1
2019-11/07;1
2019-11/08;1
2019-11/09;1
2019-114;1
2019-12;1
2019-12/01;1
2019-12/02;1
2019-12/03a;1
2019-12/03b;1
2019-12/04;1
2019-12/07;1
2019-12/08;1
2019-12/09a;1
2019-12/09b;1
2019-12/09c;1
2019-1210;1
2019-13;3
2019-15;2
2019-16;2
2019-18;1
2019-20;1
2019-24;1
2019-25;1
2019-26;3
2019-28;1
2019-29;2
2019-30;2
2019-34;1
2019-38;1
2019-39;4
2019-40;4
2019-41;1
2019-42;1
2019-44;1
2019-46;2
2019-47;1
2019-48;2
2019-49;1
2019-50;1
2019-51;3
2019-52;1
2019-53;2
2019-54;1
2019-55;2
2019-60;1
2019-61;1
2019-64;2
2019-65;1
2019-66;1
2019-67;1
2019-70;1
2019-71;1
2019-73;1
2019-75;2
2019-77;1
2019-79;1
2019-81;2
2019-82;1
2019-83;1
2019-84;1
2019-85;1
2019-86;1
2019-87;2
2019-88;1
2019-89;1
2019-90;1
2019-91;2
2019-94;1
2019-96;1
2019.01;1
2019.02;1
2019.04;1
2019.05;1
2019.06;1
2019.07;1
2019.09;1
2019.11;1
2019.12;1
2019.13;1
2019.15;1
2019.16;1
2019.17;1
2019.18;1
2019.19;1
2019.20;1
2019.21;1
2019.22;1
2019.25;1
2019.26;1
2019.27;1
2019.28;1
2019.29;1
2019.30;1
2019.31;1
2019.32;1
2019.33;1
2019.34;1
2019.35;1
2019.37;1
2019.38;1
2019.39;1
2019.41;1
2019.42;1
2019.43;1
2019.44;1
2019/1;1
2019/10;1
2019/104;1
2019/105;1
2019/106;1
2019/107;1
2019/108;1
2019/109;1
2019/11;1
2019/110;1
2019/111;1
2019/112;1
2019/114;1
2019/115;1
2019/117;1
2019/118;1
2019/12;1
2019/125;1
2019/127;1
2019/128;1
2019/129;1
2019/13;1
2019/133;1
2019/137;1
2019/138;1
2019/139;1
2019/14;1
2019/140;1
2019/141;1
2019/142;2
2019/143;2
2019/144;1
2019/146;1
2019/152;1
2019/153;1
2019/155;1
2019/156;1
2019/159;1
2019/16;1
2019/160;1
2019/161;1
2019/164;1
2019/165;1
2019/167;1
2019/168;1
2019/170;1
2019/171;3
2019/173;1
2019/174;1
2019/177;1
2019/178;1
2019/181;1
2019/182;1
2019/183;1
2019/185;1
2019/186;1
2019/189;1
2019/19;2
2019/191;1
2019/196;1
2019/198;1
2019/199;1
2019/2;1
2019/20;1
2019/200;1
2019/21;1
2019/22;1
2019/23;1
2019/26;1
2019/28;1
2019/29;1
2019/3;1
2019/31;1
2019/32;2
2019/34;1
2019/35;1
2019/36;1
2019/37;1
2019/38;1
2019/39;1
2019/4;1
2019/41;1
2019/42;1
2019/43;1
2019/44;2
2019/45;1
2019/46;1
2019/47;1
2019/48 & 2019/68;2
2019/49;1
2019/50;2
2019/51;1
2019/52;1
2019/53;1
2019/54;1
2019/55;1
2019/56;1
2019/57;1
2019/58;1
2019/59;1
2019/60;1
2019/61;1
2019/62;2
2019/63;1
2019/64;1
2019/65;1
2019/66 & 2019/76;2
2019/67;1
2019/69;1
2019/7;1
2019/70;1
2019/71;1
2019/73;1
2019/74;1
2019/75;1
2019/77;1
2019/78;1
2019/79;1
2019/8;1
2019/80;1
2019/81;2
2019/82;1
2019/85;1
2019/86;1
2019/87;1
2019/89;1
2019/9;1
2019/91;1
2019/92;2
2019/93;1
2019/94;1
2019/95;1
2019/96;1
2019/97;2
2019046;2
2019092601;1
20191219;2
20192181;2
20192186;2
20192219;2
20192220;2
20192236;2
20192239;1
20192262;2
20192285;2
20192296;2
20192308;2
20192319;2
20192321;2
20192334;1
20192342;2
20192345;2
20192353;2
20192358;1
20192365;2
20192378;2
20192381;2
20192386;4
20192420;1
20192421;1
20192424;1
20192428;1
20192430;1
20192431;2
20192433;1
20192459;1
20192481;2
20192521;1
20192543;2
20192546;2
20192562;1
20192596;1
20196.009;1
202;24
202/526;1
2020;7
2020-01;2
2020-01/01;1
2020-01/02;1
2020-01/03;1
2020-01/05;1
2020-01/08;1
2020-01/09;1
2020-01/11;1
2020-01/15;1
2020-01/18;1
2020-011;1
2020-02;3
2020-02/01;1
2020-02/02;1
2020-02/03;1
2020-02/05;1
2020-02/06;1
2020-02/07;1
2020-03;2
2020-03/01;1
2020-03/02;1
2020-03/05;1
2020-03/06;1
2020-03/07;1
2020-03/08;1
2020-03/09;1
2020-03/10;1
2020-03/12;1
2020-03/14;1
2020-03/15;1
2020-03/16;1
2020-03/17;1
2020-03/18;1
2020-04;3
2020-04/01;1
2020-04/02;1
2020-04/03;1
2020-04/04;1
2020-04/05;1
2020-04/06;1
2020-04/07;1
2020-04/08;1
2020-04/10;1
2020-04/11;1
2020-04/12;1
2020-04/13;1
2020-04/15;1
2020-04/17;1
2020-04/18;1
2020-05;1
2020-05/01;1
2020-05/02;1
2020-05/03;1
2020-05/04;1
2020-05/05;1
2020-05/06;1
2020-05/08;1
2020-05/09;1
2020-05/10;1
2020-05/11;1
2020-05/12;1
2020-05/13;1
2020-05/14;1
2020-06/01;2
2020-06/02;1
2020-06/03;1
2020-06/04;1
2020-06/05;1
2020-06/06;1
2020-06/07;1
2020-06/10;1
2020-06/12;1
2020-06/13;1
2020-06/14;1
2020-07;1
2020-07/01;1
2020-07/02;1
2020-07/03;1
2020-07/04;1
2020-07/05;1
2020-07/06;1
2020-07/07;1
2020-07/12;1
2020-07/13;1
2020-07/15;1
2020-08/02;1
2020-08/03;1
2020-08/04;1
2020-08/05;1
2020-08/06;1
2020-08/07;1
2020-08/10;1
2020-09;1
2020-09/01;1
2020-09/02;1
2020-09/03;1
2020-09/05;1
2020-09/06;1
2020-09/07;1
2020-09/08;1
2020-09/09;1
2020-09/10;1
2020-09/12;1
2020-09/13;1
2020-09/14;1
2020-09/15;1
2020-10;2
2020-10/01;1
2020-10/03;1
2020-10/04;1
2020-10/05;1
2020-10/06;1
2020-10/08;1
2020-10/09;1
2020-10/10;1
2020-10/11;1
2020-10/12;1
2020-10/13;1
2020-10/16;1
2020-10/18;2
2020-101;1
2020-102;1
2020-104;2
2020-105;2
2020-106;2
2020-107;2
2020-109;2
2020-11/01;1
2020-11/02;1
2020-11/04;1
2020-11/06;1
2020-11/08;1
2020-11/09;1
2020-11/10;1
2020-11/14;1
2020-11/16;1
2020-110;1
2020-111;1
2020-112;2
2020-113;1
2020-114;2
2020-115;1
2020-12/01;1
2020-12/02;1
2020-12/03;1
2020-12/04;1
2020-12/05;1
2020-12/06;1
2020-12/07;1
2020-1210;1
2020-13;1
2020-14;2
2020-15;1
2020-16;1
2020-17;1
2020-18;1
2020-19;2
2020-20;1
2020-21;1
2020-23;2
2020-26;2
2020-28;2
2020-29;1
2020-31;1
2020-32;1
2020-33;1
2020-34;1
2020-36;1
2020-37;1
2020-38;1
2020-39;1
2020-40;1
2020-41;1
2020-42;1
2020-50;1
2020-52;1
2020-53;2
2020-54;1
2020-56;1
2020-57;2
2020-60;2
2020-61;1
2020-62;2
2020-63;3
2020-64;1
2020-66;2
2020-68;1
2020-7;1
2020-71;2
2020-73;1
2020-76;1
2020-77;1
2020-78;1
2020-79;2
2020-81;1
2020-82;1
2020-83;2
2020-84;1
2020-85;1
2020-90;1
2020-91;2
2020-96;1
2020-97;1
2020-98;1
2020-99;2
2020.01;1
2020.02;1
2020.03;1
2020.04;1
2020.05;1
2020.06;1
2020.09;1
2020.10;1
2020.11;1
2020.12;1
2020.13;1
2020.14;1
2020.15;1
2020.16;1
2020.17;1
2020.18;1
2020.19;1
2020.20;1
2020.21;1
2020.22;1
2020.23;1
2020.25;1
2020.26;1
2020.27;1
2020.28;1
2020.29;1
2020.30;1
2020.32;1
2020.33;1
2020/05;1
2020/09;1
2020/100;1
2020/102;1
2020/103;1
2020/104;1
2020/105;1
2020/106;1
2020/107;1
2020/108;1
2020/109;1
2020/11;2
2020/110;1
2020/113 & 2020/114;2
2020/115;1
2020/116;1
2020/117;1
2020/118;2
2020/119;1
2020/120;1
2020/121;1
2020/122;1
2020/125;1
2020/126;1
2020/128;1
2020/130;2
2020/131;1
2020/132;1
2020/133;1
2020/134;1
2020/135;1
2020/136;1
2020/137;1
2020/138;1
2020/139;1
2020/14;1
2020/140;1
2020/142;1
2020/143;1
2020/144;1
2020/146;1
2020/149;1
2020/15;1
2020/150;1
2020/151;1
2020/152;1
2020/154;1
2020/157;1
2020/158;1
2020/159;1
2020/160;1
2020/164;1
2020/166;1
2020/168;1
2020/169;1
2020/17;1
2020/173;1
2020/175;1
2020/176;1
2020/179;1
2020/18;1
2020/181;1
2020/184;1
2020/185;2
2020/186;1
2020/187;1
2020/188;1
2020/189;1
2020/19;1
2020/190;1
2020/191;1
2020/192;1
2020/193;1
2020/194;1
2020/195;1
2020/196;2
2020/198;1
2020/2;1
2020/20;2
2020/201;1
2020/202;1
2020/203 & 2020/204;2
2020/205;1
2020/207;1
2020/211;1
2020/212;1
2020/215;1
2020/217;1
2020/218;1
2020/219;1
2020/22;2
2020/220;1
2020/221;1
2020/223;1
2020/224;1
2020/225;1
2020/226;1
2020/227;1
2020/228;1
2020/229;1
2020/23;2
2020/230;1
2020/231;2
2020/234;1
2020/236;1
2020/237;1
2020/240;1
2020/241;1
2020/242;1
2020/244;1
2020/246;1
2020/247;1
2020/249;1
2020/250;1
2020/252;1
2020/253;1
2020/255;1
2020/256;1
2020/27;1
2020/28;1
2020/3;1
2020/32;1
2020/34;1
2020/35;2
2020/37;1
2020/38;1
2020/4;1
2020/46;1
2020/47;1
2020/48;1
2020/49;1
2020/51;1
2020/53;1
2020/54;1
2020/55;2
2020/58;1
2020/59;1
2020/6;1
2020/60;1
2020/61, 2020/155, 2020/156;1
2020/63;1
2020/65;1
2020/66;1
2020/67;2
2020/68;2
2020/69;1
2020/70;1
2020/71;1
2020/72;1
2020/74;1
2020/75;1
2020/77;1
2020/78;2
2020/79;1
2020/8;1
2020/81;1
2020/82;2
2020/83;1
2020/84;1
2020/85;1
2020/86;1
2020/87;1
2020/88;1
2020/89;1
2020/9;1
2020/90;1
2020/92;1
2020/94;1
2020/95;1
2020/96;1
2020/97;1
2020/99;1
20200808;2
20201015;1
20201103;1
20201105;1
20201111;1
20201115;1
20202578;1
20202605;1
20202606;1
20202612;1
20202624;2
20202654;1
20202683;1
20202689;1
20202710;1
20202713;1
20202727;1
20202736;1
20202779;1
20202785;2
20202802;1
20202803;1
20202809;1
20202814;1
20202832;1
20202834;1
20202852;1
20202858;1
20202887;1
20202911;1
20202944;1
20202964;1
20202992;1
20203003;1
20203013;2
20203046;1
20203050;2
20203055;1
20203067;1
20203095;1
20203109;1
20203112;1
20203117;2
20209.001;2
2020ART57;1
2020a;1
2020b;1
2021;6
2021-01;2
2021-01/01;1
2021-01/02;1
2021-01/03;1
2021-01/04;1
2021-01/05;1
2021-01/06C;1
2021-01/09;1
2021-01/10;1
2021-01/11;1
2021-01/12;1
2021-01/14;1
2021-01/15;1
2021-01/16;1
2021-01/17;1
2021-01/19;1
2021-02/02;1
2021-02/04;1
2021-02/05;1
2021-02/06;1
2021-02/07;1
2021-02/08;1
2021-02/11;1
2021-0230;1
2021-0231;1
2021-03;2
2021-03/01;1
2021-03/02;1
2021-03/03;1
2021-03/04;2
2021-03/05;1
2021-03/07;1
2021-03/09;1
2021-03/10;1
2021-03/13;1
2021-03/14;1
2021-03/16;1
2021-03/17;1
2021-03/18;1
2021-03/20;1
2021-03/21;1
2021-03/22;1
2021-03/23;1
2021-0310;1
2021-0326;1
2021-04;2
2021-04/01;1
2021-04/01Z;1
2021-04/02;1
2021-04/03;1
2021-04/04;1
2021-04/05;1
2021-04/06;1
2021-04/07;2
2021-04/08A;1
2021-04/08B;1
2021-04/08C;1
2021-04/08D;1
2021-04/08E;1
2021-04/09;1
2021-04/10;1
2021-04/11;1
2021-04/12;1
2021-04/13;1
2021-04/14;1
2021-04/15;1
2021-04/18;1
2021-05;2
2021-05/02;1
2021-05/03;1
2021-05/04;1
2021-05/06;2
2021-05/08;1
2021-05/10;1
2021-05/11;1
2021-05/14;1
2021-05/15;1
2021-05/16;1
2021-05/17;1
2021-0527;1
2021-0530;1
2021-06/01;1
2021-06/03;1
2021-06/04;1
2021-06/05;1
2021-06/06;1
2021-06/07;1
2021-06/08;1
2021-06/09;1
2021-06/10;1
2021-06/11;1
2021-06/12;1
2021-06/13;2
2021-06/14;1
2021-06/15;1
2021-07/01;1
2021-07/02;1
2021-07/03;1
2021-07/06;2
2021-07/08;1
2021-0742;1
2021-08;2
2021-08/01;1
2021-08/02;1
2021-08/03;1
2021-08/04;1
2021-08/05A;1
2021-08/05B;1
2021-08/05C;1
2021-08/05D;1
2021-08/05E;1
2021-08/05F;1
2021-08/06;1
2021-08/08;1
2021-08/09;1
2021-08/10;1
2021-08/12;1
2021-08/13;1
2021-08/15;1
2021-08/16;1
2021-09;2
2021-09/01;1
2021-09/02;1
2021-09/04;1
2021-09/05;1
2021-09/06;1
2021-09/08;1
2021-09/09;1
2021-09/10;1
2021-09/11;1
2021-09/12;1
2021-09/13;1
2021-09/14;1
2021-09/15;1
2021-09/16;2
2021-09/16b;1
2021-09/17;1
2021-09/23;1
2021-10;2
2021-10/01;1
2021-10/02;2
2021-10/03;1
2021-10/04;1
2021-10/05;1
2021-10/06;1
2021-10/08;1
2021-10/09;1
2021-10/10;1
2021-10/11;1
2021-10/12;1
2021-10/13;1
2021-10/14;4
2021-101;1
2021-104;1
2021-105;2
2021-106;1
2021-107;1
2021-109;1
2021-11;4
2021-11/01;1
2021-11/02;1
2021-11/03;1
2021-11/04;1
2021-110;2
2021-111;1
2021-113;1
2021-114;1
2021-116;2
2021-117;1
2021-118;2
2021-119;1
2021-12/01;1
2021-12/02;1
2021-12/03;1
2021-12/05;1
2021-12/06;1
2021-12/07;1
2021-12/08;1
2021-12/09;1
2021-12/10;1
2021-12/11;1
2021-12/14;1
2021-12/15;1
2021-120;1
2021-121;2
2021-1210;1
2021-13;2
2021-130;2
2021-131;2
2021-14;2
2021-15;2
2021-17;1
2021-19;2
2021-20;1
2021-21;3
2021-22;2
2021-24;2
2021-25;1
2021-254;1
2021-26;2
2021-27;1
2021-28;2
2021-35;2
2021-40;1
2021-41;2
2021-47;2
2021-49;1
2021-50;1
2021-53;2
2021-54;1
2021-55;2
2021-56;1
2021-57;2
2021-58;1
2021-59;2
2021-60;2
2021-61;1
2021-64;2
2021-70;1
2021-73;1
2021-76;1
2021-81;1
2021-82;1
2021-85;1
2021-86;2
2021-87;1
2021-90;1
2021-91;1
2021-93;2
2021-94;1
2021-97;1
2021-98;1
2021-99;2
2021.01;1
2021.02;1
2021.03;1
2021.04;1
2021.05;1
2021.06;1
2021.07;1
2021.08;1
2021.09;1
2021.10;1
2021.11;1
2021.12;1
2021.13;1
2021.14;1
2021.15;1
2021.16;1
2021.17;2
2021.18;1
2021.20;1
2021.21;1
2021.22;2
2021.23;1
2021.24;1
2021.25;1
2021.26;1
2021.27;1
2021.28;1
2021.29;1
2021.30;1
2021.31;1
2021.32;1
2021.33;1
2021.34;1
2021.35;1
2021.36;1
2021.37;1
2021.38;1
2021.40;1
2021.41;1
2021.42;1
2021.43;1
2021.44;1
2021.45;1
2021.46;1
2021.47;1
2021.48;1
2021.49;1
2021/1;1
2021/10;1
2021/100;1
2021/101;1
2021/102;1
2021/103;1
2021/104;1
2021/105;1
2021/106;1
2021/107;1
2021/108;1
2021/109;1
2021/111;1
2021/113;1
2021/115;1
2021/116;1
2021/117;2
2021/119;1
2021/120;2
2021/121;1
2021/122;1
2021/123;1
2021/124;1
2021/125;1
2021/126;1
2021/128;1
2021/129;1
2021/13;2
2021/130;1
2021/131;1
2021/132;1
2021/133;1
2021/134;1
2021/137;1
2021/138;1
2021/140;1
2021/141;2
2021/142;1
2021/143;1
2021/144;1
2021/145;2
2021/149;1
2021/15;1
2021/150;2
2021/151;2
2021/152;1
2021/153;1
2021/154;1
2021/156156;1
2021/157;1
2021/158;1
2021/159;2
2021/161;1
2021/164;1
2021/166;1
2021/167;1
2021/169;2
2021/170;2
2021/171;2
2021/172;2
2021/173;1
2021/174;2
2021/175;1
2021/176;2
2021/177;2
2021/178;3
2021/179;1
2021/18;1
2021/180;1
2021/181;2
2021/183;1
2021/184;2
2021/185;1
2021/186;2
2021/187;1
2021/189;1
2021/190;2
2021/191;3
2021/192;2
2021/193;2
2021/194;2
2021/195;1
2021/196;1
2021/197;1
2021/199;2
2021/2;1
2021/20;1
2021/200;1
2021/201;1
2021/202;2
2021/203;2
2021/205;2
2021/206;1
2021/207;2
2021/209;2
2021/21;1
2021/210;2
2021/211;2
2021/212;1
2021/213;1
2021/214;1
2021/215;1
2021/216;1
2021/217;1
2021/218;1
2021/219;1
2021/22;1
2021/220;1
2021/221;1
2021/222;1
2021/223;1
2021/224;1
2021/225;1
2021/226;1
2021/227;1
2021/228;1
2021/229;1
2021/23;1
2021/231;1
2021/232;1
2021/233;1
2021/235;2
2021/236;1
2021/238;1
2021/24;1
2021/240;1
2021/242;1
2021/245;1
2021/248;1
2021/25;1
2021/250;1
2021/251;1
2021/252;3
2021/254;1
2021/256;1
2021/257;1
2021/26;1
2021/27;1
2021/29;1
2021/3 en 2021/4;2
2021/30;1
2021/31;1
2021/33;1
2021/34;1
2021/36;1
2021/41;1
2021/42;1
2021/44;1
2021/48;1
2021/49;1
2021/5;1
2021/50;1
2021/51;1
2021/52;1
2021/53;1
2021/54;1
2021/56;1
2021/57;1
2021/58;1
2021/59;1
2021/6;1
2021/60;1
2021/61;2
2021/63;1
2021/64;1
2021/66;1
2021/67;1
2021/68;1
2021/69;1
2021/7;1
2021/70;1
2021/71;1
2021/72;1
2021/73;1
2021/75 t/m 2021/80;3
2021/8;2
2021/81;1
2021/82;1
2021/83;1
2021/84;1
2021/86;1
2021/87;1
2021/88;1
2021/89;1
2021/9;1
2021/90;1
2021/91;2
2021/92;1
2021/94;1
2021/95;1
2021/97;1
2021/98;2
2021/99;1
20210108;1
20210811;1
20212-03/02Z;1
20213121;2
20213158;2
20213173;2
20213186;2
20213283;1
2022;7
2022-007;2
2022-009;1
2022-01;2
2022-01/01;1
2022-01/03;1
2022-01/04;1
2022-01/05;1
2022-01/06;1
2022-01/07;1
2022-01/08;1
2022-01/09;1
2022-01/10;4
2022-01/11;2
2022-01/14;1
2022-01/15;1
2022-01/16;1
2022-01/17;1
2022-01/18;1
2022-01/19;1
2022-014;2
2022-017;1
2022-02/01;1
2022-02/02;1
2022-02/03;1
2022-02/04;1
2022-02/05;1
2022-02/06;1
2022-02/07;1
2022-02/08;1
2022-02/10;1
2022-02/11;1
2022-02/12;1
2022-02/13;1
2022-02/14;1
2022-02/15;1
2022-02/17;1
2022-023;2
2022-03;2
2022-03/01;1
2022-03/02;1
2022-03/05;1
2022-03/06;1
2022-03/07;1
2022-03/08;1
2022-03/09;1
2022-03/10;2
2022-03/11;1
2022-03/12;1
2022-03/17;1
2022-04/01;1
2022-04/02;1
2022-04/03;1
2022-04/04;1
2022-04/06;1
2022-04/07;1
2022-04/08;1
2022-04/09;1
2022-04/10;1
2022-04/11;1
2022-04/12;1
2022-04/13A;1
2022-04/13B;1
2022-04/13C;1
2022-04/13D;1
2022-04/14;1
2022-04/15;1
2022-04/17;1
2022-0440;1
2022-047;1
2022-0470;1
2022-0475;1
2022-05/01;1
2022-05/02;1
2022-05/04;1
2022-05/05;1
2022-05/06;1
2022-05/07;1
2022-05/08;1
2022-05/09;1
2022-05/10;1
2022-05/11;1
2022-05/12;1
2022-05/13;2
2022-05/14;1
2022-05/16;1
2022-05/17;1
2022-05/18;1
2022-05/19;1
2022-05/20;1
2022-05/21;1
2022-05/22;1
2022-05/23;1
2022-0508;1
2022-056/15;1
2022-0563;1
2022-06/01;1
2022-06/02;1
2022-06/04;2
2022-06/06;1
2022-06/07;1
2022-06/08;1
2022-06/09;1
2022-06/10;1
2022-06/11;1
2022-06/13;1
2022-06/14;1
2022-06/16;1
2022-06/17;1
2022-06/18;1
2022-06/19;1
2022-06/20;1
2022-06/21;1
2022-06/23;1
2022-07/01;1
2022-07/02;1
2022-07/03;1
2022-07/04;1
2022-07/05;1
2022-07/06;1
2022-07/07;1
2022-07/08;1
2022-07/09;1
2022-07/10;1
2022-07/12;1
2022-07/13;1
2022-07/14;1
2022-07/15;1
2022-07/16;1
2022-07/17;1
2022-07/18;1
2022-08/01;1
2022-08/02;1
2022-08/03;1
2022-08/04;1
2022-08/05;1
2022-08/06;1
2022-08/07;1
2022-08/08;1
2022-08/10;1
2022-08/11;1
2022-08/12;1
2022-08/13;1
2022-08/14;1
2022-08/15;1
2022-08/16;1
2022-08/17;1
2022-08/18;1
2022-087;1
2022-09;1
2022-09/01;1
2022-09/02;1
2022-09/04;1
2022-09/05;1
2022-09/06;1
2022-09/07;1
2022-09/08;1
2022-09/11;1
2022-09/12;1
2022-09/13;1
2022-09/14;1
2022-09/15;1
2022-09/17;1
2022-09/18;1
2022-09/20;1
2022-09/21;1
2022-10;1
2022-10/02b;1
2022-10/03;1
2022-10/04;1
2022-10/06;1
2022-10/07;1
2022-10/08;1
2022-10/09;1
2022-10/10;1
2022-10/12;2
2022-10/13;1
2022-10/14;1
2022-10/15;1
2022-10/16;1
2022-10/17;1
2022-10/18;1
2022-10/19;1
2022-102;1
2022-103;2
2022-104;1
2022-105;2
2022-106;2
2022-109;2
2022-11/01;1
2022-11/02;1
2022-11/04;1
2022-11/05;1
2022-11/08c;1
2022-11/09;1
2022-11/10;1
2022-11/11;1
2022-11/12;1
2022-11/14;1
2022-110;1
2022-111;2
2022-112;1
2022-115;1
2022-118;2
2022-12;2
2022-12/01;1
2022-12/03;1
2022-12/04;1
2022-12/05;1
2022-12/09;1
2022-12/10;1
2022-12/11;1
2022-12/12;1
2022-12/13;1
2022-12/14;1
2022-120;2
2022-121;2
2022-1210;1
2022-123;2
2022-124;1
2022-126;1
2022-14;1
2022-144;1
2022-15;2
2022-16;3
2022-18;2
2022-19;1
2022-22;2
2022-27;1
2022-30;2
2022-31;2
2022-33;1
2022-37;1
2022-38;2
2022-40;1
2022-42;2
2022-43;2
2022-44;2
2022-49;1
2022-53;1
2022-55;2
2022-56;2
2022-57;2
2022-61;2
2022-64;2
2022-65;4
2022-66;2
2022-68;2
2022-69;4
2022-72;1
2022-76;2
2022-77;1
2022-80;1
2022-81;1
2022-83;2
2022-84;1
2022-85;1
2022-86;2
2022-88;2
2022-90;1
2022-92;2
2022-93;2
2022-96;1
2022-99;2
2022.002;4
2022.01;1
2022.03;1
2022.04;1
2022.05;1
2022.06;1
2022.07;1
2022.09;1
2022.10;1
2022.11;1
2022.13;1
2022.14;1
2022.15;1
2022.16;1
2022.18;1
2022.19;1
2022.20;1
2022.21;1
2022.22;1
2022.23;1
2022.24;1
2022.25;1
2022.26;1
2022.27;1
2022.28;1
2022.29;1
2022.30;1
2022.31;1
2022.33;1
2022.34;1
2022.35;1
2022.36;1
2022.37;1
2022.38;1
2022.39;1
2022.40;1
2022.41;1
2022.42;1
2022.43;1
2022.44;1
2022.45;1
2022.46;1
2022.49;1
2022.51;1
2022.52;1
2022.53;1
2022.54;1
2022.55;1
2022.56;1
2022.57;1
2022/1;1
2022/10;1
2022/100;1
2022/105;1
2022/108;1
2022/11;1
2022/112;1
2022/114;1
2022/115;1
2022/116;1
2022/119;1
2022/12;1
2022/120;1
2022/122;1
2022/123;2
2022/124;2
2022/13;1
2022/132;1
2022/136;2
2022/137;1
2022/14;1
2022/140;1
2022/141;1
2022/143;1
2022/147;1
2022/148;1
2022/149;1
2022/15;2
2022/150;1
2022/151;1
2022/152;1
2022/153;1
2022/154;1
2022/155;1
2022/156;1
2022/158;1
2022/162;1
2022/167;1
2022/17 en 2022/8;1
2022/171;1
2022/173;1
2022/176;1
2022/177;1
2022/179;2
2022/18;1
2022/180;1
2022/181;1
2022/182;1
2022/183;1
2022/184;1
2022/185;1
2022/189;1
2022/190;1
2022/196;1
2022/197;1
2022/2;1
2022/200;1
2022/201;1
2022/2026;1
2022/203;1
2022/205;1
2022/207;1
2022/208;1
2022/21;1
2022/211;1
2022/212;1
2022/22;1
2022/222;1
2022/23;1
2022/24;1
2022/25;1
2022/261;2
2022/268;1
2022/278;1
2022/279;1
2022/280;1
2022/283;2
2022/286;1
2022/29;1
2022/290;1
2022/293;1
2022/294;1
2022/295;1
2022/298;1
2022/299;2
2022/3;1
2022/302;1
2022/305;1
2022/314;1
2022/316;1
2022/318;1
2022/32;1
2022/323;1
2022/329;1
2022/331;2
2022/332;1
2022/334;1
2022/335;1
2022/34;1
2022/345;1
2022/35;1
2022/350;1
2022/351;1
2022/355;1
2022/36;1
2022/363;1
2022/366;1
2022/387;1
2022/39;1
2022/40;1
2022/42;1
2022/47;1
2022/48;1
2022/51;1
2022/52;2
2022/53;1
2022/54;1
2022/55;1
2022/57;1
2022/59;2
2022/6;1
2022/61;1
2022/64;1
2022/66;1
2022/68;1
2022/7;1
2022/71;1
2022/73;1
2022/74;1
2022/76;2
2022/81;1
2022/86;1
2022/88;1
2022/89;1
2022/90;1
2022/91;1
2022/94;1
2022/95;1
2022/98;1
2022/99;1
20220612;1
2023;9
2023-001;2
2023-003;1
2023-004;1
2023-005;2
2023-009;1
2023-01;1
2023-01/01;1
2023-01/02;1
2023-01/03;1
2023-01/04;2
2023-01/06;1
2023-01/09;1
2023-01/10;1
2023-01/11;1
2023-01/12;1
2023-01/13;1
2023-01/18;1
2023-01/21;1
2023-01/22;1
2023-01/23;1
2023-01/24;1
2023-013;2
2023-016;2
2023-017;1
2023-02;1
2023-02/01;1
2023-02/02;1
2023-02/05;1
2023-02/06;1
2023-02/07;1
2023-02/08;1
2023-02/09;1
2023-02/10;1
2023-02/11;1
2023-02/12;1
2023-02/13;1
2023-02/14;1
2023-02/16;1
2023-02/19;1
2023-02/21;2
2023-022;1
2023-024;1
2023-025;1
2023-027;2
2023-029;1
2023-03;1
2023-03/02;1
2023-03/03;1
2023-03/05;1
2023-03/07;1
2023-03/09;1
2023-03/11;1
2023-03/13;1
2023-03/16;1
2023-03/17;1
2023-03/18;1
2023-03/19;1
2023-03/20;1
2023-03/22;1
2023-03/23;1
2023-03/24;1
2023-03/26;1
2023-03/27;1
2023-033;1
2023-034;2
2023-035;1
2023-04/03;1
2023-04/04;1
2023-04/05;1
2023-04/06;1
2023-04/07;1
2023-04/08;1
2023-04/09;1
2023-04/10;1
2023-04/11;1
2023-04/13;1
2023-04/14;1
2023-04/15;1
2023-04/16;1
2023-04/18;1
2023-04/19;1
2023-04/20;1
2023-04/21;1
2023-04/22;1
2023-04/23;1
2023-040;1
2023-043;1
2023-046;1
2023-047;1
2023-049;1
2023-05/01;1
2023-05/02;1
2023-05/03;1
2023-05/07;1
2023-05/08;1
2023-05/09;1
2023-05/10;1
2023-05/11;1
2023-05/13;1
2023-05/16;1
2023-050;1
2023-051;2
2023-052;1
2023-054;2
2023-055;1
2023-056;1
2023-057;3
2023-06/04;1
2023-06/05A;1
2023-06/05B;1
2023-06/06;1
2023-06/07;1
2023-06/08;1
2023-06/10;1
2023-06/11;1
2023-06/12;1
2023-06/13;1
2023-06/14;1
2023-06/15;1
2023-06/17;1
2023-06/18;1
2023-06/19;1
2023-06/20;1
2023-06/23;1
2023-06/24;1
2023-06/25;1
2023-06/26;1
2023-060;2
2023-061;1
2023-062;2
2023-063;1
2023-064;1
2023-066;2
2023-068;1
2023-069;1
2023-07/02;1
2023-07/03;1
2023-07/07;1
2023-07/12;1
2023-07/13;1
2023-07/14;1
2023-07/15;1
2023-07/17;1
2023-07/18;1
2023-07/19;1
2023-07/21;1
2023-07/23;1
2023-07/24;1
2023-07/25;1
2023-07/26;1
2023-07/28;1
2023-070;1
2023-072;1
2023-075;1
2023-079;1
2023-08/03;1
2023-08/04;1
2023-08/05;1
2023-08/06;1
2023-08/07;1
2023-08/08;1
2023-08/09;1
2023-08/11;1
2023-08/13;1
2023-081;1
2023-082;2
2023-083;1
2023-087;1
2023-088;2
2023-089;1
2023-09/04;5
2023-09/07;1
2023-09/08;1
2023-09/10;1
2023-09/11;1
2023-09/13;1
2023-09/16;1
2023-09/21;1
2023-09/22;1
2023-09/25;1
2023-090;1
2023-0905;1
2023-091;2
2023-092;1
2023-093;1
2023-095;1
2023-097;1
2023-098;2
2023-10/01;1
2023-10/03;1
2023-10/07;1
2023-10/10;1
2023-10/13;1
2023-10/14;1
2023-10/15;1
2023-10/16;1
2023-11/01;1
2023-11/04;1
2023-11/10;1
2023-11/11;1
2023-11/15;1
2023-11/16;1
2023-12/01;1
2023-12/02;1
2023-12/03;1
2023-12/04;1
2023-12/05;1
2023-12/07;1
2023-12/08;1
2023-12/09;1
2023-12/10;1
2023-12/11;1
2023-12/12;1
2023-12/14;1
2023-12/15;1
2023-1210;1
2023-13;1
2023-15;1
2023-20;1
2023-26;1
2023-76;1
2023.01;1
2023.02;1
2023.03;1
2023.04;1
2023.05;1
2023.06;1
2023.07;1
2023.08;1
2023.10;1
2023.11;1
2023.12;2
2023.13;1
2023.14;1
2023.15;1
2023.16;1
2023.17;1
2023.18;1
2023.19;1
2023.20;1
2023.22;1
2023.24;1
2023.28;1
2023.29;1
2023.31;1
2023.32;1
2023.33;1
2023.34;1
2023.35;1
2023.37;1
2023.38;1
2023.41;1
2023.43;2
2023.45;1
2023.46;1
2023/000;1
2023/1;1
2023/100;1
2023/102;2
2023/104;1
2023/105;1
2023/107;1
2023/109;1
2023/11 en 2023/12;1
2023/113;1
2023/118;1
2023/119;1
2023/120;1
2023/128;1
2023/136;1
2023/139;1
2023/142;1
2023/146;1
2023/148;1
2023/15;1
2023/151;1
2023/154;1
2023/161;1
2023/162;1
2023/169;1
2023/170;1
2023/171;1
2023/178;1
2023/185;1
2023/188;1
2023/189;1
2023/193;2
2023/199;1
2023/2;1
2023/205;1
2023/207;1
2023/21;1
2023/210;1
2023/211;1
2023/215;1
2023/224;1
2023/227;1
2023/233;1
2023/238;1
2023/239;1
2023/247;1
2023/248;1
2023/250;1
2023/251;1
2023/254;1
2023/258;1
2023/270;2
2023/273;1
2023/275;1
2023/28;1
2023/280;1
2023/289;1
2023/297;1
2023/3;1
2023/308;1
2023/31;1
2023/310;1
2023/314;1
2023/315;1
2023/316;1
2023/319;1
2023/323;1
2023/325;1
2023/326;1
2023/33;1
2023/332;1
2023/34;1
2023/343;1
2023/36;1
2023/37;1
2023/377;1
2023/38;1
2023/40;1
2023/42;1
2023/5;1
2023/58;1
2023/6;1
2023/64;1
2023/67;1
2023/68;1
2023/70;1
2023/71;1
2023/72;1
2023/73;1
2023/75;1
2023/77;1
2023/78;1
2023/88;1
2023/90;1
2023/93;1
2023/94;1
2023/95;1
2023/96;1
2023/98;1
2023/99;1
2024;4
2024-004;1
2024-005;1
2024-006;2
2024-008;1
2024-009;1
2024-01;1
2024-01/01;1
2024-01/02;1
2024-01/07;2
2024-01/07b;1
2024-01/08;1
2024-01/09;1
2024-01/10;1
2024-01/12;1
2024-01/14;1
2024-01/15;1
2024-01/16;1
2024-01/18;1
2024-012;1
2024-013;1
2024-015;1
2024-016;2
2024-017;1
2024-02/04;1
2024-02/05;1
2024-02/06;1
2024-02/08;1
2024-02/09;1
2024-02/10;1
2024-02/14;1
2024-02/15;1
2024-02/17;1
2024-02/20;1
2024-021;1
2024-023;1
2024-024;1
2024-025;2
2024-026;1
2024-028;1
2024-029;1
2024-03/01;1
2024-03/02;1
2024-03/03;1
2024-03/04;1
2024-03/05;1
2024-03/06;1
2024-03/07;1
2024-03/08;1
2024-03/09;1
2024-03/12;1
2024-03/14;1
2024-03/15;1
2024-03/17;1
2024-030;2
2024-032;1
2024-034;1
2024-036;1
2024-039;2
2024-04;1
2024-04/01;1
2024-04/04;1
2024-04/05;1
2024-04/06;1
2024-04/07;1
2024-04/08;1
2024-04/11;1
2024-04/12;1
2024-04/13;1
2024-04/14;1
2024-04/16;1
2024-04/17;1
2024-04/18;1
2024-04/20;1
2024-04/21;1
2024-04/22;1
2024-04/23;1
2024-04/26;1
2024-04/27;1
2024-04/28;1
2024-041;1
2024-046;1
2024-047;1
2024-049;1
2024-05/01;1
2024-05/03;1
2024-05/04;1
2024-05/05;1
2024-05/06;1
2024-05/07;1
2024-05/08;1
2024-05/09;1
2024-05/10;1
2024-05/11;1
2024-05/12;1
2024-05/13;1
2024-05/14;1
2024-05/16;1
2024-05/17;1
2024-05/18;2
2024-05/19;1
2024-05/20;1
2024-050;1
2024-051;1
2024-052;2
2024-055;1
2024-056;1
2024-057;1
2024-06/04;1
2024-06/05;1
2024-06/06;1
2024-06/07;1
2024-06/08;1
2024-06/09;1
2024-06/11;1
2024-06/12;1
2024-06/13;1
2024-06/14;1
2024-06/17;1
2024-06/18;1
2024-065;2
2024-07;1
2024-07/02;1
2024-07/03;1
2024-07/05;1
2024-07/06;1
2024-07/07;1
2024-07/08;1
2024-07/09;1
2024-07/12;1
2024-07/13;1
2024-07/15;1
2024-07/17;1
2024-07/18;1
2024-07/24;1
2024-070;1
2024-071;1
2024-075;1
2024-077;1
2024-078;1
2024-08/03;1
2024-08/06;1
2024-08/11;1
2024-08/15;1
2024-08/17;1
2024-08/19;1
2024-08/23;1
2024-08/24;1
2024-083;2
2024-084;1
2024-085;1
2024-087;1
2024-088;1
2024-089;1
2024-09;1
2024-09/02;1
2024-09/03;1
2024-09/05;1
2024-09/07;1
2024-09/10;1
2024-094;1
2024-096;1
2024-097;1
2024-10/02;1
2024-10/03;1
2024-10/04;1
2024-10/06;1
2024-10/08;1
2024-10/09;1
2024-10/10;1
2024-10/11;1
2024-10/14;1
2024-10/16;1
2024-10/17;1
2024-103;1
2024-104;1
2024-106;1
2024-107;1
2024-109;1
2024-11/02;1
2024-11/03;1
2024-11/05;1
2024-11/06;1
2024-11/08;1
2024-11/10;1
2024-11/11;1
2024-11/12;1
2024-11/16;1
2024-11/19;1
2024-110;1
2024-1147;1
2024-115;1
2024-118;1
2024-119;2
2024-12/01;1
2024-12/02;1
2024-12/05;1
2024-12/06;1
2024-12/07;1
2024-12/08;1
2024-12/09;1
2024-12/10;1
2024-12/12;1
2024-12/14;1
2024-120;1
2024-1210;1
2024-122;1
2024-125;2
2024-126;2
2024-129;2
2024-132;3
2024-139;1
2024-142;1
2024-150;1
2024-152;1
2024-153;1
2024-155;1
2024.02;1
2024.03;1
2024.04;1
2024.05;1
2024.06;1
2024.10;1
2024.12;1
2024.13;1
2024.14;1
2024.16;1
2024.19;1
2024.20;1
2024.22;1
2024.23;1
2024.25;1
2024.28;1
2024.29;1
2024.30;1
2024.32;1
2024.39;1
2024.40;1
2024.46;1
2024.47;1
2024.48;1
2024.52;1
2024/02;1
2024/1;1
2024/10;2
2024/100;2
2024/16;1
2024/19;1
2024/192;1
2024/2;1
2024/226;1
2024/229;1
2024/233;1
2024/237;1
2024/24;1
2024/247;1
2024/250;1
2024/254;1
2024/267;1
2024/268;1
2024/276;1
2024/277;2
2024/28;1
2024/284;1
2024/293;1
2024/294;2
2024/3;1
2024/30;1
2024/301;1
2024/307;1
2024/310;1
2024/314;1
2024/318;1
2024/320;1
2024/326;1
2024/335;1
2024/337;1
2024/339;2
2024/340;1
2024/341;1
2024/342;1
2024/345;1
2024/348;1
2024/35;1
2024/354;1
2024/356;1
2024/360;1
2024/37;1
2024/39;1
2024/4;1
2024/40;1
2024/400;1
2024/401;1
2024/402;1
2024/403;1
2024/405;1
2024/406;1
2024/409;1
2024/410;1
2024/414;1
2024/421;1
2024/424;1
2024/425;1
2024/43;1
2024/44;1
2024/440;1
2024/448;1
2024/450;1
2024/461;1
2024/462;1
2024/466;1
2024/468;1
2024/47;1
2024/471;1
2024/48;1
2024/482;1
2024/486;1
2024/488;1
2024/491;1
2024/493;1
2024/494;1
2024/495;1
2024/498;1
2024/506;1
2024/507;1
2024/508;1
2024/509;1
2024/510;1
2024/511;1
2024/512;1
2024/513;1
2024/514;1
2024/515;1
2024/517;1
2024/520;1
2024/521;2
2024/523;1
2024/527;1
2024/528;1
2024/532;2
2024/536;1
2024/542;1
2024/544;2
2024/548;1
2024/550;1
2024/56;1
2024/57;1
2024/58;1
2024/59;1
2024/60;1
2024/62;1
2024/7;1
2024/MSDS22236/1;1
20241;1
20244972;1
20245.001;1
20245199;1
20245214;1
2025;6
2025-002;1
2025-004;2
2025-006;1
2025-007;1
2025-01/03;1
2025-01/04;1
2025-01/06;1
2025-01/07;1
2025-01/09;1
2025-01/10;1
2025-01/11;1
2025-01/12a;1
2025-01/12b;1
2025-01/12c;1
2025-01/13;1
2025-01/15;1
2025-01/16;1
2025-01/18;1
2025-01/21;1
2025-013;1
2025-016;2
2025-02/01;1
2025-02/03;1
2025-02/07;1
2025-02/09;1
2025-02/10;1
2025-02/12;1
2025-02/13;1
2025-02/14;1
2025-02/16;1
2025-02/17;1
2025-02/20;1
2025-02/21;1
2025-02/24;1
2025-020;1
2025-026;1
2025-029;1
2025-03-19;1
2025-03/02;1
2025-03/05;1
2025-03/06;1
2025-03/09;1
2025-03/10;1
2025-03/12;1
2025-03/13;1
2025-03/14;1
2025-03/15;1
2025-03/16;1
2025-03/17;1
2025-03/21;1
2025-03/23;1
2025-03/25;1
2025-03/26;1
2025-03/27;1
2025-03/30;1
2025-03/32;1
2025-033;1
2025-036;1
2025-04/02;1
2025-04/05;1
2025-04/12;1
2025-04/15;1
2025-04/17;1
2025-04/24;1
2025-040;1
2025-047;1
2025-05/05;1
2025-05/07;1
2025-05/10;1
2025-050;1
2025-056;1
2025-06/03;1
2025-06/04;1
2025-06/07;1
2025-06/08;1
2025-06/12;1
2025-06/13;1
2025-06/14;1
2025-06/20;1
2025-06/23;1
2025-06/32;1
2025-06/36;1
2025-065;1
2025-1210;1
2025-24;1
2025.04;1
2025.05;1
2025.17;1
2025/;1
2025/102;1
2025/12;1
2025/122;1
2025/124;1
2025/135;1
2025/149;1
2025/162;1
2025/172;1
2025/18;1
2025/185;1
2025/19;1
2025/25;2
2025/26;1
2025/29;1
2025/30;1
2025/31;1
2025/4;1
2025/43;1
2025/44;1
2025/48;1
2025/55;1
2025/6;1
2025/7;1
2025/70;1
2025/8;2
2025/93;1
2025/94;1
2025/98;1
20255309;1
20255340;1
2026;6
2026-1211;1
2026.010;2
2026.035;1
20268.002;1
202695;1
2027;6
2027-1211;1
2028;20
2028-1211;1
20284.001;1
20286.001;2
20287.002;1
20289.002;1
2029;7
2029-1211;1
20290;1
20291.001;2
20292503;1
203;22
2030;6
2030-1211;1
20302.002;1
20303.001;3
20304.001;1
2031;5
2031-1211;1
2031.001;1
2031.002;1
2032;4
2032-1212;1
20321.001;1
20321.002;1
2033;5
2033-1212;1
20330.002;1
20336.003;1
2034;6
2035;9
2036;5
2036-1212;1
20363.004;1
20364.002;1
20365.001;1
2037;5
2037-1212;1
2037.002;2
2038;6
2038-1212;1
20384.001;1
20384.003;1
2039;7
2039-1212;1
20395.001;1
20395.003;1
20399.002;1
204;19
2040;6
2040-1212;1
2041;6
2041-1301;1
2042;5
2042- 1301;2
20421.001;1
2043;4
20436.001;1
2044;5
2045;5
2045-1301;1
2046;7
2046-1301;1
20466.001;2
20468.001;2
2047;5
2047-1301;1
20474.002;1
2048;4
2048-1301;1
2049;5
2049-1301;2
20494.001;1
20495.002;1
205;19
2050;6
20509.001;1
2051;4
2051-1302;1
2052;6
2052-1302;1
2053;5
2053-1302;1
20533.003;1
2054;4
20546.002;1
2055;4
2055-1302;1
20557.001;1
2056;4
2056-1302;1
20563.002;1
20569.001;1
2057;3
2057-1302;1
20571.002;1
2058;4
2058-1302;1
20581.001;1
20581.002;1
20581.003;1
20581.004;1
20581.005;1
2059;3
20592.001;1
20599.003;1
206;19
2060;5
2060-1302;1
20604.002;1
20606.002;2
20608;1
2061;6
2061-1302;1
2061.001;2
20619.001;1
2062;5
2062-1302;1
20620;1
2063;5
2063-1303;1
2064;6
2064-1303;1
20642.003;1
2065;7
2065-1303;1
20650.002;1
20651;1
20651.002;1
20656;1
20657;1
2066;5
2066-1303 en 2102-1306;2
20660.002;2
20661;1
2067;5
20670;1
20674;1
20675;1
20677;1
20679;1
2068;5
2068-1303;1
20681;1
20683;1
20685;1
20686;1
20687;1
20688;1
20688.001;2
2069;8
2069-1303;1
20690;1
20691;1
20691.001;1
20695;1
20698;1
20699;1
207;26
2070;6
2070-1303;1
20700.001;1
20702;1
20703;1
20705;1
2071;9
2071-1303;1
20711;1
20714;1
2072;6
2072-1303;1
20720;1
20723-2;1
20724;1
20725;1
20726.001;1
20727;1
2073;5
2073-1304;1
20730;1
20731;1
20732.002;2
20733;1
20735;1
20737;1
2074;3
2074-1304;1
2074.005;3
20740;1
20741;1
2075;5
2075-1304;1
20750;1
20750.002;1
20751;1
20756;1
20757;1
20759;1
2076;5
20761;1
20761.001;1
20763;1
20764;1
20767;1
20768;1
2077;4
2077-1304;1
2077.001;1
20776;1
20778;1
2078;6
2078-1304-A;1
2078-1304-B;1
2078-1304-C;1
2078-1304-D;1
2078-1304-E;1
20780;1
20780.001;1
20781;1
20782;1
20786;1
20787;1
2079;7
2079-1304;1
20791;3
20792;1
20797;1
20799;1
208;23
2080;4
20802;1
2081;8
2081-1304;1
20810.004;1
20813;1
20815;1
20816.001;1
2081781;2
20818;1
20819;1
2082;7
2082-1304;1
20821;1
20822;1
20824;1
2083;4
2083-13-4;1
20832;1
20832b;1
20834;1
2084;5
2084-1305;1
20840;2
20843.002;1
20844.002;1
20845;1
2085;8
2085 - 1305;1
20851;1
20852;1
20855;1
20856;1
20859;1
2086;3
2086-1305;1
20862;1
20864.002;2
20865;1
20866;1
2087;7
2087-1305;1
20871;1
20872;1
20875;1
20876;1
20877;1
2088;5
2088- 1305;2
20881;1
20885;1
20887;1
2089;5
2089-1305;1
20890;1
20892;1
20895;1
209;23
2090;8
2090-1305A;1
2090-1305B;1
20905.001;1
2091;6
2091-1305 en 2109-1307;2
20914.002;1
20914.003;1
2092;5
2092-1305;1
20920.001;1
20926.001;1
2093;7
2093-1305;1
2094;5
20947.001;2
2095;3
2096;7
2096-1306;1
20969.002;1
2097;5
20974.009;2
2098;5
2098-1306;1
2099;6
2099-1306-A;1
20990.001;2
20A001-01;1
20A002-01;1
20A004-01;1
20A004-02;1
20A004-03;1
20A004-04;1
20A004-05;1
20A004-06;1
20A004-07;1
20A008-01;1
20A008-02;1
20A008-03;1
20A008-04;1
20A008-05;1
20A009-01;1
20A009-03;1
20A010-01;1
20A010-03;1
20A011-01;1
20A012-03;1
20A015-01;1
20A015-02;1
20A015-03;1
20A015-04;1
20A015-06;1
20A015-07;1
20A015-08;1
20A015-10;1
20A016-01;1
20A019-01;1
20A020-01;1
20A022-01;1
20A023-01;1
20A023-02;1
20A023-03;1
20A024-01A;2
20A026-02;1
20A029-01;1
20A031-01;1
20A032-01;1
20A034-01;1
20A035-01;1
20S077-DR-01;1
21;42
21-1;1
21.1095;1
21.81012;1
21.81013;1
21.81014;1
21.81016;1
21.81026;1
21.81054;1
21.81057;1
21.81066;1
21.81073;1
21.81093;1
21.81101;1
21.81132;1
21.81133;1
210;22
2100;6
2100-1306;1
21001;1
21003;1
21003.003;1
21004;2
21005;2
21006;1
21007;1
21008;1
21009;2
2101;8
21012;2
21012.002;1
21013;1
21015;1
21016;1
21017;2
21019;1
2102;8
21020;2
21021;1
21023;1
21024;1
21026;1
21026/21130;2
21027;2
21028;1
21029;2
2103;7
2103-1306;1
21030;1
21030023;1
21031;2
21032;2
21034;2
21035;2
21036;1
21037;1
21038;2
21039;1
2104;6
2104-1306;1
21040;1
21041;1
21042;2
21043;1
21044;1
21045;1
21046;1
21047;2
21048;1
2105;5
2105-1306;2
21050.002;1
21051;2
21052;1
21052.001;1
21053;1
21055;1
21056;1
21057;1
21059;1
2106;8
21060;1
21062;1
21064;1
21065;1
21066;2
21067;1
21068;2
21069;1
2107;5
2107-1307;1
2107-38;1
21070;2
21071;2
21072;2
21073;2
21074;2
21075;2
21075.001;1
21076;1
21077;1
21078;1
21079;1
2108;9
2108 - 1307;1
21080;2
21081;3
21083;2
21084;1
21085;1
21088;1
21089;1
2109;4
21090;1
21091;1
21092;1
21093;1
21094;1
21095;1
21096;1
21098;1
21099;1
211;23
2110;7
2110-1307;1
21100;1
21101;2
21102;1
21103;2
21104;1
21105;1
21107;2
21108;2
21109;1
2111;8
2111-1307;1
21113;2
21115;1
21116;1
21118;1
21119;1
2112;7
2112-1308;1
21120;1
21121;1
21122;1
21122.002;1
21123;2
21124;1
21125;1
21126;1
21127;1
21128;1
21129;2
2113;8
2113 - 1308;1
21132;1
21133;1
21134;1
21135.001;1
2114;8
2114-1308;1
21140;1
21141;1
21142;1
21143;1
21146;1
21146.005;1
21147;1
21148;2
21149;1
2115;5
2115-1308;1
21151;1
21152;1
21156;1
21157;1
2116;8
2116-1309;1
21160.002;1
21161;1
21164.002;2
21167;1
21168;1
21169.001;1
2117;7
2117-1309;1
21170;1
21174;1
21176;1
21177;1
21178;1
21179;1
2118;13
2118-1309;1
21181;1
21183;1
21184;1
21187;1
2119;5
2119-1309;1
21190;1
21192;1
21193;1
21199;1
212;23
212/138;1
2120;5
21200;1
21201;1
21202;1
21203.002;1
21204;1
21205;1
21207;1
21208;1
2121;8
2121 - 1309;1
21210.002;1
21212;1
21215;1
21216;1
21217;1
21218;1
21219.002;1
2122;7
2122-1309;1
2123;7
2124;5
2124-1310;2
2125;8
2125-1310;1
2126;6
2126 - 2130 - 2131 - 2132;1
2126-1310;1
2127;7
2127-1310;1
2127.001;1
212707;1
2128;6
2129;8
2129-1310;1
213;34
2130;4
2130-1310;1
2130.002;1
2131;15
2131-1310;1
21312.002;1
2132;5
213204;2
213238;2
213242;2
21328.002;1
21328.003;2
2133;5
2133-1311;1
2134;5
2134-1311;1
21340.001;1
21341.001;1
21345.002;1
2135;6
2135-1311;1
21351.001;2
2136;6
2136-1311;1
2137;7
2137-1311;1
2138;5
2138 - 1311;1
2138.002;1
2139;8
2139-1311;1
21391.004;1
21394.001;1
21394.004;1
214;23
2140;5
2140-1311;1
2140.001;2
21403.001;1
2141;7
2141 - 1311;1
21414.001;1
2142;5
2142-1311;1
21427.005;2
2143;6
2143-1311;1
2144;6
2144-1311;1
2145;7
2145-1311;1
2145.001;1
2146;4
2146-1311;1
21463.006;1
2147;7
2147-1312;1
2148;10
21489.002;2
2149;7
2149-1312;1
215;23
2150;6
2150-1312;1
2151;5
2151-1312;1
21510.001;2
21518.001;1
21519.002;2
2152;7
2152-1312;3
2153;4
21536.003;1
2154;6
2154-1312;1
21544.001;1
21545.001;1
2155;7
2155-1401;1
215572;1
2156;6
2156 - 1401;1
2157;5
21572.002;1
2158;5
2158-1401;1
2159;7
2159-1401;1
216;23
2160;7
2160-1401;1
2161;5
2161-1401;1
2162;4
2162-1401;1
21626.004;1
2163;5
2163-1401;1
21630.002;2
2164;15
2164 / 2146;1
2164-1401;1
21640.001;1
2165;5
2165-1402;1
21656.002;1
21659.005;2
2166;5
2166-1402;1
2167;5
2167-1402;1
21677.002;2
2168;4
2168-1402;1
2168.001;2
2168.006;1
21682.001;1
2169;5
2169-1402;1
21692.001;3
217;24
217, 222;2
2170;5
2170-1402;1
21701.001;1
21701.002;1
2171;5
21710.001;1
2172;6
2173;2
2173-1402;1
2174;3
21743.002;1
2175;5
2175-1403;1
2176;33
2177;11
2177-1403;1
2178;5
2178-1403;1
2179;5
218;19
2180;5
2180-1403;1
2180.001;1
21808.001;1
2181;5
2182;6
"2182-1403; 2248-1410";3
21821.001;1
2183;5
2183-1403;1
21837.002;1
2184;6
2184-1403;1
2185;5
2185-1403;1
21853.002;1
2186;5
2186-1403;1
2187;6
2187-1403;1
21870.001;2
21879.002;1
2188;7
2188-1404;1
2188.002;1
2189;4
2189-1404;1
21898.002;1
21898.009;1
21898.011;1
219;25
2190;4
2190-1404;1
2191;5
2191-1404;1
21910.001;1
21910.002;1
21915.002;1
2192;6
21925.002;1
2193;5
21934.001;1
2194;5
2194-1404;1
2194.001;1
21941.001;1
2195;4
21956.002;1
2196;5
2196-1404;1
2197;5
2197-1404;2
2197.002;2
2198;5
2198 (herziene versie);1
2198-1404;1
21984.004;2
2199;7
21A001-02;1
21A002-02;1
21A002-04;1
21A003-01;1
21A003-02;1
21A006-01;1
21A009-01;2
21A012-02;1
21A012-04;1
21A015-01;1
21A015-02;1
21A015-03;1
21A015-04;1
21A015-05;1
21A015-06;1
21A015-07;1
21A016-01;1
21A016-02;1
21A016-03;1
21A016-04;1
21A019-01;1
21A021-01;1
21A024-01;1
21A025-01;1
21A025-02;1
21A026-01;1
21A028-01;1
21A032-01;1
21A033-01;1
21A033-02;1
21A034-01;1
21A036-01;1
21A038-01;1
22;47
22-140;1
22.0149;1
22.81015;1
22.81026;1
22.81077;1
220;21
2200;5
2200-1404;2
22001;1
22002;1
22003;2
22004;1
22006;1
22007;1
22008;1
2201;5
2201-1404 en 2245-1409;8
2201-2244/RT;1
22010;1
22011;2
22012;2
22015;1
22018;2
22019;2
2202;5
2202-03/16;1
2202-1404;1
22020;1
22021;1
22022;2
22023;1
22024;2
22025;1
22025.001;1
22026;1
22027;1
22028;2
2203;5
2203-1404;1
22030;1
22031;1
22032;1
22033;1
22034;1
22035;1
22036;1
22037;1
22039;2
2204;8
2204-1404;2
22040;1
22040.003;2
22042;1
22043;1
22044;1
22045;2
22047;1
22048;2
22049;1
2205;8
2205-1404;1
22050;2
22051;2
22052;1
22053;2
22054;1
22055;1
22056;1
22057;2
22058;2
22059;1
2206;7
2206-1405;1
22060;1
22061;1
22062;2
22063;2
22064;2
22065;2
22066;2
22067;1
22068;1
2207;6
2207.001;1
22070;1
22071;1
22071.001;1
22072;1
22073;1
22074;1
22075;2
22077;2
22078;1
22079;1
2208;6
2208-1405;1
22080;2
22081;1
22082;1
22083;2
22084;1
22085;1
22086;1
22087;2
22088;1
22089;2
2209;7
22091;1
22092;1
22093;2
22093.002;1
22094;2
22096;1
22097;2
22098;2
22099;2
221;22
221/96;1
2210;7
22100;2
22101;2
22102;1
22103;1
22104;2
22104.001 ;1
22107;1
22108;2
22109;2
2211;5
22111;2
22112;2
22113;1
22114;1
22115;2
22116;1
22117;1
22118;3
22119;2
2212;6
2212-1402;1
2212-1406;1
22120;1
22121;1
22123;1
22126;1
22127;1
22128;1
2213;5
22131.001;1
22133;1
2214;4
22140;1
22146;1
22147;1
22148;1
2215;6
2215-1406;1
22151;1
22153;2
22156;1
22157;1
22159;1
2216;4
2216-1406;1
22162;1
22164;1
22166;1
22167;1
2217;5
22170;1
22172;2
22175;1
22177;1
22178;1
22179;1
2218;4
2218-1406;1
22181;1
22182;1
2219;10
2219-1407;1
22190;1
22191;1
22193;1
22198;1
222;18
2220;6
2220-1407;2
22201;1
22201.002;1
22206;1
22208.002;2
22209;1
2221;7
2221-1407;1
22210;1
22212;1
22214;1
2222;5
2222-1407;1
22221.001;1
22228.001;1
2223;4
2223-1407;1
2224;8
2224-1407;1
22242.001;2
22242.003;1
2225;6
2225-1407;1
2226;5
2226-1407;1
2227;5
2227-1407;1
22277.001;1
2228;5
2228-1407;1
22281.003;2
2229;7
2229-1407;1
223;26
2230;5
2230-1407;1
22306.002;2
2231;4
2231-1408;1
2232;3
2232-1408;1
22329.001;1
2233;6
2234;6
2234-1507;1
22340.002;1
22349.002;1
2235;7
2235-1408;1
22350.002;1
22350.005;1
22350.009;2
22357.002;1
22359.004;1
2236;4
2236-1408;1
22361.002;2
2237;4
2237-1408;1
22374.005;2
2238;5
2238-1409;1
223813.003;2
22382.001;2
2239;6
22397.001;2
224;23
2240;4
2240.001;2
2240.009;1
22400.001;2
2241;6
22417.001.002;1
22417.004.002;1
2242;6
2242-1409;1
22427.001;1
2243;9
2243-1409;1
22437.001;1
2244;5
2244-1409;1
2244.001;1
2244.002;1
2244.005;1
2245;8
22458.001;1
2246;6
2246-1410;1
2247;7
2247-1410;1
22477.005;1
2248;6
22480.001;1
22485.001;1
22488.003;2
2249;5
2249-1410;10
2249.001;2
22499.001;1
225;31
2250;5
2250 - 1410;1
2250.001;1
2251;5
2251-1411;1
2252;12
2252-1411;1
2253;9
2253-1411;2
2254;6
2254-1411;2
2255;6
2255-1411;1
22557.001;1
2256;4
2256-1412;16
2256.001;2
22565.001;1
2257;7
2257-1412;1
2257.001;1
22570.001;1
22579.002;1
2258;3
2258-1412;1
2259;6
22597.001;1
226;22
2260;7
2260-1412;1
2261;5
2261-1412;1
2261-2210;1
22612.002;1
2262;5
2262-1412;1
22623.001;1
22629.001;2
2263;6
2263-1412;1
2264;4
2264-2210;1
22641.001;1
2265;5
2265-1501;1
2265.001;1
2266;6
2266-1501;2
2267;5
2267-1501;3
2268;6
2268-1501;1
2269;7
2269-1501;1
227;19
2270;4
2270-1501;1
2271;6
2271-1501;3
2272;5
2272-1501;1
2273;8
2273-1501;1
22736.001;1
22739.001;1
2274;6
22740.001;1
22744.001;1
2275;8
2275-1501;2
22758;1
2276;6
2276-1501;1
2277;4
2277-1502;1
2278;6
22785.001;1
22786.002;1
22786.004;1
2279;6
228;22
2280;5
2281;6
2281-1502;1
22819.001;1
2282;7
2282-1502;1
22827.001;1
2283;5
2283-1502;4
2284;4
2284.001;1
2284.002;1
2284.010;1
2285;5
2285-1502;1
2286;5
22865.003;1
22866.002;1
22866.005;1
2287;5
2287-1502;3
2288;6
2288-1503;1
2289;6
2289-1503;1
229;22
2290;4
2290-1503;1
22909.002;2
2291;5
2291-1503;1
22915.002;1
2292;4
2292-1503;1
22925.001;1
2293;4
2293-1503;1
2294;5
2295;7
2296;5
2296-1503;2
2297;6
2297-1503;1
2297.003;2
2298;6
2298-1503;1
22982.002;1
2299;5
2299-1503;4
22991.001;2
22A002-03;1
22A002-06;1
22A002-08;1
22A002-09;1
22A003-01;1
22A003-02;1
22A003-03;1
22A004-01;1
22A007-01;1
22A007-04;1
22A01-01;1
22A012-01;1
22A013-01;1
22A013-02;1
22A015-01;1
22A018-01;1
22A019-01;1
22A020-01;1
22A023-01;1
22A026-01;1
22A026-02;1
22A027-02;1
22A030-01;1
23;41
23-1;1
23-4;1
23.0121;1
23.0197;1
23.81143;1
230;22
2300;6
2300-1504;1
2300.002;2
23000.001;2
23001;1
23002;2
23003;1
23004;1
23005;1
23006;1
23007;2
23008;2
23009;1
2301;8
23010;1
23011;1
23012;2
23013;1
23014;2
23016;1
23017;1
23018;2
23019;1
2302;5
2302-1504;1
23020;1
23021;2
23022;1
23025;2
23027;2
23029;1
2303;5
2303-1504;1
23030;1
23031;1
23033;1
23034;1
23035;1
23036;1
23037;2
23038;1
23039;2
2304;6
2304-1504;3
23040;1
23041;1
23042;2
23043;1
23043.002;1
23045;2
23046;1
23047;2
23047.004;1
23048;2
23049;2
2305;8
2305-1504;1
23050;1
23051;2
23052;1
23053;2
23054;2
23055;1
23058;1
23059;1
2306;6
23060;1
23061;1
23064;1
23066;1
23067;1
2307;9
23070;1
23071;1
23072;1
23073;1
23074;2
23075;1
23078;1
23079;1
2308;7
2308-1504;1
23080;1
23082;1
23084;1
23087;1
23088;1
23089;1
2309;7
2309-1504;1
23095;1
23096;1
23099;1
231;24
2310;6
23102;1
23103;1
23103.001;1
23104;1
23105;1
23106002;1
23106008;1
23106015;1
23106022;1
23106023;1
23107;1
23108;2
2311;5
2311-1505;1
23111;1
23111.001;1
23112;2
23114;1
23115;1
23116.001;2
23116004;1
23116011;1
23117.001;1
23118;1
23119;1
2312;6
23121;1
23123;1
23126015;1
23127.001;2
23128;1
23129;1
2313;6
2313-1505;1
23130;1
23132;2
23133;2
23135;1
23137;1
2314;8
2314-1505;1
23142;1
23145;1
23146002;1
23147;1
23148;1
2315;9
2315-1505;1
23151.001;1
23152;1
23152.001;2
23154;1
2316;6
2316-1505;1
2317;6
2317 - 1506;1
23179.003;1
2318;6
2318-1506;1
2318.001;1
2319;5
2319-1506;3
23191;1
23192;1
23195.001;1
23196;1
23197;1
23199;1
232;24
2320;3
2320 en 2321;2
2320-1506;1
23200.001;1
23208;1
2321;5
2321-1506;1
23215;1
23217;1
2322;4
2322, 2323 en 2324;3
2323;4
2323-1506;1
23231;2
2324;4
2324-1506;1
2324.001;2
2325;4
2325-1506;1
23250;1
2326;5
2326-1506;1
2327;4
2327-1506;1
2328;5
2328-1507;1
2328.001;2
2329;7
2329-1507;2
23296.002;1
233;21
2330;4
2330 (herziene eindversie);1
2330-1507;1
2330.004;2
2331;5
2331-1507;1
2332;5
23324.001;1
23325.001;1
2333;6
2333-1507;1
2334;6
23341.002;1
2335;6
2335-1507;1
2336;6
2336-1507;1
2337;7
2337-1507;1
2338;6
2338-1507;1
23380.001;1
23381.001;1
2339;6
234;23
2340;5
23406.001;1
2341;4
2341-1507;1
23416.004;1
2342;5
2342-1507;1
2343;5
2343-1508;1
234343;2
2344;5
2344-1508;1
2345;5
2346;6
2347;6
2347-1508;1
23475.001;1
23475.002;1
2348;6
2348-1508;1
2349;4
2349-1509a;2
235;25
2350;5
2350.001;1
2351;6
2351-1509;2
2352;6
2352-1509;2
2353;5
2353-1509;1
2354;6
2354-1509;1
2355;9
2355-1509;1
2356;6
2356-1509;1
2357;5
2357-1510;1
2358;10
2358-1510;3
2359;7
2359-1510;1
236;28
2360;16
2360-1510;1
2361;7
2361-1510;1
23613.001;1
2362;5
2362-1510;1
23621.002;2
2363;8
2363-1510;1
2364;5
2364-1511;1
2364.001;1
23646.001;1
2365;5
2365-1511;1
2366;5
2366-1511;1
2366006;1
2366007;1
2366010;1
2366016;1
2366017;1
2366018;1
2366019;1
2366028;1
2367;6
2367-1511;1
23671.001;1
2368;7
2368-1511;2
23684.001;1
2369;6
2369-1512;1
237;21
2370;8
2370-1512;1
2371;6
2371-1512;1
2372;6
2372-1512;1
2372.001;2
23721.002;1
23723-1;1
2373;8
23739.002;2
2374;15
2374b;1
2375;4
2375-1512;1
237522;1
23755.001;1
2376;4
2376-1601;1
2376002;1
2376006;1
2376017;1
2376022;1
23762.001;1
2377;6
2377-1601;1
2378;6
2378-1601;1
2379;5
2379 - 1601;1
238;24
2380;558
2380 - 1601;1
2380.001;1
2381;5
23819.001;1
2382;5
2382-1601;1
2383;12
2383-1601;1
23837.001;1
23838.003;1
2384;6
2384 en 2544;1
2384-1601;1
2384.002;1
2385;6
2385-1602;1
23854.001;1
2386;8
2386-1602;1
2386006;1
2386008;1
2386016;1
2386021;1
2386023;1
2387;7
2387-1602;1
2387.001;2
23870.001;1
2388;5
2388-1602;1
2389;5
2389-1602;1
239;20
2390;5
2390-1602;1
2391;5
2391-1602;1
23919.001;1
2392;5
2392-1602;1
2393;4
2393-1603;2
2393-1703;1
2394;6
2395;8
2395-1603;1
2396;7
2396-1603;1
23967.001;1
2397;5
2397-1603;1
2398;4
2398-1603;4
23989.001;1
2399;10
2399-1603;1
23992.001;1
23996.002;1
23A001-01;1
23A003-01;1
23A003-02;1
23A004-01;1
23A006-01;1
23A008-01;1
23A017-02;1
23A017-03;1
23A017-04;1
23A017-05;1
23A021-02;1
23A021-03;1
23A022-01;1
23A024-01;1
23A033-01;1
23A033-02;1
23A034-01;1
23A035-01;2
23A035-02;1
23A035-03;1
24;41
24-1;1
240;26
2400;4
2400 - 1603;1
24000.002;1
24001;1
24002;1
24003;1
24005;2
24008;1
24009;2
2401;6
2401-1603;1
24011;1
24017;1
2402;7
2402-1603;1
2402.002;2
24020;1
24024;1
24026;1
24027;2
24028;1
2403;6
2403-1603;1
24032;1
24036.001;1
24039;1
2404;8
2404-1604;1
24040;2
24045;1
24049;1
2405;6
2405-1604;1
24051;1
24052;1
24057.002;1
2406;8
2406 - 1604;1
24061;1
24065;1
24066;1
24068;1
24069;1
2407;7
2407-1604;1
24072;1
24075;1
24078;1
2408;4
2408-1604;2
24082;1
24083;1
24085;1
24088;1
24089;2
2409;5
2409-1604;1
24093;1
24094;1
24095;2
241;25
2410;8
2410-1604;1
24101;1
24102;2
24105;1
24106;1
24107;1
24109;1
2411;8
2411 - 1605;1
24114;1
24115;1
24117;1
24119;1
2412;13
2412-1605;2
24120;1
24121;1
24122;1
24122a;1
24123;1
24124;1
24125;1
24128;2
24128.002;1
24129;1
2413;6
24131;1
24133;1
2414;5
2414-1605;1
2414.001;2
24147;1
24148;1
2415;6
2415-1605;1
24154;1
2416;5
2416-1606;1
24161;1
24169.001;1
24169.002;1
2417;5
2417-1606;1
24172;1
2418;4
2418-1606;1
24180;1
2419;4
2419-1606;2
24194;1
24198;1
242;24
2420;6
2420-1606;1
2421;5
2421-1606;1
24217.002;2
24218.001;1
24218.002;1
2422;5
2422-1606;1
24222;1
24226.001;2
24226.002;1
24227.001;1
2423;5
2423-1606;1
2423.001;1
2424;3
2424-1606;1
2425;5
2425-1606;1
2425.001;1
2426;5
2426 - 1606;1
2427;5
2427-1607;1
24270.002;1
2428;4
24284.001;1
2429;6
2429-1607;1
24294.001;1
24298.001;1
243;26
243 (definitieve versie);1
2430;5
2430-1607;1
2431;6
2431-1607;1
2432;9
2432-1607;1
24328.003;1
2433;8
2433-1607;1
2434;6
2434-1607;2
2435;3
2435-1607;1
2436;5
24368.001;1
2437;7
2437-1607;1
24372.001;1
24373.001;1
2438;4
2438-1607;1
2439;3
2439-1608;1
244;21
2440;5
2441;4
2441-1608;4
2442;9
2442-1608;1
2443;6
2443-1608;2
2444;6
2444-1608;1
2445;6
2445-1608;1
2446;7
2446-1609;1
2447;4
2447-1609;2
2448;7
2448-1609;1
2448.001;2
2449;4
2449-1610;1
245;27
2450;4
2450-1610;1
2451;4
2451-1610;1
2452;6
2452-1610;1
2453;9
2453-1610;2
2454;5
2454-1610;1
2455;7
2455-1610;1
2456;5
2456-1611;1
2457;7
2457-1611;1
24574.001;2
2458;5
2458-1611;2
24581;1
2459;7
2459-1611;1
24592.001;1
24593.001;1
246;27
2460;6
2460-1611;1
2461;6
2461-1611;1
2462;4
2462 - 1611;1
2463;5
2463-1612;1
2463.001;1
2464;5
2465;4
2465-1612;1
2466;6
2466 - 1612;1
24665.001;1
2467;5
2467-1612;1
2467.002;2
24672.001;1
2468;5
2468-1612;5
2469;6
2469-1612;1
247;21
2470;6
2470-1701;1
2471;4
2471-1701;1
24718.001;2
2471a;1
2472;17
2472-1701;1
2473;6
2473-1701;1
2473.001;1
2474;4
2474-1701;1
2475;5
24755.001;2
2476;2
2477;6
2477-1701;1
2478;5
2478-1702;1
2478.002;2
2478.004;1
2479;7
2479-1702;1
248;26
2480;9
2480-1702;1
2481;5
2481-1702;1
2482;3
2482-1702;1
2483;5
2483-1702;1
2483.002;2
2484;5
2484-1702;1
2485;6
2485-1702;1
24852.001;1
2486;4
2486-1702;1
2487;5
2487-1703;3
2488;4
2488-1708;1
2489;7
2489.001;2
249;24
2490;5
2490-1703;1
24903.001;1
2491;6
2491-1703;1
24912.002;3
2492;6
2492-1703;1
24925.001;1
2493;5
2493-1703;1
2494;6
2494-1703;3
2495;5
2495-1704;1
2496;5
2496-1704;1
2497;4
24972.001;2
2498;6
24980;1
2499;6
24A002-01;1
24A002-02;1
24A007-01;1
24A011-02;1
24A014-02;1
24A014-04;1
24A014-05;1
24A019-02;1
24A021-01;1
24A022-01;1
24A024-01;1
24A024-02;1
24A030-01;1
24A031-01;1
24A032-01;1
24A035-01;1
25;102
250;24
2500;5
2500-1705;1
25003;1
25008;1
25009;1
2501;5
2501-1705;2
25011;1
25016;1
25017;1
2502;6
2502-1705;1
25023;1
25027;1
2503;9
2503-1705;1
25032;1
25033.001;1
25035.001;1
2504;5
2504-1706;1
25042;1
2505;6
2505-1706;1
25050.001;1
25054;1
2506;7
2506-1706;1
2507;8
2507-1706;1
2508;9
2508-1706;1
25089;1
2509;7
251;21
2510;6
2511;7
2511-1707;1
2512;6
2512-1707;1
2513;5
2514;5
2514-1707;1
2514.003;2
2514.005;1
25140.001;2
2515;6
2515-1707;1
2516;4
2516-1707;1
2517;6
2517-1707;1
2518;4
2518-1707;1
2519;6
252;22
2520;6
2520-1707;1
2521;7
2522;6
2522-1708;1
2523;7
2523-1708;1
2524;7
2524-1708;1
2525;5
2525-1708;1
25256.001;1
2526;6
2527;3
2527-1709;1
2528;6
2528-1709;1
2529;6
2529-1709;1
253;21
2530;5
2530-1709;1
2531;6
2531-1709;1
25317.001;1
2532;7
2532-1709;1
2532.002;1
2533;4
2533-1709;1
2533.002;1
2534;4
2534-1709;1
2535;6
2535-1709;1
2536;17
2536-1709;1
25365.002;2
2537;6
2537-1709;1
2538;3
2538-1709;1
25382.003;2
2539;8
2539-1710;1
254;24
2540;5
2540-1710;1
25403.001;1
2541;5
2541-1710;1
2542;8
2542-1710;1
2543;5
2543-1710;1
2543.001;2
2543.003;1
25434.001;1
2544;4
2544-1710;1
25448.001;2
2545;4
2545-1711;1
2546;5
2546-1711;1
2546.002;2
25463.002;2
2547;6
2547-1711;1
2548;5
2548-1711;1
25484.002;2
2549;5
2549-1711;1
25490;1
255;20
2550;5
2550 en 2575;1
2550-1711;1
25501.001;1
2551;6
2551-1711;1
2552;7
2552-1711;1
2553;5
2553-1711;1
2553.002;2
2554;4
2554-1711;1
2555;3
2555-1712;1
2556;5
2556-1712;1
2557;16
2557-1712;1
2557.001;1
2558;6
2559;14
2559-1712;1
2559-1712-b;1
2559.002;1
256;21
2560;3
2560-1712;1
2561;4
2561-1712;1
2562;5
2562-1712;1
2563;4
2563-1712;1
2563.002;2
2564;5
2564-1801;1
2565;9
25652;1
2566;5
2566-1801;1
2567;5
2567-1801;3
2568;6
2568-1801;2
2569;6
2569-1802;1
25690.003;1
257;30
2570;6
2570-1802;1
2570.003;1
2571;5
2571-1802;1
25715.001;2
2572;15
2573;6
2573-1802;1
25738.001;2
2574;7
2574-1802;1
2574.002;1
2575;6
2575-1802;1
2576;4
2576-1802;1
25764;1
2577;6
2577-1802;1
2578;5
2578-1803;1
2579;6
2579-1803;1
258;22
2580;4
2580-1803;1
2580-1803-B;1
2580-1803-C;1
2580-1803-D;1
25806.001;1
2581;5
2581-1803;1
2582;6
2582-1803;1
2583;11
2583-1803;1
2584;5
2584-1803;1
25842.001;1
2585;5
2585-1803;1
25851.001;1
2586;4
2586-1804;1
25866.001;1
2587;6
2587-1804;1
2588;5
2588-1804;1
2589;4
259;24
2590;5
2591;6
2591-1805;1
25914.001;2
2592;7
2592-1805;1
2593;5
2593-1805;1
25935.001;1
2594;3
2594-1805;1
2595;6
2596;4
2596-1805;1
2597;6
2597-1805;1
2598;5
2598-1806;1
2599;4
2599-1806;1
25A003-02;1
25A006-01;1
26;47
260;21
2600;5
2600-1806;1
2601;4
2601-1806;1
2602;5
2602-1806;1
26022.001;2
2603;4
2603-1806;1
2604;5
2604.003;1
2605;2
2605-1807;1
2606;5
2606-1807;1
2607;4
2607-1807;1
2608;3
26084.001;1
2609;4
2609-1807;1
261;24
2610;5
26100;1
2611;5
2611-1807;1
26114.001;1
2612;6
2612-1807;1
2613;4
2613-1808;1
2614;7
2614-1808;5
2615;6
2615-1808;1
26153.002;1
2616;4
2616-1808;1
26161.001;1
2617;4
2617-1808;1
2618;4
2618.002;1
2619;5
2619-1808;2
262;19
2620;5
2620-1808;1
2621;5
2621-1809;1
2622;3
2622-1809;1
2622.006;1
2623;5
2623-1809;1
2624;5
2625;19
2625-1809;1
2626;4
2626-1809;1
2627;4
2627-1810;1
2628;5
2628-1810;1
2629;5
2629-1810;1
263;18
2630;6
2630-1810;1
26302.001;1
2631;6
2631-1810;1
2632;3
2632-1810;1
26326.002;1
2633;5
2633-1810;1
2634;4
2634-1810;1
2635;6
2635-1811;1
263503;1
2636;4
2636-1811;1
2637;14
2638;5
2638-1811;1
2639;5
2639-1812;1
264;21
2640;7
2640.004;2
2640.006;1
2641;6
2641-1901;1
2642;4
2642-1901;1
2642.001;1
26420.001;1
26428.001;2
2643;5
2643.001;1
2644;3
2644-1901;1
2645;4
2645-1901;1
2646;4
2646-1901;1
2647;11
2647-1901;1
2648;5
2648-1901;1
2649;6
2649-1901;1
265;21
2650;5
2650-1902;1
2651;3
2651-1902;1
2652;7
2652-1902;1
26529.001;2
26529.002;2
2653;4
2653-1902;1
26530.001;2
2654;6
2654-1902;1
2655;3
2655-1902;1
26551.001;2
2656;5
2656-1903;1
2657;5
2657-1903;1
2658;5
26585.001;2
2659;8
2659-1903;1
266;24
2660;5
2660-1903;2
2661;5
2662;5
2663;5
2663-1904;1
2664;6
2664-1904;1
2665;4
26657.001;1
2666;4
2666-1904;1
2667;5
2667-1905;1
2668;4
2669;4
2669-1905;1
267;20
2670;5
2670-1905;1
2671;4
2671-1905;1
2672;5
2672-1905;1
2673;5
2673-1905;1
2674;3
2674-1905;1
2675;3
2675-1906;1
2676;6
2677;3
2677-1906;1
2678;4
2678-1906;1
2679;4
2679-1907;1
268;22
268 277;2
2680;5
2680-1907;1
2681;5
2681-1907;1
2682;4
2682-1907;1
2683;5
2683-1907;1
2684;10
2684-1907;1
2685;4
2686;3
2687;3
2687-1907;1
2688;13
2688-1907;1
2689;4
2689-1908;1
2689.002;1
269;23
2690;40
2690-1908;1
2690.004;2
26903.001;2
2691;3
2691-1909;1
2692;5
2692-1909;1
26921.001;1
2693;4
2693-1909;1
2694;3
2694-1909;1
2695;5
2695-1909;1
2696;6
2696-1909;1
2697;4
2697-1909;1
2698;5
2698.002;3
2699;7
2699-1909;1
27;43
27-3;1
270;21
2700;6
2700-1909;1
27008.001;2
2701;5
2701-1909;1
27011.001;1
2702;3
2702-1910;1
2703;3
2703-1910;1
2703.001;2
2703.003;1
2703.007;1
2704;5
2704-1910;1
2705;5
2705-1910;1
2706;3
2706-1910;1
27069.001;1
2707;5
2707-1910;1
2708;5
2708-1910;1
2709;5
2709.001;1
2709.002;1
2709.003;1
27099.001;1
271;19
2710;5
2710-1910;1
2711;5
2711-1910;1
2712;3
2712-1910;1
2713;4
2713-1911;1
2714;5
2714-1911;1
2715;6
2715-1911;1
2716;10
2717;4
2717-1911;1
2718;3
2718.001;2
2718.006;1
2719;4
272;22
2720;4
2720-1911;1
2721;7
2721-1911;1
2722;10
2723;2
2723-1911;3
2724;3
2724-1911;1
2725;6
2725-1912;1
2726;4
2726-1912;1
2727;3
2727-1912;1
2728;5
2728-2001;1
2729;8
2729-2001;1
273;23
2730;5
2730-2001;1
2731;6
2731-2001;1
2732;4
2732-2002;1
2733;5
2733-2002;1
2734;4
2734-2002;2
2735;5
2735-2002;1
27355;1
2736;3
2737;5
2737-2003;1
2738;3
2738-2003;1
2739;3
2739-2003;1
274;21
2740;3
2740-2003;1
2741;3
2741-2003;1
2742;7
2742-2003;1
2743;4
2743-2003;1
2743.001;2
2743.002;1
2743.003;1
2744;5
2745;9
2745-2003;1
2746;5
2746-2003;1
27468;1
2747;6
2748;5
2748-2003;1
2749;5
2749-2004;1
2749.001;1
275;36
2750;4
2750-2004;1
2750.001;3
2751;5
2751-2004;2
2752;4
2752-2004;1
2753;6
2753-2004;1
2753.002;2
2754;5
2754-2004;1
2755;3
2755-2004;1
2756;5
2757;6
2757-2004;1
2757.002;1
2758;4
2758-2004;1
2758.001;2
2759;5
2759-2004;1
276;18
2760;3
2760-2004;1
2761;8
2761-2005;1
2762;6
2762-2005;1
2763;5
2763-2005;1
2764;6
2764-2005;1
2765;4
2765-2005;1
2766;5
2766-2005;1
2767;4
2767-2005;1
2768;5
2768-2005;1
2769;5
2769-2005;1
277;23
2770;12
2770-2006;1
2771;6
2771-2006;1
2772;3
2772-2006;1
2773;4
2774;5
2775;5
2775-2007;1
2776;9
2777;4
2777-2007;1
2778;4
2778-2007;1
2779;5
2779.001;1
278;22
2780;4
2780-2007;1
2780.001;1
2781;5
2781-2007;1
2782;10
27822;1
2783;6
2783-2008;1
2784;4
2784-2008;1
2785;4
2785-2008;1
2786;5
2786-2008;1
2787;5
2788;4
2788-2008;2
2789;3
2789-2008;1
279;22
2790;9
2790-2009;1
2791;4
2791-2009;1
2792;5
2792-2009;1
2793;6
2793-2009;1
2794;8
2794-2009;1
2795;8
2795-2009;2
2796;7
2796-2009;1
2797;5
2797-2009;1
2797.001;1
2798;5
2798-2010;1
2798.003;1
2799;4
28;45
280;21
2800;8
2800-2010;1
2801;4
2801-2010;1
2802;4
2803;7
2803-2010;1
2804;5
2804-2010;1
2805;7
2806;4
2806-2010;1
2807;6
2807.001;1
2808;5
2808-2010;1
2808.002;2
2809;7
2809-2010;1
2809.003;2
2809.012;1
281;20
2810;5
2810-2011;1
2811;16
2812;5
2812-2011;1
2812.001;2
2813;4
2814;4
2815;5
2815-2011;1
2816;4
2816-2011;1
2817;3
2817-2011;1
2818;5
2818-2011;1
2819;5
2819-2011a;1
2819-2011b;1
282;22
2820;5
2820-2011;1
2821;3
2821-2012;1
2822;3
2822-2012;1
2823;4
2823-2012;1
2824;5
2824-2101;1
2825;5
2825-2101;2
2826;5
2826-2101;1
2827;5
2828;4
2828-2101;1
2829;5
283;20
2830;4
2831;4
2831-2101;1
2832;3
2832-2101;1
2833;5
2833-2101;1
2834;7
2834-2101;1
28342;1
2835;4
2835-2101;1
2836;7
2836-2101;1
2837;4
2837-2102;1
2838;5
2839;4
284;27
2840;3
2841;6
2841-2102;1
2842;4
2842.001;2
28424;1
28426;1
2843;4
2844;3
2844-2103;1
2845;7
2845-2103;1
2846;6
2846-2103;1
2847;2
2848;4
2848-2103;1
2849;3
2849-2103;1
285;21
2850;4
2850-2103;1
2850.001;1
2850.002;2
2850.004;1
2850.007;1
2850.008;1
2851;3
2851-2103;1
2852;3
2852-2103;1
2853;6
2854;4
2854-2103;1
2855;4
2855-2103;1
2856;3
2856-2103;1
2857;6
2857-2103;1
2858;6
2859;6
2859-2104;1
286;24
2860;4
2860-2104;1
2860.001;2
2861;4
2861-2105;2
2862;8
2862-2105;1
28622;1
28627;1
2863;2
2863-2105;1
2864;4
2864-2105;1
2865;4
2865-2105;1
2866;6
2866-2106;1
28666;1
2867;4
2867-2106;1
2868;4
2868-2106;1
2869;3
287;21
2870;6
2870-2106;1
2870.001;1
2871;3
2871-2106;1
2872;6
2872-2107;1
2873;3
2873-2107;1
2874;6
2875;3
2875-2107;1
2876;4
2876-2107;1
28765;1
2877;3
2877-2107;1
2877.001;1
2878;3
2878-2107;1
2879;3
2879-2107;1
28790;1
288;22
2880;4
2880-2107;1
2881;18
2881-2107;1
2882;18
2882-2107;1
2883;2
2883-2107;2
2883.002;1
2884;3
28844;1
2885;6
2885.001;2
2886;4
2886-2108;1
2887;3
2887-2108;1
2887.001;2
2887.002;1
28876;1
2888;4
2888-2109;1
2889;5
2889-2109;1
289;20
2890;3
2890-2109;1
2890-2109-2;1
2891;4
2891-2109;1
2892;16
2892-2109;1
2893;4
2893-2110;1
2894;2
2894-2110;1
2895;3
2895-2111;1
2896;10
2896-2111;1
2896.002;2
2897;14
2897-2111;1
2898;4
2898-2111;1
28988;1
28989;1
2899;3
2899-2111;1
29;40
29-1;1
290;19
2900;7
2900-2111;1
2901;5
2901-2111;1
2902;42
2902-2112;1
2903;6
2903-2112;1
2904;4
2904-2112;1
29047;1
2905;7
2905-2112;1
29057;1
2906;3
2906-2112;1
2907;5
2907-2112;1
2908;5
2908-2112;1
2909;4
2909-2112;1
291;21
2910;3
2910-2112;1
2911;6
29112112;1
2912;4
2912-2112;1
2913;4
2913-2112;1
2914;4
2914-2201;1
2915;3
2915-2201;1
29151;1
2916;4
2916-2201;1
2916.002;1
2917;4
2917-2201;1
29176;1
2918;3
2919;3
292;23
2920;4
2921;3
2921-2202-a;1
2922;4
2922-2202;1
29223;1
2923;6
2923-2202;1
2923.001;2
29232;1
2924;5
2924-2202;1
2925;4
2925-2203;1
2926;3
2926-2203;1
2927;4
2927-2203;1
2928;5
2928-2203;1
2929;2
2929-2203;1
293;21
293/294;1
2930;9
2931;7
2931.002;1
2932;4
2932-2203;1
2933;4
2933-2203;1
2934;4
2934-2203;1
2935;3
2935-2203;1
2936;5
2936-2204;1
2936.002;1
2937;5
2937-2204;1
2938;6
2938-2204;1
2939;4
2939-2205;1
294;15
294/355;1
2940;5
2940-2205;1
2941;5
2941-2205;1
2942;9
2943;3
2943-2203;1
2944;4
2945;4
2945-2206;1
2946;4
2947;6
2947-2206;1
2947-2206a;1
2948;3
2948-2206;1
2948.002;1
2949;2
2949-2206;1
295;18
2950;6
2950-2207;1
2951;8
2951-2207;1
2952;5
2952-2207;1
2953;2
2953-2207;1
2954;2
2954-2208;1
29548;1
2955;3
2955-2208;1
29554;1
2956;2
2956-2209;1
2957;4
2958;3
2959;6
296;22
2960;5
2960-2209;1
2960.001;2
2961;3
2962;4
2962-2210;1
2963;5
2963-2210;1
2964;3
2965;3
2965-2210;1
2965.002;1
2965.005;1
2966;4
2966-2211;1
2967;4
29676;1
2968;4
2968-2211;1
2968.001;1
2969;5
297;21
2970;2
2970-2211;1
2971;3
2972;5
2972-2211;1
2972.001;1
29722;1
29723;1
2973;4
2973-2211;1
2974;4
2974-2211;1
29744;1
2975;5
2975-2211;1
2976;3
2976 en 2977;4
2976-2212;1
2977;1
2977-2212;1
2978;3
2978-2212a;1
2978-2212b;1
2979;4
2979-2212;1
2979.002;2
298;17
2980;4
2980-2212;1
2981;3
2981-2212;1
2982;4
2982-2212;1
2983;6
2983-2301;1
2983.001;1
2984;2
2984-2301;1
2985;5
2986;4
2986-2302;1
29862;1
2987;3
2987-2302;1
2988;4
2989;14
2989-2302;1
2989.001 en 2898.003;1
2989.001 en 2989.003;1
299;28
2990;5
2990-2302;1
2991;12
2991-2302;1
2992;2
29923;1
29927;1
29928;1
2993;5
2993-2303;1
2994;3
2994-2303;1
2995;5
2995-2303;1
2996;5
2996.001;1
2997;18
2997-2303;1
2998;4
2998-2303;1
2999;4
3;44
3 en 6;1
3, 4;2
3-3;1
3-4;1
30;34
30-35-44;1
30-36-2310;1
300;22
3000;2
3000-2304;1
3001;5
3002;5
3002-2304;1
3003;4
3003-2304;1
3004;5
3004-2305;1
3005;3
3005-2305;1
3005.003;2
3006;5
3006-2305;1
3007;5
3007-2305;1
3008;7
3008-2305;1
300866;1
3009;4
301;22
3010;3
3010-2305;2
30102020;1
3011;4
3012;4
3013;3
3013-2306;1
30139298;1
3014;5
3014-2306;1
3015;4
3015-2306;1
3016;3
3017;5
3017-2307;1
3018;6
3018-2307;1
3019;3
3019-2308;1
302;23
3020;7
3021;3
3021-2308;1
3022;4
3022-2308;1
3023;3
3023-2308;1
3024;3
3024-2309;1
3025;4
3025-2309;1
3026;14
3027;3
3027-2309;1
3028;3
3028-2309;1
3029;3
3029-2309;1
303;18
3030;4
3030-2309;1
3031;4
3031-2309;1
3032;2
3032-2309;1
3033;3
3033-2309;1
3034;4
3034-2309;1
30348;1
3035;4
3035-2310;1
3036;4
3037;4
3037-2310;1
3038;4
3038-2311;1
3039;3
3039-2311;1
304;27
3040;2
3040-2311;1
3041;4
3042;2
3042-2311;2
3043;3
3043-2312;1
3044;5
3044-2312;1
3045;4
3046;95
3046-2401;1
3047;6
3047-2401;1
3048;4
3048-2401;1
3048.001;1
3049;4
3049-2401;1
305;25
3050;5
3050-5097;1
3050.002;1
3051;3
3051-2401;1
3052;3
3052-2402;1
3053;5
3054;7
3054-2402;1
3055;4
3055-2402;1
3056;25
3056-2402;1
3057;4
3057-2402;1
3058;3
3058-2402;1
3059;2
3059-2402;1
306;32
3060;19
3061;4
3061-2402;1
3061.001;2
3061.003;1
3062;4
3063;3
3064;4
3065;4
3065-2402;1
3066;2
3067;9
3068;3
3068-2403;1
3069;3
3069.001;1
307;26
3070;4
3070-2403;1
3071;4
3071-2403;1
3072;3
3073;4
3074;3
3075;3
3075-2403;1
3076;5
3076-2404;1
3077;3
3078;5
3078-2404;1
3079;5
308;28
3080;5
3080-2405;1
3081;4
3082;4
3083;7
3083-2406;1
3084;3
3085;5
3085-2406;1
3086;4
3087;2
3088;7
3088-2407;1
3089;4
3089-2407;1
309;17
3090;6
3090-2407-a;1
3090-2407-b;1
3090-2407-c;1
3090-2407-d;1
3091;5
3091-2407;1
3092;4
3092-2407;1
3093;4
3094;5
3095;3
3096;6
3096-2408;1
3097;10
3097-2408;1
3098;7
3099;4
31;49
310;27
3100;5
3101;3
3102;5
3102.001;1
3103;3
3104;3
3105;17
3106;4
3107;4
3108;5
3109;3
311;25
3110;3
3111;4
3112;8
3113;9
3114;4
3115;4
3116;4
3117;4
3118;5
3119;2
31191;1
312;107
3120;3
3121;5
3122;6
3123;5
3124;9
3125;3
3126;3
3127;5
3128;3
31289;1
3129;3
3129.001;1
313;25
3130;3
3131;5
3132;3
3132.002;2
31329 + 31328 + 31331;1
31329 +31328 +31331;2
3133;3
3134;3
3135;5
3136;3
3137;3
3138;5
3139;3
314;26
3140;5
3141;2
3142;2
3143;6
3144;3
3145;1
3146;1
3146.001;2
3147;2
3148;3
3149;5
315;30
3150;11
3151;3
3152;3
3153;3
3154;4
3154.001;2
3155;2
3156;3
3156.001;2
3157;4
3157.001;1
3157.003;1
3158;10
3159;2
316;20
3160;4
3160.002;2
3161;2
3162;4
3162 (herziene eindversie);1
3163;4
3164;3
3165;3
3166;3
3167;2
3168;2
3169;4
317;22
3170;4
3171;6
3172;6
3173;4
31737;1
3174;6
3175;4
31752;1
3176;3
3177;3
3178;3
3179;4
318;16
3180;6
3181;3
31816;1
3182;17
3183;5
3184;2
3185;4
3186;3
3187;5
3188;4
3189;3
319;24
3190;2
3191;3
3192;3
3193;5
3194;3
3195;5
3195.002;1
3196;5
31963;1
3197;3
3198;4
3199;6
32;45
320;28
3200;2
3201;1
3202;3
32028;1
32029;1
3203;2
3204;1
3205;1
3206;4
3207;8
3208;13
3208.002;1
3209;6
321;19
3210;9
3211;3
3211.001;2
3212;7
3213;2
3214;2
3215;2
3215.002;2
3216;3
3217;2
3218;8
3219;3
322;20
3220;3
3220.001;1
3221;3
3222;3
3223;2
3224;5
3225;3
3226;4
3227;3
3227.002;1
3228;2
3228.001;2
3229;4
323;20
3230;3
3231;3
3232;4
3232.001;2
32327;1
3233;4
3234;4
3235;3
3236;3
3237;3
3238;3
3239;3
324;19
3240;2
3241;3
3242;3
3243;27
32438;1
3244;9
3245;12
3246;2
3247;7
3248;3
32487;1
3249;2
325;18
3250;9
3251;10
3252;7
3253;6
3254;3
3255;3
3256;4
32560;1
3257;4
3258;2
3259;5
326;18
3260;3
3261;9
3262;19
3263;8
3264;3
3265;4
3266;3
3267;4
3268;4
3269;4
327;24
3270;3
3271;3
3272;2
3273;7
3274;5
3275;4
3276;3
3277;3
3278;3
3279;5
32791;1
32793;1
328;49
3280;9
3281;7
3282;4
3283;4
3284;4
3285;3
3286;7
3287;4
3288;4
3289;4
329;21
3290;11
3291;5
3292;5
3293;4
3294;5
3295;4
3296;4
32966;1
3297;4
3298;4
3299;6
33;45
330;25
3300;44
3301;28
3302;5
3303;4
3304;4
33043;1
3305;4
33050;1
3306;4
3307;3
3308;2
3309;6
3309.003;1
331;19
3310;16
3311;6
3311.002;1
33116;1
3312;7
3313;3
3314;4
33149;1
3315;3
3316;4
3317;4
3318;5
3319;3
332;20
3320;6
3321;26
3322;5
3323;5
3324;2
3325;6
3326;5
3327;5
3328;5
3329;5
333;23
3330;1
3331;4
3332;3
3332.002;1
3333;5
3334;3
3335;5
33352;1
3336;3
3337;3
3338;2
3339;4
3339.001;1
334;24
3340;4
33404;1
3341;3
3342;4
3343;3
3343.001;1
3343.003;1
3344;4
3345;2
3346;4
3347;2
3348;4
3349;6
335;20
3350;4
3351;4
3352;7
3353;3
3354;4
3355;3
3355.002;1
3355.004;1
3356;3
3356W;1
3357;3
3358;2
3359;4
336;22
3360;5
3361;3
3362;6
3363;3
3364;4
33648;1
3365;3
3366;5
3367;4
3368;3
3369;4
337;13
3370;5
3371;3
33717;1
3372;4
3373;3
3374;5
33745;1
33746;1
3375;4
3376;5
3377;11
3377.001;2
3378;6
3378.002;2
3379;23
338;14
338/485;1
3380;7
33805;1
3381;6
3382;7
3383;3
3383.001;2
3384;3
3385;7
3386;2
3387;3
3388;5
33882;1
3389;4
339;16
3390;4
3391;4
3392;4
3392.001;1
3393;6
3394;4
3395;4
33950;1
3396;4
3397;5
3398;3
33982;1
3399;9
33995;2
34;40
340;21
3400;3
3401;3
34015;1
3402;13
34028;1
3403;1
3403.004;1
3404;5
3404.003;1
3405;5
3406;5
3407;4
3408;2
3409;3
341;20
3410;3
3411;4
3412;2
3412 & 3433;2
3413;2
3414;3
3415;2
3416;2
3416.002;1
3417;3
3418;3
3419;2
342;18
3420;3
3421;2
3422;2
3422 A en 3422B;1
3422 en 7213;2
3422.002;2
3423;3
3424;3
34240;1
3425;3
3426;3
3427;2
3428;3
34285;2
3429;3
343;17
3430;2
3431;4
3432;3
3433;3
3434;1
3435;4
3436;3
34360;1
3437;3
3438;9
3439;3
344;23
3440;4
3441;3
3441206/20407;1
34418;1
3442;1
3443;4
3444;2
3445;3
34454;1
34455, 35028;1
3446;3
3447;4
3448;5
3449;5
3449.001;2
345;13
3450;6
3450.001;2
3451;4
3452;4
3453;4
3454;4
3455;4
3456;4
3457;4
3458;7
3458.002;1
3459;5
346;16
3460;4
3461;4
3461.001;2
3462;4
3463;4
3464;5
3465;5
3466;3
3467;4
3468;3
3469;6
347;19
3470;2
3471;3
3472;9
3473;4
3474;3
3475;3
3476;4
3477;3
3478;3
3479;4
3479.003;2
348;19
3480;2
3481;4
3482;2
3483;3
3484;3
3485;3
3486;3
3487;3
3488;3
3489;4
349;18
3490;4
3491;4
3492;3
3493;4
34938;1
3494;3
3495;4
3496;3
3497;3
3498;2
3499;4
34A;1
35;34
35/1 / 35/2 / 35;1
350;23
3500;4
3501;6
3502;4
3503;8
3503.001;1
3504;4
3505;2
3505 (herziene eindversie);1
35056;1
3506;4
3507;4
3508;4
3509;4
351;19
351/412/499;1
3510;4
3511;5
3512;4
35121;1
3513;4
3514;4
3515;4
3516;4
3517;6
3518;3
3519;3
352;21
3520;4
3521;4
3521.004;1
35211;1
3522;4
3523;3
3524;4
3525;4
3525.001;2
3526;4
3527;4
3528;3
3529;4
353;19
3530;4
3531;4
3532;4
3533;4
3534;4
3535;4
3536;4
3537;5
3538;4
3539;2
35392;1
354;16
3540;4
3541;4
3542;4
3543;4
3544;4
3545;7
3546;4
3547;3
35473;1
3548;3
3549;4
35496;1
355;18
3550;4
3551;4
3552;3
3553;4
3554;3
3555;3
3556;5
3557;4
3558;5
35588;1
3559;4
356;19
356/434/712;1
3560;3
35604;1
3561;3
3562;3
3563;3
3563.002;1
3564;4
3565;4
3565.002;2
3565.004;1
35656;1
3566;9
3567;5
3568;4
35688;1
3569;4
357;18
3570;3
35707;1
3571;4
3572;3
3573;3
3574;5
3575;4
3576;2
3577;3
3578;2
3579;3
358;21
3580;4
3581;3
3582;4
3583;2
3584;2
3585;7
3586;4
3587;5
3588;4
3589;3
3589.001;2
359;18
3590;5
3591;3
3592;3
3593;3
3594;3
3595;2
3596;4
3597;2
3598;6
3598.001;1
3599;1
36;43
36 en 66;2
360;21
3600;2
36003;1
3601;4
3602;2
3603;3
3604;2
36045;1
3605;4
3606;2
3606.001;2
3607;4
3608;3
3609;4
361;13
3610;2
3611;4
3612;4
36129;1
3613;3
3614;3
3615;3
3616;3
3616.001;2
3617;4
3618;3
3618.005;1
3619;3
361934;1
362;18
3620;3
3621;4
3621.001;1
3621.002;1
36216;1
3622;4
3623;1
3623.002;1
3623.004;1
3624;2
3624, 4145;4
3625;2
3626;3
3627;12
3628;3
3629;8
363;18
3630;8
3631;2
3632;3
36325;1
3633;4
3634;3
36343;1
3635;5
3636;4
3637;4
3638;3
3639;2
364;23
3640;3
3641;2
3642;5
3643;3
3644;2
3645;4
3646;7
3647;4
3648;2
3649;6
365;22
3650;2
3651;4
3652;4
3653;3
3654;2
3655;4
3656;2
3657;4
3658;4
3659;5
366;16
3660;4
3660.003;1
3661;11
3662;4
3663;6
3664;4
3665;3
3666;4
3667;3
3668;3
3668.001;2
3668.002;1
3669;4
367;15
3670;3
3671;4
3672;4
3673;4
3674;3
3675;4
3676;4
3677;5
36774;1
3678;4
3679;6
368;18
368-369;2
3680;4
3681;4
3682;5
3683;6
3684;5
3685;4
3686;4
3687;6
3687.001;1
3688;4
3689;3
369;16
3690;5
36901;1
3691;4
3692;2
3693;4
3694;3
3695;4
3696;6
3696.001;1
3697;3
3698;5
3699;3
36A;1
37;40
370;14
3700;6
3701;5
3702;3
3703;4
3704;3
3705;3
3706;3
3707;4
3708;4
3709;10
371;22
3710;5
3711;3
3712;4
3712.001;1
3713;3
3714;4
3715;9
3716;3
3717;3
3718;4
3719;4
372;18
3720;4
3721;5
3722;3
3723;4
3724;3
3725;4
3726;4
3727;4
3728;2
3729;3
373;19
373/586;1
3730;4
3731;5
3732;4
3733;4
3734;4
3735;4
3736;4
3737;4
3738;2
3739;8
374;16
3740;8
3741;5
3742;3
3743;4
3744;3
3745;4
3745.002;1
3745.005;1
3745.010;1
3746;5
3747;4
3748;4
3749;4
375;16
3750;26
3751;4
3752;4
3753;13
3754;3
3755;5
3756;4
3757;3
3758;3
3759;5
376;16
3760;4
3761;4
3762;4
3763;4
3764;3
3765;5
3766;4
3767;4
3768;4
3769;4
377;14
3770;3
3771;4
3772;4
3773;4
3774;3
3775;2
3776;3
3777;4
3778;4
3779;4
378;25
3780;13
3781;4
3782;4
3783;4
3784;4
3785;4
3786;4
3786.001;2
3787;5
3788;4
3789;4
379;15
3790;4
3791;5
3792;3
3793;4
3794;4
3795;4
3796;3
3797;10
3798;3
3799;4
38;31
380;16
3800;3
3801;3
3802;3
3803;3
3804;4
3805;4
3805.002;2
3806;4
3807;4
3808;3
3809;8
381;15
3810;3
3811;4
3812;22
3813;4
3814;4
3815;4
3816;4
3817;2
3818;5
3819;4
382;19
3820;5
3821;4
3822;6
3823;3
3823.001;1
3824;4
3825;4
3826;4
3827;4
3828;4
3829;4
383;15
3830;3
3831;5
3832;2
3833;4
3834;5
3834.001;1
3835;3
3836;4
3836.002;1
3837;3
3837.002;1
3838;4
3838.003;1
3839;7
384;18
3840;7
3841;5
3842;3
3843;4
3844;4
3845;4
3846;4
3847;5
3848;3
3849;4
385;17
385/461/463;1
3850;4
3850.001;2
3851;5
3851.001;2
3852;4
3853;3
3854;4
3855;10
3856;4
3857;5
3858;4
3858.001;1
3859;4
386;23
3860;11
3861;4
3862;3
3863;4
3864;3
3865;3
3866;4
3866.001;2
3866.003;1
3867;5
3868;3
3869;4
387;22
3870;3
3871;11
3872;4
3873;3
3874;3
3875;3
3876;3
3877;3
3878;3
3879;3
388;14
3880;4
3881;3
3882;3
3883;4
3884;4
3885;3
"3885; 3886";2
3886;2
3886, 4358 en 4525;3
3887;5
3888;3
3889;5
389;14
3890;6
3890.001;2
3891;4
3892;4
3893;2
3893.002;2
3894;4
3894.004;1
3894.008;1
3894.010;1
3895;3
3896;4
3897;4
3898;4
3899;4
39;37
39-2;1
390;21
3900;6
3901;3
3902;5
3903;3
3904;3
3905;3
3906;5
3907;4
3908;3
3908.004;1
3909;4
391;22
3910;5
3911;4
3912;4
3913;3
3914;5
3915;3
3916;3
3917;4
3918;4
3919;4
392;14
3920;6
3921;5
3922;5
3923;3
3924;3
3924.001;1
3925;4
3926;16
3927;4
3928;4
3929;4
393;14
3930;4
3931;4
3932;3
3933;3
"3933; 3934";2
3934;3
3935;4
3936;4
3937;4
3938;6
3939;2
3939 / 4095;2
394;20
3940;4
3941;3
3942;5
3943;4
3944;5
3944.001;1
3944.003;1
3945;4
3946;4
3946.002;2
3947;6
3948;7
3949;4
395;16
395 (herziene versie);1
3950;2
3951;5
3952;3
3952.002;1
3953;2
3954;2
3955;4
3956;3
3957;6
3958;2
3959;3
396;19
3960;4
3961;1
3962;6
3963;4
3964;4
3964.002;2
3965;4
3966;3
3967;2
3968;3
3969;5
397;13
3970;4
3971;3
3972;4
3973;5
3974;3
3975;4
3976;4
3977;4
3978;4
3979;5
398;18
3980;4
3981;6
3982;4
3983;5
3984;3
3985;4
3986;5
3987;5
3988;4
3989;4
399;18
3990;4
3991;3
3992;3
3993;3
3994;4
3995;3
3996;2
3997;4
3997.002;2
3997.004;1
3998;3
3999;3
3999.001;2
39A;1
4;56
4-1 en 11-1;2
4-4;2
40;44
400;17
4000;4
4001;5
4001-2409;1
4002;3
4003;3
4003-2410;1
4004;2
4004, 4206;22
4004-2410;1
4005;3
4005-2410;1
4006;2
4006-2410;1
4007;4
4007-2411;1
4008;4
4008-2411;1
4008.001;1
4009;4
401;13
4010;4
4011;4
4011-2411;1
4012;3
4013;3
4013.001;2
4014;4
4015;4
4015-2411;1
4016;4
4017;3
4018;4
4018.005;1
4019;4
402;15
402/519;1
4020;4
4020-2501;1
4021;3
4021-2501;1
4022;4
4023;4
4023-2501;1
4024;3
4025;3
4026;4
4027;4
4028;4
4028-2502;1
4029;3
403;20
4030;5
4031;3
4032;3
4033;3
4034;3
4034-2503;1
4035;4
4036;4
4037;3
4037-2503;1
4038;3
4038-2503;1
4039;4
404;14
4040;4
4040-2504;1
4041;5
4042;3
4043;4
4043.002;2
4044;3
4044-2504;1
4045;3
4045-2504;1
4046;4
4047;5
4048;3
4049;6
405;15
4050;4
4051;4
4052;4
4053;3
4054;4
4055;4
4056;3
4057;3
4058;4
4059;4
4059.002;1
4059.004;1
406;16
4060;4
4061;4
4062;4
4063;6
4063.002;1
4064;5
4065;3
4066;4
4067;3
4068;3
4069;4
407;16
4070;5
4071;3
4072;5
4073;5
4074;3
4075;4
4076;4
4077;4
4077.003;1
4078;4
4079;4
408;20
4080;3
4081;4
4082;4
4083;4
4084;4
4085;4
4086;3
4087;3
4088;4
4089;4
409;15
4090;3
4091;3
4092;2
4093;4
4093.002;3
4094;4
4095;3
4095.001;2
4096;4
4097;3
4098;3
4099;3
41;43
41 + 42;2
410;15
4100;3
4101;4
4102;4
4103;4
4104;3
4105;4
4106;4
4107;3
4108;4
4109;3
411;14
411, 415;2
4110;3
4111;3
4112;5
4113;3
4114;4
4115;4
4116;4
4116.003;1
4116.007;1
4117;4
4118;3
4119;7
412;17
4120;3
4120352;1
4121;4
4122;3
4122.001;1
4123;4
4124;4
4125;3
4126;5
4127;5
4127.002;1
4127.007;1
4128;4
4129;4
413;12
4130;4
4131;4
4132;4
4133;4
4134;5
4135;5
4135.002;1
4136;4
4137;3
4138;5
4139;4
414;17
4140;4
4140452;11
4141;4
4142;4
4143;4
4144;3
4145;2
4146;4
4147;5
4148;3
4149;6
415;15
4150;4
4150.002;1
4151;6
4152;3
4153;3
4154;5
4155;3
4156;3
4157;4
4158;4
4159;3
416;15
4160;3
4160563;1
4161;5
4162;4
4163;5
4164;4
4165;3
4166;4
4167;5
4168;4
4169;4
417;16
4170;3
4171;4
4171.001;1
4172;4
4173;4
417365;3
4174;4
4175;4
4176;4
4177;3
4178;3
4178.001;1
4179;4
418;14
4180;4
4181;3
4182;4
4183;5
4184;3
4184.003;1
4185;3
4185.002;2
4186;4
4187;3
4188;4
4189;3
4189.001;1
419;16
4190;5
4190178 / IV / afronding;1
4191;4
4192;3
4193;3
4194;3
4194 (herzien);1
419498;1
4195;4
4196;4
4197;4
4198;5
4198.002;2
4199;3
41A;1
42;39
420;15
4200;9
4201;3
4202;3
4203;4
4204;4
4205;4
4206;3
4207;4
4208;3
4208.001;1
4208.002;1
4209;3
421;17
4210;4
4210612;1
4211;4
4212;5
4212.001;2
4213;2
4213.001;1
4214;4
4215;4
4215.002;1
4216;3
4217;4
4218;4
4219;3
422;17
4220;8
4221;4
4222;4
4223;3
4223.005;1
4224;4
4225;4
4226;4
4227;3
4228;4
4228.002;1
4229;3
423;14
4230;4
4230014;1
4230020;1
4231;3
4231.001;1
4231.002;1
4232;3
4233;19
4234;4
4235;3
4236;3
4237;4
4238;4
4238.001;1
4239;3
424;12
4240;2
4241;3
4242;3
4243;3
4243, 4236;2
4244;3
4245;3
4246;4
4247;4
4248;4
4249;4
4249, 4262, 4355;5
425;10
4250;4
4251;3
4252;4
4253;4
4253.004;1
4254;3
4255;5
4256;4
4257;3
4258;4
4258.003;1
4259;9
426;15
4260;3
4261;3
4262;2
4263;3
4264;3
4265;4
4266;2
42662;1
4267;4
4268;3
4268.006;1
4269;4
426a;1
427;15
4270;4
4271;3
4271.001;1
4272;3
4272-4277;6
4273;2
4274;4
4275;2
4276;3
4277;3
4277.001;1
4278;3
4279;4
428;12
4280;4
4281;5
4282;4
4283;4
4284;3
4285;4
4286;4
4287;3
4288;3
4289;5
429;19
4290;4
4291;4
4292;4
4293;5
4294;5
4295;4
4296;3
4297;3
4298;4
42983;1
4299;3
43;32
43-46;4
430;14
4300;4
4301;3
4302;4
4303;4
4304;3
4305;4
4306;3
4307;4
4308;4
4309;4
431;13
431/475;1
4310;4
4311;3
4312;3
4313;4
4314;4
4315;3
4316;4
4317;3
4318;4
4319;4
4319.001;2
432;10
4320;5
4321;4
4322;4
4323;4
4324;5
4325;3
4325.001;1
4326;4
4327;3
4328;3
4329;4
433;17
4330;2
4331;4
4332;4
4333;4
4334;3
4335;11
4336;4
4337;4
4338;4
4339;4
434;13
4340;4
4341;4
4341.002;1
4341.007;1
4342;3
4343;7
4344;4
4345;2
4346;5
4347;3
4348;3
4349;1
435;12
4350;3
4351;3
4352;2
4353;4
4353.001;2
4354;4
4355;3
4355.001;1
4356;7
4357;4
4358;2
4359;3
436;17
4360;3
4361;5
4362;7
4363;3
4364;5
4365;4
4366;4
4367;4
4368;4
4369;3
437;13
4370;4
4371;4
4372;3
4373;3
4373.001;2
4374;17
4374.001;1
4375;5
4376;4
4377;4
4378;4
4379;4
438;11
4380;4
4381;3
4382;4
4383;3
4384;3
4385;4
4386;3
4386/4387;2
4387;3
4388;4
4389;4
439;17
4390;5
4391;4
4391.002;2
4392;3
4393;3
4394;4
4395;6
4396;4
4397;3
4398;9
4399;4
44;42
440;11
4400;3
4401;3
4402;5
4403;3
4404;5
4405;7
4406;5
4407;4
4408;3
4409;5
441;17
4410;4
4411;5
4412;4
4413;3
4414;4
4414.002;2
4415;3
4416;4
4417;4
4418;5
4419;4
442;15
4420;4
4421;4
4422;4
4423;3
4424;4
4425;4
4426;3
4427;4
4428;4
4429;5
443;16
4430;3
4431;5
4432;4
4433;3
4434;3
4435;4
4436;3
4437;5
4438;5
4439;4
444;15
4440;5
4441;2
4442;3
4443;4
4444;4
4445;4
4446;3
4447;4
4448;4
4448.002;1
4449;4
445;12
4450;4
4451;3
4452;4
4453;2
4454;4
4455;4
4456;5
4457;4
4458;5
4459;3
446;13
4460;4
4461;5
4462;4
4463;5
4464;4
4465;5
4466;2
44668;1
4467;5
4468;4
4468.001;2
4469;4
447;10
4470;4
4471;4
4472;4
4472.001;1
4473;3
4474;4
4475;4
4476;8
4477;4
4478;3
4478.001;2
4479;4
448;16
4480;4
4481;4
4482;4
4482.001;1
4483;3
4483a;1
4484;3
4485;3
4486;4
4487;4
4488;4
4489;4
449;12
449/575/652;1
4490;2
4491;4
4492;5
4493;4
4494;4
4495;5
4496;4
4497;3
4498;4
4499;3
45;38
45/46;1
450;13
4500;5
4501;4
4502;4
4503;4
4503.001;2
4504;4
4505;4
4505.002;1
4506;4
4507;4
4508;4
4509;4
451;13
4510;5
4511;3
4512;4
4513;4
4514;4
4515;4
4516;4
4517;4
4518;3
4519;2
452;16
4520;2
4521;2
4522;3
4522 & 4558;2
4523;5
4524;4
4525;2
4526;2
4527;3
4528;4
4529;3
453;13
4530;3
4530.001;2
4530.002;1
4530.003;2
4530.004;2
4531;4
4532;3
4533;4
4534;4
45346;1
4535;4
4536;4
4537;4
4538;5
4539;2
454;13
4540;3
4541;4
4542;3
4543;4
4544;3
4545;5
4545.001;1
4546;4
4547;4
4548;4
4548.001;1
4549;2
455;12
4550;4
4551;4
4552;5
4553;4
4554;4
4555;4
4556;4
4557;4
4558;3
4559;4
456;14
4560;5
4561;3
4562;3
4563;5
4564;4
4565;4
4566;4
4567;4
4568;4
4569;4
457;12
4570;4
4570.001;2
4570.004;2
4571;3
4571, 4572;2
4571.002;1
4572;2
4573;5
4574;2
4575;2
4576;4
4577;4
4578;4
4579;4
458;20
4580;4
4581;4
4582;4
4582.001;1
4583;5
4584;1
4585;4
4586;4
4586.002;2
4587;3
4588;6
4589;4
459;13
4590;5
4591;4
4591.001;2
4592;3
4592.006;2
4592/4592;2
4593;4
4594;3
4595;4
4596;3
4597;2
4598;5
4598.002;1
4598.006;1
4599;4
4599.002;1
46;33
460;14
4600;4
4601;4
4602;3
4603;4
4604;4
4605;4
4606;2
4606.002;2
4606.003;1
4607;6
4608;4
4609;3
461;15
4610;4
4611;4
4612;4
4613;3
4614;4
4614.002;1
4614.005;2
4615;3
4615.003;2
4616;4
4617;4
4617.001;1
4618;5
4619;4
462;12
4620;4
4621;3
4622;3
4623;3
4624;2
4624.001;2
4624.007;1
4625;3
4626;4
4627;4
4628;4
4629;3
463;13
4630;4
4631;4
4632;4
4632.001;1
4633;5
4634;4
4635;3
4636;3
4637;4
4638;4
4639;4
464;20
4640;4
4641;4
4641.001;2
4642;4
4643;4
4644;3
4645;4
4646;3
4646.002;2
4647;3
4648;4
4649;4
465;15
4650;4
4651;2
4652;3
4653;4
4654;3
4655;2
4656;4
4656.001;2
4657;6
4658;4
4659;3
466;15
4660;4
4661;5
4662;4
4662055100;1
4663;3
4664;4
4665;5
4666;3
4666.001;2
4667;3
4668;4
4669;5
467;15
4670;2
4670-;1
4671;4
4672;4
4673;5
4674;3
4675;3
4676;4
4677;3
4678;4
4679;4
468;10
4680;4
4680.005;2
4681;4
4682;4
4683;3
4684;4
4684.003;1
4685;5
4685.001;1
4686;3
4687;3
4688;4
4689;4
469;11
469-1 / 469-2;2
4690;1
4691;3
4692;3
4693;4
4694;4
4695;3
4696;3
4696.001;1
4697;4
4698;4
4699;4
4699.002;1
47;33
470;14
4700;3
4701;4
4702;4
4703;4
4704;4
4705;5
4706;4
4707;4
4708;4
4709;5
471;8
4710;4
4711;4
4712;3
4712.001;2
4713;4
4714;3
4715;6
4716;3
4717;5
4718;4
4719;4
472;13
4720;4
4721;3
4722;4
4723;4
4724;5
4725;4
4726;3
4727;5
4728;4
4729;4
473;18
4730;4
4731;3
4732;5
4733;4
4734;4
4735;3
4736;3
4737;4
4738;2
4739;4
474;10
4740;4
4741;4
4742;4
4743;4
4744;4
4745;2
4746;5
4747;3
4748;3
4749;3
475;12
4750;2
4751;3
4752;3
4753;4
4754;4
4755;2
4756;7
4757;6
4757.002;1
4758;7
4759;4
476;13
4760;3
4761;4
4762;6
4763;4
4764;3
4765;4
4766;3
4767;4
4768;4
4769;4
47692;1
477;12
4770;4
4770.005;1
4771;4
4771.002;1
4771.007;1
4771.010;4
4772;4
4773;4
4774;3
4775;3
4776;2
4777;5
4778;3
4779;3
478;13
4780;2
4781;4
4782;5
4783;4
4784;3
4784.001;2
4785;4
4786;3
4787;5
4788;3
4789;4
479;12
4790;5
4791;4
4792;8
4793;3
4794;3
4795;4
4796;4
4797;4
4798;3
4799;3
4799.002;2
48;63
48 (beide delen);3
48/2223;1
480;9
4800;4
4800.002;2
4801;3
4802;2
4803;3
4804;7
4805;5
4806;4
4807;4
4808;3
4809;4
481;13
4810;5
4811;3
4812;4
4813;2
4813 + ADV 707;2
4814;2
4815;3
4815.001;2
4816;4
4817;4
4818;12
4819;4
482;16
4820;4
4820.001;2
4821;2
4822;4
4823;4
4824;3
4824.001;1
4825;2
4825.001;1
4826;4
4827;2
4828;3
4829;3
483;11
4830;6
4831;4
4832;3
4833;5
4834;3
4835;4
4835.007;1
4835.008;1
4836;4
4837;4
4838;3
4839;4
484;15
4840;3
4840.002;1
4841;1
4842;4
4843;7
4844;4
4845;18
4846;3
4847;3
4848;4
4849;3
485;11
4850;17
4851;3
4852;3
4853;3
4854;3
4855;3
4856;4
4857;8
4858;3
4859;5
486;14
4860;3
4861;4
4861.001;1
4862;3
4863;3
4864;3
4865;4
4866;3
4867;3
4868;3
4869;1
4869.002;2
487;9
4870;2
4871;3
4872;4
4873;3
4873.007;1
4874;3
4875;4
4876;4
4877;3
4878;5
4879;3
488;11
4880;3
4881;2
4882;2
4883;3
4884;4
4885;4
4886;3
4887;5
4888;3
4889;2
489;13
4890;2
4891;3
4892;2
4893;3
4894;3
4895;3
4896;4
4897;3
4897.003;1
4898;3
4898.001;2
4898.003;1
4899;3
49;35
490;10
4900;3
4901;2
4902;4
4903;3
4904;3
4905;1
4906;4
4907;3
4908;3
4909;3
4909.001;2
491;15
4910;2
4911;4
4912;4
4913;3
4914;2
4915;3
4916;3
4917;3
491715;1
4918;4
4919;5
4919.001;1
491937;1
492;13
4920;3
4921;2
4922;4
4923;4
4924;3
4925;4
4926;3
492658;1
4927;2
4928;3
4929;4
493;11
493 - 496;1
4930;3
4931;4
4932;2
4933;4
4933.001;2
4934;3
4935;4
4936;4
4937;4
493782;1
4938;1
4939;2
493934;1
494;8
4940;6
4941;3
4941.001;1
4942;4
4943;3
4944;3
4945;4
4946;3
4947;5
4948;3
4949;3
495;14
4950;3
4951;4
4952;3
4953;2
4953.002;1
4954;3
4955;3
4956;2
4957;1
4958;2
4959;3
496;13
4960;1
4961;2
4962;2
4963;3
4964;3
4965;3
4966;7
4967;3
4968;2
4969;2
4969.007;1
497;10
4970;2
4971;3
4972;3
4973;3
4974;4
4975;4
4976;3
4977;4
4978;3
4979;2
498;12
498/502/507;1
4980;2
4981;3
4982;2
4983;3
4984;4
4985;4
4986;4
4987;4
4988;4
4989;3
499;12
4990;2
4991;2
4992;3
4993;15
4994;4
4994.001;1
4994.002;1
4995;3
4996;6
4997;3
4998;3
4999;2
5;54
5-1;1
5.289;1
50;37
500;8
5000;2
5001;3
5002;3
5003;3
5004;3
5005;3
5006;3
50061116;1
5007;3
5008;3
5009;2
501;13
5010;2
5011;4
5012;6
5013;2
5014;3
5015;4
5016;3
5017;2
5018;2
5019;2
502;14
5020;2
5021;3
5021.002;1
5022;3
5023;4
5023.002;2
5023.009;1
5024;2
5025;6
5026;2
5027;3
5028;3
5029;3
503;12
5030;6
5031;2
5032;4
5033;3
5034;3
5035;4
5035.002;2
5035.005;1
5035.005 en 5035.006;1
5036;3
5037;2
5038;3
5039;3
504;6
5040;2
5041;4
5041.002;2
5042;3
5043;3
5044;3
5045;3
5046;3
5047;3
5048;3
5049;4
505;15
5050;3
5051;4
5052;2
5053;3
5054;3
5055;4
5056;2
5057;3
5058;4
5059;4
506;11
5060;3
5061;4
5062;4
5063;3
5064;4
5065;3
5066;3
5067;3
5068;2
5069;3
507;11
5070;2
5071;3
5072;2
5073;3
5074;4
5075;3
5076;3
5077;3
5078;3
5079;1
508;14
5080;3
5081;2
5082;3
5083;3
5084;3
5085;4
5085.002;1
5086;4
5087;3
5088;4
5089;3
509;11
5090;3
5091;3
5091.001;1
5092;3
5092.001;1
5093;2
5094;4
5095;3
5096;5
5097;3
5098;3
5099;3
51;30
51-22514;1
510;13
5100;3
51008093;1
5101;3
5102;2
51026634-001 ;1
51026769-001;1
51027420-001 ;1
51027497-002;1
51027555-001;1
51027835;1
51027994;1
51028012;1
51028061;1
51028343;1
51028391;1
51028735-002;1
51028985;1
51029070-001;1
51029134;1
51029713-002;1
5103;5
51030097;1
51030592;1
51030900;1
51030931;1
5104;2
5105;3
5106;2
5106.002;1
5106.006;1
5106.009;1
5107;2
5108;3
5109;3
511;10
5110;2
5111;3
5112;2
5113;3
5114;3
5115;4
5116;2
5116.004;1
5117;3
5118;2
5119;3
512;11
512 en 4433;1
5120;3
5121;3
5121.002;2
5122;4
5123;3
5123.002;2
5124;4
5125;3
5126;3
5127;2
5128;3
5129;3
513;13
5130;2
5131;3
5132;4
5132.001;2
5132.002;1
5133;3
5134;4
5135;3
5136;10
5137;2
5138;2
5138.001;2
5139;4
514;9
5140;3
5141;1
5142;3
5143;3
5144;2
5145;3
5146;7
5147;3
5147.001;2
5148;4
5149;2
515;14
5150;3
5151;2
5152;3
5153;4
5154;4
5155;5
5155.002;2
5156;5
5157;3
5158;4
51582;1
5159;3
516;10
5160;3
5160.001;2
5161;3
5162;5
5163;3
5164;4
5165;2
5166;4
5167;3
5168;3
5169;3
517;11
5170;2
5171;3
5172;2
5173;2
5174;3
5175;2
5176;3
5177;3
5178;1
5179;3
518;9
5180;2
5181;3
5182;3
5183;4
5184;3
5185;3
5186;3
5187;2
5188;1
5189;3
519;11
5190;2
5191;4
5192;4
5193;3
5194;4
5195;3
5196;3
5197;3
5197.001;1
5198;4
5199;3
52;42
52 (versie 2.0);1
520;15
5200;2
5201;2
5202;3
5203;3
5204;2
5204.002;1
5204.003;1
5205;4
5206;3
5207;3
5208;1
5209;3
521;9
5210;9
5211;3
5212;1
5213;3
5214;3
5215;1
5216;5
5217;3
5218;3
5219;3
522;13
5220;2
5221;3
5222;4
5223;4
5224;4
5225;4
5226;3
5227;3
5228;6
5229;3
523;22
5230;3
5231;3
5232;3
5233;4
5234;3
5234.001;1
5235;2
5235, 5236, 5237, 5238;4
5236;2
5237;2
5237.001;1
5237.003;1
5239;2
524;12
5240;2
5241;4
5242;3
5243;3
5244;3
5245;3
5246;2
5247;3
5248;3
5248.001;2
5249;4
525;11
5250;3
5251;2
5252;3
5253;3
5254;3
5255;3
5256;3
5257;3
5258;4
5259;2
526;11
5260;1
5260.002;1
5262;3
5263;2
5264;4
5265;3
5266;3
5266.005D;1
5267;3
5267.001;2
5268;4
5269;4
527;15
5270;3
5271;1
5272;4
5273;3
5273.002;1
5274;3
5275;2
5276;2
5277;3
5278;3
5279;4
528;7
5280;1
5281;3
5282;3
5283;4
5284;3
5285;2
5286;3
5287;3
5288;4
5289;3
529;11
5290;3
5291;7
5291.002;2
5292;6
5293;2
5294;3
5295;4
5295.001;1
5295.002;1
5295.005;1
5296;3
5297;3
5298;3
5299;3
5299.001;1
53;43
53 en 70;1
53-23;1
53/54;1
530;8
5300;3
5301;2
5302;4
5303;3
5304;3
5305;3
5305.001;2
5306;3
5307;2
5308;3
5309;2
531;11
5310;2
5311;3
5312;2
5313;4
5314;2
5315;4
5316;4
5317;2
5318;3
5319;4
5319 / 5375;2
532;9
5320;3
5321;3
5322;4
5323;2
5324;3
5325;3
5326;4
5327;3
5328;2
5329;3
5329.002;1
533;15
5330;3
5331;3
5332;3
5333;3
5334;6
5335;4
5336;4
5337;2
5337.001;1
5338;3
5338.006;2
5339;3
534;11
5340;7
5341;1
5341, 5342, 5443;3
5342;1
5343;2
5343.002;1
5344;4
5345;3
5346;3
5347;3
5348;2
5348.001;2
5348.004;1
5349;4
535;12
5350;1
5351;2
5352;2
5353;3
5354;2
5355;2
5356;2
5357;2
5358;2
5358.001;1
5359;4
536;9
5360;3
5360.002;1
5361;2
5361.001;1
5362;2
5363;2
5363.002;1
5363.006;1
5364;2
5365;4
5366;14
5366.002;1
5367;2
5368;3
5369;1
537;10
5370;2
5371;1
5372;2
5373;2
5374;5
5375;1
5375.001;1
5376;4
5376.001;1
5376.001 en 5376.003;1
5377;2
5377.002;2
5377.008;1
5378;2
5379;2
5379.002;2
5379.007;1
538;11
5380;3
5380 / 5387;2
5381;2
5382;2
5383;2
5384;2
5385;2
5386;2
5387;1
5388;1
5389;3
539;11
5390;2
5391;3
5392;2
5393;2
5394;2
5395;2
5396;2
5396.002;1
5397;2
5398;2
5399;2
54;35
54-57;3
540;15
5400;3
5401;3
5402;3
5403;3
5404;3
5405;3
5406;4
5407;3
5408;3
5409;2
541;12
5410;3
5411;4
5412;3
5413;3
5414;3
5415;3
5415.018;1
5416;3
5417;3
5418;3
5419;3
542;10
5420;4
5421;3
5422;3
5423;3
5424;3
5424.001;1
5425;2
5426;4
5427;3
5428;3
5429;3
543;14
5430;4
5431;3
5432;3
5433;3
5434;3
5435;3
5436;2
5437;2
5438;3
5439;3
544;13
5440;2
5441;4
5442;2
5443;4
5444;4
5445;4
5447;2
5448;2
5448.001;2
5448.002;1
5449;3
545;13
5450;1
5451;4
5451.001;1
5452;3
5453;3
5453.001;1
5454;3
5455;3
5456;3
5457;3
5458;3
5459;4
546;11
5460;2
5461;6
5462;1
5463;4
5464;3
5465;4
5465.001;1
5465.002;1
5466;7
5467;3
5467.001;1
5468;3
5469;3
547;10
5470;3
5471;3
5472;4
5473;2
5474;3
5475;2
5475.002;2
5476;3
5477;3
5478;4
5478.002;1
5479;2
5479.001;1
548;9
5480;3
5480.002;2
5481;3
5482;3
5483;5
5484;3
5485;7
5486;3
5486, 5487, 5488, 5489 en 5490;5
5487;2
5488;5
5489;4
549;13
5490;1
5491;6
5492;2
5492.002;1
5493;2
5494;2
5495;4
5495.003;1
5496;2
5497;4
5497.002;2
5498;3
5499;3
55;36
550;14
5500;6
5501;3
5501.002;2
5502;2
5503;4
5504;3
5505;3
5506;3
5507;2
5508;3
5509;4
551;11
5510;4
5511;5
5512;3
5512.001;1
5513;3
5514;5
5515;4
5516;2
5517;3
5518;2
5519;2
552;14
5520;3
5521;2
5522;3
5523;2
5524;2
5525;4
5526;3
5527;4
5528;3
5528.002;1
5529;2
5529 en 5916;2
553;13
5530;3
5531;4
5531.001;1
5532;4
5533;3
5534;3
5535;3
5536;4
5537;4
5538;4
5539;3
5539.002;1
5539.005;1
554;12
5540;3
5541;3
5542;3
5543;3
5544;3
5545;3
5546;3
5547;3
5548;3
5549;3
555;8
5550;3
5551;4
5552;2
5552.002;2
5553;4
5554;3
5555;3
5556;3
5556.002;2
5556.004;1
5557;2
5558;3
5559;2
556;13
5560;3
5561;8
5562;14
5563;3
5564;3
5565;3
5565 & 5592;2
5565.001;2
5566;2
5567;3
5568;3
5569;5
5569.001;1
557;14
5570;3
5571;3
5572;4
5573;3
5574;2
5575;2
5576;3
5577;5
5578;3
5579;3
558;9
5580;3
5581;2
5582;2
5582.1;1
5583;3
5584;3
5585;3
5586;3
5587;3
5588;3
5589;3
559;14
5590;3
5591;2
5592;2
5593;3
5593.002;2
5593.008;1
5594;2
5594.002;2
5594.008;1
5595;2
5596;4
5596.002;2
5597;3
5598;3
5599;4
56;33
560;11
5600;2
5601;3
5602;3
5603;3
5604;3
5604.002;2
5605;3
5606;2
5607;3
5608;2
5608.001;1
5609;4
561;11
5610;5
5611;2
5612;3
5613;3
5614;4
5615;3
5616;4
5617;3
5618;3
5619;2
5619.002;2
562;14
5620;3
5621;2
5622;3
5623;3
5623.001;1
5624;4
5625;3
5626;4
5627;2
5628;3
5629;2
5629-147872;1
5629-155306;1
5629-158679;1
563;15
5630;2
5630 & 5773;2
5631;3
5632;2
5633;3
5634;2
56340;1
5635;2
5636;3
5637;3
5638;2
5638.002;2
5638.006;1
5639;4
564;14
5640;5
5641;4
5642;4
5643;3
5644;3
5645;4
5646;6
5646.001;2
5647;3
5648;4
5649;1
565;13
5650;3
5651;3
5652;3
5653;3
5654;3
5655;2
5656;3
5657;3
5657.002;1
5658;2
5659;1
566;8
5660;3
5661;3
5662;3
5663;2
5664;1
5665;2
5666;3
5667;3
5668;3
5669;4
567;12
5670;4
5671;2
5672;3
5673;4
5674;2
5674 & 5675;2
5675;2
5676;3
5677;3
5678;2
5679;4
568;10
5680;4
56808;1
5681;1
5682;1
5682.001;2
5683;3
5684;4
5685;3
5686;3
5686.1;1
5687;2
5688;4
5689;3
569;12
5690;2
5691;4
5692;3
5693;4
5694;3
5695;3
5696;3
5697;6
5698;3
5699;3
56A;1
57;37
570;13
5700;1
5701;3
5702;3
5703;3
5704;2
5705;3
5706;2
5706.002;1
5707;2
5708;4
5709;2
571;11
5710;7
5711;3
5712;4
5713;3
5714;4
5715;2
5716;6
5717;4
5718;2
5719;3
572;14
5720;4
5721;3
5722;3
5723;2
5724;3
5725;4
5726;2
5727;4
5728;3
5729;3
573;11
5730;4
5731;3
5731.001;1
5731.006;1
5731.007;1
5732;3
5732.010;2
5733;3
5734;3
5735;3
5736;3
5737;3
5738;3
5739;2
574;11
5740;3
5741;4
5742;3
5743;3
5744;2
5745;2
5746;3
5747;3
5748;3
5749;3
575;7
5750;3
5751;5
5752;3
5753;3
5754;3
5754.001;2
5755;2
5756;8
5757;4
5757.001;1
5757.004;1
5758;2
5759;2
576;12
5760;3
5760.001;2
5761;2
5762;3
5763;3
5764;3
5765;3
5766;3
5767;2
5768;3
5769;2
577;17
5770;4
5771;3
5771.002;2
5771.003;1
5772;3
5773;3
5774;4
5774.002;2
5774.008;1
5775;4
5776;3
5777;2
5778;4
5779;6
578;13
5780;3
5781;2
5782;5
5783;5
5783.001;1
5784;2
5785;2
5786;3
5787;3
5787.001;1
5788;3
5789;2
579;14
5790;2
5790.001;2
5791;3
5792;3
5793;2
5794;3
5795;3
5796;2
5797;3
5798;3
5799;3
58;45
580;9
5800;6
5801;4
5802;3
5803;3
5803.001;2
5804;3
5804.001;1
5805;3
5806;3
5806.001;1
5806.003;1
5807;3
5808;2
5809;3
581;10
5810;2
5811;3
5811.001;1
5812;3
5813;3
5814;2
5815;3
5816;4
5817;3
5818;3
5819;15
582;10
5820;2
5820.002;1
5821;4
5822;3
5823;3
582308852;1
5824;3
5824.001;2
5825;3
5826;1
5827;1
5828;3
5829;2
583;15
5830;3
5831;3
5832;3
5833;3
5834;4
5835;3
5836;2
5837;3
5838;3
5838.001;2
5839;3
584;15
5840;3
5841;4
5842;3
5843;4
5844;3
5845;3
5846;4
5847;3
5848;2
5849;4
585;12
5850;3
5851;3
5852;3
5853;3
5854;3
5855;2
5855.001;1
5856;4
5856.001;2
5857;3
5858;3
5858.002;1
5859;4
5859.001;2
586;11
5860;4
5861;4
5862;3
5863;4
5864;3
5865;3
5866;4
5867;5
5868;3
5869;3
587;12
5870;3
5871;3
5872;3
5873;3
5874;3
5875;2
5876;3
5877;3
5878;6
5879;3
588;13
5880;4
5880.002;2
5880.004;1
5881;3
5882;3
5883;2
5884;3
5884.002;2
5885;2
5886;4
5887;4
5888;2
5889;4
5889.001;1
589;9
5890;3
5891;3
5892;3
5893;3
5894;3
5895;3
5896;1
5897;1
5898;3
5899;4
59;47
590;15
5900;4
5901;1
5901 & 5904;2
5902;3
5903;4
5904;1
5905;3
5906;3
5907;3
5908;2
5909;2
591;10
5910;6
5911;2
5912;2
5913;3
5914;3
5915;3
59155;1
5916;1
5917;3
5918;3
5919;3
5919.001;2
592;9
592 en 723;2
5920;3
5921;3
5922;2
5923;4
5924;3
5925;3
5926;2
5927;3
5928;4
5929;3
593;12
5930;3
5931;3
5932;3
5933;1
5934;3
5934.001;2
5935;3
5936;3
5937;3
5938;3
5939;4
594;9
5940;3
5941;3
5942;3
5943;2
5944;3
5945;3
5946;3
5947;2
5948;3
5949;3
595;13
5950;1
5951;3
5952;2
5953;3
5953.002;2
5953.005;1
5954;3
5955;1
5955.001;1
5955.003;1
5956;3
5957;3
5958;3
5959;3
596;15
5960;3
5961;4
5962;4
5963;2
5964;3
5965;3
5966;2
5966.001;1
5967;2
5968;4
5968.002;2
5969;3
597;11
5970;3
59703;1
5971;3
5972;3
5973;4
5974;3
5975;3
5976;3
5977;3
5978;3
5979;2
598;13
5980;2
5981;2
5981.001;1
5982;2
5983;2
5984;3
5985;5
5986;2
5987;3
5988;3
5989;3
599;8
5990;3
5991;1
5992;3
5993;3
5994;3
5995;3
5996;3
5997;2
5998;2
5999;3
5b;1
6;33
6 en 8;1
6-1;6
6-7;1
60;30
600;12
6000;2
6000.001;1
6001;2
6002;3
6003;3
6004;3
6005;5
6006;2
6007;2
6007.001;1
6008;2
6009;3
601;13
6010;3
6011;2
6012;2
6013;1
6014;3
6014.002;1
6015;2
6016;2
6017;2
6018;1
6019;5
602;13
6020;3
60206.001;1
6021;3
6022;2
6022.002;2
6022.007;1
6023;3
6023.002;2
6024;4
6025;2
6026;3
6027;3
6028;3
6029;3
603;13
6030;2
6031;3
6032;4
6033;1
6034;2
6035;3
6036;3
6037;3
6038;3
6039;2
604;11
6040;1
6041;3
6042;3
6043;2
6044;3
6045;2
6045.001;2
6046;5
6047;2
6048;4
6049;2
605;15
6050;3
6051;5
6052;2
6052.001;1
6053;2
6054;2
6055;1
6056;3
6056.001;2
6057;3
6058;3
6059;3
606;15
6060;2
6061;3
6062;2
6063;2
6063.002;1
6064;2
6065;2
6066;2
60667;1
6067;2
6068;2
6069;3
6069.002;1
60698;1
607;10
6070;2
6071;2
6072;3
6073;3
6074;3
6075;3
6076;2
6077;4
6078;3
6079;2
608;17
6080;3
6080.002;2
6081;3
6082;3
6083;3
6084;3
6085;3
6086;2
6087;2
6087 en 6088;2
6088;2
6089;3
609;13
6090;4
6091;4
6092;3
6093;3
6094;3
6095;3
6096;3
6097;2
6098;3
6099;2
61;93
610;11
6100;2
6101;2
6102;2
6103;3
6104;2
6105;1
6106;2
6107;2
6108;3
6109;2
6109 t/m 6111;3
611;11
6110;4
6111;1
6112;2
6113;3
6114;3
6115;2
6116;5
6117;3
6118;2
6119;3
612;12
6120;3
6121;1
6122;4
6122.002;1
6123;3
6123.002;2
6124;2
6124.008;1
6125;3
6126;2
6127;3
6128;3
6129;3
613;12
6130;1
6131;3
6132;3
6132.002;2
6133;2
6134;3
6135;2
6136;3
6136.001;1
6137;3
6138;6
6138.001;2
6139;3
614;11
6140;2
6141;2
6142;2
6143;2
6144;3
6145;4
6146;3
6147;2
6148;2
6149;2
615;9
6150;2
6150.002;1
6151;2
6152;2
6153;2
6154;3
6155;4
6156;2
6157;2
6158;3
6159;3
616;10
616 / 736;1
6160;2
6161;3
6162;3
6163;2
6164;3
6165;2
6166;3
6167;2
6168;3
6169;3
617;10
6171;3
6172;3
6172.002;2
6173;2
6173.001;1
6173.002;1
6174;3
6175;3
6176;5
6177;3
6178;3
6179;2
618;8
6180;2
6181;3
6182;3
6183;3
6184;3
6185;3
6186;2
6187;3
6188;3
6189;2
619;13
6190;3
6191;3
6192;1
6193;2
6194;2
6195;2
6196;2
6197;2
6198;1
6199;2
62;50
620;9
6200;2
6201;2
6202;2
6203;3
6204;2
6205;3
6206;3
6207;1
6207-6216;10
6208;2
6209;2
621;10
6210;2
6211;2
6212;2
6213;1
6214;1
6214.001;2
6215;1
6216;2
6217;3
6218;4
6219;4
622;9
6220;3
6221;2
6222;3
6223;2
6224;3
6225;3
6226;2
6226.001;1
6227;3
6228;1
6229;3
623;10
6230;3
6231;2
6232;2
6232.001;1
6233;3
6234;3
6235;2
6236;4
6237;2
6238;1
6239;4
624;11
6240;3
6241;3
6242;2
6243;2
6243.001;2
6243.003;1
6244;3
6245;3
6246;2
6247;2
6248;2
6249;3
625;15
6250;3
6251;3
6252;2
6253;3
6254;3
6255;6
6256;2
6257;1
6258;2
6259;4
626;10
6260;2
6261;3
6262;2
6263;2
6263.002;1
6264;3
6265;2
6266;6
6267;2
6268;3
6269;3
627;14
6270;4
6271;3
6272;2
6273;3
6274;2
6275;2
6276;2
6276.003;1
6277;2
6278;2
6278.002;2
6278.007;1
6279;2
628;22
6280;3
6280.002;1
6281;1
6282;2
6283;2
6284;2
6284.001;2
6285;2
6286;2
6287;3
6287.001;1
6288;2
6289;2
629;13
6290;3
6291;1
6292;2
6293;2
6294;3
6295;3
6295.002;1
6296;3
6297;2
6298;2
6299;2
63;37
630;11
6300;4
6301;3
6302;2
6303;6
6304;2
6305;1
6306;2
6307;1
6308;3
6309;2
631;14
6310;2
6311;4
6312;7
6313;3
6314;2
6315;3
6316;4
6318;1
6319;2
632;11
6320;4
6321;3
6321.001;1
6322;2
6323;3
6324;3
6324.002;3
6325;2
6326;3
6327;1
6328;3
6328.001;1
6329;3
633;11
6330;3
6331;2
6332;3
6333;2
6334;2
6335;2
6336;3
6337;2
6338;3
6339;3
634;10
6340;2
6341;2
6342;2
6343;1
6344;3
6345;2
6346;2
6347;2
6348;3
6349;3
635;9
635 en 692;1
6350;3
6351;2
6352;3
6353;3
6354;3
6355;3
6356;3
6357;3
6358;3
6359;1
636;12
636-1 en 636-2;2
6360;2
6361;3
6362;3
6363;2
6364;2
6365;3
6366;1
6367;2
6368;2
6369;2
637;12
6370;2
6371;2
6372;3
6373;3
6374;2
6375;3
6376;2
6376.001;1
6377;3
6378;2
6379;3
638;13
6380;3
6381;2
6382;2
6383;2
6384;2
6384.002;1
6385;1
6386;3
6387;2
6388;2
6389;3
639;8
6390;3
6391;3
6391-146985;1
6391-156777;1
6391.002;1
6392;1
6393;2
6393.001;2
6394;3
6395;6
6396;2
6397;3
6398;2
6399;2
64;42
640;14
6400;3
6401;2
6402;2
6403;2
6404;4
6405;2
6406;3
6407;3
6408;2
6409;1
641;9
6410;2
6411;2
6412;3
6412.002;1
6413;2
6414;3
6415;3
6416;3
6416.002;1
6417;2
6418;3
6419;2
642;10
6420;3
6421;3
6422;3
6422.001;1
6423;1
6424;3
6425;2
6426;2
6427;2
6428;3
6429;2
643;12
6431;1
6431.001;1
6432;2
6433;1
6434;2
6435;2
6436;2
6437;2
6438;7
6439;1
644;13
644-A;1
6440;2
6441;2
6442;1
6443;2
6444;2
6445;1
6445.002;1
6446;2
6447;2
6448;2
6449;1
645;12
6450;1
6451;1
6452;2
6453;2
6454;2
6455;2
6456;1
6456.;1
6457;2
6458;1
6459;2
646;10
6460;1
6461;1
6461.004;2
6462;1
6463;2
6464;1
6465;2
6466;1
6467;1
6468;1
6469;2
647;12
6470;1
6471;1
6471.001;1
6472;6
6473;1
6474;1
6475;1
6476;1
6477;2
6478;1
6479;1
648;14
6480;1
6481;2
6482;2
6483;2
6484;1
6485;1
6486;1
6486.001;2
6487;2
6488;2
6489;2
649;12
6490;1
6491;1
6492;2
6493;2
6494;1
6495;2
6496;1
6497;1
6497.001;1
6498;1
6499;2
65;32
650;12
6500;1
6501;2
6502;1
6503;1
6504;1
6506;2
6506.001;2
6508;1
6509;1
651;13
6510;2
6511;2
6512;1
6513;2
6515;2
6515.001;2
6515.002;1
6516;3
6517;2
6518;2
6519;7
652;9
6520;2
6521;4
6522;3
6523;2
6524;3
6525;2
6526;1
6527;2
6528;1
6529;2
653;13
6530;2
6531;1
6532;1
6533;1
6534;1
6535;3
6536;2
6537.001;2
6538;1
6539;2
654;11
6540;1
6541;2
6542;3
6543;2
6545;1
6546;1
6546.001;1
6547;2
6547.002;2
6547.014;1
6548;2
6549;1
655;8
6550;1
6550.001;1
6551;2
6552;1
6553;1
6554;1
6554.002;2
6555;1
6556;1
6557;2
6557.002;1
6558;2
6559;1
656;10
6560;1
6561;1
6562;1
6564;2
6565;2
6566;3
6567;1
6568;2
6569;3
657;13
6570;1
6571;1
6571.001;2
6571.009;1
6573;1
6574;1
6575;1
6576;1
6577;2
6577.002;1
6578;2
6579;2
658;10
6580;2
6581;2
6582;1
6583;1
6583.002;2
6584;1
6585;2
6586;1
6587;4
6588;1
659;9
6590;1
6591;1
6592;1
6593;1
6594;3
6595;1
6596;1
6597;1
6598;1
6599;1
6599.002;2
66;40
660;10
6600;23
6601;1
6602;2
6603;1
6604;2
6604.001;1
6604.003;1
6605;2
6606;1
6607;1
6608;1
6609;1
661;15
6610;2
6610.004;1
6610.005;1
6611;2
6612;1
6613;2
6614;2
6615;2
6616;1
6617;1
6618;1
6619;2
662;18
6620;1
6621;2
6622;1
6623;2
6624;1
6625;1
6626;2
6627;1
6628;1
6628, 6629 en 6630;3
663;11
6631;1
6632.001;2
6634;1
6635;2
6636;1
6637;1
6639;1
6639.001;1
664;12
6640;1
6641;1
6643;2
6644;2
6646;1
6646.001;1
6647;2
6648;1
6649;1
665;10
6650;2
6652;1
6653;1
6654;1
6655;1
6656;1
6657;2
6658;1
6658.001;1
6659;1
666;28
6660;1
6661;1
6662;2
6663;1
6664;2
6665;1
6666;1
6667;1
6667.002;2
6667.006;1
6668;1
6669;2
6669.001;1
667;11
6670;1
66709;1
6672;1
6673;2
6674;1
6676;1
6677;1
6678;1
668;11
6680;1
6681;1
6682;1
6683;1
6684;1
6685;1
6686;1
6687;2
6688;1
6689;1
669;14
6690;1
6691;1
6692;1
6692.002;1
6694;1
6695;1
6697;1
6698;1
6699;1
67;37
670;12
6700;1
6702;1
6703;1
6704;1
6705;1
6706;1
6707;2
6708.002;1
6709;1
671;14
6710;1
6711;1
6712;1
6713;2
6714;2
6715;1
6716;1
6717;1
6718;3
6719;1
672;9
6720.003;1
6721;1
6723;1
6724;1
6725;1
6726;1
6727;1
6728;1
6729;1
673;10
6730;1
6731;2
6732;1
6733;1
6735;1
6735.002;2
6736;1
6737;1
6739;1
674;10
6741;1
6743;1
6744;1
6745;2
6746;1
6747;1
6748;1
6749;1
6749.002;2
6749.004;1
675;6
6750;1
6751;1
6753;1
6754;1
6755;1
6756;1
6757;2
6758;1
6759;1
676;12
6760;1
6761;1
6762;1
6763;1
6764;1
6765;1
6766;1
6768;1
6768.001;2
6769;1
677;9
6770;1
6771;1
6772;1
6772.002;1
6773;1
6774;2
6774.002;2
6775;1
6775.001;2
6776;1
6779;1
678;13
6780;1
6782;1
6783;1
6784;1
6785;1
6786;1
6787;1
6787.001;1
6789;1
679;10
679/750/844;1
6790;1
6791;1
6792;1
6793;1
6794;1
6795;1
6797;1
6798;1
6799;1
68;33
680;9
6800;1
6802;1
6803;2
6804;1
6805;1
6806;1
6807;1
6808;1
6809;1
681;12
6810;1
6811;1
6812;1
6813;1
6814;1
6815;1
6815.002;2
6816;1
6817;1
6818;1
6819;1
682;9
6820;1
6821;1
6822;1
6823;1
6825;1
6826;1
6827;1
6828;1
6829;1
683;9
6830;1
6831;1
6832;1
6832.002;1
6833;1
6834;1
6835;1
6836;1
6837;1
6838;1
6839;1
684;12
6841;1
6842;1
6843;1
6844;1
6845;1
6847;1
6848;1
685;11
6850;1
6851;1
6851.001;1
6852;1
6853;1
6853.007;1
6854;1
6855;1
6856;1
6857;1
6859;1
686;9
686/708;1
6860;1
6861;1
6862;1
6863;1
6864;1
6865;1
6866;1
6867;1
6868;1
6869;1
687;10
6870;1
6871;1
6871.002;2
6872;1
6873;1
6874;1
6874.001;1
6875;3
6876;1
6877.001;1
6878;1
6879;1
688;11
6880;2
6880.001;2
6880.003;1
6881;4
6883;1
6885;1
6886;1
6887;1
6887.002;2
6888;1
6889;1
689;11
6890;1
6891;1
6892;1
6894;1
6895;1
6896;1
6897;1
6898;1
69;34
690;9
6900;1
6901;1
6901.001;2
6901.003;1
6902;1
6903;1
6904;1
6906;1
6907;1
6908;1
6909;1
691;14
6910;1
6911;1
6912;1
6913.001;2
6913.003;1
6914;1
6914.001;1
6915;3
6917;1
6918;1
6919;1
6919.002;2
692;8
6920;1
6922;1
6923;1
6924;1
6925;1
6926;1
6927;1
6928;1
6929;1
693;10
6930;2
6933;1
6934;1
6936;1
6937;1
6938;1
6939;1
694;12
6940;1
6941;1
6943;1
6944;2
6944.001;1
6946;1
6947;1
6947.001;2
6948;1
6949;1
695;11
6950;1
6951;1
6952;1
6953;1
6954;1
6955;1
6956;1
6957.001;2
6958.001;2
696;10
6961;1
6962;1
6963;1
6965;1
6966;1
6967;1
6968;1
6969;1
6969.002;2
697;7
6970;1
6971;1
6972;1
6973;1
6974;1
6975;1
6976;1
6978;1
6979;1
6979.002;2
698;9
6980;1
6980.003;2
6981;1
6982;1
6983;1
6984;1
6985;1
6987;1
6988;1
6989;1
699;11
6990;1
6992;1
6993;1
6996;1
6997;1
6997.003;2
6998;3
7;38
7 en 8;1
70;32
700;9
7001;1
7002;1
7003;1
7003.002;2
7003.003;1
7004;2
7005;1
7006;1
7007;1
7008;1
7008.001;2
7009;1
7009.001;2
7009.003;2
701;12
7010;1
7011;1
7012;1
7013;1
7014;1
7015;1
7016;1
7017;1
7018;1
7019;1
702;12
7020;1
7022;1
7023;1
7024.002;2
7024.006;1
7025;1
7026;1
7027;1
7028;1
7029;1
703;13
7030;1
7031;1
7032;1
7035;1
7036;1
7038;1
7039;1
704;13
7040;1
7041;1
7041.004;1
7042.001;2
7043;1
7044;1
7046;1
7047;1
7048;1
7049;1
705;13
7050;1
7051;1
7052;1
7054;1
7055;1
7056;1
7057;1
7057.001;1
7058;1
7059;1
706;13
7060;1
7061;1
7062;1
7063;1
7064;1
7065;1
7067;1
7068;1
7069;1
7069.002;1
707;16
7071;1
7071.002;2
7071.003;1
7073;1
7075;1
7077;1
7078;1
7079;1
708;11
7080;1
7081;1
7083;1
7084;1
7086;1
7087;1
7088;1
7088.001;2
7089;1
709;7
7091;1
7092;1
7093;1
7095;1
7096;1
7097;1
7098;1
7099;1
71;29
710;16
7100;1
7101;1
7102;1
7103;1
7104;1
7105;1
7106;1
7107;1
7108;2
7109;1
711;13
7110;1
7111;1
7112;1
7113;1
7114;1
7115;1
7116;1
7117;1
7118;1
712;10
7121;1
7123;1
7124;1
7125;1
7126;1
7127;1
7128;1
7128.002;1
7129;1
713;14
7130;1
7133;1
7135;1
7136;1
7136.001;2
7137;1
7138;1
7139;1
714;12
714 | A 1148;1
714 | A 1151;1
7140;1
7141;1
7144;1
7145;2
7146;1
7147;1
7148;1
7149;1
715;13
7150;1
7152;2
7153;1
7155;1
7156;1
7157;1
7158;1
7159;1
716;14
716/ A1152;1
7160;1
7161.003;2
7163;1
7163.001;1
7164;1
7165;1
7165.001;2
7166;1
7168;1
717;11
7170;1
7172;1
7173;1
7174;1
7174.002;1
7175;1
7176;1
7177;1
7178;1
7179;2
718;9
718 / A1157;1
7180;1
7181;1
7182;1
7184;1
7185;1
7186;1
7188.002;1
7188.004;1
7189;1
719;12
719 / A1150;1
7190;1
7193.001;1
7194;1
7195;1
7199;1
72;43
720;15
7200;1
7201.003;2
7202;1
7202.001;3
7204;1
7205;1
7207;1
7208;1
7209;1
721;13
721 / A 1163;1
7210;1
7212;1
7214;1
7216;1
7217;1
7219;1
722;16
722 / A1164;1
7221;1
7222;1
7223;1
7224;1
7225;1
7226;1
7226.003;2
723;16
7231;1
7232;1
7232.001;2
7233;1
7234;1
7236;1
7237;1
7238.001;1
7239;1
724;17
7240;1
7241;1
7241.002;1
7241.003;1
7242;1
7243;1
7244;1
7245;1
7247;1
7248;1
7249;1
725;14
7250;1
7251;1
7253;1
7254;1
7255;1
7255.003;1
7258;1
7259;1
726;11
726 / A1153;1
7260;1
7262;1
7263;1
7264;1
7265;1
7266;1
7268;1
7269;1
727;33
7270;1
7271;1
7272;1
7273;1
7274;1
7275;1
7276;2
7277;1
7278;1
728;6
728/ A1170;1
7281;1
7282;1
7283;1
7284;1
7284.002;1
7286;1
7287;1
7288;1
7288.013;2
7288.017;1
7289;1
729;12
729 / A1181;1
7290;1
7291;1
7292;1
7293;1
7294;1
7295;1
7298;1
7299;1
7299.003;2
73;36
730;12
7300;1
7301;1
7301.002;1
7303;1
7304.001;1
7306;1
7307;1
7308;1
7309;1
731;15
731 / A1169;1
7310;1
7311;1
7312;1
7312.004;1
7313;1
7314;1
7315;1
7316;1
7318;1
732;10
7321;1
7323;1
7324;1
7328;1
7329;1
733;9
733 / A1188;1
733 / A1193;1
7330;1
7331;1
7333;1
7334;1
7335;1
734;12
7340;1
7341;1
7343;2
7344;1
7345;1
7346;1
7347;1
7348;1
7349;1
735;12
7350;1
7351;1
7352;1
7353;1
7354;1
7356;1
7357;1
736;15
7360;1
7361;1
7362;1
7363;1
7365;1
7366;1
7369;1
737;10
737 / A1198;1
7370;1
7371;1
7372;1
7374;1
7375;1
7378;4
7379;1
738;15
7380;1
7380.001;2
7382.001;2
7383.001;2
7384;1
7384.001;1
7384.006;1
7386;3
7387.002;1
7389;1
739;12
7390;1
7391;1
7391.001;1
7392;1
7393;1
7393.002;1
7394;1
7395;1
7395.002;1
7395.004;1
7396;1
7397;1
7398;1
74;43
740;16
740 | 1200;1
7400;1
7402;1
7405;1
7406;1
741;14
7411;1
7413.002;1
7414;1
7415;1
7416;1
7418;1
742;12
742 | A 1207;1
7421;1
7422;1
7423;1
7423.002;2
7424;1
7424.002;1
7425;1
7426;1
7427;1
7428;1
7428.002;2
743;15
7430;1
7431;1
7432;1
7434;1
7434.001;1
7436;1
7436.001;1
7437;1
7439;1
744;9
744 | A 1213;1
7440;1
7440.001;1
7441;1
7442;1
7443;1
7446;1
7447;1
7448;1
7448.003;2
7449;1
745;27
7450;1
7450.004;2
7450.008;1
7451;1
7452;1
7453;1
7455;1
7456;1
7458;3
7459;1
746;15
7460;1
7462;1
7466;1
7468;1
7469;1
7469.002;2
747;12
7470.001;1
7473;1
7476;1
7477;1
7477.001;1
7478;1
7479.002;1
748;10
748 | A 1211;1
7482;2
7483;1
7485;1
7486;1
7487;1
749;11
7490;1
7492;1
7493;1
7495;1
7496;1
7496.002;2
7498;1
75;28
750;11
750 | A 1220;1
7501;1
7502;1
7504;1
7506;1
7507;1
7508;1
7509;1
751;12
751 | A 1225;1
7510;1
7510.001;2
7511.001;2
7513;1
7514;1
7517;1
7519;1
752;12
7520;1
7522;1
7525.002;1
7525.007;1
7525.008;1
7526;1
7527;1
7528;1
7529;1
753;12
7531;1
7532;1
7534;1
7536;1
7537;1
7537.002;2
7538;1
7539;1
754;11
754 / 755;1
7541;1
7542.001;1
7543;1
7543.002;2
7544;1
7545;2
7545.001;1
7546;1
7547;1
7548;1
7549;1
755;10
7550;1
7551;1
7552;1
7553;1
7556;2
7557;1
7558;1
756;10
7561;1
7563;1
75634437:0.1;1
7564;1
7566;1
7567;1
7568;1
757;10
757 | A 1208;1
7570;1
7571;1
7576;1
7579;1
758;16
758 | A. 1234;1
7581.002;1
7582;1
7582.002;1
7582.003;1
7582.005;1
7583;1
7584;1
7585;1
7587;1
7588;1
759;13
7591;1
7593;1
7596;1
7597;1
7598;1
7599;1
76;27
760;19
7600;1
7601;1
7602;5
7606;1
7607;1
7608;1
7608.001;2
7609;1
761;14
7610;2
7610.002;2
7611;1
7612;1
7614;1
7615;1
7618;1
762;10
762+809;1
7620;1
7621;2
7622;1
7623;1
7626;1
7628;1
763;13
7630;1
7630.001;2
7632;1
7633;1
7634;1
7636;1
7637;1
7638;1
7639;1
764;12
7642;1
7643;1
7644;1
7645;1
7647;1
7648;1
7648.001;1
7649;1
765;12
7651;1
7653;1
7655;1
7656;1
7657;1
7658;1
766;13
766.;1
7660;1
7661;1
7662;1
7666;1
7667;1
7668;1
7669.002;2
767;13
7671;1
7672;1
7674;1
7676;1
7678;1
7679;1
7679.002;2
768;9
7681;3
7682;1
7684;1
7686;1
769;10
7692;1
7693;1
7694;1
7696.001;1
7697;1
7698;1
76A;2
77;31
770;10
7700;1
7701;1
7702;1
7703;1
7704;1
7705;1
7706.002;1
7706.004;1
7708;1
7709;1
771;12
7710;2
7710.002;2
7711;1
7712;1
7715.001;2
7717;1
7718;1
7718.002;1
7719;1
772;8
772.;1
7725;1
7728;1
7729;1
7729.001;2
773;10
7730.001;1
7730.002;1
7730.003;1
7730.004;1
7730.005;1
7730.006;1
7730.007;1
7730.008;1
7730.009;1
7731;1
7733;1
7735;1
7736;1
7737;1
7738.001;2
7738.003;1
7739;1
774;7
7740;1
7744;1
7745;1
7746;1
7748;1
7749;1
775;11
7754;1
7756;1
7757;1
7758;1
7759;1
776;10
7762;2
7763;1
7764;1
7766;1
7767;1
7769 & 7772;1
777;10
7771;1
7772.002;1
7775;1
7779.002;1
778;11
7782;1
7784;1
7785;1
7786.001;1
779;10
7792;1
7794.001;1
7795;1
7795.002;1
7796.002;1
7798;1
78;45
780;10
7805;1
781;13
7811;1
7813;1
7816;1
782;10
7822;1
7823.002;1
7827;1
7829.002;1
7829.003;1
783;9
7830;1
7834;1
7835;1
7835.001;2
784;12
7840;1
7844.001;2
7846.001;2
7847;1
785;11
7856;1
7856.001;1
786;14
786  herziene versie.;1
7866.001;2
787;10
787.;1
7874;1
7874.001;2
7877;1
788;13
7883.002;1
7887.001;1
7889;1
789;15
789.;1
7890.001;1
7894.001;2
7896.001;1
7896.002;1
7896.004;1
7898;1
79;34
790;12
7900;1
7905.002;1
791;11
7911;1
792;10
7925.001;1
7928.003;2
793;10
7932.001;2
794;8
7948.002;1
795;8
7956;1
796;12
7963.001;1
7967-148709;1
7967-149763;1
7968.002;1
797;10
7970.003;2
7971.001;2
7972.001;2
7978.001;2
798;9
7980.001;1
7980.003;1
7980.004;1
7980.005;1
7980.006;1
7980.008;1
7980.009;1
7985.002;1
799;10
7992.001;1
7998.002;1
8;75
8 Vervolg;2
8-1;6
8-10-2015;1
80;40
800;13
8004.001;1
8004.002;1
801;12
8012.001;2
802;9
8023.001;2
803;14
804;13
8042.001;1
8042.006;1
8047.001;2
805;15
8054.01;1
8056.004;2
806;11
8061.003;1
8069.002;1
807;10
808;11
809;10
8091.002;1
8091.003;1
8091.004a / 8091.004b;2
8091.005;1
8091.008;1
8091.009;1
8091.010b;2
8091.011;1
81;53
810;12
8100;1
8101;1
8102;1
8103;1
8104;1
8105;1
8106;1
8107;1
8108;1
8109;2
811;11
8110;1
8111;3
8117.001;1
812;14
8129.001;2
813;11
814;13
8140.001;1
815;12
8150.002;1
8153.001;2
8158.006;1
8158.008;1
816;10
816+728+705;1
817;13
8170.001;1
8170.002;1
8173.002;2
818;13
8182.001;2
8185.002;1
8189.001;1
819;11
82;37
820;13
8202.001;1
8204.002;2
8209.001;1
821;11
8210.001;1
8210.002;1
8214.002;1
8214.006;1
822;12
823;10
8239.002;2
8239.012;1
824;11
825;11
8258.001;1
826;13
8267.001;2
827;10
8271.001;1
8279.002;1
828;11
8281.001;2
8281.002;1
8282.005;2
8286.001;2
829;12
83;29
830;14
8303.001;2
8303.003;1
8303.004;1
8309.003;1
831;11
832;11
8321.002;2
833;12
8334.002;1
8336.001;2
8336.002;1
8337.002;2
834;10
835;15
8352.001;1
836;12
8360.001;2
8360.003;1
8369.003;1
837;13
8377.001;1
8377.002;2
838;13
838098;1
839;12
8392.001;1
84;29
840;10
841;10
8419.001;1
842;11
8428.002;1
843;13
844;9
8442.002;2
8443.001;1
845;12
846;10
8460.002;2
8460.006;1
846010;1
8466.002;1
8466.003;1
8466.005;1
847;12
8475.001;2
8478.001;1
848;12
8482.003;1
8489.001;1
849;11
8495.001;2
85;35
85, 114;1
850;14
8504.001;1
8506.002;1
8509.003;2
8509.007;1
851;12
8515.001;1
8516.001;1
852;16
853;12
8534.002;1
854;16
855;13
856;8
856004;1
856005;1
856008;1
856011;1
856012;1
856014;1
856015;1
856017;1
856019;1
856024;1
856025;1
856028;1
856030;1
856033;1
856036;1
856038;1
856039;1
856040;1
857;9
858;14
8585.001;2
8585.002;1
8586.001;1
859;13
86;37
860;23
8604.001;1
861;11
8614.001;1
8616.002;1
862;13
863;14
8634.001;2
864;11
8640.009;1
865;12
8653.001;1
8655.001;1
866;14
866001;1
866002;1
8664.001;2
8665.001;1
8665.007;1
867;12
8679.001;1
8679.003;1
868;10
869;12
8693.001;1
87;38
870;13
8702.001;1
871;8
8713.001;1
872;11
8722.001;1
873;9
8733.003;2
8736.002;2
874;11
8741.001;1
8747.002;2
8747.003;1
875;12
8752.002;1
8752.004;1
876;11
8764.001;1
877;11
878;10
879;11
88;30
880;12
8803.001;1
881;8
882;10
882 (ADC-Maritiem);2
8822.001;1
8829.001;1
883;10
8836.001;1
884;7
8843.001;2
885;13
8854.013A;2
8854.013B;2
8854.018;1
8856.001;1
886;14
8866.002;2
887;14
8874.001;2
888;10
8886.001;2
889;11
89;36
890;11
890/909;1
8902.001;2
8904.004;1
8909.002;2
891;14
8916.001;2
8916.004;1
8916.007;1
8916.008;1
8916.009;1
892;11
893;13
8938.001;1
894;9
8943.006;2
8945.001;1
895;10
8956.001;2
8956.003;1
896;13
8962.002;2
897;11
8975.001;1
8975.003;1
8978.001;1
898;15
899;11
8990.001;2
8995.001;2
9;42
9-3;1
90;29
90-77768-19-9;1
90-77768-63-7;1
900;10
9006.001;2
9009.004;1
901;11
9010.001;2
9016.001;2
902;12
9022.001;1
9023.002;2
9027.004;2
903;11
9038.004;2
904;8
905;9
906;13
9064.001;2
907;9
908;11
9086.001;2
9086.004;1
9089.001;4
9089.004;1
909;9
91;26
910;11
910 ( ADC monografie 2);1
9101;1
9102;1
9103;1
9104;1
9105;1
9105.001;1
9108;1
9109;2
911;15
9110;2
9111;1
9113;2
9114;1
9115;1
9116;1
9118;1
9119;1
912;10
9120;1
9121;2
9122;3
9124;1
9125;1
9125.002;1
9125.005;1
9125.009;1
9126;1
9128;1
9129;1
913;8
9131.002;1
9132.001;1
9134.001;1
914;10
914 (herziene versie);11
915;10
916;8
917;10
9178.002;1
918;11
919;9
9190.001;2
92;31
920;10
9200.001;1
92025810;1
921;12
9217.003;2
922;8
9225.001;1
9225.003;1
9229.002;1
923;7
9232.001;1
9232.003;1
924;11
925;11
9254.001;2
9256.002;2
926;9
9264.001;1
9265.001;1
927;10
928;11
9287.001;1
929;10
9291.003;1
9295.001;1
93;38
930;11
9301.001;2
93029911;1
931;10
9315.001;1
9315.002;1
9316.001;1
9316.002;1
932;7
9325.001;1
933;9
934;11
935;11
936;12
9366.001;2
9369.002;2
937;11
9377.002;1
938;10
9381.001;1
9381.005;1
939;10
9390.002;2
9396.001;1
94;32
940;10
941;10
9415.002;1
942;9
9423.001;2
9423.003;1
9424.001;1
943;11
9430.001;2
9434.002;1
9435.001;1
944;10
9441.001;2
9448.002;1
945;8
9459.001;1
946;10
947;10
948;9
9486.001;1
949;9
9492.001;2
95;25
950;12
9501.001;2
9502.001;1
9502.003;1
9506;1
951;9
9516;1
952;10
9522.001;1
9522.004;1
9523.002;2
953;8
9530.002;1
954;9
9541.001;2
9544.001;1
955;8
9552.002;1
956;8
9562.001;1
9563.001;2
9563.004;1
9565.001;2
9567.002;1
9567.004 en 9567.006;1
9567.006;1
957;8
958;9
959;11
9595.001;2
9595.002;1
96;34
960;7
961;11
962;12
963;9
964;10
965;12
9654.001;2
9654.003;1
9658.002;2
966;12
9668.002;2
967;7
968;8
9681.002;1
969;11
97;44
970;9
9700.001;1
971;10
9719.001;1
972;10
973;10
9730.001;2
9733.003;2
9733.007;1
9736.001;2
9738.002;1
9739.002;1
974;12
9743.001;1
975;10
976;23
977;9
978;10
978-1-7391876-3-7;1
978-1-7391876-5-1;1
978-1-7391876-6-8;2
978-90-8800-074-4;1
978-90-8800-231-1;1
978-90-8800-2564;1
978-90-8800-275-5;1
978-90-8996-014-6;1
978-90-8996-0214;1
978-90-8996-046-7;1
978-90-8996-049-8;1
978-90-8996-058-0;1
978-90-8996-100-6;1
978-90-8996-108-2;1
978-90-8996-118-1;1
978-90-8996-177-8;1
978-90-8996-183-9;1
978-90-8996-189-1;1
978-90-8996-227-5;1
978-90-8996-230-0;1
978-90-8996-238-6;1
978-90-8996-242-3;1
978-90-8996-245-4;1
978-90-8996-281-2;1
978-90-8996-296-6;1
9781.001;2
9783.002;1
978909900148-2;4
979;9
9793.001;1
98;33
98.045;2
980;15
9804.001;1
9806.001;1
9806.004;1
9807.001;1
981;12
9811.001;2
982;8
9820.001;2
9826.001;2
983;8
984;9
9841.002;2
985;9
9853.001;2
9855.001;1
986;10
987;11
9873.001;2
9874.001;1
9879.004;1
988;10
9882.002;1
989;8
99;35
990;9
991;10
992;9
9926.002;1
9926.004;2
993;12
9932.005;1
9935.001;2
994;18
995;9
9955.002;1
996;10
9967.002;2
997;8
9972.001;1
9977.002;1
998;9
9988.002;2
999;19
9999;21
?;3
A 10.0093;2
A-010.0141;1
A-03.0163;1
A-04.0108;1
A-04.0207;1
A-04.175 en A-05.232;2
A-05.0029;1
A-05.0125;1
A-05.0339;3
A-06.0127;1
A-06.0195/A-07.0148;1
A-06.0215;1
A-06.0371-1/2/3;4
A-06.0394;1
A-06.041;2
A-06.149;1
A-07.0015;1
A-07.0023;1
A-07.0030;1
A-07.0037;1
A-07.0045;1
A-07.0055;1
A-07.0067;1
A-07.0069;1
A-07.0079;1
A-07.0084;1
A-07.0090;1
A-07.0091;1
A-07.0102;1
A-07.0106;1
A-07.0112;1
A-07.0121 / Archeologisch rapporten Breda 53;1
A-07.0125;1
A-07.0126;1
A-07.0136;2
A-07.0147;1
A-07.0150.B;1
A-07.0155;1
A-07.0192;1
A-07.0197;1
A-07.0202;2
A-07.0204;3
A-07.0235/A-07.0356;1
A-07.0249;1
A-07.0251;1
A-07.0254;1
A-07.0263;1
A-07.0267;2
A-07.0273;1
A-07.0277;1
A-07.0279;1
A-07.0282;1
A-07.0284;1
A-07.0288;2
A-07.0288-2;4
A-07.0288-4;1
A-07.0289;1
A-07.0292;1
A-07.0318;1
A-07.0322;1
A-07.0325;1
A-07.0332 (herziene versie);1
A-07.0340;1
A-07.0341;2
A-07.0342;1
A-07.0350;1
A-07.0357;1
A-07.0359;1
A-07.0375;1
A-07.0378;1
A-07.0379;1
A-07.0386/A-08.0001;1
A-07.0388;1
A-07.0391;1
A-07.0392;1
A-07.0395;1
A-07.0397;1
A-07.0398;1
A-07.0414;1
A-07.0415;1
A-07.0418;1
A-07.0423;1
A-07.0437 / Breda 66;1
A-07.0446;1
A-07.0447;1
A-07.0451;1
A-07.0461;1
A-07.0474;1
A-07.0475 Archeologische rapporten Breda 72;1
A-07.0483;1
A-08.0004;1
A-08.0021;1
A-08.0022;1
A-08.0029;1
A-08.0030;2
A-08.0039;1
A-08.0043;1
A-08.0044;1
A-08.0055;1
A-08.0071;1
A-08.0076;1
A-08.0080;1
A-08.0081;1
A-08.0089;1
A-08.0095;1
A-08.0101;2
A-08.0109;1
A-08.0119;1
A-08.0121;1
A-08.0134;1
A-08.0137;1
A-08.0146;1
A-08.0163;1
A-08.0164;1
A-08.0168;1
A-08.0177;1
A-08.0180;1
A-08.0184;1
A-08.0194;1
A-08.0204;1
A-08.0213;1
A-08.0216;1
A-08.0219;1
A-08.0223;2
A-08.0226;1
A-08.0249;2
A-08.0257/Archeologische Rapporten Breda 87;2
A-08.0258;1
A-08.0259;1
A-08.0261;1
A-08.0269;1
A-08.0277;1
A-08.0278;1
A-08.0290;1
A-08.0294;1
A-08.0301;1
A-08.0314 + erfgoed rapport Breda 29;1
A-08.0330;1
A-08.0333;14
A-08.0335;1
A-08.0341(A);1
A-08.0352;1
A-08.0357;1
A-08.0359;1
A-08.0360;1
A-08.0361;1
A-08.0378;1
A-08.0395;1
A-08.0399;1
A-08.0401;1
A-08.0405;1
A-08.0406;2
A-08.0412;1
A-08.0421;1
A-08.0423;1
A-08.0442;1
A-08.0443 (archeologische rapporten Breda 110);1
A-08.0445;1
A-08.0449;1
A-08.0467;1
A-08.0469;1
A-08.0471;2
A-08.0478;1
A-08.0480 A-09.0116 A-09.0210 A-09.0386;11
A-08.0482;1
A-08.0485;1
A-08.0487;1
A-08.0493;1
A-08.0498;1
A-09.0020;1
A-09.0021;1
A-09.0025;1
A-09.0027;1
A-09.0030;1
A-09.0033;1
A-09.0037;1
A-09.0040;1
A-09.0041;1
A-09.0043;1
A-09.0045;1
A-09.0049;2
A-09.0054;1
A-09.0057;1
A-09.0061;1
A-09.0062;1
A-09.0065;1
A-09.0070;1
A-09.0071;1
A-09.0077;1
A-09.0083;1
A-09.0088;1
A-09.0090;1
A-09.0107;1
A-09.0122;1
A-09.0129;1
A-09.0130;1
A-09.0131;1
A-09.0133;1
A-09.0139;1
A-09.0142;1
A-09.0148;1
A-09.0154;1
A-09.0155;1
A-09.0163;1
A-09.0164;1
A-09.0165;3
A-09.0166;1
A-09.0168;1
A-09.0170;1
A-09.0171;1
A-09.0175;1
A-09.0184;1
A-09.0189;1
A-09.0190;1
A-09.0201;2
A-09.0203;1
A-09.0215;1
A-09.0216;1
A-09.0231;1
A-09.0235;2
A-09.0237;1
A-09.0242;1
A-09.0249;1
A-09.0252;1
A-09.0254;1
A-09.0265;1
A-09.0277;2
A-09.0295;2
A-09.0296;1
A-09.0297;2
A-09.0301;1
A-09.0307;2
A-09.0311;1
A-09.0316;1
A-09.0334;2
A-09.0341;1
A-09.0342;1
A-09.0347;1
A-09.0351;1
A-09.0352;1
A-09.0357;1
A-09.0358;2
A-09.0361;1
A-09.0363;1
A-09.0365;1
A-09.0376;1
A-09.0389;1
A-09.0395;1
A-09.0405;1
A-09.0407;23
A-09.0412;1
A-09.0413;1
A-10..0205;1
A-10.0009;1
A-10.0013;1
A-10.0018;2
A-10.0022;1
A-10.0027;1
A-10.0029;1
A-10.0068;3
A-10.0090;1
A-10.0103;1
A-10.0104;1
A-10.0106;1
A-10.0111;1
A-10.0128;1
A-10.0164;16
A-10.0169;1
A-10.0196;1
A-10.0211;1
A-10.0221;1
A-10.0223;1
A-10.0234;1
A-10.0235;1
A-10.0237;1
A-10.0240;1
A-10.0253;1
A-10.0256;1
A-10.0262;1
A-10.0264;1
A-10.0267;1
A-10.0276;1
A-10.0280;1
A-10.0281;1
A-10.0283/A-12.0074;1
A-10.0285;1
A-10.0287;1
A-10.0288;1
A-10.0306 / A-10.0305;2
A-10.0310;1
A-10.0314;1
A-10.0318;1
A-10.0319;1
A-10.0325;1
A-10.0329;1
A-10.0338;1
A-10.0339;2
A-10.0340;33
A-10.0359;1
A-10.0362;1
A-10.0363;1
A-10.0364;1
A-10.0375;2
A-10.0376;3
A-10.0380;1
A-10.0397;1
A-10.0398;1
A-10.0401;1
A-10.0409 en A-11.0163;4
A-10.0412;1
A-10.0416;1
A-10.0419;1
A-10.0422;1
A-10.0426;1
A-10.0427;1
A-10.0434;1
A-10.0437;1
A-10.0438;1
A-10.0442;1
A-10.0448;1
A-10.0465;1
A-10.0476;1
A-10.0483;1
A-10.0489;1
A-10.0490;1
A-1042;1
A-11.0003;1
A-11.0006;1
A-11.0016;1
A-11.0017;1
A-11.0025;1
A-11.0033;1
A-11.0041;1
A-11.0053;1
A-11.0056;1
A-11.0057;1
A-11.0061;1
A-11.0062;1
A-11.0065;1
A-11.0071;1
A-11.0077;14
A-11.0079/A-11.0215/A-11.0425/A-12.0199;56
A-11.0083;1
A-11.0085;2
A-11.0086;1
A-11.0089;3
A-11.0097;1
A-11.0099;1
A-11.0100;1
A-11.0101;1
A-11.0106;1
A-11.0108;1
A-11.0119;1
A-11.0123;1
A-11.0124;1
A-11.0133;1
A-11.0134;1
A-11.0140;1
A-11.0146/A-11.0240/A-11.0390;3
A-11.0151;1
A-11.0162;1
A-11.0171;10
A-11.0172;1
A-11.0175;1
A-11.0177;1
A-11.0190;1
A-11.0195;1
A-11.0197;2
A-11.0205;1
A-11.0206;1
A-11.0213;1
A-11.0242;1
A-11.0243;1
A-11.0245;1
A-11.0247 / A-11.0385;2
A-11.0270;1
A-11.0271;2
A-11.0274;1
A-11.0276;1
A-11.0279;1
A-11.0280;1
A-11.0281;2
A-11.0294;1
A-11.0298;1
A-11.0299;1
A-11.0300;1
A-11.0301;1
A-11.0308;1
A-11.0316;1
A-11.0321;2
A-11.0324;2
A-11.0327;1
A-11.0334;1
A-11.0335;1
A-11.0339;1
A-11.0356;2
A-11.0362;2
A-11.0369;1
A-11.0397;1
A-11.0402;1
A-11.0408;1
A-11.0422;1
A-11.0427;1
A-11.0434;1
A-11.0436;1
A-11.0437;1
A-11.0440;1
A-11.0448;2
A-11.0449;1
A-11.0459;1
A-12.0002;1
A-12.0003;1
A-12.0004;1
A-12.0012;1
A-12.0013;1
A-12.0019;1
A-12.0020;1
A-12.0025;1
A-12.0030 / A-12.0167;1
A-12.0030/A-12.0167;1
A-12.0037;1
A-12.0048;1
A-12.0049;2
A-12.0051;1
A-12.0058;1
A-12.0067;1
A-12.0069;1
A-12.0075;1
A-12.0076;1
A-12.0077;1
A-12.0078;1
A-12.0083;1
A-12.0088 / A-12.0088a;2
A-12.0089;1
A-12.0098;1
A-12.0099;2
A-12.0103;1
A-12.0114;1
A-12.0119;1
A-12.0120;1
A-12.0125;1
A-12.0126;1
A-12.0130;1
A-12.0133;1
A-12.0142 A-12.0045;2
A-12.0143;1
A-12.0149;1
A-12.0152;1
A-12.0153;1
A-12.0157/A-13.0041;1
A-12.0160;1
A-12.0168;1
A-12.0178;1
A-12.0185;1
A-12.0194;1
A-12.0204;1
A-12.0211;1
A-12.0213;1
A-12.0221;1
A-12.0224;1
A-12.0227;1
A-12.0228;1
A-12.0229;1
A-12.0233;1
A-12.0240;1
A-12.0247;1
A-12.0260;1
A-12.0262 ;1
A-12.0266/A-12.0423;1
A-12.0272;1
A-12.0286A;1
A-12.0289/A-17.0085;2
A-12.0303;1
A-12.0307;1
A-12.0327;1
A-12.0337;1
A-12.0350;1
A-12.0351;1
A-12.0355;1
A-12.0356;1
A-12.0357;4
A-12.0360;1
A-12.0374;1
A-12.0377;1
A-12.0383;1
A-12.0384;1
A-12.0387;1
A-12.0388;1
A-12.0390;1
A-12.0392;1
A-12.0395;1
A-12.0401;1
A-12.0412;1
A-12.0414;1
A-12.0418;1
A-12.0424;10
A-12.0427;2
A-12.0430;1
A-12.0437;1
A-13.0004;1
A-13.0009;1
A-13.0018;1
A-13.0024;1
A-13.0046;1
A-13.0048;1
A-13.0051;1
A-13.0052;2
A-13.0053;1
A-13.0056;1
A-13.0058;1
A-13.0060;1
A-13.0063;1
A-13.0065;1
A-13.0066;1
A-13.0069;1
A-13.0072;1
A-13.0076;1
A-13.0080;1
A-13.0082;1
A-13.0089;1
A-13.0092/A-13.0187;1
A-13.0092/A13.0187;1
A-13.0097;1
A-13.0098;1
A-13.0106;1
A-13.0115;1
A-13.0121;1
A-13.0123;1
A-13.0133;1
A-13.0139;11
A-13.0154;1
A-13.0155;1
A-13.0167;1
A-13.0167 / A-13.0068;1
A-13.0171;1
A-13.0179/A-13.0217;1
A-13.0183;1
A-13.0186;22
A-13.0188;1
A-13.0191;1
A-13.0196;1
A-13.0199;1
A-13.0200;1
A-13.0206;16
A-13.0207;1
A-13.0214;9
A-13.0223;1
A-13.0228;1
A-13.0233;1
A-13.0238;1
A-13.0244;1
A-13.0247;26
A-13.0248;1
A-13.0253;1
A-13.0260;20
A-13.0271;2
A-13.0276;1
A-13.0278;1
A-13.0279;1
A-13.0283;9
A-13.0285;1
A-14.0002;1
A-14.0007;1
A-14.0010;1
A-14.0020;1
A-14.0022;1
A-14.0027;1
A-14.0040;1
A-14.0042;28
A-14.0043;1
A-14.0047;1
A-14.0052;8
A-14.0055;1
A-14.0060;1
A-14.0063;1
A-14.0068;1
A-14.0071;1
A-14.0072;1
A-14.0077;1
A-14.0081;1
A-14.0085;1
A-14.0090;1
A-14.0091;1
A-14.0107;1
A-14.0108;1
A-14.0109;1
A-14.0113;1
A-14.0122;1
A-14.0127;1
A-14.0145;3
A-14.0147;1
A-14.0151;1
A-14.0153;1
A-14.0158;11
A-14.0164;1
A-14.0170;1
A-14.0172;1
A-14.0175;1
A-14.0180;1
A-14.0183;1
A-14.0187;1
A-14.0194;1
A-14.0197;2
A-14.0208;1
A-14.0209;1
A-14.0216;1
A-14.0217;1
A-14.0218;1
A-14.0219;1
A-14.0220;1
A-14.0236;1
A-14.0241;1
A-14.0246;1
A-14.0248;1
A-14.0250;12
A-14.0264;1
A-14.0275;1
A-14.0286;1
A-15.0018;1
A-15.0019;1
A-15.0020/A-15.0160;14
A-15.0022 / A-15.0170;20
A-15.0026;1
A-15.0031;1
A-15.0037;2
A-15.0038;2
A-15.0041;1
A-15.0042;1
A-15.0054;1
A-15.0057;1
A-15.0066;1
A-15.0068;1
A-15.0069;10
A-15.0080/A-15.0129;1
A-15.0081;1
A-15.0085;1
A-15.0092;1
A-15.0101;1
A-15.0102;1
A-15.0114;1
A-15.0120;1
A-15.0124;3
A-15.0134/A-16.0290;1
A-15.0136;1
A-15.0143;4
A-15.0146;1
A-15.0162;1
A-15.0163;1
A-15.0167;1
A-15.0174;1
A-15.0175;2
A-15.0178;1
A-15.0182;1
A-15.0193;1
A-15.0195;1
A-15.0233;1
A-15.0236;1
A-15.0239;1
A-15.0240;1
A-15.0241;1
A-15.0242;1
A-15.0260;1
A-15.0263;1
A-15.0264;1
A-15.0272;1
A-16.0018;6
A-16.0022;1
A-16.0025;1
A-16.0026;1
A-16.0030;1
A-16.0031;28
A-16.0036;1
A-16.0043;1
A-16.0047;1
A-16.0049;1
A-16.0051;1
A-16.0053;1
A-16.0056;1
A-16.0061;1
A-16.0065;1
A-16.0069;17
A-16.0086;1
A-16.0093;1
A-16.0096;1
A-16.0100;1
A-16.0104;1
A-16.0106;1
A-16.0109;1
A-16.0117;1
A-16.0118;2
A-16.0119;1
A-16.0123;1
A-16.0125;1
A-16.0128;1
A-16.0129 / A-17.0066;1
A-16.0142;1
A-16.0146;1
A-16.0147;1
A-16.0148;5
A-16.0162;1
A-16.0165 Deel A;11
A-16.0165 Deel B;155
A-16.0175;1
A-16.0177;1
A-16.0184;1
A-16.0185;14
A-16.0196;1
A-16.0205;2
A-16.0209;1
A-16.0210;3
A-16.0214/A-17.0130;2
A-16.0220;1
A-16.0223;1
A-16.0229/A-16.0337;2
A-16.0231;9
A-16.0239;1
A-16.0240/A-16.0296;2
A-16.0245;1
A-16.0260;49
A-16.0274/A-17.0013;2
A-16.0275;1
A-16.0277;1
A-16.0288;1
A-16.0289;1
A-16.0302;1
A-16.0310;1
A-16.0311;1
A-16.0313;1
A-16.0325;12
A-16.0329;1
A-16.0330;1
A-16.0332;1
A-16.0341;1
A-17.0009;1
A-17.0012;1
A-17.0015;1
A-17.0016;10
A-17.0019;1
A-17.0031;14
A-17.0039;1
A-17.0041;1
A-17.0042;2
A-17.0055;1
A-17.0060;1
A-17.0062;1
A-17.0063;2
A-17.0065;1
A-17.0066;1
A-17.0080;9
A-17.0094;16
A-17.0120;1
A-17.0127/A-18.0025;1
A-17.0143;30
A-17.0145 / A-17.0196;1
A-17.0151, A-18.0073, A-18.0301, A-19.0127, A-19.0357, A-20.0037;55
A-17.0154;1
A-17.0157;1
A-17.0159;1
A-17.0161;1
A-17.0162;2
A-17.0170;12
A-17.0176;1
A-17.0183;2
A-17.0200/18.0122;1
A-17.0215;1
A-17.0216;1
A-17.0219;2
A-17.0227;2
A-17.0228;1
A-17.0229;1
A-17.0245;1
A-17.0250;1
A-17.0254;1
A-17.0258;2
A-17.0259;1
A-17.0271;1
A-17.0278;1
A-17.0293;1
A-17.0295;1
A-17.0296/A-18.0144;2
A-17.0307, A-18.0225;46
A-18.0011;1
A-18.0018;13
A-18.0019;1
A-18.0026;1
A-18.0032;1
A-18.0045;1
A-18.0049;1
A-18.0055;1
A-18.0058;1
A-18.0064;1
A-18.0077 / A-18.0179;2
A-18.0103;1
A-18.0115 en A-19.0007;1
A-18.0118;1
A-18.0137;1
A-18.0138;19
A-18.0141;1
A-18.0142;1
A-18.0155;1
A-18.0168;1
A-18.0173;1
A-18.0177;1
A-18.0178;1
A-18.0180/A20.0347;1
A-18.0183;1
A-18.0184;2
A-18.0185;1
A-18.0186;2
A-18.0188;1
A-18.0189;1
A-18.0191;1
A-18.0193;1
A-18.0197;1
A-18.0201;22
A-18.0203;1
A-18.0213;1
A-18.0218;1
A-18.0219;1
A-18.0222;1
A-18.0227;1
A-18.0228;2
A-18.0229;1
A-18.0232;2
A-18.0239;1
A-18.0243;2
A-18.0250;1
A-18.0258;1
A-18.0263;2
A-18.0270;1
A-18.0277;1
A-18.0279;1
A-18.0283;2
A-18.0285;1
A-18.0296;1
A-18.0299 / A-18.0353;1
A-18.0300;1
A-18.0305;1
A-18.0315;1
A-18.0327 en A-19.0028;1
A-18.0327 en A19.0028;1
A-18.0331;1
A-18.0332;1
A-18.0335;1
A-18.0339;1
A-18.0347;2
A-18.0350 en A-20.0294;1
A-18.0356;1
A-18.0358;1
A-18.0362;1
A-18.0362/A-19.0203;1
A-18.0365;1
A-18.0366;1
A-18.0368;1
A-18.0378;1
A-18.0387;1
A-18.0392;1
A-18.0394;9
A-18.0398;1
A-18.0403/A-18.0260;2
A-18.0418;2
A-18.0423;1
A-18.0428;1
A-18.0433;1
A-18.0434;3
A-18.0435;16
A-19.0002;1
A-19.0005;1
A-19.0032;1
A-19.0036;1
A-19.0042;15
A-19.0054/A-19.0389;2
A-19.0069;1
A-19.0070 & A-19.0249;4
A-19.0073;1
A-19.0075;1
A-19.0077;1
A-19.0083;1
A-19.0084;1
A-19.0090;16
A-19.0099;1
A-19.0102;3
A-19.0110;1
A-19.0123;1
A-19.0129;1
A-19.0140;14
A-19.0143;1
A-19.0144;1
A-19.0145;1
A-19.0150;6
A-19.0154;29
A-19.0167;1
A-19.0181;4
A-19.0188;1
A-19.0189;1
A-19.0198;1
A-19.0204;1
A-19.0206;1
A-19.0212;1
A-19.0214;1
A-19.0215;1
A-19.0221;1
A-19.0232;1
A-19.0236;13
A-19.0245;2
A-19.0253;1
A-19.0270 / A-19.0353;1
A-19.0277;1
A-19.0279;1
A-19.0288;1
A-19.0292;1
A-19.0293;1
A-19.0299;1
A-19.0300;1
A-19.0303;1
A-19.0309;1
A-19.0323;1
A-19.0330/A-19.0372;2
A-19.0358;1
A-19.0367/ A-20.0045;2
A-19.0374;1
A-19.0378;1
A-19.0386;1
A-19.0389/A-19.0054;1
A-19.0390;1
A-19.0394;1
A-19.0397;1
A-19.0402;1
A-19.0412;2
A-19.0422;1
A-20.0004;1
A-20.0009;1
A-20.0012;1
A-20.0016;1
A-20.0018;1
A-20.0019/A-20.0148;2
A-20.0020;2
A-20.0039;1
A-20.0041;1
A-20.0050;1
A-20.0052 en A-20.0382;1
A-20.0058;1
A-20.007;1
A-20.0074;1
A-20.0076;1
A-20.0081;1
A-20.0082;1
A-20.0097;1
A-20.0105/V-20.0106;2
A-20.0108;1
A-20.0120;2
A-20.0143;1
A-20.0144;4
A-20.0150;2
A-20.0151;1
A-20.0153;1
A-20.0173;1
A-20.0180;2
A-20.0181;1
A-20.0182;1
A-20.0183;1
A-20.0186;1
A-20.0194;1
A-20.0197;1
A-20.0202;1
A-20.0203;1
A-20.0215;1
A-20.0218;10
A-20.0220;7
A-20.0221/0222/0225;3
A-20.0223/233/349/232/321;4
A-20.0225;1
A-20.0227/0228;2
A-20.0229/230/231;3
A-20.0244;1
A-20.0250;1
A-20.0261;2
A-20.0262;1
A-20.0267;1
A-20.0274;6
A-20.0275;1
A-20.0292;1
A-20.0307;1
A-20.0313;2
A-20.0321;1
A-20.0329;1
A-20.0334;1
A-20.0336;1
A-20.0350;1
A-20.0355, A-21.0224, A-21.0282;2
A-20.0355/A21.0224/A-21.0282;1
A-20.0361;1
A-20.0366;1
A-20.0371;1
A-20.0373;1
A-20.0376 en A-21.0010;1
A-20.0380;1
A-20.087;1
A-21-1026;1
A-21.0002;1
A-21.0007;1
A-21.0025;1
A-21.0036;2
A-21.0037;1
A-21.0055;1
A-21.0056;1
A-21.0057;2
A-21.0058;1
A-21.0075;1
A-21.0092;4
A-21.0096;1
A-21.0105;1
A-21.0113;1
A-21.0114;1
A-21.0118;1
A-21.0121;1
A-21.0126;1
A-21.0131;1
A-21.0137;1
A-21.0142;1
A-21.0145;5
A-21.0146;6
A-21.0147;1
A-21.0151;1
A-21.0154;16
A-21.0156;13
A-21.0166;2
A-21.0186;1
A-21.0220;9
A-21.0262;1
A-21.0265;1
A-21.0266;1
A-21.0276;1
A-21.0280;1
A-21.0284;1
A-21.0289;1
A-21.0290;1
A-21.0294;1
A-21.0488;1
A-21.0796;1
A-21.0822;6
A-21.0842;1
A-21.0852;14
A-21.0873;1
A-21.0878;1
A-21.0879;1
A-21.0889;1
A-21.1015;11
A-21.1049;5
A-21.1077;1
A-21.1081;1
A-21.1101;1
A-21.1112;14
A-21/0062;4
A-22..0888;1
A-22.0031/A-22.0148/A-21.0263/A-22.0797;3
A-22.0037;1
A-22.0056;1
A-22.0093/A-22.0516/A-22.0440;3
A-22.0120;1
A-22.0132;1
A-22.0167;1
A-22.0171;1
A-22.0181;1
A-22.0193;1
A-22.0204;5
A-22.0222/Erfgoedcode BPEP-3;1
A-22.0234;1
A-22.0247;1
A-22.0253;1
A-22.0278;1
A-22.0286;1
A-22.0290;1
A-22.0296;1
A-22.0304;8
A-22.0309;1
A-22.0328;1
A-22.0349;1
A-22.0353;1
A-22.0363;1
A-22.0373;1
A-22.0374;4
A-22.0384;1
A-22.0424;1
A-22.0450;1
A-22.0465;1
A-22.0483;1
A-22.0493;1
A-22.0517;1
A-22.0536;8
A-22.0549;1
A-22.0558;1
A-22.0570;1
A-22.0579;1
A-22.0616;1
A-22.0623;1
A-22.0632;1
A-22.0648;1
A-22.0658;3
A-22.0675;1
A-22.0701;1
A-22.0714;2
A-22.0741;2
A-22.0752;1
A-22.0763;1
A-22.0780;1
A-22.0803;1
A-22.0813;1
A-22.0835;1
A-22.0844;1
A-22.0879;1
A-22.0885;1
A-22.0915;1
A-23.0019;1
A-23.0021;1
A-23.0022;1
A-23.0069;1
A-23.0071;4
A-23.0075;1
A-23.0082;1
A-23.0134;1
A-23.0136;1
A-23.0137;1
A-23.0141;1
A-23.0146;1
A-23.0159;2
A-23.0166;1
A-23.0167;1
A-23.0168;1
A-23.0170;1
A-23.0174;1
A-23.0202;3
A-23.0294;1
A-23.0310;1
A-23.0350;1
A-23.0362;1
A-23.0388 en A-24.0007;1
A-23.0416;1
A-23.0421;1
A-23.0425 ;1
A-23.0443;1
A-23.0474;1
A-23.0515;1
A-23.0520;1
A-23.0524;1
A-23.0543;2
A-23.0628;1
A-23.0652;1
A-23.0683;1
A-23.0710;1
A-23.0731;1
A-23.0792;1
A-23.0794;1
A-23.0829;1
A-23.0846;1
A-23.0870;1
A-23.0874;1
A-23.0888;1
A-23.0903;1
A-23.0928;2
A-23.0937;1
A-23.0975;1
A-23.1019;1
A-23.1050;1
A-24.0004;1
A-24.0009;1
A-24.0200;1
A-24.0233;1
A-24.0256;1
A-24.0264;1
A-24.0292;1
A-24.0295;1
A-24.0306;1
A-24.0348;1
A-24.0401;1
A-24.0403;1
A-24.0404;1
A-24.0405;1
A-24.0424;1
A-24.0495;1
A-24.0546;1
A-24.0623;1
A-24.0636;1
A-24.0660;1
A-24.0678;1
A-24.0688;1
A-24.0729;1
A-24.0776;1
A-24.0796;1
A-24.0919 ;1
A-24.0932;1
A-24.0987;1
A-24.1025;1
A-24.1031/V-25.0119;1
A-25.0045;1
A-25.0105;1
A-25.0143;1
A.07-0473;1
A.07.0056;1
A.07.0057;1
A.09.0075;1
A.1014;1
A.1056;1
A0001;1
A0002;1
A0003;2
A0004;1
A0005;1
A0006;2
A0007;1
A0008;1
A0010;1
A0011;2
A0012;1
A0014;1
A0015;1
A0016;1
A0017;1
A0018;1
A0019;1
A0020;1
A0021;1
A0022;2
A0023;1
A0024;1
A0025;2
A0026;2
A01-242.Z;1
A01-704-Z;1
A02-178-Z;1
A02-198 Z;1
A02-338 Z;1
A02-447-Z;1
A02-479-Z, A03-137-Z en A03-189-Z;1
A02-554-Z;1
A03-056-Z;1
A03-066-Z;1
A03-083-Z;1
A03-088-R;1
A03-180-Z;1
A03-181-Z;1
A03-195-Z;1
A03-200-Z;1
A03-255-K;1
A03-290-Q;1
A03-314-K;1
A03-342-K;1
A03-391-Z;1
A03-400-K/A03-417-K;1
A03-402-Z;1
A03-419-K;1
A03-421-K;1
A03-430-Z;1
A03-439-Z;1
A03-451-Z;1
A03-471-Z;1
A03-472-Z;1
A03-531-K;1
A03-548-Z;1
A03-563-Z;1
A03-582-Z;1
A04-001-Z;1
A04-035-Z;1
A04-039-Z;1
A04-041-Z;1
A04-042-Z;1
A04-043-Z;1
A04-077-Z;1
A04-087-H;1
A04-091-G&X;1
A04-093-K;2
A04-112 Z;1
A04-116-Z;1
A04-131-Z;1
A04-138-Z;1
A04-149-K;1
A04-155-X / A04-067-Z;1
A04-157-Y;1
A04-159-H;1
A04-174-Z;1
A04-180-Z;1
A04-193-Z/A04-243-X;1
A04-200-Z;1
A04-203-Z;2
A04-218-Z;1
A04-223-Z;1
A04-232-Z;1
A04-235-Z;1
A04-237-Z;1
A04-238-Y;1
A04-240-Z en A04-518-X;1
A04-241/338-Z;1
A04-246-K;1
A04-264-Y;1
A04-265-H;1
A04-268-Z;1
A04-276-Z;1
A04-277-Z;1
A04-291-Z;1
A04-292-Z;1
A04-293-Z;1
A04-295-Z/A04-366-X;1
A04-306-H;1
A04-307-Z;1
A04-313-Z;1
A04-314-K;1
A04-315-Z;1
A04-328-Z;1
A04-348-R;1
A04-351-Z;1
A04-358-Z;1
A04-360-Z;1
A04-361-Z;1
A04-364-Z;1
A04-377-Y;1
A04-380-Z;1
A04-393-Z;1
A04-403-Z;1
A04-423-Z;1
A04-430-Z;1
A04-432-K  Concept.;1
A04-449-K;1
A04-451-Z;1
A04-452-Y;1
A04-458-Z;1
A04-469-H;1
A04-472-Z;1
A04-477-Z;1
A04-482-Z;1
A04-492-Z;1
A04-497-Z;1
A04-511-H;1
A04-512-Z;1
A04-515-Z;1
A04-524-Z;1
A04-528-K;1
A04-533-K;1
A04-540-K/A06-302-I;2
A04-548-Z;1
A04-555-K;1
A04-556-Z;1
A04-557-Z;1
A04-564-Z;1
A04-582-Z/A04-583-Z;1
A04-588-H;1
A04-610-Z;1
A04-611-Z;1
A04-612-O;1
A05-034-I;1
A05-042-Y;1
A05-043-N;1
A05-053-I;1
A05-060-O/N;1
A05-073-I;1
A05-075-R;1
A05-080-R;1
A05-085-I;1
A05-087-R;1
A05-102-I;1
A05-103-I;1
A05-122-I;1
A05-129-I;1
A05-138-I;1
A05-143-I;1
A05-151-I;1
A05-163-I;1
A05-176-R;1
A05-213-I;1
A05-244-N;1
A05-256-H;2
A05-275-Z;1
A05-289-F;1
A05-311-I;1
A05-327-I;1
A05-332-I;1
A05-337-I;1
A05-363-I;1
A05-385-I/A05-508-J;1
A05-394-F;1
A05-405-I;1
A05-411-I;1
A05-419-R;1
A05-421-R;1
A05-423-R;1
A05-440-I;1
A05-458-I;1
A05-459-R;1
A05-484-R;1
A05-491-I;1
A05-497-R EN A05-498-I;2
A05-524-I;1
A05-534-R;1
A05-543-R;1
A05-558-I/A07-454-I;1
A05-572-I;1
A05-582-I;1
A05-583-I;1
A05-586-F;1
A05-610-R;1
A05-611-L;2
A05-613-I;1
A06-003-F;1
A06-008-I;1
A06-091-I;1
A06-098-I;1
A06-110-I;2
A06-137-R;1
A06-159-I/A06-265-I;1
A06-164-R;1
A06-191-I;1
A06-212-O;2
A06-217-I;1
A06-227-F/I;1
A06-229-I;1
A06-232-I;1
A06-247-I;1
A06-258-I;1
A06-271-I;1
A06-272-I;1
A06-276-I;1
A06-278-F;1
A06-279-F;1
A06-282-I;1
A06-289-I;1
A06-291-I;1
A06-298-I;1
A06-304-I;1
A06-312-I;1
A06-345-I;1
A06-349-I;1
A06-360-I;1
A06-365-I;1
A06-393-I;1
A06-396-F;1
A06-405-J;1
A06-413-I;1
A06-414-F;1
A06-421-I;1
A06-459-R;3
A07-024-L/N;1
A07-035-R;1
A07-042-I;1
A07-047-I;1
A07-062-O;1
A07-068-I;1
A07-075-F;1
A07-080-I;1
A07-086-I;1
A07-090-I;1
A07-092-I;1
A07-093-I;1
A07-101-I;2
A07-148-I;1
A07-151-I;1
A07-165-I;1
A07-166-I;1
A07-172-I;1
A07-173-I;1
A07-187-I/A08-261-N;2
A07-191-R;1
A07-195-I;1
A07-202-F.;8
A07-225-I;1
A07-227-I;1
A07-230-I;1
A07-241-I;1
A07-242-I;1
A07-247-F;1
A07-277-R;1
A07-284-I;1
A07-291-I;1
A07-294-I;1
A07-301-I;1
A07-302-I;1
A07-304-I;1
A07-314-I;1
A07-315-I;1
A07-328-I;1
A07-342-R;1
A07-343-I;1
A07-345-R;1
A07-347-I;1
A07-349-I;1
A07-352-I;1
A07-355-I;1
A07-394-I;1
A07-400-I;1
A07-401-I;1
A07-402-I;1
A07-423-I;1
A07-427-N;1
A07-428-N;1
A07-434-I;1
A07-445-I;1
A07-448-F;1
A07-453-I;1
A07-455-I;1
A07-456-I;1
A07-460-I;1
A07-465-I;1
A07-467-R;1
A07-474-I;1
A07-483-I;1
A07-484-I;1
A07-485-I;1
A07-493-I;1
A07-499-I;1
A07-500-I;1
A07-509-I;1
A07-511-I;1
A07-514-K;1
A07-530-I;1
A07-531-I;1
A07.0031;1
A07.0302;1
A07_A008;1
A07_A014;1
A08-006-I;1
A08-016-I;1
A08-038-I;1
A08-039-I;1
A08-040-I;1
A08-044-I;1
A08-049-I;1
A08-061-I;1
A08-073-I;4
A08-079-I;1
A08-083-R;1
A08-123-I;1
A08-131-I;1
A08-142-I;1
A08-145-I;1
A08-184-I;1
A08-185-I;1
A08-186-I;1
A08-187-I;1
A08-193-F;1
A08-197-I en A08-351-R;1
A08-201-I;1
A08-213-F;1
A08-218-F;1
A08-224-I;1
A08-232-I;1
A08-235-I;1
A08-245-F;1
A08-247-I;1
A08-258-I;1
A08-262-F;1
A08-270-I;1
A08-273-I;1
A08-275-R;1
A08-288-I;1
A08-290-I;1
A08-292-I;1
A08-293-F;1
A08-308-I/A09-067-I;2
A08-315-I;1
A08-323-I;1
A08-346-I;1
A08-347-I;1
A08-352-I;1
A08-354-I;1
A08-358-I;1
A08-390-I;1
A08-407-I/1;1
A08-407-I/2;1
A08-409-R;1
A08-411-F;1
A08-430-L;1
A08-439-I;1
A08-458-I;3
A08-462-I;1
A08-471-I;1
A08-472-F;1
A08-473-I;1
A08-476-I;2
A08–234–I;1
A09-001-I;1
A09-002-I;1
A09-004-N;1
A09-005-I;1
A09-006-I;1
A09-008-I;1
A09-010-I;1
A09-011-I;1
A09-015-R;1
A09-016-I;1
A09-017-I;1
A09-020-I;1
A09-023-I;1
A09-024-I;1
A09-027-I;1
A09-029-R;1
A09-031-I;1
A09-034-I;1
A09-038-I;1
A09-039-F;1
A09-041-I;1
A09-042-I;1
A09-043-I;1
A09-044-I;1
A09-045-I;1
A09-047-R;1
A09-048-I;1
A09-049-I;1
A09-053-I;1
A09-054-I;1
A09-056-I;1
A09-057-I;1
A09-058-I;1
A09-062-R;2
A09-063-I;1
A09-066-I;1
A09-068-I;1
A09-069-I;1
A09-070-N;2
A09-071-I;1
A09-072-I;1
A09-078-R;1
A09-080-I;1
A09-082-N;1
A09-086-I;1
A09-087-I;1
A09-089-I;1
A09-090-I;5
A09-091-I;1
A09-093-I;1
A09-094-I?A09-103-L;1
A09-095-I;1
A09-096-I;1
A09-097-I;1
A09-100-I;1
A09-102-I;1
A09-106-I;1
A09-107-I;1
A09-109-I;1
A09-110-F;1
A09-113-I;1
A09-114-I;1
A1-8.0104;1
A10-003-F;1
A10-007-R;1
A10-008-I;3
A10-010-R;1
A10-011-R;1
A10-013-I;1
A10-014-F;1
A10-015-I;1
A10-017-R;1
A10-018-I;1
A10-019-R;1
A10-021-R;1
A10-022-I;1
A10-023-I;1
A10-025-I;1
A10-027-I;1
A10-029-R;1
A10-030-I;1
A10-031-F;5
A10-036-F;1
A10-037-I;1
A10-038-R;1
A10-039-F;1
A10-040-F;1
A10-041-R;1
A10-042-R;1
A10-044-I;1
A10-045-F;1
A10-047-I;1
A10-048-F;1
A10-049-I;1
A10-050-R;1
A10-053-I;1
A10-054-I;1
A10-056-I;2
A10-057-R;1
A10-060-I;1
A10-064-I;1
A10-065-I;1
A10-066-I;1
A10-069-F;1
A10-069-I;1
A10-070-I;1
A10-073-F;1
A10-074-I;1
A10-077-F;1
A10-079-I;1
A10-080-F;1
A10-083-I;1
A10-084-i;2
A10-085-I;1
A10-086-I;1
A10-088-I;13
A10-092-R;1
A10-094-I;1
A10-096-F;1
A10-100-I;1
A10-101-F;1
A10-102-J ;1
A10-112-I;1
A10-114-F;1
A1001;1
A1002;1
A1003;1
A100343;1
A1004;1
A1005;2
A1006;1
A1008;1
A1009;1
A1010;1
A1011;1
A1012;1
A1013;1
A1015;2
A1016;1
A1017;1
A1018;1
A1019;1
A1021;1
A1022;2
A1023;1
A1024;1
A1025;1
A1026;1
A1027;1
A1028;2
A1029;2
A1038;1
A1045;1
A1049;1
A1086;1
A11-001-I;2
A11-003-I;1
A11-004-O;1
A11-006-R;1
A11-009-I;1
A11-014-F;1
A11-016-F;1
A11-017-F;1
A11-020-F;1
A11-021-F;1
A11-022-F;1
A11-023-F;1
A11-029-I;1
A11-032-N;1
A11-041-I;1
A11-042-F;1
A11-043-I;1
A11-048-I;1
A11-049-I;1
A11-050-I;1
A11-051-I;1
A11-052-F;1
A11-054-I;2
A11-055-F;1
A11-056-F;1
A11-058-I;1
A11-059-I;1
A11-062-F;1
A11-064-I;1
A11-067-I;1
A11-070-F;1
A11-072-I;1
A11-073-F;1
A11-074-F;1
A11-075-R;1
A11-077-R;2
A11-078-I;1
A11-079-F;1
A11-080-I;1
A11-082-F;1
A11-092-I;1
A11-094-F;1
A11-095-F;1
A11-098-F;1
A11-100-F;1
A11-101-I;1
A11-102-F;1
A11-105-I/A12-077-R;2
A11-107-I;1
A11-108-I;1
A1104;1
A1118;1
A1124;1
A1135;1
A1145;1
A12-001-F;1
A12-009-I;1
A12-010-R;1
A12-013-F;2
A12-017-F;1
A12-019-I;1
A12-021-I;1
A12-030-I;1
A12-031-L;1
A12-036-I;1
A12-041-I;1
A12-042-I;1
A12-043-F/A12-050-I;1
A12-044-I;1
A12-047-I;1
A12-059-I;1
A12-063-R;2
A12-069-F;1
A12-076-I;1
A12-081-F;1
A12-086-I;1
A12-090-I;1
A12-094-I;1
A12-105-I;1
A12-133-I;1
A12-141-R;1
A12-148-F;1
A12-154-F;1
A12-156-R;1
A12-160-I;1
A12-170-R;1
A12-171-I;1
A12-179-F;1
A12-192-R;1
A13-017-R;1
A13-018-I;1
A13-020-F;1
A13-024-R;1
A13-034-I;1
A13-036-I;1
A13-042-I;1
A13-044-R;1
A13-050-I;1
A13-055-R;1
A13-056-I;1
A13-063-I;1
A13-065-I;1
A13-076-I;1
A13-080-R;1
A13-089-I;1
A13-106-I;1
A13-113-F;1
A13-114-R;4
A13-115-R;4
A13-125-R;1
A13-128-I;1
A13-131-F;1
A13-139-I;1
A13-151-I;1
A13-154-F;1
A13-157-R;1
A13-160-R;1
A13-161-I;1
A13-166-I;1
A13-169-I;1
A1334;1
A1337;1
A1338;1
A1341;1
A14-001-I;2
A14-004-R/A15-034-R;2
A14-007-R;1
A14-008-R;1
A14-011-I;1
A14-023-I;1
A14-030-I;1
A14-048-R;26
A14-051-I;1
A14-064-I;1
A14-079-I;1
A14-085-I;1
A14-093-I;2
A14-096-R;1
A14-101-F;1
A14-106-I;1
A14-108-N;1
A14-111-I;1
A14-112-I;2
A14-127-I;1
A14-128-R;1
A14-129-I;1
A14-131-I;1
A14-133-R;1
A14-137-I;1
A14-138-I;1
A14-140-I;2
A14-143-I / A15-022-S;1
A14-147-I;1
A14-501-F-1;1
A14-501-F-2;1
A14.0012;1
A14.0105;8
A15-001-R;1
A15-005-I;1
A15-009-I;1
A15-010-I;1
A15-018-I;1
A15-019-F;1
A15-020-I/A15-059-I;1
A15-032-F;1
A15-035-F;1
A15-038-I;1
A15-045-I;1
A15-048-I;1
A15-054-F;1
A15-063-I;1
A15-064-R;1
A15-068-I;1
A15-070-F;1
A15-077-I;1
A15-079-F;1
A15-084-I;1
A15-086-F;1
A15-092-I;1
A15-094-I;1
A15-097;1
A15-097-R;7
A15-099-F;1
A15-102-F;1
A15-103-R;1
A15-106-F;1
A15-110-I;1
A15-111-F;1
A15-112-F;1
A15-113-R;2
A15-114-F;1
A15.0028;1
A15.0043;2
A15.0145;1
A16-009-R;1
A16-015-I;1
A16-018-I;1
A16-019-F;1
A16-022-I;1
A16-023-L;1
A16-024-F;1
A16-028-I;1
A16-034-I;1
A16-043-R;1
A16-051-I;1
A16-060-I;1
A16-064-I;1
A16-066-I;1
A16-079-I;1
A16-085-I;1
A16-086-R;1
A16-087-F;1
A16-092-I;1
A16-099-R;1
A16-101-I;1
A16-105-I;1
A16-110-I;1
A16-112-I;1
A16-112-O;4
A16-116-I;2
A16-122-I;1
A16-124-I;1
A16.0264;1
A16.0312;1
A16–048–F;1
A17-001-I;1
A17-002-F;1
A17-007-I;1
A17-009-R;1
A17-010-I;1
A17-013-R;1
A17-014-F;1
A17.0283;1
A18.0039;20
A18.0336;1
A19.0068;1
A19.0074;1
A21.0219;1
A22001;1
A22002;1
A22003;1
A22004;1
A22005;1
A22006;1
A22009;1
A22010;1
A22012;1
A22013;2
A22014;1
A22015;1
A22017;1
A22018;1
A22019;1
A22020;1
A22021;1
A22022;1
A22024;1
A22026;1
A22027;1
A22028;2
A22029;1
A22030;1
A22031;1
A22032;1
A22033;1
A22034;1
A22036;2
A22037;1
A22038;1
A23001;1
A23004;1
A23005;1
A23007;1
A23008;1
A23009;1
A23010;1
A23011;1
A23012;1
A23013;1
A23014;1
A23016;1
A23018;1
A23020;1
A23022;1
A23023;1
A23028;1
A23029;1
A23031;1
A23032;1
A23035;1
A23039;1
A23041;1
A23043;1
A24004;1
A24005;2
A24006;2
A24009;1
A24012;1
A24015;1
A24019;1
A24022;1
A24025;1
A24027;1
A24031;1
A24036;1
A24037;1
A24038;2
A24046;1
A24058;1
A25014;1
A25016;1
A25028;2
A25032;1
A25036;1
A2583;1
A28A1-RAP-44-4190;9
A5004;1
A5011;1
A6003;1
A6005;1
A7003;1
A7005;2
A7006;1
A7007;1
A7008;1
A7009;1
A7010;1
A7012;1
A7013;1
A8001;1
A8003;1
A8004;2
A9001;1
A9002;2
A9003;1
A9004;2
A9005;6
A9006;1
A9007;2
A903;1
A942;1
A951;1
A952;1
A962;1
A980;1
A991;1
A994;1
AAC notities 26;1
AAR 108;1
AAR 109;1
AAR 12, 2007;1
AAR 123;1
AAR 125 / C03081.000117;1
AAR 13;1
AAR 131 / C03001.000066;1
AAR 134;1
AAR 137;1
AAR 153 / C03011.000575;1
AAR 160;1
AAR 161/D03061.000336;1
AAR 17, 2007;1
AAR 172 / C03081.000312;1
AAR 173;1
AAR 174 / C03081.000312;1
AAR 185;1
AAR 219  C05022.214129;1
AAR 23 (Amsterdamse Archeologische Begeleidingen);1
AAR 248;1
AAR 252;1
AAR 254;1
AAR 255;1
AAR 256;1
AAR 258;1
AAR 259;1
AAR 267;1
AAR 268;1
AAR 270;1
AAR 271;1
AAR 273;1
AAR 298;1
AAR 3;1
AAR 315;1
AAR 318;1
AAR 324;1
AAR 325;1
AAR 332;1
AAR 334;1
AAR 339;1
AAR 340;1
AAR 345;1
AAR 346;1
AAR 349;1
AAR 352;1
AAR 356;1
AAR 360;1
AAR 361;1
AAR 363;1
AAR 370;1
AAR 371;1
AAR 375;1
AAR 376;1
AAR 380;1
AAR 381;1
AAR 383;1
AAR 384;1
AAR 387;1
AAR 388;1
AAR 395;1
AAR 398;1
AAR 399;1
AAR 4;1
AAR 404;1
AAR 406;1
AAR 409;1
AAR 411;1
AAR 413;1
AAR 415;1
AAR 416;1
AAR 421;1
AAR 426;1
AAR 428;1
AAR 44;1
AAR 440;1
AAR 441;1
AAR 446;1
AAR 45;1
AAR 457;1
AAR 46;1
AAR 461;1
AAR 5;1
AAR 6;1
AAR 7;1
AAR 8;1
AAR108;1
AAR335;1
AAR401;1
AAR96;1
ABN  -briefrapport 14;1
ABN - rapport 10;1
ABN - rapport 7;1
ABN - rapport 8;2
ABN -briefrapport 13;1
ABN Briefrapport 83;1
ABN Briefrapport 84;1
ABN-briefrapport 15;1
ABN-briefrapport 20;1
ABN-briefrapport 21;1
ABN-rapport 6;1
ABW - rapport 11;1
ABW-rapport 3;1
AC 02;1
ACE 11;1
ACE 13;1
ACE 6;1
ACE 9;1
ADC 1571;1
ADC 1881;2
ADC 1989;1
ADC monografie 3 / ADC rapport 1227;1
ADC monografie 8;1
ADC-monografie 1 (rapport 675);3
ADSR 0811(archeologie dienst stadsbeheer rapportnr;1
ADV 589;1
AM10486;1
AM11204;1
AM11365;1
AM12021;1
AM12024;1
AM12044;1
AM12045;1
AM12061;1
AM12075;1
AM12128;1
AM12133;1
AM12134;1
AM12155;1
AM12158;1
AM12185;1
AM12197;1
AM12202;1
AM12208;2
AM12213;1
AM12215;1
AM12224;1
AM12244;1
AM12292;1
AM12295;1
AM12301;1
AM12306;1
AM12332;1
AM12333;1
AM12338-1;1
AM12338-2;1
AM12338-3;1
AM12362;2
AM12364;1
AM12378;1
AM12411;1
AM12421;2
AM12429;1
AM12430;1
AM13010;1
AM13046;1
AM13054;1
AM13059;1
AM13065;1
AM13078;1
AM13092;2
AM13093;1
AM13094;1
AM13099;1
AM13101;1
AM13107;1
AM13149;1
AM13154;1
AM13158;1
AM13162;1
AM13189;1
AM13191;1
AM13200-12;1
AM13200-4;1
AM13200-5;1
AM13212;4
AM13219;1
AM13220;1
AM13250;1
AM13252;1
AM13262;1
AM13264;1
AM13285;1
AM13296;1
AM13299;1
AM13301;1
AM13302;1
AM13314;1
AM13329;1
AM13334;1
AM13369;1
AM1337;1
AM13379;1
AM13382;1
AM13386;1
AM13389;1
AM13396;1
AM14011;1
AM14014;1
AM14018;1
AM14033;1
AM14041;1
AM14045;1
AM14048;1
AM14067;1
AM14071;1
AM14083;1
AM14088;1
AM14093;1
AM14101;1
AM14102;1
AM14110;1
AM14134;1
AM14136;1
AM14140;1
AM14142;1
AM14151;1
AM14152;1
AM14164;1
AM14172;1
AM14190;1
AM14203;1
AM14206;1
AM14214;1
AM14224;1
AM14234;1
AM14235;1
AM14239;1
AM14244;1
AM14249;1
AM14266;1
AM14276;1
AM14281;1
AM14284;1
AM14289;1
AM14325;1
AM14328;1
AM14330;1
AM14360;2
AM14365;1
AM14367;1
AM14375;1
AM15004;1
AM15018;1
AM15021;1
AM15032;1
AM15036;1
AM15041;1
AM15052;1
AM15053;1
AM15057;1
AM15068;1
AM15071;1
AM15074;1
AM15076;1
AM15085;1
AM15097;1
AM15103;1
AM15113;1
AM15118;1
AM15123;1
AM15124;1
AM15125;1
AM15138;1
AM15142;2
AM15146;1
AM15157;1
AM15169;1
AM15180;1
AM15185;1
AM15188;1
AM15192;1
AM15197;1
AM15204;1
AM15209;1
AM15223;1
AM15242;1
AM15260;1
AM15274;1
AM15278;1
AM15291;1
AM15302;1
AM15308;1
AM15320;1
AM15326;1
AM15349;1
AM15350;1
AM15360;1
AM15380;1
AM15382;1
AM15385;1
AM15390;1
AM15392;1
AM15394;1
AM15401;1
AM15403;1
AM15408;1
AM15409;1
AM15422;1
AM15428;1
AM15429;1
AM15438;2
AM15440;1
AM15448;1
AM15475;1
AM15476;1
AM15477;1
AM15478;1
AM15485;1
AM15489;1
AM15493;1
AM16004;1
AM16022;1
AM16025;1
AM16033;1
AM16034;1
AM16037;1
AM16047;1
AM16049;1
AM16052;1
AM16061;1
AM16070;1
AM16080;1
AM16097;1
AM16100;1
AM16106;1
AM16109;1
AM16110;1
AM16111;1
AM16114;1
AM16118;1
AM16121;1
AM16122;1
AM16123;1
AM16132;1
AM16140;1
AM16142;1
AM16143;1
AM16150;1
AM16157;1
AM16165;1
AM16169;1
AM16172;1
AM16179;1
AM16181;1
AM16189;1
AM16191;1
AM16201;1
AM16209;1
AM16214;1
AM16217;1
AM16223;1
AM16224;1
AM16240;1
AM16247;1
AM16253;1
AM16257;1
AM16258;1
AM16260;1
AM16270;1
AM16272;1
AM16290;1
AM16313;1
AM16314;1
AM16316;1
AM16319;1
AM16323;1
AM16331;1
AM16352;2
AM16353;1
AM16359;1
AM16373;1
AM16375;1
AM16376;1
AM16383;1
AM16395;1
AM16397;1
AM16401;1
AM16407;1
AM16416;1
AM16421;1
AM16427;1
AM16428;1
AM16434;1
AM16445;1
AM16446;1
AM16456;1
AM16463;1
AM16465;2
AM16473;1
AM16485;1
AM16490;1
AM16496;1
AM16498;1
AM17002;1
AM17003;1
AM17025;1
AM17029;1
AM17033;1
AM17036;1
AM17038;1
AM17045;1
AM17054;1
AM17057;1
AM17058;1
AM17064;1
AM17075;1
AM17093;1
AM17095;1
AM17096;1
AM17102;1
AM17112;1
AM17118;1
AM17119;1
AM17122;1
AM17135;1
AM17137;1
AM17149;1
AM17150;1
AM17155;1
AM17170;1
AM17171;1
AM17179;1
AM17179/AM18079;1
AM17181;1
AM17191;1
AM17195;1
AM17196;1
AM17215;1
AM17252;1
AM17257;1
AM17263;1
AM17273;1
AM17279;1
AM17280;1
AM17293;1
AM17294;1
AM17301;1
AM17312;1
AM17314;1
AM17315;1
AM17317;1
AM17321;1
AM17322;1
AM17323;1
AM17324;1
AM17336;1
AM17342;1
AM17347;1
AM17348;1
AM17349;1
AM17350;1
AM17353;1
AM17362;1
AM17363;1
AM17365;1
AM17371;1
AM17379;1
AM17385;1
AM17386;1
AM17391;1
AM17393;1
AM17396;1
AM17399;1
AM17400;1
AM17402;1
AM17407;1
AM17419;1
AM17421;1
AM17424;1
AM17428;1
AM17431;1
AM17432;1
AM17435;1
AM17437;1
AM17440;1
AM17442;1
AM17444;1
AM17445;1
AM17446;1
AM17464;1
AM17465;1
AM17474;1
AM17483;1
AM17487;1
AM17492;1
AM17514;1
AM17516;1
AM17520;1
AM17523;1
AM17537;1
AM17540;1
AM17541;1
AM17547;1
AM17550;1
AM17552;1
AM18003;1
AM18004;1
AM18010;1
AM18011;1
AM18014;1
AM18018;1
AM18027;1
AM18028;1
AM18030;1
AM18040;1
AM18042;1
AM18046;1
AM18055;1
AM18077;1
AM18115;1
AM18116;1
AM18117;1
AM18125;1
AM18127;1
AM18130;1
AM18133;1
AM18148;1
AM18154;1
AM18157;1
AM18158;1
AM18179;1
AM18180;1
AM18191;1
AM18192;1
AM18196;2
AM18200;1
AM18202;1
AM18206;1
AM18208;1
AM18212;1
AM18217;1
AM18240;1
AM18253;1
AM18270;1
AM18273;1
AM18284;1
AM18287;1
AM18292;1
AM18295;1
AM18298;1
AM18299;1
AM18300;2
AM18303;1
AM18305;1
AM18306;1
AM18322;1
AM18329;1
AM18330;1
AM18331;1
AM18335;1
AM18338;1
AM18359;1
AM18365;1
AM18366;1
AM18367;1
AM18369;1
AM18373;1
AM18379;1
AM18381;1
AM18384;1
AM18387;1
AM18389;1
AM18390;1
AM18394;1
AM18404;1
AM18415;1
AM18428;1
AM18432;1
AM18433;1
AM18438;1
AM18444;1
AM18450;2
AM18452;1
AM18456;1
AM18460;1
AM18465;1
AM18472;1
AM18472-2;1
AM18474;1
AM18474-4;1
AM18482;1
AM18494;1
AM18505;1
AM18508;1
AM18511;1
AM18527;1
AM18538-2;1
AM18543;1
AM18547;1
AM18550;1
AM18557;1
AM18560;1
AM18562;1
AM18583;1
AM18597;1
AM18609;1
AM18614;1
AM18619;1
AM18620;1
AM18635;1
AM19026;1
AM19027;1
AM19031;1
AM19034;1
AM19042;1
AM19049;1
AM19059-3;1
AM19060;1
AM19061;1
AM19063;1
AM19067;1
AM19068;1
AM19072;1
AM19083;1
AM19083-2;1
AM19089;1
AM19097;1
AM19097-2;1
AM19101;1
AM19103;1
AM19110;1
AM19118;1
AM19121;1
AM19125;1
AM19138;1
AM19141;1
AM19147;1
AM19148;1
AM19153;1
AM19153-3;1
AM19160;1
AM19164;1
AM19174;1
AM19177;1
AM19180;1
AM19206;1
AM19207;1
AM19210;1
AM19211-2;1
AM19218;1
AM19219;1
AM19222;1
AM19224;1
AM19225;1
AM19243;1
AM19243-3;1
AM19244;1
AM19246;1
AM19249;1
AM19249-2;1
AM19251;1
AM19260;1
AM19263;1
AM19275;1
AM19277;1
AM19277-2;1
AM19277-6;1
AM19277-7;1
AM19278;1
AM19289;1
AM19298;1
AM19300;1
AM19307-2;1
AM19308;1
AM19309;1
AM19310;1
AM19316;1
AM19319;1
AM19320;1
AM19323-2;1
AM19342;1
AM19344;1
AM19355;1
AM19365;1
AM19368-3;1
AM19369;1
AM19370;1
AM19371-3;1
AM19373;1
AM19377;1
AM19378;1
AM19379-2;1
AM19382;1
AM19388;1
AM19393a;1
AM19393b;1
AM19393c;1
AM19398;1
AM19402;1
AM19416;1
AM19435;1
AM19441;1
AM19451;1
AM19457;1
AM19458;1
AM19477;1
AM19503;1
AM19506;1
AM19516;1
AM19523;1
AM19528;1
AM19531;1
AM19537;1
AM19543;1
AM19545;1
AM19555;1
AM19555-2;1
AM19562;1
AM19568;1
AM19569;1
AM19570;1
AM20008;1
AM20013;1
AM20016;1
AM20019;1
AM20040;1
AM20044;1
AM20047;1
AM20054;1
AM20059;3
AM20060-2;1
AM20069;1
AM20076;1
AM20076-3;1
AM20080;1
AM20094;1
AM20095;1
AM20105;1
AM20106;1
AM20118;1
AM20120;1
AM20128;1
AM20128-3;1
AM20130;1
AM20132;1
AM20132-2;1
AM20141;1
AM20143;1
AM20145;1
AM20149;1
AM20149-6;1
AM20150;1
AM20152;1
AM20152-2;1
AM20154;1
AM20162;1
AM20174;1
AM20175;1
AM20180;1
AM20183;1
AM20185;1
AM20185-2;1
AM20197;1
AM20204;1
AM20210;1
AM20221;1
AM20246;1
AM20247;1
AM20249;1
AM20269;1
AM20271;1
AM20271-O;1
AM20271-W;1
AM20282;1
AM20290;1
AM20309;1
AM20331-2;1
AM20333;1
AM20344;1
AM20344-2;1
AM20353;1
AM20357;1
AM20367;1
AM20370;1
AM20379;1
AM20380;1
AM20391;1
AM20394;1
AM20401;1
AM20404;1
AM20405-2;1
AM20409;1
AM20410;1
AM20412;1
AM20413-3;1
AM20417;1
AM20420-2;1
AM20422;1
AM20422-2;1
AM20426;1
AM20437;1
AM20439;1
AM20449;1
AM20452;1
AM20461;1
AM20469;1
AM20471;1
AM20471-2;1
AM20494;1
AM20504;1
AM20511;1
AM20513;1
AM20517;1
AM20519;1
AM20533;1
AM20534;2
AM20536;1
AM20538;1
AM20541;1
AM20541-2;1
AM20542-2;1
AM20544;1
AM20554;1
AM20564;1
AM20565;1
AM20568;1
AM20570;1
AM20579;1
AM20579-2;1
AM20580-2;1
AM20582;1
AM20583;1
AM20584;1
AM20586;1
AM20587;1
AM20589;1
AM20592;1
AM20593;1
AM20596;1
AM20599;1
AM20603;1
AM20607;1
AM20607-3;1
AM20612;1
AM20617-4;1
AM20626;1
AM20632;1
AM20641;1
AM20648;1
AM20654;1
AM20657;1
AM20662;1
AM20663;1
AM20669;1
AM20681;1
AM20683;1
AM20684;1
AM20685;1
AM20689;1
AM21002;1
AM21007;1
AM21014;1
AM21020;1
AM21022;1
AM21031;1
AM21031-2;1
AM21034;1
AM21039;1
AM21051;1
AM21052;1
AM21074;1
AM21090;1
AM21096;1
AM21102;1
AM21106;1
AM21110;1
AM21116;1
AM21117;1
AM21122;1
AM21138;1
AM21141;1
AM21146;1
AM21153;1
AM21157;1
AM21159;1
AM21160;1
AM21162;1
AM21188;1
AM21189;1
AM21195;1
AM21214;1
AM21216;1
AM21219;1
AM21221;1
AM21231;1
AM21234;1
AM21234-3;1
AM21242;1
AM21243;1
AM21244;1
AM21249;1
AM21257;1
AM21277;1
AM21277-2;1
AM21279;1
AM21290;1
AM21291-2;1
AM21296;1
AM21315;1
AM21325;1
AM21326;1
AM21327;1
AM21330;1
AM21331;1
AM21338;1
AM21347;1
AM21352;1
AM21353;1
AM21359;1
AM21359-2;1
AM21363;1
AM21372;1
AM21373;1
AM21375;1
AM21375-2;1
AM21379;2
AM21384;1
AM21389;1
AM21392;1
AM21412;1
AM21412-2;1
AM21415;1
AM21421;1
AM21423;1
AM21424;1
AM21426;1
AM21433;1
AM21438;1
AM21459;1
AM21467;1
AM21468;1
AM21468-2;1
AM21469;1
AM21469-2;1
AM21472;1
AM21474;1
AM21483;1
AM21494;1
AM21496;1
AM21496-2;1
AM21500;1
AM21501;1
AM21507A;1
AM21507B;1
AM21512;1
AM21514;1
AM21520;1
AM21521;1
AM21523;1
AM21525;1
AM21539;1
AM21542;1
AM21549;1
AM21557;1
AM21558;1
AM21559;1
AM21560;1
AM21560-2;1
AM21562;1
AM21566;2
AM21580;1
AM21583;1
AM21585;1
AM21586;1
AM21587;1
AM21600;1
AM21605;1
AM21605-2;1
AM21609;1
AM21614;1
AM21616;1
AM21617;1
AM21623;1
AM21628;1
AM21633;1
AM21653;1
AM22003;1
AM22004;1
AM22024;1
AM22033;1
AM22033-2;1
AM22036;1
AM22043;1
AM22044;1
AM22044-3;1
AM22049;1
AM22053;1
AM22054;1
AM22056;1
AM22057;1
AM22060;1
AM22061;1
AM22069;1
AM22070;1
AM22073-2;1
AM22074-2;1
AM22075;1
AM22076;1
AM22080;1
AM22081;1
AM22090-4;1
AM22091;1
AM22092;1
AM22098;1
AM22100;1
AM22105;1
AM22122;1
AM22122-2;1
AM22128;1
AM22128-3;1
AM22132;1
AM22133;2
AM22136;1
AM22155;1
AM22158;1
AM22160;1
AM22162;1
AM22166;1
AM22170;1
AM22179;1
AM22182;1
AM22199;1
AM22201;1
AM22208;1
AM22209;1
AM22211;1
AM22212;1
AM22213;1
AM22216;1
AM22221;1
AM22223;1
AM22225;1
AM22231;1
AM22231-2;1
AM22235;1
AM22238;1
AM22251;1
AM22251-2;1
AM22252;1
AM22254;1
AM22262;1
AM22266;1
AM22268;1
AM22276;1
AM22285;1
AM22290;1
AM22303;1
AM22307;1
AM22308;1
AM22315;1
AM22318;1
AM22321;1
AM22327;1
AM22333;1
AM22340;1
AM22344;1
AM22350;1
AM22356;1
AM22357;1
AM22372;1
AM22373;1
AM22384 - AM22385;1
AM22387;1
AM22388;1
AM22388-4;1
AM22410;1
AM22411;1
AM22411-2;1
AM22421;1
AM22429;1
AM22430;1
AM22434;1
AM22447;1
AM22454;1
AM22457;1
AM22473;1
AM22482;1
AM22489;1
AM22493;1
AM22494;1
AM22497;1
AM22498;1
AM22498-2;1
AM22514;1
AM22517;1
AM22522;1
AM22529;1
AM22551;2
AM22564;1
AM22569;1
AM22575;1
AM22576;1
AM22579;1
AM22580;1
AM22581;1
AM22584;1
AM22587-2;1
AM22588;1
AM23018;1
AM23023;1
AM23031;1
AM23032;1
AM23034;1
AM23035;1
AM23035-2;1
AM23047;1
AM23050;1
AM23051;1
AM23063;1
AM23070;1
AM23073;1
AM23080;1
AM23085;1
AM23089;1
AM23089-2;1
AM23092;1
AM23095;1
AM23102;1
AM23113;1
AM23114;1
AM23119;1
AM23122;1
AM23140;1
AM23151;1
AM23167-2;1
AM23172;1
AM23178;1
AM23188;1
AM23192;1
AM23194;1
AM23199;1
AM23209;1
AM23210;1
AM23211;1
AM23212;1
AM23215;1
AM23237;1
AM23239;1
AM23242;1
AM23255;1
AM23257;1
AM23257-2;1
AM23273;1
AM23275;1
AM23279;1
AM23293;1
AM23296;1
AM23298;1
AM23299;1
AM23307;1
AM23327-2;1
AM23346;1
AM23352;1
AM23376;1
AM23395;1
AM23403;1
AM23407;1
AM23407-2;1
AM23413;1
AM23417;1
AM23417-2;1
AM23430;1
AM23475;1
AM23480;1
AM23498;1
AM23507;1
AM23514;1
AM23516;1
AM23544;1
AM23562;1
AM2363;1
AM24003-2;1
AM24037;1
AM24038;1
AM24040;1
AM24046;1
AM24070;1
AM24082;1
AM24092;1
AM24100-2;1
AM24118;1
AM24131;1
AM24155;1
AM24187;1
AM24197;1
AM24235;1
AM24255;1
AM24262;1
AM24267;1
AM24278;1
AM24292;1
AM24378;1
AM24396;1
AM24438;1
AM24449;1
AM24450;1
AM24508;1
AM24518-2;1
AM24586;1
AM24595;1
AM24606;1
AM24620;1
AM24629;1
AM25003;1
AMA/KWN/203091;2
AR236577;1
AR236578;1
AR246601;1
AR246612;1
AR246630;1
AR246638;1
ARA 100;2
ARA 68;2
ARA96;1
ARC-rapporten 2007-60;3
ARG 93;1
ARG112;1
ARG117;1
ARG133;1
ARG25;1
ARG392;1
ARG414;1
ARG57;1
ARG80;1
ARG87;1
ARG89;1
ARG95;1
AW/ALG/HAMA/0213306;2
AW/ALG/HAMA/202970;2
AW/ALG/HAMA/203113;1
AW/ALG/HAMA/213163;2
AW/ALG/HAMA/213271;2
AW/ALG/HAMA/213284;1
AW/ALG/HAMA/213356;2
AW/ALG/HAMA/213401;2
AW/ALG/HAMA/213463;2
AW/ALG/HAMA/213584;1
AW/ALG/HAMA/223717;2
AW/ALG/HAMA/223723;2
AW/ALG/HAMA/223795;2
AW/ALG/HAMA/223837;1
AW/ALG/HAMA/223847;1
AW/ALG/HAMA/223905;1
AW/ALG/HAMA/224012;2
AW/ALG/HAMA/224016;1
AW/ALG/HAMA/224112;2
AW/ALG/HAMA/234290;1
AW/ALG/HAMA/234330;1
AW/ALG/HAMA/234467;1
AW/ALG/HAMA/234535;2
AW/ALG/HAMA/234576;1
AW/ALG/HAMA/234650;2
AW/ALG/HAMA/244787;2
AW/ALG/HAMA/244914;2
AW/ALG/HAMA/245085;1
AW/ALG/HAMA/245104;1
AW/ALG/HAMA/245121;2
AW/ALG/HAMA/245133;2
AW/ALG/HAMA/245175;1
AW/ALG/HAMA/245200;1
AW/ALG/HAMA/255279;1
AW/DIR/HAMA/0213251;2
AW/DIR/HAMA/202989;2
AW/DIR/HAMA/213185;2
AW/DIR/HAMA/223583;2
AWN afd. 23;1
AWN-afdeling 14, Vallei- en Eemland Rapport 2015-1;1
AWN16;1
Aar 24;1
Adede archeologisch rapport 71;1
Adviesdocument;1
Adviesdocument EH-012018;2
Adviesdocument EH-022017;1
Adviesdocument EH-022018;1
Adviesdocument EH-032017;1
Antea Group Archeologie 2019/158;1
Antea Group Archeologie 2019/197;2
Antea Group Archeologie 2020/93;1
Antea Group Archeologie 2023/30;1
Arcadis Archeologie Rapport 215 / C03081.000377;1
Arcadis Archeologische Rapporten 182 - D02131.000149;1
Arcadis Archeologische Rapporten 191 - D02131.000149;1
ArchAeO-rapport 0902;1
ArchAeO-rapport 0904;1
Archeodienst rapport 4;1
Archeodienst rapport 5;1
Archeologische Verslagen Zwolle 5;1
Archeologische Verslagen Zwolle 9;1
Archeologische rapporten 6;1
Archeologische rapporten 9;1
Archol Rapport 144;1
Archol rapport 49;1
Archol rapport 78;1
Archol rapport 90;1
B&G rapport 806;1
B&G rapport 812;1
B&G rapport 826;1
B&G rapport 849;1
B&G rapport 856;1
B&G rapport 873;1
B&G rapport 882;1
B&G rapport 884;1
B&G rapport 894;1
B-16.0343;1
B01032.700091;1
B01034.302001;4
B01034/BD8/001/233901;1
B01034/BD8/006/774901;1
B01034/BD8/013/302000/001;1
B01035.213604;8
B01035/BD8/008/708962;1
B01035/BD8/010/700604;1
B01053.000016.001B;1
B01055/BD8/016/000076/001;1
B01056.000142.0200;1
B01065.000070;1
B02032.000636.0100;1
B02042.000130;1
B02042.100022.000;1
B02042/BD8/008/100008/002;2
B02042/BD8/027/100047/001;1
B02043.000154.0200;1
B02044;1
B02044.000022.001B;1
B09-30;1
B09-31;1
B09-34;1
B1;9
B10-72;1
B10-76;2
B10-90;1
B11-92;1
B12-138A;1
B1289;1
B13-159;1
B13-165;2
B13-172;1
B13-182;1
B14-186;1
B14-188;3
B14-192;1
B14-194;1
B14-200;1
B14-202;2
B14-208;2
B1495;2
B15-226;1
B15-229;2
B15-230;2
B15-240;1
B15-241;3
B15-250;2
B15-257;2
B15-259;1
B15-260a;2
B15-260b;1
B1548;1
B1593;1
B16-242;2
B16-273;1
B16-275;1
B16-279;1
B16-280a;1
B16-280d;1
B16-280e;1
B16-280f;1
B16-283;3
B16-287;2
B16-290;1
B16-291;1
B16-292;2
B16-300;1
B16-304;2
B16-309;3
B16-311;1
B16-314;1
B16-318;1
B1653;1
B1663;1
B1668;1
B1683;1
B1692;1
B1696;1
B17-327;1
B17-330;1
B17-332;1
B17-338;1
B17-339;1
B17-342;1
B17-343;1
B17-345;1
B17-354;1
B17-355;1
B1700;1
B1701;1
B1710;1
B1716;1
B1723;1
B18-358;2
B18-362;1
B18-363;1
B18-372;1
B18-373;1
B18-375;1
B18-379;1
B18-382;1
B1821;1
B19-383;1
B19-389;1
B19-391;1
B19-392;1
B19-395;1
B19-397;1
B19-400;1
B19-404;2
B19-405;1
B2;3
B23-531;1
B24-602a;1
B24-602b;1
B8;1
BA 72;1
BA 73;1
BAAC rapport A-07.00035, A.R. Breda 50;1
BAAC rapport A-08.0334;1
BAAC rapport A-08.0361;1
BAAC rapport A-10.0241;1
BAAC rapport A-10.0342;1
BAAC rapport V-10.0021;1
BAAC rapport V-10.0238;1
BAAC rapport V-10.0393;1
BAAC rapport V-11.0004;1
BAAC-project A-17.0151, A-18.0073, A-18.0301, A-19.0127, A-19.0357, A-20.0037;11
BAAC-project A-20.0219 en A-21.0148;2
BAAC-rapport A-17.0127/A-18.0025;1
BAAC-rapport V-18.0230;1
BAAC/ RAAP rapport V-17.0102/ UTTA;1
BL191;1
BO 09-013;1
BO 11-024;1
BO 15-101;1
BO 15-132;1
BO 15-163;1
BO 16-001;1
BO 16-002;1
BO 16-020;1
BO 16-039;1
BO 16-067;1
BO 16-112;1
BO 16-139;1
BO 16-165;1
BO 17-010;1
BO 18-006;1
BO 18-030;1
BO 18-052;1
BO 18-074;1
BO 18-078;1
BO 18-079;1
BO 18-084;1
BO 18-089;1
BO 18-115;1
BO 19-006;1
BO 19-055;1
BO 19-099;1
BO 19-117;1
BO 20-024;1
BO 20-082;1
BO 21-008;1
BO 21-060;1
BO 21-120;1
BO 21-161;1
BO 22-070;1
BO 23-145;2
BO 24-135;1
BO 25-048;1
BO PvE 2023-03;1
BO PvE 2024-015;1
BO PvE 22-008;1
BO PvE 22-010;1
BO PvE 23‐007;1
BO PvE 24-008;1
BO PvE22-023;1
BO-PvE 23-011;1
BO/PvE 2024-11;1
BO/PvE 2025-01;1
BO/PvE 2025-06;1
BO1022,200024;1
BO1033.175390;1
BO1033.226931;1
BO1034.168902;1
BO1034.233900;1
BO1034.699901;1
BO1034.708903;1
BO1035.160601;1
BO1035.700613;1
BO1035.774962.022;1
BO1053.000016;1
BO1053.000047;3
BO1055.000131.001;1
BO1055.00021;1
BO1055.700010,003;2
BO1062.100077.002;1
BO2022.300002;1
BO2023.000029;3
BO2023.CE9.066.000024;9
BO2032.100081;5
BO2042.000008;2
BO23-137;2
BOLI191;1
BOOR-notitie;1
BOPvE 2023-05;1
BOPvE 2023-06;1
BOPvE 2023-10;1
BOPvE 2024-05;1
BOPvE 2024-14;1
BOPvE24-02;1
BO_IVO-o 25-001;2
BO_PvE 22-024;1
BOpve 23-002;1
BR804;1
Bachelor scriptie;1
Basisrapportage Archeologie 41;1
Basisrapportage Archeologie 69;1
Bo-Pro-2021-01;2
BoPro-2017-02;1
BoPro-2017-04;1
BoPro-2017-05;1
BoPro-2017-06;1
BoPro-2018-03;1
BoPro-2018-05;1
BoPro-2019-02;1
BoPro-2019-03;1
BoPro-2019-04;1
BoPro-2020-01;1
BoPro-2020-03;2
BoPro-2021-01;1
BoPro-2021-02;1
BoPro-2021-04;1
BoPro-2023-01;1
BoPro-2024-02;2
BoPro-2024-03;1
Boor 440;1
Boor 441;1
Boor 443;1
Boor 444;1
Boor 445;1
Boorrapport 431;1
Boorstaten;1
Br1;1
BrA70;2
Brief;2
Briefrapport;5
Briefrapport 08 januari 2015;1
Briefrapport 10 juli 2013;1
Briefrapport 17 december 2014;1
Briefrapport 17 oktober 2012;1
Briefrapport 18;1
Briefrapport 21-04-2014;1
Briefrapport 23-11-2012;1
C01021.200844;1
C01022.100117;1
C01022.100117.0300;1
C01022.100117.0400;1
C01022.100121;2
C01022.100178;1
C01022.100216;1
C01022/BD8/036/100061/001;1
C01023.000050/LB;1
C01024.000197.0900;4
C01025/WA8/055/00005/001/ob;1
C01025/WA9/124/000066/wm;1
C01034/WA8/075/000008.002;1
C01041.000281 / AAR 83;1
C03011,000007;2
C03061.000143;1
C03071.000121 / AAR 87;1
C03081.000011 / AAR 101 - 2016;1
C03081.000054 / AAR 163;1
C03081.000163/000164;1
C03081.000279 / AAR 164;1
C03091.000456 AAR 192;1
C03091.000596 AAR 220;1
C05022.214038;1
C05022.214102 AAr 188;1
C05042.000379 / AAR 149;1
C05057.000084;2
C05057.000200 AAR 179;1
C05057.000200./ AAR 180;1
C05057.000201.0200 AAR 175;1
C05057.000201.0300 AAR 176;1
CA/ALG/HAMA/0213219;1
CA/ALG/HAMA/202656;2
CA/ALG/HAMA/202815;2
CA/ALG/HAMA/202906;2
CA/ALG/HAMA/202919;6
CA/ALG/HAMA/202940;2
CA/ALG/HAMA/203106;2
CA/ALG/HAMA/213445;2
CA/ALG/HAMA/231303;2
CA/DIR/EKU/202708;2
CA/DIR/HAMA/191522;1
CA/DIR/HAMA/192223;2
CA/DIR/HAMA/192281;2
CA/DIR/HAMA/192341;2
CA/DIR/HAMA/192364;2
CA/DIR/HAMA/192456;2
CA/DIR/HAMA/192472;2
CA/DIR/HAMA/192516;2
CA/DIR/HAMA/192523;2
CA/DIR/HAMA/192526;1
CA/DIR/HAMA/192577;2
CA/DIR/HAMA/20192491;3
CA/DIR/HAMA/202617;2
CA/DIR/HAMA/202726;4
CA/DIR/HAMA/202741;2
CA/DIR/HAMA/202792;2
CA/DIR/HAMA/202917;2
CA/DIR/HAMA/203047;2
CA/DIR/HAMA/203104;2
CA/DIR/HAMA/213268;2
CA/DIR/HAMA/213278;4
CA/DIR/HAMA/213305;2
CA/DIR/HAMA/213357;2
CA/DIR/HAMA/213367;1
CA/DIR/HAMA/213403;2
CA/DIR/HAMA/213403  CB/PBR/HAMA/234358;2
CA/DIR/HAMA/213605;1
CA/DIR/HAMA/271203;2
CAR-rapport 0701;1
CB/BVSC/HAMA/213466;1
CB/BWD/HAMA/234626;1
CB/BWE/HAMA/223902;1
CB/FTD/HAMA/224170;1
CB/GSG/HAMA/223914;2
CB/HAMA/ABT/224022;2
CB/HAMA/BLA/223659;1
CB/HAMA/CGV/224085;1
CB/HAMA/NDH/223911;2
CB/HAMA/PWU/224323;2
CB/HAMA/WLA/223916;2
CB/HME/HAMA/224200;2
CB/HSM/HAMA/223928;2
CB/HWS/HAMA/223894;1
CB/HWS/HAMA/234208;2
CB/HWW/HAMA/223983;2
CB/KEC/HAMA/213461;1
CB/KWW/HAMA/213505;2
CB/LEH/HAMA/224116;1
CB/NSG/HAMA/224034;2
CB/PHB/HAMA/223576;1
CB/RBZ/HAMA/234406;2
CB/RKE/HAMA/224096;1
CB/RVA/HAMA/223904;1
CB/RWD/HAMA/224063;1
CB/SHK/HAMA/224096;2
CB/VEL/HAMA/234221;3
CC/DIR/HAMA/202955;2
CC/DIR/HAMA/202976;2
CHHB/NKS/HAMA/223882;2
CML/ALG/HAMA/234362;1
CML/ALG/HAMA/2445118;2
CML/ALG/HAMA/244775;1
CML/ALG/HAMA/244788;2
CML/ALG/HAMA/244888;1
CML/ALG/HAMA/244938;2
CML/ALG/HAMA/244960;2
CML/ALG/HAMA/245170;1
CML/ALG/HAMA/255298;1
CML/ALG/HAMA/255309;1
CML/ALM/HAMA/255246;1
CO1022.100024.006;1
CO1022.100034;1
CO1022.100065;1
CO1022.100096.001;1
CO3021.300014;1
CWA/RG/HAMA/245147;1
D;1
D1;18
DAB30;1
DAP 1 en 10;1
DAP 2;1
DAP 3;1
DAP 4;1
DAP 5;1
DAP 7;1
DAP 8;1
DAR 74;1
DAR 87;1
DAR 89;1
DDT 124;1
DDT 130;1
DIR/CB/HAMA/KLG/223635;1
DIR/HAMA/202742;2
DIR/HAMA/AB/223783;1
DIR/HAMA/MWB/213234;2
DIR/RB/HAMA/BWG/223858;1
DIR/RB/HAMA/WHW/223932;2
DIR/RB/HAMA/WHW/223933;2
DO 162;1
DO 26;1
DO 30;1
DW/DIR/HAMA/223661;2
DWS-EK/HAMA/ZWSSL/224144;1
DWS/ALG/HAMA/191275;2
DWS/ALG/HAMA/202134;2
DWS/ALG/HAMA/202980;2
DWS/ALG/HAMA/203004;2
DWS/ALG/HAMA/203005;2
DWS/ALG/HAMA/203021;2
DWS/ALG/HAMA/203048;2
DWS/ALG/HAMA/203119;2
DWS/ALG/HAMA/213125;4
DWS/ALG/HAMA/213166;2
DWS/ALG/HAMA/213237;2
DWS/ALG/HAMA/213270;2
DWS/ALG/HAMA/213376;2
DWS/ALG/HAMA/213491;2
DWS/ALG/HAMA/213532;2
DWS/ALG/HAMA/223680;2
DWS/ALG/HAMA/223699;6
DWS/ALG/HAMA/223710;2
DWS/ALG/HAMA/223747;2
DWS/ALG/HAMA/223836;2
DWS/ALG/HAMA/223915;2
DWS/ALG/HAMA/223981;2
DWS/ALG/HAMA/223988;2
DWS/ALG/HAMA/224167;2
DWS/ALG/HAMA/224871;1
DWS/ALG/HAMA/232704;2
DWS/ALG/HAMA/234231;1
DWS/ALG/HAMA/234291;3
DWS/ALG/HAMA/234298;1
DWS/ALG/HAMA/234320;2
DWS/ALG/HAMA/234382;2
DWS/ALG/HAMA/234398;2
DWS/ALG/HAMA/234454;1
DWS/ALG/HAMA/234520;1
DWS/ALG/HAMA/234580;1
DWS/ALG/HAMA/234614;1
DWS/ALG/HAMA/234649;3
DWS/ALG/HAMA/234652;1
DWS/ALG/HAMA/245132;3
DWS/ALM/HAMA/255301;2
DWS/BDA/HAMA/245004;2
DWS/DIR/213266;2
DWS/DIR/213444;2
DWS/DIR/BHW/213336;2
DWS/DIR/EKU/213208;2
DWS/DIR/EKU/234229;1
DWS/DIR/HAMA/ 213348;2
DWS/DIR/HAMA/ 234227;2
DWS/DIR/HAMA/140745/224014;2
DWS/DIR/HAMA/182087;1
DWS/DIR/HAMA/192209;2
DWS/DIR/HAMA/192266;2
DWS/DIR/HAMA/192357;2
DWS/DIR/HAMA/192404;2
DWS/DIR/HAMA/192451;2
DWS/DIR/HAMA/192457;2
DWS/DIR/HAMA/192478;2
DWS/DIR/HAMA/192529;2
DWS/DIR/HAMA/192594;2
DWS/DIR/HAMA/202977;2
DWS/DIR/HAMA/203071;2
DWS/DIR/HAMA/203092;1
DWS/DIR/HAMA/213168;1
DWS/DIR/HAMA/213188;2
DWS/DIR/HAMA/213277;2
DWS/DIR/HAMA/213292;2
DWS/DIR/HAMA/213371;2
DWS/DIR/HAMA/223626;1
DWS/DIR/HAMA/223672;2
DWS/DIR/HAMA/223940;1
DWS/DIR/HAMA/224055;2
DWS/DIR/HAMA/224108;2
DWS/DIR/HAMA/224199;2
DWS/FTD/HAMA/245062;1
DWS/HAMA/203030;2
DWS/HAMA/213165;1
DWS/HAMA/213217;3
DWS/HAMA/213410;2
DWS/HAMA/DIR/DPLN/223916/224066;3
DWS/HAMA/FKW/213471;2
DWS/HAMA/IPZ/213447;2
DWS/HAMA/IPZ/223788;2
DWS/HAMA/IPZ/224082;2
DWS/HAMA/IPZ/224154;1
DWS/HAMA/TDD/244876;1
DWS/HAMA/ZWSSL/234218;2
DWS/HAMA/ZWSSL/244802;2
DWS/HME/HAMA/244972;1
DWS/LEH/HAMA/224160;1
DWS/MZO/HAMA/234314;1
DWS/PDB/HAMA/223959;2
DWS/PWA/HAMA/244804;1
DWS/VZWU/213346;2
DWS/ZMPD/213421;2
DWS/ZMPD/213665;2
Delfse archeologische rapporten nr.95;1
Delftse archeologische notitie 1;1
Delftse archeologische notitie 2;1
Delftse archeologische notitie 3;2
Delftse archeologische notitie 4;1
Delftse archeologische notitie 5;1
Dordrecht Ondergronds 106;1
Dordrecht Ondergronds 115;1
Dordrecht Ondergronds 116;1
Dordrecht Ondergronds 125;1
Dordrecht Ondergronds 137;1
Dordrecht Ondergronds 151;1
Dordrecht Ondergronds 156;1
Dordrecht Ondergronds 160;1
Dordrecht Ondergronds 40;1
Dordrecht Ondergronds briefrapport 25;1
Dordrecht ondergronds 118;1
Dordrecht ondergronds 3;1
Dordrecht ondergronds briefrapport 17;1
E01032.000121;1
E07031.002056.0100;1
E07031.002162.0100;8
EAN/ALG/HAMA/192519;2
EBM/ALG/213448;2
EBM/ALG/HAMA/ 213439;2
EBM/ALG/HAMA/0213142;3
EBM/ALG/HAMA/0213427;2
EBM/ALG/HAMA/0213446;2
EBM/ALG/HAMA/181992;2
EBM/ALG/HAMA/192489;2
EBM/ALG/HAMA/192526/202715;1
EBM/ALG/HAMA/192526/202731;2
EBM/ALG/HAMA/202620;2
EBM/ALG/HAMA/202628;2
EBM/ALG/HAMA/202642;1
EBM/ALG/HAMA/202693;2
EBM/ALG/HAMA/202709;2
EBM/ALG/HAMA/202808;2
EBM/ALG/HAMA/202820;2
EBM/ALG/HAMA/202833;2
EBM/ALG/HAMA/202838;2
EBM/ALG/HAMA/202907;2
EBM/ALG/HAMA/202924;2
EBM/ALG/HAMA/202930;2
EBM/ALG/HAMA/202931;2
EBM/ALG/HAMA/202943;2
EBM/ALG/HAMA/202958;2
EBM/ALG/HAMA/202990;2
EBM/ALG/HAMA/203020;2
EBM/ALG/HAMA/203042;2
EBM/ALG/HAMA/203070;2
EBM/ALG/HAMA/203286;1
EBM/ALG/HAMA/213131;1
EBM/ALG/HAMA/213154;3
EBM/ALG/HAMA/213237;3
EBM/ALG/HAMA/213246;2
EBM/ALG/HAMA/213267;1
EBM/ALG/HAMA/213312;2
EBM/ALG/HAMA/213341;1
EBM/ALG/HAMA/213354;2
EBM/ALG/HAMA/213430;1
EBM/ALG/HAMA/213450;2
EBM/ALG/HAMA/213504;2
EBM/ALG/HAMA/213522;2
EBM/ALG/HAMA/213539;1
EBM/ALG/HAMA/213546;1
EBM/ALG/HAMA/223642;1
EBM/ALG/HAMA/223716;1
EBM/ALG/HAMA/223733;2
EBM/ALG/HAMA/223734;3
EBM/ALG/HAMA/223735;2
EBM/ALG/HAMA/223779;2
EBM/ALG/HAMA/223781;2
EBM/ALG/HAMA/223784;2
EBM/ALG/HAMA/223794;6
EBM/ALG/HAMA/223848;2
EBM/ALG/HAMA/223864;2
EBM/ALG/HAMA/223877;2
EBM/ALG/HAMA/223879;2
EBM/ALG/HAMA/223950;1
EBM/ALG/HAMA/223954;2
EBM/ALG/HAMA/223990;1
EBM/ALG/HAMA/224046;2
EBM/ALG/HAMA/224059;1
EBM/ALG/HAMA/224071;1
EBM/ALG/HAMA/224081;1
EBM/ALG/HAMA/224098;2
EBM/ALG/HAMA/224111;2
EBM/ALG/HAMA/224141;1
EBM/ALG/HAMA/224162;2
EBM/ALG/HAMA/224194;2
EBM/ALG/HAMA/224197;2
EBM/ALG/HAMA/224201;1
EBM/ALG/HAMA/224204;2
EBM/ALG/HAMA/224816;2
EBM/ALG/HAMA/234232;1
EBM/ALG/HAMA/234235;1
EBM/ALG/HAMA/234284;2
EBM/ALG/HAMA/234320;2
EBM/ALG/HAMA/234333;2
EBM/ALG/HAMA/234401;2
EBM/ALG/HAMA/234473;2
EBM/ALG/HAMA/234482;1
EBM/ALG/HAMA/234540;1
EBM/ALhttps://archis.cultureelerfgoed.nl/G/HAMA/223631;2
EBM/HAMA/202608;2
EER-KB-03;1
EH-042007;1
EH-072010;1
EH-082009 ;1
EKU/ALG/HAMA/202614;2
EKU/ALG/HAMA/223678;2
EKU/ALG/HAMA/234228;2
EKU/AWB/HAMA/223706;2
EKU/DIR/HAMA/130729;1
EKU/DIR/HAMA/140657;1
EKU/DIR/HAMA/140683;1
EKU/DIR/HAMA/140693;1
EKU/DIR/HAMA/140695;1
EKU/DIR/HAMA/140717;2
EKU/DIR/HAMA/140720;1
EKU/DIR/HAMA/140723;1
EKU/DIR/HAMA/140724;1
EKU/DIR/HAMA/140725;3
EKU/DIR/HAMA/140726;1
EKU/DIR/HAMA/140730;1
EKU/DIR/HAMA/140733;1
EKU/DIR/HAMA/140737;1
EKU/DIR/HAMA/140738;1
EKU/DIR/HAMA/140739;1
EKU/DIR/HAMA/140741;1
EKU/DIR/HAMA/140744;1
EKU/DIR/HAMA/140745;1
EKU/DIR/HAMA/140745/192577;2
EKU/DIR/HAMA/140748;1
EKU/DIR/HAMA/140751;1
EKU/DIR/HAMA/140753;2
EKU/DIR/HAMA/140756;1
EKU/DIR/HAMA/140762;1
EKU/DIR/HAMA/140764;1
EKU/DIR/HAMA/140767;1
EKU/DIR/HAMA/140771;1
EKU/DIR/HAMA/140775;1
EKU/DIR/HAMA/140779;1
EKU/DIR/HAMA/140785;1
EKU/DIR/HAMA/140792;1
EKU/DIR/HAMA/140792 Eindredactie/;1
EKU/DIR/HAMA/140800;1
EKU/DIR/HAMA/140802;1
EKU/DIR/HAMA/140809;1
EKU/DIR/HAMA/14081;1
EKU/DIR/HAMA/140820;1
EKU/DIR/HAMA/140821;1
EKU/DIR/HAMA/140824;1
EKU/DIR/HAMA/140838;1
EKU/DIR/HAMA/140840;1
EKU/DIR/HAMA/140842;1
EKU/DIR/HAMA/140843;1
EKU/DIR/HAMA/140848;1
EKU/DIR/HAMA/140849;3
EKU/DIR/HAMA/140853;1
EKU/DIR/HAMA/150859;1
EKU/DIR/HAMA/150870;1
EKU/DIR/HAMA/150876;2
EKU/DIR/HAMA/150877;1
EKU/DIR/HAMA/150878;1
EKU/DIR/HAMA/150881;1
EKU/DIR/HAMA/150888/151010;1
EKU/DIR/HAMA/150891;1
EKU/DIR/HAMA/150898;1
EKU/DIR/HAMA/150899;1
EKU/DIR/HAMA/150900;1
EKU/DIR/HAMA/150910;1
EKU/DIR/HAMA/150923;1
EKU/DIR/HAMA/150925;1
EKU/DIR/HAMA/150926;1
EKU/DIR/HAMA/150928;1
EKU/DIR/HAMA/150938;3
EKU/DIR/HAMA/150944;1
EKU/DIR/HAMA/150950;2
EKU/DIR/HAMA/150957;1
EKU/DIR/HAMA/150959;1
EKU/DIR/HAMA/150963;1
EKU/DIR/HAMA/150977;1
EKU/DIR/HAMA/150978;1
EKU/DIR/HAMA/150988;2
EKU/DIR/HAMA/150990 1.2;1
EKU/DIR/HAMA/150992;1
EKU/DIR/HAMA/150995;2
EKU/DIR/HAMA/150996;1
EKU/DIR/HAMA/150999;2
EKU/DIR/HAMA/151001;2
EKU/DIR/HAMA/151002;2
EKU/DIR/HAMA/151016;1
EKU/DIR/HAMA/151019;2
EKU/DIR/HAMA/151026;2
EKU/DIR/HAMA/151031;4
EKU/DIR/HAMA/161394;2
EKU/DIR/HAMA/171625;2
EKU/DIR/HAMA/192345;2
EKU/DIR/HAMA/192371;2
EKU/DIR/HAMA/192403;1
EKU/DIR/HAMA/192558;2
EKU/DIR/HAMA/192581;2
EKU/DIR/HAMA/192587;2
EKU/DIR/HAMA/20130584;1
EKU/DIR/HAMA/20140755;1
EKU/DIR/HAMA/20140823;1
EKU/DIR/HAMA/20140832;1
EKU/DIR/HAMA/20140837;1
EKU/DIR/HAMA/20140852;1
EKU/DIR/HAMA/20150858;1
EKU/DIR/HAMA/202626;1
EKU/DIR/HAMA/202725;2
EKU/DIR/HAMA/202777;2
EKU/DIR/HAMA/207961;2
EKU/DIR/HAMA/213186;2
EKU/DIR/HAMA/213258;2
EKU/DIR/HAMA/223812;2
EKU/DIR/HAMA/KLM/140750;1
EKU/HAMA/192538;2
EKU/HAMA/213502;2
EKU/HAMA/DIR/DPLN/202695;3
EKU/HAMA/RHW/213485;2
EKU/HAMA/ZWSSL/213164;1
EKUDIR/HAMA/ 213393;5
EKUDIR/HAMA/192640;2
EKUDIR/HAMA/213474;2
EMB/ALG/HAMA/203028;2
EO2041.000020;1
Erfgoedrapport Breda 143;1
Erfgoedrapport Breda 144;1
Erfgoedrapport Breda 145;1
Erfgoedrapport Breda 146;1
Erfgoedrapport Breda 148;1
Erfgoedrapport Breda 37;1
Erfgoedrapport Breda 43;1
Erfgoedrapport Breda 49;1
Evaluatie- en selectierapport;1
Evualatierapport;1
F-10.0051;1
F-10.0053;1
FLOW;1
GAR;1
GAR 484;1
GEO-LOGICAL-reeks 42;1
GM-0009893;1
GPR 6205.6;1
GRA 2019.40;1
GRA-2019.24;1
GRA-rapport 2016.06;1
GRA-rapport 2016.11;1
GRA-rapport 2024.04;1
Geen;312
HA-01;1
HA-2023/01;1
HA-2023/02;1
HA-2024/03;1
HAMA/ANSW/213607;2
HAMA/ASU/202888;2
HAMA/BBDV/203002;3
HAMA/BDG/202840;2
HAMA/BLD/213120;1
HAMA/BSU/202965;2
HAMA/BSU/202965 en 224084;2
HAMA/BWK/202801;2
HAMA/CB/213309;1
HAMA/CB/213332;2
HAMA/CB/223679;2
HAMA/CB/GWD/223952;2
HAMA/CB/HWU/213594;2
HAMA/CB/KSD/223727;2
HAMA/CB/KWM/223752;2
HAMA/CB/LSD/223725;2
HAMA/CB/SWH/223866;2
HAMA/CB/TWW/213316;2
HAMA/CB/ZWH/213431;2
HAMA/CBWA/213293;2
HAMA/DAB/224005;1
HAMA/DDHR/203119;2
HAMA/DIR/192597;2
HAMA/DIR/202622;1
HAMA/DIR/202691;2
HAMA/DIR/213554;2
HAMA/DIR/223804;1
HAMA/DIR/244969;1
HAMA/DIR/BEWG/202942;2
HAMA/DIR/BHW/202817;2
HAMA/DIR/EKU/202644;1
HAMA/DIR/EKU/202659;1
HAMA/DIR/EKU/202708;3
HAMA/DIR/EKU/202727;2
HAMA/DIR/EKU/202858;3
HAMA/DIR/EKU/202902;1
HAMA/DIR/HAMA/202584;2
HAMA/DIR/HAMA/202751;2
HAMA/DIR/KMWZ/213364;2
HAMA/DIR/RSU/202615;2
HAMA/DIR/VPS/203055;1
HAMA/DIR/WWB/202845;2
HAMA/DKB/202821;2
HAMA/DVC/202957;2
HAMA/DWS/203066;2
HAMA/DWS/223808;2
HAMA/DWS/224045;2
HAMA/DWS/234220;2
HAMA/DWS/234433;1
HAMA/DWS/ZWH/224017;2
HAMA/EKU/202661;1
HAMA/EKU/202803;2
HAMA/EKU/202991;2
HAMA/EKU/213468;2
HAMA/EKU/245181;1
HAMA/EKU/EWA/213441;2
HAMA/EKU/RVDH/192536;2
HAMA/EW/202939/203059;6
HAMA/EWA/213242;3
HAMA/FKW/213252;3
HAMA/FPSU/202732;2
HAMA/GHRT/203055;2
HAMA/HBK/213224;2
HAMA/HVB/203100;4
HAMA/IPZ/202968;2
HAMA/JPB/213291;2
HAMA/JWO/213472;2
HAMA/KDE/213535;2
HAMA/KDU1/203018;2
HAMA/KKN/213329;2
HAMA/KWW/203117;2
HAMA/LGBO/213279;1
HAMA/MSW/202995;2
HAMA/OG/202779;2
HAMA/PSG/213515;2
HAMA/RB/AWZ/213462;1
HAMA/RB/TSR/223939;2
HAMA/RBWR/213192;2
HAMA/RDD/213507;1
HAMA/RHH/213123;2
HAMA/RWA/203072;2
HAMA/RWH/202938;2
HAMA/SHT/213535;2
HAMA/USK/202951;2
HAMA/VZWU/202975;2
HAMA/WDW/213153;1
HAMA/WMDE/213200;2
HAMA/WMV/213524;2
HAMA/WWA/202682;6
HAMA/ZPM/202856;2
HAMA/ZWE/202862;3
HAR 1620;1
HOLLANDIA reeks 310;1
HOP 17;2
HOP 20;5
HOP23;1
HUP 10;1
HWP/EEA/HAMA/255308;1
Hattem 3;1
Hazenberg AMZ-publicaties 2006-01;2
Hazenberg AMZ-publicaties 2006-03;1
Hazenberg AMZ-publicaties 2006-04;1
Hazenberg AMZ-publicaties 2006-06;1
Hazenberg AMZ-publicaties 2006-09;1
Hazenberg AMZ-publicaties 2006-11;1
Hazenberg AMZ-publicaties 2007-03;1
Hazenberg AMZ-publicaties 2007-09;3
Hazenberg AMZ-publicaties 2007-10;1
Hazenberg AMZ-publicaties 2007-14;1
Hazenberg AMZ-publicaties 2007-15;1
Hazenberg AMZpublicaties 2008-22;1
Hoornse archeologische rapporten 10;1
I48;1
I62;1
IRAD 97;1
IRAD, project 311;1
ISBN 978-1-7391876-4-4;1
Inten dagrapport;1
Intern (tussen)rapport;1
Intern rapport_WAT11b;1
Interne Rapportage Archeologie Deventer nr.32;1
Interne rad, project 338;1
JAK/HAD/HAMA/234509;2
JAK/HAMA/HUW/234373;1
JAK/HAMA/IPZ/234657;1
JAK/HKE/HAMA/234416;2
JS/DIR/HAMA/234304;2
Jaarverslag 1986-1987;1
Jaarverslag 2011;1
KAR-10;1
KYN;1
Kooijdijk 9, Westbroek gemeente De Bilt: bureauonderzoek en verkennend booronder;1
LB-7581;1
MH/DIR/HAMA/202625;1
MH/DIR/HAMA/202645;1
MOW03b;2
Masterscriptie;2
Merovingian Archaeology in the Low Countries 7;1
Monografie 26;1
N ;1
N 1006;1
N 1012;1
N 1022;1
N 1023;1
N 1026;2
N 1027;1
N 1028;1
N 1033;1
N 1035;1
N 1037;1
N 1040;1
N 1049;1
N 1055;1
N 1056;1
N 1063;1
N 1066;1
N 1079;1
N 1080;1
N 1086;1
N 1089;1
N 1094;1
N 1124;1
N 1128;1
N 1130;1
N 1142;1
N 1145;1
N 1146;1
N 1153;1
N 1154;3
N 1156;1
N 1157;1
N 1159;1
N 1165;3
N 1171;1
N 1180;1
N 1183;1
N 1195;1
N 1201;1
N 1209;1
N 1211;1
N 1212;1
N 1223;1
N 1231;1
N 1232;1
N 1237;1
N 1239;1
N 1241;1
N 1246;6
N 1249;1
N 1251;1
N 1256;1
N 1263;1
N 1272;1
N 1273;1
N 1280;1
N 1281;1
N 1282;1
N 1283;1
N 1284;1
N 1287;1
N 1290;1
N 1291;1
N 1293;1
N 1296;1
N 1298;1
N 1307;1
N 1308;1
N 1310;1
N 1313;1
N 1316;1
N 1321;1
N 1324;1
N 1327;1
N 1328;2
N 1331;1
N 1336;1
N 1342;1
N 1345;1
N 1346;1
N 1353;1
N 1356;1
N 1358;1
N 1362;1
N 1375;1
N 1378;1
N 1379;1
N 1391;1
N 1392;1
N 1393;1
N 1394;1
N 1395;1
N 1396;1
N 1397;1
N 1398;1
N 1406;1
N 1409;1
N 1411;1
N 1412;1
N 1413;1
N 1414;1
N 1415;1
N 1416;1
N 1417;1
N 1419;1
N 1420;1
N 1421;1
N 1423;1
N 1424;1
N 1425;1
N 1426;1
N 1427;1
N 1429;1
N 1430;1
N 1431;1
N 1432;1
N 1433;1
N 1434;1
N 1435;1
N 1436;1
N 1437;1
N 1438;1
N 1439;1
N 1440;1
N 1441;1
N 1442;1
N 1443;1
N 1444;1
N 1445;1
N 1446;1
N 1448;1
N 1449;1
N 1450;1
N 1451;1
N 1452;1
N 1454;1
N 1455;1
N 1456;1
N 1457;1
N 1459;1
N 1460;1
N 1461;1
N 1462;1
N 1464;1
N 1465;1
N 1466;1
N 1468;1
N 1469;1
N 1470;1
N 1471;1
N 1472;1
N 1474;1
N 1475;1
N 1476;1
N 1477;1
N 1478;1
N 1479;1
N 1480;1
N 1481;2
N 1482;1
N 1483;2
N 1485;1
N 1486;1
N 1487;1
N 1488;1
N 1489;1
N 1490;1
N 1491;1
N 1495;1
N 1496;1
N 1497;1
N 1498;1
N 1499;1
N 1500;1
N 1501;1
N 1502;1
N 1503;1
N 1504;1
N 1505;1
N 1506;1
N 1507;1
N 1508;1
N 1509;1
N 1510;1
N 1512;1
N 1513;1
N 1514;1
N 1515;1
N 1516;1
N 1517;1
N 1518;1
N 1519;2
N 1520;1
N 1521;1
N 1522;1
N 1523;1
N 1524;1
N 1526;1
N 1527;1
N 1528;1
N 1529;1
N 1530;1
N 1531;1
N 1532;1
N 1533;1
N 1535;1
N 1536;1
N 1537;1
N 1538;1
N 1539;1
N 1540;1
N 1541;1
N 1542;1
N 1543;1
N 1544;1
N 1545;1
N 1546;1
N 1547;1
N 1548;1
N 1549;1
N 1551;1
N 1553;1
N 1554;1
N 1555;1
N 1556;1
N 1557;1
N 1558;1
N 1559;1
N 1561;1
N 1563;1
N 1564;1
N 1565;1
N 1566;1
N 1567;1
N 1568;1
N 1569;1
N 1570;1
N 1571;1
N 1572;1
N 1573;1
N 1575;1
N 1577;1
N 1578;1
N 1579;1
N 1580;1
N 1581;1
N 1582;3
N 1583;1
N 1585;1
N 1586;1
N 1587;1
N 1588;1
N 1589;1
N 1590;1
N 1591;1
N 1595;1
N 1596;1
N 1597;1
N 1599;1
N 1600;1
N 1601;1
N 1604;1
N 1605;1
N 1606;1
N 1607;1
N 1608;1
N 1609;1
N 1610;1
N 1612;1
N 1613;1
N 1614;1
N 1615;1
N 1616;2
N 1617;1
N 1618;1
N 1619;1
N 1620;1
N 1622;1
N 1623;1
N 1626;1
N 1627;1
N 1628;1
N 1629;1
N 1630;1
N 1631;1
N 1632;1
N 1633;1
N 1634;1
N 1635;1
N 1636;1
N 1638;1
N 1639;1
N 1640;1
N 1641;1
N 1642 (herziene eindversie);1
N 1643;1
N 1644;1
N 1645;1
N 1646;1
N 1647;1
N 1648;1
N 1649;1
N 1650;1
N 1651;1
N 1652;1
N 1653;1
N 1654;1
N 1656;1
N 1657;1
N 1658;1
N 1659;1
N 1660;1
N 1662;1
N 1663;1
N 1666;1
N 1668;1
N 1669;1
N 1670;1
N 1671;1
N 1673;1
N 1674 (herzienen eindversie);1
N 1675;3
N 1676;1
N 1677;1
N 1678;1
N 1679;1
N 1680;1
N 1681 (herziene eindversie);1
N 1683;1
N 1684;1
N 1685;1
N 1686;1
N 1687;1
N 1688;1
N 1689;1
N 1690;1
N 1691;1
N 1693;1
N 1694;1
N 1695;1
N 1696;1
N 1697;1
N 1698;1
N 1699;2
N 1700;1
N 1702;1
N 1703;1
N 1704;1
N 1705;1
N 1706;1
N 1707;1
N 1708;1
N 1709;1
N 1710;2
N 1711;1
N 1712;1
N 1713 (herziene eindversie);1
N 1714;1
N 1715;1
N 1716;1
N 1718;1
N 1720;1
N 1721;1
N 1722 (herziene eindversie);1
N 1723;1
N 1724;1
N 1725;1
N 1726;1
N 1727;1
N 1728;1
N 1730;1
N 1731;1
N 1733;1
N 1734;1
N 1737;2
N 1738;1
N 1740;1
N 1741;1
N 1742;1
N 1743;1
N 1744;1
N 1745;1
N 1746;1
N 1747;1
N 1748;1
N 1751;1
N 1752;1
N 1753;1
N 1754;1
N 1755;1
N 1756;1
N 1757;1
N 1758;1
N 1759;1
N 1761;1
N 1762;2
N 1764;1
N 1768;1
N 1769;1
N 1770;1
N 1771;1
N 1773;1
N 1775;1
N 1777;1
N 1778;1
N 1779;1
N 1780;1
N 1781;1
N 1783;1
N 1784;2
N 1785;1
N 1786 (herziene eindversie);1
N 1787;1
N 1788;1
N 1789;1
N 1790;1
N 1792;1
N 1793;1
N 1794;1
N 1796;1
N 1797;1
N 1798;1
N 1799;1
N 1800;1
N 1801;1
N 1802;1
N 1804;1
N 1869;1
N 1875;1
N 1879;1
N 1880;1
N 1881;1
N 1882;1
N 1883;1
N 1884;4
N 1885;1
N 1917;1
N 1942 (herziene eindversie);1
N 1973;1
N 1974;1
N 1975;1
N 1981;1
N 1982;1
N 1996;1
N 1997;1
N 1998;1
N 2013;4
N 2014;1
N 2015;1
N 2017;1
N 2043;1
N 2055 (herziene versie);1
N 2057 (herziene eindversie);1
N 2058 (+ herziene versie);1
N 2062;1
N 2074 (herziene eindversie);1
N 2118 (herziene eindversie);1
N 2183 (herziene versie);1
N 2206 (herziene eindversie);1
N 2222 (herziene eindversie);1
N 2224;1
N 2231;1
N 2273 (herziene eindversie);2
N 2301 (herziene versie);1
N 2316;1
N 2325 (Herziene eindversie);1
N 2326 (herziene eindversie);1
N 2365;1
N 2366 (herziene eindversie);1
N 2367;1
N 2368;1
N 2369;1
N 2370;1
N 2372;1
N 2373;1
N 2374;1
N 2375;1
N 2377;1
N 2378;1
N 2379;1
N 2380;2
N 2381;1
N 2383;1
N 2388;1
N 2389;1
N 2390;1
N 2391;1
N 2392;1
N 2393;1
N 2394;1
N 2395;1
N 2397;1
N 2398;1
N 2403 (herziene eindversie);3
N 2409;1
N 2413;1
N 2442;1
N 2453;1
N 2504;3
N 2514;1
N 2515;1
N 2516;1
N 2517;2
N 2518;1
N 2519;1
N 2533;1
N 2534;2
N 2535;1
N 2536;1
N 2537;1
N 2538;1
N 2540;1
N 2541;1
N 2542;1
N 2543;1
N 2545;1
N 2546;1
N 2547;1
N 2548;1
N 2549 (herziene eindversie);1
N 2554;1
N 2555 (herziene eindversie);2
N 2559;1
N 2560;1
N 2561;1
N 2563;1
N 2565;1
N 2566;1
N 2567;1
N 2569;1
N 2570;1
N 2571;1
N 2572;1
N 2573;1
N 2574;1
N 2576;1
N 2577;1
N 2578;1
N 2580;1
N 2581;1
N 2582;1
N 2583;2
N 2584;1
N 2585 (herziene versie);1
N 2586;3
N 2587;1
N 2588;1
N 2589;1
N 2590;1
N 2591;1
N 2593;2
N 2594;1
N 2595;1
N 2597;1
N 2599;1
N 2600;1
N 2601;1
N 2602;1
N 2603;1
N 2604;1
N 2605 (herziene eindversie);1
N 2606;1
N 2607;1
N 2608;1
N 2609;1
N 2610;1
N 2611;1
N 2613;1
N 2614;2
N 2617;1
N 2618;1
N 2619;1
N 2620;1
N 2621;1
N 2622;1
N 2623;1
N 2624;1
N 2625;1
N 2627;1
N 2628;1
N 2629;1
N 2630;1
N 2631;4
N 2632;1
N 2633;1
N 2634;1
N 2636;1
N 2637;1
N 2638;1
N 2639;1
N 2640;1
N 2641;1
N 2643;1
N 2644;3
N 2647;1
N 2648;1
N 2649;1
N 2651;1
N 2652;1
N 2653;1
N 2655;1
N 2657;1
N 2658;1
N 2660 (herziene eindversie);1
N 2661;1
N 2662;1
N 2663;1
N 2664;1
N 2666;1
N 2667;1
N 2668;1
N 2669;1
N 2671;1
N 2672;1
N 2673;1
N 2674;1
N 2675;1
N 2676;1
N 2678;1
N 2679;1
N 2680;1
N 2681;1
N 2682;1
N 2684;1
N 2685;1
N 2686;1
N 2697;1
N 2698;1
N 2709;1
N 2739;1
N 2749 (herziene eindversie);1
N 2757 (herziene eindversie);1
N 2759 (herziene eindversie);1
N 2771;1
N 2805;1
N 2808;1
N 2811 (herziene eindversie);1
N 2816 (herziene eindversie);1
N 2830;1
N 2831;1
N 2832;1
N 2835;1
N 2836;1
N 2838;1
N 2839;2
N 2840;1
N 2841;1
N 2842;3
N 2843;1
N 2844;1
N 2845;1
N 2846;1
N 2848;1
N 2850;2
N 2851;1
N 2852;1
N 2853 (herziene versie);1
N 2854;1
N 2855;1
N 2856;1
N 2857 (herziene versie);1
N 2859;1
N 2861;1
N 2862;1
N 2863;1
N 2864;1
N 2865;1
N 2866;1
N 2867;1
N 2868;1
N 2869;1
N 2870;1
N 2871;2
N 2872;1
N 2873;1
N 2874;1
N 2875;1
N 2876;1
N 2878;1
N 2879;1
N 2880;1
N 2881;1
N 2883 (herziene eidversie);1
N 2884;1
N 2885;1
N 2886;1
N 2887;1
N 2888;1
N 2889;1
N 2890;1
N 2891;1
N 2892;1
N 2893;1
N 2894;1
N 2895;1
N 2896;1
N 2897;1
N 2898;1
N 2899;1
N 290-8;1
N 2900;1
N 2901;1
N 2902;1
N 2903;1
N 2904;1
N 2905;1
N 2906;1
N 2909;1
N 2910;1
N 2911;1
N 2912;1
N 2913;1
N 2914;1
N 2915;1
N 2916;1
N 2917;1
N 2918;1
N 2919;1
N 2920;1
N 2921;1
N 2922;1
N 2923;1
N 2924;1
N 2925;1
N 2927;1
N 2928;1
N 2929;1
N 2930;1
N 2931;1
N 2932;1
N 2935;1
N 2936;1
N 2937;1
N 2938;1
N 2940;1
N 2941;1
N 2942;1
N 2943;1
N 2944;1
N 2945;1
N 2946;1
N 2948;1
N 2949;2
N 2950;1
N 2951;1
N 2952;1
N 2953;1
N 2955;1
N 2956;1
N 2957;1
N 2958;1
N 2959;1
N 2960;1
N 2961;1
N 2962;1
N 2963;1
N 2964;1
N 2965;1
N 2966;1
N 2967;2
N 2968;1
N 2969;1
N 2970 (herziene eindversie);1
N 2971;1
N 2972;1
N 2974;1
N 2975;2
N 2976;1
N 2978;1
N 2979;1
N 2980;1
N 2981;1
N 2982;1
N 2983;1
N 2984;1
N 2985;1
N 2986;1
N 2988;1
N 2989;2
N 2990;1
N 2991;1
N 2992;1
N 2993;1
N 2994;1
N 2995;1
N 2996;1
N 2997;1
N 2998;2
N 2999;1
N 3001 (herziene eindversie);1
N 3002;1
N 3003;1
N 3005;1
N 3007;1
N 3008;1
N 3009;3
N 3010;4
N 3011;1
N 3012;1
N 3013;1
N 3014;1
N 3015;1
N 3016;1
N 3017;1
N 3018;1
N 3019;1
N 3020;1
N 3021;1
N 3022;1
N 3023;1
N 3024;1
N 3025;1
N 3026;1
N 3027;1
N 3029;1
N 3030;1
N 3031;1
N 3032;3
N 3033;1
N 3034;1
N 3037;1
N 3038;1
N 3039;1
N 3041;1
N 3042;1
N 3043;1
N 3044;1
N 3045;1
N 3046;7
N 3047;1
N 3048;1
N 3051;1
N 3052;2
N 3054;1
N 3055;1
N 3056;1
N 3057 (herziene eindversie);1
N 3058;1
N 3059;1
N 3061;1
N 3062;1
N 3063;1
N 3064;1
N 3065;1
N 3066;1
N 3067;1
N 3068;1
N 3069;1
N 3070;1
N 3071;1
N 3072;1
N 3073;1
N 3075;1
N 3076;1
N 3077;1
N 3078;1
N 3079;1
N 3080;1
N 3084;2
N 3085;2
N 3088;1
N 3092 (Herziene eindversie);1
N 3101 (herziene eindversie);1
N 3120 (Herziene eindversie);1
N 3133 (Herziene eindversie);1
N 3146 (Herziene eindversie);1
N 3164 (Herziene eindversie);1
N 3184;3
N 3186;2
N 3187;1
N 3188;1
N 3189;1
N 3190;1
N 3191;1
N 3192;1
N 3193;1
N 3194 (Herziene eindversie);1
N 3195;1
N 3196;1
N 3197;1
N 3198 (Herziene eindversie);1
N 3200;1
N 3201;1
N 3202;1
N 3203;1
N 3205;1
N 3206;1
N 3207;1
N 3208;1
N 3209 (Herziene eindversie);1
N 3211;1
N 3214;1
N 3217;1
N 3218;1
N 3219;1
N 3220;1
N 3221;1
N 3222;1
N 3223;1
N 3224;1
N 3225;1
N 3837;1
N 422;1
N 513;1
N 526;1
N 558;1
N 598;1
N 647;1
N 702;1
N 738;1
N 759;1
N 760;1
N 763;1
N 765;1
N 767;1
N 773;1
N 775;1
N 790;1
N 794;1
N 797;1
N 799;1
N 800;1
N 849;1
N 854;1
N 858;1
N 861;1
N 865;1
N 866;1
N 868;1
N 869;1
N 870;1
N 871;1
N 872;1
N 873;1
N 876;1
N 878;1
N 879;1
N 899;1
N 901;1
N 912;1
N 913;1
N 914;1
N 923;1
N 925;1
N 930;1
N 938;1
N 945;1
N 949;1
N 952;1
N 959;1
N 964;1
N 965;1
N 966;1
N 967;1
N 973;1
N 975;1
N 978;1
N 986;1
N 987;1
N 988;1
N 989;1
N 990;1
N 992;2
N 996;1
N-2000;1
N-2002;1
N-2003;1
N-2004;1
N-2005;1
N-2006;1
N-2007;1
N-2008;1
N-2009;1
N-2010;1
N-2011;1
N-2012;1
N-2030;1
N-2042;1
N-2044;1
N-2045;1
N-2046;1
N-2047;1
N-2048;1
N-2050;1
N-2051;2
N-2052;2
N-2053;1
N-2054;1
N-2059;1
N-2060;1
N-2075;1
N-2076;1
N-2077;1
N-2078;1
N-2079;1
N-2083;1
N-2086;1
N-2130;1
N-2131;1
N-2132;1
N-2154;1
N-2155;1
N-2157;1
N-2158;1
N-2160;1
N-2162;1
N-2164;1
N-2165;1
N-2167;1
N-2168;1
N-2171;1
N-2172;1
N-2173;1
N-2174;1
N-2175;1
N-2176;1
N-2177;1
N-2178;1
N-2180;1
N-2181;1
N-2182;1
N-2184;1
N-2185;1
N-2186;1
N-2187;1
N-2188;2
N-2189;1
N-2190;1
N-2192;1
N-2193;1
N-2194;1
N-2195;1
N-2196;1
N-2197;1
N-2199;1
N-2200;1
N-2201;1
N-2202;1
N-2203;1
N-2204;1
N-2205;1
N-2207;1
N-2208;1
N-2209;1
N-2210;1
N-2211;1
N-2212;1
N-2213;1
N-2214;1
N-2216;1
N-2217;1
N-2218;2
N-2219;3
N-2220;1
N-2221;1
N-2223;1
N-2225;1
N-2226;1
N-2227;1
N-2228;1
N-2229;1
N-2230;3
N-2232;1
N-2235;1
N-2236;1
N-2237;1
N-2238;1
N-2239;1
N-2240;1
N-2242;1
N-2243;1
N-2244;1
N-2246;1
N-2247;1
N-2248;1
N-2249;1
N-2250;1
N-2251;1
N-2252;1
N-2253;1
N-2254;1
N-2255;1
N-2256;1
N-2257;1
N-2258;1
N-2259;1
N-2260;1
N-2261;1
N-2262;1
N-2263;1
N-2264;1
N-2265;1
N-2266;1
N-2267;1
N-2268;1
N-2270;1
N-2271;1
N-2274;2
N-2276;1
N-2277;1
N-2278;1
N-2279;1
N-2280;1
N-2281;1
N-2282;1
N-2283;1
N-2285;1
N-2287;1
N-2288;1
N-2290;1
N-2291;1
N-2292;1
N-2293;1
N-2294;1
N-2295;1
N-2296;2
N-2297;1
N-2298;1
N-2299;3
N-2302;1
N-2303;1
N-2304;1
N-2306;1
N-2307;1
N-2308;1
N-2309;1
N-2310;1
N-2311;2
N-2312;1
N-2314;2
N-2315;1
N-2317;1
N-2318;1
N-2319;1
N-2320;1
N-2321;1
N-2322;1
N-2323;1
N-2324;1
N-2327;1
N-2328;1
N-2331;1
N-2332;1
N-2333;1
N-2335;1
N-2336;1
N-2337;1
N-2338;1
N-2339;1
N-2340;1
N-2341;1
N-2342;1
N-2343;2
N-2344;1
N-2345;1
N-2346;1
N-2347;1
N-2348;1
N-2349;1
N-2350;1
N-2351;1
N-2353;1
N-2355;1
N-2357;1
N-2358;1
N-2360;1
N-2361;1
N-2362;1
N-2363;1
N-2364;1
N-2382;1
N-2385;1
N-2386;1
N-2400;1
N-2402;1
N-2404;1
N-2405;1
N-2407;1
N-2408;1
N-2411;1
N-2412;1
N-2414;6
N-2415;1
N-2416;1
N-2417;1
N-2419;1
N-2420;2
N-2421;1
N-2422;1
N-2423;1
N-2424;1
N. 2650;1
N.057122.0000;1
N.124423.2000;1
N.V.T.;1
N.v.t;1
N2126 (herziene versie);1
N2245 (herziene eindversie);1
N2954;1
N2973;1
N2977;1
NA;1
NBT-TP08-RAP-00675_1.0;1
NBT-TP08-RAP-01475.1.0;1
NLI/UIT/SAW;2
NO5300;1
NO5896;1
Niet Ingevuld;37
Notitie 1701;1
Notitie 2241( herziene eindversie);1
Notitie 2289 (herzien eindversie);1
Notitie 2305 (herziene eindversie);1
Notitie 2352 (herziene eindversie);1
Notitie 2387 (herziene eindversie);1
Notitie 2418;1
Notitie 2425;1
Notitie 2426;1
Notitie 2427;1
Notitie 2428;1
Notitie 2429;1
Notitie 2430;1
Notitie 2431;1
Notitie 2432;2
Notitie 2433;1
Notitie 2434;1
Notitie 2435;1
Notitie 2437;1
Notitie 2438;1
Notitie 2439;1
Notitie 2440;1
Notitie 2441;1
Notitie 2447;2
Notitie 2448;1
Notitie 2449;1
Notitie 2450;1
Notitie 2451;1
Notitie 2452;1
Notitie 2453;1
Notitie 2454;1
Notitie 2455;1
Notitie 2456;1
Notitie 2457;1
Notitie 2458;1
Notitie 2459;1
Notitie 2460;1
Notitie 2465 (herziene eindversie);1
Notitie 2471;1
Notitie 2472;1
Notitie 2473;1
Notitie 2474;1
Notitie 2475;1
Notitie 2476;1
Notitie 2477;1
Notitie 2478;1
Notitie 2479;1
Notitie 2482;1
Notitie 2483;1
Notitie 2486;1
Notitie 2487;1
Notitie 2488;1
Notitie 2495;1
Notitie 2496;1
Notitie 2497;1
Notitie 2598 (herziene eindversie);1
Notitie 2626;1
Notitie 2656;1
Notitie 2680 (Cd-rom);1
Notitie 2683;1
Notitie 2687;1
Notitie 2689;1
Notitie 2690;1
Notitie 2691;1
Notitie 2692;1
Notitie 2693;1
Notitie 2694;1
Notitie 2695;1
Notitie 2696;1
Notitie 2700;1
Notitie 2701;1
Notitie 2702;1
Notitie 2703;1
Notitie 2704;1
Notitie 2705;1
Notitie 2707;1
Notitie 2708;2
Notitie 2710;1
Notitie 2711;1
Notitie 2712;1
Notitie 2713;1
Notitie 2714;1
Notitie 2715;1
Notitie 2717;1
Notitie 2718;1
Notitie 2719;1
Notitie 2720;1
Notitie 2721;1
Notitie 2723;1
Notitie 2724;1
Notitie 2725;1
Notitie 2726;1
Notitie 2727;1
Notitie 2730;1
Notitie 2732;1
Notitie 2734;1
Notitie 2736;1
Notitie 2737;1
Notitie 2738;1
Notitie 2740;1
Notitie 2741;1
Notitie 2742;1
Notitie 2743;1
Notitie 2744;1
Notitie 2746;1
Notitie 2747;1
Notitie 2748;1
Notitie 2750;1
Notitie 2751;1
Notitie 2752;1
Notitie 2753;1
Notitie 2754;1
Notitie 2756;1
Notitie 2758;1
Notitie 2760;1
Notitie 2762 (herziene eindversie);1
Notitie 2763;1
Notitie 2764;1
Notitie 2765;1
Notitie 2766;1
Notitie 2768;1
Notitie 2769;1
Notitie 2770;1
Notitie 2772;1
Notitie 2773;1
Notitie 2774;3
Notitie 2776;1
Notitie 2777;1
Notitie 2778;1
Notitie 2779 ( herziene eindversie);1
Notitie 2780;1
Notitie 2782;1
Notitie 2783;1
Notitie 2784;1
Notitie 2785;1
Notitie 2786;1
Notitie 2787;1
Notitie 2788;1
Notitie 2789;1
Notitie 2790;1
Notitie 2791;1
Notitie 2792;1
Notitie 2793;1
Notitie 2794;1
Notitie 2795;1
Notitie 2796;1
Notitie 2797;1
Notitie 2798;1
Notitie 2799;1
Notitie 2800;1
Notitie 2801;1
Notitie 2802;1
Notitie 2803;1
Notitie 2804;1
Notitie 2806;1
Notitie 2807;1
Notitie 2812;1
Notitie 2813;1
Notitie 2814;1
Notitie 2815;1
Notitie 2818;1
Notitie 2819;1
Notitie 2821;1
Notitie 2822;1
Notitie 2823;1
Notitie 2825;3
Notitie 2826;1
Notitie 2827;1
Notitie 2829;1
Notitie: 2394 ( herziene eindversie);1
Nottitie 2817;1
O0503094;1
ONT/RO;1
Oldebroek1;1
Onbekend;4
P 0502033;1
P 0502090;1
P 0502385;1
P 0502850;1
P 1243-0603;1
P. 715 | A.1149;1
P. 759 | A. 1232;1
P. 761 | A. 1244;1
P. 764;1
P. 765 | A. 1262;1
P. 768 | A. 1274;1
P0501414;1
P0501618;2
P0501639;1
P0501674;1
P0501675;1
P0501688;1
P0501689;1
P0501702;1
P0501703;1
P0501717;1
P0501718;1
P0501719;1
P0501722;1
P0501725;1
P0501730;1
P0501741;1
P0501745;1
P0501747;1
P0501750;1
P0501751;1
P0501764;1
P0501766;1
P0501775;1
P0501776;1
P0501787;1
P0501792;1
P0501793;2
P0501794;1
P0501796;1
P0501801;3
P0501802;1
P0501803;1
P0501804;1
P0501821;1
P0501823;1
P0501836;1
P0501837;1
P0501840;1
P0501841;1
P0501843;1
P0501847;1
P0501849;2
P0501856;1
P0501860;1
P0501867;1
P0501875;2
P0501877;1
P0501887;2
P0501888;1
P0501893;1
P0501894;1
P0501899;1
P0501900;1
P0501902;1
P0501915;1
P0501916;1
P0501923;1
P0501925;1
P0501939;1
P0501941;1
P0501957;2
P0501963;1
P0502001;1
P0502009;1
P0502010;1
P0502021;1
P050202129;1
P0502025;1
P0502027;2
P0502028;1
P0502046;1
P0502050;1
P0502054;1
P0502061;1
P0502063;1
P0502067;2
P0502075;1
P0502077;1
P0502078;1
P0502079;1
P0502090;1
P0502093;1
P0502094;1
P0502102;1
P0502103;1
P0502104;1
P0502114;1
P0502119;1
P0502130;1
P0502138;1
P0502139;1
P0502140;1
P0502148;1
P0502149;1
P0502151;1
P0502152;1
P0502155;1
P0502156;1
P0502159;1
P0502169;1
P0502171;1
P0502172;1
P0502180;1
P0502181;1
P0502184;1
P0502185;1
P0502187;1
P0502189;1
P0502195;1
P0502196;1
P0502199;1
P0502202;1
P0502208;1
P0502209;1
P0502214;1
P0502219;3
P0502220;1
P0502223;1
P0502224;1
P0502225;3
P0502229;1
P0502236;1
P05022407;1
P0502242;1
P0502249;1
P0502253;1
P0502254;1
P0502259;1
P0502261;1
P0502262;1
P0502266;2
P0502267;1
P0502269;1
P0502271;1
P0502272;1
P0502275;1
P0502276;1
P050228;1
P0502280;1
P0502284;1
P0502285;1
P0502294;1
P0502295;1
P0502296;1
P0502298;1
P0502299;1
P0502300;1
P0502303;1
P0502304;1
P0502322;1
P0502324;1
P0502325;1
P0502326;1
P0502330;2
P0502333;1
P0502334;1
P0502344;1
P0502345;1
P0502347;1
P0502352;1
P0502353;1
P0502355;1
P0502358;1
P0502365;1
P0502366;3
P0502380;1
P0502381;1
P0502383;1
P0502386;1
P0502388;1
P0502389;1
P0502393;1
P0502395;1
P0502400;1
P0502401;1
P0502402;1
P0502406;1
P0502408;1
P0502419;1
P0502420;1
P0502421;1
P0502425;1
P0502433;1
P0502438;1
P0502440;1
P0502441;1
P0502449;1
P0502450;1
P0502452;1
P0502454;1
P0502455;1
P0502456;1
P0502460;1
P0502461;1
P0502466;1
P0502469;1
P0502478;1
P0502481;1
P0502486;3
P0502488;1
P0502489;1
P0502491;1
P0502494;1
P0502496;1
P0502497;1
P0502502;1
P0502503;1
P0502515;1
P0502520;1
P0502522;1
P0502536;1
P0502537;1
P0502538;1
P0502539;7
P0502541;1
P0502542;1
P0502544;1
P0502545;1
P0502554;1
P0502555;2
P05025561;1
P0502557;1
P0502559;1
P0502563;1
P0502567;1
P0502568;1
P0502570;2
P0502572;1
P0502574;1
P0502585;2
P0502589;2
P0502592;1
P0502606;1
P0502617;1
P0502624;1
P0502625;1
P0502639;1
P0502640;1
P0502642;1
P0502643;1
P0502649;1
P0502660;1
P0502663;1
P0502664;1
P0502674;1
P0502675;4
P0502685;1
P0502689;1
P0502698;1
P0502699;1
P0502701;1
P0502705;1
P0502706;1
P0502707;1
P0502723;1
P0502725;1
P0502734;1
P0502741;1
P0502742;1
P0502746;1
P0502748;1
P0502751;1
P0502752;1
P0502756;1
P0502757;1
P0502758;1
P0502759;1
P0502769;1
P0502771;1
P0502772;2
P0502773;1
P0502774;2
P0502775;2
P0502777;1
P0502778;1
P0502779;1
P0502780;1
P0502781;1
P0502782;1
P0502783;1
P0502789;1
P0502790;1
P0502799;1
P0502800;1
P0502802;1
P0502806;1
P0502809;1
P0502810;1
P0502811;1
P0502812;1
P0502815;2
P0502816;1
P0502819;1
P0502820;1
P0502821;1
P0502830;1
P0502832;1
P0502833;1
P0502835;1
P0502836;1
P0502837;1
P0502838;1
P0502839;1
P0502840;1
P0502843;1
P0502849;1
P0502851;1
P0502853;1
P0502856;1
P0502866;1
P0502871;2
P0502872;1
P0502873;1
P0502874;1
P0502877;1
P0502878;1
P0502882;1
P0502883;1
P0502887;1
P0502888;1
P0502889;1
P0502890;1
P0502893;1
P0502894;1
P0502897;1
P0502903;1
P0502914;1
P0502917;1
P0502918;1
P0502919;1
P0502923;1
P0502925;1
P0502926;1
P0502927;1
P0502948;1
P0502949;1
P0502950;1
P0502951;1
P0502952;1
P0502953;1
P0502954;1
P0502963;1
P0502964;1
P0502966;1
P0502969;1
P0502977;1
P0502978;1
P0502979;1
P0502980;1
P0502981;1
P0502986;1
P0502987;1
P0502988;1
P0502989;1
P0502990;1
P0503002;1
P0503008;1
P0503013;1
P0503016;1
P0503017;1
P0503018;1
P0503020;1
P0503023;1
P0503032;1
P0503033;1
P0503034;1
P0503035;1
P0503040;1
P0503041;1
P0503042;1
P0503043;1
P0503046;2
P0503054/55;2
P0503066;1
P0503067;1
P0503068;1
P0503071;1
P0503072;1
P0503073;1
P0503075;1
P0503084;1
P0503086;1
P0503088;2
P0503089;1
P0503092;1
P0503093;1
P0503095;1
P0503096;1
P0503099;1
P0503102;1
P0503112;1
P0503113;1
P0503115;1
P0503117;1
P0503122;1
P0503123;1
P0503125;2
P0503126;1
P0503127;1
P0503134;1
P0503135;1
P0503142;1
P0503143;1
P0503150;1
P0503161;1
P0503163;1
P0503165;1
P0503166;1
P0503167;1
P0503169;1
P0503171;1
P0503178;1
P0503179;1
P0503181;2
P0503249;1
P2016-031;1
P2016-033;1
P2016-034;1
P2017-037;1
P2017-040;2
P2017-044;1
P2018-047;1
P2018-049;1
P2019-060;1
P2019-064;1
P2021-072;1
PVA 20140701;1
PVE1378;1
Periplus Archeomare Rapport 10_A025;1
Periplus Archeomare Rapport 11-A018;1
Periplus Archeomare rapport nr. 11A003;1
Projectnr. 1538-0810;1
Projectnr. 23106021;1
Projectnummer 1524-0809;1
Projectnummer : 09300408/19624;1
Projectnummer : 14490409/35175;1
PvE 2022-12;1
PvE 2023-12;1
PvE 2023-16;1
PvE 2024-012;1
PvE 2025-02;1
PvE 2025-05;1
QS  21-055;1
QS 15-083;1
QS 15-124;1
QS 15-126;1
QS 15-127;1
QS 15-128;1
QS 15-130;1
QS 15-131;1
QS 15-134;1
QS 15-139;1
QS 15-140;1
QS 15-141;1
QS 15-142;1
QS 15-143;1
QS 15-144;1
QS 15-145;1
QS 15-146;1
QS 15-152;1
QS 15-155;1
QS 15-156;1
QS 15-158;1
QS 15-159;1
QS 15-160;1
QS 16-003;1
QS 16-006;1
QS 16-007;1
QS 16-008;1
QS 16-009;1
QS 16-011;1
QS 16-013;1
QS 16-014;1
QS 16-015;1
QS 16-017;1
QS 16-022;1
QS 16-023;1
QS 16-024;1
QS 16-029;1
QS 16-030;1
QS 16-031;1
QS 16-034;1
QS 16-035;2
QS 16-038;1
QS 16-040;1
QS 16-041;1
QS 16-042;1
QS 16-047;1
QS 16-048;1
QS 16-051;1
QS 16-054;1
QS 16-055;1
QS 16-058;1
QS 16-059;2
QS 16-061;1
QS 16-062;1
QS 16-063;1
QS 16-065;2
QS 16-066;1
QS 16-071;1
QS 16-073;1
QS 16-074;1
QS 16-080;1
QS 16-084;1
QS 16-087;1
QS 16-088;1
QS 16-089;1
QS 16-093;1
QS 16-094;1
QS 16-095;1
QS 16-097;1
QS 16-102;1
QS 16-103;1
QS 16-109;1
QS 16-111;1
QS 16-113;1
QS 16-121;1
QS 16-122;1
QS 16-124;1
QS 16-125;1
QS 16-134;1
QS 16-136;1
QS 16-137;1
QS 16-138;1
QS 16-143;1
QS 16-148;1
QS 16-149;1
QS 16-150;1
QS 16-152;1
QS 16-153;1
QS 16-161;1
QS 16-162;1
QS 16-163;1
QS 16-169;1
QS 16-170;2
QS 16-172;1
QS 16-177;1
QS 16-179;1
QS 16-183;1
QS 16-187 Waterlandplein;1
QS 16-188;1
QS 16-194;1
QS 16-196;1
QS 16-198;1
QS 16-199;1
QS 16-204;1
QS 16-207;1
QS 16-215;1
QS 16-217;1
QS 16-218;1
QS 16-222;1
QS 17-002;1
QS 17-006;1
QS 17-007;1
QS 17-013;1
QS 17-014;1
QS 17-017;1
QS 17-018;1
QS 17-019;1
QS 17-020;1
QS 17-026;1
QS 17-027;1
QS 17-029;1
QS 17-034 t/m 17-040;1
QS 17-046;1
QS 17-047;1
QS 17-048;2
QS 17-050;1
QS 17-054;1
QS 17-057;1
QS 17-063;1
QS 17-071;1
QS 17-072;2
QS 17-074;1
QS 17-076;1
QS 17-079;1
QS 17-081;1
QS 17-082;1
QS 17-086;2
QS 17-087;2
QS 17-088;2
QS 17-089;2
QS 17-091;2
QS 17-092;2
QS 17-093;2
QS 17-095;2
QS 17-096;2
QS 17-097;2
QS 17-102;2
QS 17-105;1
QS 17-110;1
QS 17-111;1
QS 17-112;2
QS 17-113;2
QS 17-115;1
QS 17-116;1
QS 17-117;1
QS 17-119;1
QS 17-121;1
QS 17-122;1
QS 17-123;1
QS 17-124;1
QS 17-125;2
QS 17-127;2
QS 17-128;1
QS 17-129;1
QS 17-130;1
QS 17-134;1
QS 17-136;1
QS 17-141;1
QS 17-143;1
QS 17-144;1
QS 17-149;1
QS 17-151;2
QS 17-152;1
QS 17-154;2
QS 17-155;1
QS 17-156;1
QS 17-158;2
QS 17-162;1
QS 17-166;1
QS 17-169;1
QS 17-172;1
QS 17-173;1
QS 17-177;1
QS 17-180;1
QS 17-183;1
QS 17-189;1
QS 17-190;1
QS 18-001;1
QS 18-002;1
QS 18-003;1
QS 18-004;1
QS 18-005;1
QS 18-011;1
QS 18-012;1
QS 18-016;1
QS 18-019;1
QS 18-021;1
QS 18-027;1
QS 18-028;1
QS 18-033;1
QS 18-036;1
QS 18-039;1
QS 18-040;1
QS 18-041;1
QS 18-045;1
QS 18-047;1
QS 18-053;1
QS 18-057;1
QS 18-058;1
QS 18-061;1
QS 18-062;1
QS 18-063;1
QS 18-066;1
QS 18-067;1
QS 18-068;1
QS 18-069;1
QS 18-070;1
QS 18-071;1
QS 18-072;1
QS 18-073;1
QS 18-075;1
QS 18-077;1
QS 18-083;1
QS 18-097;1
QS 18-099;1
QS 18-101;1
QS 18-102;1
QS 18-104;2
QS 18-105;1
QS 18-106;1
QS 18-110;1
QS 18-111;1
QS 18-113;1
QS 18-114;1
QS 18-116;1
QS 18-118;1
QS 18-119;1
QS 18-120;1
QS 18-121;1
QS 18-123;1
QS 18-129;1
QS 18-130;1
QS 18-137;1
QS 18-138;1
QS 18-141;1
QS 18-142;1
QS 18-145;1
QS 18-148;1
QS 18-150;1
QS 18-152;1
QS 18-159;1
QS 18-160;1
QS 18-164;1
QS 18-165;1
QS 18-170;1
QS 18-173;1
QS 18-174;1
QS 18-177;1
QS 18-178;1
QS 18-180;1
QS 18-186;1
QS 18-187;1
QS 18-188;1
QS 19-002;1
QS 19-005;1
QS 19-010;1
QS 19-017;1
QS 19-019;1
QS 19-021;1
QS 19-028;1
QS 19-034;1
QS 19-035;1
QS 19-038;1
QS 19-040;1
QS 19-042;1
QS 19-043;1
QS 19-044;1
QS 19-045;1
QS 19-050;1
QS 19-052;1
QS 19-060;1
QS 19-063;1
QS 19-065;1
QS 19-066;1
QS 19-069;1
QS 19-070;1
QS 19-083;1
QS 19-085;1
QS 19-087;1
QS 19-088;1
QS 19-091;1
QS 19-098;1
QS 19-100;1
QS 19-102;1
QS 19-104;2
QS 19-107;1
QS 19-110;1
QS 19-112;1
QS 19-121;1
QS 19-124;1
QS 19-127;1
QS 19-129;1
QS 19-132;1
QS 19-133;1
QS 19-135;1
QS 19-136;1
QS 19-137;1
QS 19-140;1
QS 19-141;1
QS 19-142;1
QS 19-144;1
QS 19-145;1
QS 19-150;1
QS 19-151;1
QS 19-154;1
QS 19-155;1
QS 19-156;1
QS 19-161;1
QS 19-162;1
QS 19-164;1
QS 19-165;1
QS 19-166;1
QS 20-001;1
QS 20-002;1
QS 20-003;1
QS 20-006;1
QS 20-008;1
QS 20-010;1
QS 20-015;1
QS 20-020;1
QS 20-027;1
QS 20-028;1
QS 20-029;1
QS 20-031;1
QS 20-033;1
QS 20-036;1
QS 20-037;1
QS 20-040;1
QS 20-045;1
QS 20-047;1
QS 20-048;1
QS 20-050;1
QS 20-051;1
QS 20-052;1
QS 20-053;1
QS 20-058;1
QS 20-060;1
QS 20-061;1
QS 20-063;1
QS 20-064;1
QS 20-065;1
QS 20-067;1
QS 20-072;1
QS 20-075;1
QS 20-076;1
QS 20-077;1
QS 20-078;1
QS 20-079;1
QS 20-080;1
QS 20-097;1
QS 20-099;1
QS 20-102;1
QS 20-107;1
QS 20-109;1
QS 20-111;1
QS 20-112;1
QS 20-113;1
QS 20-119;1
QS 20-122;1
QS 20-126;1
QS 20-128;1
QS 20-130;1
QS 20-131;1
QS 20-136;1
QS 20-137;1
QS 20-138;1
QS 20-139;1
QS 20-141;1
QS 20-142;1
QS 20-145;1
QS 20-149;1
QS 20-150;1
QS 20-151;1
QS 20-156;1
QS 20-160;1
QS 20-162;1
QS 20-163;1
QS 20-167;1
QS 20-169;1
QS 20-178;1
QS 20-179;1
QS 20-180;1
QS 20-185;1
QS 20-188;1
QS 20-189;1
QS 20-190;1
QS 20-191;1
QS 20-192;1
QS 20-193;1
QS 20-194;1
QS 20-195;1
QS 20-196;1
QS 20-200;1
QS 20-201;1
QS 20-206;1
QS 20-208;1
QS 20-209;1
QS 20-215;1
QS 20-216;1
QS 21-001;1
QS 21-004;1
QS 21-005;1
QS 21-006;1
QS 21-010;1
QS 21-017;1
QS 21-019;1
QS 21-026;1
QS 21-027;1
QS 21-033;1
QS 21-035;1
QS 21-037;1
QS 21-042;1
QS 21-044;1
QS 21-045;1
QS 21-048;1
QS 21-049;1
QS 21-052;1
QS 21-053;1
QS 21-056;1
QS 21-057;1
QS 21-064;1
QS 21-067;1
QS 21-069;1
QS 21-070;1
QS 21-076;1
QS 21-085;1
QS 21-089;1
QS 21-092;1
QS 21-100;1
QS 21-101;1
QS 21-104;1
QS 21-107;1
QS 21-109;1
QS 21-111;1
QS 21-112;1
QS 21-116;1
QS 21-119;1
QS 21-121;1
QS 21-126;1
QS 21-128;1
QS 21-133;1
QS 21-137;1
QS 21-138;1
QS 21-146;1
QS 21-147;1
QS 21-154;1
QS 21-162;1
QS 21-164;1
QS 21-165;1
QS 21-168;1
QS 21-169;1
QS 21-173;1
QS 21-175;1
QS 21-183;1
QS 21-187;1
QS 21-189;1
QS 21-190;1
QS 21-199;1
QS 21-206;1
QS 21-209;1
QS 21-216;1
QS 21-224;1
QS 22-008;1
QS 22-017;1
QS 22-021;1
QS 22-027;1
QS 22-030;1
QS 22-034;1
QS 22-036;1
Qs 15-129;1
Qs 16-106;1
R  A-07.0113;1
R 06.344;1
R 06.357;1
R 06.403;1
R 07.0018;1
R 07.0050;1
R 07.0078;1
R 08_A010;1
R 1038;1
R 1044;1
R 1064;1
R 1065;1
R 1068;1
R 1070;1
R 1075;6
R 1077;1
R 1087;1
R 1091;1
R 1092;1
R 1095;1
R 1097;1
R 1098;1
R 1101;1
R 1105;1
R 1107;1
R 1116;1
R 1117;1
R 1122;1
R 1123;1
R 1124;1
R 1132;1
R 1143;1
R 1145;1
R 1146;1
R 1148;1
R 1151;1
R 1154;1
R 1164;1
R 1167;1
R 1168;1
R 1169;1
R 1175;1
R 1179;1
R 1181;1
R 1183;1
R 1188;1
R 1193;2
R 1194;1
R 1197;1
R 1198;1
R 1202;1
R 1207;1
R 1210;1
R 1217;1
R 1221;1
R 1222;1
R 1223;1
R 1226;1
R 1227;1
R 1231;1
R 1232;1
R 1235;1
R 1236;2
R 1237;1
R 1240;1
R 1241;1
R 1246;1
R 1252;2
R 1253;1
R 1254;1
R 1255;1
R 1257;1
R 1258;1
R 1260;1
R 1266;1
R 1267;1
R 1269;1
R 1270;1
R 1271;2
R 1277;1
R 1279;1
R 1283;1
R 1285;1
R 1287;1
R 1291;1
R 1292;1
R 1293;2
R 1294;1
R 1295;1
R 1296;1
R 1297;1
R 1298;1
R 1299;1
R 1302;1
R 1305;1
R 1309;1
R 1311;1
R 1312;1
R 1314;1
R 1315;1
R 1318;1
R 1319;1
R 1320;1
R 1321;1
R 1322;1
R 1324;1
R 1325;1
R 1326;1
R 1327;1
R 1328;1
R 1329;1
R 1330;1
R 1331;2
R 1332;1
R 1333;1
R 1334;1
R 1335;1
R 1336;2
R 1338;1
R 1343;1
R 1345;1
R 1348;1
R 1349;2
R 1350;1
R 1352;1
R 1354;1
R 1357;1
R 1358;1
R 1360;1
R 1361;1
R 1363;1
R 1364;1
R 1365;1
R 1366;1
R 1367;1
R 1368;1
R 1370;2
R 1371;2
R 1373;1
R 1374;1
R 1375;1
R 1379;1
R 1381;3
R 1383;3
R 1386;1
R 1387;1
R 1393;2
R 1397;4
R 1400;1
R 1406;7
R 1407;1
R 1410;1
R 1414;2
R 1415;1
R 1416;1
R 1418;1
R 1419;1
R 1425;1
R 1430;1
R 1433;1
R 1436;1
R 1440;1
R 1441;1
R 1443;1
R 1444;1
R 1447;1
R 1451;1
R 1452;1
R 1456;1
R 1462;3
R 1463;4
R 1464;2
R 1468;1
R 1469;1
R 1471;2
R 1472;1
R 1488;2
R 1494;1
R 1495;2
R 1501;1
R 1504;1
R 1505;1
R 1507;1
R 1510;1
R 1511;1
R 1512;1
R 1519;1
R 1522;2
R 1529;1
R 1537;1
R 1544;1
R 1556;4
R 1558;1
R 1560;1
R 1561;1
R 1562;1
R 1568;1
R 1571;8
R 1575;1
R 1576;1
R 1580 (herziene eindversie);13
R 1583;1
R 1584;1
R 1586;1
R 1588;1
R 1595;1
R 1596;1
R 1597;1
R 1598;1
R 1599;1
R 1601;1
R 1609;1
R 1611;1
R 1611 (herziene eindeversie);1
R 1620;1
R 1624;1
R 1626;1
R 1628;1
R 1629;1
R 1632;1
R 1636;1
R 1639;2
R 1643;1
R 1645;10
R 1647;2
R 1650;1
R 1652;2
R 1654;2
R 1656;2
R 1659;1
R 1662;1
R 1663;1
R 1666;1
R 1668;1
R 1673;1
R 1674;1
R 1675;1
R 1676;1
R 1677;1
R 1678;1
R 1679;1
R 1680;1
R 1684;1
R 1685;1
R 1686;1
R 1687;2
R 1689;1
R 1690;1
R 1692;1
R 1694;1
R 1695;1
R 1696 (herziene eindversie);1
R 1698;1
R 1699;1
R 1700;3
R 1704;8
R 1706;1
R 1710;1
R 1711;1
R 1714;1
R 1716;1
R 1718;1
R 1720;1
R 1721;1
R 1724;1
R 1725;1
R 1729;1
R 1730;1
R 1733;1
R 1735;1
R 1736;6
R 1737;1
R 1738;1
R 1742;4
R 1744;1
R 1746;1
R 1747;1
R 1749;1
R 175197;1
R 1753;1
R 1754;1
R 1756;1
R 1760;1
R 176056;1
R 1761;1
R 176118;1
R 176181;1
R 1762;1
R 1768;1
R 1772;1
R 1775;1
R 1776;1
R 1779;1
R 1783;1
R 1785;1
R 1789;1
R 1790;1
R 1796;1
R 1798;1
R 1800;1
R 1806;1
R 1808;1
R 1809;2
R 181;1
R 1810;1
R 1814;2
R 1818;1
R 1819;1
R 1821;1
R 1823 (herziene eindversie);1
R 1825;6
R 183;8
R 1834;1
R 1843;1
R 1864;1
R 1867;1
R 1871;1
R 1872;1
R 1883;2
R 1888;3
R 1899;1
R 1903;1
R 1937;1
R 1939;1
R 1963;1
R 1978;3
R 1981;1
R 200/092;1
R 2007/111;1
R 2007/38;1
R 2008/088;1
R 2008/089;1
R 2008/090;1
R 2008/093;1
R 2008/095;1
R 2008/096;1
R 2008/097;1
R 2008/099;1
R 2008/100;1
R 2008/37;1
R 2008/39;1
R 2008/55;1
R 2008/83;1
R 2481;1
R 420;1
R 609;1
R 974;1
R A-07.0100;1
R V-07.0218;4
R V-07.0280;1
R V07.0033;1
R V07.0313;1
R-1134;3
R-1385;1
R-1422;1
R-1432;1
R-1434;1
R-1435;1
R-1450;1
R-1457;1
R-1461;1
R-1466;1
R-1475;1
R-1477;1
R-1479;1
R-1481;2
R-1486;1
R-1487;2
R-1492;1
R-1503;1
R-1517;1
R-1521;1
R-1526;1
R-1527;1
R-1528;2
R-1530;2
R-1533;1
R-1534;1
R-1538;2
R-1541;1
R-1542;1
R-1544;1
R-1546;1
R-1547;1
R-1548;2
R-1549;1
R-1552;1
R-1559;1
R-1563;1
R-1565;1
R-1566;1
R-1570;1
R-1572;2
R-1573;3
R-1574;1
R-1587;1
R-1590;1
R. Barth MA en drs. E.E.A. van der Kuijl m.m.v. W. Bergman (BAAC);2
R. Vedder;1
R1759;1
RAAP-rapport 2017;1
RAAP-rapport 821.;1
RAD 19  (rapportages archeologie deventer);1
RAD 22;1
RAMA 13;2
RAPPORT A08-227-I;1
RAR 16;1
RAR 17;1
RB/AHB/HAMA/224094;1
RB/ALG/HAMA/202895;1
RB/ALG/HAMA/213611;2
RB/ALG/HAMA/223698;2
RB/ALG/HAMA/223702;2
RB/ALG/HAMA/223828;1
RB/ALG/HAMA/255372;1
RB/ALG/HAMA/255480;1
RB/ASU/HAMA/255228;1
RB/BHE/HAMA/224119;1
RB/BKA/HAMA/223966;1
RB/BWH/HAMA/224142;2
RB/DIR/HAMA/223665;2
RB/DIR/HAMA/223746;2
RB/DWE/HAMA/234515;2
RB/ESW/HAMA/224058;1
RB/HAMA/DKA/224030;2
RB/HAMA/DSA/213476;3
RB/HAMA/GMR/245030;1
RB/HAMA/HSV/245217;1
RB/HAMA/JFKB/244887;1
RB/HAMA/KWB/244978;1
RB/HAMA/KWH/234514;1
RB/HAMA/KWW/224092;2
RB/HAMA/OZH/223970;2
RB/HAMA/TBK/234634;1
RB/HAMA/TDD/244829;1
RB/HAMA/VTD/223895;2
RB/HAMA/VWM/223674;1
RB/HLS/HAMA/234643;1
RB/HSD/HAMA/234490;2
RB/HVS/HAMA/224110;2
RB/JLK/HAMA/234539;1
RB/KDG/HAMA/245112;2
RB/LBN/HAMA/234474;1
RB/LBV/HAMA/224123;2
RB/LFD/HAMA/244712;2
RB/MEA/HAMA/224024;1
RB/MHD/HAMA/224087;2
RB/MNB/HAMA/224161;1
RB/MOW/HAMA/244780;2
RB/MSZ/HAMA/244880;1
RB/MWG/HAMA/234523;1
RB/MWH/HAMA/223955;2
RB/NPS/HAMA/223719;1
RB/OBH/HAMA/224048;1
RB/OWH/HAMA/244730;2
RB/PDB/HAMA/223922;2
RB/PDK/HAMA/224068;2
RB/PSO/HAMA/224021;1
RB/SEU/HAMA/224014;1
RB/SHR/HAMA/234453;2
RB/SST/HAMA/224177;2
RB/SWN/HAMA/224166;1
RB/SWO/HAMA/213603;2
RB/VHW/HAMA/255512;1
RB/VHWB/215572;3
RB/VSE/HAMA/223881;2
RB/WDM/HAMA/223929;2
RB/ZWG/HAMA/224179;2
RER 036;1
RER 050;1
RER 066;1
RER 068;1
RER 134;1
RHP'05;1
RHP05 (Rijswijk Hoekpolder Bult);1
RPS '04;1
RR/ALG/HAMA/255249;1
RR/DIR/HAMA/255277;1
Raao notitie 3374;1
Raao notitie 3408;1
Raap Rapport 2103;1
Raap notitie 3330;1
Raap notitie 3357;1
Raap notitie 3362;1
Raap notitie 3365;1
Raap notitie 3384;1
Raap notitie 3386;1
Raap notitie 3401;1
Raap notitie 3403;1
Raap notitie 3406;1
Raap notitie 3407;1
Raap notitie 3409;1
Raap notitie 3410;1
Raap notitie 3413;1
Raap notitie 3414;1
Raap notitie 3415;1
Raap notitie 3416;1
Raap notitie 3417;1
Raap notitie 3418;1
Raap notitie 3420;1
Raap notitie 3422;1
Raap notitie 3423;1
Raap notitie 3424;1
Raap notitie 3425;1
Raap notitie 3426;1
Raap notitie 3427;1
Raap notitie 3428;1
Raap notitie 3429;1
Raap notitie 3430;1
Raap notitie 3431;1
Raap notitie 3432;1
Raap notitie 3433;1
Raap notitie 3434;1
Raap notitie 3436;1
Raap notitie 3437;1
Raap notitie 3438;1
Raap notitie 3441;1
Raap notitie 3442;1
Raap notitie 3444;1
Raap notitie 3445;1
Raap notitie 3446;1
Raap notitie 3466;1
Raap notitie 3467;2
Raap notitie 3468;1
Raap notitie 3470;1
Raap notitie 3471;1
Raap notitie 3473;1
Raap notitie 3475;1
Raap notitie 3477;2
Raap notitie 3478;1
Raap notitie 3479;1
Raap notitie 3480;1
Raap notitie 3481;1
Raap notitie 3482;1
Raap notitie 3483;1
Raap notitie 3484;1
Raap notitie 3488;1
Raap rapport 2069;1
Raap rapport 2071;1
Raap rapport 2074;1
Raap rapport 2082;1
Raap rapport 2083;1
Raap rapport 2086;1
Raap rapport 2088;1
Raap rapport 2089;1
Raap rapport 2091;1
Raap rapport 2092;1
Raap rapport 2093;1
Raap rapport 2101;1
Raap rapport 2102;1
Raap rapport 2107;1
Ram 181;2
Rama 14;4
Rap 1593;1
Rap 1637;1
Rap 1746;4
Rap 1793;1
Rap 1953;3
Rapport 10;1
Rapport 1021;1
Rapport 1577;1
Rapport 1578;1
Rapport 1580;1
Rapport 9;1
Rapport A-07.0238;1
Rapport V-07.0385;1
Rapport V-07.0390;1
Rapport V-07.0420;1
Rapport V07.0408;1
Reeks: Archeologische Rapporten Hattem. volgnummer:5;2
Reeks: Archeologische Rapporten Hattem. volgnummer:7;2
S 083334;1
S 090379;1
S 090383;1
S 090389;1
S 090413;1
S 100058;1
S 100092;1
S 100096;1
S 100266;1
S 100272;1
S 100347;1
S 110101;1
S 110130;1
S 110135;1
S 110145;1
S 110182;1
S 110194;1
S 110241;1
S 110244;1
S 110266;1
S 120284;1
S 120297;1
S 120298;1
S 120311/405;1
S 120315;2
S 120317;1
S 120319;1
S 120327;1
S 12034-B;1
S 120352;1
S 120355;1
S 120369;1
S 120371;1
S 120372;1
S 120374;1
S 120376;1
S 120381;1
S 120383;1
S 120386-B;1
S 120398;1
S 120404-B;1
S 120413;1
S 120414;1
S 120417;1
S 120421;1
S 120426;1
S 130005;1
S 130008;1
S 130018;1
S 130028;1
S 130042;1
S 130050;1
S 130050-C;1
S 130052;1
S 130063;1
S 130068;1
S 130108;1
S 140002;1
S 140020;1
S 140036;1
S 140037-B;1
S 140040-B;1
S 140057-B;1
S0803310;1
S0803323;1
S082390;1
S082668;1
S083155;1
S083162;1
S083180;1
S083184;1
S083185;1
S083192;1
S083200;1
S083201;1
S083202;1
S083203;1
S083204;1
S083205;1
S083206;1
S083207;1
S083208;1
S083209;2
S083210;1
S083211;2
S083212;1
S083214;1
S083215;1
S083216;1
S083217;1
S083218;1
S083219;1
S083219A;1
S083220;1
S083223;4
S083224;1
S083225;1
S083226;1
S083228;1
S083229;1
S083230;1
S083231;1
S083233;1
S083236;1
S083238;1
S083240;1
S083241;1
S083243;1
S083244;1
S083246;1
S083248;1
S083250;1
S083252;1
S083253;1
S083255;2
S083256;1
S083257;1
S083258;1
S083259;1
S083260;1
S083261;1
S083266;1
S083267;1
S083268;1
S083269;1
S083270;1
S083271;1
S083272;1
S083273;1
S083275;1
S083276;1
S083278;1
S083279;1
S083280;1
S083281;1
S083283;1
S083284;3
S083286;1
S083287;1
S083288;1
S083291;1
S083292;1
S083294;1
S083295;1
S083296;1
S083298;1
S083299;1
S083301;5
S083302;1
S083303;1
S083304;1
S083305;1
S083306;1
S083307;1
S083309;1
S083314;1
S083315;1
S083316;1
S083317;1
S083318;1
S083320;1
S083322;1
S083324;1
S083325;1
S083326;1
S083327;1
S083328;1
S083330;1
S083332;1
S083333;1
S083335;1
S083336;1
S083338;1
S083339;1
S083340;1
S083341;1
S083343;1
S083347;1
S083348;1
S083349;1
S083350;1
S083351;1
S083352;1
S083354;2
S083355;1
S083357;1
S083358;2
S083359;1
S083360;1
S083361;1
S083362;1
S083363;1
S083364;1
S083367;1
S083368;1
S083369;1
S083370;1
S083371;1
S083373;1
S083375;2
S083376;1
S083377;1
S083379;1
S083381;1
S083382;1
S083383;1
S083384;1
S083386;1
S083386B;4
S083387;1
S083388;1
S083389;1
S083390;1
S083391;1
S083393;1
S083394;2
S083395;1
S083396;1
S083399;1
S083400;2
S083401;1
S083402;1
S083403;1
S083404;1
S083405;1
S083408;1
S083409;1
S083410;1
S083411;1
S083412;4
S083413;1
S083419;1
S083423;2
S083427;2
S083428;1
S084317;1
S0883222;1
S0883331;1
S090002;1
S090003;1
S0900032;1
S090004;2
S090005;1
S090006;1
S090007;1
S090008;1
S090009;1
S090010;1
S090012;1
S090013;2
S090015;1
S0900159;1
S090016;1
S090017;1
S090018;1
S090020;1
S090021;1
S090023;1
S090024;1
S090025;1
S090026;1
S090027;1
S090028;1
S090029;1
S090030;1
S090031;1
S090033;1
S090034;1
S090038;1
S090039;1
S090040;1
S090041;1
S090042;1
S090043;1
S090044;1
S090045;1
S090047;1
S090049;1
S090050;1
S090052;1
S090054;1
S090055;1
S090056;1
S090058;1
S090059;1
S090061;1
S090063;1
S090065;1
S090066;1
S090067;1
S090068;1
S090069;1
S090070-S090231;2
S090071;1
S090072;1
S090072B;1
S090072C;1
S090075;1
S090079;1
S090080;1
S090084;1
S090085;1
S090086;2
S090087;1
S090088;1
S090089;1
S090090;1
S090091;1
S090092;1
S090093;1
S090095;1
S090096;1
S090098;1
S090099;1
S090100;1
S090101;1
S090105;1
S090106;1
S090108;1
S090109;2
S09011;1
S090110;1
S090111;1
S090113;1
S090114;1
S090116;1
S090117;1
S090120;1
S090122;1
S090124;1
S090125;1
S090126;1
S090127;1
S090128;1
S090129;1
S090130;1
S090131;1
S090132;1
S090133;1
S090134;1
S090136;1
S090137;1
S090138;2
S090140;1
S090141;1
S090142;1
S090144;1
S090146;1
S090148;1
S090149;1
S090151;1
S090152;1
S090153;1
S090155;1
S090157;1
S090160;1
S090161;1
S090162;1
S090163;1
S090164;1
S090165;1
S090166;1
S090167;1
S090168;1
S090169;1
S090171;2
S090172;1
S090173;1
S090174;1
S090175;1
S090176;1
S090177;1
S090178;1
S090179;1
S090180;1
S090181;2
S090183;1
S090184;1
S090185;1
S090186;1
S090188;1
S090189;1
S090190;1
S090191;1
S090192;1
S090193;1
S090194;1
S090195;1
S090196;1
S090197;2
S090198;2
S090200;1
S090201;1
S090202;1
S090204;1
S090207;1
S090209;1
S090212;1
S090213;1
S090214;1
S090215;1
S090216;1
S090217;1
S090218;1
S090219;1
S090220;1
S090221;1
S090222;1
S090223;1
S090224;1
S090225;1
S090227;1
S090228;1
S090229;1
S090232;1
S090233;1
S090235;1
S090236;1
S090237;1
S090240;1
S090241;4
S090242;1
S090243;1
S090244;1
S090245;1
S090246;1
S090249;1
S090250;1
S090251;1
S090252;1
S090253;1
S090254;1
S090255;1
S090256;1
S090257;1
S090258;1
S090259;1
S090261;1
S090262;1
S090263;6
S090264;1
S090265;1
S090267;1
S090268;1
S090269;1
S090271;1
S090272;1
S090273;1
S090275;1
S090276;1
S090278;1
S090279;1
S090280;1
S090281;1
S090282;1
S090283;1
S090284;1
S090285;1
S090290;1
S090291;1
S090292;1
S090293;1
S090294;1
S090295;1
S090297;1
S090298;1
S090299;1
S090301;1
S090302;1
S090305;1
S090306;1
S090310;1
S090312;1
S090313;1
S090315;1
S090317;1
S090318;1
S090319;1
S090320;1
S090321;1
S090322;1
S090323;1
S090324;1
S090325;1
S090327;1
S090328;1
S090329;1
S090330;1
S090331;2
S090332;1
S090333;1
S090334;1
S090335;1
S090336;1
S090337;1
S090338;1
S090340;1
S090341;1
S090342;1
S090343;1
S090344;1
S090346;1
S090347;1
S090348;1
S090349;1
S090350;1
S090351;1
S090352;1
S090353;1
S090354;1
S090355;1
S090356;1
S090357;1
S090358;1
S090359;1
S090360;1
S090361;1
S090362;1
S090365;1
S090368;1
S090369;1
S090370;1
S090372;1
S090373;1
S090374;1
S090375;1
S090376;1
S090377;1
S090378;1
S090380;1
S090381;1
S090382;1
S090384;1
S090385;1
S090386;1
S090387;1
S090388;1
S090389;1
S090390;1
S090391;1
S090392;1
S090393;1
S090395;1
S090396;1
S090397;1
S090398;1
S090400;1
S090402;1
S090404;1
S090407;1
S090409;1
S090410;1
S090411;1
S090415;1
S090417;1
S090419;1
S090420;1
S090421;1
S090422;1
S090424;1
S090426;1
S090427;1
S090428;1
S090429;1
S090430;1
S090431;1
S090433;1
S090435;2
S090436;1
S090437;1
S090438;1
S090439;1
S090440;1
S090441;1
S090442;1
S090443;1
S090444;1
S090447;1
S090448;1
S09363;1
S100001;1
S100002;1
S100003;1
S100004;1
S100006;1
S100007;1
S100008;1
S100010;1
S100011;1
S100012;1
S100013;1
S100015;1
S100016;1
S100018;1
S100019;1
S100020;1
S100021;2
S100022;1
S100023;1
S100024;1
S100025;1
S100026;1
S100027;1
S100029;1
S100030/100159;2
S100031;1
S100032;1
S100033;1
S100034;1
S100037;1
S100039;1
S100040;1
S100041;1
S100042;1
S100043;1
S100044;1
S100045;1
S100046;1
S100047;1
S100048;1
S100049;1
S10005;1
S100052;1
S100053;1
S100054;1
S100055;1
S100056;1
S100057;1
S100060;1
S100064;1
S100067;1
S100068;1
S100069;2
S100070;1
S100073;1
S100074;1
S100075;1
S100076;1
S100077;1
S100078;1
S100079;1
S100080;1
S100082;1
S100084;1
S100086;1
S100087;1
S100089;1
S100090;1
S100091;1
S100093;1
S100094;1
S100095;1
S100097;1
S100098;1
S100099;1
S100100;1
S100101;1
S100102;1
S100103;1
S100107;1
S100110;1
S100111;1
S100112;1
S100115;1
S100116;1
S100118;1
S100119;1
S100121;1
S100122;1
S1001228;1
S100123;1
S100124;1
S100125;1
S100126;1
S100127;1
S100128;1
S100129;3
S100131;1
S100133;1
S100134;1
S100136;2
S100137;1
S100138;1
S100140;1
S100141;1
S100142;1
S100144;1
S100145;2
S100146;1
S100147;1
S100148;1
S100150;1
S100151;1
S100153;2
S100154;1
S100155;1
S100156;1
S100157;1
S100158;1
S100160;1
S100161;1
S100162;1
S100163;1
S100164;1
S100166;1
S100167;1
S100168;1
S100169;1
S100170;1
S100173;1
S1001743;1
S100175;1
S100176;1
S100177;1
S100178;1
S100179;1
S100180;1
S100181;1
S100182;1
S100183;1
S100184;1
S100185;1
S100186;1
S100187;1
S100188;1
S100189;1
S100191;1
S100194;1
S100195;1
S100196;1
S100197;1
S100199;1
S100201;1
S100202;1
S100203;1
S100204;1
S100206;1
S100207;1
S100208;1
S100209;1
S100210;1
S100211;1
S100212;1
S100215;2
S100216;1
S100217;1
S100218;1
S100219;1
S100221;1
S100222;1
S100223;1
S100224;1
S100225;1
S100226;1
S100229;1
S100231;1
S100232;1
S100233;1
S100234;1
S100235;3
S100236;1
S100237;1
S100240;1
S100243;1
S100244;1
S100245;1
S100246;1
S100247;1
S100249;1
S100251;1
S100252;1
S100253;1
S100255;1
S100256;1
S100257;1
S100258;1
S100259;1
S100260;1
S100261;1
S100262;1
S100264;1
S100265;1
S100267;1
S100268;1
S100269;1
S100271;1
S100273;1
S100274;1
S100275;1
S100276;1
S100278;1
S100282;1
S100283;1
S100285;1
S100286;1
S100287;1
S100288;1
S100292;1
S100293;1
S100294;1
S100295;1
S100296;1
S100297;1
S100298;1
S100299;1
S100301;1
S100302;1
S100303;1
S100305;1
S100306;1
S100307;1
S100308;1
S100309;2
S100310;1
S100311;1
S100312;1
S100313;1
S100314;1
S100315;1
S100316;3
S100317;1
S100319;1
S100320;1
S100321;1
S100322;1
S100323;1
S100324;1
S100325;1
S100326;1
S100327;1
S100329;2
S100331;1
S100333;1
S100336;1
S100337;1
S100338;1
S100339;1
S100340;3
S100341;1
S100342;1
S100344;1
S100345;1
S100346;1
S100349;1
S100350;1
S100351;1
S10214;1
S110002;1
S110003;1
S110004;1
S110005;1
S110006;1
S110009;1
S110010;1
S110011;1
S110012;1
S110013;1
S110015;1
S110016;1
S110017;1
S110018;1
S110019;1
S110020;1
S110021;1
S110022;1
S110023;1
S110024;1
S110026;1
S110027;1
S110028;1
S110029;1
S110030;1
S110033;1
S110034;1
S110035;1
S110036;1
S110037;1
S110038;1
S110039;1
S110040;1
S110041;1
S110043;1
S110045;1
S110046/110081;3
S110047;1
S110048;1
S110049;1
S110050;1
S110052;1
S110053;1
S110055;1
S110056;1
S110058;1
S110059;1
S110061;1
S110062;1
S110063;1
S110064;1
S110065;1
S110066;1
S110068;1
S110070;1
S110071;1
S110072;1
S110073;2
S110074;1
S110075;1
S110076;1
S110077;1
S110078;1
S110079;1
S110080;1
S110082;1
S110084;1
S110085;1
S110087;1
S110089;1
S110090;1
S110091;3
S110092;1
S110093;1
S110094;1
S110095;1
S110096;1
S110097;1
S110098;1
S110099;1
S110100;1
S110102;1
S110104;1
S110105;1
S110106;1
S110107;1
S110109;1
S110110;1
S110111;1
S110112;1
S110113;1
S110114;1
S110115;1
S110117;1
S110118;1
S110119;1
S110120;1
S110121;1
S110122;1
S110125;1
S110127;1
S110128;1
S110129;1
S110131;1
S110132;1
S110133;1
S110136;1
S110138;1
S110139;1
S110142;1
S110143;1
S110144;1
S110146;1
S110147;1
S110148;1
S110149;1
S110150;1
S110152;1
S110153;1
S110156;1
S110157;1
S110158;1
S110159;1
S110160;1
S110162;1
S110165;1
S110166;1
S110167;1
S110170;1
S110171;1
S110172;1
S110173;1
S110175;1
S110177;1
S110178;1
S110179;1
S110180;1
S110181;1
S110183;1
S110184;1
S110185;1
S110190;1
S110191;1
S110192;1
S110196;1
S110198;1
S110199;1
S110200;2
S110201;1
S110202;1
S110204;1
S110206;1
S110207;1
S110208;1
S110210;1
S110215;1
S110217;1
S110218;1
S110220;1
S110221;1
S110228;1
S110229;1
S110230;1
S110231;1
S110234;1
S110235;1
S110237;1
S110239;1
S110240;1
S110242;1
S110243;1
S110245;1
S110246;1
S110247;1
S110248;3
S110249;1
S110250;1
S110251;1
S110252;1
S110254;1
S110256;3
S110257;1
S110258;1
S110259;1
S110261;1
S110262;1
S110263;1
S110264;1
S110265;1
S110268;1
S110269;1
S110271;1
S110272;1
S110274;1
S110277;1
S110278;1
S110280;1
S1200362;1
S120120379;1
S120281;1
S120282;1
S120283;1
S120285;1
S120286;1
S120287;1
S120289;1
S120290;1
S120293;1
S120294;1
S120296;2
S120299;1
S120301;1
S120302;1
S120303;1
S120304;1
S120306;1
S120307;2
S120308;1
S120309-b;1
S120310;1
S120311/405;1
S120312;1
S120313;1
S120314;1
S120316;1
S120320;1
S120321;1
S120322;1
S120323;1
S120324;1
S120325;1
S120326;1
S120328;1
S120330;1
S120332;1
S120333;1
S120336;1
S120337;1
S120338;1
S120339;1
S120341;1
S120342;1
S120343;1
S120344;1
S120345;1
S120346;1
S120347;1
S120348;1
S120349;1
S120350;1
S120351;1
S120353;1
S120354;1
S120356;1
S120357;1
S120360;1
S120366;1
S120369;1
S120375;1
S120378;2
S120380;1
S120382;1
S120384;3
S120385;1
S120387;1
S120388;1
S120389;1
S120390;1
S120391;1
S120393;1
S120394;1
S120396;1
S120399;1
S120400;1
S120401;1
S120403;1
S120407;1
S120409;1
S120412;1
S120415;1
S120416;1
S120418;1
S120419;1
S120420;1
S120422;1
S120423;1
S120424;1
S120425;1
S120427;1
S120428;1
S120429;1
S120430;1
S120432;1
S120433;1
S120434;1
S120435;1
S120436;1
S120438;1
S120439;1
S120440;1
S120441;1
S120443;1
S120444;1
S12404-b/130014;1
S130002;1
S130003;1
S130004;1
S130007;1
S130009;1
S130010;1
S130011;1
S130012;1
S130015;1
S130019;1
S130020;1
S130021;1
S130022;1
S130023;2
S130025;1
S130027;1
S130029;1
S130030;1
S130031;1
S130032;1
S130033;1
S130034;1
S130035;1
S130036;1
S130038;1
S130039;1
S13004;1
S130040;1
S130044;1
S130045;1
S130046;1
S130048;1
S130049;1
S130050;3
S130053;1
S130054;1
S130055;1
S130056;1
S130057;1
S130058;1
S130059;1
S130060;1
S130062;1
S130063;1
S130065;1
S130066;1
S130067;1
S130069;1
S130070;1
S130071;1
S130072;1
S130073;1
S130074;1
S130075;1
S130076;1
S130077;1
S130078;1
S130079;1
S130080;1
S130081;1
S130082;1
S130084;1
S130085;1
S130086;1
S130087;1
S130089b;1
S130090;1
S130091;1
S130092;1
S130093;1
S130094;1
S130097;1
S130098;1
S130099;1
S130100;1
S130101;1
S130102;1
S130103;1
S130104;1
S130105;1
S130106;1
S130107;1
S130110;1
S130111;1
S130113;1
S130114;1
S130115;1
S130116;1
S130118;1
S140001;1
S140003;1
S140004;2
S140005;1
S140006;1
S140007;1
S140009;1
S140010;1
S1400106;1
S1400109;1
S140012;1
S140013;1
S140014;1
S140015;1
S140016-b;1
S140017;1
S140018;1
S140019;1
S140021;1
S140023;2
S140024;1
S140025-B;1
S140027;1
S140027-C;1
S140028;1
S140029;1
S140030;1
S140032;1
S140033;1
S140034;1
S140035;1
S140038;1
S140039;1
S140041;1
S140042;1
S140043;2
S140044-B;1
S140045;1
S140046;1
S140047;1
S140048;1
S140049;1
S140050;1
S140051;1
S140052;1
S140054;1
S140055;1
S140056;1
S140058;1
S140059;1
S140060;1
S140061;2
S140062-b;1
S140064;1
S140066;2
S140067;1
S140068;1
S140069;1
S140070;1
S140071;1
S140073;1
S140074;1
S140075;1
S140076;1
S140077;1
S140078;1
S140082;1
S140084;1
S140085;1
S140086;1
S140087;1
S140088;1
S140089;1
S140092;1
S140095;1
S140096;1
S140099;1
S140101;1
S140101-C;1
S140102;1
S140103;1
S140105;1
S140107;1
S140108b;1
S140110;1
S140111;1
S140112-b;1
S140113;1
S140114;1
S140115;1
S150001-b;1
S150002;1
S150004;1
S150005;1
S150007;1
S150008;1
S150009;1
S150010;1
S150011;1
S150012;1
S150014;1
S150016;1
S150017;1
S150017-c;1
S150017A;1
S150018;1
S150019-C;1
S150020;1
S150021;1
S150023;1
S150024;1
S150025;1
S150026-b;1
S150027-b;1
S150028;1
S150029;1
S150030;1
S150031;1
S150032;1
S150033;1
S150034;1
S150035;2
S150037;1
S150038-b;1
S150039;1
S150040;1
S150042;1
S150043;1
S150043 en S150043-b;2
S150044;1
S150045;1
S150046;1
S150046-1;1
S150046-2;1
S150046-3;1
S150046-4;1
S150047;1
S150048;1
S150049-b;2
S150050;1
S150051;1
S150053;1
S150054-b;1
S150055;1
S150056;1
S150057;1
S150058;1
S150059;1
S150061b;1
S150062;1
S150063;1
S150064;1
S150065;3
S150066;1
S150067;1
S150068;1
S150069-b;1
S150070;1
S150071;1
S150072;1
S150073;1
S150074;1
S150075-b;1
S150076;1
S150078;1
S150079;1
S150080;1
S150081;1
S150082;1
S150083;1
S150084;1
S150085-b;1
S150086;1
S150087;1
S150088;1
S150089-b;1
S150090;2
S150091;2
S150092;1
S150093;2
S150094-b;1
S150096;1
S150097;2
S150099;1
S150100;1
S150102;1
S150103;1
S150104;1
S150105;1
S150107;1
S150108;1
S150109;1
S150110;1
S150111;1
S150112;1
S150113;1
S150114;1
S150116;1
S150117;1
S150118;1
S150119;1
S150120;1
S150132;1
S150212;1
S15122;1
S160001;1
S160002;1
S160003;1
S160004;1
S160005;1
S160006;1
S160007;1
S160008;1
S160009;1
S160010;1
S160011;1
S160012;1
S160013;1
S160014;1
S160015;1
S160015b;1
S160016;1
S160017-b;1
S160018;1
S160019;1
S160020;1
S160021;1
S160022;1
S160023;1
S160024;1
S160025;2
S160026;1
S160027;1
S160028;1
S160029-10;1
S160029_1;1
S160029_11;1
S160029_13;1
S160029_16;1
S160029_18;1
S160029_2;1
S160029_20;1
S160029_21;1
S160029_3;2
S160029_4;1
S160029_5;1
S160029_6;1
S160029_7;1
S160029_8;1
S160029_9;1
S160030;1
S160030-B;1
S160032;1
S160033-B;1
S160034;1
S160035;1
S160036;1
S160037;1
S160038-B;1
S160039-B;1
S160040;1
S160042;1
S160043-b;1
S160045;1
S160047;1
S160048;1
S160049;1
S160050;1
S160051;2
S160051b;1
S160052;1
S160052-C;1
S160053;1
S160054;1
S160055;1
S160056;1
S160056-B;1
S160057;2
S160058;1
S160059;1
S160060;1
S160061;1
S160062;1
S160063;1
S160064;1
S160066;1
S160068;1
S160069;1
S160070;1
S160071;1
S160072;1
S160072-b;2
S160073;1
S160074;1
S160076b;1
S160077;1
S160078;1
S160079;1
S160080;1
S160081;1
S160082;1
S160083;1
S160084;1
S160085;1
S160086;1
S160087;1
S160088;1
S160090;1
S160091;1
S160092b;1
S160093;1
S160094;1
S160095;1
S160096-b;1
S160098;1
S160099;1
S160100;1
S160102;1
S16101;1
S16103;1
S170001;1
S170002-b;1
S170003;1
S170004;1
S170005;1
S170006;1
S170007;1
S170008;1
S170009;1
S170011;1
S170012-b;1
S170014;1
S170015;1
S170016;1
S170017;1
S170018;1
S170019;1
S170021;1
S170022b;1
S170023;1
S170024;1
S170025-b;1
S170027b;1
S170028-b;1
S170029;1
S170030;1
S170031;1
S170032;1
S170033;1
S170034;1
S170035-b;1
S170036-b;1
S170038;1
S170039;1
S170040;1
S170041;1
S170042;1
S170043;1
S170044a;1
S170044b;1
S170044c;1
S170046;1
S170047;1
S170048;1
S170050;1
S170050-b;1
S170051;1
S170052;1
S170053;1
S170054;1
S170055;1
S170056;1
S170058;1
S170059;1
S170060-b;1
S170062;1
S170063;1
S170065;1
S170066;1
S170067;1
S170069;1
S170071;1
S170072;1
S170073;1
S170074;1
S170075;1
S170076;1
S170077;1
S170079;1
S170080;1
S170082;1
S170083-b;1
S170085;1
S170086;1
S170087;1
S170088;1
S170089-b;1
S170091-b;1
S170093;1
S170094;1
S170095;1
S170096;1
S170097;1
S170099;1
S170100;1
S170101;1
S170102;1
S170104;1
S170105;1
S170106;1
S170107;2
S170108;1
S170109;1
S170110-b;1
S17103;1
S180001-b;1
S180002;1
S1800023-c;1
S180003;1
S180004;1
S180005;1
S180006;1
S180007;1
S180009-b;1
S180010;2
S180011;1
S180012;1
S180013;1
S180015;1
S180016;1
S180017;1
S180018;1
S180019;1
S180020;1
S180020-c;1
S180021;1
S180022;1
S180023;1
S180026;1
S180027;1
S180028;2
S180029;1
S180030-c;1
S180033-c;1
S180034;1
S180035;1
S180036;1
S180037;1
S180038;1
S180039;1
S180043;1
S180044;1
S180045;1
S180047;1
S180050;1
S180051;1
S180053;1
S180054-c;1
S180055;1
S180056-A;1
S180056-B;1
S180057;1
S180058;1
S180059;1
S180060;1
S180061;1
S180062;1
S180064;1
S180065;1
S180066;1
S180067;1
S180068;1
S180070;1
S180071-1 t/m 4;4
S180072;1
S180073;1
S180076;1
S180077;1
S180078;1
S180079;1
S18008;2
S180080;1
S180081;1
S180082;1
S180083;1
S180084;1
S180085;1
S180086;1
S180087;1
S180088;1
S180089;1
S180090;1
S180091;1
S190001;1
S190003;1
S190004;1
S190005;1
S190007;1
S190008;1
S190009;1
S190010-b;1
S190011;1
S190012;1
S190013;1
S190014;1
S190015;1
S190016;1
S190017;1
S190018;1
S190019;1
S190020;1
S190021;1
S190023;1
S190024-b;1
S190025;1
S190026;1
S190027;1
S190028;1
S190029;1
S190030;1
S190032;1
S190033;1
S190034-b;1
S190035-b;1
S190036;1
S190037;1
S190038;1
S190039;1
S190040-b;1
S190041;1
S190042;1
S190043;1
S190044;1
S190045;1
S190046;1
S190047;1
S190049;1
S190050;1
S190051;1
S190052;1
S190053;1
S190055-a;1
S190055-b;1
S190056;1
S190057;1
S190058;1
S190060;1
S200001;1
S200002;1
S200002-B;1
S200003;1
S200004;1
S200005-C;1
S200007b;1
S200008;1
S200009-b;1
S200010;1
S200010-B;1
S200012;1
S200016;1
S200018;1
S200019;1
S200020;1
S200021;1
S200022;1
S200023-C;1
S200025;1
S200025-B;1
S200026;1
S200027-B;1
S200028;1
S200029;1
S200030;1
S200031;1
S200032;1
S200033;1
S200034;1
S200035-B;1
S200036;1
S200036-B;1
S200037;1
S200038;1
S200039;1
S200041-B;1
S200043;1
S200044;1
S200045;1
S200046;1
S200046-B;1
S200047;1
S200048;1
S200049;1
S200050;1
S200051;1
S200052;1
S200053;1
S200054;1
S200055;1
S20044;1
S210001;1
S210002;1
S210003;1
S210004;1
S210005;1
S210006;1
S210007;1
S210008;1
S210009;1
S210010;1
S210011;1
S210012;1
S210013;1
S210014;1
S210015;1
S210016;1
S210017-B;1
S210018;1
S210018-B;1
S210019;1
S210020;1
S210021;1
S210021-B;1
S210023-B;1
S210024;1
S210025;1
S210026;1
S210027;1
S210028;1
S210029;1
S210030;1
S210031;1
S210032;1
S210032-B;1
S210033;1
S210034-C;1
S210035-B;1
S210036;2
S210037;1
S210038;1
S210039;1
S210040;1
S210041-B;1
S210042;1
S210042-B;1
S210043-1;1
S210043-2;1
S210044;1
S210045;1
S210046;1
S210047;1
S210048;1
S210049;1
S210050;1
S210051;1
S210052;1
S210053;1
S210054;1
S210055;1
S210056;1
S210057;1
S210058a voorheen S090188;1
S210058b voorheen S090297;1
S210060;1
S210061;1
S210062;1
S210063;1
S210064;1
S210065;1
S210066;1
S210067;1
S210067-B;1
S210068;1
S210069;1
S210070;1
S210071;1
S210072;1
S210073;1
S210074;1
S210075;1
S210075-B;1
S210076;1
S210077;1
S210078;1
S210079;1
S210080;1
S210081;1
S210082;1
S210084;1
S210085;1
S210086;1
S210087;1
S210088;1
S210089;1
S210090;1
S220001-c;1
S220002;1
S220003;1
S220004;1
S220005;1
S220006-1B;1
S220006-2B;1
S220007;1
S220008;1
S220009;1
S220009-B;1
S220010-b;1
S220011;1
S220011-B;1
S220013;2
S220014;1
S220015;1
S220017;1
S220018;1
S220019;1
S220020;1
S220022;1
S220023;1
S220023-B;1
S220024;1
S220025;1
S220026;1
S220027;1
S220027-B;1
S220028-B;1
S220029;1
S220030;1
S220032;2
S220033;1
S220034;1
S220035;1
S220037;1
S220038;1
S220039;1
S220040;1
S220041-B;1
S220042;1
S220042-B;1
S220043;1
S220045;1
S220046;1
S220048;1
S220049;1
S220050;1
S220051;1
S220052-B;1
S220053;1
S220054;1
S220055;1
S220056;1
S220057;1
S220058-B;1
S220059;1
S220060;1
S220061;1
S220062;1
S220063;1
S220065;1
S220066;1
S220067;1
S220069-B;1
S220071;1
S220072;1
S220073;1
S220074;1
S230001;1
S230002;1
S230003-B;1
S230004;1
S230006;1
S230008;1
S230008-B;1
S230009;1
S230012;1
S230013;1
S230014;1
S230015;1
S230016;1
S230018;1
S230019;1
S230020;1
S230027;1
S230028;1
S230029;1
S230030;1
S230031;1
S230036;1
S230038;1
S230040;1
S230044;1
S230047;1
S230048;1
S230048-B;1
S230049;1
S230052;1
S230053;1
S230056;1
S230059;1
S230060-B;1
S230062;1
S230063;1
S230067;1
S230069;1
S230071;1
S230072;1
S230073;1
S230075;1
S230077;1
S230078;1
S230080;1
S230081;1
S240012;1
S240013-B;1
S240015;1
S240025;1
S240029;1
S240030;1
S240032;1
S240034;1
S240035;1
S240037-B;1
S240040;1
S240041;1
S240054;1
S240056;1
S240058;1
S240078;1
S250032;1
SAGA-rapport 9;1
SAR P0501482;1
SCEHN Rc 106;1
SCEHN Rc 121;1
SCENH Rc110;1
SCENH rapport cultuurhistorie 103;1
SCENH-rapport cultuurhistorie 78;1
SCENH-rapport cultuurhistorie 83;1
SCENH-rapport cultuurhistorie 98;1
SCEZ-rapport 2006-1;1
SCHN-rapport cultuurhistorie 76;1
SH/ALG/HAMA/255495;1
SITD.RWZ.04;1
STAR 100;1
STAR 101;2
STAR 102;1
STAR 105;1
STAR 106;1
STAR 107;1
STAR 108;1
STAR 109;1
STAR 110;1
STAR 112;1
STAR 113;1
STAR 116;1
STAR 125;1
STAR 139;1
STAR 140;1
STAR 142;1
STAR 143;2
STAR 144;1
STAR 145;1
STAR 160;1
STAR 161;1
STAR 162;1
STAR 164;1
STAR 166;1
STAR 168;1
STAR 172;1
STAR 237;1
STAR 240;2
STAR 260;1
STAR 262;1
STAR 269;2
STAR 270;1
STAR 275;1
STAR 276;1
STAR 282;1
STAR 283;1
STAR 286;1
STAR 32;1
STAR 35;1
STAR 36;1
STAR 38;1
STAR 39;1
STAR 40;1
STAR 42;1
STAR 43;1
STAR 45;1
STAR 46;1
STAR 47;1
STAR 48;1
STAR 49;1
STAR 50;1
STAR 51;1
STAR 52;1
STAR 53;1
STAR 54;1
STAR 55;1
STAR 56;1
STAR 57;1
STAR 58;1
STAR 61;1
STAR 62;1
STAR 64;1
STAR 65;1
STAR 67;1
STAR 68;1
STAR 69;1
STAR 70;1
STAR 71;1
STAR 72;1
STAR 73;1
STAR 74;1
STAR 75;1
STAR 76;1
STAR 77;1
STAR 79;1
STAR 80;1
STAR 81;1
STAR 82;1
STAR 83;1
STAR 84;1
STAR 85;1
STAR 86;1
STAR 87;1
STAR 89;1
STAR 90;1
STAR 91;1
STAR 92;1
STAR 93;1
STAR 95;1
STAR 96;1
STAR 98;2
STAR 99;1
SWNL0259622;1
Star 147/2008;2
Star 165/2008;1
Star 170/2008;1
Star 171/2008;1
Star 181/2008;1
Star 183;2
Star 184/2008;2
Star 185;1
Star 190/2008;1
Star 193;2
Star 194;1
Star 199;1
Star 200;1
Star 201;1
Star 202;1
Star 271;1
Star 277;1
Star 279;1
Steekproefrapport 2008-08/10;1
Steekproefrapport 2010-10/01;1
Synthegra Rapport S083280;1
Synthegra Rapport S100083;1
Synthegra Rapport S110032;1
T&A survey 6682.5;2
TAB '04;1
TOV001;1
Terra Nigra 193;1
V 07.0093;1
V 07.0129;1
V-.07.0455;1
V-04.0158;1
V-07-0049;1
V-07.0008;1
V-07.0024;1
V-07.0044;1
V-07.0070;1
V-07.0077;1
V-07.0089;1
V-07.0094;1
V-07.0109;1
V-07.0116;1
V-07.0117a;1
V-07.0117b;1
V-07.0134;1
V-07.0139;1
V-07.0146;1
V-07.0156;1
V-07.0193;1
V-07.0199;1
V-07.0200;1
V-07.0207;1
V-07.0215;1
V-07.0236;1
V-07.0252;1
V-07.0274;1
V-07.0281;1
V-07.0295;1
V-07.0310;1
V-07.0315;1
V-07.0319;1
V-07.0324;1
V-07.0326;1
V-07.0330;1
V-07.0348;1
V-07.0367;1
V-07.0396;4
V-07.04;1
V-07.0409;1
V-07.0410;1
V-07.0411;1
V-07.0421;1
V-07.0425;1
V-07.0429;1
V-07.0432;1
V-07.0438;1
V-07.0443;2
V-07.0444;2
V-07.0445;1
V-07.0452;1
V-07.0453;1
V-07.0456;1
V-07.0459;1
V-07.0476;2
V-07.0477;2
V-07.0480;1
V-07.4034;1
V-08.0007;1
V-08.0013;1
V-08.0015;1
V-08.0016;1
V-08.0017;7
V-08.0020;1
V-08.0028;1
V-08.0037;1
V-08.0041;1
V-08.0049;1
V-08.0058;1
V-08.0059;1
V-08.0062;1
V-08.0063;1
V-08.0065;1
V-08.0066;1
V-08.0072;1
V-08.0077A;1
V-08.0085;1
V-08.0086;1
V-08.0088;1
V-08.0092;1
V-08.0093;1
V-08.0094;1
V-08.0096;1
V-08.0097;1
V-08.0098.1;1
V-08.0098.2;1
V-08.0098.3;1
V-08.0099;1
V-08.0100;1
V-08.0107;1
V-08.0108;1
V-08.0110;1
V-08.0111;1
V-08.0112;1
V-08.0113;1
V-08.0122;1
V-08.0123;1
V-08.0125;1
V-08.0127;1
V-08.0128;1
V-08.0131;1
V-08.0132;1
V-08.0135;1
V-08.0141;1
V-08.0149;1
V-08.0152;1
V-08.0154;1
V-08.0155;1
V-08.0159;1
V-08.0161;1
V-08.0162;1
V-08.0165;1
V-08.0167;1
V-08.0172;1
V-08.0178;1
V-08.0182;1
V-08.0186;1
V-08.0193;1
V-08.0196;1
V-08.0201;1
V-08.0206;1
V-08.0207;2
V-08.0209;1
V-08.0210;1
V-08.0214;1
V-08.0215;1
V-08.0217;1
V-08.0220;1
V-08.0224;1
V-08.0227;1
V-08.0231;1
V-08.0235;1
V-08.0236;1
V-08.0238 (gemeentelijke code SHST-2);1
V-08.0239;1
V-08.0240;1
V-08.0241;1
V-08.0245;1
V-08.0247;1
V-08.0248;1
V-08.0252;1
V-08.0253;1
V-08.0255;1
V-08.0256;1
V-08.0260;1
V-08.0262;1
V-08.0264;1
V-08.0270;1
V-08.0271;1
V-08.0272;1
V-08.0273;1
V-08.0276;1
V-08.0282;1
V-08.0285;1
V-08.0291;1
V-08.0296;1
V-08.0298;1
V-08.0299;1
V-08.0300;1
V-08.0303;1
V-08.0304;1
V-08.0307;1
V-08.0308;1
V-08.0309;1
V-08.0312;2
V-08.0322;1
V-08.0325;1
V-08.0326;1
V-08.0328;1
V-08.0339;1
V-08.0342;1
V-08.0349;1
V-08.0350;1
V-08.0358;1
V-08.0364;1
V-08.0365;1
V-08.0366;1
V-08.0376;1
V-08.0377;1
V-08.0380;1
V-08.0381;1
V-08.0382;1
V-08.0387;2
V-08.0388;2
V-08.0390;1
V-08.0396;1
V-08.0397;1
V-08.0400;1
V-08.0402;1
V-08.0410;1
V-08.0413;1
V-08.0416;4
V-08.0419;1
V-08.0422;1
V-08.0426;1
V-08.0427;1
V-08.0432;1
V-08.0435;1
V-08.0436;1
V-08.0437;1
V-08.0439;1
V-08.0440;1
V-08.0441;1
V-08.0444;1
V-08.0450;1
V-08.0455;1
V-08.0456;1
V-08.0460;1
V-08.0464;1
V-08.0465;1
V-08.0475;1
V-08.0483;1
V-08.0489;1
V-08.0490;17
V-08.0492;1
V-08.0495 / V-09.0098;1
V-08.0496;1
V-08.0497;1
V-08.08.060;1
V-09.--01;1
V-09.0001;1
V-09.0003;1
V-09.0004;1
V-09.0009;1
V-09.0012;1
V-09.0013;1
V-09.0014;1
V-09.0015;2
V-09.0018;1
V-09.0019;1
V-09.0034;1
V-09.0035;2
V-09.0047;1
V-09.0048 ;1
V-09.0050;1
V-09.0060;1
V-09.0063;3
V-09.0066;1
V-09.0069;1
V-09.0073;1
V-09.0074;1
V-09.0080;1
V-09.0082;1
V-09.0084;2
V-09.0085;1
V-09.0092;1
V-09.0096;1
V-09.0099;1
V-09.0102;1
V-09.0105;1
V-09.0108;1
V-09.0110;3
V-09.0112;2
V-09.0113;1
V-09.0114;1
V-09.0120;1
V-09.0125;1
V-09.0134;1
V-09.0135;1
V-09.0136;1
V-09.0137;1
V-09.0140;1
V-09.0141;1
V-09.0144;1
V-09.0146;1
V-09.0147;1
V-09.0157;1
V-09.0158;1
V-09.0160;1
V-09.0161;1
V-09.0162;1
V-09.0173;1
V-09.0174;1
V-09.0176;1
V-09.0177;1
V-09.0182;1
V-09.0185;1
V-09.0186;1
V-09.0187;2
V-09.0191;1
V-09.0192;1
V-09.0193;1
V-09.0194;1
V-09.0196;1
V-09.0197;1
V-09.0200;1
V-09.0204;2
V-09.0207;1
V-09.0213;1
V-09.0218;1
V-09.0221;1
V-09.0223;1
V-09.0225;1
V-09.0226;1
V-09.0229;1
V-09.0232;1
V-09.0233;1
V-09.0239;1
V-09.0240;1
V-09.0241;1
V-09.0244;1
V-09.0245;1
V-09.0248;1
V-09.0250;1
V-09.0255;1
V-09.0257;1
V-09.0260;1
V-09.0261;1
V-09.0264;1
V-09.0266;1
V-09.0267;1
V-09.0268;1
V-09.0269;1
V-09.0275;1
V-09.0276;1
V-09.0278;2
V-09.0279;1
V-09.0282;1
V-09.0285;1
V-09.0289;1
V-09.0290;4
V-09.0291;1
V-09.0294;1
V-09.0300;1
V-09.0302;1
V-09.0303;1
V-09.0308;1
V-09.0310;1
V-09.0319;1
V-09.0322;1
V-09.0324;1
V-09.0327;1
V-09.0328;1
V-09.0333;1
V-09.0337;1
V-09.0343;1
V-09.0344;1
V-09.0349;1
V-09.0350;1
V-09.0353;1
V-09.0360;1
V-09.0362;1
V-09.0368;1
V-09.0369;1
V-09.0373/V-09.0374;2
V-09.0375;2
V-09.0377;1
V-09.0381;1
V-09.0382;1
V-09.0385;1
V-09.0388;1
V-09.0392;1
V-09.0394;7
V-09.0396;1
V-09.0397;1
V-09.0399;1
V-09.0400;1
V-09.0401;1
V-09.0402;1
V-09.0403;1
V-09.0404;1
V-09.0406;1
V-09.0406A;1
V-09.0408;1
V-09.0409;1
V-09.0410;1
V-09.0411;1
V-09.0414;1
V-09.0415;1
V-09.0416;1
V-09.0417;1
V-09.0420;1
V-09.0426;1
V-09.0430;1
V-09.085-2;1
V-09.138;1
V-10.0001;1
V-10.0002;1
V-10.0005;1
V-10.0012;1
V-10.0014;3
V-10.0016;1
V-10.0017;1
V-10.0023;1
V-10.0024;1
V-10.0025;1
V-10.0026;1
V-10.0028;1
V-10.0030;1
V-10.0032;1
V-10.0033;1
V-10.0039;1
V-10.0040;1
V-10.0065;2
V-10.0066;1
V-10.0067;1
V-10.0069;1
V-10.007;1
V-10.0080;1
V-10.0081;1
V-10.0088;3
V-10.0089;1
V-10.0095;1
V-10.0096;1
V-10.0101;1
V-10.0102;1
V-10.0105;1
V-10.0107;1
V-10.0109;1
V-10.0117;1
V-10.0118;1
V-10.0119;1
V-10.0120;1
V-10.0121;1
V-10.0122;1
V-10.0125;1
V-10.0126;3
V-10.0127;1
V-10.0136;1
V-10.0137;1
V-10.0144;1
V-10.0146;1
V-10.0148;1
V-10.0149;1
V-10.0150;1
V-10.0160;1
V-10.0161;1
V-10.0162;1
V-10.0163;1
V-10.0167;1
V-10.0168;1
V-10.0170;1
V-10.0171;1
V-10.0173;1
V-10.0176;1
V-10.0177;1
V-10.0179;4
V-10.0180;1
V-10.0181;1
V-10.0182;2
V-10.0183;1
V-10.0184;1
V-10.0186;1
V-10.0187;1
V-10.0188;1
V-10.0192;1
V-10.0193;1
V-10.0197;1
V-10.0198;1
V-10.0201;1
V-10.0208;1
V-10.0212;1
V-10.0213;1
V-10.0215;1
V-10.0216;1
V-10.0217;1
V-10.0220;1
V-10.0225;1
V-10.0226;1
V-10.0227;1
V-10.0228;1
V-10.0229;1
V-10.0231;1
V-10.0232.1;1
V-10.0232.2;1
V-10.0232.3;1
V-10.0232.5/V-13.0074/V-13.0016;1
V-10.0232.6;1
V-10.0233;2
V-10.0243;1
V-10.0244;1
V-10.0250;1
V-10.0251;1
V-10.0252;1
V-10.0257;1
V-10.0258;1
V-10.0259;1
V-10.0261;1
V-10.0265;1
V-10.0268;1
V-10.0269;1
V-10.0270;1
V-10.0271;1
V-10.0272;1
V-10.0277;1
V-10.0282;1
V-10.0284;1
V-10.0286;1
V-10.0289;1
V-10.0291;1
V-10.0292;1
V-10.0300;1
V-10.0301;1
V-10.0302;1
V-10.0303;1
V-10.0304;1
V-10.0307;4
V-10.0311;1
V-10.0315;1
V-10.0316;1
V-10.0317;1
V-10.0320;1
V-10.0322;1
V-10.0323;1
V-10.0324;1
V-10.0327;1
V-10.0330;1
V-10.0332;1
V-10.0333;1
V-10.0335;1
V-10.0341;1
V-10.0344;1
V-10.0346;1
V-10.0352;2
V-10.0354;1
V-10.0356;1
V-10.0357;1
V-10.0358;1
V-10.0360;1
V-10.0366;1
V-10.0367;24
V-10.0368;1
V-10.0372;1
V-10.0374;1
V-10.0377;1
V-10.0384;1
V-10.0385;1
V-10.0390;1
V-10.0391;1
V-10.0396;1
V-10.0399;1
V-10.0402;1
V-10.0403;1
V-10.0407;1
V-10.0408;1
V-10.0411;1
V-10.0413;1
V-10.0415;1
V-10.0418;1
V-10.0420;2
V-10.0432;4
V-10.0439;1
V-10.0440;1
V-10.0441;1
V-10.0445;1
V-10.0446;1
V-10.0447;1
V-10.0450;1
V-10.0453;1
V-10.0454;2
V-10.0457;2
V-10.0458;1
V-10.0460;1
V-10.0461;1
V-10.0462;1
V-10.0463;1
V-10.0464;1
V-10.0471;1
V-10.0473;1
V-10.0474;1
V-10.0482;1
V-10.0484;1
V-10.0488;1
V-10.0491;1
V-10.140;1
V-10.242;1
V-11.0001;1
V-11.0010;1
V-11.0012;1
V-11.0018;1
V-11.0021;1
V-11.0022;1
V-11.0025;1
V-11.0026;1
V-11.0028;1
V-11.0029;1
V-11.0030;1
V-11.0031;1
V-11.0034;1
V-11.0036;1
V-11.0037;1
V-11.0047;1
V-11.0048;1
V-11.0049;1
V-11.0051;1
V-11.0054;1
V-11.0055;1
V-11.0058;1
V-11.0059;1
V-11.0063;1
V-11.0064;1
V-11.0067;1
V-11.0069;1
V-11.0070;1
V-11.0075;1
V-11.0081;1
V-11.0082;1
V-11.0088;1
V-11.0090;1
V-11.0093;1
V-11.0094;1
V-11.0098;1
V-11.0110;1
V-11.0113;1
V-11.0115;1
V-11.0118;1
V-11.0125;1
V-11.0126;1
V-11.0129;1
V-11.0132;2
V-11.0135;1
V-11.0137;1
V-11.0138;1
V-11.0139;1
V-11.0141;1
V-11.0142;1
V-11.0150;1
V-11.0152;1
V-11.0153;1
V-11.0154;1
V-11.0155;1
V-11.0156;1
V-11.0158;1
V-11.0164;1
V-11.0166;1
V-11.0167;1
V-11.0170;1
V-11.0181;1
V-11.0182;1
V-11.0187;2
V-11.0188;1
V-11.0189;1
V-11.0192;1
V-11.0194;1
V-11.0203;1
V-11.0204;1
V-11.0209;1
V-11.0210;1
V-11.0211;1
V-11.0214;1
V-11.0216;1
V-11.0218/V-11.0328;1
V-11.0219;1
V-11.0225;1
V-11.0229;1
V-11.0230;1
V-11.0231;1
V-11.0232;1
V-11.0238;1
V-11.0241;1
V-11.0248;1
V-11.0253;1
V-11.0256;1
V-11.0257;1
V-11.0263;1
V-11.0267;1
V-11.0269;2
V-11.0272;1
V-11.0282;1
V-11.0283;1
V-11.0285;1
V-11.0287;1
V-11.0288;1
V-11.0289;1
V-11.0292;1
V-11.0302;1
V-11.0303;1
V-11.0310;1
V-11.0312;1
V-11.0313;1
V-11.0315;1
V-11.0317;1
V-11.0318;3
V-11.0319;1
V-11.0320;1
V-11.0323;1
V-11.0326;1
V-11.0330;1
V-11.0336;1
V-11.0340/V11.0293;1
V-11.0341;4
V-11.0344;1
V-11.0346;1
V-11.0347;1
V-11.0348;1
V-11.0349;1
V-11.0350;1
V-11.0351;1
V-11.0352;3
V-11.0353;1
V-11.0359;1
V-11.0361;1
V-11.0372;1
V-11.0375;1
V-11.0376;1
V-11.0377;1
V-11.0378;1
V-11.0383;1
V-11.0392;1
V-11.0393;1
V-11.0394;1
V-11.0395;1
V-11.0398;1
V-11.0400;1
V-11.0405;1
V-11.0409;1
V-11.0410;1
V-11.0411;1
V-11.0413;1
V-11.0415;1
V-11.0416;1
V-11.0417;1
V-11.0419;1
V-11.0420;1
V-11.0432;1
V-11.0433;1
V-11.0435;1
V-11.0439;1
V-11.0441;1
V-11.0445;1
V-11.0451;1
V-11.0452;1
V-11.0453;1
V-11.0454;1
V-11.0455;1
V-11.0460;1
V-11.0461;1
V-11.0462;1
V-11.0463;2
V-11.0466;1
V-12.0001;1
V-12.0005;1
V-12.0015;1
V-12.0016;1
V-12.0017;1
V-12.0022;1
V-12.0023;1
V-12.0027;1
V-12.0035;1
V-12.0039;1
V-12.0040 V12.0172;1
V-12.0041;1
V-12.0042;1
V-12.0043;1
V-12.0044;1
V-12.0047;1
V-12.0050;1
V-12.0056;1
V-12.0060;1
V-12.0061;1
V-12.0079;1
V-12.0085;1
V-12.0086;1
V-12.0090;1
V-12.0097;1
V-12.0100;1
V-12.0110;1
V-12.0111;1
V-12.0113;1
V-12.0115;1
V-12.0116;1
V-12.0117;1
V-12.0118;1
V-12.0121;1
V-12.0122;1
V-12.0123;1
V-12.0128;1
V-12.0131;1
V-12.0135/1,2,3;1
V-12.0135/4;1
V-12.0136;1
V-12.0137;1
V-12.0138;1
V-12.0139;1
V-12.0140;1
V-12.0141;1
V-12.0148;1
V-12.0150;1
V-12.0151;1
V-12.0154;2
V-12.0156;1
V-12.0159;1
V-12.0161;1
V-12.0163;1
V-12.0165;1
V-12.0166;1
V-12.0173;1
V-12.0174;1
V-12.0176;4
V-12.0182;1
V-12.0184;1
V-12.0191;1
V-12.0193a;3
V-12.0193b;1
V-12.0195;1
V-12.0197;1
V-12.0200;1
V-12.0207;1
V-12.0208;1
V-12.0209;1
V-12.0210;1
V-12.0218;1
V-12.0220;1
V-12.0225;1
V-12.0235;1
V-12.0236;1
V-12.0237;1
V-12.0238;1
V-12.0239;5
V-12.0244;1
V-12.0246;1
V-12.0249;1
V-12.0250;1
V-12.0252;1
V-12.0253;2
V-12.0254;1
V-12.0255;1
V-12.0259;1
V-12.0267;1
V-12.0268;1
V-12.0269;1
V-12.0271;1
V-12.0273;1
V-12.0279;2
V-12.0280;1
V-12.0281;1
V-12.0282;1
V-12.0283;1
V-12.0284;1
V-12.0292;1
V-12.0295;1
V-12.0298;1
V-12.0304;1
V-12.0305;1
V-12.0306;1
V-12.0308;1
V-12.0309;1
V-12.0311;1
V-12.0319;5
V-12.0323;2
V-12.0325;6
V-12.0326;1
V-12.0328;1
V-12.0329;1
V-12.0330;1
V-12.0335;2
V-12.0336;1
V-12.0338;1
V-12.0339;1
V-12.0340;1
V-12.0341;2
V-12.0342;1
V-12.0344;1
V-12.0346;1
V-12.0348;1
V-12.0349;1
V-12.0353;2
V-12.0361;2
V-12.0365;1
V-12.0366;1
V-12.0369;1
V-12.0370;1
V-12.0371;1
V-12.0372;1
V-12.0375;1
V-12.0379;1
V-12.0389;1
V-12.0391;1
V-12.0393;1
V-12.0394;1
V-12.0397;1
V-12.0398;1
V-12.0399;1
V-12.0400;1
V-12.0407;1
V-12.0411;1
V-12.0413;1
V-12.0415;1
V-12.0416;1
V-12.0419;1
V-12.0420;1
V-12.0421;1
V-12.0425;1
V-12.0426;1
V-12.0428;1
V-12.0433;1
V-12.0434;1
V-12.0436;1
V-12.0438;1
V-12.0440;1
V-12.0441;1
V-12.0442;1
V-12.0443;1
V-12.0445;1
V-12.0446;1
V-13.0002;1
V-13.0003;1
V-13.0006;1
V-13.0007;1
V-13.0010;1
V-13.0015;1
V-13.0022;1
V-13.0023;1
V-13.0026;1
V-13.0027;1
V-13.0030;1
V-13.0033;1
V-13.0034;2
V-13.0035;1
V-13.0036;1
V-13.0039;1
V-13.0042;1
V-13.0044;1
V-13.0045;1
V-13.0047;1
V-13.0049;1
V-13.0050;1
V-13.0054;1
V-13.0057;1
V-13.0059;1
V-13.0062;1
V-13.0071;1
V-13.0081;1
V-13.0083;1
V-13.0084;1
V-13.0086;1
V-13.0087;1
V-13.0090;1
V-13.0093;1
V-13.0096;1
V-13.0101;1
V-13.0102;1
V-13.0104;1
V-13.0107;1
V-13.0108;1
V-13.0109;1
V-13.0112;1
V-13.0114;1
V-13.0117;1
V-13.0118;1
V-13.0120/V-13.0197;1
V-13.0122;1
V-13.0126;6
V-13.0127;1
V-13.0129;8
V-13.0136;1
V-13.0140;15
V-13.0140 & V-13.0246;1
V-13.0140 A-14.0150;2
V-13.0140 V-14.0150;1
V-13.0152;1
V-13.0160 V-14.0106;1
V-13.0162;1
V-13.0164;1
V-13.0166;1
V-13.0168;1
V-13.0172;1
V-13.0175;1
V-13.0176;1
V-13.0180;1
V-13.0184;1
V-13.0189;1
V-13.0192;1
V-13.0193;1
V-13.0195;1
V-13.0209;1
V-13.0215;1
V-13.0219;1
V-13.0220;1
V-13.0221;1
V-13.0226;1
V-13.0227;2
V-13.0231;1
V-13.0241;2
V-13.0242;1
V-13.0249;1
V-13.0256;1
V-13.0265;1
V-13.0266;1
V-13.0267;1
V-13.0269;1
V-13.0270;1
V-13.0272;1
V-13.0273;1
V-13.0275;2
V-13.0280;1
V-13.0288;1
V-13.0289;1
V-13.0290;1
V-14.0001;1
V-14.0004;1
V-14.0006;1
V-14.0008;1
V-14.0013;1
V-14.0014;1
V-14.0019;1
V-14.0031;1
V-14.0034;1
V-14.0035;2
V-14.0039;1
V-14.0044;5
V-14.0045;1
V-14.0049;1
V-14.0054;3
V-14.0056;1
V-14.0058;2
V-14.0066;1
V-14.0067;1
V-14.0070;2
V-14.0073;1
V-14.0076;1
V-14.0078;1
V-14.0084;1
V-14.0089;1
V-14.0092;2
V-14.0097;1
V-14.0103;1
V-14.0104;1
V-14.0114;1
V-14.0116;1
V-14.0119;1
V-14.0120;1
V-14.0125;1
V-14.0130;1
V-14.0135;1
V-14.0138;1
V-14.0154;1
V-14.0155;1
V-14.0159;1
V-14.0162;1
V-14.0179;2
V-14.0188;1
V-14.0189;1
V-14.0191;1
V-14.0205;1
V-14.0213;1
V-14.0214;1
V-14.0221;1
V-14.0225;1
V-14.0226;1
V-14.0227;1
V-14.0230;1
V-14.0231;1
V-14.0235;1
V-14.0238;1
V-14.0243;1
V-14.0247;1
V-14.0256;1
V-14.0259;1
V-14.0261;1
V-14.0263;1
V-14.0266;1
V-14.0267;1
V-14.0281;1
V-14.0288;1
V-14.252;1
V-147.0033-2;1
V-15-0203;1
V-15.0001/V-15.0032;1
V-15.0003;1
V-15.0009;1
V-15.0010;1
V-15.0011;1
V-15.0012;1
V-15.0024;1
V-15.0034;1
V-15.0036;1
V-15.0037;1
V-15.0044;1
V-15.0047;1
V-15.0055;1
V-15.0061;1
V-15.0065;1
V-15.0071;1
V-15.0072;1
V-15.0074;1
V-15.0079;1
V-15.0086;1
V-15.0087;1
V-15.0088;1
V-15.0093;1
V-15.0096;1
V-15.0097;1
V-15.0100;1
V-15.0111;1
V-15.0112;1
V-15.0115;1
V-15.0123;1
V-15.0132;1
V-15.0138;1
V-15.0141;1
V-15.0142;1
V-15.0158;2
V-15.0159;1
V-15.0164;1
V-15.0166;1
V-15.0172;1
V-15.0179;1
V-15.0181;2
V-15.0183;1
V-15.0188;1
V-15.0194;1
V-15.0200;1
V-15.0213;1
V-15.0216;1
V-15.0218;1
V-15.0220;1
V-15.0224;1
V-15.0228;1
V-15.0231;1
V-15.0243;1
V-15.0245;1
V-15.0247;1
V-15.0248;1
V-15.0249;1
V-15.0250;1
V-15.0251/V-16.0021;1
V-15.0253;1
V-15.0255;1
V-15.0256;1
V-15.0257;1
V-15.0262;1
V-15.0265;1
V-15.0268;1
V-15.0269;1
V-15.0271;1
V-16.0002;1
V-16.0004;1
V-16.0007;1
V-16.0008;1
V-16.0009;1
V-16.0011;1
V-16.0020;1
V-16.0032;1
V-16.0037;1
V-16.0042;1
V-16.0044;1
V-16.0045;1
V-16.0050;1
V-16.0057;1
V-16.0060;1
V-16.0070;1
V-16.0082;1
V-16.0083;1
V-16.0094;1
V-16.0095;1
V-16.0097;1
V-16.0102;1
V-16.0107;1
V-16.0133;1
V-16.0135;1
V-16.0136;1
V-16.0139;1
V-16.0141;1
V-16.0149;1
V-16.0172;1
V-16.0174;1
V-16.0179;1
V-16.0181;1
V-16.0189;1
V-16.0190;1
V-16.0198;1
V-16.0199;1
V-16.0200;1
V-16.0204;1
V-16.0206;1
V-16.0212;1
V-16.0217;1
V-16.0232;1
V-16.0234;1
V-16.0236;1
V-16.0242;1
V-16.0244;1
V-16.0273;1
V-16.0278;1
V-16.0295;1
V-16.0298;1
V-16.0339;1
V-17.0006;1
V-17.0020;1
V-17.0033;1
V-17.0036;1
V-17.0043;1
V-17.0044;1
V-17.0045;1
V-17.0056;1
V-17.0061;1
V-17.0068;1
V-17.0089;1
V-17.0090;1
V-17.0092;1
V-17.0093;1
V-17.0100;2
V-17.0113;1
V-17.0114;1
V-17.0115;1
V-17.0122;1
V-17.0131, V-17.0132, V-17.0133, V-17.0134, V-17.0135;5
V-17.0136;1
V-17.0147;1
V-17.0149;1
V-17.0156;1
V-17.0164;1
V-17.0181;1
V-17.0184;1
V-17.0188;1
V-17.0194;1
V-17.0195;1
V-17.0199;1
V-17.0210;1
V-17.0214;1
V-17.0226;1
V-17.0236;1
V-17.0240;1
V-17.0243;1
V-17.0244;1
V-17.0256;1
V-17.0257;1
V-17.0267;1
V-17.0276;1
V-17.0288;1
V-17.0290;1
V-17.0291;1
V-17.0298;1
V-17.0299;1
V-17.0309;1
V-18.0004;1
V-18.0005;1
V-18.0009;1
V-18.0028;1
V-18.0035;1
V-18.0048;1
V-18.0062;1
V-18.0066;1
V-18.0074;1
V-18.0075;2
V-18.0078;1
V-18.0082;2
V-18.0088;1
V-18.0092;1
V-18.0095;1
V-18.0097;1
V-18.0101;1
V-18.0102;1
V-18.0105;1
V-18.0112;1
V-18.0128;1
V-18.0134;1
V-18.0135;1
V-18.0146;1
V-18.0156;1
V-18.0157;1
V-18.0162;1
V-18.0167;1
V-18.0190;1
V-18.0200;1
V-18.0233/V-18.0274;1
V-18.0240;1
V-18.0244;1
V-18.0248;1
V-18.0254;1
V-18.0256;1
V-18.0261;1
V-18.0266;1
V-18.0269;1
V-18.0271/V-19.0091;1
V-18.0278;1
V-18.0289;1
V-18.0291;1
V-18.0292;1
V-18.0308;1
V-18.0318;1
V-18.0319;1
V-18.0321;1
V-18.0324;1
V-18.0330;1
V-18.0340;1
V-18.0341;1
V-18.0345;1
V-18.0348;1
V-18.0349;1
V-18.0367;1
V-18.0372;1
V-18.0382;1
V-18.0395;1
V-18.0400;1
V-18.0401;1
V-18.0402;1
V-18.0413;1
V-18.0422;1
V-18.0431;1
V-18.409;1
V-19.0012;1
V-19.0024;1
V-19.0026;1
V-19.0027;1
V-19.0038;1
V-19.0045;1
V-19.0046;1
V-19.0048;1
V-19.0049;1
V-19.0050;1
V-19.0055;1
V-19.0057;1
V-19.0061;1
V-19.0071;1
V-19.0078;1
V-19.0082;1
V-19.0087;1
V-19.0095;1
V-19.0096;1
V-19.0097;1
V-19.0117;1
V-19.0119;1
V-19.0120;1
V-19.0142;1
V-19.0146;1
V-19.0149;1
V-19.0160;1
V-19.0176;1
V-19.0178;1
V-19.0184;1
V-19.0196;1
V-19.0197;1
V-19.0203;1
V-19.0210;1
V-19.0213;1
V-19.0217;1
V-19.0225;1
V-19.0228;1
V-19.0246;1
V-19.0258;1
V-19.0260;1
V-19.0265;1
V-19.0310;1
V-19.0314;1
V-19.0317;1
V-19.0319;1
V-19.0320;1
V-19.0322;1
V-19.0327;1
V-19.0328;1
V-19.0334;1
V-19.0347;1
V-19.0349;1
V-19.0362;1
V-19.0363;1
V-19.0368;1
V-19.0380;1
V-19.0385;1
V-19.0398;1
V-19.0405;1
V-19.0417;1
V-19.0419;1
V-19.0420;1
V-19.0421;1
V-19.0427;1
V-20.0008;1
V-20.0015;1
V-20.0038;1
V-20.0060;1
V-20.0061;1
V-20.0063;1
V-20.0084;1
V-20.0085;1
V-20.0089;1
V-20.0090;1
V-20.0101;1
V-20.0102;1
V-20.0111;1
V-20.0117;1
V-20.0129;1
V-20.0136;1
V-20.0139;1
V-20.0145;1
V-20.0145 /  V-20.0276;1
V-20.0147;1
V-20.0149;1
V-20.0159;1
V-20.0160;1
V-20.0190;1
V-20.0191;1
V-20.0206;1
V-20.0211;1
V-20.0212;2
V-20.0217;1
V-20.0240;1
V-20.0241;1
V-20.0246;1
V-20.0255;1
V-20.0278;1
V-20.0287;1
V-20.0290;1
V-20.0305;1
V-20.0309;1
V-20.0314;1
V-20.0315;1
V-20.0320;1
V-20.0325;1
V-20.0331;1
V-20.0340;1
V-20.0353;1
V-20.0365;1
V-20.0367;1
V-20.0369;1
V-21,0159;1
V-21,0174;1
V-21-0594;1
V-21.00071;1
V-21.0021;1
V-21.0029;1
V-21.0040;2
V-21.0044;1
V-21.0052;1
V-21.0053;1
V-21.0054;1
V-21.0065;1
V-21.0067;1
V-21.0076;1
V-21.0080;1
V-21.0083;1
V-21.0084;1
V-21.0086;1
V-21.0093;1
V-21.0099;1
V-21.0104;1
V-21.0106;1
V-21.0123;1
V-21.0124;1
V-21.0127;1
V-21.0134;1
V-21.0151;1
V-21.0158;1
V-21.0176;1
V-21.0182;2
V-21.0184;1
V-21.0189;1
V-21.0195;1
V-21.0197;1
V-21.0198;1
V-21.0199;1
V-21.0207;1
V-21.0208;1
V-21.0214;1
V-21.0215;1
V-21.0222;1
V-21.0231;1
V-21.0248;1
V-21.0251;1
V-21.0256;1
V-21.0257;1
V-21.0258;1
V-21.0267;1
V-21.0272;1
V-21.0273;1
V-21.0274;1
V-21.0275;1
V-21.0293;1
V-21.0297;1
V-21.0301;1
V-21.0568;1
V-21.0579;1
V-21.0613;1
V-21.0648;2
V-21.0653;1
V-21.0662;1
V-21.0666;1
V-21.0679;1
V-21.0955;1
V-21.0994;1
V-21.0996;1
V-21.1000;1
V-21.1027;1
V-21.1029A;1
V-21.1029B;1
V-21.1029C;1
V-21.1035;1
V-21.1046;1
V-21.1059;1
V-21.1062;1
V-21.1071;1
V-21.1114;1
V-21.1119;1
V-21.1126;1
V-21.1132b;1
V-22,0603;1
V-22.0016;1
V-22.0043;2
V-22.0048;1
V-22.0062;1
V-22.0073;1
V-22.0075;1
V-22.0078;1
V-22.0078 / V-22.771;1
V-22.0080;1
V-22.0090;1
V-22.0092;1
V-22.0116;1
V-22.0123;1
V-22.0138;1
V-22.0139/V-24.0056;2
V-22.0145;1
V-22.0153;1
V-22.0162;1
V-22.0179;1
V-22.0190;1
V-22.0207;1
V-22.0232;1
V-22.0237;4
V-22.0257;1
V-22.0258;1
V-22.0267;1
V-22.0268;1
V-22.0273;1
V-22.0276;1
V-22.0294;1
V-22.0329;1
V-22.0344;1
V-22.0346;1
V-22.0355;1
V-22.0359;1
V-22.0362;1
V-22.0387;1
V-22.0396;1
V-22.0405;1
V-22.0409;1
V-22.0410;1
V-22.0419;1
V-22.0420;2
V-22.0426;1
V-22.0431;1
V-22.0433;1
V-22.0462;1
V-22.0464;1
V-22.0489;1
V-22.0495;1
V-22.0518;1
V-22.0522;1
V-22.0532;1
V-22.0533;1
V-22.0537;1
V-22.0555;1
V-22.0580;1
V-22.0595;2
V-22.0630;1
V-22.0643/V-22.0686;1
V-22.0656;1
V-22.0661;1
V-22.0692;1
V-22.0694;1
V-22.0729;1
V-22.0731;1
V-22.0739;1
V-22.0743;1
V-22.0753;1
V-22.0758;1
V-22.0779;1
V-22.0808;1
V-22.0809;1
V-22.0819;1
V-22.0857;1
V-22.0873;1
V-22.0876;1
V-22.0883;1
V-22.0896;1
V-22.0900;1
V-22.0903;1
V-22.0909;1
V-22.0928;1
V-23.0026;1
V-23.0037;1
V-23.0038;1
V-23.0039;1
V-23.0040;1
V-23.0044;5
V-23.0061;1
V-23.0092;1
V-23.0106;1
V-23.0108;1
V-23.0117;1
V-23.0122;1
V-23.0123;1
V-23.0154;1
V-23.0156;1
V-23.0187;1
V-23.0198;1
V-23.0199;1
V-23.0214;1
V-23.0219;1
V-23.0232;1
V-23.0237;1
V-23.0249;1
V-23.0259;1
V-23.0264;1
V-23.0280;1
V-23.0303;1
V-23.0305;1
V-23.0316;1
V-23.0322;1
V-23.0332;1
V-23.0342;1
V-23.0353;1
V-23.0358;1
V-23.0365;1
V-23.0370;1
V-23.0371;1
V-23.0381;1
V-23.0382;1
V-23.0383;1
V-23.0384;1
V-23.0399;1
V-23.0409;1
V-23.0428;1
V-23.0471;1
V-23.0472;1
V-23.0503;1
V-23.0517;1
V-23.0523;1
V-23.0535;1
V-23.0541;1
V-23.0553;1
V-23.0565;1
V-23.0596;1
V-23.0605;1
V-23.0606;1
V-23.0665;1
V-23.0678;1
V-23.0686;1
V-23.0688;1
V-23.0722;1
V-23.0725;1
V-23.0749;1
V-23.0772;1
V-23.0784;1
V-23.0791;1
V-23.0816;1
V-23.0828;1
V-23.0844;1
V-23.0851;1
V-23.0852;1
V-23.0864;1
V-23.0900;1
V-23.0901;1
V-23.0904;1
V-23.0905;1
V-23.0925;1
V-23.0953;1
V-23.0954;1
V-23.0977;1
V-23.0982;1
V-23.0995;1
V-23.1015;1
V-23.1028;1
V-24.0038;1
V-24.0047;1
V-24.0048;1
V-24.0049;1
V-24.0057;1
V-24.0058;1
V-24.0086;1
V-24.0088;1
V-24.0119;1
V-24.0120;1
V-24.0123;1
V-24.0127;1
V-24.0153;1
V-24.0154;1
V-24.0179;1
V-24.0185;1
V-24.0186;1
V-24.0202;1
V-24.0204;1
V-24.0205;1
V-24.0206;1
V-24.0209;1
V-24.0213;1
V-24.0225;1
V-24.0235;1
V-24.0277;1
V-24.0282;1
V-24.0303;1
V-24.0307;1
V-24.0309;1
V-24.0313;1
V-24.0322;1
V-24.0339;1
V-24.0341;1
V-24.0358;1
V-24.0382;1
V-24.0385;1
V-24.0387;1
V-24.0420;1
V-24.0428;1
V-24.0429;1
V-24.0439;1
V-24.0460;1
V-24.0487;1
V-24.0496;1
V-24.0504;1
V-24.0526;1
V-24.0528;1
V-24.0533;1
V-24.0555;1
V-24.0556;1
V-24.0560;1
V-24.0572;2
V-24.0587;1
V-24.0588;1
V-24.0605;1
V-24.0620;1
V-24.0631;1
V-24.0637;1
V-24.0643;1
V-24.0645;1
V-24.0649;1
V-24.0658;1
V-24.0693;1
V-24.0697;1
V-24.0705;1
V-24.0711;1
V-24.0714;1
V-24.0725;1
V-24.0735;1
V-24.0736;1
V-24.0740;1
V-24.0744;1
V-24.0745;1
V-24.0785;1
V-24.0791;1
V-24.0797;1
V-24.0810;1
V-24.0870;1
V-24.0876;1
V-24.0883;1
V-24.0917;1
V-24.0923;1
V-24.0947/V-25.0127;2
V-24.0951;1
V-24.0963;1
V-24.0964;1
V-24.1012;1
V-24.1015;1
V-24.1026;1
V-24.1028;1
V-24.365/V-24.0825;1
V-25.0011;1
V-25.0020;1
V-25.0060;1
V-25.0067;1
V-25.0073;1
V-25.0078;1
V-25.0083;1
V-25.0090;1
V-25.0099;1
V-25.0112;1
V-25.0150;2
V-25.0239;1
V-25.0270;1
V-25.0336;1
V-25.0525;1
V.21.0238/V-22.0100;1
V07.0025;2
V07.0039;1
V07.0053;1
V07.0068;1
V07.0074;1
V07.0082;1
V07.0087;1
V07.0111;2
V07.0118;1
V07.0122;1
V07.0138;1
V07.0166;1
V07.0169;1
V07.0195;1
V07.0199;1
V07.0217;1
V07.0223;2
V07.0225;1
V07.0233;1
V07.0246-3;1
V07.0246-6;1
V07.0246-7;1
V07.0246-8;1
V07.0250;1
V07.0253;1
V07.0265;1
V07.0274;1
V07.0276;1
V07.0301;1
V07.0314;1
V07.0354;1
V07.0428;1
V07.0433;1
V07.0467;1
V07.226;1
V09-1653;3
V09.0079;1
V09/1706;1
V10-1843;1
V1001;1
V1002;6
V1010;1
V1011;1
V1012;1
V1018;1
V1027;1
V1029;1
V1032;1
V1032b;1
V1033;1
V1034;1
V1035;1
V1036;1
V1041;1
V1044;2
V1047;1
V1058;1
V1059;1
V1063;1
V1064;1
V1066;1
V1069;1
V1076;1
V1080;1
V1084;1
V1090;2
V1091;1
V1097;1
V1102;1
V1105;2
V1112;1
V1113;1
V1116;1
V1118;1
V1126;1
V1132;1
V1133;1
V1136;1
V1137;1
V1140;2
V1142;1
V1143;1
V1144 en V1176;1
V1146;1
V1148;1
V1151;1
V1152;1
V1153;1
V1157;1
V1158;1
V1159;1
V1161;1
V1163;1
V1164;1
V1167;1
V1169;1
V1170;1
V1172;1
V1178;1
V118;4
V1186;2
V1187;1
V1193;1
V1198;2
V12/2344;1
V1200;1
V1201;1
V1203;1
V1204;1
V1208;1
V1209;1
V1210;1
V1211;1
V1212;1
V1213;1
V1214;1
V1215;1
V1216;1
V1217;1
V1218;1
V1219;1
V1221;1
V1222;1
V1227;2
V1229;1
V123;1
V1238;1
V1246;2
V1248;1
V1250;2
V1251;1
V1252;1
V1253;1
V1257;1
V1264;1
V1268;1
V1269;1
V1274;2
V1276;1
V1282;1
V1283;1
V1291;1
V1292;1
V1296;1
V1297;1
V1308;1
V1309;2
V1311;1
V1312;1
V1313;1
V1316;1
V1319;1
V1320;1
V1321;1
V1325;1
V133;1
V1330;3
V1348;2
V1349;1
V1351;2
V1352;1
V1353;5
V1354;1
V1355;1
V1356;1
V1360;1
V1362;1
V1364;1
V1365;1
V1366;1
V1367;1
V1369;1
V1371;1
V1374;1
V1376;1
V1377;1
V1378;11
V1380;1
V1381;1
V1383;1
V1384;1
V1387;1
V1388;1
V1389;1
V1390;1
V1391;1
V1392;1
V1393;1
V1394;1
V1395;1
V1396;1
V1397;1
V1398;1
V1400;2
V1401;1
V1402;5
V1404;1
V1405;1
V1407;1
V1408;1
V1411;1
V1413;1
V1416;1
V1417;1
V1419;1
V1420;1
V1421;1
V1422;1
V1424;1
V1425;1
V1426;1
V1427;1
V1428;1
V1429;1
V1430;1
V1431;1
V1432;1
V1434;1
V1436;1
V1439;1
V1442;1
V1443;1
V1444;2
V1445;2
V1448;1
V1451;1
V1452;1
V1453;1
V1454;1
V1455;1
V1457;1
V1458;1
V1459;1
V1460;1
V1461;1
V1463;1
V1464;1
V1465;1
V1466;1
V1467;1
V1468;1
V1469;1
V1470;1
V1480;1
V1481;1
V1482;1
V1483;1
V1486;1
V1487;1
V1493;1
V1494;1
V1495;1
V1496;1
V1497;1
V1499;1
V15-3086;1
V1502;1
V1503;1
V1504;1
V1505;1
V1507;1
V1508;1
V1509;1
V1512;1
V1514;16
V1515;1
V1516;1
V1518;1
V1521;1
V1523;1
V1524;1
V1525;1
V1526;1
V1528;1
V1529;1
V1530;1
V1532;1
V1533;1
V1534;1
V1538;1
V1539;1
V1540;1
V1545;1
V1546;1
V1547;1
V1548;1
V155;1
V1551;1
V1552;1
V1553;1
V1554;2
V1555;1
V1557;1
V1558;1
V1559;1
V1560;1
V1561;1
V1562;1
V1563;1
V1564;1
V1565;1
V1566;1
V1567;1
V1568;1
V1570;1
V1571;1
V1572;1
V1575;1
V1576;1
V1578;1
V1579;1
V1580;1
V1581;1
V1582;1
V1583;1
V1584;1
V1586;1
V1588;1
V1589;1
V1590;1
V1591;1
V1592;1
V1595;1
V1596;1
V1602;1
V1604;1
V1605;1
V1606;1
V1607;1
V1609;1
V1610;1
V1611;1
V1612;1
V1613;1
V1615;1
V1616;1
V1617;1
V1620;1
V1621;1
V1622;1
V1623;1
V1624;1
V1626;1
V1628;1
V1629;1
V1630;1
V1632;1
V1633;1
V1636;1
V1637;1
V1638;1
V1639;1
V1642;1
V1643;1
V1645;1
V1649;1
V1650;1
V1652;3
V1653;1
V1654;1
V1656;3
V1660;1
V1661;2
V1662;1
V1663;1
V1664;1
V1665;1
V1666;1
V1667;1
V1668;1
V1669;1
V1670;1
V1671;1
V1674;1
V1676;1
V1677;1
V1678;2
V1679;1
V1681;1
V1682;1
V1683;1
V1685;1
V1686;2
V1688;1
V1691;1
V1692;1
V1693;1
V1694;1
V1695;1
V1698;1
V17.0255;1
V1700;1
V1702;1
V1703;1
V1704;1
V1707;1
V1708;1
V1709;1
V1711;1
V1712;1
V1713;1
V1714;1
V1716;1
V1717;1
V1718;1
V1720;1
V1724;1
V1727;1
V1729;1
V1730;1
V1733;1
V1734;1
V1736;1
V1741;1
V1744;1
V1745;1
V1746;1
V1750;1
V1754;1
V1755;1
V1756;1
V1758;1
V1765;1
V1766;1
V1768;1
V1769;1
V1771;1
V1772;1
V1773;1
V1775;1
V1776;1
V1777;1
V1781;1
V1784;1
V1785;1
V1787;1
V1791;1
V1793;1
V1794;1
V1795;1
V1797;1
V1798;1
V1799;1
V18-3919;3
V18-3991;1
V1800;1
V1803;1
V1808;1
V1813;1
V1815;1
V1816;1
V1817;1
V1818;1
V1820;1
V1821;1
V1822;1
V1823;1
V1824;1
V1825;1
V1827;1
V183;1
V1830;1
V1838;1
V1839;1
V1842;1
V1843;1
V1845;1
V1846;1
V1848;1
V1855;1
V1860;1
V1864;1
V1865;1
V1871;1
V1875;2
V1876;1
V1884;1
V1886;1
V1891;1
V1892;1
V1893;1
V1894;1
V1898;1
V19-4046;1
V1902;1
V1904;1
V1907;1
V1908;1
V1915;1
V1917;1
V1919;1
V1922;1
V1930;1
V1932;1
V1933;1
V1935;1
V1936;1
V1938;1
V1941;1
V1946;1
V1948;1
V1951;2
V1954;1
V1956;1
V1959;1
V1960;1
V1967;1
V1970;1
V1971;1
V1972;1
V1974;2
V1976;2
V1977;1
V1978;1
V1980;1
V1981;1
V1982;1
V1984;1
V1985;1
V1987;1
V1988;1
V1989;1
V1993;1
V1995;1
V20.0112;1
V2002;1
V2005;1
V2006;1
V2008;2
V2009;1
V201;1
V2013;1
V2014;1
V2015;1
V2018;1
V2019;1
V2020;1
V2021;1
V2023;1
V2024;1
V2025;1
V2027;1
V2031;1
V2032;1
V2034;1
V2035;1
V2036;1
V2038;1
V2040;1
V2043;1
V2047;1
V2048;1
V2049;1
V2051;1
V2053;1
V2054;1
V2055;1
V2056;2
V2057;1
V2059;1
V206;1
V2062;1
V2065;1
V2067;1
V2068;1
V2072;1
V2073;1
V2076;1
V2082;1
V2083;1
V2084;1
V2086;2
V2089;1
V2092;1
V2093;1
V2099;1
V21.0053/V22.0840/V-23.0009;1
V2100;1
V2101;1
V2103;1
V2105;1
V2107;1
V2109;1
V211;1
V2112;1
V2115;1
V2116;1
V2121;1
V2124;1
V2125;1
V2127;1
V2129;1
V2132;1
V2133;1
V2135;2
V2136;1
V2140;1
V2143;1
V2146;1
V2150;1
V2153;1
V2154;1
V2158;1
V2169;1
V2170;1
V2178;1
V2180;1
V2185;2
V2188;1
V2189;1
V2193;1
V2200;1
V2201;1
V2207;1
V2209;1
V2211;2
V2212;1
V2213;1
V2214;1
V2215;1
V2217;1
V2218;1
V2219;1
V2230;1
V2231;1
V2237;1
V2238;1
V2240;1
V2245;1
V2257;1
V2261;1
V2272;1
V2273;1
V2274;1
V228;1
V2281;1
V2289;1
V2291;1
V2292;1
V2294;1
V2296;1
V230;1
V2302;1
V2303;1
V2308;1
V231;1
V2310;1
V2312;1
V2313;1
V232;1
V2320;2
V2324;2
V2325;2
V2332;1
V234;1
V2340;1
V2349;1
V235;1
V2350;1
V2355;1
V2356;1
V2358;1
V2362;1
V2366;1
V2367;1
V2369;1
V2370;1
V2371;1
V2374;1
V2375;1
V2376;1
V2384;1
V2385;1
V2392;1
V2393;1
V2397;1
V2398;2
V2405;1
V2407;1
V2408;1
V241;1
V2411;2
V2413;1
V2416;1
V2417;1
V2418;1
V242;3
V2422;1
V2425;1
V2427;1
V2428;2
V2434;1
V2436;1
V2437;1
V2438;1
V2439;1
V2440;2
V2443;1
V2446;1
V2447;1
V2448;1
V2449;1
V2450;1
V2452;1
V2456;1
V2458;1
V2462;1
V2463;1
V2467;1
V247;1
V2471;1
V2473;2
V2475;1
V2478;1
V2481;2
V2482;1
V2484;1
V2485;1
V2486;1
V249;4
V2490;1
V2491;1
V2492;1
V2493;1
V2494;1
V2497;1
V250;1
V2500;1
V2502;1
V2504;1
V2505;1
V2507;1
V2510;1
V2511;1
V2518;1
V2519;1
V2523;1
V2525;1
V2527;1
V2534;1
V2537;1
V2538;1
V2543;1
V2546;1
V2549;1
V255;1
V2551;1
V256;1
V2564;1
V2567;1
V2568;1
V2571;1
V2576;1
V2580;1
V2584;1
V2585;2
V2587;1
V2589;1
V2594;2
V2596;1
V260;1
V2602;1
V2606;1
V2608;1
V2611;1
V2613;1
V2615;1
V2616;1
V2617;1
V2619;1
V262;1
V2620;1
V2621;1
V2622;1
V2625;1
V2626;1
V2627;1
V2628;1
V263;1
V2630;1
V2632;1
V2633;1
V2635;1
V2636;1
V264;1
V2644;1
V265;1
V2653;1
V2657;1
V2658;1
V266;1
V2660;1
V2661;1
V2662;1
V2665;1
V2667;1
V2671;1
V2678;1
V2681;1
V2687;1
V2689;1
V2691;1
V2706;1
V2708;1
V2713;1
V2720;1
V2730;1
V2732;1
V2733;1
V2735;1
V274;1
V2747 V2748;1
V2764;1
V2766;1
V277;1
V2775;2
V278;4
V279;1
V280;1
V281;1
V284;1
V286;1
V290;1
V295;1
V296;1
V300;3
V301;1
V303;1
V304;1
V307;1
V308;1
V311;1
V313;1
V316;2
V318;1
V32;5
V321;1
V323;1
V324;1
V325;1
V326;1
V327;1
V328;1
V332;1
V342;1
V345;1
V347;1
V353;1
V358;1
V359;1
V360;1
V361;1
V367;1
V372;1
V374;1
V375a;1
V378;1
V381;1
V382;1
V383;1
V384;1
V388;1
V390;1
V391;1
V392;1
V394;1
V396;1
V400;1
V401;1
V402;1
V403;1
V405;1
V407;3
V408;1
V409;1
V411;1
V413;1
V415;1
V419;1
V420;1
V423;1
V424;1
V425;1
V427;1
V428;1
V430;1
V432;1
V438;1
V439;2
V441;1
V442;1
V443;1
V445;1
V446;1
V450;1
V452;1
V454;1
V455;1
V457;1
V458;1
V460;1
V463;1
V464;1
V465;1
V466;1
V467;1
V469;1
V472;2
V473;1
V474;2
V475;1
V476;1
V477;1
V478;1
V479;1
V483;2
V488;1
V489;6
V490;1
V491;1
V492;1
V493;1
V494;1
V496;1
V497;1
V498;1
V503;1
V504;1
V505;1
V506;1
V508;1
V509;1
V510;1
V511;1
V514;1
V516;1
V519;1
V520;1
V521;1
V522;1
V524;1
V533;1
V534;1
V537;1
V538;1
V539;3
V541;1
V544;1
V545;1
V546;1
V547;1
V549;1
V550;1
V551;1
V552;1
V554;1
V556;1
V557;1
V558;1
V560;1
V561;1
V562;1
V566;1
V580;3
V581;1
V582;1
V583;1
V584;1
V588;1
V589;1
V592;2
V593;1
V594;1
V598;1
V599;1
V601;1
V602;1
V603;1
V604;1
V607;1
V610;1
V611;8
V613;1
V618;1
V619;1
V622;1
V625;1
V626;1
V629;1
V633;1
V635;1
V636;1
V639;1
V641;1
V643;1
V651;1
V654;1
V657;1
V659;1
V660;1
V661;1
V663;1
V666;1
V667;1
V669;1
V671;1
V676;1
V677;1
V678;2
V680;1
V681;1
V683;1
V690;1
V691;1
V694;1
V696;1
V697;1
V698;1
V699;1
V711;1
V712;1
V715;1
V716;1
V717;1
V718;1
V719;1
V721;1
V722;1
V723;1
V724;1
V730;1
V736;1
V738;1
V740;1
V742;1
V743;1
V744;1
V745;1
V749;1
V751;1
V753;1
V754;1
V755;1
V756;1
V756/V845;1
V757;1
V758;1
V760;1
V767;1
V770;1
V771;1
V774;1
V777;2
V779;1
V780;1
V781;1
V784;2
V787;1
V788;1
V792;1
V797;1
V798;1
V801;1
V802;4
V803;1
V805;1
V81;1
V811;1
V812;3
V814;2
V817;1
V820;1
V822;1
V823;1
V824;1
V826;1
V827;1
V836;1
V837;1
V842;1
V843;1
V846;1
V848;1
V849;1
V851;1
V855;1
V865;1
V876;1
V879;1
V882;1
V889;1
V897;1
V900;1
V903 en V903B;1
V905;1
V907;1
V908;1
V909;1
V910;1
V916;1
V917;1
V918;1
V922;1
V923;1
V924;1
V927;4
V928;1
V931;1
V933;1
V937;1
V941;1
V943;2
V944;1
V949;1
V955;1
V960;1
V961;2
V965;1
V967;1
V968;1
V97;1
V973;1
V974;1
V978;1
V983;1
V985;1
V988;1
V989;1
V999;1
VALVI;1
VDIA '02;1
VOER;1
VUHV;5
VWV/CB/HAMA/213426;2
Versie 1.1;1
Versie : 1.1;1
Vlak-verslag 15.3;1
Vlak-verslag 26;1
Vo07.0139;1
WAR 20;1
WAR 27;1
WAR 4;1
WB 18-181;1
WEZU1801;1
WGMA-Rapport-KAT-23-Versie-27;1
WHV02/ WHV03;1
WIZE201;1
WL0L04 26;1
WOHO191;1
West-Fries rapport 17;1
X;62
XX;1
XXX;1
XXXX;2
ZAN 107;1
ZAN1287;1
a-08.0074;1
a1137;1
a926;1
aar 11;1
aar 16;1
aar 20;1
aar 21;1
aar 22;1
aar 25;1
aar 26;1
aar 27;1
aar 28;1
aar 30;1
aar 32;1
aar 34;1
aar 37;1
aar 7;1
aar 8;1
aar 9;1
abn - briefrapport 46;1
abn - rapport 12;1
abn briefrapport 23;1
abn briefrapport 24;1
abn briefrapport 25;1
abn briefrapport 26;1
abn briefrapport 27;1
abn briefrapport 28;1
abn briefrapport 29;1
abn briefrapport 3;1
abn briefrapport 30;1
abn briefrapport 31;1
abn briefrapport 32;1
abn briefrapport 33;1
abn briefrapport 34;1
abn briefrapport 35;1
abn briefrapport 36;1
abn briefrapport 37;1
abn briefrapport 38;1
abn briefrapport 39;1
abn briefrapport 4;1
abn briefrapport 44;1
abn briefrapport 5;1
abn briefrapport 51;1
abn briefrapport 7;1
abn rapport 4;1
abn- briefrapport 45;1
abn-briefrapport 16;1
abn-briefrapport 18;1
abn-briefrapport 22;1
abn-briefrapport 53;1
abn-briefrapport 54;1
abn-rapport 11;5
abn-rapport 13;1
abu-rapport 2;2
abu-rapport 3;2
ace 7;1
ace rapport 15;2
ace rapport 16;2
ace rapport 39;1
ace rapport 40;1
acer 27;1
am18145;1
anb briefrapport 50;1
ara 22;1
ara 39;1
ara 40;1
ara 43;1
ara 44;1
ara 65;1
arc-publicaties 175;1
archeodienst rapport 6;1
archeologie 1;1
archeologie 10;1
archeologie 11;1
archeologie 12;1
archeologie 13;1
archeologie 14;2
archeologie 15;1
archeologie 16;1
archeologie 17;1
archeologie 2;1
archeologie 3;1
archeologie 4;1
archeologie 7;1
archeologie 8;1
archeologie 9;1
archeologische verkenningen 5;1
archol rapport 47;3
archol rapport 64;1
archol rapport 66;4
archol rapport 80;1
as rapport 2;1
avz 4;1
baacrapporten 06.244;1
baacrapporten V-07.0464;2
baacrapporten V-08.0010;1
baacrapporten V-08.0011;1
baacrapporten V-08.0046;1
baacrapporten V-08.0054;1
baccrapporten V-08.0053;1
bacrapport V-08.0045;1
bacrapporten V-08.0009;1
bijlage bij R 1402;1
bram 17;1
brief;5
brief-kenmerk 11191-144660;1
briefrap;1
briefrapport;5
briefrapport 1;1
briefrapport 10;1
briefrapport 11;1
briefrapport 12;2
briefrapport 2;1
briefrapport 20070048;1
briefrapport 21;1
briefrapport 27;1
briefrapport 3;1
briefrapport 4;1
briefrapport 5;1
briefrapport 6;1
briefrapport 7;1
briefrapport 74;1
briefrapport 75;3
briefrapport 76;1
briefrapport 77;1
briefrapport 78;1
briefrapport 8;1
briefrapport 9;1
brieven 35171 en 35329;2
car-rapport 2;1
cenh 146;1
cenh 149;1
cenh rapport 161;1
co1022.10007;1
co1022.100122;1
dar 86;1
dar 88;1
dar 92;1
dar 97;1
definitief;1
dow 1;1
erfgoedrapport Breda 10;1
erfgoedrapport Breda 2;1
erfgoedrapport Breda 3;1
erfgoedrapport Breda 4;1
erfgoedrapport Breda 5;3
erfgoedrapport Breda 6;1
erfgoedrapport Breda 7;1
erfgoedrapport Breda 9;1
februari 2008, versie 1.1;2
geen;31
har 9;1
hazenberg AMZ-publicaties 2007-11;1
hollandia reeks 106;1
hollandia reeks 147;1
iV-09.0119;1
intern;3
jan. 2008, versie 2.0;1
jan. 2009, versi 1.2;1
januari 2008, versie 1.3;1
januari 2008, versie 2.3;1
juni 2006, versie 1.5;1
maart 2007, versie 1.4;1
maart 2007, versie 1.6;1
maart 2008, versie 1.1;1
mei 2004;1
mei 2007, versie 1.1;1
n 1923;1
n 1941;2
n 1972;1
n 1977;1
n 1978;2
n 1980;1
n 1994;1
n 2018;1
n 2019;1
n 2677;1
n 3125;1
n 3126;1
n 3127;1
n 3128;2
n 3129;1
n 3130;1
n 3131;2
n 3132;1
n 3134;1
n 3135;1
n 3136;2
n 3138;1
n 3139;1
n 3140;1
n 3141;1
n 3142;1
n 3144;4
n 3145;1
n 3148;1
n 3149;1
n 3151;1
n 3152;1
n 3153;1
n 3155;1
n 3156;1
n 3157;1
n 3158;1
n 3159;1
n 3160;1
n 3161;1
n 3162;1
n 3163;1
n 3167;1
n 3168;1
n 3169;1
n 3170;1
n 3173;1
n 3174;1
n 3175;1
n 3176;1
n 3178;1
n 3179;1
n 3180;1
n 3181;1
n 3182;1
n 3183;1
n 3185;1
n 3204;1
n 3226 (herziene eindversie);1
n 3227;1
n 3228;1
n 3229;1
n 3230;1
n 3231;1
n 3233;1
n 3234;1
n 3235;1
n 3236;1
n 3237;1
n 3238;1
n 3239;1
n 3240;1
n 3241;1
n 3242;1
n 3243;1
n 3245;1
n 3246;1
n 3247;1
n 3248;1
n 3249;1
n 3250;1
n 3251;2
n 3253;1
n 3254;1
n 3255;1
n 3256;1
n 3257;1
n 3258;1
n 3259;1
n 3263;1
n 3266;1
n 3267;1
n 3269;1
n 3270;1
n 3271;1
n 3272;1
n 3274;1
n.v.t;7
n.v.t.;77
n.v.t. (briefrapport);2
nnb;1
notitie;1
notitie 2642;1
notitie 2706;1
notitie 6;1
nov. 2006, versie 1.1;1
november 2007, versie 1.1;1
ntb;1
nur 045 - 682 (ISBN: 90-77587-03-9);1
nvt;67
onbekend;101
ond1;1
p-07.0047;1
p0501777;1
p0502293;1
pr. 738/A1202;1
proj.nr. 04920507/24004;1
proj.nr. 05210607/24136;1
proj.nr. 05340607/25229;1
proj.nr. 06991107/25938;1
proj.nr. 07081107/26289;1
proj.nr. 07231107/25711;1
proj.nr. 07850108/29240-29242;3
proj.nr. 07980208/28005;1
proj.nr. 08130208/27583;1
proj.nr. 08620308/27715;1
proj.nr. 09360408/28422;1
proj.nr. 09490508/28855;1
proj.nr. 09640508/29864;1
proj.nr. 097505008/29830;1
proj.nr. 09760508/29651;1
proj.nr. 09770508/29429;1
proj.nr. 09880508/30340;1
proj.nr. 10020608/29728;1
proj.nr. 10310608/30425;1
proj.nr. 10460708/30357;1
proj.nr. 10470708/31192;1
proj.nr. 10480808/30983;1
proj.nr. 10550708/32578;1
proj.nr. 10660708/31790;1
proj.nr. 10710708/30955;1
proj.nr. 11230908/31445;1
proj.nr. 11410908/31467;1
proj.nr. 11460908/31507;1
proj.nr. 11490908/31746;1
proj.nr. 11530908/33132;1
proj.nr. 11731008/32163;1
proj.nr. 11861008/32476;1
proj.nr. 12121108/32399;1
proj.nr. 12121108/32400;1
proj.nr. 1302-0611;1
proj.nr. 1446-0803;1
projctnimmer 1277-0607;1
projecnummer 06921107/25819;1
projecnummer 1318-0701;1
project 06.173;7
project 06.178;1
project 06.408;3
project 07.0027;1
project 07.0073;2
project 07.0080;1
project 07.0140;1
project 07.0145;1
project 07.0300;1
project 07.0329;1
project 2386001;1
project V-07.0216;1
project V-07.0222;1
project nr. 31257;1
projectn.4562002;1
projectnr.;1
projectnr. 06391007/29285;1
projectnr. 08440308/31101;1
projectnr. 08630308/30845;1
projectnr. 09830508/32458;1
projectnr. 09920508/30762;1
projectnr. 10370708/30985;1
projectnr. 1080808/31293;1
projectnr. 10900808/31251;1
projectnr. 11010808/30986;1
projectnr. 11130808/31160;1
projectnr. 11310908/31344;1
projectnr. 1156-0507;1
projectnr. 11571008/31970;1
projectnr. 11661008/32079;1
projectnr. 1210-0512;1
projectnr. 1322-0702;1
projectnr. 1346-0704;1
projectnr. 1416-0712;1
projectnr. 14270309/34634;1
projectnr. 1453-0804;1
projectnr. 1484-0807;1
projectnr. 1496-0807;2
projectnr. 1513-0808;1
projectnr. 1539-0810;1
projectnr. 1550-0811;1
projectnr. 1572-0812;1
projectnr. 1574-0901;1
projectnr. 1580-0901;1
projectnr. 1582-0901;1
projectnr. 174073;2
projectnr. 2386026;1
projectnr. 27430;1
projectnr. 31232/31232;1
projectnr. P0503025;2
projectnumme1408-0711r;1
projectnummer;1
projectnummer -5530707/25415;1
projectnummer 01610206/21369;1
projectnummer 02800906/22154;1
projectnummer 02941006/19659;1
projectnummer 03770107/23250;1
projectnummer 03790107/23246;1
projectnummer 03860197/22003;1
projectnummer 04240207/21789;1
projectnummer 04600307/22328;1
projectnummer 04620307/22294;1
projectnummer 04680307/22321;1
projectnummer 04710407/23344, versie 1.4;1
projectnummer 04770407/25448;1
projectnummer 04950507/22815;1
projectnummer 04960507/23079;1
projectnummer 05100507/23198;1
projectnummer 05360607/25031;1
projectnummer 05410607/23245;1
projectnummer 05500707/23481;1
projectnummer 05520707/23729;1
projectnummer 05570707/23669;1
projectnummer 05750707/24678;1
projectnummer 05770707/23741;1
projectnummer 06010807/24471;1
projectnummer 06130907/24606;1
projectnummer 06260907/2606026060;1
projectnummer 06461007/25379;1
projectnummer 06781007/25727;1
projectnummer 06791007/25428;1
projectnummer 06881007/25571;1
projectnummer 07191107/25937;1
projectnummer 07321207/26095;1
projectnummer 07331207/25789;1
projectnummer 07361207/26479;1
projectnummer 07500108/27320;1
projectnummer 07570108/26848;1
projectnummer 07600108/27327;1
projectnummer 07760108/27505;1
projectnummer 07P091;1
projectnummer 08200208/27481;1
projectnummer 08370208/27392;1
projectnummer 1154-0507;1
projectnummer 1190-0510;1
projectnummer 1195-0511;1
projectnummer 1196-0511;1
projectnummer 1230-0603;1
projectnummer 1231-0603;1
projectnummer 1232-0603;1
projectnummer 1237-0603;1
projectnummer 1238-0603;1
projectnummer 1255-0605;1
projectnummer 1259-0605;1
projectnummer 1273-0606;1
projectnummer 1279-0607;1
projectnummer 1293-0609;1
projectnummer 1300-0610;1
projectnummer 1303-0611;1
projectnummer 1306-0611;1
projectnummer 1308-0611;1
projectnummer 1312-0612;1
projectnummer 1314-0701;1
projectnummer 1323-0702;1
projectnummer 1329-0703;1
projectnummer 1335-0703;1
projectnummer 1336-0703;1
projectnummer 1338-0703;1
projectnummer 1342-0704;1
projectnummer 1343-0704;1
projectnummer 1344-0704;1
projectnummer 1347-0704;1
projectnummer 1350-0705;1
projectnummer 1351-0705;2
projectnummer 1353-0705;1
projectnummer 1354-0706;1
projectnummer 1357-0705;1
projectnummer 1360-0706;1
projectnummer 1361-0706;1
projectnummer 1363-0707;1
projectnummer 1364-0707;1
projectnummer 1365-0707;1
projectnummer 1366-0707;1
projectnummer 1366-0708;1
projectnummer 1368-0707;1
projectnummer 1371-0708;1
projectnummer 1373-0708;1
projectnummer 1375-0708;1
projectnummer 1377-0708;1
projectnummer 1378-0708;1
projectnummer 1381-0708;1
projectnummer 1382-0709;1
projectnummer 1383-0709;1
projectnummer 1384-0709;1
projectnummer 1386-0709;1
projectnummer 1388-0709;1
projectnummer 1389-0709;1
projectnummer 1392-0710;4
projectnummer 1396-0710;1
projectnummer 1399-0710;1
projectnummer 1400-0710;1
projectnummer 1401-0710;1
projectnummer 1402-0710;1
projectnummer 1405-0711;1
projectnummer 1406-0711;1
projectnummer 1410-0712;1
projectnummer 1412-0712;1
projectnummer 1413-0712;1
projectnummer 1414-0712;2
projectnummer 1415-0712;1
projectnummer 1419-0801;1
projectnummer 1421-0801;1
projectnummer 1422-0802;1
projectnummer 1423-08-02;1
projectnummer 1425-0802;1
projectnummer 1429-0802;1
projectnummer 1431-0802;1
projectnummer 1432-0802;1
projectnummer 1434-0802;1
projectnummer 1436-0802;1
projectnummer 1437-0803;1
projectnummer 1438-0803;1
projectnummer 1439-0803;1
projectnummer 1442-0803;1
projectnummer 1443-0803;1
projectnummer 1445-0803;1
projectnummer 1454-0804;1
projectnummer 1456-0804;1
projectnummer 1457-0804;1
projectnummer 1460-0804;1
projectnummer 1462-0804;1
projectnummer 1468-0805;1
projectnummer 1472-0806;1
projectnummer 1476-0806;1
projectnummer 1478-0806;1
projectnummer 1480-0806;1
projectnummer 1486-0807;1
projectnummer 1505-0808;1
projectnummer 1506-0808;1
projectnummer 1514-0808;1
projectnummer 1517-0809;1
projectnummer 1552-0811;1
projectnummer 1564-0812;1
projectnummer 1566-0811;1
projectnummer 1594-0903;1
projectnummer 1597-0903;1
projectnummer 1607-0905;1
projectnummer 1618-0906;1
projectnummer 1628-0906;1
projectnummer 1633-0907;1
projectnummer 1637-0907;1
projectnummer 175165;1
projectnummer 175277 en 176038;1
projectnummer 176150;3
projectnummer 176153;1
projectnummer 176166;1
projectnummer 176168;1
projectnummer 176200;1
projectnummer 176230;1
projectnummer 2366030;1
projectnummer 2376003;1
projectnummer 2376004;1
projectnummer 2376009;1
projectnummer 2376013;1
projectnummer 2376014;1
projectnummer 2376019;1
projectnummer 2376020;1
projectnummer 2376023;1
projectnummer 2376024;1
projectnummer 2386003;1
projectnummer 2386004;1
projectnummer 2386007;1
projectnummer 2386013;1
projectnummer 2386014;1
projectnummer 2386018;1
projectnummer 2396001;1
projectnummer 28153;1
projectnummer 4550465;1
projectnummer 464868;1
projectnummer 856021;1
projectnummer 856022;1
projectnummer P 0502465;1
projectnummer P0501841;1
projectnummer P0502183;1
projectnummer P0502215;1
projectnummer P0502501;1
projectnummer P0502753;1
projectnummer P0502784;1
projectnummer P0502801;1
publicatie AAC;1
publicaties 174;1
r 03.066;1
r 04.246;1
r 05.05.226A;1
r 05.164;1
r 05.360;1
r 06.113;1
r 06.136;1
r 06.171/172;3
r 1417;1
r 1508;1
r 1734;1
r 1764;1
r 1773;1
r 1774;2
r 1791;1
r 1799;1
r 1816;1
r 1817 (2de herziene eindversie);2
r 1840;1
r 1841;1
r 1846;1
r 1847;1
r 1850;2
r 1856;1
r 1859;1
r 1868;1
r 1874;1
r 1876;1
r 1881;1
r 1882;1
r 1883;1
r 1885;1
r 1890;1
r 1892;1
r 1893;1
r 1895;1
r 1898;1
r 1901;4
r 1902;1
r 1908;1
r 1915;1
r 1917;1
r 1920;1
r 1924;1
r 1925;2
r 1932;1
r 1938;1
r 1940;1
r 1944;3
r 1947;1
r 1958;1
r 1966;1
r 1970;1
r 1974 (herziene eindversie);1
r 1999;5
r 2008/094;1
r 2080;1
r A-07.0178;1
r V 07.0230;1
r V07.0159;1
r V07.0191;6
r V07.0247;1
rad 30 (concept-rapport);1
ram 164;1
ram 170;1
ram 177;1
ram 180;1
ram 188;1
rama 19;1
rapport  A-07.0320;1
rapport 05.222;1
rapport 06.293;1
rapport 0713;1
rapport 0714;1
rapport 0716;1
rapport 0717;1
rapport 0718;1
rapport 0719;1
rapport 0720;1
rapport 0721;1
rapport 0722;1
rapport 0723;1
rapport 0725;1
rapport 0726;1
rapport 0728;1
rapport 1013;1
rapport 135 - C03081/000166;1
rapport 1602;1
rapport 176099;1
rapport 1793;1
rapport A-07.0239;1
rapport A-07.0361;1
rapport A05-209-R;2
rapport A07-158-I;1
rapport AO3-338-K;1
rapport V-07.0261;1
rapport V-07.0287;1
rapport V-07.0355;6
rapport V-07.0387;1
rapport V-07.0403;1
rapport V-07.0413;1
rapport V-07.0427;1
rapport V07.0229;1
rapport V07.0244;1
rapport V07.0246-4;1
rapport V07.0283;1
rapport V07.0331;1
rapport V07.0347;1
rapport nummer 0810;1
rapportnummer 0731;1
rar 15 (rijswijkse archeologische rapporten);1
rar 18;1
revisie : 00;1
s090081;2
s090156;1
s100149;1
s100263;1
s100330;1
s100335;1
s110008;1
s110014;1
s110086;1
s110103;1
s110188;1
s110195/110212;2
s110238;1
s110270;1
s140079-C;1
s140090;1
s140096;1
s170057;1
s190029-b;1
sar 19;1
star 104;3
star 111;1
star 123;1
star 126;1
star 127;1
star 129;1
star 130;1
star 131;1
star 132;1
star 133;1
star 134;1
star 135;1
star 136;1
star 137;1
star 138;1
star 143;1
star 146;1
star 150;1
star 152;1
star 154;1
star 155;1
star 156;1
star 157;1
star 158;1
star 163;1
star 167;1
star 169;2
star 173;2
star 174;1
star 176;1
star 177;1
star 178;1
star 182;1
star 187;1
star 188;1
star 189;1
star 191;1
star 192;1
star 195;1
star 197;1
star 198;1
star 203;1
star 204;1
star 205;10
star 206;1
star 208;1
star 211;1
star 212;1
star 214;1
star 215;1
star 216;1
star 218;1
star 222;1
star 223;1
star 224;1
star 225;1
star 227;2
star 228;1
star 229;1
star 230;1
star 231;1
star 233;1
star 235;1
star 239;1
star 245;1
star 248;1
star 97;1
t 1841;1
v-10.134;1
v-15.0153;1
v-16.0062;1
v-18.0084;1
v-19.0086;1
v-20.0122;1
v-20.0178;1
v-23.0706;1
v-23.0830;2
v-23.0847;1
v-25.0210;1
v1134;1
versie 1.1;2
versie 1.2;3
versie 1.3;2
versie 1.4;2
versie 1.4.;2
versie 1.5;2
versie 1.5 eindrapport;1
versie 1.7;2
versie 2.1;1
versie 2.2;1
versie 2.3;1
versie 3.0;1
versie : 1.4;1
versie: 1.2;1
versie: 1.4;1
versie: 3.1;1
"versie; 1.3";1
x;4
xx;2
xxx;12
xxxx;3
xxxxx;1
xxxxxx;2
