0001fae4-e5ad-7c95-ff22-6739ab6f806d;1
003ea120-e234-5d9f-465b-02970160b5ad;1
005f63a0-d5ee-18e7-a252-801825fd589d;1
0066c4e7-d5c7-287f-3395-8f6e3f4009cd;1
0079b6eb-66c1-44ed-64d7-e81ec3f71cff;1
008179f4-3c67-7688-83a3-e20bca1eedf7;1
008339b5-f6a6-c0e0-295c-e85c95b17965;1
00836c70-826f-0749-2d8f-90ebf269a3b4;1
008daedb-0f46-04e3-493c-822ea54db3d6;1
0094739b-a2c9-325f-51c9-6ab4ac4d4f52;1
009b007d-c59c-f272-819e-ab41c3db1cba;1
009f0639-7c17-df6b-d67a-aebde011ab1a;1
00a77ca6-2caa-bade-976d-5b7aec2c0d01;1
00a7ef13-285d-fb5f-251d-b6c549704abf;1
00b94776-4f2b-31be-7ffc-7e1f20e404c9;1
00bf84a7-3345-4b5a-daf3-7c06e137e4f9;1
00c75d6e-3a73-9159-ff66-0b1ed14d0003;1
00ca6606-1bb2-9d73-3a5e-e09be95687ff;1
00e766b2-19e0-93ac-45d3-07ab2a77f2b2;1
00ef4aff-6523-1625-a29d-74f396cfe1ea;1
00f5acf5-c77c-1e0e-c0a4-3c736d9ca74c;1
0117a8ba-9a53-322e-e1fb-525f059dfd60;1
012c8ff1-e50a-110c-5253-9e17b3b4208f;1
0137586d-a22e-3d4c-52b7-2bca75ddbe3e;1
0137655e-8570-f0c2-3213-7fcbe46c1a18;1
013c08a8-ea38-420b-d835-822ee46dae9b;1
01745083-7573-3b89-f559-42f50447a6b7;1
017931e3-f327-4a28-99b0-9308c86c4df0;1
017f6205-9f23-4c4a-eeb0-a4076e9d66cd;1
01872af3-0fa1-02ba-0304-43040c428c29;1
01926ef9-8d31-e6d6-8db1-bda7a0dbe013;1
01ab98ab-0df4-46d5-ba56-eeae921974d1;1
01b5abc3-dc48-a33b-7fa0-6530550f88e3;1
01c5e961-f8a8-1ef1-8d99-1e5e23d3669b;1
01d09bac-75ca-e4d4-5e90-a62107be0b42;1
01d1a86b-ba63-4d54-6d81-04cbbd87d792;1
01d25f75-556d-0015-c0ff-a6d5a0952da4;1
01d51820-1f40-aed2-04c1-7e6169aae6ed;1
01dc79f2-6de8-5b18-d008-7e1030256d2f;1
01e072d9-949d-f858-8adf-f940a752ce56;1
01e678cd-67c5-e81c-4ed6-39228bbb616a;1
01e71cb1-deed-4290-ffda-fe06fcbe799e;1
020a0fb9-4d5b-c04b-aaa9-68410c725a6e;1
0218472c-a052-4594-36d5-f9588845d448;1
022f6a63-d4a8-d67f-1ccc-234a5488416a;1
02351483-33c2-9025-e5bc-d2c588a07618;1
023bc7b9-f60f-2888-1c1f-6dae418aaaff;1
02423423-31e2-bd55-dad6-d7c70801c925;1
0253501d-f9a3-db10-040c-8fcfe7ba00ff;1
026e5409-999a-c1d4-bff0-fb7cd5b52b91;1
027725ec-721e-1f83-f911-d1a9f5652760;1
027de29e-a8ad-d0a4-60b5-db2ec9ab3b13;1
027f4e44-cc34-8c1e-18b5-2f6966cf6769;1
028df1ed-fccc-62c8-b5c6-70c0ce677ab2;1
02971984-2470-d317-a8a9-0fb0015c9035;1
02ac2a65-8460-d245-2d4a-5fd8bf4ab2a5;1
02ccb17e-e227-683f-d1c6-16d4dca1bc59;1
02d6efdb-80f9-b6f5-b786-bb0774b5f4db;1
02eae2d6-a067-dc14-77e1-a1ed84f41966;1
02f0d3a8-924d-cf87-aa48-25c92e602eb9;1
02f6d698-f91f-db82-b057-1260ed19f264;1
02ff0baa-e2f9-0327-c6ff-cf32b03bfe12;1
030234f0-4231-125b-22f9-ca954b75605d;1
030899c6-3ecd-25bb-4a8c-36c8e786a236;1
0310e066-83d6-6b18-08f3-f432112e7849;1
031d0f36-4191-8496-7006-f63aa2c36b2b;1
031e8585-0f6f-7f96-1f2b-37189bbfeaea;1
032b400d-71c9-a6a6-07b1-49ba1ae8d3fb;1
03388754-7ed3-2ee5-513a-e2279705df07;1
0360b1b0-f0e6-ce6d-e9af-c9f0dcc7e04b;1
0368e9f9-d422-7da0-ae71-3a5aac30ba02;1
037b2365-4c73-b2b6-9f3a-e1e7c2a80b2c;1
03876ae7-12a2-88f6-d53f-d99f364520b0;1
038a8249-edbb-55d0-affa-a2dca0c1b6d6;1
038e1a0e-4c67-5e09-4302-5569ed729d3b;1
038f116e-69d2-4cda-71d2-4dd417242933;1
0394e99d-9af0-5f58-1d37-ba487c6ef2b8;1
039519de-0b04-c8da-151d-4fb6f7f5be99;1
03990afd-3171-ffb7-38b9-33d57fc8a158;1
03a29ca8-3de8-34ec-860d-f8a5284dc388;1
03b12285-0137-bcfb-0a96-9b92827680e8;1
03bb4f4a-ac7d-01c4-22a8-9432df49d72f;1
03cec350-7840-4a8e-4104-09e5c58e6acb;1
03d3a9b6-ccfd-98e7-fe98-b1c7a87c577b;1
03daea16-193c-2658-8329-f9c598039e33;1
03e49b15-ea74-3fbb-5aa1-9345d323ad97;1
03eaa984-e693-21a3-2f2d-a9ae9475458c;1
03fc7930-b0ef-15b1-8422-fd444a2d0bff;1
0412cfcc-0848-f068-de3d-1874988562db;1
0428ec7d-25f3-e477-38ae-d448b1464169;1
0432b3c7-7cbc-6d3d-14e6-232c62f9b9c3;1
0441c1ab-e18f-c72a-0e28-8a395fc23e29;1
044f0aa8-359e-20a2-cd24-570d0457439c;1
0456c9f9-2b3d-9b49-598c-be6b10741fc6;1
045715c8-f8b3-503a-39b5-df1f5d9b5dd0;1
0460c2d3-d2ff-a318-c8b1-9eb126146730;1
047f5d64-5074-e5ef-1d5d-464d05cd6a7c;1
04a417ce-dc87-63ee-650b-4434131de169;1
04aaccfe-0e73-3975-86fc-e70e73cc4005;1
04bd62dc-1cb3-6954-63e7-fd585179b92a;1
04d1f80e-3f52-844b-fe7b-67f889aad1d6;1
04d63a0d-96d3-d795-217d-19a56b0840cd;1
04ddc60d-c518-7dc9-1a25-d441a963db36;1
04e1ac33-45db-f002-696c-7eb50dfeda82;1
04fa0ed8-b7cc-01f4-e1c5-2af85c9cc71f;1
05058194-e196-dfb3-20b3-75d441c9790c;1
0507c90f-150a-be16-8b4f-04c115377597;1
0516a564-793a-3384-29e6-86b893c097d5;1
05198098-3478-36f1-124a-ce249b079c8f;1
0519d5f3-8885-3eae-3607-2a36e1af12fb;1
051b77c2-05ab-4588-8916-c677a433c221;1
0532d6f6-46bb-8eef-ab30-65652194a092;1
0533460e-d462-1130-c7b3-82a5ae316b70;1
05362468-ad7f-a82e-53e8-377904585008;1
0552cdc7-0d2c-9db3-4c71-96cf482723c8;1
05609ff3-58fa-be45-b92c-369f9fc1705d;1
056713af-208d-cf62-b7c2-98cfe9ed5e21;1
056e1487-e226-2559-7016-1006ffbaeb5d;1
056f9171-3348-dcc1-aedf-7f6c40e0b286;1
058eed3f-e4d2-2093-949a-e435982daae2;1
05a06760-7680-56d3-4a71-1df7b27c0b44;1
05a2d73c-f8f0-b131-1447-82252ab5923c;1
05a87c8a-2c86-7ce8-57b7-11563c5c9782;1
05aa2275-1845-1ef6-6935-c3fac2b9c717;1
05aa5100-cd14-c588-58fd-8b9d0a93fd57;1
05ad3f78-ca90-75f1-bf68-1faad6f916ce;1
05b3f144-c71d-d94a-916c-dd312c63fda1;1
05d84ffd-4ed1-13a1-d783-7e66d0c278c6;1
05eeff3b-811d-f50c-38a8-b894d2bf28b7;1
05f9cbfa-ca51-feb3-7dad-97827f161610;1
061ec0a4-ae36-0613-5968-68c7a371ea40;1
06201d6f-534f-5f80-15b4-241787585759;1
0628b21a-249c-4117-7688-f99223efd3a4;1
0647174b-a0fb-067b-38bb-3478f0293aea;1
064a6d44-d7ca-f990-d2f9-74cfe3b25a9e;1
064e02d7-9f78-2c8e-3a6c-96f8f78e373a;1
064f8f32-5180-ec15-5978-75b3e17edff4;1
06549505-3e58-0661-b64b-de9d4c8346d3;1
06653e83-e102-01f4-2605-965b1c6a4d42;1
066601ef-c3fc-0dde-803e-61f836d6bae9;1
0673b93d-c6ee-79cc-14a0-a910a4a923b0;1
068fd702-6a64-d258-d614-657e9620f93c;1
069037e9-4071-9ced-8612-964547dde803;1
06ad237f-a675-6f26-5444-1d9ffaa683f5;1
06b0ab2b-0864-ceea-f921-e04eea8a1a5c;1
06bcb338-6de4-d56e-ac28-ca85d25a17c8;1
06c2ce83-793d-8f0f-2339-317a8b6f523f;1
06d837ec-35d8-3ef3-96d6-1b88ae501a98;1
06e3e05d-c6bc-bc10-4efe-5138a7e49907;1
0709dd8d-a6ff-b554-c53f-5717cf407d21;1
07102088-9b46-7e27-b78e-a6a5562a1a6f;1
071a0936-3d9b-7dd8-0754-870b71706c3a;1
071c3d8b-726e-b677-ac54-0ac08879c7d5;1
071d2643-836a-7a1c-932e-78b5ab3506a1;1
072687bf-253a-da25-51a9-da2eb12efd22;1
0728c6d6-81d2-035d-7a4c-81131edafd14;1
0737bf4d-6d3b-f9af-0d9f-77515ae8d454;1
0740f8d9-7250-4da8-bc23-4b388a51cfeb;1
074e3d96-a2dc-9d8b-416f-789c0120a5d3;1
0761cae7-1404-c547-3003-07c8580ea0c6;1
07651ad8-3b6d-29a3-5fe3-bbc82450feba;1
076f0514-6072-8823-bbd9-0ce016058e2d;1
077e7d2c-fdf6-2e61-c87f-dc43a30ea382;1
077ff20e-28a0-03d6-4ee9-73bff7c74212;1
0789f148-e057-93a8-7a71-b8aa1d6d4288;1
07a40d79-a082-8fe4-87e4-f413d1ab03fc;1
07b7a7be-cd20-f94e-db59-0bc0a0db7be3;1
07c687f4-2bed-6695-0013-2815cfb4cacc;1
07ce756a-08d8-1799-c2c1-04fefabe7ce5;1
07f78a80-6806-27b4-f934-dc1827602864;1
07fde569-2cc1-070b-d959-942cbb2d0a47;1
07fdfb97-32ad-8ea7-ded1-1e550b5656c6;1
08061b39-b91d-0403-e67d-321c892f48ba;1
08118bd0-8c14-47b4-cafb-12b2bf4ca905;1
082d3958-96cf-9217-2096-79b82c4b3a83;1
083a8300-a552-daf1-74c2-803c7ce6b3df;1
08446faa-7b4c-8e2c-5772-2eb4b9f85838;1
0846474f-eeac-a774-52ed-a96a1de89dfb;1
085233d9-2fd7-1bd3-595d-82a60a7e99cb;1
0864f217-fe60-a1a3-3740-093526a975cb;1
087de19c-874e-2952-49a7-5135f597caad;1
087f65f8-51c8-2602-2f2e-600b8f83cfc7;1
08854bec-7454-af26-f290-684d4a8816e6;1
08862c32-036c-f6b0-b98c-18709e5a24af;1
0897bb56-8b18-5d99-f71f-94e65b3dae14;1
089ca5b6-2499-35d5-0aef-76aa7cc1904b;1
08aaae77-634c-f18e-4a37-cd88aeb1a9b2;1
08b3eb6e-3075-7a29-bc04-3eb161ee6e48;1
08e0a2d8-e200-dd71-edcb-268e35b8a24d;1
08e44e5e-bdbf-48d2-8d8f-827c97ceeddb;1
08f027d0-9095-b19b-2120-0124dd14a6a3;1
08f27cd4-2fbd-4ff3-5839-904a6aa12fd3;1
08fc2d0c-a126-0666-6f2c-51fad6a626e1;1
0905d358-da3d-f701-fa4f-4ec5971a22d3;1
090930eb-50de-7952-8a9c-cb22893d80c4;1
0919e3e3-c7c6-ab7b-420a-4737150f030d;1
0924c6b0-74b9-019e-1a39-384a0714abd2;1
093757ad-5b2f-5462-3671-9b1e7cfeb324;1
095a5941-2ca6-482b-39d7-7399cebd1202;1
096e512c-2916-ccf7-cce8-539b6952bf0f;1
0988e172-8663-2172-e262-11ecd2d0a034;1
098d78ab-8ea3-c0ee-ac2b-628482196238;1
09933cde-b8ac-f9ff-d6d7-4c7754464d7b;1
09a2080c-69a0-1dd9-9c47-19fcc438a32b;1
09ab1e23-821d-f22c-4983-a6012698e8fa;1
09ba4dab-b995-0c12-b1f8-fde29a38ab26;1
09bc270f-7be1-7ff8-a22d-195632a31ed5;1
09c3e945-a89f-0659-7334-93e9941b97d8;1
09d61ca0-97c4-7944-ae2e-cec223d25994;1
09e567c9-b7c2-879e-07ab-85a569d10107;1
09ef089e-065c-ab3b-2df9-7568cda77f55;1
09f4dc96-9230-33a6-96a9-937097d43eae;1
09f5cb10-fac8-0727-ad1c-1af384b6bf47;1
09fa3c42-1dfb-c7e9-7c36-cb37ce2446f6;1
0a037b04-c53c-d63b-59ad-732291f0ff71;1
0a1049ce-224c-cfe6-b33c-8abb9349037a;1
0a1d9f26-353a-4f2c-575d-9178aa79f011;1
0a1f6595-ae44-4d16-9599-a2adb756362f;1
0a226ed1-bc78-9503-a43e-d42a384fc6ff;1
0a2df8f8-a90e-5d72-9847-45844ba4ede3;1
0a310fb0-3ae8-e778-0d0c-d2373ac6fb8c;1
0a4640b1-0100-7ccd-14d6-72b742493a49;1
0a4e3c4b-4ca5-c7b6-4527-c848f1ef14b2;1
0a5b3fc3-8d5a-0233-a95c-3cdf8f8e9a87;1
0a807a1d-5e5b-f17f-5e59-0ddd9fc92b15;1
0a826ad9-af9e-9448-9d7c-772c01243376;1
0a8afdf3-4636-a2b0-66f6-cd70fcd1aaa4;1
0aa492e0-8706-3133-048f-ffcbabd6b0d2;1
0aa79f1c-6a86-7d0c-f834-06ff8a18d8a4;1
0abf07fb-beb0-ac16-08b5-96001f1127b9;1
0ade1d42-6217-21b4-d316-c7613e049c95;1
0ae53f12-242d-7d7b-d298-3c61aaf31ee8;1
0aec021e-c831-f70c-ba74-9b7e15d44f54;1
0af3c765-1c8d-6fa2-9606-33f95b91fd2a;1
0b07e199-e12f-7571-74bb-ea0e33b6db8f;1
0b2064a4-af8f-1ffa-883e-6c0663026c51;1
0b27553b-0dbe-1d06-86c5-5e79dfbc26c1;1
0b2d908d-a679-98d4-b339-49a01d957359;1
0b3288e0-ed77-d1e1-46c5-eed3001b31f8;1
0b473786-51e2-fce0-ef3b-8a1d1086ef83;1
0b490952-3c6f-a8bf-ffa0-85636d2ea61e;1
0b4ac5f5-e85f-48f7-1e5a-4f0b1b72050e;1
0b56955b-1673-df8f-b939-995356a65f83;1
0b760bbc-73e4-24d6-63d0-3cbef913bcf5;1
0b931089-9498-d4c4-2687-4d65e492dedf;1
0bb78994-fa31-35df-62f5-1999c54b4ee7;1
0bbbb7a5-ccad-c651-b7f4-8a5443047644;1
0bc62bd2-ba22-663c-ba2b-0bbe2287956f;1
0bd5ac3b-6b7a-aea6-70f7-c234a5d28ac0;1
0bd84f1b-b5ee-52d5-0e97-7f9ddd4cefc1;1
0bf6797f-c0e6-de58-ccdb-ed58c3fffcae;1
0c04e41c-ccdf-a5ba-1087-d5b1dfe18317;1
0c064e5b-05a6-7c9c-a14c-a9a518eeb382;1
0c15d707-3348-a499-6703-ffc451a104c3;1
0c19d2c2-c6b3-4313-118a-f71ba45c6b01;1
0c1e3a67-ac58-0fb7-a8f9-2a05f444ec87;1
0c23a6db-838d-b3de-ea1a-cc517f8b6ca7;1
0c251a54-438c-6f22-4aeb-7aa00bf673dc;1
0c36dfb1-52fe-fb05-3f1b-458256f071a6;1
0c66ed6f-cdd4-18ac-ad33-c44b16823fa3;1
0c6fb33f-cc21-c46f-2684-1e987eefbd5c;1
0c751aaa-6b7b-fd0f-806d-e0301d00cf00;1
0c75a7cc-ebca-8c7b-e453-cde015e0464e;1
0c8b10c3-c061-6ad8-8270-5ccae7e4e9f3;1
0c992d99-4a89-a0f8-0670-a538970adb98;1
0c9a8eec-33c9-08d5-fed9-f9c725b6a59a;1
0cac14ca-7a7b-29fd-3826-d43fa04f63b7;1
0cb37fa6-c285-e05f-3f14-47167a46b7be;1
0cc50e89-5477-5f76-b54d-7c889676e1df;1
0ce185c0-1a59-7cb6-3f5b-4ea39df987f6;1
0d08dac9-f65d-885d-a0ce-c9d06ef3c92d;1
0d1f93e9-656a-c217-b1c2-d40590450b06;1
0d20a17b-7ac3-7049-d173-c092d47ef466;1
0d286749-b697-795c-df9c-5dd856a5cd13;1
0d29221c-a4e9-5517-c17e-4e91673d679b;1
0d4143a5-d7a2-a96c-18cd-6eadf40210c3;1
0d42f7ba-a5b9-d45f-3540-18ccaf9eaed4;1
0d4493e9-b35c-46fd-963d-045d76075d3a;1
0d4cfb7b-4cd8-a835-e9c8-02b661ea426b;1
0d50f32f-d4c8-5c6c-cf4e-160b15ce9103;1
0d541f6f-c4ad-925b-7cdf-1d594d14e576;1
0d5f59d0-c594-b6f8-23d8-5cc9808aa724;1
0d63565b-6c83-f1f9-58b8-19bcb613feba;1
0d63f7c7-6d58-a63e-1460-dc39a0a1edfd;1
0d6575ca-27cd-4b68-259d-befb374dd417;1
0d7d35c4-dd0a-6b3f-52d3-2d52780b1041;1
0d81dff7-944a-660a-352d-b43c0a2626b1;1
0d9fa959-391e-82da-2e89-ab1c4c91c17e;1
0da33db0-e77e-a474-8768-760198bdf714;1
0da9166c-a9bc-631b-540b-f4f1d326af80;1
0dafae13-20bd-c866-b898-37b30b33bdb4;1
0dc995de-e8de-f9eb-7809-0e12f6d037d0;1
0dcc6947-b761-7157-8687-0ef082ff45f7;1
0dcd4a87-e5f5-7b96-45c0-ef5851218a53;1
0dd35d3c-6a82-bf1a-2bd8-63588096db83;1
0ddef903-fc28-f87b-1755-5ca8bf16083c;1
0de47906-0634-f77c-54aa-648388d940e2;1
0de48e9c-860f-1ec6-d387-216fef033614;1
0df2d3c9-af04-f50a-8b6b-17cdfffe001f;1
0e11a2b5-1d65-4afc-f187-afa6dc2f2725;1
0e1d203c-84d6-f498-eae0-df692b567bba;1
0e1e2508-0f58-22bf-10bd-8f6494926b0a;1
0e265626-d757-17a7-bdce-5a57f61095eb;1
0e2e389b-fdd3-6e1f-630a-82baaaa66015;1
0e2f9c6c-f2aa-1f65-6470-30b0a79e1a36;1
0e313967-7218-f235-1204-0f600cfc296f;1
0e377d03-68d6-5cce-a2d6-6627e8b285b8;1
0e3cbb35-af76-da9c-82c6-4d564ac99854;1
0e578329-5f77-b2b6-d354-0254b237bcf9;1
0e6513bc-f663-c7f6-9a92-1d1364d9041f;1
0e69af2b-d01c-5aad-5bcc-bd6011e428fb;1
0e6f14c6-706f-1bf2-59d9-e85ee68b4ac4;1
0e791f07-75b5-51de-e362-da3b1d86ec6e;1
0e7f77f8-1f31-0df5-7afe-8ee5916f89db;1
0e8adbc2-42aa-8296-c491-43297392d763;1
0e9c1ee1-b572-12f6-f0ba-a5d224cb5070;1
0ea1c7cb-9dca-0dd5-dc58-3c7eb14f4e12;1
0ea2aaba-b7c4-dd36-0bd8-63437654aaf1;1
0ec3acc5-6dbe-9084-055b-dba7bf497dd1;1
0ecd8d31-b803-49cf-e10b-483b4cdde380;1
0eefa60a-392f-1b61-bb91-79750147b7b3;1
0ef02906-228f-f6be-239b-47d049e81ff6;1
0ef64cb7-856e-dcea-bcdf-5c3266b9ec6f;1
0f001f54-451d-ad58-576b-fec11ff90d3a;1
0f0aa525-712c-f406-9d42-13e5b5457cdb;1
0f125d02-30af-0546-a6a9-cb1830aecc14;1
0f17e2b4-2a5c-d1f9-e526-4d988e375d0a;1
0f1fe6ce-afaf-72cb-29f9-41c0ce8c9063;1
0f2bd6be-54d9-acf2-10ac-860d0e6dbc21;1
0f42b81d-0843-05ea-0249-1a42d41ac269;1
0f529188-4b48-ccf4-3fd3-7cdd76da6756;1
0f5cb168-01b9-002c-3629-c808f26117cd;1
0f5d0226-29c6-e2e3-f4d3-6f4ee30e4eed;1
0f720b8f-b755-4916-939c-9fbca5e2fd45;1
0f754522-d6cf-faf4-ff65-f8594272807d;1
0f7a9aa6-fe2f-a842-01c9-6e570a44683b;1
0f843c30-ce27-c12c-89a4-7a20dc947f7f;1
0f96bbe7-6734-a8bc-bcc1-471a0797edb0;1
0f9fbf6b-cef8-090d-3c16-98e29419a932;1
0fa4dfe6-9ff2-75e8-7666-bc799428e8e2;1
0fb479b6-0f73-3d1a-9a8c-7b30b488456f;1
0fb6ef2e-639b-6256-962a-eaa599addfc0;1
0fb77817-0dc8-6650-acc4-0ae72d05ff27;1
0fc0aa2a-3986-3b77-8e54-24795782e37c;1
0fc68d25-f8d8-b871-529f-1138075e35aa;1
0fc75a3f-ab1e-3a33-f747-37a0516e2306;1
0fd95611-46a6-131c-3a9c-189329121f3d;1
100454e1-6dbe-c62f-0c30-23e5a2059eb8;1
102777dc-cd57-fb0c-6226-2ee206775ad8;1
102fc4ec-4e06-1d3b-efa1-684501b7ad79;1
103a090a-c1e2-0b56-5f02-3c111fefe644;1
104dd985-cfaa-2d6b-c661-84f97835b934;1
1054b647-bc9a-d47e-a51c-785dad562d43;1
1056bbe6-28d1-1f59-774b-481148d808c3;1
105808df-8c33-f991-8542-6a92a166188c;1
1070b1a0-c3b1-3821-3e27-44d63b42bced;1
1092fa03-dca1-f35f-4228-18e38ef79ec7;1
10988911-efe5-be34-36c5-98afb03d9b06;1
109a4b84-43f8-d2ab-3dbf-42eceef7d88f;1
109a8b79-4895-fc25-2015-034429815293;1
109f8b19-5c6d-1d95-1cc9-38002f06c0dd;1
10cc3676-7da9-f799-8266-93a399d84d13;1
10d681be-14f9-68be-6751-1cf4b717e3e5;1
10e61c7a-685f-a47e-523f-029a563ae731;1
1103e208-6524-5be8-2764-fb7568ae1fbc;1
11040ac7-f104-f55c-003a-a88ea51cb546;1
11128eec-a439-d059-1131-6e65171c964e;1
1112c8ff-0d9c-e633-91ec-95582fc66f0f;1
111411bb-0c86-d3c0-e4a5-778f0bbe982f;1
111c3ece-1f77-4110-da2d-a3d2fa77daa9;1
111c5106-08ad-b74b-0977-b353fb65354c;1
112ba825-d714-3a16-a511-5e09d6fbe32b;1
1144d4f2-f494-47d7-74ce-e57d7c8d2dac;1
1146ecb2-9772-ec11-3088-a3ee167d25f3;1
114800cb-b923-0f71-eab1-142e9f8d68f4;1
115b36cb-5b20-0408-13a1-d11f897a1863;1
116233a4-64df-6727-745e-7574fbe10bc4;1
117365d8-1496-3883-5cfd-d97de6b0843b;1
117bab78-0b02-772e-4ce6-589db186823e;1
117c3a3f-f9a9-7e6b-dd4c-89e9e0350e60;1
118bfbc2-a48f-6a8b-bfdd-f60b0d562270;1
118e7455-75e5-1d7c-2a4c-391503a0b78c;1
119533f5-dd75-9cdc-bb73-6f93df3bb157;1
1197a10d-d864-34b8-8253-19f8523dac6c;1
119e2aa4-ff88-5301-49ce-1b5c15820f41;1
11a06a65-c124-8551-f45c-450309d84729;1
11b52f33-46d8-78f0-e300-d4f0f3761088;1
11c58653-e943-f07b-c5bb-1594e78f6cc6;1
11c66bb9-7fcc-8694-334b-b3bb71ff84ba;1
11fd6938-c5ea-30dd-c589-b0c7d8c84078;1
11fe67c8-98df-fa83-9d3a-df5faaf4e4cf;1
1203825f-bd67-6925-e359-c5bfd5b78b76;1
12076897-d2fa-d3ae-ff17-da60629ef459;1
120f41f7-de03-5b1e-b6be-7dde897c3568;1
12249d32-2e35-d6af-e327-eaf5b6086241;1
12445e7d-a59e-1554-0765-dc2abe101cfa;1
1247c1a8-f9c8-13a5-7d6a-abe7c12811d4;1
125b8e9a-9deb-1902-406d-19af1b9f33c7;1
1266210f-46a8-5f1e-b548-6c874d8d1fa6;1
126eb708-d210-d0a1-8e7c-7ec61e57f8ab;1
1299af18-ff73-9985-ada1-8567e4daee0b;1
12c4c27e-66f0-bbbf-92b8-945c52680f50;1
12c6ace6-8185-1120-4f2f-8a90558593ed;1
12d2262b-ade4-f51f-65f9-1e0ac70461cb;1
12d5cf64-c9f4-58fd-8a10-d7281cf2bcf6;1
12d99472-3318-b370-a8c4-9341d5f95bc5;1
12db83cb-7493-68ed-1709-d3fb5304c600;1
12f32dbf-174e-8e9d-b545-8c2d75cad1af;1
12f61186-5747-1e83-8fd2-9eb825eaed1f;1
12fc07a9-d94d-387f-d277-bf7c5024f42a;1
130fcbe0-1edf-c9c0-3cb3-2e2d08ff5eb0;1
1323b3c0-39e5-c08c-30bf-069874d0b4da;1
1326426d-c235-4bc8-188c-a24b22342ff7;1
13621a51-0d26-d912-f461-fdb7e664ddce;1
136f1257-2a0e-0590-9b74-350e7cfb8bd8;1
1370bbad-0b93-511b-ee2a-5b89acd3d2d6;1
1371169e-5c5b-6061-0002-ad0cc7c7d840;1
137335ef-3c73-7da3-c681-f5c54c0113ea;1
137dfabc-52e9-74b7-36dd-23c7b0ffe281;1
138e5949-8db6-c9b1-8ed5-d7a293fd0b5a;1
139b0411-e169-cc18-a292-7460cb61c73e;1
139b9035-fef8-7dd6-f673-ab18db62df18;1
13a0e3bf-bb16-fbd9-d7da-54314cdc47f0;1
13b480c5-40d2-f639-92eb-9a0759c80a6f;1
13b810b0-14c5-c6bd-b9f4-304c0e9cfd95;1
13e6a063-997c-4895-10a7-83040fe2d6af;1
1405f13c-a1b3-e6bb-371e-1412e89b073b;1
141de194-552e-7082-3d72-5ebe586f209b;1
1430635b-378d-98b2-245d-df87ccb01b0d;1
1435e021-c42f-cfef-5f32-e61d98ce2d20;1
14429d7b-8af7-c4de-1ff4-c6f5dc51adfa;1
145112f3-b93e-d442-41bd-25d99d567ed4;1
145616c2-fc41-d6a3-1cac-8adc91366bee;1
1459954c-e743-966d-3713-38288cab28cd;1
1462f73e-9cfa-8d16-b60b-0737be64d2be;1
148a1fd9-b15f-81a7-20ff-24d9ca02777c;1
148a4194-6bbd-5fd7-b321-b0069b4c4db5;1
14900d3d-f38f-2b18-669d-f9257fe6b5b2;1
149bc998-726d-d0df-9709-8e2e73f37038;1
149e9f67-10c8-e173-c9b1-f3e7bcfc1e8a;1
149ff119-faad-4ad9-0e95-75e7ed3b2c44;1
14a22048-9768-cc2c-73a1-ba87f7d7c544;1
14a8a74b-c842-c8dd-818b-24ecf0b9a5b5;1
14aa754a-be33-7113-d029-fe163e661789;1
14b10e34-6335-9608-8bc1-792fc179f942;1
14b135bf-53f5-ab6a-944c-e2874f3217e6;1
14d1aca9-1394-546c-dd44-13542e056cf4;1
14e0d2bb-0eb1-37a3-c4ce-ef51bcab4b71;1
14e753aa-3567-c5cf-4cd0-4bda218bf172;1
14e85cd0-ea8b-55bb-3806-481808d859f4;1
14f5504b-bafe-5ef3-eec7-5cc4d3a5ec0d;1
1506fa5d-2a03-5eaa-440d-bf8cd248fad1;1
1511d17d-5b61-23f4-0c12-1950c10f99df;1
15151a52-3753-85e2-3da0-8b67fb9498b4;1
151f6b5b-9281-e5cf-195a-f4ac9a88d075;1
15271967-8dd0-add2-93ac-3dff39ae1eb1;1
152eae90-c857-6cf8-ff41-b456959ee94f;1
1532de15-4af9-ce95-c10e-9db105ce8253;1
15389378-28c9-b85c-2bbb-0c26737687de;1
153b7afa-c5a3-81c6-0cfc-721db40e3947;1
1541318c-c4cc-e5b5-94f2-5a42493d89d7;1
155a84ba-045d-14b5-b359-5acc3e385df1;1
156f325e-79ab-6021-f97b-7f0a7b00835c;1
157975f2-9822-59da-a0b9-32d752c1ccce;1
157ea5da-2981-0da9-a688-a51493727bf4;1
15880ba3-cb0a-e412-3fd6-447b378a8493;1
158e666b-f1ee-a451-f8e5-b9d3cb8a8b4d;1
158eba27-c4d9-e64e-ab81-df6b30dd0fab;1
1590ee2a-28a5-0ba3-b182-14758709b775;1
159be34c-4a62-94df-66b3-66f6887b8e5a;1
159f8f4a-19a4-1d71-1de1-8557ce2caec9;1
15a8c2af-1fff-c796-26e9-494896fd1336;1
15b37231-5baa-e58d-c1ac-6557aec6c950;1
15e3f8da-bd85-107b-862c-b8f824b6b048;1
15ef1dbb-c58e-18fb-0159-496804dcc838;1
15f7a9c0-05fd-7077-60e8-b9aab2b63ff5;1
15f7f2aa-9c15-494c-e4ab-2e66e96c36bd;1
160528e6-2f99-c0a1-7552-b0d520969044;1
162bbee3-d1b5-bb04-140e-834a8c904e34;1
163a5672-ef7f-e66a-9412-ea08f0d119be;1
165b0d37-c0b4-56c6-9dd5-b0d1aa26a580;1
1665af6d-178f-3384-ee60-0b3a3b157501;1
168e2f1b-9546-f71b-aa4e-17e0efa323ff;1
1692d8c7-2309-9f57-422b-a5dde12ff4df;1
169508c4-065c-203f-32d0-28b8e0d81edb;1
169b8335-e0e1-c5fc-e453-54863de2e54f;1
16c51547-4f9a-e67d-c967-bfc159c34fcd;1
16d50736-b60d-3a96-ecf0-6d893b82b1f0;1
16dcaab5-6746-31b1-19d0-aad92437a66e;1
16e195df-f432-72d0-ca75-7e3f7e54b5a2;1
170382c8-40f2-94de-d3b1-21c7a23339fa;1
170eb279-8e41-18fe-3b21-7a649954dab5;1
171d8e18-2b8b-53a6-7643-1da0137dbbd2;1
173795a9-0858-347d-04ed-df738a6033ce;1
173a1725-42e5-0d71-7f82-8f3a58f0a450;1
1746c2dd-5be4-160e-9e15-9c6dd05f1bb4;1
174cc6c1-ef5f-2c19-4037-9687f5b1476a;1
175ec655-bf60-4f9f-cc74-06d454d802ed;1
17623caa-4e80-74c3-2d20-6267f352e90a;1
1763ac0d-fb64-addf-e018-cf7158a70f50;1
177901bf-19b2-d5bd-ea90-0d956f89d17a;1
178b932f-f0bb-eda8-f42f-f0bac0d7b343;1
179f5dc7-1da2-20d4-5ab9-f3c11aa8cebb;1
17ac7553-53c5-7f3c-6520-c7f6e32c6e34;1
17ae6530-7f8f-d97f-9fe0-f8d0790069ed;1
17b8b5d4-36e6-acbe-ad17-65d6313a7fa1;1
17cb647b-3031-a942-83ee-88a33ceb0844;1
17d32a4c-baf7-2e97-76a1-651dab547081;1
17d76332-e0f5-38b3-b717-e54d6376cfd5;1
17dad7c5-e14f-9aff-c4bb-75cac33734cb;1
17f4b2e0-c95c-0ba1-7737-c071a27e544e;1
17fb789e-9690-75ce-9535-132ea58a157e;1
17fcae79-443a-383d-acc9-7e7c4d5ac511;1
180c81b5-663b-c336-65b0-cd089a2c55f5;1
18203b23-b073-3eed-44d1-66689f4a5827;1
1820d988-8e14-e826-17ad-3769d75fc620;1
183d5ba8-4758-55d9-4444-ddbb9e83bdca;1
1847dc42-5bcd-b382-ced6-deebaab11080;1
18492560-a68b-7690-52b2-6fb51f928137;1
186f6d13-8b5a-b00c-6511-c3ce4309182c;1
1876c5df-18e7-2244-1643-0a9003bc044b;1
189007b7-c882-3618-37e9-1ff7c62abfc2;1
1891e4ce-a2fa-3a5e-21cd-45abfd6f90e6;1
18a27ab9-1a68-d07d-df00-449ae67e7567;1
18c2a046-c85a-9269-a672-75829f33ed49;1
18c3e7fa-af27-99d5-d78c-4f6353ed2942;1
18cbe098-9ed8-38ec-f61c-dd35c0ad2041;1
18cdef4f-c553-4889-28f0-f2072e326106;1
18e75347-5045-ca91-70a0-9a5416365d3f;1
18e7c762-cafd-8da9-4d88-bebb88dbbea9;1
18e99fbd-8b04-551a-c6c4-55d2dce4464f;1
18ff88ab-b86e-33a7-1050-c8770a309c6b;1
1909a634-359a-6ce0-5bbe-2ed223553f01;1
19249ccb-a252-f852-b383-d6fff7e844df;1
193ef4d6-aa33-2a12-334d-a2dd7d469805;1
1946b453-5152-a410-8ae0-3b7606f80226;1
194c979f-e5b8-dad3-7fee-f071985c6d1d;1
1955c3f0-939b-e47b-b247-205ca8e1e0ba;1
195dc516-923f-b4ea-015a-9f2f17fac8b8;1
1966c291-6a50-ac1d-d5f1-4bc680651071;1
198674ea-2c20-36f6-af49-27e9341d6c9f;1
198ccdeb-22e4-db2f-9efd-70f13140871f;1
1992614c-7aa8-ef00-31af-cae272c0e937;1
1995ad4d-5793-eaa1-e21d-715ec726b3b8;1
1999db5e-f944-c70f-585a-0b725152d3ad;1
19b4e78e-1c6c-b37c-37c2-28ad367658c8;1
19b8f1c8-4b33-31a2-7940-c72c5fb26b83;1
19e2aaf0-2ee9-5156-a671-4f39a786186e;1
19f0ce02-4ca0-4d01-5821-285bfc3adde8;1
19f9063c-ad55-c580-4fd9-02b29e6a6659;1
1a0dc85e-8a44-673d-2e9d-d60122ce0c55;1
1a1b5fc4-add5-65de-301c-26ec674443b1;1
1a28ef6b-e4da-d0e3-13df-91d7ae6aa14e;1
1a3122e0-7450-204f-602e-3fea96044a55;1
1a4ddf5a-616d-291a-9d4d-07b973866874;1
1a4fac4f-88d2-9af8-8acd-c7efa43e37c4;1
1a5642a1-6dbe-eef2-b14b-6e284a1c0f1b;1
1a61c39b-eba2-7d5d-9469-b01bfd39b534;1
1a7624e2-baa0-9a7c-65c9-355032d6ee4b;1
1a7db48b-b5c9-3a09-1142-767034f93f38;1
1a85438f-9d6e-587c-c9d2-f13bf2fec2d1;1
1a8941d3-96f1-98ba-467e-138adb600882;1
1a8f24cb-9b1f-0323-2895-861e555bfeb4;1
1a91f288-d427-c137-e31b-f0ed6fdd3f01;1
1a964fe5-a012-137e-1cd8-8867c7106f2e;1
1a985c05-bece-1326-0b69-96475c5d2204;1
1a988951-fd55-a012-c81f-faee9d01d78d;1
1aab9da5-c75b-4edd-dc98-22355366405a;1
1aacbda0-1663-d563-0747-d73a423db498;1
1aaff17e-e021-4b51-64e8-ebb9f7eda2ac;1
1ab08cad-5932-45fa-a582-d0b79d9b74b8;1
1ab0b98e-362c-873d-2572-bea6725f1d7d;1
1ab0d625-f35f-8b4e-77df-7b38871211ea;1
1abec28b-925d-1689-4424-2d095184439b;1
1ac25dbe-533e-6ff1-9ddb-6fede0fe5cf5;1
1acd348e-f694-2b42-0a7b-b971efdee525;1
1ad30059-fe3d-4592-3cc6-c0420b22c43c;1
1ae12193-5c24-43c2-213e-eb478a66590f;1
1ae26e5a-ca9b-532d-a5a3-33791ca34135;1
1aeefce1-ccdf-4865-95d8-97c8e64cc9af;1
1aff2bd5-865a-56a6-acfc-960421cbfb7b;1
1b03524b-ca5c-5527-0006-4e0f9b38a3d7;1
1b2269b1-fc64-5b5e-04f4-5e5e283e26d5;1
1b2bb7ca-dcde-a875-0365-42454cf92889;1
1b2c973c-96b3-9e26-b71e-0cbf6ae449de;1
1b316b7d-fa45-75b9-b078-40020efb8456;1
1b4d78c5-9096-718f-b834-11b5a47006ab;1
1b55c55e-3858-ff20-12b3-3c1282946c08;1
1b5878db-dc04-b49b-55df-944f27e944d9;1
1b5d4d57-20f7-7fb8-8a5c-c786b1c3cc45;1
1b62f20f-4e04-6ee3-fcdd-d586216e47e6;1
1b67b845-0329-0708-9366-c391188ac1f5;1
1b72aa7c-a9cf-a95f-0c13-4adcea33a5ac;1
1b75c86f-e3b4-fab1-6156-db1f73c12997;1
1b797f1d-b1f1-4997-66c6-68cacde9750a;1
1b8ec3df-34d6-4994-31b0-4bc755ef5037;1
1b930531-1e34-5857-7555-268088555219;1
1bb10cb3-52bd-2a01-c72b-8a5813ba52c9;1
1bb4b5d8-a2ef-98fa-bfd0-eea56baf0de5;1
1be4f0ff-f38b-5bfe-7f6e-423b22bee0c1;1
1bece8cd-2624-a3c9-f038-358542d7b04f;1
1c0b47e2-93eb-2ffa-dd66-28b2310f3e96;1
1c0b7af9-2f9a-fdf2-7416-117a1c458ed2;1
1c1995f5-90e8-1b77-7a4f-37bdd0350dbe;1
1c217a4d-9789-d498-bb79-9b3abd0482a9;1
1c374ae4-1937-0572-d8b6-e0a5ace97784;1
1c37f751-df65-8974-59fe-bee9eb3bb104;1
1c40958c-70c3-dd8b-4ea8-6640fa1204ce;1
1c40c4f4-0161-8d38-5ed8-b8433bf25015;1
1c667201-b147-40a4-de7d-ddff8e394f7f;1
1c775463-4e8b-450c-164a-e8dab9094c84;1
1c93b63d-756b-771a-7687-62377d270ad1;1
1cab9654-76cb-a906-a2a2-13af68e67760;1
1cb5416f-efa7-6af3-2b81-fc4b53fa4fc9;1
1cbc5a31-14b5-1b61-2f51-490c52fedc9d;1
1cbe7df8-ee4e-4412-5598-aa97fc5e06dc;1
1cde8d94-edb1-aa89-2257-a70bd49d8116;1
1ce19610-6cb7-c98b-9497-c35398226c71;1
1ce92689-a94e-4188-6ab0-78a198c7872e;1
1ceee305-918b-a673-d756-80378c27d04f;1
1cf52b5c-4e39-0c66-66f4-affb14f6766d;1
1cfd99d2-90fc-c8dc-ad64-c08b0cbb3d60;1
1d0862c9-5c5a-29bb-444b-39e4ca957725;1
1d0cc999-f545-93b2-78a7-493b7508cf0d;1
1d0ea358-6273-b9f2-c67f-5065c6ff98c7;1
1d2404ed-e324-3227-9e85-8eb5cbd500ce;1
1d275e58-0c3f-2b41-22bd-b38d2eb01abd;1
1d3fff57-6f31-27a6-d6f7-a65b7bdf43fb;1
1d40a714-286a-18a8-d1bf-79a931e7e62f;1
1d4f53b4-9ec9-1a07-d480-6a91cab58fc7;1
1d6513d9-2c26-35f7-68cb-3b08eb03a157;1
1d6f2f93-54ab-39de-0b25-f5963d62eadc;1
1d7c9c67-3593-4f6c-03ef-079cde9752eb;1
1d842078-2447-8433-a17e-69c38d36d442;1
1d8bca5b-871a-ef43-f6e4-f67fb084bbc2;1
1da0476c-8241-2395-2e0d-25a859520ca5;1
1da05d24-6efa-96ec-a653-7a7ad0ba01d1;1
1db242b2-294f-d1c1-4159-0c40b82b8d10;1
1dbc0f72-e470-e9a6-b030-c8114c926bbb;1
1dc89fc7-4690-d0fa-affe-75bb482ff4ac;1
1dd07a64-ba49-846a-46a7-a4e575993f66;1
1de6f290-a460-f93e-6aba-d9e1c7395f16;1
1dfb7984-eca0-3477-7fa2-2a01edc03cbe;1
1e052a3c-778e-6ff8-430b-0967252ca77d;1
1e10beff-ad93-30a8-f4d4-4e0c1fc7ad2c;1
1e17b036-4944-f7a0-ad9c-43988a9cf79f;1
1e1c52df-ed52-dbbc-1432-62d670165fe2;1
1e284a81-4471-d75a-82b2-0827ce1dfddc;1
1e2ba761-350a-0f87-9685-6050afb79da0;1
1e2cb4cb-057f-86f4-b14f-e110d037d8fe;1
1e4628a8-5017-676a-2542-146e00a4fecb;1
1e5ba3e4-a678-afbd-a943-ee5651271d73;1
1e7b9fd0-2864-613f-20d9-d8bf8963dbb8;1
1e83aaf9-7700-5a34-d917-809b35e65ea7;1
1e8af6e0-0b28-cbcd-2610-e6b65efb65a2;1
1e979f27-07c2-e217-cc1f-fbe32ee0c1a6;1
1ecbb94b-b778-27f9-396c-ea7bf2d4f3c4;1
1ed11421-9994-764c-5a34-5862e3e22656;1
1ee03369-4d80-fea7-3932-0935f101bf85;1
1ee88227-8402-8c06-4f66-b2a8b7766f5f;1
1ef679f4-654e-7673-d596-0101ab2f1ecb;1
1efb0183-b460-837f-362d-0b42042c9d88;1
1efd7121-c42b-4dd2-5dcd-e5e335c7483d;1
1f0483b5-6b2d-e182-77ad-cc9bb0e761ae;1
1f09f14f-f70d-d853-0359-6e9f9ffceea0;1
1f1e7995-65d1-ebc8-5baa-3c1081df85ab;1
1f2c203d-7717-3e87-df03-440a075c2113;1
1f3db78f-69bf-555e-82da-24920a8e8357;1
1f453cc4-f021-2fef-6a93-84caf769b855;1
1f57e202-6cd0-953e-c518-7d94b1850ee7;1
1f640121-d2f6-170d-03ec-37ec0ccd07c5;1
1f6d5b47-2781-70c1-d579-005c19e99149;1
1f83fac3-edee-9f7a-7e65-614602835932;1
1f8f1e4b-6e9e-8840-152a-782ce137bd8c;1
1f918996-f421-8b46-b0e4-2182e0cb0abd;1
1f9ecbc4-c9a3-2de6-b809-ebc76ede7b6b;1
1f9faa7a-9a66-3c79-15c7-771f46d9e907;1
1fafe15c-0e11-ff6e-74a7-b9e5e9450fdf;1
1fc6c8d6-3469-b866-ed82-6211045cc5be;1
1fccefad-5bc4-62c8-8d16-05899e3482ec;1
1fea7d33-9848-2f06-6bed-2bc54830b841;1
1ff501e0-9623-171f-7d87-a0aee9cd3cf4;1
2000ae60-64e9-fd7b-d1c9-7077a7ac5fe5;1
200c0e3a-33fc-a0da-6a0c-a2c040927134;1
20101733-062a-9d67-355e-aa15719c3793;1
2017de43-733a-4d93-e4ae-0d0722feef89;1
20213917-8199-cce9-1908-99bf4c523c3f;1
20268659-0ffe-cb85-bb0d-31e402f280df;1
20334d86-1d4b-377d-2d41-e6fef170dda9;1
203a2899-2ea0-a416-e536-0afb9c82d806;1
2042fbb7-a2a9-654a-4f99-14f4af12eb7a;1
2061540f-d58d-fc9d-0ba9-84cbbeadaf08;1
206bfdf8-0b74-4fb1-3e3e-c72bd105116b;1
206ca676-e1f4-dd1b-ff14-14162f7d12a1;1
2079367c-9602-c79e-6881-5545b78b62d1;1
20841e37-ab53-e732-55c9-40efb39351ef;1
2085ebba-dc6a-9c04-4026-4a91c4239f51;1
208a7a17-5622-8a19-c0ca-1c7be393d6bf;1
20913ee2-fe40-20c8-cb49-9b365a79f0eb;1
2091b655-774e-f0c7-b46f-910a0db1f18b;1
20ac1ddb-8745-fd5c-f418-baa5f60bc82f;1
20bac668-9701-b7d8-9aeb-28d1c44428aa;1
20c3f1cf-9796-48c7-1a6e-63cac218524b;1
20cd14f1-dfbb-3f4c-ba53-2f0f4281ddda;1
20d18c70-fd09-b2fd-bc0b-815d46caffd3;1
20d2ab83-91d2-c7da-08c9-e05a7b300a29;1
20f00ea7-095d-5fdc-3be4-7ae74da7be2a;1
20f07c7f-85d6-358f-b15c-7a0a3cb1d6c3;1
20fda93c-ffa5-59fd-33b7-b8ef47a9f3a5;1
210cca7e-023e-11ce-6ee8-a757dbadc733;1
21139390-b99a-37d7-f572-17c185ff64d3;1
21286856-2b4d-8a54-d64b-23e0bd316843;1
212b4023-93b1-b382-d871-ac80dafaa932;1
212c5deb-ad2f-e131-2a2d-12d60021b38f;1
21339de5-874b-ab53-b11b-95c63e0a4b11;1
213c18be-c8f1-9407-1dcb-f4404af5d787;1
21442a66-ce72-f614-118b-97bff6789203;1
2159612d-f8fa-35c7-0ac2-fb89190f20f0;1
215a2cc4-217e-b957-75ae-32f0c88c8901;1
215fdb8a-290c-a34e-8826-3a825063865f;1
21785a8b-b11c-8eca-a282-06ee11c830ad;1
219b6e13-1cfc-c5fd-b07c-9ad7d8702797;1
21a723a1-4997-933d-7c95-34bba4d6a250;1
21a78c18-bcb0-1657-c73e-83c8fb6f508d;1
21a967b0-1dbe-6a8c-def5-6cb0b7b46ef1;1
21b0b44c-f6b2-961b-52ed-20c3512e885d;1
21bc9d1c-bc30-2860-ae11-468d256f8bd2;1
21bfd8f8-b536-befa-a0c3-c85eb7503b3a;1
21d4fc86-da97-f0ad-bec1-a591f1383a84;1
21e37b29-ec5a-56cb-42a6-84c25c320729;1
21e4505b-a5c9-0f40-218b-d8da10ac21ee;1
21e66b81-fa7d-1c6d-a242-be4f5151257d;1
21f1738b-7a0e-ffb6-6739-c123434cf82a;1
21fb53db-4b3d-3d3e-e9fb-2a0f843e0eee;1
2209ab4d-697e-1ee0-ce55-6a17ee03ff7e;1
220b6edf-beb4-41b0-b94f-43f5321d199a;1
22298053-c1cc-8bc3-c7f9-819af9639b3a;1
2239a4ac-0d05-7127-9ee3-1fb803e28a9e;1
2243db9f-e41e-9685-c548-782f33a16971;1
22503cf7-4837-28f6-fa4f-f4070327c7be;1
225c5886-7620-eb05-1c9d-f93d72c72c4b;1
226349a0-ed05-8473-8223-d6cec301fc24;1
2264aa6b-0ca0-7472-6d8c-3f906640414a;1
2270932a-9dfd-3791-725d-ff0cb5dc69b1;1
22755a05-305b-636e-f904-efb29a407def;1
2281f78a-3310-ad60-8dd0-88e469ff9e2f;1
228b1857-9ffb-258f-f6ea-4e212d8dcb2c;1
228d35c4-4357-09b3-be14-d0a065f30f18;1
22913a79-e780-51f9-2c47-cdbe888e5712;1
22b16650-4b96-0959-1394-0fd70aa3c15e;1
22c27ab3-e3ad-6c0f-6e55-3deb80592641;1
22ca1802-3695-ed2a-9ca5-e2c027c6bf50;1
22daf936-9b1c-c18c-097a-b9d92c9a0788;1
22de89bf-385a-2838-7416-4a490ba0c49a;1
22f07e1f-3ffc-ee0e-65d2-a8d82a385760;1
22fe5ab4-bd82-5779-2705-7e3ef6904c20;1
2355dd5c-25b5-4052-c0c5-825b6e839877;1
235ae7cf-0065-87dc-d4b8-aa7b6fedfc3f;1
235bd91d-951a-5fb4-ba72-daed2a7454f9;1
236f1c17-99f9-0dcd-0db1-c80a62b0b7d7;1
2392e65f-2426-842d-5201-8ddc08183495;1
23a7d156-8a33-8a7b-f0fd-9ce570eb8613;1
23b70557-df72-97dc-50cb-a21a9d5a5f86;1
23d81510-6b2c-0e65-66c1-5ee729b73567;1
23db0bf6-3234-eab9-3c38-d0eafb0db951;1
23e4d754-0cb7-4b9b-81f7-d8e493b08d79;1
23fe56db-7e3f-6bf7-f447-be82b1c1da34;1
23fea82a-0e70-da66-6bd1-06967b8b9a11;1
2405e22d-ce64-d41c-bbee-82869c813c76;1
24151c35-2e1f-c7ce-d21f-17ad714ed1c6;1
24181d7b-50d7-b22e-b9a7-4031fec586f2;1
241de70f-0717-8a4d-c45f-b16ece2851a9;1
2423490a-e361-e856-0644-f1cafdda0cb3;1
243af758-fade-26e1-3a43-e2a1d29e7cd1;1
243eac61-78fa-7be3-e870-3640fdc52a5f;1
24558fda-a9a7-df1a-fc89-002f74fe6a8b;1
245ed3c4-6828-330e-8ac2-5bef6bd8f6a9;1
2460ac05-8d22-7570-2f8c-9ae5fcae93b0;1
24677300-4f11-a24d-623e-f56a9ee2ff0d;1
249ce30e-3daf-807e-2aa3-2f00ea6ae892;1
24a53bc3-fc41-cf6d-1c39-17793da20f80;1
24ae1b85-bb24-0085-28a4-7ea0c0c63e3f;1
24ae4a5d-757a-8797-ee69-d878a0870dc7;1
24c6756a-6927-0bc3-f2a5-00ab68a3f68d;1
24d6c57d-dd31-415f-d552-f6ade758818c;1
24d8e108-d4a5-1dba-de6b-b423d014da06;1
24dc8d0d-d024-f050-6189-1e1f2cf365b6;1
24f1957e-a2d9-33fc-a827-955384cfd6f0;1
24f3b5b1-8d80-271f-7850-74fd848e90a3;1
24ff2f58-09d2-2526-916b-96144c26dd27;1
251eaa33-681e-5d4b-6d2e-ee844ee76c13;1
2521358d-ec88-5a63-d844-28ddef2e7ec0;1
253a97fb-e1e7-295c-3bcc-4bbcb3df2d4d;1
25493336-9308-4f4f-9107-94ca6ccffea9;1
255103d8-95a1-db43-d3ec-d6c2fde74a34;1
2551e3c8-8ed3-ba5d-a2bb-a36309234989;1
25581d81-8003-685a-0925-b6e33390a1e2;1
25691c58-2fb6-fba3-0311-a0d383036f39;1
2570d8fb-7c62-dd92-c201-ed0ad9594215;1
2573bc0b-0695-d323-8a3f-9c7151cb601c;1
257f6da9-e51c-3546-05a7-6a7416bcd6f8;1
25922fbf-0105-0d25-0106-a4bdc528a4e4;1
2592f6be-4fc3-d38c-ac2d-c37c86219d0d;1
25a55ae9-799e-724e-f60f-ffcebd068137;1
25a6f5d2-ef05-84b6-7f22-5b26a66c3858;1
25b12f60-c5e9-82de-a2cb-f30a59a1b8da;1
25c16113-4144-f6e1-5526-f59a27bfdccd;1
25c5d4d9-46b9-de83-6488-78e84a40f9f3;1
25cf93af-ee69-2841-d7a8-dc70fdd0ded9;1
25da9352-d7f6-c2a3-e282-87511769c30f;1
25e33acf-6981-4ed0-7f63-3030742cd67f;1
25e81a30-4a7b-43cb-44b1-fc09051ca46c;1
25f007c4-5b90-1ebd-cc4b-21f5a99c21ff;1
25fc1fc0-4da9-b2cd-2f2a-09c9c0f9fad8;1
25fd776f-48b1-b22f-9319-f6a8088282e5;1
25fef295-9c00-2b55-e2c1-ade11a8c31e5;1
261649bf-d14a-8aab-e0c9-d83d3d42c98c;1
261e1d4b-2818-7f2c-a642-1efb7be291a3;1
2621b6de-46ab-f96d-1308-462cb4bf3ee3;1
262456bd-993f-c170-2a22-312fa389aaa5;1
263dab66-2d3a-6c68-69ac-65b973bd58e8;1
2641781d-9657-889b-a8b3-c30477837c41;1
264789c8-bfa8-7034-c141-b9740229da93;1
2651a83d-39bf-1c59-f98f-0a23186ea2f2;1
2659acfd-a2f6-8b0a-8518-8da89dd6fc29;1
2669ed5c-3a0a-7870-bafc-d99325fbfc97;1
267089e2-03b7-f331-f9b2-2b56dd8fc3a4;1
26764bb9-0849-ec58-69ad-c759913f505f;1
2676864a-d7bf-c69d-0247-504d970043ac;1
2698a936-58b9-b873-6ddc-bfe7afdb34d5;1
269c2cde-bc14-0a47-3036-2df31e17ee4a;1
26c220aa-db19-ba58-8e32-223a83f8da5d;1
26e402e7-ba7e-107f-5e42-89c37f4ae808;1
26e89475-c15e-bf5a-3cd9-b387262a43fb;1
270ba991-9189-3628-71d2-8b876d5926f7;1
270bb829-03b4-86d2-9b44-a0b4b841eddb;1
270ec18c-6126-0188-c34f-301b16d1f8a7;1
271817a4-77f9-d892-77b8-39bdff15f0dd;1
2723de1d-13c9-8752-4fc2-cf6be830cbcd;1
273430b0-037e-8e3a-ada8-9f93aadbcaf1;1
274c6cc2-0e09-10ea-8872-aa7d11d8d52b;1
2753516b-ec72-1dfc-266a-94543fa54be4;1
276dd06f-47d8-1815-8d0a-05aeb82914aa;1
2777a2fe-a4d0-57e1-c442-8b7aff48c7b9;1
279f96ff-7edf-0640-f9c8-7458a473a6e4;1
27a4cfb1-5260-427e-9804-2ab534495471;1
27a8edbe-6fa0-5a90-b657-9b7ba77ee846;1
27b1a6e0-f34b-746a-9525-61bac0864d0f;1
27bac2b1-768b-725e-7b7d-ef1a952eb5c1;1
27bb2c80-f701-6911-04a4-8ba1bbbbf63d;1
27c63be1-323b-b58c-111a-1f949aa8e90d;1
27cff95b-b180-289b-b066-f5bd29dd247b;1
27d2b5ef-4190-752e-2d4a-64ac3d52fa08;1
27d7ab3c-842a-e4ca-429f-914eb60e0435;1
27dbde70-4c16-6a8e-4e84-bf939c1ac867;1
27e79670-649d-2527-3e42-ee3df30756d1;1
2807bfa9-5fca-d001-6092-bca438ab9222;1
2809c348-537b-6e11-2b5e-0e3e31469387;1
2817becd-1008-0e3e-8389-b386743995f0;1
28469f31-55f5-50b1-fc88-4bcaa0d8dd6b;1
2852e30c-48f0-1f07-8049-bc40fa13d84b;1
285ccf29-0e2f-e562-8c0c-b05724b60cee;1
285d1e6b-4b4f-0978-4209-2b8933bb2986;1
28679cb6-cff7-de91-5d44-9681042a56a2;1
2876dbae-5001-78e4-6277-8198fe029201;1
288512b7-59f1-5a0b-cb91-befab20e757b;1
288f6230-a410-bc58-f9f7-2e030e8eddb6;1
28981bd6-8f56-8ed5-c807-e7f3005e66e7;1
289dc564-d8fa-4645-8eac-ea4fcca6a38d;1
289f9370-5cfe-899c-126e-da8a5d6a0d29;1
28a4323b-e9bd-07b6-c40c-a1528a163f16;1
28ae72a1-6864-3833-e367-c9f8d3b793bd;1
28b11c35-e2b9-a19e-74c7-d79eff486105;1
29044d7f-ff2f-f8c1-3705-85cbc5f11a23;1
2907e999-0518-c405-c102-b5d97cce8da0;1
29283680-fe10-f3c7-0579-cc3f612511ff;1
292e900e-529a-bbb7-649d-397de33e7f36;1
2945f195-04db-7ec2-8fbb-a821040e0310;1
294db3be-44ee-b101-40d0-b259dc31518d;1
295961a7-8d00-cc61-81f4-990bfe0de6a2;1
295ee36e-4af4-b8f6-ccfc-6ffdce0283ee;1
2963715b-258d-9151-0e60-7b887564ea8a;1
29653ec7-c0ff-2064-4998-e6ecee159aed;1
29835c1c-a522-4c48-e3ff-d8f669f60a5b;1
2983754d-230e-b590-2e2b-8c5405b8e7d2;1
29838426-d18a-2b86-fff5-b368dacc1b0b;1
298b94ce-3636-d539-4203-d5d4e7404a13;1
29aeb792-39a7-00db-46b8-8b5ff7706ed7;1
29bbb238-c73e-eec9-7144-5893016e5f5f;1
29c6b4bf-7f91-d6a8-4031-960bc65488fb;1
29c6dfc8-6faf-f13c-fd44-78a6b97b4aab;1
29cd2dc0-2fa4-a38a-a378-eb93bf497bad;1
29cd593e-03c9-7973-b295-f3a1077ced17;1
29d61606-c6d0-70a8-1481-a937d4a7f6fe;1
29dfe90b-d2f7-7dba-40fb-df62831e2fd7;1
29e93685-2e33-8665-f8d4-7ed29343d3f9;1
29eddb72-6a38-88bf-16be-bc9812e2cad1;1
29f1241c-5692-5dc9-c04e-1bffe20f0f36;1
29f8c9fb-722f-3381-453e-253dad59bb01;1
29f8f12b-ad64-cd28-e648-085ac3ff4265;1
29f98785-ba7b-ede1-b17f-bc2efa8c5574;1
29f9f9a0-2872-3ce0-fa19-17e5cd6e9c5f;1
29fe2c10-2a5d-a5f5-fa9f-2edc6fe0dfc2;1
29ff0649-de1a-4cec-6eb3-2f3879684ac0;1
2a0149b5-17bb-d603-71a1-9321330834d1;1
2a09f6d4-edea-c21b-db56-32f04032741d;1
2a0ee886-ec46-76ed-4283-3e706467c16b;1
2a159e66-6f98-1719-8c1d-9d3aa337f181;1
2a23f10f-988a-db23-717d-68d042acedab;1
2a3284fb-3dd5-0646-9d4e-92141c084187;1
2a34abfa-f018-3924-1591-33717431a081;1
2a388128-4ac3-e66d-0ad2-3779c9ef1c50;1
2a4ff65e-0608-9470-b276-a6669362528e;1
2a592caa-f382-5cb8-2eb8-54378456bca0;1
2a69e499-69c5-3591-48c3-22599c3fdaf5;1
2a74bf96-4d8c-6b51-8aad-67041e4a8ae3;1
2a7808cc-0fd5-7c21-69e9-b8df6fba4f80;1
2a83dade-1398-fb72-fe43-772637740edc;1
2a98c19c-ba8b-e48f-5593-879d505544bf;1
2a9f2481-63f3-6413-9cad-82ce1c72e9e6;1
2aac927b-c953-38c8-19f7-749da922445b;1
2ac192e1-2ce4-722a-bf86-06f89aa5c577;1
2aca8260-484a-46fa-1606-4c0a33e23ecb;1
2ad57c94-c2fd-0450-8a22-8f4751cdada3;1
2ae804e1-63fa-84f9-4199-6515923b3f78;1
2b12abec-8b30-d8db-50b7-321f944f5508;1
2b13f910-764d-6666-64c5-b1a1e67b001b;1
2b19d928-9d6d-df2b-7f01-cffb4f368852;1
2b3521f8-6f2d-41b9-b7a9-18d5d971b501;1
2b4d334d-a075-55b4-84bc-802d1bc8fd17;1
2b4efc57-7f2d-a7b3-31fe-41c9b7e601e5;1
2b55982b-0cb1-4159-b93d-d9b70530f37f;1
2b652338-e777-1388-2135-49b45db5373c;1
2b67bbc0-229e-6397-e0f8-dfdc49c6c8d3;1
2b6f1895-c73d-5510-f2dd-6476fea3668d;1
2b71058d-c660-f6f2-8757-5629646509c4;1
2b9c6ac8-2266-351d-0d74-bb879075b24c;1
2ba87c63-a2e1-ccb6-ddec-fea055d24c44;1
2baafadf-5dbd-0611-cb45-f8246beb16c2;1
2baf93e0-bc48-c437-7e3e-8f0e10c93c33;1
2bbc26c6-0a30-01e2-413c-06c0fa54ec00;1
2bc2bbc3-d26c-57c5-4b73-81e8896448b8;1
2bc64330-65a5-8537-ceb6-3c7768636e1c;1
2bc892a1-e766-b0db-6813-2ca2ae9f3d4a;1
2be0c9ea-4929-f561-3f20-cbc477af3947;1
2be2cee7-f46d-b0f4-9b02-025c1a529154;1
2be91880-32de-fe14-0785-77b3f803b6fa;1
2bee5176-721f-d9a3-0646-aea57d25b57a;1
2bf34923-7f98-fdf8-3b0d-47a9f2a3cc16;1
2c089b68-7611-bb4f-5185-f26efa90976c;1
2c0ebff8-8434-2f54-a844-1071df29add7;1
2c11a788-7399-e4d1-a4b8-0623fcf83219;1
2c153205-bf46-50fe-2fbf-4a05013277e8;1
2c484a05-64e2-3312-acc4-fa42a73079d9;1
2c5741ee-b458-1bbd-7602-037e27acf63a;1
2c665f62-d7d9-844e-3049-bbc1bb93d042;1
2c79475c-7384-7fb6-0bce-a761da988027;1
2c8846de-d34c-dba4-0696-7eb50890924c;1
2c8b2aa7-6b99-b477-d044-b4f975913e9e;1
2ca8a6c9-634c-1d45-7d62-81b4768d7352;1
2cadde21-924e-43bf-b92a-459fcaac5c4e;1
2cca311c-a02a-d606-c591-2cb7ce33bfa2;1
2cda8a63-e832-f109-7cd2-7dddf7640884;1
2cdeb1dd-de28-8241-413c-0d098e91485b;1
2cdec8f6-8181-494f-52c9-c510b2b99d2f;1
2d13697d-04e4-8072-4a48-84ecae9e954d;1
2d2bd3c4-0afa-3445-6316-ad4f12c0523a;1
2d6ecbc4-6729-9095-5739-9995512be5ce;1
2d7d8221-bdcf-b3ec-0290-f34bc8d8936d;1
2d833c11-aac3-930d-f111-ae8a66d950aa;1
2d850163-74e4-8a5c-fba1-93e1b4806c1a;1
2d857153-3911-3438-f982-51bb6709aec4;1
2d942884-b60a-3671-bc5f-184dcbe848ae;1
2db603d5-8d17-1179-291a-434c02187d6a;1
2dbaed46-de47-4c50-5094-76100d92e608;1
2dbe6607-8ba0-5d3c-e181-b5fc0bfde4fb;1
2dbf125f-6a36-ee7f-b127-903fd018c717;1
2dc76425-1afa-bdc6-a65f-3de0a66f6780;1
2dc961a9-6401-6f18-87e4-0bb1cc9aa1a4;1
2dda2162-bb89-577c-ecb1-8b10c0170a3f;1
2de15956-286b-b57e-dffe-c86ead82ea74;1
2dea6bf3-e20d-8938-3837-b19be87a9dc4;1
2dead467-8249-b59f-2b41-d46899a83bfb;1
2e1ad704-f3a0-c3ac-d373-17f657fa1424;1
2e21bdc8-4833-1f63-32e2-970a4e70b493;1
2e279b2e-866d-9d4a-71c3-dc13a6e2c544;1
2e2d3420-0c54-d4a2-ed28-d39f44f21df4;1
2e2f88ce-9d7a-9ce7-de3c-29827b9b4c91;1
2e30d788-219f-b00b-cf04-e75782b9f233;1
2e48a384-508c-5a37-f39c-3293ff7de423;1
2e54fd12-80b8-3cd1-4196-8c41111726b4;1
2e5aa391-7ffb-bb30-ee7c-63ac3bd88a6b;1
2e752032-9adf-7765-fed1-2e06d802d250;1
2e7a5440-e1a3-75b6-8f75-b12ac962dae8;1
2e7b07ab-bc36-ad8d-afec-bf747ba272dc;1
2e82ba42-222c-b8b3-1aac-7eb0eeb83512;1
2e86f2c8-0c6e-ed5e-34e7-e00f9fd16dd7;1
2e9035dd-d209-3392-a844-b9e421cf7eff;1
2e9a1d85-adf0-8d49-336b-9c1cc3f6c47d;1
2e9b9299-2a33-f19d-ed65-c5cb94e11a9f;1
2ebecdf5-c40e-9dba-6032-1a7bd84beacf;1
2ec0b22b-dc6c-8880-30fe-a33f8b40bcf0;1
2ec4bcff-326f-a2ef-48b1-c653654ba090;1
2ecb80c4-d756-009b-4000-523815e98929;1
2ecc8fe1-8424-ab17-63e4-c243cf46ca1d;1
2f1bb325-67bf-b714-2dd9-45b88ab2b11f;1
2f235389-47de-767a-f118-f857fc7e76ba;1
2f4c7d8d-64f9-151a-d5fd-16f572ddf0b5;1
2f548293-e5a1-064d-ef74-9ef84dad1889;1
2f593f14-c31b-ea08-2a45-fc626e47f1c6;1
2f64a4ae-7749-f2c8-c6b8-f194bef673a7;1
2f6bfcbb-8443-763c-89a4-a22b9c5b871f;1
2f707bd3-82f7-6c34-ca2d-3f18bf8cb1d0;1
2f71d96b-f57b-cf0b-c939-d54095fc10b6;1
2f7a735e-c8f1-bfdd-cfee-a7a3ca74a840;1
2f7df25d-92b8-e460-da96-dfdb1870d6ec;1
2f89fb87-9c2d-61b7-63c8-eb2270335aa2;1
2f963d2b-61b0-7e02-702b-6bfbf7f6cb84;1
2f9c482a-5311-d380-d484-554c90d45a94;1
2fa2928a-00c2-70b2-9231-c8e6f25e33cd;1
2fd4ce53-05a7-e51d-110d-737586ecf14c;1
2fd6c028-0d93-5002-8ee5-6c8b918837da;1
2fde02f1-4001-15a0-e5ca-24f49e93ad40;1
2ff45269-4a82-f7bd-cf88-09ad0366ea17;1
3009533d-c7b2-27d2-5d87-5310aee8ba70;1
300ea15c-52c9-4024-f4cd-95c1faab6e7b;1
30257c89-845e-8e7e-e47c-f1e515d4a54e;1
3026aa2f-fd10-3dcc-47a1-5c0334bc896c;1
303acf20-3abf-5343-464b-08491109feca;1
3048cc5a-6fa4-a841-56df-b7cb26d3b849;1
30544b30-b835-76e8-de1e-dc4ef2da8abe;1
3072f3df-9f93-e235-0af9-4091efd2e876;1
30819c37-e8a3-b9ed-4222-9c25091e8b5f;1
3084b8c7-33b5-1a0a-f76f-c11f005e0674;1
30868e9d-7095-d412-f0ec-aacb7211febc;1
308c4d32-012e-315a-9e1b-60cf2c320f56;1
308de5b4-908c-b5fd-56a1-74f95b18e6ed;1
309483d9-2cd6-716b-7a56-707e5d930959;1
30b24d7f-38af-9e2a-4516-ddfa49366f01;1
30e1e7a3-cae3-1e7d-98fc-32c3bba6e194;1
30ec3b6a-293d-477a-4274-b3d80c47828d;1
30ef3310-1876-4b66-9412-7112aa4fd802;1
30f7539c-572a-7fcf-aed4-37986cf25421;1
30fa9250-776b-55e6-f4c0-aa1d417adb7b;1
3101caa5-db6e-9213-3306-8f11391bf52f;1
31057b3c-7303-fe33-532c-e6a38b3e7c46;1
3128331e-9396-7f95-bacd-404bedf0cf3e;1
312e16a3-1ebd-8c83-8a9b-0e306c5b606d;1
31305585-9105-20ef-e0fd-1e31388d5fd1;1
31358c5f-8d8f-0e2e-7bc1-c4f2393f39b3;1
3143b23f-601d-c13a-47e6-d92f6be6b80e;1
3155aa10-958d-2d02-5121-4a3e60404518;1
3158364a-45d5-b00a-6880-db92241fa1fb;1
3170217e-f571-e14c-c3fd-bd959c1c8f15;1
31874f71-78f4-4177-e809-87eba22cc346;1
3190d9b5-0c1b-5b12-214b-fa2d8799ff37;1
3192ad7c-620a-74db-7610-2e2d9d43f9fe;1
31985c9c-780b-3815-3702-e86b9e2b1d0f;1
31b1ffbc-cc86-2ed6-315b-c15a9735b6cf;1
31b23b6d-6a55-726e-2aa7-b91779ac1ee4;1
31b7eecb-1bdc-750c-637a-31a9b88ae0e6;1
31ba66b0-3340-dc67-d474-ba72772d8e0b;1
31bcc9b1-f155-0cd6-be99-3d3e1536b688;1
31c402ce-5e21-2186-40fd-37ff8e6689f2;1
31e52291-99a5-14ee-4d6e-88ca4c3232df;1
320d38d5-0b8b-3529-03dd-08687ef8756e;1
32246033-45d4-b304-3602-c5d70450d667;1
3226a7e5-bf5b-0201-d77c-88ac173ac8b8;1
322d37eb-ba42-903a-f6df-b6b7421ac7f2;1
322fcd83-b89b-630c-f7cf-584cf8e0b8d5;1
323c55bc-d77e-e266-96f9-9b90a942814f;1
325c7179-b41d-3961-88b7-ed3c05a95ec8;1
32606ede-be43-2a57-f7a0-d31c26e49906;1
3260ab3c-8c43-6752-fb85-4d0f6b084e47;1
3266c8f4-9d52-e948-3f46-11fe8c238bf0;1
327167ee-b9d7-0168-c383-495a451b9346;1
32835a6d-9f69-edca-c4d2-6056a644af97;1
32913df0-b3e8-d156-7a8b-28d327e14403;1
32a80b9c-8162-5127-fe23-8d6e980c6ef4;1
32af2f1c-2527-bd04-0845-792901678cb0;1
32af5351-534f-927e-3516-e4015aca4812;1
32b04726-cc70-df3c-c201-997fb992a57d;1
32b1bc86-d628-5918-48e5-2d131298290a;1
32b5c3fd-df8b-0f27-7e94-5e2d6fc87306;1
32c66aa4-429c-d495-f74a-9d51c96879e8;1
32e0a31d-ccfd-f6ff-8ad7-4a959975a17b;1
32f3a453-c61e-0ea9-8b41-682cde76806d;1
32f87fbc-1369-4625-a6ac-981acc192cdd;1
3307e428-e648-b4ba-b5c5-125b3741d46a;1
330a398a-463d-3027-f5aa-1005f5594502;1
330b3807-0c1e-e71a-487f-8a1ed3f59975;1
3326787a-ffc0-591a-f4d2-d32def6168d4;1
3330caf8-5780-5df7-aa79-2de24a483a9c;1
333d6e8e-67cc-3de5-b10a-c98d19f587ff;1
33409620-d6d3-ca6f-8a5c-5e4b6855a9b6;1
3342eca5-d5e3-861b-fb79-2f50fa46e927;1
3345b3f8-046a-71b5-3160-9f66030c63cc;1
3345bf9e-4fc7-95dc-e4bb-791765a3bbe8;1
334cae82-4229-7635-1b66-7377bb5548e3;1
3357e25a-fc24-4a72-db9f-6fdbe17132cf;1
33772beb-9f82-c766-a7bb-8019f26321a5;1
33976ab3-31df-9960-2152-d3144101ccb3;1
339d6fcd-d546-ba01-8db7-90303f0d99e3;1
339fd852-650e-1b3e-2590-9472e471094f;1
33a695c0-c9ce-6c43-9476-360fcbb81b0d;1
33aa8630-3ad6-4873-4bda-b60a654a3bcf;1
33b0015f-77d9-c38d-51f0-1737ae20986f;1
33b4b25d-d501-30af-5f73-6dd98ef55e0e;1
33cf78df-cdce-bbbd-f2ed-0269b457b0b6;1
33dfcabf-6bbb-a1d3-404c-48b15be70903;1
33e55b06-ffe5-ebfa-51ba-b42fd8b2f9a0;1
33ebc941-f5c6-0464-6519-ad3607e32e4d;1
33ec9dc0-6134-c391-648f-a631c20a70af;1
33fb1359-8de9-ef47-eb3b-43d798b20d7c;1
3414e69f-0be7-3bda-f576-fd32a5067f6d;1
342c2306-5b64-4b4c-46f7-c3643b6b2cec;1
34312b9e-4f05-655e-4ca8-d813516d1461;1
34390cdb-52d4-7bb1-0440-0d07e0600d4e;1
3448ba50-b31b-8adf-5f7f-c9a6a04c23eb;1
34501b8b-8921-6cdb-6995-1cd12438262e;1
345513d6-f68b-6abe-e23f-b8c7e8ef58a6;1
3455e735-7a21-91e9-ba5b-92a6baee84b1;1
34589afd-5b99-16e5-0ace-1107d3acc52a;1
3463ce10-6aef-85a0-6d3d-cad9950e3dda;1
3463fd06-180e-4893-0066-cba97a2a2891;1
34930652-0c77-c6fc-f949-359d2394f5a9;1
34a6edc2-2a8e-0050-c11d-87d69a0eba5a;1
34aff930-f46f-e624-e6c7-04b0e42073d9;1
34c8852a-aa16-ada2-a79a-5b3036692a5f;1
34cd0af7-fc72-be7a-5de7-31fd2c69baa4;1
34cf497e-b5a4-ccc7-00c6-6681ac9d298c;1
34d6b435-90b9-4c7f-d71f-2a959296a46b;1
34e0f147-dd5a-7a51-fcee-f6be081b3f44;1
34e50e60-71bb-382a-d3b4-39b23ada6f2b;1
34f02270-354a-2dd1-4bdd-6d0102fcc836;1
34f3480e-af67-5819-f6bb-cf1e0fd7f151;1
34f8990b-5de6-428d-5449-b0e5c9ce04c0;1
34f9a3a2-4b12-c71c-ea4e-324290995850;1
34fb2c3a-99dd-dcba-068c-59140dd0a233;1
3502cd7b-84f2-cca9-413e-9de79195b2fc;1
35084c2a-dfa9-49fa-f44c-0672daa8a5f4;1
35291e47-d3d9-bcbc-4130-1934bd596fb6;1
3531df8f-460f-421d-fea4-982c5212a820;1
35347007-2230-4161-3e66-87d84c727724;1
353612d3-35c4-ca3d-06f7-2e8f5c65c17b;1
35493750-9a0d-914f-b4f6-7a10742690d2;1
3554baf1-fdba-45e8-28eb-1101df7e1455;1
3557d831-d592-2e75-7251-779700af61f3;1
355c492f-e9de-d911-fa3d-f6326cb0eaec;1
3566d6b8-c614-3700-9e0d-4f641adf1c3c;1
3579a487-471c-1979-c781-86dc59fcb8b8;1
3585174e-01e9-a3c8-ecda-9a7097c15f06;1
35874522-0f86-5c9c-ed92-e31ce4bd60c8;1
358d814d-e2ac-df38-9634-f0fb971ecba9;1
35924382-9ddc-e430-51a1-da16e710df2b;1
3593587d-a484-4db2-9b3f-06f9fb6f0d61;1
3595c2ea-3e83-8901-6958-e91c76f9446f;1
35a973f0-de04-70f0-cf80-1b39f69f7274;1
35b14a1f-508e-dda6-02ba-fe5aef4ee1fe;1
35b64897-dddf-e53d-ea1d-0e09c40384fe;1
35bc7fe3-2b00-a25f-5d6e-c652be163055;1
35c0d2ef-6283-a00b-8197-1fe583b07909;1
35cbd732-233b-f724-ab93-05f11a20644e;1
35e14db5-3298-4806-27ea-f736201ff1ce;1
35ed7872-408a-1438-0757-0fd7530bda08;1
3602867d-e231-1cda-99cf-7949270649a7;1
3607ef1a-95da-d8c2-d805-959b5e352ae3;1
3609d00d-870a-d1e1-16f9-4e8d7d0e10d4;1
36147290-587a-4059-8886-160646cde699;1
3614751e-d0b0-84bb-89f8-e3f8e25a5337;1
3618162e-085e-5f1d-50c1-7bbcde95010b;1
361fadef-8322-7019-116a-52e2425f07fd;1
3628e41d-217c-c208-56e2-1406154012b0;1
363bd4fc-0847-2d89-aaff-d6c7650ecb15;1
363e5274-6ed2-1bf2-fada-f022c2360891;1
36445927-9385-1292-888f-3fccca1aceda;1
36484ae6-4cd7-ff56-4e7b-ad900ba8604d;1
36675783-b4e6-4b07-7297-de6edeaa2470;1
3674d748-30da-dc91-3cfb-82560db4f207;1
3676c75f-43eb-ee4e-06ba-b86182d81f53;1
368897ed-a0fd-29af-7898-4f0c0bd13f5d;1
369e3dd1-517c-bba7-8fc0-fdf3e463ce2f;1
36ab9a01-bb4b-c00e-1662-92f675f89c65;1
36b4a50d-2054-ab52-c9ed-013d791e2448;1
36c184ef-dd02-eabd-ad93-8af4785ef52b;1
36c6272f-42a0-97fb-f1c8-50cf47925922;1
36d8c29c-efae-234d-056e-41b6b930b7e5;1
36dc76b5-7276-8552-6f75-99eda660b0ef;1
37057a41-c1cc-726e-57e6-6c862633a713;1
3749184e-a644-51dc-a4fc-382f340b87dc;1
376692ff-6d33-4090-630d-d29d3e0d4e28;1
377b5501-a960-337e-3b49-958fc8a8c668;1
37839c56-0119-0a8c-17f6-4c9f1a536a9a;1
3789e2cc-4ff9-c96b-de86-7ee7b9a539c7;1
379e006a-ce78-4481-b6e7-8e04918fa675;1
37a82d59-65ec-fe49-d30e-7234691fb266;1
37aeb018-c522-a2ad-54f0-263ca91e041a;1
37b74b8b-9bcf-43df-18ce-b873b79a966d;1
37b9960f-4845-82c6-38f7-388eb9274f11;1
37d23ca4-b915-b63c-8db7-812774cbe799;1
37d704ba-05ef-11a3-9e9d-a7c5de254be3;1
37daf340-5626-f7b0-c5ce-58b62194ad80;1
37e44a1a-62f0-ffdd-b029-e85423f1b121;1
37e4b211-6a25-c2d9-9cd7-d30439bf81fa;1
37e677ba-d2d5-4adf-e8c1-a0f289442764;1
3815c3f3-8ea3-b6af-8a4f-5f19d09e3f40;1
3822874d-96fd-a1ba-e33b-3191d54c627a;1
382a0180-04bb-25f3-ea36-c815ef54132d;1
3833b16b-e8f5-2d6f-6733-514e35bfd2cf;1
38408b84-686c-5631-cf0c-b0ab2c0fc671;1
3847fcb1-c52c-5e3c-cb4b-d1e47d803108;1
3854b758-bf9c-eb93-7143-5d0caa085e0f;1
385e4976-5e70-985a-3bc9-60619d96d802;1
386e62b3-6619-941a-0734-ec228aae75b9;1
38750738-8744-2d29-4cc8-4dbfd58c437e;1
3883df5f-8554-9743-ea07-666b6dd855fd;1
3889cc9d-cb20-2489-9a3d-4f3d870f065e;1
389d1f4e-7c25-4471-34bd-c5ecf970b8fe;1
38a38bde-75d3-0865-e472-6b84e0c024b2;1
3914c6b0-cfa8-f7df-f279-6568769d92d8;1
3919a32c-3ff1-ca23-1787-b0f92b80e6ad;1
39229f38-e558-3885-01cd-9fec8cda1a53;1
392489c6-5090-e8fc-4379-9b7e12c7daf4;1
39283427-5720-2187-52a9-1efe262e1109;1
392cd5b2-3a33-c288-1e5a-fa93db474749;1
392f8dbc-e89c-215f-a1be-cdc4306e1d03;1
392fdd69-84d0-b6d4-ab6d-aa732cb771ae;1
39468fe6-a111-2bd4-3528-c7575217fe45;1
39586a4b-90d7-af71-24a3-d1e509f17354;1
395ea275-4b7b-3f03-5069-b21a5cf13aa3;1
39667d27-f566-76fe-7d98-60b47e4d0323;1
3971aaba-43be-f3b1-64f4-79533fb4723b;1
397ddf52-698f-4a0d-bc85-14bac6d306a3;1
39a1987d-a0ea-8219-4c80-b71dc9e7dc2a;1
39bfab9f-8a71-2afd-2b3a-795e088bbffa;1
39d0802c-c6e3-5cf5-72ce-1e239f37486f;1
39d546a2-6f57-32f8-eee9-933ba9b20bef;1
39e6a192-3f12-2583-89c5-c316ce2bdbfc;1
39e86eb1-e430-7ed8-7d20-040da53cd60d;1
39ea533e-f612-5caa-47d2-d8301ff81376;1
39eb73c8-db98-59e9-a49f-b61a4884e694;1
39f13953-0774-9612-dbcd-d8e441bd60d3;1
39fc7a65-0cb6-0533-3770-397b668cfc25;1
3a43882b-7cbd-4445-1d9a-012fdcaeb562;1
3a501c07-85ad-35ec-6aa6-e5e3b3f730e6;1
3a582539-f91b-de21-9c45-4ead6be7d815;1
3a69cdbb-64cc-ef9f-6c08-b90addb015c9;1
3a78ae91-68f4-e99c-f596-2a3cea90a82b;1
3a7ddd04-19f6-4611-5739-283a7a8d71dc;1
3a80cdde-0804-ecf0-316f-19ca96357c52;1
3a8f8533-916f-65e9-1eff-775c5b66d6ec;1
3a920017-6122-31fc-e073-1e420e93e706;1
3aa11712-0470-4945-7d89-ea2949d03796;1
3aa6aabf-7e57-238e-d15c-fff936cb3d74;1
3abfdc48-0661-548d-7df5-7383426b86d9;1
3ac80ce1-4e7a-6891-3d3a-68ea1184fa8c;1
3ae3029f-739c-6fd5-3f53-d31da84ceeb3;1
3aedc37c-db9f-90b0-0c07-bd46a327b0cd;1
3aeeaada-8a2e-1f61-baf9-5a00f9aaf40b;1
3b13fc59-782a-e535-6d46-e1c2cff55028;1
3b154bb9-fbe0-3ebf-7ca2-8509aee99f81;1
3b1ca363-1cb9-7462-50f8-9d03072da98e;1
3b4eb1cf-919d-001b-61a7-74a497ac6c7d;1
3b552838-3414-08a8-a6d9-820412839c96;1
3b56344d-a866-8053-9d07-c6e0b6c8c7af;1
3b635b25-2c03-8c6d-6df1-da88eaa678c4;1
3b6392dc-5eb9-8131-e109-ac08d28986d2;1
3b6e9f58-658d-1c9a-e395-8fb01d6c02c0;1
3b7d8e78-f23d-d351-fc9f-06deb66d317a;1
3b8c32a4-4ae6-42cb-3e6b-04111269bb20;1
3b8f80cd-1ad4-eea8-78ee-c4565f140fff;1
3bb9cdb2-f13e-076e-3a88-ba7896a24393;1
3bbe8e56-d41d-91fa-bad6-7fdecb51364e;1
3bbf8f21-3fe6-808e-8c70-9546bd60f45b;1
3bd25720-65e5-1cf5-8614-633a9443c5b4;1
3bdd59ae-3a65-905c-1981-7b2d963ab861;1
3bdefd8d-e708-ed01-838f-ffdfa72c5ecb;1
3be47ee5-c552-93ca-f637-ed19b992d35e;1
3bf3afbd-42c7-f2de-0b76-a455da8f75ac;1
3c07c401-9ddd-4a87-c5de-0558f49f0fd1;1
3c095226-a30a-4d67-2711-09aefe026966;1
3c1b66d2-190f-3247-0edb-b0a345e948c0;1
3c202e5a-232c-1f23-0e60-88a4a83cebc5;1
3c212e16-467d-bbb8-977c-28040d451af9;1
3c3328d6-4f94-e79a-6a02-b6f0eadf3628;1
3c40a339-162f-c156-57e2-137ec62b5805;1
3c44eeb5-455b-bf9b-6e1e-7f4922a45f85;1
3c475d93-015b-a997-64df-85a9f319f437;1
3c4c394c-ca99-3ad1-3267-3e746b3c8bde;1
3c59f474-3b7e-3d9d-3238-bdd8ad9a6e1c;1
3c5e7786-a4d5-391e-d194-7e495b148937;1
3c81e72c-b95d-ee29-e56e-4292dfaae564;1
3c83db85-e512-6049-acf5-79e134fb1607;1
3cb2592a-87d1-e212-82f5-06dda01574cd;1
3cc14dbc-a761-824e-66a3-1209f9d0087e;1
3cc4be64-3237-5d82-31a1-595ab87c896a;1
3cdb6a3b-8eb5-4a48-85f4-5e27fdc66688;1
3ce6b907-55f5-e39d-1aff-fe78841283af;1
3cfe1a0c-c73e-eedb-d4fd-8295d5a3124c;1
3cfe3f13-729f-dc90-b3a3-f3b06b87d1e7;1
3d1835ab-12b7-2470-8bf0-f79a1a156617;1
3d18f3d9-538e-be36-f1de-190dfa6263c0;1
3d1d95dc-e276-747b-c092-d911f62d8056;1
3d1f8c05-05ca-b1d1-82cd-0e7892cd1d83;1
3d222da0-8f6b-03be-d021-6ab925adf354;1
3d224ca9-b871-80ea-7f95-5af98a296ad7;1
3d32c14b-258e-e7a8-8806-bed4980dd3fa;1
3d36dce9-1862-9a4d-d43e-0d6f6c22cab0;1
3d3d1263-3d54-e095-3b1d-af705c110f87;1
3d3e8b09-1665-0331-dd2a-0ee6c2243d41;1
3d4e578f-80f6-016d-0a70-801b88017b00;1
3d606326-e650-3418-6b0e-31bf91112ef7;1
3d634953-f9dd-422e-b2b5-c637e5c3ac40;1
3d709a7c-5acf-43f9-b0df-9e1288c0ede3;1
3d80bfb6-6c0a-3971-fcad-55137b6486e9;1
3d8146f7-6df3-359b-6826-351266ab5e67;1
3d89c371-bd96-acb6-54b0-07e6bf50a182;1
3d9cf129-ed77-301b-6de7-b0d8bcf8bac3;1
3da422c1-f66b-5326-14b9-06e94fd99adc;1
3db4845f-522a-50ad-d2dd-c51722950271;1
3dbc0f20-92cd-949a-375a-8cdfe3626634;1
3dc507e7-4020-ec42-8356-4b4fe41a75db;1
3dcdae41-c5ef-4d0d-ac72-9c0d1fc18aa9;1
3dcedb30-702e-a474-b342-ad3a4912e526;1
3dd3f442-342f-8ed5-ca38-f9c8ef522075;1
3dd4bc96-e01f-1e60-db63-a30f6f2997db;1
3de21181-d865-1ffb-526f-6bedb5d3a7cb;1
3e02142f-fb8e-bed0-ac16-9e48fc787e29;1
3e068188-8e7e-9f6c-1f6a-b1ddefacad62;1
3e0681e7-9468-5088-f911-11e5e87748eb;1
3e2850f5-1249-7ded-cab1-7a39b3d3a6aa;1
3e2c9b7a-8e4f-29c5-041b-1c3157f330af;1
3e3c9c59-1513-9ca8-3e46-2cf26d37c80f;1
3e4d160f-2959-2036-e63b-faaea4a649ad;1
3e56434d-3142-571b-c85e-a07449c5fb8a;1
3e608c7a-3241-7693-be7a-41862f572745;1
3e72e2be-e186-60e3-112a-c343d731373a;1
3e76f1e4-6468-a775-d8c1-36c1d5ec74f8;1
3e8a60b5-4956-c0ba-85ce-b20af86a0da6;1
3e8ae4a6-9b51-f06b-16ad-c08af02ab7fc;1
3e8b1cbe-6071-9873-6baf-d7df2713cd4a;1
3e8d3a40-bca1-cffd-d895-fe6380a7cc37;1
3e8df42c-643b-4008-b996-da3cce10f81b;1
3ea3f884-b95b-7881-ccce-529e20d599cb;1
3eb8dce7-d158-27f5-a360-b6a4c9968ef7;1
3ec59c71-9d34-40c7-b321-418c574d0c5d;1
3ece30cb-d7df-2ab9-1f99-4b10903fa2d3;1
3ed310e1-7996-d023-cd42-172d70aa3f53;1
3ee4c57b-43c5-9ee4-03a7-7a6b9c3c80f0;1
3ef24ef7-6242-c976-e037-8ebafbdd68d2;1
3ef460dd-3f58-11c6-ac56-df786061b508;1
3f1bb436-3e75-6b24-3c72-d0d934196c5d;1
3f3f78ca-b0c5-310e-1fa9-7ffd174570b8;1
3f472258-a396-db16-19e8-dbfe47e20b91;1
3f4cd70c-1809-ea4c-5c39-88317416a048;1
3f6b0e3f-761f-4498-8e61-340aac008e1c;1
3f6f45a5-18d4-7a65-444e-6a5b6fdea6f2;1
3f77e8c9-bdd0-a259-f8e0-972cd198ad8c;1
3f7f0fc5-0da0-80ca-0f27-25e7d68c557c;1
3f7f264d-368e-6c6b-8322-ec16a798b699;1
3f817af2-3ba7-1169-cb93-c4be368b4e50;1
3f83c0e4-1e5f-d931-c506-3f6e81d81186;1
3f8439ff-87a9-41b0-663e-49b5af9ce753;1
3f8de2df-998a-178c-8262-44963ca5cac4;1
3f8f204f-b5cd-5077-3425-10da30b6a162;1
3f9dbb80-ae3e-db73-9fbc-742e394b6262;1
3fa89cfc-1e1c-7a56-3d0e-87e8281a4f1f;1
3fb4897d-6d6f-0bd3-0f0c-a51bb6e18726;1
3fb5edc1-e117-9bf2-7eaa-c9914aee5dcb;1
3fd08cae-6ab9-ef8a-1fcd-5d664eac2516;1
3fe0e3cd-a4e3-824d-3c1b-a30ad46279c4;1
3feb55c2-25c8-17dd-b857-a010d883aca0;1
3fef0dcb-2e82-c49d-2eee-9f12431a45b1;1
3ffd739e-18ae-85ce-63f9-afad3c63c5ed;1
400a9871-6176-6700-4da9-652fe11a2f40;1
40252fea-e3e3-de20-c66a-bcc5e74a4e72;1
4028e6d5-9df4-d4ab-2961-7fb7dca49971;1
403a8204-c150-400e-11b4-87cdae8483d4;1
403b6470-4530-d625-8cb5-2ceca1af0ed9;1
405b5d6f-bd75-77e5-e29e-5ab656312f45;1
4083222e-8219-8409-8967-789992480779;1
40849dd5-4a4b-b883-a73d-5f6b46c3ea2e;1
408fba96-a210-efb6-eb9b-b78a7d52f858;1
40936c87-0161-2ab2-b496-1f0fbf370b0a;1
409479ee-a6a4-70de-2f6c-70041b269e96;1
40f32c06-ee3f-77af-fe82-375b2ed549c3;1
40f586be-5596-c8cf-f860-eb2b0d2aa1d3;1
4102ff21-d70b-6089-6b4f-cfded19b004e;1
4108b6ca-3aee-2083-fc78-794a3a708745;1
411cec9f-8b07-8e7a-c256-5cc61b9a7253;1
41250ed2-4c72-86c9-ed96-ed62e91c8ec4;1
412b2ac6-6736-dbc2-e65a-7c1130f182c8;1
412d0b81-a775-376d-21d3-a5291f3f4386;1
412d57bd-5d56-6d19-d9bc-a2cb6ec88f4f;1
4154c201-b997-52e2-1056-c0ff3c1e34a9;1
416518fd-2d67-2718-b10b-b201287aee8b;1
41689437-2aec-3bf4-b639-3c02a580c7a0;1
417fe22f-be20-b643-e6de-8d45f97ce510;1
418e4f41-41db-60da-c4b8-12f3acd6321c;1
419402f4-57ca-1bd7-58ef-7c9cc45de961;1
41aa58dd-c3c6-2e20-e4ce-bb10bcdf5922;1
41b2802e-91f2-c0eb-0b90-396bd69bbd36;1
41b5f6c6-07d5-e0e6-b6e4-19694459d904;1
41b8fc00-735a-7b89-d48b-9a6879de1973;1
41c7b282-661c-97a9-a457-b5893455f6ac;1
41dfe202-76e7-d38c-b7a7-9af35b18f8af;1
41e7a275-53d1-e760-448c-b37894527e84;1
41ef7695-1465-469f-cc13-8353ff5f0f34;1
4208e8c3-6e09-ecbf-b133-8706f48b9474;1
421995ac-467e-06c9-257d-5519c97ce1f0;1
42311874-ecf0-6ce1-32f5-c9f7b14df95f;1
42330a35-d7af-7d25-0840-6ece118ac6e4;1
423a70ff-1cb0-7184-3c7f-80a9b3cb1883;1
4242e804-607f-5cb3-25fe-97eeba7de972;1
42478e73-8ef9-0c27-7268-f62d50896e78;1
424ab2cd-4d07-9077-fbe1-ce5afcf0431a;1
42549d38-8846-63fe-240b-4c56cdda9fc0;1
425dda7e-15f0-7cdc-34c4-6abd2ba1cac5;1
426e72c1-4024-13cf-103a-21fc2a389d9f;1
427ec685-ff74-cf97-dd96-b4c46d611643;1
4280d9bf-997a-332a-18c4-dbffff306bbe;1
4283d566-a499-b0f5-6c9a-5245de4fe7a1;1
4285c9b4-9c69-a1ac-abaa-aa648a9a7224;1
428d6822-6184-d2b4-fdd2-3c65e4fe9b6c;1
42944f3c-f25f-9d7e-0c90-b1e0d220e73c;1
429c629a-c73b-37dc-7cfc-0cfa1b7ade9b;1
42a3e955-d4f2-b1ee-573a-18db4064feef;1
42a43815-9673-8360-c9a0-fd8f219742bd;1
42a51dd1-5ecf-fdfd-0fd9-ef967c7613bd;1
42a5a846-88ea-5d89-2f7c-75d142110f24;1
42b04403-5a09-1b78-63f8-7b74a469e1b9;1
42b0ec2b-a91a-0725-419f-aa033ca5b2aa;1
42c46284-b541-3585-ab85-57a2b006a9d5;1
42c8bc06-1354-4b5e-861b-584cf628118c;1
42ccab52-b2de-972a-a0d8-af9456b6c4dd;1
42d53fbc-b645-7656-acdc-32773dce7e14;1
42d5596b-34a1-b799-bbcb-712db8415ff8;1
42eda6fb-2f2c-aba4-64f4-f1c627f52036;1
4300f520-405d-9634-5d7a-624693f30849;1
431aace3-1209-9532-92a7-f417fe90e004;1
431f61ba-4bce-4965-7edc-6b33f1d4c332;1
432a056b-ef3e-cb16-ea2c-e6cdd6ffa70d;1
4341a080-e8dd-3a7c-2a04-a23aa49d14e7;1
434aa05a-6bb6-c45e-a35e-3fa023a72cef;1
43507b8f-02ad-9668-f190-e96696af41a5;1
4352304f-befb-9f2b-83f3-f2f8a6fcf7ac;1
43648f5a-cfff-8100-f7cb-2196eff3dbf2;1
436d688c-8922-1e16-1387-6c350a770980;1
43891451-6c8b-fbe4-99b0-7ec365be7eec;1
438fbe1c-b609-6e1c-843d-f60bee5efa56;1
438feb86-31e1-6c53-5287-30c8f38de4df;1
43983f97-af6e-3e2b-d794-de826cddbd5b;1
43a0c44b-a483-cd5a-6072-e7534c84b896;1
43aa8448-fd1a-9198-5928-c4a627deebf7;1
43adb987-225a-0069-69e7-f3b4b15e7554;1
43b7ac12-a86b-3751-ff8f-4581a95daf51;1
43bf71dd-80af-282a-ae37-58a93717d2b6;1
43df9606-af0c-0679-d5a8-9f6b1afe9a89;1
43f22453-7f8f-dbc8-36be-1bd3bf0c9e33;1
43f33304-07b5-ad4c-f4ba-93b43b8d87e9;1
43f78660-9236-9e36-2b44-e85813d5fc9c;1
43fef187-2791-ac58-c559-48b63eb17470;1
440bd885-ec8d-1715-9a52-b43792b8623a;1
4416fa09-e39e-1bab-8df4-2aa7ca42ad1d;1
4432fc1a-73e7-b35e-1228-094492d5b9a1;1
443b0d94-45fe-c8d5-7889-1d2cdcf73894;1
445bbb7e-8756-d76e-39b2-060a54e3b5fb;1
4461a6e5-ced2-5402-ecb0-cde9a1f8eb5a;1
4463f8cd-0813-9ff8-fff6-cccfd0307b6a;1
44669655-aef4-5fb2-e1b6-bb5ba87658b6;1
4477bea9-254d-b67b-7c78-460d24e340f3;1
4479d944-ff6d-b01e-220d-282a0c047379;1
447b3f02-623a-a485-501f-dfe4b66d77a7;1
448cd41b-ded8-3842-3233-8a45c6913739;1
448f1b95-ddcf-7c8b-b46d-14b690c38bd9;1
449a7448-b351-5429-7c20-0f53067a86ac;1
449d9a11-2e01-e232-0a8d-fb9045580803;1
449faf66-c14c-3454-7ce8-2f80b8aa6c01;1
44a97683-1e37-8d6f-c9e8-43ba56da8b62;1
44c9a772-466d-3125-1888-ecfebe21c1ca;1
44d05ee7-4cc8-de1b-3f82-6966e89757c4;1
44e42cbe-acd4-6290-2d0f-f518d13d899b;1
44e69827-c14d-fe7a-477e-6237ef8a1a1d;1
4500e722-6af8-4a14-f4fa-cf310cab55a1;1
4505f85f-383c-424a-d049-85494ddc34d5;1
450dfcce-e277-900c-cdf3-59bb201d6ff7;1
450e65bf-0320-3be6-9d56-475ac5f63e84;1
45176207-f1d2-0138-fa79-79b74e91fcf3;1
4517b1f8-40da-fa5e-abf1-b96826c8de97;1
451c0cda-1e16-2b7e-2041-bf04e683390d;1
45429311-d0da-8954-9278-fa8aa25c4d65;1
45487e15-d4f7-a204-6722-8db4a737dc1d;1
45536365-8194-9410-839a-46d8c116b570;1
45599c80-e150-3b74-cca8-972569b0e7c5;1
4566b3d6-aecc-b21d-708e-2d540ebe7767;1
457b5429-494a-88a3-c133-9f751c94d50f;1
458189c7-33f8-927b-0a91-d79663d6e4a5;1
4587fc2e-3bc8-88a2-785d-4760fbd535bb;1
459fd5fb-0770-0d16-dbb1-e2ce6f232077;1
45be506b-ecb0-0950-0e90-30d2addb8c27;1
45cf261e-4b1a-69f2-aa9e-0a485489bf11;1
45d6a52f-2232-aeae-b9a5-af98c0350259;1
45e18b8c-d23e-dec3-c6a2-e8da86745bff;1
45eda506-3b2d-b28e-640a-79951cd2cc27;1
45f59203-839c-f51f-69f0-297ea1eee9f6;1
45fedc61-be8f-6156-d215-3b6645ca8a1a;1
46049a00-02cf-a28a-6a22-d97247cedf8c;1
46051127-21d0-21a8-5313-fd2f12fa8104;1
461befe0-e80a-ad82-f8d9-98163e37ce0f;1
46259ed2-e720-d54d-a72d-648a7f31861b;1
46264478-4931-917d-5884-e4cf1382a417;1
46416823-1ef9-4c04-1640-b462d1b73557;1
4646d548-5c91-c4ad-4d9f-f3d897912345;1
465a9f96-9434-c0a2-7b98-5204daf30a8d;1
46722ad8-2857-4df6-8b70-449ddf5e3344;1
4677c606-efd4-cc99-d343-66c5365d2f59;1
467d02e1-08c0-8c57-7ad3-6487f3551682;1
467e8e22-7791-2127-7fce-11203de3b33e;1
467f6dcc-5779-8037-5cce-4556bb89018d;1
4692f51d-9b7a-894a-aafc-5e949e9165ff;1
4695556f-fc7d-b2d8-1a16-8183e3c0b031;1
4697a1fd-7763-a0eb-2a7b-2d84de040dad;1
469da4fa-a35d-9f94-7ff3-3df5881641a0;1
46a38649-9598-0a26-b98d-8dbd52c80b1c;1
46bb378c-9abb-7cca-3a8e-0e23384e2f96;1
46c923cd-8d5f-e5f1-4392-682dc36a57a3;1
46d2096e-a098-2eb8-79fe-2662a057f234;1
46e6d787-5ad3-23d4-913b-6a7d3b311446;1
46ecf11d-3823-1584-fa5f-8d4a24fef684;1
46eee224-94f2-0257-ffec-f3d87fbae5cd;1
4705a9c9-ff54-77e1-8382-523684781b51;1
470e4a8f-6de0-2eb9-19b8-5ad694dbdd54;1
47128168-f6d3-7c85-dabe-d55506d7a63d;1
47133650-5c64-6ac7-daf9-8c73397fc8fc;1
471c116c-ed1f-0405-2732-dafbd44ecabe;1
472beec9-0106-d131-8738-1b66d0a10666;1
472ffb20-39ca-1dc7-534b-95bd5eb0cee5;1
47378421-08d3-4b58-8bca-3e92470d0bbe;1
473f0432-7b21-ee5f-6e6d-6cc2176b7bd3;1
4748c9b2-ccc6-6d67-070e-28ae495c7be3;1
474ad440-e4ba-7f0e-bed9-e091c7039c4f;1
47664930-5fcd-1cbd-2088-46b51f526c07;1
47818e55-cbac-26f1-4a2e-57ddf3878819;1
4783e643-c8f1-ec00-50a2-4eab075d2836;1
479007c3-f97f-e971-ef53-12e18d305a81;1
47adefac-541b-b539-ac93-86ebd87f45db;1
47c8d3f2-bb77-2445-f4d3-53f329bd5732;1
47d1592c-2c5a-f2a5-a1d8-a55d9463d171;1
47e0d467-d44e-d4ce-90b9-6865579fcdc0;1
47e992e5-7273-a58d-247f-bd65bb709d43;1
47fba849-f299-8668-92d8-efc26561351b;1
47fc1df6-dbf9-a8f7-df35-decce0fae156;1
481bbdb5-b8b2-f520-a966-4167345576d4;1
481e8c96-51b5-b85b-23b4-c928a2cc35ba;1
482374eb-943e-dde1-5f93-8c8e12689484;1
4831e978-c33f-594b-eac0-a09dbb5279cd;1
48324bbf-7426-2acb-05d1-5f6798ad1a64;1
483ecc62-349a-d998-0370-c167b3d0d422;1
484076ed-446a-536e-0c6d-35e4d4317ce0;1
484676bb-ce3b-255a-b69e-0f78d23d979d;1
485c21e0-5626-3d86-1eb0-d71e108a103a;1
4869b0b9-3f8a-975b-6378-ff50628b3c24;1
4875d64b-e5f8-8333-52b2-1bb41adf7f3b;1
4877e855-7671-e788-74fb-5002b5274253;1
4884eec3-1335-8cc9-4f18-89d5b915974b;1
48898d0b-d44e-0e84-c52d-9337bb6270a3;1
489375c0-78e7-3c1d-02fa-268c156a11d4;1
489a3b37-f24a-db51-1676-15840f020e74;1
48b4e0f7-79dd-4b6d-ceb8-ada64c8b5b7d;1
48bf9704-a9f7-146b-d7b5-2a01f21589e1;1
48cae774-d754-6265-b465-62b95be1d326;1
48e84c96-d244-630a-6345-d9fada0ca3ed;1
48f6fd64-095c-00d3-bdbf-015844a89195;1
49016dd0-5b34-27b2-008c-3c371d06f823;1
4911a98f-4751-3b81-4983-188aad3982cd;1
492da21c-ae4a-0b7f-d372-bcc9a4220383;1
492e2586-bb9a-6385-3086-ca8170397f9b;1
493048fe-102a-fd2f-33d3-7bcd33916315;1
4937198a-77eb-21dd-638b-b0853b723344;1
4940f558-6511-aed6-ef28-89af346a149f;1
494b3360-c8c9-0ae8-ca55-1a08d35ac754;1
49593bf9-f645-d26a-b605-f57b3d02e208;1
495c0935-e68e-e2e5-aa08-9b5b78497b47;1
49696d0a-1ac2-72c0-8ea6-5c30d711c24d;1
497d1923-2819-b0ae-65fa-32823f82dd9d;1
4980c520-b084-5280-fe4b-0c885c9f459c;1
499a921b-2fb5-a093-c862-c636b838793e;1
499ec859-e680-ccf3-5db8-7b8e5696e3bc;1
49a458a3-57ee-f9e1-c92a-78a602146c34;1
49a6a32b-a5f5-0806-1866-4921c111a78b;1
49a8c750-b61f-5dfe-b17e-14f2e8b8495a;1
49b94ca1-ac8b-2af5-d432-877d1fe57750;1
49cc908c-4224-de3d-9558-27a7189e097b;1
49d13ffd-d57f-3489-8470-ac4a5a423856;1
49d2dc0a-0037-1932-2187-395beb6288e5;1
49ea9a90-9b09-2d5c-a8b7-05398eec7234;1
4a0db095-8b5e-14f6-b0bd-c17a40cbcc88;1
4a14b75f-0c6f-5b45-d441-2e5ad522a63a;1
4a20e194-9c1b-d0d7-4616-80bc3df0d5be;1
4a21ebfa-2fcf-4edc-8ce0-3684838d3372;1
4a3bf61f-48d5-afc3-035e-d86d255a6ec3;1
4a3e0b55-ff96-f8ad-02be-3d17b6e92036;1
4a4a4149-b951-4124-b6b0-5ac141c27192;1
4a4f2085-a06b-d960-4627-6dadd3300c98;1
4a57ea66-48dc-07fe-1d92-ad6f4fc7ff77;1
4a6e8ceb-04b3-d377-db52-e98ba653f6a6;1
4a703fa9-16dd-d47f-7948-36c9129aed95;1
4a77d2ed-5c38-c7b2-829c-385dedabfbce;1
4a8b4199-bc5b-51ce-f121-119988d784b0;1
4a8d3844-a9a7-0fb9-2759-f68f9b0342ca;1
4a8f06bb-c5c7-083c-fb9d-a07cff3fdb2a;1
4a8f97d5-a924-2bdd-d4f4-11d0d60d2b5a;1
4a9cbf66-799f-1e7c-0b76-3ac30c6ce204;1
4a9e5f8d-a8cb-4a1d-3b5a-80c279c9832a;1
4aa55789-e576-08a0-af7d-5aac7fe73df8;1
4acf2a04-8a52-e5df-3c8f-1d8837c68ea5;1
4ad2b15f-16a4-2ad7-225a-21f1a7536647;1
4ad98945-e739-6374-47cc-ca074fddbb72;1
4ae425e7-5abb-47a0-f630-aaf8031c7c4b;1
4b0827c8-1cb2-f651-30da-f052d7b3c820;1
4b0a41af-81ed-fb7a-c57c-730bb06a57a5;1
4b0a8bf7-8137-a626-dafb-791f864478a7;1
4b168119-0d28-3ee8-8bbb-027fb3500c40;1
4b1c0aa6-2b52-f04f-253f-d295bd385638;1
4b366e63-e550-e41e-2afb-5d203b375145;1
4b4dc47b-dd6e-14c9-39da-29a99b17f4d1;1
4b5812d9-9044-a698-9c0d-04e3df705295;1
4b5f8a41-48e7-c75c-a029-132f9207b8bd;1
4b604865-5dcb-b8d8-ab98-e3f2e51a2c98;1
4b675c0a-ac5f-45bb-926b-0863e5aea590;1
4b6827e0-13f5-327b-e53c-62b3d5eb9f33;1
4b7357bd-fa90-0a6f-ca31-ee211a4127a5;1
4b836016-71ac-97ec-840b-876d5adcfe5a;1
4b9c5f5a-43a4-5c27-040f-268025a10159;1
4ba1da61-31be-76a8-387f-0209684490c7;1
4baafdfb-fdc5-5da9-7beb-602c6b2c7662;1
4bb60b14-4e1b-7d23-7220-b2f7a92d25d6;1
4beb6905-f51b-7ca2-c4c0-c2551f3a0a4f;1
4bed248d-c0e8-78e0-f9ff-87a4f46fdeaf;1
4bf00853-d734-1437-cffc-d4ccd06ea7d5;1
4c099200-4e01-f851-7991-938f49cb8478;1
4c12cc38-f6c2-be94-5c49-82f85059bbb4;1
4c22a251-cb8c-e956-ece9-a4a873a649ba;1
4c363d73-b333-1ceb-db3b-7b1f73734759;1
4c398092-e3a6-d61f-2a91-29474a06a958;1
4c49efdf-851f-dc87-165d-d4eebd8745ca;1
4c82f2ea-74ab-865e-c21f-669f7519eca9;1
4c86e12a-3f2e-e7ea-3f62-81dbc8a4edca;1
4ca596ec-d380-9cf8-564b-0a10e29700ae;1
4caa61b0-b2f7-5d39-7756-5f641ccb3129;1
4cac803b-b5d1-6def-15a3-cb7fe715ff1d;1
4cb961ba-f341-0f9e-5f6a-8efd567765d0;1
4cc0013c-d7c7-b241-432a-edf8923717f5;1
4ccb8098-a6f0-d59d-27f8-2d76bc8938c2;1
4ccb9620-a911-1848-d621-5f139e6df3dd;1
4cce2226-8843-69e5-6fc8-d41e16829687;1
4cd66dd5-c4d6-04a9-cc4c-1c416eb8e778;1
4cdf9c4c-c782-2f1e-f42f-0463e984b377;1
4ce3c620-dd09-9736-3d86-fb64252807be;1
4cfc925c-d72b-330a-0e3e-8659d98153ca;1
4d00d980-b500-2507-6d9a-305586e42aaf;1
4d0d3948-ad5d-fb87-fca0-a1f5691f3ee8;1
4d14927f-cf17-c6c2-c40f-cdb9b3c4b5f6;1
4d214505-9f55-e3d9-7ebb-07d55e745d15;1
4d2c36b3-aa5f-f12c-6af8-949ae8d8f345;1
4d2c3748-b431-1aef-6605-ff0b1f21b978;1
4d3dc55b-8ab1-8160-1dda-82b1b65ca3b2;1
4d597327-bb96-d2c6-4c5a-d95ddbd7853f;1
4d5d2666-c6ad-8c2f-4f5b-80b4a99bdedf;1
4d60116b-8e14-145f-d2e7-96d751190ba5;1
4d6bd0fb-bf79-0401-2610-6f5668a04efd;1
4d71c154-a3b9-0a5c-48bd-c4d007df551d;1
4d86930a-5d5b-8aae-bc0d-f11ee4f20e46;1
4d86aa18-8c58-f23e-4ec1-c84f8beadad2;1
4d8ded53-0a47-f4a4-9c29-a99eccdffdab;1
4d95e214-c740-f848-23eb-b22097f9c8be;1
4d9e39cf-7045-4fa7-de42-d79b2486f9fb;1
4da7ccda-633d-0e0a-93b5-3c8642a21c30;1
4dab77b9-c82a-b1b7-4dc7-b4387b4e33ac;1
4db25895-b456-3d20-7265-278af48c5960;1
4dcb6a22-1719-526f-87ba-2d919f6a83f5;1
4de5d724-3b10-da9b-f143-3b6dcbb97a95;1
4de838cb-5838-1525-5970-6bd775d81346;1
4def623d-c2d2-f0c7-c475-1fde1ecd98d7;1
4df53c74-4274-8d14-b2c7-7b5605c08927;1
4dfbd9d3-ad7f-8182-f345-570fe235684b;1
4e0451d3-3b73-faf0-6653-ae6b80794856;1
4e1013ab-90a6-95ce-8562-91250176027d;1
4e13caa4-c97c-8ec6-a7e5-c5531d99af32;1
4e14512f-6c94-80f2-bc05-bee204094cca;1
4e23bb8e-7c5c-22c8-c35d-eeff8cf3935a;1
4e30b69d-7c95-f461-271e-26db79b822fc;1
4e32c529-d9b9-3948-64ef-9dca009e294e;1
4e35a853-b7d0-ba9b-ff22-b9c9a436ada8;1
4e37a113-529a-16ef-2f91-986b9908498d;1
4e4c8838-cf72-e381-0f00-908a49928c0e;1
4e809fc1-8cd1-df12-a9bc-a0e194d1781a;1
4e8c754b-da01-89c6-4a2c-2382542ed76c;1
4e8e1765-ea59-f255-08b5-4e9d33c6da0a;1
4e91c887-0b71-6d1c-369d-08b533e7395d;1
4e99cd79-646a-599b-f919-51ec57db41ee;1
4ea19913-ce16-cc69-c267-9a516b66dd8c;1
4eb41628-68f2-9a4c-3da3-ad911d279422;1
4eb89bfb-c8e5-43a9-3aa4-bb268152142e;1
4ed7be69-4b4c-78a8-0f4f-2d4a9581a317;1
4edb1f0e-b632-0f09-60a9-401681570473;1
4ee91ad4-090c-5dd4-80e5-e80edd0d5117;1
4efc4cbd-f9de-66db-2200-75da319a5161;1
4f01a402-b035-90aa-d1ff-6a9d6f0487f3;1
4f0b3f10-ff31-9c87-d209-dd8f487d77ed;1
4f0d84b3-fb0f-4355-d078-663a1f6b86e0;1
4f18d0bf-63ee-0d60-5657-122d67268447;1
4f363178-32fa-2131-5b83-22ddac193487;1
4f40bd9a-f0b1-31a4-30a5-02c963ec0060;1
4f53a534-37c4-cc1c-41f7-efe6c7f6cd96;1
4f608ba1-f1bd-26ba-b30a-30b8de83533e;1
4f7151ed-85d1-4193-0135-b04d068c4ceb;1
4f72f8d7-1fd7-b6b3-0464-2f8752636dbd;1
4f90fcf5-57c7-9599-aa70-94fa634819bb;1
4f91d8eb-75be-753d-a8bf-b6d7368c7733;1
4f9da328-bb87-7690-fe22-54018a8e24ef;1
4fa6cfa0-0b95-83a7-4ef1-34fdb77ce406;1
4fb10358-3d92-01c9-4a36-60d834b37aa8;1
4fb16829-0387-b226-fa50-54975bfc420a;1
4fc1ffc5-0994-ee85-4ff5-34a512f4491e;1
4fcfaa2a-53a4-c785-8d59-7ed8a2855970;1
4fd8b37d-483d-3f08-c293-a95e629b85a3;1
4fe3d79e-c24b-e2e6-7b75-9d0bd0d2e727;1
4fef1cd3-daf9-aed6-d615-578d8cdb0eeb;1
4ff31ac3-5000-1960-c940-a1da7721226b;1
500df317-a6ff-41ba-b81f-450873371f6f;1
501d6325-72a4-1fc4-449f-6fba1ec8d2cd;1
502de061-8749-37e0-cf6c-75eb9b010069;1
503ca55a-3755-5d68-ee32-3e1bff95b476;1
50404c92-e338-ce72-214b-767e692cef0a;1
504624df-1f93-bbfc-ecca-587c916398d8;1
505365ed-a3ab-92e1-3302-c7e7f774bb53;1
507252b7-ec4d-da37-b090-c447cce02a5c;1
508570f5-030c-c8a1-2437-fed427ead422;1
508d52c8-59fc-0d38-2f4c-b3e2d5706401;1
50afc962-191f-7881-cd44-a87a493a52ce;1
50b021d8-c424-2e87-bc04-28f9614e7bb0;1
50b2b985-a894-9762-bd86-5b40da593f1d;1
50c387d0-9365-dc53-47ff-a0912e2cc394;1
50d180ad-c6cf-f9ea-f5ee-2694f21d1499;1
50d1c81b-3e5a-c4a4-b50a-1171781e365a;1
50d2b10d-440a-2584-0feb-d1dec0c45b42;1
50da30ff-2ff4-58ee-60b5-3ff6b0ada679;1
50e51159-facd-5df4-b72c-167db25e86df;1
5102f6d9-0d2c-7e77-9edf-f4dd16bfde61;1
5109860e-9ded-e1ab-dfa1-67e6d0b50208;1
511a80ef-0a50-aff6-d6bf-42c207ed6405;1
512323a5-9989-cd76-bd90-d6e6dba20e9c;1
512e3f7d-8303-8993-1399-47cf43fcde6c;1
5134c084-e2b7-5379-3471-ebeba3064c9c;1
51379f2d-990a-9061-925e-ee0721e6d64d;1
514595f4-1a65-47c2-431b-e21030a6a341;1
5145c8dc-d131-16cd-7a7b-8176e70e839b;1
518a50cc-7344-ac9a-05e8-7eb2d7ff9df4;1
518fe491-158a-48d9-c5da-f61303901863;1
51916045-69f8-31a2-ba15-99de344f8bd3;1
5197d07b-8f2c-8718-86fc-92a0d2f32c72;1
51be8aa8-12dd-0511-da61-02483aa24b14;1
51d0fdab-080b-b63e-7d42-d87e03f06989;1
51e4a5d5-3f74-9747-9707-7b3551c2fed0;1
51e86b2e-e6f6-25b0-6f8f-830cbe33bbba;1
51f5f5a8-9276-8e9a-582d-e3ad55afd488;1
51f9b35e-6a42-bebd-3f81-0d7e427cc5d7;1
51ff1d8d-10dc-e2cd-2b48-ccbce0e051f1;1
5200da59-0ea7-74d5-03c1-c04982767426;1
5200ebfa-86b0-ce27-993c-7dfd8abd8323;1
521005d6-0666-db47-32d0-9722b2ac2ec2;1
521071ea-3b65-5e65-5e65-57b43b23601c;1
5213807a-2a7d-f2c7-d3b5-7bea82052f33;1
521789d9-1e47-8c5a-72cc-9e6569c3dbdc;1
5229d522-a9e5-cea1-9fba-9c6cac2c8d8d;1
522d3521-40e7-b7dc-67da-871448cd0295;1
522de36c-f9c4-277e-3ab1-4f5ddd85da1a;1
5238ea08-1615-cac6-9ce5-db871a99031f;1
523f654d-c11d-0035-287c-b42476b6b4e6;1
524ef0c9-277e-abe7-c6e6-3af533ef4502;1
52547bd2-6839-0cd7-5140-8d117feac98e;1
525a0b30-ad52-9339-e649-9e238148574f;1
52721ea5-cda4-13fa-dbbf-bd9812085156;1
5274a6c8-8b2c-399d-a4ae-eab4bdeedb9f;1
528c2671-2c8a-6320-0c15-accbacca5520;1
52959afb-a337-6721-e7ed-20edbab9a9fd;1
52968965-cc19-f125-c38f-f461caf2a324;1
529846a8-8a0d-c559-896d-992b3ac8b2fe;1
52b727fb-bf74-fc23-5395-f41ee9efe323;1
52c1757e-41e4-b02e-8377-fa988b275170;1
52c6d429-3a2d-6bbd-a2b0-d195d7dc41ba;1
52c885a4-b320-38af-df60-551e88e84c3a;1
52cbfa74-693e-9e26-c590-38c56a4fc9a4;1
52cd9007-d6aa-2e95-995d-5099e5e33522;1
52e49486-19ab-10a2-a2e8-d9f8e6c0be8c;1
52fa25a7-70c7-ad7d-2af2-a346546dfbd7;1
53095bc7-1e2a-4269-cddf-f1286aeff7ee;1
530ee502-fa48-6760-12be-d6c661b3400f;1
5337fe68-c873-be06-3c5c-2405bcb4fe49;1
53484c8e-3a8b-92f3-987b-1e480fc639ba;1
535e47bc-24fd-81b7-e9a6-c464dc81cadc;1
538501bc-7532-9472-60bd-f56ea0ff36e7;1
538b1cd3-6598-fdac-f008-31211b341083;1
53a089a7-c77c-ba13-a8dd-cb3f42ea7f9b;1
53a67333-3023-a9c6-d198-43bf3846feb0;1
53c2ccc8-8883-c918-87c2-ac34e25afa3e;1
53ebe84d-81c9-66e9-be67-a30862234436;1
53f39da3-7f1d-26ce-7ad4-15293b6a6993;1
5407d823-93ce-fdf1-e4f0-92a64b8dd46f;1
5408705c-c928-3229-6629-e5a220204a7d;1
54104e59-ac9d-4d8e-160b-d5341f4639b5;1
542aab5c-d89e-c289-defe-6fcc93af0b51;1
5437fd02-1e4e-9d17-d252-74c58f0a2398;1
5450d2ef-52ac-3ff4-6965-21367561b2ae;1
5455f8a8-7a1d-74ff-58be-ac01c6eb2f0b;1
545fa4e6-ca96-317b-b005-400ad13ee513;1
54643f2c-5a20-6a91-d469-481071bea2c9;1
5466398a-3f4f-9ea1-a666-5c67790987c1;1
54762681-6ba7-851b-1b86-55b4b6f58c97;1
547b846f-01f5-8d85-f347-54a8d52929ac;1
5484157a-838d-4dfa-5b9a-e955c37fc395;1
54a52dab-5276-a8ce-f0e5-dd2a94f6f703;1
54a72e87-4519-a9f5-8346-3d62f6a6ed25;1
54ae97f3-302c-e2b8-e2ed-fddc2cea06db;1
54c0d43d-3fc9-9761-1a89-f2dd0f4987e5;1
54f2c0b0-ba2e-c48e-98bb-62916d439b9d;1
5518488e-9389-88b7-a06e-fcb8e522f3d2;1
5535e5f4-5672-a354-75a0-b489597f5817;1
554abeb6-2aae-12fa-7518-d4166f74a60a;1
55516f4f-9538-6cd7-8516-80712439b2d3;1
55578823-7e6e-60be-4b97-c9ad90fea08b;1
55598752-0c45-1b27-7281-8efed62f3e94;1
5568ec42-35e3-6199-394f-c8f2ccefa02e;1
557c1de2-2359-3a56-61bc-489e7b9dc0d1;1
557d25a1-febb-e947-0d1d-6345832e44a5;1
5599512d-ee79-1f85-4710-fb6356c0c6b7;1
559e63d6-65dc-4da9-d3bf-4e03fae57877;1
55a0dec7-082e-29f5-a866-541cb1a98f6b;1
55a53159-91f9-a7ab-15e7-d70ce3970688;1
55ae9c52-6163-e5e9-55e2-32ee0ca7e0e9;1
55b2062d-fba4-25b9-e8b6-00ee9f24d515;1
55cb5cfd-41e7-f815-ba1c-e94f8ea94aee;1
55f114b4-1a24-7785-70ac-021415c65517;1
55f40c22-1f9b-8613-0003-4a6cd54e2c09;1
55fdc78d-d437-3a87-3a1c-443d806f9ee2;1
5603e3f6-f4d9-97ce-5934-29c6350a4621;1
5610e484-4c7c-1028-ad14-4f4c02a8f78b;1
562142d0-5d67-180d-cdca-1a58555c8ef1;1
56231a1f-c81f-fb66-f613-65cf2269d35d;1
563180b5-50c4-6ddd-07d2-764154057959;1
5638569d-c42f-8327-0a35-dce6ce4cf78d;1
563d0e76-d6ce-35f4-1b3d-2eea8ea75791;1
5647f43d-83a7-b810-0656-e7c8dde03c8d;1
564b30c7-ef02-dce2-88fd-24229e908c95;1
565264b0-70e4-d30e-dca9-f665e17b4eeb;1
565aa5ca-f723-8bb0-4136-a70e69bf4ec5;1
565e37f4-a09e-0a4c-374b-dcc280348436;1
566050d5-7947-773b-a743-5f8e052c2eeb;1
566ade98-827f-9ace-b141-d9ae1f4515e4;1
5678ada1-6c4c-815a-6562-81b1f3ee778f;1
567fd928-cc7e-98f4-48f8-c7abd81f2db5;1
569193d5-5fe4-00f9-9e38-1473a44d91a9;1
569bec7b-0833-2941-781e-2a274d2475f8;1
569ede17-8d6a-0042-ec75-c53038c7cdcc;1
56baf83b-20c5-9748-82f8-ea863dbdc2ce;1
56d2e2cd-0161-912b-7b02-168ce2e4b3b4;1
56e22395-2953-eb92-f3e8-d8300b1bbf79;1
56e5260a-256c-c63e-d988-fd8064948f70;1
56ed0193-b541-3ae6-a4b8-2616e1f26b02;1
56ed155a-c740-cf8f-f81c-48161db9dfc1;1
56f8c7ce-2e49-1819-9cf2-32b8b509b779;1
56fa146b-965a-429c-e699-2b0cd362a120;1
572d755e-54a4-8a86-4f69-dd3a44cefcab;1
57454c1b-b4e6-f263-b252-094cfd074353;1
574bb7e7-b90b-ee02-8c7b-34ecd3072d39;1
575b831e-582b-ad3c-bca3-c51154cf88a6;1
5782d7cc-7b38-7deb-ab60-b3bb4e4e3b51;1
578b41b4-954f-f7f8-1743-a87989caa526;1
57b1a7d4-282b-4d4a-44d3-2422e15d1921;1
57cce858-3942-19e4-6b38-1056a367a69b;1
57e1429f-f21f-bd87-0622-9f52617f1d2b;1
57ef2884-b5a0-1ebc-ef69-a33803e1dd6d;1
57f7795e-63ea-8190-38be-938bd1042e01;1
5835a1b6-d9a3-0d38-92e6-0722a5ac5a41;1
5843363f-6c6f-0661-345b-e50805575f8c;1
5846bc65-9513-356a-28f6-3c9f0b227ded;1
58542453-e050-2bc3-fa52-70391c90186e;1
5866fa0a-5456-7d83-3e13-aa683c2bdc90;1
58809035-ad29-935f-93b6-b37f72c7b889;1
58825251-e633-54b5-1dc8-e227c3017b75;1
58984e6c-7d13-8486-c4e6-c2343c30949a;1
58991340-60bc-77a9-c47a-a02641c22078;1
58ac41ed-54b6-d63c-a96c-10bb991ce68a;1
58afacce-9c6f-5971-048a-5b99d1b41aa7;1
58c05c53-1fb6-6556-4522-0532210ec486;1
58ca6af6-880b-f585-80f6-8c5053856f71;1
58d053da-5fb9-a07b-783a-5c0dea9cbaa8;1
58d55927-5a8c-fef3-7477-5d0c63179d8b;1
58e08080-3004-aea3-d487-d52a0c1cfe6c;1
58e64edd-d7eb-f047-3825-5cbff9449c33;1
58e74516-0bfe-ae19-b942-8378e7936f53;1
58f8734a-254c-5df3-5b05-d467b9f65906;1
58f8ed41-2389-aed8-4200-1a663edfddc3;1
5900e42c-6aa6-baef-615a-f823bd27a3c0;1
590a26de-fc35-6364-73e2-d3c72d28623f;1
592f0f28-1fc3-0e88-988b-cbff24a83fb7;1
5935d584-1082-7dd0-ef42-3e8289d1842f;1
594c0b76-e9b6-e266-0043-9cc855e54cfc;1
594c31bc-ae68-ea31-46f4-5ce7945fde67;1
594d4117-090c-1873-132b-e83569b6693e;1
5956b2cc-a6ab-b397-54a8-4651a1df7195;1
59571b0f-5813-319a-a683-8f4e9231eaa6;1
59773bea-93df-293a-8cc4-6889ab5eb37d;1
597bb4ad-39ac-5e00-ba34-eb69f31be985;1
599a4038-1dd2-3f5d-7d49-c5d10aa64380;1
59af6e8a-6660-f537-39f2-1881ed875513;1
59be624c-e566-4a1e-766a-d77bb7549797;1
59cb7f36-23c4-da36-58df-f2d4e5b3085a;1
59cbbd64-1ce3-8d11-0ae8-47300b9f5833;1
59d073b3-0773-a2b0-df39-8305d4bce791;1
59e0779d-df41-f548-a169-b9551bc97b43;1
5a072007-0cef-7e31-512a-fe4fe9491d0f;1
5a081bf6-2a75-1c0f-5e0c-91c2b5c3f512;1
5a08ae76-c4d3-600b-6a6c-032cfa4815f2;1
5a0c5c44-2494-9175-88f4-47fbf2ff2ee7;1
5a1a274a-56e7-0c9a-4d1f-449a29218d9c;1
5a274f75-80b2-776b-14fd-44c0c6bffdb4;1
5a2a1601-ecb2-f5c4-7600-e35f6c8d3708;1
5a2f3555-f98c-6ca2-067b-93a3613e8388;1
5a2f7363-856e-b55c-e7e7-a5bad1c929f6;1
5a39f872-a87c-3add-9252-494adef54151;1
5a3a0824-3271-5f8c-57e8-77c60a8ef4c8;1
5a474173-6475-7b81-aae7-e6e33e2423d9;1
5a539c18-2f0e-c302-0e70-b502e6755e23;1
5a64fa8d-4025-c6af-f383-ff89d2c7a516;1
5a7934ee-4dd5-80b3-1e2e-b064a0a9232a;1
5a7fb0d7-b590-64a0-510e-fddfa9bdefb7;1
5aa1c1b7-a521-515e-6a28-61d0b3737e66;1
5ab4cca2-9d1a-492f-5862-f76c5eaa91e2;1
5ac53303-92d9-33c6-1aa4-9db0b16722f2;1
5ac80a6b-8558-16d7-8df3-4c6bc1446358;1
5acc67ce-632b-c07c-305f-39a16467263c;1
5ad8542d-361d-44e0-e627-531f238353b9;1
5adad66b-3844-8fca-9688-b9da2d8726b6;1
5add1607-7241-2a3d-47d2-a0be3fd06ac6;1
5ade93d3-94e3-0d13-a5f3-87df2f81eb2a;1
5ae3f886-9b2e-d614-ac39-f1bb571c7e97;1
5b182110-6649-5f89-48d6-e6aff94441a6;1
5b1dbffd-8564-c4df-aa7f-adbe726f6ee6;1
5b204e45-ac0e-6e67-fcfa-570cbbc125f8;1
5b224d18-3d48-6a17-c2e9-5b343c8a78e2;1
5b2bf005-2132-2358-36f6-c41511429371;1
5b2cb876-b26e-0619-4d3e-c7276fdb14c2;1
5b386d12-cd78-98d5-2eaf-9fd6c980b632;1
5b425840-b39e-7de1-d7cc-ce2818d60fbb;1
5b52e402-404b-285e-5e62-ee80eb349986;1
5b541208-68f7-e4f3-4199-3577d3f25f1b;1
5b69c69d-769e-7d7d-828a-017d94a48f0b;1
5b8786ac-27c4-3113-292d-c6eaf64ee7f2;1
5b963c5e-7474-47ff-d765-4bc5529321a3;1
5b97e574-6293-1fcb-e889-772af3821370;1
5bae7533-6f58-dc63-6ee0-6adbd20c54fb;1
5bbd6fea-28c7-e084-2e3f-e8209e63a339;1
5bbf1312-2f3b-cd87-2f95-62dd086e77f0;1
5bbf74aa-f41a-3b8a-f2b1-a375811e725e;1
5bc085ff-9df0-1e18-21ef-e789bf8c6b38;1
5be4d108-813c-6e55-cb73-ead4ce151f2c;1
5bf05d4f-71c5-1c3f-259f-343860fca234;1
5bfc4831-34c1-4ca8-9ecc-df1bd805745b;1
5c04d4e4-99d0-8f8d-02b8-164acbc35724;1
5c07da4b-f6ad-4e18-1868-c5a0b9fd26c5;1
5c0823de-dc81-98de-94f3-2eeb13110374;1
5c0d76d6-b9ba-092c-2c4a-ad48ad610778;1
5c0e5d74-42e8-fdd7-d326-61d5e8effb76;1
5c1a1c4c-0de2-363a-b926-61c0af4d5ce8;1
5c35ba8a-36a9-2728-87d4-7aa4406d8096;1
5c4321f8-8005-3dae-cccf-da899f2ff295;1
5c48f793-8b3f-367c-4fce-0bc964fd5ac2;1
5c4a2ceb-6493-0d18-56e9-26d8aa7f7d5a;1
5c586dd4-17cd-b954-7ad5-8d5099c149da;1
5c5b9991-3e46-98df-8ffa-ddd285ff4783;1
5c5d8db5-d123-90a5-cf6b-c36b7752cb51;1
5c7cd542-76eb-798e-e028-02761fb1d87c;1
5c8a30ff-3783-2475-15d2-29c545d8ce6e;1
5c934f90-cd90-8f4e-8031-69d510487bde;1
5c99c691-df5c-1da9-1bcc-a772a27365ff;1
5cafc157-0c9b-e8bc-f69f-fdd858998073;1
5cceb8c6-7b40-5594-4f5f-0c48a79e64ec;1
5cd68bf6-60b0-b2a5-54fd-5f3df36ae7ed;1
5cd98e28-cd07-6a1a-0913-2e1ee79ad4ca;1
5cdb74c3-cd96-9c6f-9541-c0d8dc655e68;1
5d01d3d5-3de3-4749-9dca-1fce16520857;1
5d08a76e-0533-3264-ffdd-f67aa2a60ebd;1
5d0f6c1f-3962-b784-9ef4-365f15ebb9be;1
5d1259fe-7bbf-3bb0-cede-e4306572560e;1
5d21ddf0-5976-b69f-40ba-605fe818f6d2;1
5d3aa148-01a8-c928-4402-593ceecff7af;1
5d469eb4-95bb-6b53-14a6-d50da2a868a0;1
5d4c234b-c96c-d108-d590-468ff45e8002;1
5d6a98e5-0d47-ede2-cfaf-53e6d6808514;1
5d89e011-e187-25dd-6877-1ff44becca81;1
5d8ee369-1c0e-65f2-f28d-6fdc35628e9a;1
5daaf0c5-58ba-df3e-9973-57e497557ed8;1
5dc17cba-c1b9-86f2-9f13-79e0d68c8bd3;1
5dd33c23-eba2-e2eb-7fe6-f106e45777c5;1
5dd8086b-24bf-429f-6fd9-dbe9fc479d04;1
5ddf8062-0e9c-aa38-aecf-d3c47a678251;1
5de2d246-505a-04af-13a7-710b5f40dda6;1
5debf7d7-66f1-cad2-c442-aaad4b033a77;1
5dfed1cc-d9c6-46d3-4a61-4dec1909656f;1
5e2629ca-6236-cdb0-943f-072c1f3bfefa;1
5e46b83c-c404-2d07-5ab1-d2c2c55e4821;1
5e478aa6-5471-8b61-6926-7c517111883b;1
5e4c1f00-e93d-e91d-62c9-8796e7aa0834;1
5e4c6c6a-9ed0-7799-7558-99dabdbcb586;1
5e4da640-9821-0ed3-f0e5-3280bba20b77;1
5e583a16-85f7-b0dd-d324-80afc5680a3b;1
5e674207-8813-6093-e5df-3d63f6aa6434;1
5e6c2655-fd7a-9cc1-b04f-47aafb5ee893;1
5e70e6cf-dd30-de6c-bb34-0177b941b623;1
5e73e43c-8ca9-2249-a587-d7472ae02c71;1
5e76bfb2-525d-9e0c-a3a9-bce622b38ee5;1
5e776b81-81f0-bf13-98a5-ae15ae794fc7;1
5e8717a2-df90-7988-c384-64db0360e081;1
5e96ce9c-d997-6a2e-8c0d-46f48a677ef9;1
5e9861ba-7b6f-277a-0aa7-89fc3b26457c;1
5e9dc932-af24-ae5c-cf4f-8aa659dc4cf6;1
5ea48ff2-1a41-2e6b-91a5-ec3dfc74e736;1
5ebf29e8-b157-425c-62c8-3f43f6614ce2;1
5ebf7e25-bef0-12fa-3c3b-ce40b4f374bc;1
5ece60db-c36e-556d-cbaf-8f5097ec3217;1
5eed3d38-8071-7796-d4e7-c3df2dcbf026;1
5ef7696b-85a1-9905-34b5-7f90f46c33d7;1
5f055d09-852f-59cb-f8b3-b9fe69d811fa;1
5f0b5ff3-b89a-fb09-0d23-6e5c30d409d5;1
5f141794-6781-e1da-36c2-f43182776956;1
5f17381b-5bb0-6b21-9fde-afb6c82f8a07;1
5f1c20c2-1e0e-a1b7-8a9b-708b8d42193f;1
5f2daf56-9a58-6ef5-2650-cdbe265e6e58;1
5f44ab83-9400-f62d-a56e-f94394cc90fb;1
5f4f645c-c0b1-f225-6c3b-41dff1f03a8b;1
5f513332-ae14-738d-92a0-b67692402cf5;1
5f5fead6-787f-2209-e9a5-d1be43ccc444;1
5f63ca12-7e86-2bc7-7c74-6ffbaa27b461;1
5f771b81-14cf-186c-0c94-bf9e618916c3;1
5f7bd0e9-96bb-eee8-5103-9e600a89ce73;1
5f830eda-9a42-f400-e9c5-df90bb306658;1
5f92c56d-580b-528c-9acb-417f93b8d118;1
5f9751b4-1968-4823-e424-9578a7200bba;1
5f9a4eb0-97c7-c3e7-d52e-b701d68face5;1
5fa1d1be-e316-0db0-bb6b-5220d0d1ca84;1
5fab2229-b63b-de8b-9026-fe941e594610;1
5fab348b-89cc-ba6b-92a1-3de949551528;1
5fadcc3f-c8db-5815-3fa4-62b74ca30650;1
5fb9f2d9-23dd-978d-c6cc-4fad4979375c;1
5fbfd53d-c0bb-e59e-f80a-6f5949634cf5;1
5fc8539f-9c76-0f06-fc63-a8523ada11ea;1
5fdbfa39-d255-3cc9-6cc8-07115b61929c;1
5fefe43c-89bd-c7c0-9f13-75521d0687b5;1
5ff8132d-971e-cfaa-f163-d21edb80832c;1
600c48c6-2ac2-c2dd-9a7d-9572e5c72e33;1
600e06ca-6204-4932-1794-a22d579a5c29;1
6016ba22-fa14-06de-a068-c7fdb5b47437;1
601c3bfa-8482-5821-80b2-b765d9741b80;1
601ec5b3-91c4-c80c-213d-c19d2564ac6f;1
6025b229-6739-6927-58c5-c7c439f3c7c6;1
60268fb3-91e4-fc23-26dd-4b63e7f9dcfd;1
602c60b2-22eb-35c9-48b7-8dbea50ba8de;1
602ca41a-763f-4eb7-59f2-03603c0333e3;1
6031ab8c-e2c2-3a8e-bb09-8528cd5866fd;1
603b7e10-fe22-a741-75fb-328e8bbade45;1
604044d2-0685-4d35-5997-743827f7bbd3;1
604d5735-a26d-b2c5-1549-9b2b1cc79382;1
604d781c-e5bb-8810-fc17-f03c09ac35e8;1
6061fed0-a4f1-6ba4-a5a9-95007b3b0b35;1
606286df-b3de-e58d-67d7-e87f040a72e6;1
607227d8-4e4f-a3b9-ffeb-a5774566333f;1
607871db-20c8-4146-c4eb-76331d2bd7ce;1
60882b64-1391-9a23-0b5d-955d2c15e037;1
608dc5ad-d7fb-2af5-1ec9-5a0e51770f96;1
608fa98f-fde5-cbc1-8c44-b6312cefc15d;1
60b0fbdd-b48c-dcdd-08a0-d5d5df29f74e;1
60c27b50-ce79-959d-c2ae-76f75c746304;1
60da8c9c-e261-8616-5420-9143385c1671;1
60e06cc1-e90e-dcce-008d-4e12ebfca0bb;1
60e163a1-dbb1-4a40-10f4-e39a8e17e9d2;1
6108e82a-1ec7-c422-f2fb-76fff1d1f322;1
6117a36c-a675-4de3-1b8b-11fc8b2cecc0;1
612e30f1-488c-8a16-8e4b-df441e74ef75;1
612f743e-3bde-0cd0-3be2-aa6d17b95e4a;1
6134ddd7-ae43-0fb3-952e-8371e6438461;1
613f34db-63a1-708f-5f83-be3c6f6d81ae;1
613fe22d-298f-2bf0-cf33-789d62115e02;1
6142f446-2753-dbd6-4a77-21069f4fca21;1
614c1676-b2ad-e6d4-ee50-1f5e974c6868;1
61666aaf-ba5b-64df-6419-6740d20db9aa;1
61687a0d-ced9-8985-1816-cbb6c079ba02;1
6175c0d0-b7ed-a9f9-6870-30123fa1fde5;1
617c25b3-1c90-e307-8503-e426626de761;1
617eb469-fd37-9e18-ad2c-87a46a1eaa99;1
61bd3aca-b082-993f-ede2-ff9c0c0bcccf;1
61c0a0ce-6d4f-1002-3e50-8d6428e77b9a;1
61e2e59f-0f51-8abf-7ed8-cb6c93dfce70;1
61e90a34-af6d-15b4-7352-03115d580552;1
61fcc68d-b6c7-92cd-d3b9-1b7b6558f48f;1
61fce1a2-aeb6-8032-b4cb-126aaade94a5;1
61ff01cf-0a9c-2455-85c8-3908169dc978;1
620ed3ba-4b79-7902-0dd5-6fc0f0c39b44;1
62241ae9-b8a8-842c-b992-1e3862786026;1
622f0b91-62f2-592e-20ff-669d1e5f71f7;1
6241e27f-d015-9431-7798-59b4f4f95789;1
624919cc-84e9-e3fb-9f6c-ddf8c8784d5f;1
624d2cd6-6fcb-bee2-21d2-ac94e7706319;1
6268a791-9909-1a8c-ee03-00f23e0490c8;1
626eb84e-0b75-a00e-7bfe-b9bda20ff90f;1
6272b874-8619-e2c4-f2f7-4f8b8eb31c6f;1
6282bcfc-3522-57a8-ac90-fc6ac42995dc;1
62a4519f-14a4-f861-b695-d72f9e2c0009;1
62c5cd70-ba71-4a7a-6086-09df3ca6f8f7;1
62d78bb6-7269-bd31-102b-e806aa6f4801;1
62db0d03-96d1-fd34-3a1a-f10a2cf6bc68;1
62db9f92-4e6e-850d-66df-2984de77ff35;1
62df89cd-d21f-d8ce-8384-1833d55c3ab5;1
62effd53-8e69-02e4-5d18-f33964745af1;1
630cfe1c-d8e9-a827-928d-6344d5fb1a13;1
632ba291-cc80-c683-42ed-34ffa6b91982;1
6332e8cf-5a35-562e-abfa-39d5a05da066;1
633335ae-a548-01d0-1d8e-5ec5ada4b7a1;1
63358517-e86a-ecff-a2ac-d1c235513029;1
6341bc7c-28ef-d0e8-4705-81f3ee3c7f2e;1
63600ec3-c3bf-3a52-e41d-09d7fb2b871e;1
636f8be6-3e0b-8245-d9b8-4a03c8b78981;1
6376601e-3d50-c76f-8846-da027ff56173;1
637f59b2-1c80-1108-43ba-f57f8a519fb6;1
638795c0-d665-1c0c-efd8-b68a168adec0;1
63920d2c-dd82-5e7d-5a14-3d54b6bfe8a1;1
63931cb7-8bcd-50e8-9046-f5108a724801;1
63a41f54-5878-f82c-f9a3-45b7bfcff938;1
63a9febb-c1d2-4aa7-5143-98da202c4ea5;1
63ae4c65-e84e-29a6-fad7-6ca8eea49f36;1
63b440ff-7374-70da-9e6e-0c4501923e31;1
63c16f5a-1a3b-736f-aad0-e3d1002cd84e;1
63cae14b-b711-8bc2-1f7b-31bcc74a609c;1
63cc4ab1-384e-04fb-8e4e-060759def1f4;1
63d2be9d-9de4-feec-cbcd-f7e3b00d230c;1
63d839ff-a71a-3b51-d3df-bbbfeb3952ea;1
63dd9ecc-06f4-00c1-0489-a5bd807b3e36;1
63e355fe-d779-6138-c2cb-01f3f99e8390;1
63f2a3ca-f884-1c30-b0c5-44c8fa63b178;1
63f6eb27-da8a-ed4a-ca17-0157653cbd99;1
63fb0076-e76f-9f7f-c304-fe56b980158b;1
6417dcbb-308c-2074-1c0c-a8520d2e2fbe;1
64198ec3-3276-8e9f-7dc8-e64072e7e87a;1
64336ce0-da1f-7562-45ac-9daa21051fc4;1
643849a0-fdbc-92eb-de69-a5b5e5101717;1
643aebd7-bf7f-16e4-3088-55fa7e7aa831;1
643b365f-edfa-bdbb-d8e6-431ed0177d2d;1
644aa2d5-e2c7-6250-9f25-51a5da27725e;1
645120fa-a11c-a7b7-f0e3-ada19ea3884e;1
64544574-962c-4bd5-7c17-dc5afc2901e2;1
6457bf9a-4437-503d-9eb6-3c13a14ab85d;1
6457fac1-eadc-3b4d-9883-6bcb83225c66;1
6470c5ed-cf65-5111-129d-dd27bed413bb;1
64d81330-a9a1-74a1-f880-7ec1277d409d;1
6503ef2d-c891-37f9-d43c-9a7cfe017d9c;1
650c6c68-5c47-3f1e-d649-22d82fece852;1
653d4e07-2c35-54d6-e530-3d551642b788;1
653ef5fc-c559-c130-290c-e7c9d89db2e2;1
654c41e2-9ef4-9f18-0b73-85451a06b334;1
654f8856-dcc6-76a2-519f-7c6e711b667d;1
654f93cc-f3e2-2da5-f13b-730b1ff84335;1
65895acc-1177-b967-d384-4b771727fceb;1
658e67f8-1e54-c56c-f70e-d1ffac1a206f;1
65933a96-a6ab-2418-691d-38778285d53b;1
65b82d6f-d211-6442-d8b8-be9ce489e569;1
65c0a69c-1457-2912-7079-9b4fd15fe579;1
65c83b34-3272-80b1-72e0-0744252b6a7c;1
65d0c364-f8db-1847-28e2-f61e37a458ba;1
65d9af6e-0340-497b-9ee9-7f5254599f01;1
65dafdde-6985-1c6f-a27a-573cdbe4c68f;1
65e6e125-b5f9-0917-5555-0207d7b89258;1
65f0f469-bc99-eb19-f832-50ab9a7a7fd8;1
65f4e33c-7dae-62b1-545c-cc2a67906346;1
65fc5b41-2310-0648-fe46-9b43553a412d;1
662d1820-34bd-a032-c469-b6f2fcb3bf3e;1
66373a67-bedd-9c66-50c2-513dcf672dc7;1
6653f4bc-8ac5-7515-91a0-88eaba9a317e;1
6655e8e6-366f-645f-a5a2-206bca5f1c73;1
665d7500-a068-6c8e-f3ed-9caca0f14735;1
66658dcf-4da0-a037-4367-314e37cddaa7;1
6669d7d2-dd5f-cacd-ccb7-2b90d4add981;1
666d91fb-046a-73c4-b5a8-6fafcbeae500;1
666e3229-ebc3-7f81-820f-7bad0b9ebfb6;1
667611e0-cfbe-5d53-96fd-c002c23797da;1
667e7bfe-29e7-fdcf-8195-698a46ba523c;1
6694ba32-4ac3-2863-50e3-5374735a155c;1
669ec0a7-2b0c-7760-522a-cb2bd264d802;1
66a2c28e-a7fc-8f43-b6be-6a6d81113e6f;1
66a385ee-23a8-1464-d440-6a6434d67289;1
66d49fe5-e90d-70b1-44b0-da78da7d7173;1
66d784b8-63c0-a71c-9571-41af0caf56d7;1
66e035f6-cbdf-c616-9329-bf2953410d3f;1
66e04983-3d9c-6d9a-4450-ed98298a3742;1
66f1faf2-83f2-fdd3-87b4-a810b4fad154;1
66f2e243-4760-7178-d1ca-9b8d5327afa4;1
6701273e-7ef0-85af-abd1-054eead24ed0;1
6701cedf-b9fa-3feb-f60b-078d7b204b10;1
67155d44-5393-7ac6-2a06-8347d423be5b;1
6719f8c5-2906-fdb5-8446-45ced24ab893;1
67281a48-5018-15c4-1dd2-63336c2fe0e6;1
673a7587-3adb-7c98-38ad-071cee601890;1
673d0b57-130a-f84c-23db-1985e54059b9;1
6750ce89-a0e3-5448-f961-a204f4085327;1
676bb251-dbc4-35f2-61cb-8b811d2077ee;1
67a28a60-4e4d-a952-ceb1-0a21bba4e72f;1
67ad707a-2ba4-df91-fb21-d2317a5e0a5d;1
67b87f81-f0a7-8de2-a127-bee1b35b59a5;1
67ba8fd3-b206-59ed-94cc-1e432a79b39e;1
67bce6f1-4602-38a3-4f25-f7415b95f7ac;1
67cf305d-2eb8-618b-7f94-0dfcb685c9c1;1
67d80221-2e30-29fc-c26b-231010594282;1
67f3ad49-2186-5043-41fb-4b6dbdd927be;1
67f46555-949b-202a-ee97-a8f0b3f2439f;1
67f8abf2-f941-b663-3c4d-52572434cc53;1
6864e30b-bd88-b85f-e08d-289430682f1a;1
6873aa75-5cbf-e2ba-8ee4-28c0649e4806;1
687e8685-2d45-97e2-69b4-3ba21d3468a1;1
68908c01-a7c0-cd4c-07df-524b99dac13c;1
689a94e9-ecd4-e2bb-0494-12d6e0e6e881;1
689d6654-4519-e077-3982-3983be1e2401;1
68af908c-5cc0-48b5-597e-f5c9fe54db55;1
68afe251-33dc-2bf9-703a-4b2cd0755b90;1
68b304fa-79d7-da67-e107-162c9d8a3881;1
68b4b21e-dda9-8b7e-47c0-0bea1665e82d;1
68b5316d-5c97-4dac-4fab-a2f1a84d727f;1
68cc52af-580a-8443-14ef-1a41341ba8c8;1
68ce6eff-88db-9658-b96a-50e4b2891038;1
68d52fc5-914a-f252-d562-078923564c84;1
68d72dc6-4bc9-d028-c058-ce6401771434;1
68e12345-d63a-f8e5-05ca-ec5e113bff7c;1
68ec444b-6aae-f8f0-e8d1-836fdaf833bf;1
6908ea2b-fac2-5c2c-d37e-b6cb42327e36;1
690b3e99-9dba-cab9-5bca-c0e984cd2a00;1
690b403f-195d-d937-b389-3bda249ef69c;1
6924cb53-6338-806c-85c7-dec80097eac2;1
692bace4-07ed-1038-a420-b86061daeefc;1
69546211-e5a6-051d-8a56-82874fbdc615;1
695dedea-ecf7-6527-ef77-bb767e444d29;1
695ec9b3-bc41-7e0b-b3ba-f881ca954ada;1
696ae76b-ce2d-eb74-f13f-69e078ea5f16;1
69715b65-5be1-a8a0-515c-a4f2b43a0dd7;1
6971e66d-228c-682c-830f-98ff213e9795;1
6972ef1c-0883-2261-19b7-e9955ccdaa93;1
6977b952-539d-12e2-a067-5fdcccc35a94;1
698a9bcd-6d95-f154-272b-3178d769f0bd;1
69964a92-a30d-dfa1-4434-92f1b28985bb;1
69a25cb5-5300-7208-4089-d1ba10ce1767;1
69a28534-ec1f-4304-c430-9450542c780d;1
69abe820-6321-c0a8-7959-58684bd4ec0d;1
69b26fd5-8657-3869-7c5d-d5c2259c3954;1
69c50ab3-97be-def1-ea31-96d7b6966f63;1
69cc619c-08e7-4da5-5635-72bb6df1c3d8;1
69d76b9f-af62-baa5-50d4-96c537ecb138;1
69e187cc-1f10-33d5-f3ee-c59ab24855f3;1
69e619d2-96b9-56f6-087a-4d05b5fcc70c;1
69efe4a8-4b7d-97f1-84b6-cc1d3b484fdb;1
69f7ee0b-2c49-5b00-0640-e21f778c7362;1
69fb41c5-5766-1c9c-f924-43d527106c0d;1
69fb9983-41f8-f339-b344-d24e3fe3f85b;1
69fe6181-ecc5-50ce-c8b8-99287ee95dc7;1
6a001778-a4d9-d580-f533-93857e091a00;1
6a0a8de4-b386-87b2-bc6f-a77c45ca415a;1
6a4f5a3a-f316-1f51-0349-4f5d5666a0de;1
6a501ac6-fae7-ae88-41bb-9aee3254e897;1
6a64fb9f-7d3a-d628-bf82-02fdd6300749;1
6a8a7952-e924-f1c8-51f3-e8af8f4bf56f;1
6a95ac1e-90da-2cf3-419e-53335d4283b8;1
6a9daf9f-b1b4-ee02-4e32-5cc046802a53;1
6aa2d49f-0f1c-c211-b9d5-366399d70e2b;1
6ab777fb-d0d5-5594-74c9-99af65c77130;1
6abd805c-dbf4-3c43-c0c0-d061bdb954ab;1
6ac06853-39c6-5a6b-f05d-72a6ee0de733;1
6ac0f59b-f092-172c-8c20-20155ec9cf7c;1
6accd428-e899-16f5-3c12-1776b3c5cda7;1
6ad1917b-364b-4816-af20-ad6f86a03ad8;1
6ae8bd70-0246-6c1a-8957-84ffce239d4c;1
6af1dca2-557f-2198-dc3c-4142e744351f;1
6af37ef1-7222-ed59-8fac-ea3b0faf7c35;1
6afae363-08b3-9b69-3549-6357442c7701;1
6afe4be3-8630-df34-8810-707f309c0fa7;1
6afed732-36c3-d0f3-3ea2-85c0b0891691;1
6b1da56d-9651-d828-309c-c31037eed720;1
6b28a8fc-9880-3a22-a710-d8e305184d6d;1
6b369f12-df62-57ec-e32d-f063b3d13a12;1
6b38fe46-2c42-0289-9b2b-21a9458686cd;1
6b3acc4a-fe36-a02d-3f22-fba826a25ebd;1
6b55842b-07da-7df7-eb10-132db867f911;1
6b572a5d-ef8f-8ff5-141c-321e00324fc9;1
6b61b29f-5dcc-04a5-28d4-7a41915ab306;1
6b6ffda8-7dca-0302-8265-35bd0f163375;1
6b709f57-8ad0-9c25-0b8b-f4ce0b6a9205;1
6b7fe6a6-eec2-b21e-fc61-c39f32084440;1
6b82f5cb-d80d-5795-1f78-569a7460d786;1
6ba2e081-1980-6ecf-2f71-a2519a3fa4fc;1
6ba6a1e1-fa31-53bb-87cd-aac903aab996;1
6bae9a98-a871-5d33-3067-1c6d14208551;1
6bbd103b-9751-b72c-56ea-eb907520c4c0;1
6bbe0e3f-1980-548a-cf9a-e07744b8409d;1
6bc06508-5636-419f-cd5b-dded1d6035c2;1
6bd8ea7c-fb9d-1978-2cfc-b613769f2af6;1
6bfaa8f0-f26c-76d6-4afa-8a58f8d93ff0;1
6c055c17-fdef-2842-c335-1396f97dc617;1
6c1d5fd3-2263-b1c1-62ff-b38f4f9afb6b;1
6c1e29eb-d4f3-edf5-9888-2d92248309f8;1
6c3dad20-2628-12ef-e46d-d38f617d1625;1
6c680584-c441-88dd-41da-b58f4a01993d;1
6c7286fb-541c-849f-425d-afb9cbbd3a75;1
6c7c765a-e10a-6704-cde6-36d01404f8ef;1
6c8090e1-1c3c-a893-91f2-acc0d0dab59c;1
6c89debd-3afa-0b68-2400-e7fc3a827bba;1
6c8bb3b8-32a3-539e-3159-ab4c84768d84;1
6c8d1e49-77cf-5618-942b-81aab1a83584;1
6c8ecc97-3204-3d0e-3de4-5fcff42d4dc9;1
6c8f835d-8a11-3860-e6d7-8ca01c5f0475;1
6c9c518c-fdf8-e2da-5c79-57b21198ad48;1
6ca4b7fe-bdc5-e6dd-a01e-0a25a4e8c50d;1
6cae1970-0daf-441f-6d57-82440891776d;1
6cb29590-7ebc-3c96-ef5b-3c2d31cd4873;1
6cb2d453-1d63-b15a-a449-fa3e6e05828c;1
6cc18ef3-e47e-ca10-07d1-2da1b74f8a69;1
6ccb5b06-e6f9-6b43-47d1-a257e6119c45;1
6cd2effe-f240-dd6b-565f-07306878566a;1
6ceb17fc-f3d8-fc85-1739-593cb50d5b55;1
6d04dbd3-1612-3eaf-b92e-e35165c9356b;1
6d0faf19-028d-7a1b-2610-8d78d0368eda;1
6d1d96cd-f23d-2004-bb22-156cd86c94b8;1
6d2f1e15-e4bf-d0b7-cfbf-86854d8bafa2;1
6d31215b-7300-f709-7328-d183845b6025;1
6d36c75a-09f6-d0f5-f917-206d3bb97200;1
6d46a12c-5de5-6887-8e19-8d0f8fb2fa94;1
6d4717fd-3ace-7987-370c-3ed7897bba05;1
6d4e2258-b02c-c220-9458-22834afd38a0;1
6d59aac1-3592-b5ff-a9e3-43cd29336865;1
6d62734e-be63-1348-22bc-40a5db97fc8b;1
6d6a998c-149f-6a72-86d5-89cf5fca6a3d;1
6d6ae43e-bdb9-5ed6-f7df-67bfee4a7d01;1
6d8ec027-cc4d-7eaa-a891-1cd440f8b2c2;1
6dbce0c7-7ad7-a0c1-7647-83c5f43c0f00;1
6dc1ff14-d1d3-c9c9-71af-9da3da655f9b;1
6de0d082-3faa-a58f-2bda-429a2122d7b6;1
6df515c4-943c-6303-f8c5-578b53024130;1
6e06e55a-800f-5fb3-fd72-35620dc11646;1
6e0d78d0-199a-6b81-5cec-16241acb2906;1
6e2ec693-d5f8-229e-82b5-490cb0d92563;1
6e3d52a5-bd8f-d225-d5d6-4db06514c3f6;1
6e495a09-a145-0696-dece-8f65c0e449bf;1
6e53bf85-5d34-f680-5757-449a57e89a12;1
6e54f65c-f30f-3cc4-8682-012031c01e5c;1
6e5c9b4e-f98c-001f-a119-0aad012c0fab;1
6e5e7d83-cad5-ceea-8dbe-b99b8b82bcb0;1
6e6f4486-7a84-f67d-42e5-96c26c7bf004;1
6e800b8f-1508-1f7a-7f93-d302480fc333;1
6e839d77-5b21-470d-03c7-2011cef1727c;1
6e9df9b7-cc7d-6d5a-e30f-6928671ee566;1
6e9f5597-ff5f-0dc0-0938-cb87a47df811;1
6ea37e12-5925-656b-ca37-f1e89d54ba41;1
6ea561fc-76ed-558b-dfcc-ba1248094411;1
6eb4e48c-611b-0ee7-4114-1cbda2db15b2;1
6eb8d522-174c-ee0e-ae3b-b6a2cbce1f95;1
6ebdab18-7d44-90f8-798e-212b227d0374;1
6ecb5eaf-008d-8268-95de-ebcde9c79c5b;1
6ecb60a5-7020-aafd-67f8-9cc33c54d648;1
6ecc399b-5fb7-41d9-22e8-20f4d715d9a0;1
6ee335c8-d293-19c9-7435-8165b389fc4e;1
6ee4bf2c-19d0-fd2e-5dd1-64d5d8eca92e;1
6ef6cd3a-931c-2d70-eb5b-bcc027e2cc25;1
6f0c80ab-a64e-1657-a900-051542c7a772;1
6f375a2c-f57e-1302-abac-d8b0d6b80453;1
6f3e0dca-4b65-5b16-81ea-97f4b4f7e02f;1
6f3f001c-4f94-ab5d-f6b5-f8cd9b2172b9;1
6f4443b5-196a-7643-071c-e267c8ffbc85;1
6f4e97df-49e5-9612-8ec4-310d559f6b69;1
6f50e086-2376-8a09-06ad-64d8aac65b3e;1
6f6e854b-5ab9-b6a6-df30-8c6d99678369;1
6f7a9881-89b1-ebde-3ff6-fd20a249e260;1
6f866aed-7767-a93f-589e-3807772ece84;1
6f91102a-97fb-94f4-7782-076bb0f396bc;1
6f9936ea-9ccb-6270-b6ae-5c45e4ee3146;1
6fa27afc-7a25-6e5c-a359-52b3979b0ac3;1
6fa72a79-785d-5ceb-2f76-28964d588ba2;1
6fa81c90-8f07-8330-a4d7-9b49bb454c43;1
6fbd264a-5b52-c801-6ebf-f5b8d7188528;1
6fc956ce-83b7-c23d-24d4-f700e2e536de;1
6ff770d8-6eff-558e-f97a-e9548128ee98;1
6ffb61ef-25d4-9847-4061-894aeaf81ff4;1
70069194-0a7e-3655-e6fe-2a9e1d782bd0;1
70498b54-9152-2703-fd64-b5a2c334315b;1
70616513-0ea9-3402-9720-bde555b89bd0;1
707248c1-9bb1-7c78-8c32-d4475aab894b;1
70931aba-e5d7-0d4d-f04b-6c10edad604d;1
70a6a55d-1e56-e4bf-ffd9-9ba5b079fa14;1
70af31ba-82fd-7c5e-d9ad-06631fedbfa9;1
70b1eaef-bcac-082c-e038-06acd9840f12;1
70bc2d0d-7646-59f8-2df5-4cd6a1b94fcc;1
70c1b8a1-9055-078e-94ce-8bbee6818471;1
70c8c954-6907-b665-904c-92fa0b270326;1
7146afaf-ae46-1354-9a7f-c503f507389a;1
71567cf3-8436-51eb-dadb-ab2f54fc82db;1
7162cce7-c4c9-9b2e-4fe1-64cfb0552d25;1
7173c117-b424-a7f9-1d88-0057bca96216;1
71778794-b303-f56f-e916-3635e5137975;1
718621fa-e220-adf9-245e-68dd0537c941;1
718f9619-b80c-0693-b0dc-87154bf530ee;1
719f21d6-742b-03c9-48e9-9c3d8cff0031;1
719fc7e7-e091-c815-9c88-edfae16107d8;1
71adb98d-eca9-e67d-5038-7dd294665121;1
71c99c16-fd13-1835-16c8-e392c2465ab7;1
71e4a439-ba3e-bed5-633f-1453cb26d62d;1
71ea7b82-5ad2-bb94-a7b7-93109608f4f1;1
71eddd43-fbab-b948-a00a-d5896a987ae1;1
71ef6384-683a-41a9-baea-7e3d3cfa00a9;1
720216de-440b-bac3-9b45-168211cbbbed;1
72142d4e-50ee-c40c-91c4-5b4ac48b613c;1
7218aa3f-77c1-cbc4-1dd6-dbc439b4b509;1
72415619-dc56-c08a-4c89-ae1c5348c41d;1
7247c6f7-98dd-3a00-a79d-7640839fe608;1
724a2720-8c16-fe91-0cf3-8d39b4021121;1
72513a26-7e64-7499-3182-e15875046c21;1
7252751d-36b1-d203-81c4-95e7751cb28f;1
7252ee2e-447c-666c-de43-008b01957733;1
7254f526-6759-77b7-3ee3-63338c1b1bab;1
72572dd0-0678-8bc8-159f-27bcb96bc062;1
7269171a-afb8-18fc-8be4-de4b022c08e1;1
726936e8-681a-84fa-0ef8-0ca6e22f07da;1
7272f408-8042-f65c-7b43-442ca17e388a;1
7277325c-e7a8-82df-cbdc-9aa44ef6ae13;1
728294db-c1d1-2ebb-fead-5d9c055df7f8;1
72854193-a140-3e60-12c4-5ba4eef3c1bb;1
72869e69-cd58-275a-6ecd-d1e1c68ea2ec;1
7290c2e3-97b9-7ab0-f33f-02a37ee8c288;1
7291b729-e08d-4098-79db-166c8ae1e900;1
7295212d-d62f-a328-63f2-57738fe1acb3;1
7298f4c6-0879-be6b-99a1-35cdd011fefb;1
729bc072-100b-9177-1ae6-09b83094af4d;1
729c1ae9-c92d-c418-8137-b80d7dc1ca6a;1
72ae039e-ab90-5e9e-f9f3-7963181a3dbe;1
72b6b6a4-c7e7-7843-e698-8a725898a720;1
72c194cc-98ea-152c-97f1-a3790a4a87d3;1
72dd9c06-25ad-881f-aec2-07b033ad9438;1
72e8938f-2351-3084-2dd5-d958f43aea09;1
72eba089-47dd-0093-86a5-f3c06c4fb34e;1
72f67805-0392-0232-35fd-7649d212ece5;1
730f1289-566d-69a6-5c8c-674ccf1c8d58;1
730fdedf-c023-27a1-51a6-78ef0c7de551;1
73152002-c229-cb13-fd89-e5475d0e5c89;1
7324eff4-6a9e-56f9-24ce-39f27b07a49c;1
732939f1-58dd-ebca-ab67-b37949a0196d;1
7333f7d9-0f08-950a-1b86-d2b45167e987;1
7334e73d-7dbb-0291-f348-34fab2e56575;1
734823a6-c785-78d8-1b2e-f07641241d2d;1
73488f97-a430-4f8f-a401-3cce54a674f3;1
7349515c-4ea0-e43b-99f2-19380d6f9e67;1
7352902d-24c5-ccb3-51d0-eab69d08dca5;1
7353ae4a-3b38-2e40-cba1-0998c31303ba;1
735c4e84-a6f2-1901-c99d-b09bb3d3567b;1
735c9b1a-6eb1-1b31-5c11-69086a225f7c;1
73652b85-4bad-a419-c817-93c08aa0a727;1
737b38f3-8768-8e18-564a-f7fd93486744;1
737be849-1ee0-e8a9-1210-8e1712e99e0e;1
737f3cf5-b319-980b-8f82-dc6674f9ef8e;1
73805f1c-ad39-a7de-f9dc-88efc084c8ce;1
738376a5-0999-e5f1-198c-49146cd98107;1
738e9db3-b78c-6b73-6e4f-125227e41251;1
738f5415-c6a2-4e98-8c8c-878e070cdc9c;1
739448ba-91c0-9af9-67ae-e50c83f93e34;1
739fba71-9edf-3b2f-a3ca-b9d9ac9b3bbb;1
73a35fd3-6f6a-5863-f7b6-8d1cf70f855d;1
73c31d36-f3b6-c7b1-79b2-70d2db7fff4e;1
73c76cd3-9de5-f8b5-37ae-bbf180a514d3;1
73d4c3a6-183b-a12f-f45f-33afa9e5aa0a;1
73dde80b-37b6-cc32-d2f5-30ab3bfcfda5;1
73e6aa9c-2a24-a003-f8b9-1908df802b3d;1
73ff9791-0481-88c0-828e-2cc72b326c7e;1
73ffb824-9c19-c58b-9782-e6a6df7228b9;1
7429ec70-e3b9-5438-33a8-a3a2ae9cb2fe;1
742c1292-d8b7-fc7d-efd0-61b3075aede3;1
743952d4-f3f9-dba7-c20d-f1173eefa95e;1
7441cd89-d72f-d3f7-a687-38f5795c381b;1
7445319f-7b70-1bc2-57ce-43758dc47898;1
746542a9-67cc-0307-c2dd-5b82c6a2489d;1
7469ebf7-ac86-4cfc-ab5b-ef38523fd486;1
74891a24-90f6-a40c-6dc0-947825b996f6;1
748bf239-a26b-f167-55be-29e727a712e6;1
749cf09d-38aa-5cb2-6dcb-2ae9394bcd8a;1
749d3bff-c444-78fe-aa71-456eaf06abd0;1
74a46f56-3dee-819a-0c3b-2529364a35b1;1
74e37fbc-580e-4c47-bcc8-dc30bbf4cf17;1
74f31cae-3950-8624-e54f-1b7af5c92eed;1
74f628ce-4601-5191-54a4-f561cb503dba;1
7504cdb3-4152-fbd8-7094-8baaf5971012;1
750e7d0e-e668-0497-a08e-c7cf8ab680a3;1
750fde67-1e0f-7bed-89ae-8a5b967efc9c;1
75277d56-18c4-582a-0e95-c5b1062eb8b1;1
7529ea23-d93f-0eeb-c3b5-b2bc91bfcd91;1
753f4a43-acc4-ac72-36a3-1eff1a91a024;1
75476c44-2d6d-9136-fd41-ba939a933164;1
7573acdc-bbda-189b-0123-12a96b4efd66;1
757f3c03-9a2a-15c6-2791-2d97f06e4563;1
7584306d-8769-a2eb-638a-4c7d852d1ac7;1
7593e154-7e4c-2b7e-739b-43c3576b6367;1
75a27392-9c4d-664a-f7dd-65b545b1759d;1
75a55c00-b944-e96e-8843-69ded3c3d3df;1
75a5c521-830f-21da-7f1d-291eb18a86be;1
75a8abec-44bf-95a4-1102-d08242adc1f8;1
75af6b44-8e57-ebd8-553b-45b41ebd01f9;1
75b13f0c-1950-2096-dee2-cb3b401db39a;1
75b6e0ce-a9bd-0f1b-1248-d151fbfabec0;1
75b7e717-cd11-9b5c-084f-4e15d3a3bd7d;1
75e2e7b7-460f-9d92-2e7a-4fedbb2ea9f1;1
75f3641c-4199-f9b3-7f3b-c5657883dbc4;1
75f8e2eb-8a17-0e23-c8e0-8feff017b549;1
76080d97-3dcf-c60e-2b93-3746c67d2d43;1
7609d3d8-eb65-3726-5c86-3c7e6a35e96a;1
7626c9fb-f54e-d732-2827-8ad08290b81d;1
762748a0-08eb-c8c3-50ac-bc2e0502a47f;1
763d2c18-0eab-0b29-fb7c-36adc718928e;1
7649eee9-b926-cbed-91ca-559a654ea711;1
7675f277-cae6-ed57-df31-9a96ae4a7121;1
767789a6-6bb0-6a71-84f7-4e85e6602dd5;1
7682d81d-a9ff-69bf-b05c-e611f8e8557f;1
76861a89-c7c8-9612-fed5-754b5e8ff104;1
76a9422c-d891-285d-2909-eccc8269693e;1
76b136ad-39a7-1c54-e4cb-a64446bdbce2;1
76c0186a-655a-309f-a97a-3674d0b39b7e;1
76c45d0e-3368-00d8-19c3-c20e3fa265c0;1
76c6bad8-07a0-2153-90f0-3ef89c32049f;1
76dec71d-251c-9b0f-fa94-6d46c12b2ece;1
76f028aa-ced5-5084-9b58-13c8f0049cfd;1
76f32818-adde-f374-84d0-8670fc558839;1
77010399-2719-bb0e-d889-99d2bb29c188;1
77037a11-cbb3-635f-30b9-92660635bcce;1
7706317a-c71f-67ef-60ad-099f05d9419e;1
77071784-1e7e-576d-137d-b3a0f3a3b64a;1
77097447-8be2-3ee3-0a2d-f6a8e1b4f7b9;1
7714621d-dcfe-60c3-3733-d0fa3348abfe;1
771addbc-4f6e-e270-33e3-5133a367d8e8;1
771b89be-eafe-e504-5438-350e38c96976;1
77289c99-75a7-557f-8cde-27788381ce6a;1
772c1ee4-c03a-73f0-b970-757689d619c8;1
7746008c-2227-2240-94be-42720b781e19;1
774ade01-d049-bf0b-fee8-368b5403214a;1
774fa350-72ab-e33d-8549-d287e39b6793;1
77556a24-3ba3-84d2-933e-8f2c9af8c540;1
775a2ed7-93af-8a56-745e-5bbc1aa02589;1
776c1a6c-e14b-9f53-1e4b-78483f4b5fa7;1
776cd8c4-6564-3b43-36f8-262b8d1bee09;1
7773f8b2-ce3e-f269-3124-272d12b29f3c;1
777970dd-1501-5b44-c0c6-70efc427fb67;1
778a7374-75ef-16b4-dc4a-5459329dd71c;1
77a2c414-5bda-5a6b-d318-b87ee0d98569;1
77aa8e68-af74-0873-ac32-a90284c1f11d;1
77ad79a0-799e-6eb9-1370-9c07ae5a718b;1
77cd581a-7e75-9b71-f0c1-2ef95e732b05;1
77d20764-3b7f-e4ff-d21d-4dd95532b80e;1
77e4e138-2f47-653b-fb30-735c298a8ca1;1
77e985b9-0ebf-49e5-d3c3-d454f6f1e499;1
7801656b-5d40-af1c-a244-da53bed038d8;1
780419ed-23b3-a90d-a19d-5a843e2fcca3;1
780847b2-a735-da6b-e60b-b553dc050357;1
780c3294-1872-349f-3f8a-eaac6217d8c3;1
78226149-380b-b2fa-8ef7-8dc9f6185783;1
782698e9-84f6-a2ac-ba33-a4e8e683cba0;1
78352864-5b17-60f2-dc4f-9062aa9b7960;1
78443286-6332-3778-3b97-a67cbe24bb3f;1
78496daa-221d-54c0-7715-653637eba463;1
784eb209-ecd9-6d31-e6e7-b51c005495e1;1
784f3360-344e-c76b-0c97-c4d123c3cc9a;1
7854ba3d-5c60-1650-7c0f-c8334bf13293;1
78570805-7448-4762-3910-dbc3735a38ef;1
785e03b8-b9da-8781-6847-9a59e3eb9490;1
788dc821-b49c-4fae-fd5a-bd71c68dcbcd;1
788e7ebe-4180-b8ad-a5f5-2f905ac1ec5c;1
78920c5d-71e9-8877-8cf9-e0c8f566d731;1
78b50cb7-6da4-b6a2-9a5c-bc81ae39a7dc;1
78b79f8c-f746-d4f3-ac12-34823a83f5df;1
78ddeceb-e83e-e756-fc42-b45bafad69df;1
78f0ccc9-1e47-d994-8327-1c0cf8813bd6;1
78ff5d71-7282-8be4-7be1-aad8a282cee2;1
790fbbdd-34fb-3437-c756-9848860ff8d5;1
79235c40-466b-02b8-c316-3305a9943bfa;1
7940ba73-2274-5de1-8b91-d72c1734d97b;1
7947ab0f-915e-8267-c556-ddf2ec57af93;1
794952c7-12c1-cf29-67c5-9e244c47ad81;1
79573527-3ec3-8783-c64c-523c2d329d58;1
79616525-f58c-2f55-3a9e-5590e1901aac;1
79617d60-4db5-79cb-485f-e5754ddbfc81;1
79645a46-dbcf-0dc0-c4cb-ca350063efb2;1
7964f6c1-24d1-d89c-a93f-e55350fa165a;1
7990667a-66f2-d01c-2586-da60f50116e9;1
79925bf1-1624-51cd-ffa2-e760357ce2ec;1
79954d53-4c8c-eea9-0550-cdedff792798;1
7997504e-d682-c2e3-5f84-6ddb9a1d4171;1
799ee8ed-fe72-dec3-e429-df663d054445;1
79a54ba6-5cb7-217e-fbac-dc378d116484;1
79ad3cb6-8b8c-4562-6487-f54ef08be394;1
79b910a5-4e37-0dd8-25ee-a260f7f0d341;1
79c36393-82f9-7454-35fb-732655e745ba;1
79ea3cf9-bb95-2a61-7bbc-4ff980742b4c;1
79f12103-6f68-4a0b-5d1f-c541bf5953f6;1
79f659dc-946b-af61-f8c5-008973fb0af8;1
7a17b418-a7b8-99ca-2401-7818326c6906;1
7a1f1fee-9deb-26b6-319e-ae552a805588;1
7a21268c-fa5d-38bd-1a9a-433641ed2f9a;1
7a238dbc-4dfe-51f1-143b-04e636526abe;1
7a45bca7-c1ce-784c-afeb-fb1b25851e15;1
7a535408-479f-a8a8-8d9f-2d9d9ae846d4;1
7a538e3e-7f4c-f336-e7a4-3c855556eb38;1
7a5e2eac-6797-08c7-15ec-be171e2b6036;1
7a75d486-8577-6dfe-a23e-7bc3103c58af;1
7a79b14b-31fb-f346-99cb-718795dc8a08;1
7a88c5e7-3ab3-7dea-9953-4863cad2f92a;1
7a95ae7f-776e-d0c4-85eb-b652e385be9b;1
7a9e4368-8004-eb60-e383-2db30f7a1420;1
7aa088f7-6ab0-009a-beb1-c8c3fe0a4508;1
7ab8a249-5c88-f53c-c570-bcff6a6176a8;1
7abf8cfe-6497-9961-217b-72ad34221ce8;1
7ac314bb-451e-cfb5-d923-da4c20b4df67;1
7ad946bd-c560-ca43-69b8-3b8b231a69ee;1
7addea7d-8645-aaa4-0f0a-c2a2a1e05c93;1
7ade6f9e-8baf-9ce5-0a15-54960f90898a;1
7ae884c6-6906-1db6-c4be-67476a782a2e;1
7af27356-5917-79c8-cf1c-c1b308bcd91e;1
7afa65e8-d9fe-12aa-dacc-f79086c2deee;1
7b1aa5c1-db46-7b16-e993-5729fb6ad46f;1
7b1b5dba-991c-61b9-e2ef-c1f53257b7f3;1
7b1c138b-833b-5772-6c69-bcea74e30ba7;1
7b314b42-b14b-79a1-fa1c-6ddb5dd61d7c;1
7b3a3018-db80-a2e4-9e0b-0137a1376dae;1
7b4a55be-cf25-19a5-0bfb-a30759c5df02;1
7b681305-84b5-0d20-6140-69b6d5ec2ab7;1
7b6a9156-7e1b-f07a-f58d-173cfc8c34ef;1
7b89109b-48d0-9163-db4b-21e23d21ed1c;1
7b95d38f-ee97-66e9-2066-a8bbf088c1f3;1
7b9a41ec-277e-544f-bd4e-268e52e14e01;1
7b9cd4c3-ff18-c8d4-362a-18f42a117cda;1
7b9fbdbe-6d59-4fa4-8e86-ecc20be5d633;1
7bb0c9ea-0de3-5042-a2a2-0039428c96b3;1
7bb263e5-3abb-dfe2-6c46-0303a2fdf620;1
7bbf4b05-9317-2d90-d209-c59f54b3de69;1
7bc57e4f-0a01-51a8-f243-e738100b9ea8;1
7bcb054a-6eae-5fb0-dd58-59a946391d1c;1
7bcf20fc-bc78-06dc-68ec-28c45689c696;1
7bcf5008-c336-354a-a009-a0876aecfb7f;1
7bd393d0-9223-717b-7d67-ecce4466258e;1
7bd6fdc6-09f7-9bd0-bb71-1571f40c5684;1
7bd81a6e-4ce7-6b48-c6f2-9ab3add394ab;1
7be97bd1-cba0-1790-d09b-9413ecb86e0c;1
7bf37912-3302-d6c6-4184-6c87a9272b36;1
7c074141-4d28-7ef2-b5e2-63c017462151;1
7c106cd7-a1ec-11e3-6516-d46824c449d9;1
7c155646-4cd7-d9fd-5eb4-09801e3aac17;1
7c23cb70-b8d2-1e7c-23fb-c3925938743a;1
7c3782e1-f879-14a2-0e29-26cc064474d5;1
7c51d520-7d4c-ad15-547b-ac0049d8038b;1
7c5d8b10-a6cf-48ec-1304-49b18876490a;1
7c6cc785-012d-d074-2d20-86b361ceb1fa;1
7c75fcaa-08f2-2f06-41cb-d42a79ba1b23;1
7c79c783-b23b-1436-3ada-824453f45868;1
7c81b43f-24c7-3f2f-33c2-fc09ecd4157f;1
7c8466e0-613c-6583-7604-2a6f2090ca5c;1
7c9b96aa-2c96-a9c0-82ee-139710bc4d41;1
7cb027bd-ee17-8e60-216d-d39b85a3df57;1
7cbc085d-542d-c7f1-f12e-ae9fe5207fbc;1
7cc53ee6-8cb8-e134-2436-92c2c5e47de4;1
7cd198a8-7926-5e06-bc4c-9ad14a96f81b;1
7cd96f26-e9f9-d833-d634-178f143aa854;1
7cdf3896-5c29-6f8c-a217-b05c942db9e8;1
7cef56c3-2c35-a791-a58f-1c0b0790aa3a;1
7ceff9bf-efa2-1337-1960-484c18670f41;1
7cf454b3-2cc2-7d81-6b49-ec900acd2623;1
7cfff875-3fdc-0b1c-5893-ca320644688e;1
7d01220e-18f0-3fbc-5714-d57310a330ce;1
7d27a104-d79a-7ac5-de19-fc54b6081db7;1
7d454d55-129d-d65f-399a-4decf1d4db30;1
7d5dd037-d1f4-0ab3-31f6-67986592d7d2;1
7d73940d-a78d-e460-22b0-ac920ff283fe;1
7d7fa019-e52e-d76d-f07d-3e8abdf752b2;1
7d889f31-af40-91cb-3110-d0d8dbc9404b;1
7d90e511-9f3c-1848-28be-984d07e77b7a;1
7d966c1e-720d-a57c-fa8b-fd621cc1c9ec;1
7da782ab-6114-02fe-ec19-7f520057fd2c;1
7db817dc-663d-9d42-700f-0a362147cc8d;1
7dcb0c68-7eb1-02da-011d-671df399dcee;1
7dcf1865-9117-b310-bcaa-dbb646f96944;1
7de00b7a-06a3-ea86-411b-7304e69d4e10;1
7dea207a-30ff-456a-9089-202677453255;1
7df7e947-47ae-4a4e-9386-333522a6ff57;1
7dfe5a67-05f7-5e61-8914-394432d7637a;1
7e08d40c-3232-0bdd-ea16-c388b6476028;1
7e0b3389-fbfd-d3e9-0269-64f67f8dc81f;1
7e1452d8-1381-5206-6d78-1a14ac083ae5;1
7e32c6d8-75c6-5cd8-4f93-172cf6910bdf;1
7e378676-6db2-506c-7e7d-6e2cad8388eb;1
7e4214ce-3997-6da9-4244-ec22ac78af43;1
7e4bc127-4108-446c-7176-496cdc120f92;1
7e505bec-1910-57d0-d5d1-95ed62d2d140;1
7e58322b-ac02-95ce-dff8-2bdafd49365f;1
7e6c06d9-cdaa-5412-e2b0-d6c82955edc4;1
7e6cf096-46b5-5ba9-479a-69cd8fd7ac01;1
7e6ee631-a0e4-87c1-0a50-7bfe0f8c4c26;1
7e763d5e-869d-a8e1-fd95-3da466dae98a;1
7e85a3d3-6f65-b0d8-6e0b-2a513f57cf1b;1
7ea89144-5766-8e9b-1176-a64da8ebaf53;1
7eb808a1-1be9-2da8-f5af-5f7b70b83660;1
7ec64be5-d2ec-58bf-fbec-2927b497b3c6;1
7ee37371-9308-949e-f3d4-7230865f0441;1
7ef55943-b5d6-8d94-82da-6161f689f2cd;1
7f167fd9-6773-1a7c-d77c-b6f1b91e2215;1
7f24c353-20d6-8374-c47f-85a353627b60;1
7f278340-2336-6cf7-98c1-60c5971d08f7;1
7f33bce5-351a-7d36-47fc-24f9876d1e7a;1
7f416943-dac2-d0b4-a9d9-a6e2f288f5e8;1
7f5ed7ce-f051-f9c0-151e-f8d4ee828da2;1
7f6c1b92-e688-f8d8-215f-f392167a0432;1
7f6ea10a-e1da-4c19-cdce-5ee089774cdf;1
7f7330ae-a48a-4338-464c-292870008142;1
7f73bcad-15d7-04c8-f36b-b15ba6627557;1
7f74f236-c80b-4335-5cf7-04bb20e22b27;1
7f8b1e9a-ea97-3a82-50fb-bf2cfc4f8d59;1
7fa9fd4a-cc8d-11f3-199a-8bdd9e200a86;1
7fcad03e-15bc-7eee-523f-45abbd43c8be;1
7ffd7a70-c87f-d94a-12e6-e1bf170c8c61;1
805958a3-cba8-501b-3ff1-e401ecb5538f;1
8062406b-d466-6f25-d0e7-036d60197f00;1
8065705c-6f9e-dfcd-dd63-5c4ce7a89fd4;1
8069b69a-f06b-1f96-9d88-27e0094c4839;1
80788df6-3b77-5a58-0552-1fcf1a3f43b9;1
8087ffc1-88d3-2241-24ef-8181b54401bd;1
808ac5c3-11a2-4a51-2fa9-b16817c02c86;1
809f44e0-e821-2802-dc56-be7c6c9ad276;1
80a2723a-8fd9-7242-d304-ba32dbb59aa1;1
80a7b1ed-4f3f-c65e-cd31-4cb69dd5be87;1
80a8848d-4ca5-d03e-d07f-b03b6ccaf19b;1
80b579e4-2bf6-2b5d-f58f-cd9786d57e15;1
80b59669-e539-a1e6-f827-118f4620d0cc;1
80bd11fd-fc1e-5f2d-2c0a-5641cf38b446;1
80bd9ace-eeb4-e9e9-17c6-2ee33894f7c2;1
80be2e82-64f2-8676-ae5c-56868c93d136;1
80cb3a0b-933b-19f3-ddde-a0cfc1b5263b;1
80d6d3bb-4f74-ce7d-e5f5-8aaa2c4eadc8;1
80d79e6d-b7a4-d031-6fc0-c5055f5d2419;1
80dd4f58-e74c-1f3a-17db-3bad44ec2826;1
80e03b4e-d716-c06b-0130-6375ce01727a;1
80f33ec9-e842-71cc-91a2-70ef9a6eb7b0;1
81029ed3-4812-1857-6e03-9062c9e344fc;1
8108a799-c7fe-2fe0-2c1c-224dd2354ce5;1
8110ea55-a662-8936-d2ac-c5524819ad57;1
81110e73-1a01-ef65-7c37-9404ce991d08;1
81118bbc-2a5f-3691-ec7a-09566e5237e2;1
811b7990-693a-1f73-aa99-8dad990275ea;1
811d9168-1d9d-b809-3fa7-7cbde4c70f87;1
812af7c0-f7b3-db0e-abbf-843347da2842;1
813e3787-3c8b-dd5a-7a88-e307a8766093;1
81470227-6d68-6574-282d-73d6438c6f37;1
81484a58-be19-546e-ee85-ff477e078ce9;1
816821fc-7642-d35c-fa04-9486062f4993;1
816d5957-4c7f-d6a2-ab1f-45d704238224;1
81734384-8882-6351-81f6-a5ebe37bf5b0;1
81848602-6819-764e-2247-489bb61a3c70;1
8199a5e6-e89a-a6e6-a448-e74c18b5c25a;1
819d5bb1-bc05-e2b9-3417-9a61dc5d3242;1
819fede6-501a-0dd0-9089-a7ad9b7cc03e;1
81a840a1-9cd9-1ae9-ba87-f35e89d02aa5;1
81ad8a76-29e5-694c-1509-ab9683fc97e1;1
81d5d81b-d1f8-7169-7d2c-e27ee645060e;1
81df537f-69d3-6e2a-f639-87a3e1ed8891;1
81facfa5-7847-1d39-4260-de8c946a3c8c;1
81fb416d-230a-49dc-8273-d36ac281acdb;1
81fc7ae5-fc2a-93b3-bf77-a66003fff173;1
8216bb34-e783-9abe-584d-ae0703b5ee1f;1
821f21d5-36bd-5cc5-ef4e-6665b9054455;1
8227d52c-5c99-5c21-d4b4-67b6761b538a;1
8237e2d9-3e0d-f697-f8e3-45eabf9681b8;1
823f0e41-b0bc-36b0-8288-50456e16034a;1
824034e5-d522-3345-f351-17725bb5ba81;1
824a4b94-ae1c-b2d4-8a4b-3a669149d740;1
824d3043-6cf6-db6e-5847-913a62890c08;1
825fbfaa-140c-ee14-7bfa-bca6202c417e;1
82637a86-e324-762a-ba4e-470c8cd5909a;1
8272981b-d976-25f3-8331-863c1e9fb2e3;1
827f3c84-a0a0-657b-9349-6786a1828a82;1
828fb060-ab08-fcc7-1dfb-99e15d70204c;1
8290f807-b183-5a3b-8793-9f8c16a9ca29;1
82936652-b7ee-9275-d859-70f60d7ec083;1
82a5f3bb-6842-3a2d-3754-d432bf17aad4;1
82d039e7-e566-49e8-f4d1-ba278cfdbb86;1
82dd3a33-b7a6-b228-c649-9fb356e56a51;1
82f43f97-dddd-7048-485c-c938049cab90;1
82fa4914-93d7-5179-74a4-8903131ff973;1
83102be2-5a1c-bc3a-9103-9c201538c953;1
83141ca8-93ef-b19f-cc66-bde2416fce73;1
83247eae-59e7-1c55-1529-50c3d1b25809;1
832e3390-435c-8a38-8e33-c9ffb7d261af;1
832e9890-0e7c-9aa5-d23f-9b66ecfa0e5e;1
833fc42b-21c9-07c7-7b27-53dc7fb9becc;1
835aad9e-1b9b-6830-8079-1820ef778f27;1
836074f9-a71d-e6eb-773c-fc704a6d3bbe;1
836b73bc-6ed5-9992-cb19-d96a995c87fc;1
836e523e-67a3-87b5-e98f-68d0d885debc;1
839c6338-bd90-81dc-722c-2299e8993885;1
839edea8-e608-d6ef-ce0d-5b498ff31ee9;1
83a3d428-571d-55f9-4518-0e0dddb4de43;1
83aecdc1-382f-8951-0864-03c590644eca;1
83e75a53-632e-b2e0-cf5d-75ef3e03a2bc;1
83ee69c4-9e99-79ab-8ff2-b07a461c870e;1
83f9cf18-1a86-7eba-0513-c149442a331e;1
83fd74fa-626e-8c92-2cc0-ebdf9c035ae1;1
841573c8-3f64-e093-b3c2-6c3eaaa3fe6a;1
84225e57-01a1-b8c1-3049-4d2daa8a1b12;1
844174ae-4ebb-cfea-59d3-0b85ee3e5ed3;1
84429e34-7d02-0158-9aaf-8fba6ca59543;1
84466103-d7cf-ae18-59a3-f45ebe33a68b;1
8446a840-74c0-b3f0-662a-b1c9b3457686;1
844a675a-9386-eda7-ce70-393f70b2f1d4;1
8451859c-d40a-a205-d85b-594d8de12d52;1
846de15a-bf76-8d25-07c9-92b78e4febd2;1
848004f3-c566-93ae-79a2-bd0ff1714864;1
84848f67-afa0-69af-0697-34daac045c35;1
84a8a641-d1bc-f5b1-931b-d1bdf27e268e;1
84c74b41-261c-e6b2-948e-db0c6a376aab;1
84d68947-ec4a-777d-8c01-7d3153577894;1
84e2a7c9-71b0-2821-a70e-1f195d6bb99d;1
84ed147b-05e9-b14c-d459-14f9f1885a0d;1
84f9afe1-e5f5-fcb7-1c15-7018f0206d03;1
8500b787-8529-0576-c83d-8696b37cb394;1
8505b3e1-81f9-03b9-bdff-1ffea38cf69c;1
8505c229-ef43-7c90-9b24-df585d70c020;1
859545ee-d1d8-9497-07a2-7cd9e3aea6a3;1
85b96c52-d77d-9d4c-152e-002e6feba74e;1
85d2516a-1eae-fa27-82b8-558016eded8a;1
85d77c9b-e672-a6ca-48a2-f1bc35e663c1;1
85e6fde0-5326-9bac-b0fb-78e41841cd58;1
85f3414e-f357-2a5a-0634-d279d77f66c5;1
85fd20f6-b9b0-2c97-be0a-0644a1d96a5e;1
861bfd23-2f23-7bf5-9899-2631ca2e9307;1
86305990-5212-6d03-1f90-4b14ac49789d;1
86312b48-5960-5b36-bfee-eb0571063563;1
86377305-ea63-9fa1-a867-f680b6e7697d;1
86395abe-9b1e-e90b-6f4c-abfe4086cc4a;1
8644f3fa-d51a-52eb-1015-9151df400f63;1
86452664-3234-01a3-0cc2-a3113a46ce9a;1
86522c62-b605-c534-a677-76b84ff5cb69;1
8659915b-a72f-f8dd-29d9-142be009adf2;1
865c4aa2-84b1-0ec9-9507-fe7ae1866a17;1
866b79fb-32ba-1c89-6310-6de93a54e03d;1
86736439-fe5b-6de0-17ab-d1f0ccb967c5;1
8677de79-6fcc-1eca-ba25-6d429b4c7c9a;1
868f6bc1-7e66-658f-fba6-d4df93731783;1
86a329ba-888b-aec9-53d7-3c27c4e775d1;1
86a41f31-6df2-d750-072e-ed4e18d49696;1
86a43a54-cd65-1b02-c429-94ef38bee87d;1
86b1c45d-9dfe-0ddf-3c63-2d9a603d09c8;1
86b3bfcb-eb86-efcf-8473-1a2bf71c268f;1
86bd562d-78f7-04f9-46d5-e87ee8433225;1
86de75aa-5410-b009-0dc1-7846fa513753;1
86ed34ab-7cf3-93d0-edd8-24b8c5553eb6;1
86fa945f-1660-a38c-75fe-f9fbae52acd8;1
86fae787-143e-f9f4-5567-d043965e2fb4;1
8717c01e-1815-586c-d9b3-70d23f91105a;1
871ba801-af99-95c1-f5ef-bddf9a696984;1
87242a9c-ed2d-9ae8-edec-64300f136b72;1
872587c5-6bf5-27ac-eef1-4600cfcd33b3;1
8736bdc8-5066-d549-6497-977fadf7e63c;1
8738e062-e157-33f4-8eeb-7f0725b0d2f3;1
87675d2e-59df-fcf0-3753-b24043e18a6d;1
876c66e1-b022-6f76-757a-2332cd3ba2ec;1
877d97a4-ca8d-7a70-bb2d-86fe1ae48794;1
8785ea50-ff77-2085-2926-2038a3baca98;1
8786369f-08fd-0a49-42c3-3bb90d6ca977;1
878c7b10-ba8b-2e8a-ab31-df4c1d84a257;1
87945268-71e7-5062-a58c-62d9d1790747;1
879a72dc-278e-bb4d-3345-544c9dc112f6;1
879bdced-b245-aec9-eec5-b133dd6651be;1
87afc512-5703-a2c8-cd54-c92558a2fd25;1
87c725a7-ecb9-cc14-304f-c4d245a4a7bd;1
87e02cff-54b5-4427-0b77-d043442a63e5;1
880dbe7e-5545-08af-8e09-ce73dbc9c436;1
881eb451-3acf-8488-9102-24570f1eb38a;1
88203328-64da-747f-737d-8a91432af5c8;1
8821af43-86ca-d0e3-cd16-3a9533bf8199;1
885c00e3-04a1-f8eb-1e87-056fb3134891;1
88641edc-5c53-7bf2-d90b-05ced2d28ec3;1
88714465-36b5-386f-6ef3-b3afc76a68a1;1
88750dcb-8bb2-45d0-7b88-080a133c9719;1
88758a8e-de9e-40a2-597a-3469605fed68;1
887ce51b-649c-eae0-4b71-79db397ef4b0;1
889070e4-4676-b035-0b6c-f608d0f3bfe7;1
8892b5f1-a342-5d74-7a13-96d557074ec6;1
8896d870-76ca-210c-5c67-5818db34fc5b;1
88a7f5d6-8bda-f6e3-d578-fc893cd52f3b;1
88afb438-2aef-cea7-56b3-3c924e02ead9;1
88b492b8-7c2d-fb2b-0e62-365c997cedaf;1
88b9b884-c0e7-ebf5-991e-64c79ecea77b;1
88bc1cb6-cdd3-88d7-d0db-0486798aed6b;1
88cbd5d2-e0bf-51d2-ee5c-be0684aee1e1;1
88d1c52f-1059-d40c-b777-066780a3bf7d;1
88d2c7ca-0eac-dab6-2fca-567065f84016;1
88fa3a47-c8ad-86db-5dc9-8b1044db5d69;1
89094360-7ff3-93b7-2bd8-1ba1c35a1968;1
890f4fd2-ca68-31a1-19b0-57679fd7dbd6;1
891fd6bb-8af7-a6af-a861-fe1f9f1ddc9d;1
89397631-87d4-af4c-0421-23433638c2bd;1
8948056c-4649-3398-d81f-4f7c5ecbc704;1
89515d79-7c2f-d08d-3837-6e49581b732f;1
89593ff1-54f3-8217-b86f-4a42ccc13ad9;1
895b8ea1-d71b-1ba3-f8ec-8d6f713d228c;1
89723abe-786d-48c3-aa62-246a826aae96;1
897729fe-87c4-a70e-6d65-bf7f0673eebd;1
89781544-9ebc-fdf9-76e2-07a1fc4826fd;1
897e105f-fab9-d91d-6796-fddc096f67f2;1
8990f646-c80c-088a-86f2-fca926421c78;1
899e36fd-790f-3620-b179-e453f12a08b4;1
89a9534a-d6f3-4ec1-5b48-47c7818dc14b;1
89df3f23-2f6e-eb78-68ee-052968903e0c;1
89ea4771-547a-efcc-9a33-405556b445ab;1
89eb90bf-b00c-119c-170d-dd518aa0348e;1
8a0e0157-6008-1798-4360-685986b366ce;1
8a19a79b-a849-0778-63d6-111ffcfbae50;1
8a1c6c9a-84d7-d223-c2cd-1b44c4bd54df;1
8a1cbb4e-a929-37b8-2159-4a351ae1f7ff;1
8a28410d-8439-e87b-d4d1-2a86400134b9;1
8a32cb24-4ce4-d950-33f7-309c72308245;1
8a4bab35-d9bf-b2cf-c18d-6d8f3ba038ef;1
8a52e18a-161f-1e70-6266-d197be9dea82;1
8a606e91-d588-ac37-9c37-daf2a29cb952;1
8a6aa717-dca7-2a03-dc92-ea18b3be14fe;1
8a6b1511-99e3-9efe-2fb5-79206a9af45d;1
8a7315db-ae59-4962-556d-d17a14de599c;1
8a76a8d9-55f2-de47-be7e-5a03c319e1ee;1
8a7bbd4e-284a-d1eb-d042-d5f24bc0c2cb;1
8a7f8e43-1f6f-14c5-14be-b27cf3c9d96d;1
8aa45968-eb57-b89c-ee27-247317a5b05e;1
8aa86f7c-0d7a-8082-8bdb-31e03daf9045;1
8ab15714-0661-00c1-d06e-e1fbf0cb8fde;1
8abb0785-7907-8157-a83f-a174b05f4cf6;1
8ac9b80d-3f5b-4c1e-6c5b-ed2037afa578;1
8acc4a23-9a1e-c513-3948-9c80a82d0016;1
8acf5adb-02ce-31ec-8a1c-d3c9c7c8805e;1
8adbf3fb-99e2-adc9-f809-4786fad3ee9c;1
8ae5a73b-7457-196b-1265-f88460910f73;1
8af4ca0e-927b-f044-61ec-76b6b640cc3d;1
8b224a85-483a-1e73-3811-4b0eef388ad3;1
8b268999-06b3-634f-1459-13ec25b50c69;1
8b32bf26-adad-2467-c7b1-1077639d90a9;1
8b3d5e98-173a-344d-5086-0143839283cf;1
8b3e2bec-35a6-e7d8-a588-812d579ebf65;1
8b400588-c1a5-c317-18af-7284a224f197;1
8b40582b-e042-611a-2bd4-12e2eb83cf05;1
8b4fffd5-cd95-70c7-a584-2d07f83481d2;1
8b56f080-bcee-aaf1-10e9-674e4376f165;1
8b623ca3-8844-231f-0eba-388b5809e00b;1
8b68a4f1-1915-3a42-d9c4-d1b18e0df528;1
8b6fe02c-bc5e-0ab1-358c-d99f361ed815;1
8b7105ac-a7a4-fd8b-fe1f-46051dac41f2;1
8b747214-f07f-6383-921d-e29bdfc94958;1
8b754f2f-c2d4-daef-9942-ee4c741220c9;1
8b781f1d-d467-847b-7be1-1589a3bed770;1
8b786c77-3438-d032-6574-411971e6cd51;1
8b793947-a04b-d111-40eb-8a8ba62453cf;1
8b7ac66d-7b6a-65c0-89b7-a0a3947e9f0c;1
8b7f1b1d-049d-1595-0099-d17012a720d1;1
8b80ee21-15f6-2c35-1946-1a06deee663a;1
8b85466e-2b62-170a-e78b-df20fb0bfb75;1
8b85afe8-022d-e7fd-f855-f79ee1d65697;1
8b85e31b-550c-ef81-7d10-c8dbf5343b41;1
8b8e9941-73e3-19ee-6bdc-6c58627190a7;1
8b977d0c-9cc5-338d-400d-0453f3ae5328;1
8bb8f6d9-6912-9c37-8b92-a06bdfd5e473;1
8bcdc4c7-2a8f-c911-041d-c5189b65fc0c;1
8bdd992e-f151-bca2-8d3a-3a1536037644;1
8bdedc65-bffe-e0a1-fd8a-7f39c551c06c;1
8bf339c5-d7a8-f213-9acc-6a79c5ee9766;1
8c0d854e-812e-d2e8-6b49-2213de1ce547;1
8c11d100-2c0f-c4f2-d9f8-b014be8bb00a;1
8c177637-e440-2ca1-604a-044650cded75;1
8c1acefa-c869-28ff-6640-d25277296dad;1
8c309ed3-bfb4-2da9-de9c-c25397523d9c;1
8c33ec3f-113c-0613-1360-d678d2b669eb;1
8c390a83-06eb-ea4c-27a8-c883c3736302;1
8c3c1429-c263-4618-d85e-3b23c3419c20;1
8c569f89-bb21-b608-e3da-4c8e6fd28107;1
8c5dbfb4-39d7-da73-795e-34cf5aa37c6c;1
8c721648-e73b-4241-e6db-4246d73d6cca;1
8c767c06-ae20-ca76-9026-d37fb2b5a2c8;1
8c79d4bd-37b0-1cff-3760-67c922cc1e68;1
8c7c253b-dd60-bee1-4d74-d52923634e1d;1
8c81fa2f-0b57-17a5-0a3b-1171a7c2e5af;1
8c871c50-5577-6aaf-f3eb-9effd1a10564;1
8c8cbbe0-1580-a1f1-4b54-0609cce8bf8a;1
8c948f53-05d1-a8ae-3dcd-e5d436074ea0;1
8c9acde5-ce2d-a4e4-283a-7e15c040a5f6;1
8ca1356b-7776-cc43-a963-960d92c53e51;1
8ca15960-1af7-0344-a113-4316c89d0394;1
8ca36671-2a78-525b-0704-a13b131bbc83;1
8ca404df-5a27-6afd-2feb-88b5e1f52dd0;1
8cc72c64-1dba-055f-5f8e-123d350e5f5a;1
8ccb82ce-df5c-e019-1fe6-a96ef67fa2b2;1
8cd598fd-99f8-67d9-1ef6-15d627e30d97;1
8ce8f5f8-d2fe-b969-dfc0-bbf30cd87bd3;1
8ced9726-5dcc-6888-6873-98a25fec804c;1
8d0b707d-d7a3-027b-6cc0-57e45a8d6287;1
8d19b1b6-a90e-2765-43ff-f8fda83aa019;1
8d1afc66-c4bf-4376-7e53-163a8e24acf6;1
8d1e77cc-e2ed-e10c-85e7-3aba58e5e237;1
8d2cb73c-540e-c99a-b074-89aa731e8a1a;1
8d3c71c1-1d62-9991-f890-28d230882207;1
8d46c174-9b1e-64a5-ad37-2d7d130af297;1
8d484f75-1523-bdea-158d-e20e70354683;1
8d508b80-48ca-6357-099d-42ac9e55869c;1
8d67e16a-3ddd-4b29-288b-e5bc057aeddb;1
8d74e3f5-579a-632f-3259-227a56881750;1
8d7797d0-3986-a0e3-154f-7adde15ea943;1
8da07035-0a88-a8ac-3f1e-8d4e154e0125;1
8da6f99d-6df9-6cbd-f673-29539577caed;1
8db7c109-9aba-e534-2d63-3bbd1e1f8504;1
8dcb2c14-924a-27d8-26b0-c35d15755773;1
8dcb58ab-c65c-5cff-483d-3b02f3f9609d;1
8de173d7-da62-cb6b-bc8f-69f7168bb3e1;1
8dec352a-fb48-9a56-7259-cc82eb055576;1
8dfb3fa2-27fa-3b37-7441-bda357fa0923;1
8dfef693-49a2-0ce5-0dea-ee989d57aa0a;1
8e0ffcff-737b-354d-b01b-0da208d42c73;1
8e27a604-63b8-326e-d3a2-3471c348e3af;1
8e4c8c1f-0c89-df1e-89c9-ba3b4e92d5ea;1
8e552b53-d4ad-fc22-6a27-8d724f28e9d8;1
8e5a8a98-31da-2e32-9fa4-0357d5afec4e;1
8e5bb84a-e90b-833e-4837-75419e5a3dd0;1
8e6cdfc7-f839-d28c-75db-cb92d35d9c0d;1
8e6fe11c-74cb-9a22-7fc1-d95f8dcc8c4d;1
8e76d55c-f09b-b35b-36f0-356f3c62cbc0;1
8e80998f-3ed4-ca82-ac81-e58205a6f3f6;1
8ea15346-0614-4b36-6c5a-cd651d3a2cf3;1
8ea6c9cd-8639-7174-f4d9-1594e5776373;1
8eba3ba2-06c2-cf36-1487-d31080ba441b;1
8eca9332-f000-191a-35d1-4c79f21d472d;1
8ee20825-2fc9-0773-30fe-67c889b10fbb;1
8ee3a380-c0e3-9a23-371c-a1d2350468b3;1
8ee84115-51d7-35d2-62b1-eb2a65d1691d;1
8eea4cf9-088f-151d-e0b7-085c992cfe20;1
8eeb4fde-10ad-948e-7e06-cc79cdb1a88f;1
8eed1767-e08a-142e-c1a4-cacc1887b79f;1
8eef4c3e-4acd-2df5-0794-21f71f27a980;1
8ef01520-7e96-f05a-7eec-04ecfb559aa6;1
8efd941a-d584-3982-8485-8bf94d559aae;1
8f02898e-9664-4f24-e8ed-b3a123b4b079;1
8f062b91-5f43-a4ce-d06b-7407116927a7;1
8f0b1600-2d98-f62b-1be0-66b9b61029f6;1
8f10b2a8-5933-c6aa-36d3-e354af5631c7;1
8f3162e3-5f77-0e3c-854a-47f901fedf50;1
8f65e9b9-cc71-a9ae-609c-d551570c3ac3;1
8f676f9e-5b00-f15f-c765-ab82a4e13187;1
8f6e759a-a02e-ffdf-155f-e03a3e91c5ac;1
8f76b087-05e6-914a-32ee-48a825d8af61;1
8f830d34-a0b9-eb34-f988-203dd41496e8;1
8f86e896-0df8-4763-5b15-467a539af7aa;1
8f89d5eb-fbda-d342-4462-ac5119a5b79d;1
8f9c0a38-9b07-3daf-1442-edb2aeeaed00;1
8fa4bf81-38b9-fa74-983c-e8cf6c1c77cb;1
8fa5c314-91ab-46ac-bba6-c6cfe0fe477f;1
8fd2fb64-f0a5-c1fc-4d31-851fd9e3a65e;1
8fddef94-0c72-abdd-c07e-db9fc97f06b8;1
8fe60ec7-cb13-6513-4faf-e7137e7165d2;1
8ff3ec13-a8f0-70f9-b701-eb8bdfe064b9;1
9022688a-a2fb-eaf8-1e3d-e7abdf1109b4;1
9056c7ba-dc2c-0923-0874-96c3789975a1;1
90606a98-6ee1-3720-c64d-ec36b71404f2;1
906e51d3-1ba5-798d-3e0c-979045b13684;1
906ec034-fff4-99c9-8c35-ea67e6ff41d1;1
90717700-9baf-886f-f89e-8e3edf861763;1
90972e12-f8ef-91e3-c906-5210e140e874;1
9099d5f1-3b9e-8029-56d5-46b9e9810ad1;1
90af7ae4-8270-c6e9-19c2-ccbc5e30a022;1
90c9376a-be16-8f48-8406-465a4cf7c1b8;1
90da52a6-2894-3720-20fb-26f3b8ec16e8;1
90dafd62-a749-877b-8dae-ae86225f5e1a;1
90dd6681-c811-7a13-ee83-872cde2f887c;1
9111c468-3ca7-b6b9-ed21-cadd29264517;1
91221a55-eb8b-b295-5ff8-87b0ec6f89d5;1
9123e49b-8f94-d32f-7149-79ac0d5aca55;1
9126369f-f0a2-e14c-f3a3-ca6dfc8cddd3;1
913f0843-b06a-95d5-c059-56433f694fd6;1
91413c06-36e9-379e-ed94-c82147b497d1;1
917be69c-7b2d-f8fc-9e1c-ff2d37175874;1
918afb0a-7f30-d85f-88b2-70302aca2f78;1
91b1097e-6b6f-81ef-f997-4b974eb35a97;1
91b27696-de7d-c1e1-8183-8f75ed853a8a;1
91c0da2b-dd44-793b-64ab-888a5818ac3f;1
91d764e5-c364-5143-fb2c-db7a800a4d26;1
91d8faab-68bb-70b8-97fc-ab68956183bd;1
91dcdfff-8588-c259-8901-8c4d4a1b29c5;1
91de92f8-5ff1-3848-123d-660b81e30700;1
91f14198-27ab-ea15-9ec3-9a339effdec6;1
91fb70d2-c28a-bd50-0dc3-2008401f8ee8;1
921fe336-6ed5-e42d-2254-c5a14cb5776b;1
922de83f-681f-6d45-9529-cd2bae7b0236;1
9233a682-05e6-b6f8-6f75-056abdf03459;1
923921e9-1314-9cbc-f6e1-452a633619a5;1
923ad268-5d38-24a7-309b-bd113f5a2dfc;1
924fa0b0-2fd6-bdce-5296-f56ea37f6fb9;1
92612496-2d76-e6b5-8784-c0f8c4c98352;1
92680064-73db-1e77-b726-6ca5a6c9c139;1
926a89c7-039a-4701-5bad-cd4e83e89648;1
9272f253-3dd3-10dc-861e-8cc7bbe4abba;1
92803289-47be-3cac-df62-03087e143197;1
9281a00f-7f47-9f21-1e93-5932cf52ead8;1
9286041c-8cde-2937-330f-2440f1f92aa0;1
9293f2f4-4049-ecc9-7545-a001bc1134ec;1
92b7620b-bdb3-6c28-5451-639bf4652e56;1
92c2fc06-ce78-6272-6ec8-854e330f29ed;1
92c3f10d-dda0-c4b3-55dc-dd771de19b5f;1
92cd0d9f-3f7b-8406-d5bd-2bdfb964f253;1
92ef0cb0-932c-50cd-69df-2e6c1130b464;1
92ef7db3-92d9-fa7a-0771-200a7e4a5423;1
92f38a0d-705a-8872-6bf3-0d671c47faec;1
92f710df-6de6-336a-4629-647d0e4cb7e3;1
9308531a-18cd-4965-fe92-c663277d7aa9;1
93216ca5-de77-ecb4-c8e0-f25e9841735c;1
9334982b-5acd-e28d-c4bd-9adb76c90bf5;1
934e77f7-262b-df7e-ec48-64a9a35ed8c7;1
93501996-dd2c-1350-d959-bcabb3963207;1
935c1af8-995f-d6b0-d079-c924e05697a6;1
9379fa34-e1d2-d2f6-d77c-95c4ffb3c1d5;1
939bc624-fb51-d22d-35cf-59a06422eadb;1
93afde2b-886a-68ea-c189-22d3b8ad6dc4;1
93b00c85-3d33-1bfd-660b-85cf38631536;1
93bdd88e-cee6-4a3b-f9ea-06cbc3545e2c;1
93e07b31-11bd-822c-035f-c42b09af0436;1
93f69e3c-eaf7-a3ce-2c27-73986ad59ed9;1
93fc9d96-dfce-019c-0c25-6f298e549135;1
9401140e-bc25-9f69-4b2d-1daca14ec3c7;1
9405e047-e269-ea9c-6597-7f51a5d22fb9;1
941c1ea9-1e60-6634-93bb-fe932c71da7d;1
94226b87-922a-d966-b9f9-ce69e703be6e;1
9438447f-0538-0949-627b-a56ff443cbf4;1
9442dbc2-ca2e-b75b-6fea-d24e05749717;1
9468325d-095f-c9d5-12b8-411a4f0691b1;1
9472a0ef-8db0-553e-9832-e562d693a223;1
947ca7bb-a061-07e1-7ed4-6aef3135440b;1
948f12f3-9c82-9f3b-7cac-9710b2e9e334;1
9493b529-1eef-238b-a748-dfd7c251ab07;1
94aaa278-da0d-5f6b-e1c7-762e1cd59235;1
94c38554-9eb0-e4fd-243e-f21527c2f4d6;1
94c59d95-b9d2-c921-ba05-bcdf6921f8e9;1
94c7faa6-a781-7a78-73b6-31c4a4a7f6bc;1
94cb31e2-476b-9b10-c274-4963ef285eef;1
94d52721-6e83-bd09-1f50-ee0852c98345;1
94edf4a3-9108-c30c-145f-810c9f3e7a8e;1
94f64b3f-7263-dc15-343b-a2f4d26bb26b;1
9523fa27-d9f9-4475-7077-70af3dbb8db4;1
9534634b-3995-f97e-bc8b-98e59fbf416d;1
953bd981-6a16-772f-352e-efaa24a39514;1
953d8353-986c-fcff-59e8-cbfe89c78ec6;1
953fa002-6e13-cc1c-c1ac-73891f43aa57;1
9540bc8c-cfbb-ebe9-fa40-26f458b98f9c;1
95428e00-2fc5-8ca2-d14c-e53f5f6beab2;1
954d7419-68df-d3c6-997a-c78fda75808f;1
9556148a-0715-6e7e-3748-4dc189baa612;1
955d584c-e2d0-5620-9687-9ae493462dca;1
957fa36f-8f50-cb15-f40e-ac89de29729b;1
95898b1a-c17b-5527-0cc1-7e6f224f2107;1
958c8808-8e97-4fca-10b9-a31274e59e46;1
9596c6e5-7d9f-d57c-1b3e-a6034e06eb0e;1
959b2d41-7df9-570d-36e3-d79e077d9121;1
95b17793-76d3-6c25-383a-c7c7a13335dc;1
95c825de-200d-4821-9bee-82c9188c0a42;1
95d2d4ea-c110-84fa-a8c2-beb307689327;1
95dac94f-ba93-c76a-f252-c9e6dd4a8c42;1
95dc834d-c1cb-0359-6ef2-d53c9c8c4faa;1
95fb266c-fcb7-43d1-603d-b2728331da84;1
96154620-c3ef-9efb-fec4-35bbb8109e5d;1
9618f039-db4b-fcbb-484e-c18485a7319a;1
962d2716-3475-bc21-bcef-ddb2003ece86;1
963a23c0-4ee9-ba7f-86b9-ad895e4b4b17;1
9645a30d-9a68-67df-ad90-05ec384669bf;1
964e9474-8ef0-ef52-8b46-78c9ff01a613;1
964f72de-c2ab-6fca-c21b-df62f5fbe20e;1
964faa61-d416-d74a-0275-c508ca16fb27;1
96525cbb-dc73-551e-aa22-7824dfb7203a;1
965f16db-9a0b-ea03-dc4f-3fef6e2be4fd;1
96735ae8-e04e-1bce-032d-b7359a0e09a3;1
967a4baa-c553-441c-3332-9f8559b7ffc3;1
968735ea-a722-20fb-399a-7c4ceeb47b30;1
968eb8c9-0db5-0103-ab17-96abf8743806;1
96bad19f-ac2b-f27d-22be-5e046ed1d17b;1
96bf36de-ae31-e290-e9b2-edd05d08ef37;1
96c555ad-7b6e-b8fd-71a7-e20dea487ec3;1
96d5ec97-cf5e-db9b-0a54-903416063701;1
96db6737-f677-5524-255c-9981d664a272;1
96e5a95b-4b8e-c879-37b3-6185701ae651;1
96fb16b1-4beb-4360-241c-d59d82e4afab;1
97066946-0d6e-6282-f51e-a8946c092a31;1
970d52a9-b5d8-01be-b423-88289714ae80;1
970ee67e-ee31-868a-d01b-b3d9a4fdaf9b;1
97113f9e-5e4f-7cc2-2c60-66c5198e7fe6;1
97249d31-7e69-bb13-3b22-629c747c1ae3;1
97497c42-7647-57c5-f535-d8095fc102bb;1
975b5f04-c9b3-7f55-ce79-411db3e53642;1
975d1769-1552-cb4e-8948-56ff63396368;1
975ffe7a-f482-cdab-2e0c-543329fa26f7;1
976f0dec-9f7b-d54b-c5c6-11c341d97996;1
97743f2a-290c-1128-6726-38d7a0853e4d;1
979c8557-9a98-da76-3d5f-d820f9025ee0;1
97a47a59-b0dc-16a9-d3d8-db728aa803dc;1
97af9997-a278-fad7-cfe4-b39ce6059aec;1
97afe24a-17b9-d3b2-7535-0aa7021b2d5b;1
97bb8180-835f-d088-6354-70346052a933;1
97be1af5-c524-bd06-c66e-93ae43fb25d5;1
97be7d5b-e98a-e8fe-dc78-d677c3630f16;1
97c2f916-d965-4e7c-6f80-28ab98bd8481;1
97c7fe3f-5d41-305d-6541-676fee918110;1
97c8e573-8ea1-e586-f30e-2dc92a843f30;1
97d7dede-0c52-b3f9-d77b-5cd33ab2deb3;1
97eac8e5-c48c-a4d2-7063-566c4b68bca5;1
97f8b413-5dbf-6f65-c712-adde84db4c37;1
9814c90d-76bb-8eaf-8712-dfbcf9a159ed;1
981636a4-2176-47b1-adca-4c4013cc1b49;1
98231c86-38ee-fed4-d485-a2971acf6ad5;1
9824dfcc-6491-a6cb-5af0-2a87e0e90b60;1
984950bd-fa9b-97c5-5aa2-74460ba5fd22;1
9859c3a9-4e6d-29d6-19fe-c3c49fa9c40e;1
985c7568-5ef4-f1d0-4ddf-8a0c715ddc69;1
985caf07-119e-7958-fade-730f1a4ac504;1
986b357e-7d62-0617-45d0-8e24519c8706;1
986d6565-17c9-17e4-b264-12f1dd480318;1
9879b0ec-1874-568a-ec05-bd399b978146;1
98959ea3-fe24-27bc-5289-fd799d547f87;1
989901b3-2b5a-f1ee-a8ce-c7500e9a6eb3;1
989cd353-538c-7ea4-e4b6-da8b003dec11;1
98a462a8-936c-712b-d727-37161d57041a;1
98bcba6f-277e-11d4-9b19-32a090f84cf5;1
98f6c530-6a7b-8387-e1a5-018a6b83c2d5;1
991c7e55-1ea8-99ba-5c10-9ab2164fc5de;1
992e7a61-742b-dbc9-2399-cf9f29e2983a;1
993b22c8-10aa-b3ac-add4-9bbf7b0facfb;1
993eebf3-485d-1ecf-5834-992c95c6b531;1
9953d957-8a39-3cd1-3923-b07aa3ec3f06;1
99582bc5-9cf0-f65d-306b-c9f82023d545;1
995f0d23-6831-b1b1-dcf7-973d79f989ce;1
998c374e-a5cb-e5c1-2ade-b8425f02d10d;1
999c0132-d5ca-7dfd-abb0-d97537641c19;1
99af729e-61d0-a6a6-1999-ee7aa3bd307e;1
99b2bc9e-78e9-0a93-5a21-e63fc2ca8af8;1
99b34fd3-6efe-7177-3133-583a070a9863;1
99c53d36-636f-5964-c538-52ddc8240ee3;1
99e8ed8c-0411-a520-1b1a-f7523d0aced9;1
99eb5751-2454-6f4c-f751-50dc34cf8a56;1
99f020ac-3ad0-dc17-7a16-3f3adf8ebbba;1
9a149e20-1b3e-4bbd-4b58-6e1b561fca07;1
9a28e380-6de0-25ae-8bc8-711f4c085ad8;1
9a5a6e94-6251-40a6-4aa3-8aba920bc17a;1
9a653d21-1617-c498-cbfe-ab4357bee3bb;1
9a75d0b9-7550-eaf9-c682-e96c81ac9553;1
9a9ccb4f-06c0-b1fb-d811-502ffe6b0f2a;1
9ab508e1-7be7-2ef1-9f28-cb6724210393;1
9ac05c51-f015-1d74-3545-d3436e8fb6af;1
9ae233b7-02b5-e731-61ee-4339ce2db986;1
9ae53888-47ca-73c6-d3ea-e70f58966411;1
9b075605-31c7-7133-4643-49d39d9a8942;1
9b079c88-d374-16d7-efc0-5761f0a7b5c5;1
9b130b5f-1205-0f73-beb2-45a3ab2b7314;1
9b206ffa-6efb-f7e9-965d-06d0fb8a4f66;1
9b20ee62-b251-f32a-4df1-8a5f2f27b3aa;1
9b2d5108-4bf7-dd13-27cb-3247e0f08781;1
9b3d071c-b624-f191-de0a-aa63c38a8bbc;1
9b524c75-e3f4-6681-53dc-e1f825a7a907;1
9b55b7ab-1781-e060-9800-a5a125793b09;1
9b633ed9-2fda-25d4-cbbf-ca1dc685d1c2;1
9b661a00-ff69-a97a-2888-32393588d116;1
9b69aa5e-ab34-71ca-8fd3-685f75875c13;1
9b710db8-0ada-0037-0d12-b73011d41f28;1
9b71da20-1629-371b-4abc-e30023956409;1
9b79b247-9ea8-87b0-1ad2-623fb7075677;1
9b7ad046-7cb8-86c0-8b24-1998fa31f0f6;1
9b9137f8-0b58-c367-3922-048aa908e325;1
9bae122f-56e3-c7b2-d1a4-da6631542481;1
9baea035-5a2b-6400-313d-4bbd30df0c18;1
9bc3de4b-f609-4988-507f-5b1892cd5447;1
9bc5fe61-ee6f-21aa-8b4b-c10bd12d43a0;1
9bcbbf93-9fd3-8cfc-eb42-3c84fa522210;1
9bf20b6c-a238-b893-7f74-0c8a5591165b;1
9bfcb651-cd7f-e5ba-c528-83ac47c77a6d;1
9bfcbe7a-c9f9-8b0f-992c-b5a6eb2245d7;1
9c175ae3-a818-93ef-6f94-ba3c0b47f8cb;1
9c189ad6-4d6d-8252-5091-4bb4aaa81910;1
9c1df388-0b99-99e4-6dea-f82131354c34;1
9c20bc1b-4907-b508-d260-319cf1e437aa;1
9c2f2fdb-39ca-f475-d339-5111e8dc62e7;1
9c39036c-7010-1c0e-1ea3-597c267e24cc;1
9c3e3f61-e836-9778-ffd2-dc195ca9d618;1
9c4f1bf8-3548-6ce5-98aa-4e99289c1a08;1
9c643b5f-b289-a962-658a-dea66364d3d7;1
9c666887-63c2-f510-e7c9-147ab9d66ffc;1
9c686f9c-d9c4-a4a7-e771-140228206cb5;1
9c6980eb-590d-1c87-a68b-c8e3b23e0303;1
9c6b1d7e-cd1d-1c76-bb7a-d282fea88620;1
9c7fd162-acc0-ec23-fa9c-32e761d6d799;1
9c80132c-7a05-6cca-4570-88d0f0f30bcc;1
9c8687d0-484b-2d5b-8395-0f673a0955cd;1
9c92d144-b98c-c910-ab79-dc6f395035f1;1
9c9750be-7d4b-7e24-dde1-728b7846c99a;1
9c9d34b1-9268-2756-2399-e56c88281563;1
9cae4662-1730-3c8b-4aba-069739c9c7b3;1
9caf63b1-c43c-1e2a-4f5f-1ae019aee564;1
9cb14cb3-c3e3-b43a-1487-368b83213a20;1
9cc633b9-0537-0d7c-893a-f0dcd8a282ca;1
9cd5723a-d7b5-eaa4-90cf-93d27c4a5762;1
9cdf83c8-ef3b-e742-6d63-0d519f20a3ae;1
9ce9a6da-749d-aa88-ee7e-012e1908f81b;1
9cf00962-1520-f873-f7bb-171b912c9630;1
9d068dd7-914d-dc48-55cf-935f5cda02cf;1
9d0f07be-bb7b-b24f-b387-e5eae78195e1;1
9d3ed021-aa11-fb8a-e58f-308c07c525ae;1
9d477e3b-c4cc-89c5-f588-83645715e190;1
9d5d779b-3934-5e19-8f4b-da17a44a9478;1
9d5f47e8-6fce-8b65-2afd-04b8d9177999;1
9d6d20a7-aacf-9c91-204d-0ce043c34a3d;1
9d7383b7-1f0a-e5b8-9043-6f18180710ac;1
9d901f9c-50a6-5c65-7b9d-808550e013f2;1
9d94490c-c4ab-718d-b95a-6e2b084ad612;1
9da27622-b4f7-24bd-0f63-40b02d1a63b2;1
9da4a3f2-f612-89d5-6fe6-d01e00895de1;1
9dc7b6fa-034f-c6bb-f48a-9f2aa8c8875d;1
9dc7cee6-ed1b-1185-4de6-ffb2fc0580ec;1
9dd87bc5-a82a-e395-85ec-4666c8dab858;1
9dd8bcb2-8b99-f561-d22b-3005bbf618af;1
9ddcb0f8-3217-eece-7cfd-c902cf7ff90f;1
9e0445f1-a5a8-f3a6-9fae-642a50efbf42;1
9e055d3f-5432-75c0-38a0-36f2c7eb1e4f;1
9e18e6fa-21e9-4bef-0352-515309fede75;1
9e19919f-f368-199e-4aa0-23d4bb5a7e35;1
9e240e40-20af-dbe5-8588-071cfbc5c570;1
9e2ee536-0d3b-209e-2fa1-75d18a721c5b;1
9e396a07-cdba-0184-d05f-e358a628e611;1
9e3f854c-a44f-3cb6-8c16-d7df7b96ac1b;1
9e44fdbd-c6a1-1145-6abc-dcad07cdcc9c;1
9e4b1bfe-abab-3d0f-3271-5d800a3984da;1
9e4c66a7-f060-723b-2399-3c2ea67e3c82;1
9e4c77fd-e84b-7238-a5dd-7d4632293e69;1
9e4e9c63-d3c0-8c53-40ac-02005c041ed2;1
9e59a884-780b-2cea-bc13-6d6fac7edb77;1
9e5e65eb-af50-59dd-a4c3-8025a389d2cc;1
9e77abd8-359c-8464-830c-9ae3226046dd;1
9e86b864-30ec-d11f-6cd7-8829d9e1b5a3;1
9ea3bbad-d9a4-2980-593b-fa032777e8d1;1
9ea9d5b2-67fe-aa4d-ff14-b487c56384b8;1
9eb38f2d-bd41-f4f7-ad82-983a803c1995;1
9eba2d60-de1d-b50d-954a-cbd1e87d8ac7;1
9ed7da94-6694-5dfa-6cac-9159bd73a994;1
9edf8655-b441-ef53-5431-b6aeac77d170;1
9ee7aa81-4c50-7327-ef99-2113f80e7152;1
9ee7f583-5c63-7ea2-0fad-51c2a3c6aa2c;1
9eedb54c-ad2b-ca80-9ad8-ac2b18a61668;1
9eee3923-ffce-087c-c586-ff0cdae5d87b;1
9ef4e1e7-e367-0aea-72c0-50773b5aeb4c;1
9f04ad6e-a583-56db-fac1-f824a731a531;1
9f0a3799-5f01-c07d-570a-6e26a63838a2;1
9f14c83c-7aa9-19b8-e6d8-34ddc2e2fd71;1
9f2c42e0-234e-a887-ca2d-b255e8eb3c91;1
9f2c6489-2506-cce9-6d66-49e7c2f955bb;1
9f2f3f0e-0364-cd0e-f607-d30390080c50;1
9f5547ea-f10f-ab6c-6ad9-1657e61d9e5c;1
9f59e0ce-40ec-b44d-5791-c1eca9caa7a4;1
9f6c11d1-fd03-4179-59ae-63d14ba35374;1
9f75b393-4cad-1dd0-efb9-940e1b84043e;1
9f77b77b-18fc-f7bf-843d-4168356710ec;1
9fb9b64f-e1a9-6a76-f45c-1dfe62885059;1
9fcb867f-537e-cf1d-5562-dbc26e1348d0;1
9fdb835e-4d5f-4f52-a002-de4a3259656c;1
9fea2770-d240-9b25-37d6-d24b849a9df6;1
9ff7dde1-c3a0-4bc6-b152-097c6ada351e;1
9ffa2994-2448-c524-d951-395d426e90be;1
a02e021d-51f2-9b04-faf1-985b6e73d479;1
a03dc452-d7fa-bd21-b0fc-36e92643543c;1
a05d599f-e44b-37a9-f1c9-231d69230dfd;1
a063e186-c235-b906-9655-319317fd294e;1
a0810357-702e-98fe-d9eb-66070ddbb4d7;1
a0a2f92b-95cc-bc60-b4d2-56704ea446cd;1
a0a42c07-aae2-6812-6918-dd2e7ff75896;1
a0d23de5-f684-3ebb-4f7e-5492f054fb62;1
a0de3647-9312-76c6-bd12-f9b6e204e980;1
a0e29636-44b7-e888-3929-21afa72decd1;1
a0e4b274-7180-ca6d-8994-e41489fc95a9;1
a0eb6f09-b34e-047b-6728-fb48c1edcc7a;1
a0eed80c-b0ab-592b-f2ea-16f79b34a484;1
a0f3bdc5-d598-9bea-1260-497fc388a6eb;1
a104fda1-f482-5829-d6b0-dae70d133af8;1
a10ebbe2-72a0-8604-2ae1-36e141ff05ab;1
a11955fa-a93d-0093-288d-23f221d86d75;1
a11978cb-67e4-dd2c-55a5-90ea66201a58;1
a120d378-5fb6-3e65-37db-be13f25da9ee;1
a123b5ed-adc0-b81f-ea43-a13b808db54a;1
a129dee8-4a76-dce3-ddeb-559bb07250f5;1
a133bdd0-431d-b543-5c21-febcd26b7564;1
a134dcf3-c662-fb9d-e301-596291901d83;1
a13d4f33-0f3c-a20e-f84f-4e6fcb1432ed;1
a145f2ec-2514-5201-148b-b59eae17bda0;1
a14ccc31-dbf8-8f26-9dd9-a1cd8be9496f;1
a1501399-2a65-1e08-2063-9fda9f7f36b3;1
a1511281-7616-7a67-b08d-3216c6eebfd6;1
a164b25b-8f6c-000b-88fa-a21d6e711b57;1
a16df75f-92b4-5fa5-4315-0379be56bbed;1
a17436e4-6500-65e1-d41f-52ae9d11d28b;1
a17924ba-a180-6d7a-e154-a9f667c9591e;1
a19e798e-0edc-91ea-14f5-4913bdee0252;1
a1b02467-d9d7-be30-4baa-c07dde6d5db8;1
a1b0cacb-958f-93bc-d1fa-8594ec01b86f;1
a1b78594-b9b5-1693-c168-0d53b48dbe59;1
a1bee546-8c23-2a74-873e-ced94dfb13d0;1
a1c49859-d3db-02ff-c955-a603a103f893;1
a1e967b3-fd73-6ef0-1748-8a798256e144;1
a1ede041-889b-0d04-0c5d-4be2b1fca736;1
a1eefe55-4120-6e87-54da-b0af36c8d18d;1
a20f1c6a-ba6b-7c46-6ae7-e75c80dd2d53;1
a211d976-6df6-a210-096a-0e4856300510;1
a214da90-5a0e-7498-0d79-3908dc6fe1b1;1
a215fc7e-cf80-f05a-153b-9d89073967c4;1
a2190340-c303-f724-8d92-21aca9859279;1
a21be544-0118-94fc-c0a7-b2dc2e860ce5;1
a237d52c-a3b5-8986-5f1c-c3b1e6f8bcf6;1
a24202b7-4e12-57b4-c6df-4428974255fa;1
a264d912-78aa-0faf-ca0a-81934485d001;1
a2698656-3e00-83fe-8573-119842d17386;1
a26d61c7-9789-cf8d-8ff3-50277ccac8ee;1
a282e1b5-b238-05cd-cb42-9b5de93bdb60;1
a29c6efd-c683-c78d-a37b-102eda9eb988;1
a2bc9d5b-cac9-084b-95ac-9d6da4cbfa13;1
a2c207e2-f741-205b-13b4-ed32efb7c1d9;1
a2c2a13a-7eb6-88f2-dfd0-cfa32c167353;1
a2ce635b-fb61-6bd2-d0e0-7cde3de6e65e;1
a2d31af9-346a-2dcf-f83b-39b0b99c5260;1
a2d6ba1a-f419-2a9e-dc2c-56f21a85d609;1
a2da6a82-fc7a-c316-4778-5d17d2941403;1
a2eedf47-cd33-8055-b4c3-a1e860c4df7b;1
a2f68c6f-a9c3-b385-7996-81eeb205c5f2;1
a2fcb444-edd8-c011-2905-b38f1bdd3e9e;1
a3021478-96f7-4e80-2489-481638792b2b;1
a316fce6-edde-6cf5-9ecf-5c76f52e3004;1
a31ac2ae-451a-6f52-e110-80dd3c037734;1
a31fb9ec-6aba-c29d-bd68-20c19e7c6f9e;1
a329de4c-5b0d-47bf-60a8-dc338f8c1629;1
a32e1f6a-da93-2b6f-6a0a-d6d13c64ec41;1
a3393104-9aeb-7d5b-7973-ad28fb6306e0;1
a34cf799-513c-8999-8c74-2fe3c6202f3e;1
a36e3cdd-c6e9-c6d7-b747-6ac719fdc992;1
a37421fc-d29b-3477-ca65-8a2dfff48172;1
a37b2235-7c6b-8d2d-9caf-a1a3d5ce5cbe;1
a39b94d4-a522-5373-ac27-9f5e5b545093;1
a3a20e80-c38c-3350-20de-8a68864c8a9b;1
a3a355ea-90b9-72e5-8eb8-61c47add724b;1
a3b3c925-8147-a4b0-4f4a-454bac2b48f0;1
a3b498bc-6105-fe0b-e17d-a0fabbc3576e;1
a3b88041-4de5-57e7-3cdb-c18ee088d862;1
a3bb6427-b1f9-6feb-abe2-6f23c856900c;1
a3e93de8-2f46-a580-a75b-e8fcf5d97db3;1
a3eda9fd-5830-f850-8529-2433094ef207;1
a3f13d77-c01d-92f0-3869-ec78a8c88b83;1
a3f374da-d25c-402b-1be4-56945e29553c;1
a3f8c2f0-d2ef-b8a1-e2a6-4770c0bf4318;1
a4065e55-d5f5-76c7-af95-f3f79846c8cd;1
a40cd06d-f450-9f88-f6d3-349fb8cc6137;1
a4159f94-47b5-2b00-463c-5b87a59ed5ec;1
a417e9bf-bc80-b49a-acc6-65b7f5845cfc;1
a418a8d7-3e83-e538-0362-2042c2bed025;1
a4228af6-ae44-13ff-ccf4-d3495b1fe412;1
a42778d5-83d8-37aa-a200-da583a743f22;1
a43b1336-c6aa-c881-cb31-234dfc9828ed;1
a43d2586-4e6b-cc4c-91e0-1bf9ed39d49d;1
a44866f4-39e8-9401-dcb2-d3f8a3da57ed;1
a4491fe8-b20b-6e6f-4687-61706276d947;1
a44cc1cb-077f-5e71-3fb5-ab0325ecd0e8;1
a457f278-2a4e-d072-68ed-7b8a76d93687;1
a45eaa9e-6eb0-1227-a280-1d8b34dc3320;1
a46de2ab-3e9a-114e-f188-63e67f4f2328;1
a47568a8-e65e-1099-085d-e665af578f6a;1
a47ddb40-1c59-f153-9323-d79f52736b8d;1
a4812453-4031-7cc3-df3b-16d0dbb165cc;1
a48e45a3-e54e-5ea0-1a40-06fb03b64b34;1
a49356c4-6146-f6da-91dc-b424f143fe86;1
a4a90f54-8cf2-b4dc-bf25-8c138e6419eb;1
a4bdce34-f6bb-d5cf-1c2b-2b7ad449b3a4;1
a4e3be40-d624-334d-7c88-b747a74a3368;1
a4ff62d6-fe70-8904-1284-a11c7c9063fd;1
a5016905-4222-b6a9-b92f-eead9b2b3197;1
a50e42b2-df42-84d6-797d-63c5c3ecd48a;1
a510250e-d149-d5ac-b198-080237d873e2;1
a5219bf8-4eb9-f29e-aab0-9bc11112aa94;1
a52f8318-b02b-6710-fa3f-86399b245b28;1
a55419a6-4e06-abb0-068b-8479e1040faa;1
a558298a-ebce-a499-c126-b8666eae0677;1
a55fe447-f2aa-e5a8-e640-001dd1a41f9c;1
a56d27a0-ff78-c1fd-a3eb-f0f995a4e926;1
a594ce42-6dd0-f1c7-496e-e6defa41184e;1
a5cb1d8c-0a6d-41fb-2938-1b4f80239ac1;1
a5cc7d26-11d7-342b-754b-c86c428f61e6;1
a5e137fb-8070-2d57-62e7-24d4e739f120;1
a5e14b21-8bb6-71a9-61cd-976c87cdce8d;1
a5e2c96e-09ce-6554-0d02-5cbc8f9f0711;1
a5e710d7-888b-4c0d-d078-ade703efe1cc;1
a5ec7e59-5493-34c4-859e-d85b287ed510;1
a5ef9e7d-9a7e-a43a-a425-0f3256d8e0d1;1
a5f9094b-c7fe-611e-66a6-97c8ecbb43bf;1
a5fd7dc7-c180-e04d-dfb7-e576402dac74;1
a5fd880f-1c69-58b8-bf31-bb1030b3f7b3;1
a6043a90-d360-cc97-f421-345677e56084;1
a608420c-1586-4787-f322-8ecedf4b0e02;1
a6188b70-1620-b438-8d4d-f4594b597c67;1
a61bd996-1266-e6e6-f296-58b2e48f1a86;1
a61e8c7a-e8c8-95de-5dd5-daf8268e31cd;1
a622cea1-e5ef-57b9-1a22-7eb5c0ce9cf7;1
a6284aa0-cf4b-1d21-1540-905f4bc7f8bb;1
a64ee7e6-f3b1-4d0b-7d73-43955ba83a16;1
a65734f2-07b9-51f7-7d49-6403f9949fdb;1
a66039a8-b9e3-d1a0-e824-b369b30a2d8f;1
a66199cc-1b64-c812-23c0-e6274ebd1cf6;1
a67b213c-7c41-5780-7c87-674e45e8d050;1
a67c61ff-652c-dcfb-6238-446e47d934ab;1
a6849af6-5df8-72cd-30bc-b99a39d2b490;1
a6901a69-c940-f426-42d6-5a21dac3f0d0;1
a69db5a0-1069-3a72-3a4c-7b533a032fcb;1
a6a5b7e1-8457-1051-8229-7ff04c58e890;1
a6b714bb-4640-c73e-69e2-8670c66e0553;1
a6b7e2ad-c2d6-93d6-3d02-079f5239c7ab;1
a6c61e74-c36b-f1a9-7634-8dd79efe07a4;1
a6dccdf1-d813-8e1b-ed52-59ddf0d2e140;1
a6df582d-6a6d-3a06-4a0a-9308eb2a4946;1
a6e334b4-c3fe-68f3-6651-22e9c1b1a3f4;1
a6eb6001-e0f3-642b-5d44-e45393052d2b;1
a7009e36-b36a-041d-d2db-13aa4bc9841c;1
a72dcd17-a2bd-59e6-84e6-31e283b8547a;1
a73ec800-1136-1d88-9c8c-c83b591f9e2b;1
a7407353-549e-96f6-8514-7818985ba94a;1
a7424341-0591-b126-5708-98763c6fc5a1;1
a7484f71-ca2b-edf8-9bb0-4d9f7dc5afe8;1
a74a6d9e-e16a-1891-443d-68fc2cc794ef;1
a75649de-76ad-8d38-1cd2-c2946156babd;1
a75925a7-5a23-ecd4-0be7-dfff07678559;1
a7643cc8-ef75-d107-bf84-e79acfd82601;1
a769ce0d-18c1-6b17-ec8c-c71fdaa29ddc;1
a77067c4-c289-f539-d078-ecb62e3358c9;1
a791c5a1-3253-67c5-c077-4af154e1f6eb;1
a7b0badd-1564-9e9f-1ecc-40d810972384;1
a7c2f7c2-99ca-11c3-8ca7-be1e4dc3679a;1
a7cf5b6d-1034-92a4-169a-2fb0d815553b;1
a7d163c0-ec72-1a02-147d-b81b0765d42b;1
a7f010ac-c3e1-dff3-4dbc-972e2a327035;1
a8026506-b03f-3418-67c6-5cc303effb68;1
a81d653d-8eb7-8c32-eae8-e7593d5c7c5d;1
a8282bba-5f9e-788f-106f-a16b9dc35980;1
a8340e8c-bf8c-22b9-1251-89c711ade97a;1
a843e48a-3c15-91d4-94c8-f673d2f53b9e;1
a8443aec-78ea-16db-e39e-66c5ca4b06da;1
a8455b0c-3117-9369-683c-e7f265f71193;1
a854c581-fe81-8f53-d950-9d9afa42dfae;1
a86c1e27-1441-b576-f300-cd9c1d9c13e8;1
a871009f-32e9-9081-d84c-7280e974a79c;1
a884eb8d-71d3-476a-1dbe-9577c9df7d83;1
a88f5a58-d56e-1225-fef6-a087bef8a511;1
a89acc73-c29e-e099-b530-cf6c261231ad;1
a8a45df0-7484-1be1-afd2-887537d5d260;1
a8c01555-5842-7cff-8fb1-6ce690b73f77;1
a8d03e78-c6ea-c796-3806-b49603f8b8cd;1
a8dacee0-9b62-6ed2-8fda-f7c05b0d0dbc;1
a8e77674-5370-bc1d-0fb2-0a6debc77292;1
a8e87a09-8525-836c-29ab-0583598b7bcb;1
a8eea3aa-b39e-60bd-c0bf-3f860f7c3d4a;1
a8f3fb0c-a140-5e57-7e22-d4acbc765d61;1
a9076b18-96d0-d604-7b5b-a302f50415e1;1
a9193450-e8a9-22dc-2b49-164226078a4f;1
a933442d-8471-7620-b21d-b4c0a53def72;1
a938efef-c713-4d44-fb1d-e691ac75ff0e;1
a93e76ac-fac9-c1c3-7c52-ec1933cdd5bb;1
a9509064-1954-23b7-e851-9422b3df4e6a;1
a95315a2-8d43-2e9f-3eaa-950671dcb538;1
a95c3892-dda7-03bb-c078-1fb2f42f2b8a;1
a96b8fe2-d9a7-76b0-7926-1ce0b1606b05;1
a9705ebe-9611-c77d-2b62-095065a7bc77;1
a98b28ae-f520-5e26-bf9c-7daa1503284f;1
a997385a-c9c5-afdd-e84a-69a515583df4;1
a9a6b279-c5b0-53ed-3fc6-9bb5f74d8d17;1
a9bc4772-af53-44df-2895-b2006177b301;1
a9c37c8c-c776-37e2-0374-326c23dfd02d;1
a9c857dc-de5d-f5bc-5984-212ecfa2d1f6;1
a9cbdb92-586a-1879-8e0d-50c8bd969ed7;1
a9ccbba8-2562-8673-5b24-d1a98bfc9f5b;1
a9dab5c1-bd97-6035-733e-7898f69b3856;1
a9e797c2-e2cd-e65d-cd88-5d98e2bec94c;1
aa13cf4d-b5a8-006c-6347-4b7c79e38711;1
aa240c2b-8cb9-18e0-a867-24012f288dc0;1
aa380f86-3673-df63-99f3-f6c18866c46d;1
aa38d389-b3d1-a61a-6a5f-b78e0d3e9e8d;1
aa44708b-7445-3131-c3de-40ba2f922d99;1
aa44e57d-1b1e-c5e7-37a3-8e26b052df39;1
aa4f1fde-30fa-a43d-eb03-6c29988e7925;1
aa520245-09e7-3910-65a7-8fe4bfa56d2b;1
aa533fb6-2a38-2a07-95fc-e284094bf5cf;1
aa554639-63c7-13bd-e188-e2be3667338a;1
aa64be0a-9dac-543c-d074-a672cb86e4d9;1
aa6b2a58-dea3-c398-2003-7b18c11ddc8b;1
aac1edf4-4088-cf9c-cb62-ead335615075;1
aacb69eb-a0b8-7758-f085-703f124c1633;1
aad895ea-f754-2ac8-91f2-79520df5600c;1
aae5aca6-4902-6d46-943f-68fcd9f21bd5;1
aaedf389-5aa5-0e3f-369b-bdb40546a556;1
ab182c92-7e31-b75c-21c9-d25ac620a34d;1
ab2aaa16-4ff1-8586-9245-de688bd1d0b5;1
ab326fe0-c4b4-eae4-c421-8a044115e967;1
ab35d12d-6520-4639-19b3-971ac813bce4;1
ab42cf96-2ad5-4fc2-a4a2-6c8641cbf17c;1
ab4667cd-65b4-fff8-f4d6-15e6bcb3bd8f;1
ab5de551-66b6-74f1-72ca-e5d36fdd4b24;1
ab5f3ce4-1bee-a08a-4795-669e9e38e6bb;1
ab5f8864-2ca9-1a81-74f4-49695248b131;1
ab628d61-68a2-b2a2-6ead-abb6754d7230;1
ab8065d8-3d7e-6c66-1ebb-7fb62433d8a5;1
ab863f5c-61ea-d8bb-445b-5e9578e948a6;1
ab94c7f7-33b2-b3f3-b0c1-e0977c986cef;1
ab9859ce-d75c-a946-25bb-71be0b4c4e30;1
aba8183a-7267-2132-a4d3-af4729a6b7fa;1
aba9a6f8-08c5-6b40-3ca0-0edb7f46af97;1
abaab08f-ad38-5210-807a-3cd4b9ed5da6;1
abbe6cb3-06ca-45bb-66ac-367410e6b46c;1
abbff0a4-4333-9c9f-d666-93fca83499bd;1
abc9e437-8f24-5fe0-75ed-a09ad87f5371;1
abd8f0a1-1fe2-0ec1-9e85-a82642e25287;1
abde159b-a638-2a55-aba1-4e554fef1ab7;1
abe25759-b6cb-0105-da7a-a843da27b43a;1
abe9a049-4bc2-f2dd-4a3b-02cbeb646efe;1
abeb3e9a-ca86-f125-bae3-4dc1ef382b57;1
abfebab1-42a1-3cdd-0436-2f8b50c35f81;1
ac0106f3-33fc-f4ad-1937-b8614ea6d143;1
ac1d0ab5-d1eb-0e74-c2e8-fdbe623cb773;1
ac1dd190-d02a-dd12-53f2-55c0e9cbe4c0;1
ac25d00b-5359-5a17-f64c-17f7469c7f94;1
ac340ae0-b24f-8357-5339-75801394800e;1
ac3b497c-3237-dddb-591e-a1e311a5c31f;1
ac5c1619-475f-4b0c-0705-f4a9c66a55e2;1
ac618696-9ed0-20e3-bb7d-c46aea6bc38a;1
ac82c0e2-c51b-d83c-0940-e2f4a219498f;1
ac875b2c-6f05-0006-bf3d-10f8cd018351;1
ac941e6b-a437-0146-518d-6249ed00f724;1
ac9d2f64-bead-55ec-1056-abd2f403376f;1
acae30f4-a8f4-6559-1023-da43bfa622e4;1
accba509-dcc3-1838-92f9-f79e150a0b04;1
acd1fca2-c0cc-3a18-41a0-40423739dc8c;1
acd36466-0300-d9f5-fb2f-56f1812bb868;1
acdc4a43-1799-74a4-362f-7c3ab2377f73;1
ace3cb5e-3baa-b221-4146-2f4377f7a5f6;1
ace56858-bb55-1cb7-eebb-786a2b795cbc;1
acea690e-593a-0f8e-4379-edbba224e6cc;1
acf0a64e-accc-b488-87ee-0f262fb8e469;1
acf2f2da-bea3-2a77-a500-14d169b4852b;1
acfde1f5-6ad9-f70b-65e6-300e44e21232;1
ad0f89cd-6e1d-33d8-7998-6d88e8090d29;1
ad1f4866-7e09-eeba-8992-6c210ac7d456;1
ad28bdae-05cb-62eb-7e93-1f474d1b4601;1
ad2c8fe5-3567-ed4d-3c46-c949830d0d72;1
ad2eff27-6cdb-133f-983b-4952b60b324d;1
ad3aae1d-6b65-2c83-af13-1968905171fa;1
ad40b94d-da7d-eac7-317c-6ff0b936f57e;1
ad453d00-b1c7-616c-4c8a-fc36d68d812f;1
ad45d822-64d4-7cf9-827b-8d1c16a1d41d;1
ad554e65-1f72-9f33-26dd-b6bb0ab10f2b;1
ad5ba5b8-736f-207d-470b-d99d971ae8c6;1
ad5c2516-937c-0ce1-10a4-e72e1026927d;1
ad5eb9a2-4fc0-465e-f4a6-339ab0acfb90;1
ad66d7c0-459e-2de5-c146-26a8e13acd27;1
ad686ff5-ed4d-776b-7b92-cd706c2cccab;1
ad70980f-c707-f87b-2681-2d85bf88c7f2;1
ad7c4eb2-9c0d-2b85-1495-f71cceae721a;1
ad7d59e1-f586-7a24-4c13-c8eb777d5a5c;1
ad88f29a-ff81-4a0c-f400-881efe9d66d6;1
ad9539b3-fa35-29fd-b3e7-34a710180559;1
ad9ea67a-7c0a-18ee-a131-8ed18d91a01f;1
adae39c1-eb8b-b133-0b70-5d7b338fce95;1
adaeaf78-d8ba-f262-01c6-7628663c06d4;1
adaf7903-8aec-c80f-6616-2611248ee7ee;1
adbddbfb-085c-15ff-3f93-bec28457f9eb;1
adc22f6b-3bc1-108f-f948-4b919d19dd71;1
adce3686-2e35-912d-9210-25a6dfb517bd;1
adce5721-8901-f20c-499c-c9b68de7660a;1
addabd4d-9046-f183-36f2-752011fe02ac;1
ae0decc2-1586-b790-7135-0aa6b53fe2d2;1
ae1096a9-87b1-c2da-bb91-15cdde0918de;1
ae1612ec-d77c-8a24-78a6-a9a22b3eb584;1
ae1670b8-ed33-aeab-bfbc-a669ef89c380;1
ae3cdad2-f9ea-b9db-9f2d-45600621732a;1
ae46c144-8d79-c9fa-7211-6f5e915ca938;1
ae4d854f-ab9d-5cef-04a7-a86288227eeb;1
ae5e7980-8c8d-2dbc-edb8-e90e966b2f96;1
ae7675ba-374c-d957-5964-b2e3559e64fe;1
ae9cab73-8eb0-3283-7372-70c2297621da;1
aea306e8-dbad-f682-2cac-790a4f53b3c2;1
aea86331-ed92-baf4-a800-c663ecd4349f;1
aeba2d4c-65f0-8480-9941-4cb9bdf291b1;1
aec7eea6-34d7-6a17-ed83-414a38f7d00b;1
aedf0035-fac9-da56-7fa5-1c856400d76d;1
aee0a4c6-a6b2-c810-ff94-a70342599308;1
aee45964-0253-52a1-7e30-60d53f9bbd4a;1
aeeae252-f61f-0d66-06f5-8bc3df88081d;1
aef862db-398c-4b25-57aa-529003f94c04;1
aefe3570-406b-9f9d-addb-d23ff66e9913;1
af04b9a4-02aa-9401-88ae-f63925636696;1
af16e5ea-37ef-fbb7-b9a4-8a0ac2c7e8f7;1
af1e269c-8b96-3f4b-31a8-53a6c373e5c5;1
af1e5a80-6803-86a8-2263-e9de9b2e87ba;1
af2a09b9-deab-cae3-15c4-0ce9d9474bcb;1
af2e3935-c488-bda4-0572-53c644b4c366;1
af2f581f-1c7d-1bdc-1001-25d55b9ea408;1
af35c62c-e63b-055b-1518-9e44fbf80c10;1
af3ed834-9de5-b59c-92a4-0c436133d2f9;1
af432cc5-4b87-126d-a93c-40c5d2e50f91;1
af5203bf-60c4-5e26-48f0-ca91ec579a66;1
af6b0eeb-6126-980d-b6f1-0b45f1ece6f0;1
af738b5c-44df-e33d-5ccd-35dc30a4a67c;1
af84d3f2-20e7-ff08-3f67-c16daac44c04;1
af86e6a8-70c2-91a0-100d-f57089cf4e4c;1
af8a8221-fe80-6740-16a8-7a7e9b83d958;1
afa3167c-f3ef-23d7-c31f-0286ca6a3ca7;1
afb8bae3-3c63-85bd-dbe8-b1ad978c605e;1
afb8f0c4-8003-29fe-c983-5aea7f14dcd3;1
afbec39a-d4d8-9494-7c18-fb15d932d450;1
afcd7b7c-2a19-869b-f417-843a6bee862e;1
afd74d3e-faa1-bd59-c4d6-78be66a0e28c;1
afdf1f43-7f8f-ad06-9fb7-bccd04653f79;1
afe56527-5555-ab70-01d6-9f7a5ef64882;1
afe7ae7f-c716-29ea-23a7-d3bbd54a5317;1
aff27155-ace5-c2a2-36ea-bfaf80310d5f;1
aff845db-78e1-ba79-ad33-22bdab250aa0;1
aff9e6f0-6333-7d07-785d-1f90921b2708;1
affa02c7-cdc3-d1f1-b490-1ee3810412f0;1
b0028da7-0d3d-a0a8-9eb1-1e7a61e26c0a;1
b00d67c4-aa83-059b-87e5-5293077742df;1
b02d2912-071b-b158-4305-64749b7533a3;1
b02edf8b-0087-e45b-4495-e2685fbe4a01;1
b033503d-d7b7-7164-d859-4b734fcae9cc;1
b039a23c-6a7f-5948-2f96-21f9b7e9ba8a;1
b03e87e5-a2fd-71e0-9dd7-1dbf229474b9;1
b0449d19-25bd-64b3-c1eb-b76a1278a158;1
b0612e3d-6cc9-dd5e-12a1-84b887f6fa06;1
b06a2727-a569-541c-0935-883ad90b0c64;1
b06d8006-6d44-a0c6-3636-0218faceb7b1;1
b071aa34-7e6b-c30c-96d6-1d6cec8c667e;1
b07c96c8-fa3f-8189-f8aa-30d47e8461f6;1
b07fe772-9b2e-ba91-37e4-1f4af8ff5b8a;1
b09678c1-949e-3bec-115a-6eeec9f44e23;1
b0a62ff8-fe15-cadd-8295-9b3fdb804d82;1
b0aa0cb8-7341-9ca4-b3a0-10ebc8607972;1
b0b44bff-dc50-454c-570f-72bcaf606b3a;1
b0c3a807-6d32-7d8b-e7bc-89d8395a3113;1
b0cff48f-5100-a72a-edf4-fb8b6612e470;1
b0e8ce14-cd67-7f20-923c-0943f2339eaa;1
b0eda15a-f47b-5e90-6b38-9cc200089a82;1
b10023c2-57dd-ccb5-a970-49c7c6de393d;1
b12edde8-8c45-f48f-362b-dd6abcfbaf88;1
b1409637-8b8a-9530-d86b-e0a1f96d0a4e;1
b146a4a1-ab68-1c33-83cb-6bde08fec80d;1
b14a05d4-927f-7369-a7b6-9473a67aa474;1
b17cd2e3-0906-c527-2c8a-4778936c9006;1
b1871063-056e-8f70-9173-f264213da9dc;1
b18bc1a5-c626-0151-d0ba-0729a3bb3ddf;1
b1906c34-d95a-5f80-8111-64d248939a22;1
b1a29dfa-62b6-8324-2b94-570719b93377;1
b1a5cdf4-f6b4-46a9-897a-d99c66ac0c28;1
b1a8cbdb-1a01-7336-3d20-d5549bb34d9e;1
b1b209e1-961c-ac6b-4e92-95d2fc287a65;1
b1bd9085-2fd7-f2c5-0633-d0452f432e7d;1
b1c58539-b8f0-b310-14c6-6efba38dd50b;1
b1c7759d-0bed-f60e-2a3b-30eb196bb1b1;1
b1cfbb5b-359f-c3de-0d40-57c9222b7685;1
b1d486b7-92dd-4ff2-f937-f43efba33724;1
b1dccec8-5dae-0a2f-7aea-31c5a92cbb8d;1
b1dccff7-5056-fcdc-a72a-0b89a0bcbbf3;1
b1e73fd8-fa82-6bac-a028-e0303d7e016f;1
b2017441-bbfc-1c22-90b4-3a344f6d6949;1
b2153afe-d712-a762-6423-31e2fecc8b26;1
b2382bc0-81b1-357b-db29-6b7a8957429f;1
b2409132-e765-70ea-6e74-8e0800f77c49;1
b255d868-8f64-8d02-218f-8bdfa73ed378;1
b25cff3f-ada6-dff0-53ab-1646ff018857;1
b2650b86-2b60-94ca-8c97-41bc448c4bb7;1
b26df988-8214-4c2e-8c6d-a4c9d5bac8d4;1
b275aa1a-d821-1a71-8d68-b201cf5f8534;1
b282d07d-ab06-4e68-88f5-78be9258b9c0;1
b2b1746d-ded4-7a54-cace-4c95c2dfde02;1
b2b845b9-87d8-72ba-6d8d-cded688f561d;1
b2b87783-1ee8-dfec-bf44-c051feb4e079;1
b2c19273-faca-0dbe-121f-04dead676a17;1
b2c6b098-b0ad-ca29-9b62-1e7b366d89d4;1
b2ed8aec-f09f-6bd1-a416-0ec8b5969147;1
b2faf787-7380-faab-2b10-afa12ea3c302;1
b2fc749c-cc0c-cbc6-af7d-c190af94fe17;1
b2fcd930-4cc1-55e9-ec62-2be607263764;1
b3175651-04dc-2529-9464-90b758671810;1
b3387e94-9c8f-5981-5396-825096698454;1
b34703e5-d1ff-e976-8d56-7609d0f5fb4d;1
b34ca267-9060-46da-4122-43c174484604;1
b36f378d-24c1-b750-2c76-72f23d06c5de;1
b396fed3-7a47-5beb-03a3-010a762e4528;1
b39979c0-c584-cb07-2a93-b092edbfce34;1
b3a112c3-1465-6062-d4a1-e23e5138a574;1
b3b1aa2c-5f6d-9926-5375-aebbe6ac0e97;1
b3b49882-5d24-7d9b-ac32-328c2f20316f;1
b3b8c244-4550-adb5-6237-81e83ee188f5;1
b3be508e-fbb1-0c18-a12d-0b5f328a2840;1
b3be8d21-c688-aaf0-1358-e04cce9bdf30;1
b3c301e8-111c-2cf2-b7ce-96df05a7a460;1
b3cef8e1-afbc-6905-8f62-1b13eb9049ce;1
b3d1b99d-1f88-aced-303b-cc732055a6be;1
b3d48f6d-9fbc-3b51-d917-14fecf061e85;1
b3d86806-5a1e-fc9c-6593-6d1100912d94;1
b3d993fd-2509-0556-16ce-0c4f83535651;1
b3db9ca7-93bd-3657-32e9-edc8c3df3507;1
b3dd175a-c3e3-2268-7245-16a1efbdd0f4;1
b3e94d92-ff9f-4ec8-d415-10aef5ad4ae6;1
b3ea18d6-3399-0751-7c44-f5b8ce96b10f;1
b410a5cb-aaf9-e93e-b68c-849743bd6627;1
b4129b3c-04b2-0088-2241-d94c0ad4b428;1
b41ee38f-1ade-a9d1-73ea-9dea7542a7d9;1
b42551b4-f181-3f1d-c7ff-37cc3c075222;1
b429797f-1aba-14f4-7fe0-9f58c83403f1;1
b43e254f-c869-1dc6-a720-d3501482822a;1
b4466d34-93af-e6cb-d05a-e3eeafe97c5a;1
b462908c-b6bc-d84a-5d47-6d36ba200308;1
b465614f-fb54-e424-53bc-f8316a45d5af;1
b46de694-37df-5d68-0f7c-457e04edbacc;1
b48e311c-cc87-7081-5557-1c9e2b0f3012;1
b4965ab4-571a-9e9e-c526-a737be0c6247;1
b4b13975-8c75-5a02-2254-3c7ef91a4841;1
b4bc0829-4e60-9eb0-2bd8-5354d434b9ad;1
b4c4a007-9eea-0da7-f3ae-262e1f26c033;1
b4ca2d36-28b7-a245-8d5e-9b9241e4abf0;1
b4ce94fd-e308-bb48-2ea6-0fc396a647f0;1
b4da24b7-61a5-e7a5-e1bf-f8cedd9312e3;1
b4e4c1c1-67f0-be89-1800-9dea8d7d33bb;1
b4e7089c-9544-ae5b-cc0e-6152ffe8e88a;1
b4f3c9b7-e148-a1e2-3b28-3dc2546647e6;1
b5086c72-20ec-82f3-9178-e7a8684191e5;1
b50e4d58-a52e-4bfa-04da-435e4a020ffd;1
b530f5b0-a9b2-1f38-9530-b14a692dbac5;1
b53dc6e4-08c0-f9e2-2dc3-4de5fcf4a10b;1
b546d692-4e84-8b7b-fd10-abc037ede0c6;1
b55b240f-a371-413c-ab15-b448d7fcf3b8;1
b55d83d8-a1df-94a9-eb3d-8a828cc6934f;1
b5665c43-6c61-eed2-ff0f-0ec58385a57a;1
b5700543-e15b-68e4-8590-0adadc9ea997;1
b577dc3f-11cf-6c88-e6f7-0728f1da9b30;1
b57c79b7-5da1-4b4a-48b0-77ee6babb1a9;1
b588de46-112f-9fa7-4722-51e31a8c99f4;1
b58ad702-b2f9-dd6c-693e-f83e1aa5b1aa;1
b59ede26-f4f8-1d7d-26a3-71c040bb0bb9;1
b5b0d924-03ed-76ef-7ed9-f077e969c77e;1
b5b17cdd-7f6f-cb9b-7f73-3eaabc4df369;1
b5b499df-9d6a-2f12-a6de-a64c7432b6c9;1
b5c54cf4-876e-6864-b863-ef508ee17476;1
b5e92b8b-a39d-d554-d559-5e3306829bbe;1
b5fd8fa7-dd87-3cb0-2e07-c6362e38245f;1
b6067a65-35c1-18a8-3eff-eed72c0344b1;1
b60954ea-6c8d-d0d8-c77c-3c89ede6e925;1
b61d8e91-b424-a68d-7492-2a92b133b637;1
b625ce6c-49e4-d173-db32-319b0d82996d;1
b626d6e8-b5c1-14ac-3347-94256a8edf28;1
b668882e-ca90-e834-2a62-d99f8ef1415d;1
b67d59a2-6c69-4fa2-96e9-27816ff92146;1
b68afb07-8c7a-3820-5433-a367d0d6d1ba;1
b68cd8bd-1940-30e8-2d01-e02c6bf6e097;1
b69bba94-6a1c-29f1-cdff-0ff14fabc633;1
b6a376ad-e39b-55c3-0b02-f29859f4daf6;1
b6a566cc-56f7-f6ed-c248-a0ad302f2e8e;1
b6b28b5a-3cdc-7046-3ea1-8013553abb82;1
b6bbdcf1-5279-18b7-e5cb-636c48c3e7e5;1
b6c3ac18-1482-5ade-c9df-0d1b1f966130;1
b6c63306-532b-ff4f-ec4b-306622857610;1
b6e9af8c-2154-98cb-9601-ea0957eb8d62;1
b6ef48f4-d162-5eac-826f-2e4cb2f592be;1
b6fcb69a-4ed6-03a7-24e7-3c010211e41a;1
b703af2b-6a6c-b878-84e5-78a717a494d2;1
b707edba-b01c-397f-a244-e2ef89c5a5c7;1
b72b2170-83f5-dbe3-05e8-e46ec3a5d674;1
b739f59e-c27e-ed7d-e709-abbc6ff43303;1
b7486aa2-bfee-f363-f510-0ea66075c6a4;1
b74c8bfe-412f-4968-9e80-00969f50b2ea;1
b74e552f-7f31-db4a-428d-3b83ce8032b4;1
b76d486a-3e02-00f6-8419-ef6abd6b5092;1
b777db2b-437e-41bb-9f0c-1cf6ffefc4d3;1
b78e254d-d52c-de9f-4d62-8656c65a14b8;1
b78e3a4a-9176-19b7-240d-209015d964cd;1
b7a38137-9c1f-30ef-4292-cbe0eca3742c;1
b7a59f21-f344-b709-86ac-5c83a2dadfed;1
b7b4d9b6-ae3c-fb45-704c-4aa59f1b4b6a;1
b7bdcda6-996b-6a21-b60a-375193adeb3e;1
b7cee606-4b5d-d5c2-817e-95fba308ef12;1
b7cf8154-6f33-a288-2432-1853a3f530fa;1
b7d56e04-aad4-ea90-3980-02592cf8cf9a;1
b7e09507-8d69-ce43-6ba3-9c0a6c92eb8e;1
b7e4890a-290f-fd3c-a0df-275a602eb6a3;1
b7e562a5-217f-dab1-09b9-290a0d0a4d38;1
b7f2018b-87a7-c856-079d-2f9e3465e153;1
b7fc0444-8537-7ef6-dae5-222ca384183c;1
b801e6c9-ef76-e702-3c1c-f421525f67e3;1
b8188ce3-f8fd-a69a-1a05-964980e8d66c;1
b81d3817-0a14-b041-4233-927662c027fe;1
b82cd1f0-0835-24ef-f464-8afbf99c9953;1
b84734b0-67c7-eaa4-1462-93022936a025;1
b84e32ea-81e7-95fa-ff70-d97fd89315c9;1
b85b777b-dff3-a3ca-a8c0-cdf0d074649d;1
b862f808-6f8b-2bab-7a78-a46b92ea3cf0;1
b8654213-925d-8f19-4971-a2360c9d68c3;1
b86566fd-efff-f795-7610-553669f2f9a6;1
b870c0d1-5791-404b-03c3-97c6367c7fbd;1
b872b3bc-8a58-81a0-d843-e51957455f17;1
b879aec3-9b78-6eae-12a5-8b621e646ac5;1
b87b7b1e-7e0c-dbca-e9ce-f313b4a81318;1
b887795b-5372-e442-bd7c-33def23c20df;1
b89e0789-05de-6c99-26be-bc9f49b96522;1
b8e73116-e4d2-3b9d-cb59-d366e582cee9;1
b8f5253c-40f6-5cd5-6afa-1c6c572f3677;1
b90ef5c9-5289-41eb-827e-c59899976ce5;1
b9145c00-4723-85a9-b2df-f20a777760b5;1
b918e745-3677-33d3-31c6-aedc635c1a0c;1
b91be6a7-e6bc-743a-c3c3-2771ac3c459b;1
b9202a4d-879c-a9e9-76b2-377288805768;1
b9218012-672a-33d9-1287-a2076ee25c37;1
b9276d49-ec5e-8bbb-2766-489d05528f88;1
b92c980a-399a-c5bb-70ae-5acb85e67f81;1
b9327788-5e7b-4c89-4124-b494220b97a8;1
b9366261-e9d0-692e-d64d-49f6ffe78d5a;1
b94a4ab8-0115-be41-f6e4-453637bf5595;1
b94f836e-ce89-cd91-43f7-21a00eab38f4;1
b95360b3-b7cd-0514-4aa4-4e487905afd9;1
b95db953-64e2-7397-090e-985d2143c81d;1
b96068c5-8478-a208-f4c0-625129104713;1
b976b4b0-3f6f-321b-efe6-8bfd3e54fe2b;1
b983bce9-74f3-7ea5-03d3-66d029c20d74;1
b9848db9-f0be-dca3-22f9-b6a79fd54ae1;1
b98abb7e-8797-ae2e-93de-cafbdcdcc24a;1
b9a4375c-3326-9f6d-b0b2-d0609d6a9d2e;1
b9aadfa4-4708-0493-668f-f0500e38e40e;1
b9b42c3b-2daa-5e07-5014-24a90aa79a9e;1
b9bb02bb-1272-94f1-26fa-dbbb24a15700;1
b9cf2f08-2691-6f06-5b6a-28100a175ab9;1
b9cf6df1-8043-9238-4737-a7065619b305;1
b9d50ed9-5095-349b-a658-81381444e469;1
ba19c1e5-0eb3-c90e-0146-7010fa7d0a31;1
ba2c622f-794f-5cd1-ed52-d112416a0969;1
ba388bf7-1de2-3823-647b-f1ca8ddc243b;1
ba39ad8d-046b-3105-d411-d40db375ea65;1
ba3b5eff-ae30-ed3b-eaa4-7e87df38c705;1
ba423338-df2e-ac43-1103-9c7330aa0047;1
ba6830b3-923a-1551-5c29-3951e54e6a1f;1
ba7514bc-7adf-40cb-9fb6-14a3d5d31ae7;1
ba7a79e2-68af-69c5-23dc-b1d5a76d5cfd;1
ba876bfc-0ab2-74a1-cd7c-1e37f64be298;1
ba9fd536-2669-ec0b-313d-fc5efaf2030d;1
babb173a-7a5a-474e-7903-2affd6a305b5;1
baf6e49f-cc4a-fb1a-6f60-33270eb20f9f;1
bb0330ee-b9dd-ef99-64ab-c06fa6b1c628;1
bb0ff536-aa31-efdb-e0f1-32543e90d1da;1
bb1935ab-18e9-439c-af85-701ea9dc0f54;1
bb1c8e44-484e-31bc-e027-97a10f6e2193;1
bb239d14-8706-4435-8926-84359de7d00b;1
bb268b7e-ff5c-ffb7-fcc3-3e21204852ed;1
bb27009b-2960-2426-7fbc-831f1fd1c064;1
bb328239-c84d-30f2-61ec-e9bdb081aba4;1
bb3c1ffa-74aa-7e2f-c1b7-1f340dc4743c;1
bb3e88cb-2866-7e1b-84c2-f1c43515b466;1
bb422c50-210c-b200-000c-7ab9db41e09d;1
bb4263c0-ecd9-842b-9fa8-4f0d6b7742b8;1
bb44f4b7-a656-6a45-f802-7157c408e020;1
bb5fd9aa-b8b5-20e1-08cc-c1bf526ef451;1
bb63a105-4f77-d98c-7c5f-ba8a3bee1916;1
bb70f369-5556-ab48-1b3c-a87f8cc6bc05;1
bb7fe09a-101b-6a15-4259-c05b32940012;1
bb8c4c45-ab35-27bc-f2e8-1da2aa1cc488;1
bb8f3095-de59-4bd7-857f-968a7782eb4d;1
bb981179-1958-77c5-7c7a-b3e1489fe167;1
bbaf0c41-ce82-dae3-383c-bbfb9f12f7fb;1
bbaf9649-cd38-23fd-c4a3-0d47a5a66943;1
bbc1c6df-8981-8447-3183-0fe9ce23ac0e;1
bbc89746-d949-4295-02a6-5f42d9a4c5ed;1
bbde058c-1be6-845c-cfc8-fc7cc076b175;1
bbde1445-4a0a-24d2-1328-62946456d679;1
bbeb0ccd-5b7c-e6a4-f507-781d03185e5e;1
bbed54a2-3b9b-6923-526f-bf18b0ea42c1;1
bbf52def-8375-2210-b78c-dcf1e33e3428;1
bbfde7a1-d5c1-3cc0-f95f-f6c7c9794e09;1
bc0009eb-a27a-968a-0bc2-f798c4e22c0d;1
bc076095-d968-96ce-6687-61353150dc3b;1
bc28e564-95b6-ce70-1952-cbc48d5482ac;1
bc2f953b-47cd-5613-f042-3659ceafb807;1
bc335529-db56-6e02-4ca1-afa511b2c10e;1
bc396929-7ba4-333e-79ac-adc8de170e48;1
bc4b58b6-fcb1-f114-2026-0a084d2ff7ed;1
bc528a48-545c-bdab-bbcb-be4b4b8a8361;1
bc5d6815-f5e5-a6da-e455-119af5e1254a;1
bc6198f0-3860-9368-92e1-310a1bad1e13;1
bc64b81c-288f-31a1-ddcc-a6fbd661fba3;1
bc64d841-2a94-4eb1-33dc-c8bad4858088;1
bc81211f-35ec-1b51-6544-b2546f26f163;1
bc851821-a754-e061-079f-6854c59a7870;1
bc947534-bb04-dee4-4523-f33a50bfa1d5;1
bc98ae01-62f4-f411-c96f-c0396972a98d;1
bca62202-5375-825d-3940-0cf19734e57e;1
bcc18ae9-a13f-3e10-75a4-e82ca993018f;1
bcc1fdf6-1155-2a76-2d88-e0e20d7214be;1
bcce4471-23ba-409b-4b5c-cf88915a863c;1
bcd47206-0b44-d133-e340-2ca51e8bd0b7;1
bcdf9331-1de7-6704-b6c0-ec48c5083924;1
bcfa56cb-e4ca-a6fc-ec35-35beb66a067f;1
bd017e78-0137-887d-3864-7c6c38674a8b;1
bd0b4d3f-8dc0-fae8-ffbf-f78fcd354156;1
bd1331ac-5f3e-d4bc-591f-588c7b262ffd;1
bd28c515-1758-8c97-7bd7-37ccb601640e;1
bd43d812-cfa0-35da-e6c9-db96d991d050;1
bd44b684-850a-3c53-2e69-25aa2f8c04f4;1
bd5c9a7f-e42c-d4cd-b4f8-196c8603f2cb;1
bd5d2347-fc32-b064-f60f-f6c0ef355377;1
bd654a87-8bfb-0c0c-cd2d-eb323fbdcd26;1
bd6fc88c-d911-922a-b3f8-ff96d9210908;1
bd708773-f367-72a0-d623-686dbf029d11;1
bd80aacd-05e0-03a5-8231-35d1d4e40631;1
bd83a5af-c5dd-3588-e9a4-62b6fa943fd8;1
bd886f5c-d232-fece-c806-de5600cbfa5f;1
bd947c7b-e8ed-d77e-4d5e-50d8ab514b2a;1
bd95ab5f-2404-5d12-7282-44f2b89e0552;1
bd9dd3b8-144e-f65e-0076-a8f55037879d;1
bda73fe3-7c1d-0166-575f-b1cb9aa5245b;1
bdacdfa5-66eb-d696-8921-0ab1aa697e75;1
bdae5fa0-888c-3e75-60b8-97d1ef08e521;1
bdaf818f-cef1-6fb0-6aa4-2bc4d7408504;1
bdbfcf23-5c4b-bc70-92a3-dfd8591c0688;1
bdc350ae-d2ff-6aa6-2248-0dd3dd5d59d1;1
bdc4c627-f1c0-4434-b030-b9f8483b583b;1
bdddfd5c-a0a8-4baa-162e-b5bb5c23cd9c;1
bdea145b-a1cf-2594-7eb4-511b59beb806;1
bdfc1922-f94e-20d7-3f78-63d817bc3c19;1
be0a4100-11e4-abb9-6676-1d6504af9047;1
be328a8d-d668-9f14-cfea-4ecf21021d06;1
be3358a2-048c-48a6-65ec-ca4f09df918c;1
be3f2358-c456-64f9-88ec-c43b4d7b3199;1
be416978-c32a-27e8-1229-29df468572b9;1
be556ac2-ee9e-ffed-b9be-0f68e9512b07;1
be581854-83e7-80e9-4bb4-7f83a83daa42;1
be58bf50-cbab-26a1-8be7-5ed5b385c63a;1
be67f35e-e2a4-d8c6-2243-c2967a20f9f7;1
be7dc83a-1100-0e4b-857d-1bdba6801772;1
be80e474-309b-8ebc-ab57-e3e6a0cdc3dc;1
be83d67f-b31c-2c41-b3c5-3dd08b296fd7;1
be8bc453-6394-fc35-9f54-952ba9f9925f;1
be96c838-fa09-2cc7-677f-4d69479b3874;1
beae30b8-33fb-c9d6-8ccf-96f49f76ba83;1
beccda99-f6e6-7f45-c4fe-31f5a08b1c0f;1
bece018f-ae65-41dd-5bac-147b36651d1a;1
bed006ef-6b70-dca2-dfc7-888d3538a1ae;1
bed7fee5-2c96-78fc-f423-3d04b124adff;1
bee8c4fc-ae33-d4a8-6a5f-59664670b697;1
bee9e93a-f89d-439a-e988-5e4ba16626f3;1
bef518cf-6a87-51a8-f3b1-efffed5ab37b;1
bef5ddba-1903-b978-1802-6788d2176a8d;1
befa9008-e247-a349-79f3-a6ea8913ca74;1
befb3e31-2c1a-9b64-42da-2a6e7b3f7f30;1
bf15a1c9-109d-1269-6358-2bdeaad9683a;1
bf232fcc-dfed-a8fa-ca2e-01aa7d2ad83b;1
bf32195d-f7a9-f5a8-51eb-54690f1f54d1;1
bf367a54-0cf9-f329-21f6-41ffae07c628;1
bf4db29e-1016-6428-f412-8cc7cb142148;1
bf4fa6a1-a7c4-430c-f4cf-cc79cb40d5db;1
bf507000-66f5-3752-bf9d-f595b239e616;1
bf56ceb0-55bb-1a89-c6b5-fed7f262f9b0;1
bf56e2ff-90d1-9301-b3ee-7ba14ea53604;1
bf5f69b8-9a2d-3a77-2497-6a9929618fcb;1
bf65c5f8-9a9a-d77e-eabc-824f0e8120f2;1
bf6639bc-92e8-e19b-6799-7098650ad354;1
bf724f1a-c135-5b8f-9822-e27da998bb30;1
bf77b792-c397-503a-1e83-818b855664b4;1
bf88f6d1-3084-77ce-dd82-6f4eb3d2e27e;1
bf916924-93e4-49b4-4de5-34deb084921f;1
bfacdda0-e1b5-49bf-40a5-00795037ccff;1
bfb0bce3-5d88-7c66-7ff3-887a2411c893;1
bfd9fd45-e466-5f94-f07f-4ac72039dae1;1
bfe2acc7-4240-c7d3-e15b-5897d06dbd44;1
bfe40322-7fba-dbf7-dd96-458651c6b465;1
bfff96f8-8cf8-301f-fba8-5d0de365c41f;1
c00d8d53-a400-1c2a-44e2-f764634a623b;1
c01e06e6-f658-b4c5-f693-89f9f79b91c7;1
c032fc6d-d5bc-4305-8223-fc493011d485;1
c0429c22-beb0-0887-d681-484abe0432ef;1
c048443b-dda0-51a0-2532-30fd2433acf0;1
c053ce11-ff48-87bb-5a44-4c45e0e996f5;1
c063798c-7b6c-be49-5b8a-f938c8fe09b9;1
c08fa991-9bad-cc6f-6915-0e6264332212;1
c09c1e06-aba6-385d-2f56-2d11e9892f69;1
c09d5c04-a204-6781-30bc-81adff0397ce;1
c0a1a5b3-79ca-1387-6dec-10f923c12493;1
c0a1b574-f767-01b6-48b3-a54ca549e712;1
c0a73631-0155-7fa9-50f4-dbf9bc763bf6;1
c0a84919-dc73-b38c-85ec-f372d04d1c3b;1
c0ad5f47-7bd7-1f03-8fb1-e926696cfbab;1
c0be24df-4f97-63e2-07fb-fe8483a28694;1
c0ca1cf8-98fb-e12b-88d5-1db49fe9a4b6;1
c0d05bb6-c5e3-e3ce-7c26-6bc130623116;1
c0d3644a-add1-ed28-e38c-365268f94b62;1
c0d42c82-7a7a-b763-427e-205c667190f2;1
c0e103c6-bcc9-a46b-3442-5299ad5c47b6;1
c0ecfe41-8d20-1495-9110-d7ad6eefdf76;1
c106b3ae-929c-e679-08b6-d089c760b24a;1
c108a45c-8ec1-b484-ec64-a890ead7348d;1
c1114a9c-a615-08ad-5065-40f4918abe38;1
c12221ec-a4ba-4f24-8f09-f64fe74d3fc6;1
c1261965-7544-41ce-e4ad-65182901f586;1
c1334211-630d-7a00-ab44-ce3d1fac2b22;1
c1376aa5-d920-9ec3-17d0-cafc1112d1ee;1
c13b7a52-0ebb-a694-0ca8-fd3f4b5936e8;1
c14c282e-850b-bd1b-0ee4-ecb4a01ff643;1
c157d0f8-ced3-72e7-7671-49ac35b6df40;1
c1619bf2-ea24-e7ec-003b-5309821047b9;1
c170f8ca-46f5-68e4-9971-6250bc75296d;1
c177e0cf-c301-ef0a-2a0d-1406eb37678c;1
c1967caa-ae6a-b160-afae-ecbc6d574e53;1
c19bd4d9-7ab4-04c5-a2b9-3053b7662536;1
c1b05133-c4b8-5a11-b0aa-500de3d7c3eb;1
c1c03283-4514-b790-5a44-135bab278287;1
c1c43f57-5545-1027-bafd-f98b69b21fda;1
c1cc1ef0-01e6-9d23-2082-a2ea5fb183fc;1
c1e1cd8c-6214-08ad-d057-bba6c5d9ff77;1
c1f86325-97c0-d0d7-4ba8-356b06cb6faa;1
c22b4ec8-b3ab-4573-8621-dab820975980;1
c2381a61-580e-6f1c-45f0-ecf863c163a0;1
c247d830-8760-82d9-2a9d-7c305a174aee;1
c2538a5f-3ab5-ae79-1530-a5947de96658;1
c2706364-e5ba-a847-a2af-4074e0292ea8;1
c2750505-3f86-65bd-3898-7aa6f1afaa5f;1
c28a37c2-0986-f25d-7f57-33550a243bea;1
c2a68845-271e-9c6d-1b1a-79ac4d23b887;1
c2a7ec39-7324-024d-e0f3-e9ab56e14662;1
c2ab2732-e1b9-9363-36a8-3fb505144850;1
c2b00a9c-d410-ac03-d422-ecdb4f838943;1
c2bb2768-f565-9379-3211-a9c0574f2dbc;1
c2ca12b9-bbc3-6c88-d379-19f86ecf3a2e;1
c2d2b938-4261-30b2-9ba2-99aa41c305fb;1
c2d98eb8-a6f9-1ee9-12ce-15a974fe834e;1
c2ecbdd7-c9bf-b4bd-6ae7-ec127d8ac94c;1
c313029a-0270-6557-bc62-8c6798d4d7eb;1
c31bbdbb-3dfa-9e97-b18f-3898a8ffba1d;1
c31db3ee-4be3-d235-5d96-3a984c9044ab;1
c31fa924-2960-316c-d4c8-d1d54fb43f8c;1
c3272fe2-db3a-b96d-2004-ea2c6bc1a20a;1
c3351f23-93a9-344a-b7d8-0b1529a46fbc;1
c343314f-3b85-5baf-abdb-4119cc64c007;1
c346f333-55c6-0dc0-22c3-24c1dfb5c452;1
c3527c5d-4834-127f-bf4e-07c71ff7452d;1
c3527c9e-9c16-036f-62a9-746882b1e912;1
c35da599-56be-ffa0-a5cc-c65205cc4272;1
c366be55-2968-a36d-1190-4cd40fee1afa;1
c3706402-3ab6-4735-a115-8e1596402436;1
c39d1e92-18f4-0b0e-c36d-1d441321bd8f;1
c3a856d5-63db-627e-c43e-6ebac2acad9c;1
c3b9a9c2-24a6-4d8d-a142-2405d0850a46;1
c3e730fe-1d40-a85e-4d22-dc63e87a01dd;1
c3faeb15-ba31-ad1e-180e-d8114f927491;1
c406102b-397c-08b4-a5f3-949b080acf6e;1
c40e3bd6-f6a9-085a-8c5b-327ecae37823;1
c40fcc34-dd54-04b5-c132-67af069cc05a;1
c4134e95-861a-34e5-32e3-443dd6102211;1
c41bd0a6-08bd-0299-81e8-7bac4a24b4dd;1
c4234cc5-968b-5a8b-6579-7488cab12b33;1
c42bcb24-e744-1ff3-004c-96b07ec81db1;1
c4309ab2-3eb8-2ff4-cb13-02e6785b0110;1
c432824e-a759-02e5-8250-54654d651c13;1
c43df152-e17f-4551-ca68-ec5722ad621c;1
c4415091-6293-88d4-5d15-7456179d83f8;1
c4471025-5697-b449-7d8a-9a944309df00;1
c450651a-a9cc-ca64-89c9-1a4e4dd9fbf1;1
c458896f-00c2-dfdc-08d2-89638a59cfdc;1
c45a3b34-7bf4-468d-38ff-8e8fe4b24450;1
c465dc64-62ef-3b93-adec-92859ebc51d6;1
c477c86f-f325-5400-9437-e3ef24f2f09b;1
c496d820-9915-9d9a-edd1-161499e5aad2;1
c4a69534-c713-8fa2-6ea8-09ff6c32c326;1
c4b0bb90-6624-204c-0b5b-34ca0c8788a6;1
c4b3ec96-8ee7-0132-3a5b-f3baedb51084;1
c4b667e2-4bf9-87d2-7fe5-b6d5e080403f;1
c4b6bcd9-a0c1-7338-fcb3-3481e97164e9;1
c4bf31f6-7697-9a39-4085-49ae9394b6f1;1
c4c8984b-b202-f89a-3876-7941424f62cb;1
c4e5c712-9267-b1ef-7e08-5afcfc06c871;1
c4ec22dd-9ea0-435e-8954-fa46bde8a0d6;1
c4edcb15-4e50-711a-f0cf-8b25dcd10af1;1
c4fe7d0d-1bb7-d1e8-fe24-9bbc850d2f63;1
c51ead83-140f-1193-5f05-b60acd288314;1
c52f0d87-1c4d-7092-fc56-0f1a5d960a97;1
c534a312-b644-b076-3dee-14a60a4ff781;1
c5466589-1be7-1efb-e212-c6bc348fea34;1
c562e698-4dcd-c717-5947-15c9cc3ea525;1
c562f38e-39aa-2526-3d2e-2df615fba41b;1
c5661898-e28a-2d64-d709-90c7489fed11;1
c57568bd-112f-1acd-3426-1777c99bf972;1
c5812882-90b5-8d76-ddb6-ec2267e25cba;1
c58fddd0-ed16-5d74-7e32-8863dc8b07a3;1
c597900c-91ef-b52f-a7c2-50dbc5fc4f9d;1
c5a683d6-1851-c72b-f68d-eb2d4bc893e1;1
c5abfbcc-e0ca-fec9-40c3-2c262ff786d2;1
c5ac5fe9-e1af-4514-4045-1b85575b20aa;1
c5c944ea-1ce7-498f-9047-fd7bc16907f1;1
c5d8e8cf-dd2f-b1bd-70d1-ca89f57aea58;1
c5e3eded-0fca-ba71-ed30-36835b929d53;1
c62ddc33-500d-7d73-baf1-fff44f2dd633;1
c63ca305-0076-90bf-871e-daec8d81fa23;1
c6671ce6-14f1-6fd3-ea13-78cc1d54211f;1
c6700d4e-e3ad-170b-db39-5685bc66f452;1
c67c0d98-9af6-5cb1-dd89-a6b73c420950;1
c69e0780-36a5-c03b-ddd6-890fbf767704;1
c6a574fa-e80d-66a2-c4c6-17e0748a5bc5;1
c6a9a5c9-be78-e504-7410-ea21334ba6d7;1
c6d93c6e-f6d3-21f9-193c-6bd44108c9c9;1
c6da6e2b-fbd9-2a8d-0bc7-e25f914c0287;1
c6dd1cfa-fed8-e682-9cc5-b7ef7e489823;1
c6ddb5af-5473-3cda-4679-04edd9f9fa59;1
c6f0b4ad-2f81-1ee7-e25e-982edbb6955a;1
c6ffc4c3-fd45-e775-8868-8d0d606d3194;1
c705b0a7-f6fe-4666-cd2a-9f7849523ea5;1
c70de5d4-6bf7-fce7-0ff2-dc7bdcb6c335;1
c7263b00-585d-d0fb-6c0c-2921197037db;1
c727063d-0c83-5c7d-3150-a0de7b436247;1
c731150f-3265-37a8-ab41-222f0d2f5132;1
c750be30-34b0-368c-a24f-d5e3ba87059d;1
c75c1b7a-6b7b-5ca3-75ae-3a6980663e0e;1
c764a400-6585-57bd-eb6b-07152fe5f2d8;1
c773de3a-355d-e36d-8d5f-ee7ac468b39a;1
c7799e4a-8678-a71a-9c33-da8e91a6c839;1
c79380f7-08e9-5a80-c89f-bfeca56a4adf;1
c79a1a1e-8f7e-8178-48eb-f052aa11e2f2;1
c7c10220-e444-e20d-d1ac-b1a794945e4a;1
c7c1842f-c088-104b-47d4-12b2ee4621b4;1
c7c54fa7-f0e1-0d06-281a-9a9257d8738f;1
c7c62e9f-6ae9-58d0-0a84-73cce04b2a37;1
c7c82bab-974c-33e6-13ef-b505b8c5ffb6;1
c7d3b246-4c71-2229-9187-5adb5d076c80;1
c7db9fa6-961f-61d8-1e38-db6c03f7f2aa;1
c7ec576d-607a-ba73-5524-bcbd4a9b512b;1
c7f1c208-2b64-edc6-e742-378eeb3f873c;1
c804fe08-7ec6-d590-3930-186fce07d836;1
c80ea3e7-4ee7-41a3-a064-3eface7fe964;1
c834bcc1-b033-0ab3-98b5-3867006d1cf1;1
c83edc8d-ad2c-2ca6-cceb-8715ae372a4a;1
c84b7ad1-4dc6-aaf1-0a57-6299fa64e166;1
c84dd35d-76a7-986f-e257-653a30560a6f;1
c8622413-c35c-7aa2-6d0d-435bbe672459;1
c877f4b3-3814-50c4-32fe-205f0ebc82c1;1
c88743ca-8b00-44c4-7c28-a6a8c9f099ff;1
c8889e4e-d2b9-74e3-989b-11933f41b2fa;1
c89b235f-f943-a997-2108-5faca6214213;1
c8bb46b8-d0a8-c231-8439-9486b7727f4c;1
c8c34936-8b37-45fd-2fbd-a6fc7da8a149;1
c8c372ad-5918-b886-13f4-2e32d678cf0a;1
c8cbcd4f-7029-85f3-3bf2-30db7ec823e0;1
c8dffa4c-9829-5c9e-c1ec-0928d8e91eaf;1
c8f5c835-c86a-a52a-023f-e1f66a41b1f6;1
c91061e8-7ecc-65ac-bb7a-09a6239e5fdd;1
c9312d54-9284-74da-348f-0ba2b9eab51c;1
c93157f5-307f-4bfa-007b-47bcdc94d7b0;1
c931b0e9-a02b-352a-5dbe-fe2446aa2df0;1
c9322729-7bf5-25ce-f802-619d14e84e00;1
c936399b-c3b9-3db9-11b9-a8f5fa739425;1
c9614eb9-c5c0-ccd3-a64c-58cbe5b3a1bd;1
c96e6a6d-7d89-6331-2277-72189c9e61c6;1
c990a8c5-a799-63e7-c171-4ab0d6fda345;1
c9a28426-9285-e111-61b5-12e879c1b018;1
c9a2d1f6-ab5b-43a2-4fe8-83cc4cf0d192;1
c9a91e15-e138-fcd7-4592-8996f55719aa;1
c9cbe568-e59e-23d6-4cbf-9f86c91d53fa;1
c9d1bc2a-0c28-cb02-9784-62113a723263;1
c9d82cf6-2d27-cc37-ebc4-6edb2c01fde5;1
ca00e08d-ede8-4c0a-2642-02980d113d9b;1
ca074f8b-accf-0d99-6c58-1824fba68127;1
ca090234-d64d-eaca-1b3a-a85de6ff6922;1
ca18f747-1333-0658-3429-658d00b3016d;1
ca207d8c-5408-8913-fb4e-d371db9d4277;1
ca208369-43b5-319c-3476-f3ab385ffd86;1
ca2f1f12-0165-9232-c4a2-6019fae7af6f;1
ca450053-1884-ed8a-e7b3-e9c9c19d1a29;1
ca4583ff-90bf-17ec-0b26-ca36aa7cc8ef;1
ca4a3e2f-36ef-143f-90bd-141aeb339e46;1
ca55b382-2029-03a1-4ada-f6587a1c25d4;1
ca7558b0-b4e2-08e0-1c80-c876111a2924;1
ca7f7498-a94a-993a-cb3d-c2f895a78456;1
ca943a86-4379-5092-f994-67934acc074a;1
ca9c58cb-c555-a7a5-f23f-2210d50894cb;1
cab28085-00b6-55d6-0b11-882f7d632a3e;1
cab3b3b6-4743-267b-a2c3-2970b550a2a2;1
cab4c10a-e7bc-12a9-82bc-3f136c0e1994;1
cabe75ea-aab4-b302-6d3c-ba60ba4208e6;1
cac3e04a-791f-e0b2-a49a-c0e584bd5039;1
cad669c0-cbd7-998e-9e52-c48abb4d79e9;1
cad6f70d-ee38-3ee2-73dc-dcef7095e770;1
cadf849c-0f9b-2aef-0788-b0fe5891d06a;1
caf8efd8-3ad1-2c2b-cbdc-3cd9eecc8966;1
cb3079f0-7124-276f-b9dc-560e016b6d99;1
cb34a5f4-261d-d764-d815-eb4cca60d532;1
cb3beb0f-824f-7674-4329-16b5ec66123f;1
cb511c1e-70e8-e828-7e77-aceab5a9cfaa;1
cb68d22f-8f9c-b9b7-be47-1ee0ca24f6cb;1
cbaf706f-ecfb-775e-eea2-e23c251d0242;1
cbb682c7-4953-0830-d6c6-abe94ff49d8b;1
cbbe1148-8a85-3e61-c09e-911990b246a7;1
cbd1ffb6-21ab-88e3-82ac-3d665879f6c9;1
cbd94e10-aa92-03d5-2213-58e6aaeb717a;1
cbdff63b-43d2-3db4-8035-683ae29fe2ce;1
cbe2237c-ffb7-2243-dca8-a64ecc5a3af4;1
cbeb9a56-609b-0e58-6ad7-6081732696af;1
cbf48faf-067a-3826-5c8a-303b7cf6a6e4;1
cbf76c5c-93be-9534-5db5-edefc86a540b;1
cbf9461c-9325-6700-8c69-35676cfece6a;1
cc020c48-9fdf-2f60-02ba-197cd5c12f47;1
cc1cd609-834b-3793-f750-62aaee78f9df;1
cc28da6e-ef08-e34c-0f70-6f49764155ad;1
cc2d6ecc-29d7-07fb-0071-30e8d3b87669;1
cc374a09-44bb-0b5d-424b-faa56f35a150;1
cc3af499-4d17-dc37-0dde-a2ea2e79c5f6;1
cc407f01-0560-487f-4f63-3dd25e1aead8;1
cc419735-dfcc-adcd-c861-69998fc1307e;1
cc5195f3-bf74-70a7-b69b-a6791b848380;1
cc55820e-68a6-796c-ac34-bc83ad63d587;1
cc5cea8c-cfdd-b134-b573-4c14c5272094;1
cc68cb67-5ce6-8f7e-4ccd-3a2b13817184;1
cc6b47fa-f37f-5ac2-7af4-b32598a3d063;1
cc79433d-08af-fa87-3e9d-f68fa3c854b0;1
cc83b740-ba87-b728-0eff-670a337095c0;1
cc8d74b6-1668-fc8d-926d-84f3c0cffcf1;1
cc951eca-0b35-6829-20a2-5a59e73a7d87;1
cc97a72e-d1fc-427b-1f01-14606ee8d9b6;1
cc992a71-3a1d-b43b-f507-d607dc405e4e;1
cc9e9991-27ea-fdcf-e011-2f3b49d6b844;1
cca2b4ef-acbb-4772-9571-25df08eddcc9;1
ccb1d665-1769-180d-69b9-22f14b7fb191;1
ccb91c79-62ab-31e7-34bc-aaf4a47452ef;1
ccc186da-f438-d20f-2431-e6b8a1f359de;1
ccdfca6f-561f-2ee8-f251-e3c4c5405e73;1
cce4561d-4931-484f-6bfa-9c0023ec2f62;1
cce4cd16-3fec-2b91-04e8-64571e9a4661;1
cce63e6c-c296-965e-e340-ea4a41cd4c6b;1
cd083e40-4a06-d8fb-fca1-482e1e275c8b;1
cd0e29df-73d7-1709-88c7-9659bcd3901d;1
cd1e8fc9-0ea3-2ebb-ad76-bca70a07be01;1
cd1f7713-9d82-3c3a-c47e-e9fdebc3b245;1
cd23eb4b-1589-4ade-c506-d1fb2d354019;1
cd2b8cfb-daf4-a47c-2186-ea531560dd94;1
cd4e3998-a17e-5924-bbb5-0eeff6efba19;1
cd58e1da-656c-56af-2048-69b7793ca621;1
cd8fdc91-855e-0b45-f8de-e81e776b207b;1
cdb8f3af-fe35-c69f-c3df-a6b2d8ec8c37;1
cdc36172-ef98-90ca-8023-771d243dce13;1
cdc821f3-564b-1456-7cd9-18d6792fd897;1
cdd4c925-9ac9-531a-cb12-11bdfbcb9d1d;1
cdd4da9e-ec95-dd82-b323-a4587455f9cd;1
cddbf849-0324-2c95-252a-a3c4efbf7117;1
cde74402-ced2-5994-9144-4155a7280524;1
cdebd080-7452-f912-e4c5-54ce298d3ec1;1
ce01d89a-da3a-1122-2e22-ce6159324100;1
ce07d233-2adc-e078-9283-4098bb26d317;1
ce2fea92-8601-0ec6-866b-d61d6bc9bd52;1
ce3f2a6f-16f6-89fb-31f0-7bcf4c7e35d3;1
ce6bf499-86ea-42e6-5a19-9f8d081c3c68;1
ce6fbec3-a52b-773a-c04e-31c085c50885;1
ce880199-8657-0859-d6fb-07a66d0587fe;1
ce886e3b-0f1c-a69d-f0cd-de4d56b91d62;1
ce9b6588-8349-4dd3-33e4-fe05f0df9f5c;1
ce9c6fe2-fbf6-af73-4587-37551069feab;1
ceb746ea-5dc9-5226-70a0-a13d22d8c130;1
cec3e3c7-0991-87e0-d1b0-03a1f11a7193;1
cee710d9-50c2-2193-2c0d-550dd5cc6851;1
cf0c8f5a-1efa-6b26-61bb-2d006bf1b496;1
cf0e8039-8bb2-1b05-3f74-65bbdc7b0e4a;1
cf1c9be8-cfbf-b8f4-91bc-169c44a2da5e;1
cf1fccf7-d2bd-cd1a-f8e5-b042c4a6fdf3;1
cf2c721d-9953-0d6e-e08e-d26714fe3015;1
cf375013-f9fc-911d-a55e-f01a1eea37ac;1
cf48716a-6189-2638-c8ca-f0e54a654ad6;1
cf5baa2e-5b98-3a42-fec4-c7597747ad47;1
cf880b8b-ed7e-4508-171e-068c2fd535a7;1
cf8f540d-9d61-56d2-c91e-7f58c60bb5b2;1
cf96cbac-0808-7f26-d8f8-f8a0d0b5e965;1
cf9f530f-98c3-4fb2-3cc8-2ba61ec07d46;1
cfb2d611-b8fc-4df5-b645-9c687dac792f;1
cfc859e8-9a43-c49f-217a-0801ff166857;1
cfd30390-8917-2761-c03c-6c6afae897ba;1
cfdb57cd-7953-c1b0-325f-ca4d444f83ca;1
cfe45536-4193-34ac-7a7c-274d172b3629;1
d011d56f-b071-a4ca-d8bd-d3a13c5ca136;1
d0120337-fd99-1266-28ba-ae6e7a95b06e;1
d01c0e50-d798-6c1e-0c3e-98eb1bdcdc31;1
d043ace7-a3d8-1c3e-b6b8-d88e225a6c9c;1
d0446081-b41b-abdf-e644-faa37cd3e69e;1
d0533323-8319-1a70-fd5d-5fa73814cba7;1
d05f24ba-0cb5-5e35-50d0-768e15e19206;1
d061e1d0-b339-a032-f3b8-b60adea9f574;1
d06257ed-b4c0-9639-5a6c-9c3004033cc8;1
d073f2e1-dd69-046d-abf0-44d18d1a0e11;1
d07915a7-d476-eb02-4801-3db5b0d8db26;1
d08ee0d8-08bf-beaa-d87e-d0fc47745351;1
d0a2cba1-0257-2f86-76dd-1c7640560893;1
d0b5f9c9-beb2-d82e-419b-ed9e69dd0bd0;1
d0bc8902-9021-4b03-8467-66203c6c541f;1
d0c3ac26-1da6-57e3-ee75-758518e044a3;1
d0c428f7-f915-563d-81ae-dccfab14322e;1
d0ce92e1-89c5-35f3-7464-8010030cfe0b;1
d0db4439-7d3c-179a-6842-f2ab3caf3eba;1
d0e07829-d2f7-9009-fb49-f39f69e1ea8d;1
d0fbac88-7b94-a85b-2a0c-9b1a9c5ed983;1
d10b3408-7d03-aadf-03e5-d05809f77476;1
d10ced3e-6f9a-bfd7-e992-ae7d69bb2b3c;1
d10f0a33-7d1b-bd85-aeeb-728b478ae9ff;1
d11b7fb7-37d1-053b-edf6-1779129d4b88;1
d11dcd0f-4c6f-5fb1-71fa-b6bc88d60d20;1
d11e344d-8749-9b6b-a258-ec57f37ce184;1
d11e5394-bd6b-73b0-33b7-b43cfc459552;1
d125bf57-ae33-ea72-6be2-e32d2625b83c;1
d134db7d-c33c-096d-3215-aefcc47b10b3;1
d144f756-80b9-e8df-acf4-bf3fafe78185;1
d14ad4ca-6836-0777-d83d-06fadd27fee1;1
d15904aa-cbb2-ace9-4368-3c33d1ad86bb;1
d1674938-e80a-8d07-a17e-0929c9591675;1
d16f8af2-525d-0669-f24f-f43be5769a54;1
d16f92d1-1bc2-1a6c-7990-b66ec508e42f;1
d1790940-bd5c-4e2d-cdfb-bba0360616ba;1
d17ac054-7f15-480c-0b63-1eb06b6f9c57;1
d19200cf-5be5-5fc5-41b6-1a7f62cd2382;1
d192eaed-4cc5-a33e-5501-906968677fd2;1
d1a8ccc5-ab89-92d5-b63f-eced8c24bc02;1
d1aa7496-23a7-e9fc-9703-a9b1c4bef799;1
d1b128ee-408a-4201-11df-dcfa3c1551ca;1
d1b3318f-1d55-ae2e-6583-ec2559e7755d;1
d1b4627f-00fd-25ad-f6f1-09388e507518;1
d1b4bba3-c1fa-0814-1ffd-93b380c3c9f2;1
d1bd1828-ceb8-2af6-50ad-f56a2abf279f;1
d1cd52e4-fcd3-ec59-02c9-47328bc5a16a;1
d1cf6543-ee36-b82d-227b-2e404212a6b0;1
d1cfa6df-d6f1-d06d-efc2-e62a66be04eb;1
d1e3fb0f-6870-1950-6d5d-f48841d64298;1
d1f61c70-d8a2-443a-6886-343dd9ab153f;1
d1f7b872-adda-9b4f-9ca9-0ddde15cf4f3;1
d201cedd-d265-22bb-ba6e-5b4122992405;1
d20c20af-f4bb-9af9-21d3-242f2d61132e;1
d23288f1-b08d-818e-1155-6c8171ab62da;1
d23563a4-a531-945f-f0f1-715033b09d44;1
d23a1159-c26c-5ae8-34d4-8aab67c65148;1
d24ccb06-2f06-dc75-fb17-f2e8f8111982;1
d254ea7d-f7d6-20cb-fd67-186a89ccbf87;1
d25fbdc3-39f8-c516-a117-dc7a86feb51a;1
d27ace0a-5532-fffd-6c8e-6f8a1703d137;1
d298fdb5-4660-180c-dfc7-e0ec23a6f399;1
d2a5d71f-d4a0-c5af-3a1e-57a8b4266fdb;1
d2b18de7-cafa-891f-0e50-ddb792a0d8fe;1
d2efa419-4b94-3f2f-aa0f-091a7fb935e7;1
d2f55916-3615-f2ac-3c1d-fa40ee932b03;1
d3036435-23b3-c231-e1ca-bf2672fb64de;1
d303e7a2-ec92-30cc-2a36-14e23a996c51;1
d30ac690-5769-44f2-62f0-9154c2803fee;1
d31084fb-0ce7-dc12-bad1-059f2b072f86;1
d31e6543-e47a-4ff2-4264-942268a3bb92;1
d3369d34-3440-d09e-d28e-3f03999ceebb;1
d337b872-7b86-0734-7506-f82a2a666227;1
d341c8d5-6aa6-704b-5e10-15d516e1cc83;1
d350a218-b0d6-d84b-984c-10c6e5a23659;1
d3597208-7563-e164-5b36-b641983b58da;1
d35ef54a-c129-80f0-1757-770585514d2d;1
d35f75f2-9e13-04c0-0d75-ddefbb8a9bff;1
d360d817-a39c-7fb8-a40e-a4a7ec9a1779;1
d367b71f-c211-4cdb-d416-322a9145d41f;1
d3695ad0-f147-2f8a-48de-8774dd65d065;1
d37d4934-538f-4449-8b3e-40df6cc139fc;1
d389a3e9-c983-c91b-9b07-2d79395ecb9d;1
d39578d3-c9db-5683-32dd-130038a51d71;1
d3aa2720-edb0-e237-9c2c-18e1b4f8cc4b;1
d3b6cfce-787b-ce5f-bfba-d885efe0e19d;1
d3b83b5c-e6b6-59b8-4cae-2ee046c15586;1
d3bd53e0-5569-4ee4-adc6-298bcbd583b5;1
d3be103d-bfd9-929b-9389-0d50c15afca3;1
d3c26b12-03ed-d4f4-2693-918b3128e8b5;1
d3c380b7-f6b1-95d6-c83f-bbdda3745cef;1
d3c47e6b-ecc2-1dd6-c020-6e3afb57530b;1
d3c4e1f6-4776-da89-c7cb-8ad491c0d2c4;1
d3cbc33a-1bca-d0e4-e90c-e90859202358;1
d3d13a72-eb2d-331e-da6c-a2e63a84e9be;1
d3d5201c-e551-e25a-7803-5fa7fc8d19ee;1
d3e8007f-cf87-fd9b-e8d2-53dcc9f354a9;1
d3e93539-dafd-580e-388c-e9e39f4bfa58;1
d3f3169d-1329-cfc1-2a73-be4bfe03c008;1
d3f9ecbb-015b-e988-bf4a-ea5ad0bf5da7;1
d3fb8882-19b4-ddc9-23c7-51f6ae8414d9;1
d3fb97ac-bdf8-2d0a-2f9a-9cd1d6724bda;1
d400ef1c-afcb-aac7-048c-3e4c6c56fcf3;1
d40acec6-0b51-13a8-8d63-7a46eb4feed3;1
d42d77b5-215c-cc67-5f37-d7875460624a;1
d431a157-f2dd-913a-6d68-bf45b44e8475;1
d464df05-b63b-7cc0-4b93-b621124af1b7;1
d47176c1-9fd0-33b2-d471-f5f87a1681a7;1
d4736285-3c4b-ef94-26ed-58c295c174bf;1
d47db1cb-0b4d-2979-3ff5-8a0f41e1e748;1
d47e07c3-a2cb-93a0-32c0-29f09b5cb9b4;1
d49097f2-c4b0-1a3f-4730-910cebe3248a;1
d49ec632-fef4-04ae-3401-5d65ba835f3e;1
d4a12a28-6e7b-696a-9775-07f17decb8d9;1
d4af5582-7596-e79c-7f1b-0df578bc55f0;1
d4aff635-08bc-c636-0d5f-74f5f861c5ec;1
d4b8f70a-0b9c-e1a9-3cd0-62c2dc2b0901;1
d4c667aa-c938-8a67-b572-54d3375bca05;1
d4d3fe90-e190-304e-631c-c45db567c3a9;1
d4db6037-c822-ed72-4a64-65815eda8ddc;1
d4dcac8d-442e-66f0-7e55-d81cf8e11cec;1
d4e0be86-b810-c11c-e9a5-193ab14c13e8;1
d4e74e9b-9b47-fdbf-c2d9-43eac0b03b4a;1
d4e79a02-ad5f-29b9-439a-6778c4e7c525;1
d4f4728b-8c9f-1208-1ff2-caa330d4deb0;1
d554144e-72d2-8694-5256-539e866a0868;1
d55ca06f-497b-2c66-a6ff-e88fadc9b86d;1
d562bd05-8778-9038-553f-8295876edaaa;1
d5678f51-09f3-8f30-985b-c9086bc32411;1
d56a32f1-42bb-f189-10d5-598916f96e22;1
d57e1313-2c96-03c3-f0a3-fed279419b8d;1
d57ec304-caf0-7ad8-a637-90121ca7953d;1
d58e09fd-cb36-bd80-213b-e223b15174cb;1
d5b1a835-285d-1f43-d0db-3628030b42df;1
d5b43744-20f4-e3b2-04df-eba7c4db2b97;1
d5b7166a-7c72-29e5-e64c-be4cbe8be66b;1
d5be6481-bc34-57eb-ee94-00eaca41ea2b;1
d5bf20e8-5b3d-a64a-4189-fc24216acfb7;1
d5d668b0-7f42-6ce4-83df-07eca7cc717b;1
d5efd182-33d5-11ac-22b2-3e38c0c084a1;1
d5fbf61d-41a6-e0b7-0f4b-41123a67bb61;1
d631437e-a691-8f7f-b579-b3c35739a73c;1
d641964b-6bb7-9421-59af-5ca9079f4432;1
d6505b1c-6d04-25e1-1b4e-cd4e90b1db9f;1
d65e6f55-cd8f-adc8-4eb8-55a629672263;1
d6610716-d777-8b22-d425-3abe43dd5671;1
d66c9f6c-f57c-1b46-aa20-b21d7d9a1367;1
d66f64c7-bc20-c64d-36b1-7cbad791fbd4;1
d67ae6b2-8ac6-216a-f555-a025511dbf92;1
d68215b7-a7a8-a519-1b93-3ff0330fe4cb;1
d682d8e4-2dfb-f624-6204-9c670a6c4fd5;1
d696fe14-acbb-1965-d2f7-e127d4e15db5;1
d698f0b4-902a-df6d-439a-2eb03349b29b;1
d69ff616-ff2a-103b-b21e-123060b62f5f;1
d6a13981-34f0-e94d-1af6-b690be7aa1dd;1
d6a5f0c9-30ad-0ece-8f25-b28bfd028b65;1
d6bfe2c7-f2cb-44ad-7a56-f78206793f91;1
d6e7d19c-0e96-881f-3839-c6408d0b3932;1
d6f24ee1-4d73-5660-7629-c1ecc237e861;1
d6fa7d76-be56-a7c3-3dfa-c2e1697e751a;1
d704b446-7f49-d408-3fe0-5f7d43471c01;1
d73144df-77ad-09b4-bbdd-10c57e367af7;1
d7453ca4-cba0-e0eb-a25b-e3d9a7c36937;1
d74db8bc-80b4-c637-3fc8-49cbd4810398;1
d75e8f7f-6596-7d6d-3c74-91d638793eb5;1
d75f0719-31f8-533e-49dd-73befc575ffd;1
d7612c51-900f-265e-9ecd-8fd3fa2dccba;1
d77cf171-196a-f666-646f-a79955b92931;1
d7957503-a834-ab43-2b33-0ff2e5896d93;1
d79c2fa7-2d24-7d11-cd5b-9e04466cf533;1
d7a492fd-10e8-9b09-a9f8-139402ea1190;1
d7a8f1db-4121-3c06-5214-b07dbe79d751;1
d7add892-987c-6189-dd22-5d91d87a7d65;1
d7d35e1b-9198-b650-a49d-bde2db9d32db;1
d7e59f4d-a875-02d4-8728-ab1c3f169420;1
d7ec559e-5f17-e32d-bde4-79c05c00f474;1
d7fe7148-39c9-f15f-9d68-ac8fd66c1cb3;1
d812d07b-8b84-d539-caed-5459d14e89a5;1
d82fb9dd-db1a-d6df-31c3-b46039fce1cb;1
d8398c31-1d45-50fd-ed1b-8c1817f29f89;1
d83c1f41-62a7-c641-8518-0b8f7811a5b1;1
d84588e1-7f0a-76c4-73d0-4da296e06ed6;1
d84803ed-bd0e-2729-12f6-594a919aa343;1
d84b0258-0159-8d38-191c-074039faf673;1
d8526be9-3a14-02bd-07ef-b511014715f8;1
d8561efa-3a50-e683-5513-c92ca44528d6;1
d85a571e-18d7-aaf7-53af-a3d6560666e2;1
d869fbb2-3d77-a9e4-9cb5-f220d00aa6af;1
d8732296-7da1-0e68-9a7a-9dbd9c57ede8;1
d87c6d88-084c-9259-639d-2ccfb3c31f01;1
d87fe62d-2ef0-d678-beba-aee0708658c9;1
d8815147-6232-3476-4cff-2ea2dfb425e6;1
d896effc-8dec-7373-c6a3-0e6d941cc649;1
d897b178-5549-4aa4-83af-2932b7fbbe26;1
d8b4e8dc-1f39-23c6-c01b-85a0bddeae92;1
d8c679d8-576c-70e8-732c-eee03d5a1e98;1
d8de5efd-ad9c-a6b3-7a0a-8c10df6a71b6;1
d8e2e377-62d7-1b6c-78eb-a0e65eb1e9a1;1
d8f50ac8-1586-84be-871e-31236a08e10b;1
d91ad717-d537-6567-4497-e6c0ee334034;1
d9248ddf-e711-cf1f-1004-b40f21218dd3;1
d93cc3e8-5a7b-3e53-624e-c582d51f11ff;1
d95dd5a0-b278-b90a-1fad-f03ffdd70235;1
d95deee6-9a2c-0515-498a-3b20e3fe07ac;1
d95fc0c3-dc73-6e27-f045-09083b8496bc;1
d963f968-e9f0-99f0-4807-43e1c5105b77;1
d96e16f0-a870-efd4-f16f-7350ae149d43;1
d970f179-be21-4247-e175-41058d937907;1
d97fa87e-d8ba-aae5-47b1-508fc19f8199;1
d9843b5d-00a8-271f-5045-ba2276ae9a7b;1
d99f8bf6-912b-918b-03f5-33c0a8da114b;1
d9a37ad5-02d0-2030-8f35-5eb47196f7cc;1
d9a9b4e8-b154-bf87-5af2-a09a37ffc09c;1
d9ab61b5-02f6-e75f-199f-c8a14e6ce577;1
d9b7b9bf-f541-4ab3-5d79-abd22c420ea7;1
d9c27627-cc52-347d-f17a-f1a999e26a47;1
d9cca44c-dea5-4284-f22a-580a145e4422;1
d9db2373-3ef0-7be5-8b85-1dcd630eb3d8;1
d9dba465-035c-d869-cc55-e14b4c96af90;1
d9dc6664-2243-a900-3432-0d793064d5c0;1
d9eec94a-94fd-f967-22b1-a6828d6f759b;1
d9f6a54b-4f24-5ad3-bba1-1783ffdccd1b;1
d9f76cfb-34a1-d151-9be0-d95e64ef5e6d;1
da0c57e4-8449-6a13-f047-891ecb6bc7c6;1
da10d347-144c-ef4d-408e-21424283cda1;1
da169ee8-641e-3e3b-25f1-3a7078adc68c;1
da1efde9-0a35-d14c-3517-244491b7f44c;1
da2e0e28-f55d-59d5-233d-4bb2606dedf0;1
da3a219c-2f0f-b1f5-e181-037a487c7831;1
da3d1f27-bfca-2ca1-bfe8-377d5aa2ef37;1
da487ac5-7e16-ecf9-0e06-a8dde739407e;1
da637403-7922-fbaa-d1d6-19cdfab5a335;1
da682de3-3717-dbcf-7466-7a66ba2d2997;1
da72727d-73de-5a0d-cc1f-2fccddb16bda;1
da738a99-3969-27ea-d426-39168542668a;1
da75eb4d-bec6-4cc1-cc8e-3fe4dda61a8d;1
da80cf04-b781-c333-5a37-6f5c6b941f9d;1
daab12a4-83e4-1a91-96f3-5a5b10ab5f2d;1
daacad8e-cbc9-1a8f-81d2-9d7249971d5c;1
dabf3712-93e9-55ad-ebaa-735341b42500;1
dac76c24-f234-2e85-79f9-a35b8d1d7fbc;1
dae0aeb9-cbb3-a5ac-60e5-1f7216b7b809;1
db05e7bd-e113-5024-fbdc-acb5db7e4151;1
db0b28e7-d4f6-2deb-a897-f71e3fec0fa7;1
db11c41b-52b7-4d56-831b-e9e41eccb049;1
db18d3e4-2444-b8e8-f1dd-a3c2f6393bae;1
db3f19c5-e322-9a89-0c2e-65b04f10c3fa;1
db40f55d-71db-9892-49e1-1f0c2dd1254e;1
db63d191-c537-6b33-55fc-fe849d48dff9;1
db680f81-8b3a-8ff0-59aa-a2a589eaa6f2;1
db713c83-5a37-d3d3-9cb0-bd72e9483e6d;1
db836ace-80e6-a935-fcdc-33d33a2ffcc4;1
db89074f-bdd2-f861-27b9-190fb0aa089e;1
db907ee9-de1e-57a6-7de3-db744199f2ec;1
db9e7ef2-1adf-59a4-5f0f-4efedc4310ae;1
dba75e3a-7034-63dc-4116-4fa2dafcfee2;1
dbc98a34-d3a8-0814-7898-85b5b071b2ac;1
dbce5429-25fb-33ba-d6ee-d156d20e358a;1
dbfacab7-6d4f-429a-d273-a2c50f58fe01;1
dc005874-a1c2-432d-89b8-eed5cddd4673;1
dc02ccb9-057b-3d2f-2799-8db11401340a;1
dc03a337-778a-9f13-2a67-362de5c34b1e;1
dc1166eb-b3e7-2722-3229-3da3059e50d3;1
dc14171a-064b-987f-2238-d6d24ad63dcc;1
dc1b1886-19bc-1079-aa3d-8395133310b5;1
dc2ea8d7-d068-f709-3424-5b256c1528e8;1
dc3e5ff8-fa71-88e5-0a1e-c4b949ce8db0;1
dc44510b-a247-d752-c8ac-2aaabec258ef;1
dc48f4ab-0476-aa1a-5786-2286375870e1;1
dc511758-6f46-304f-9a3c-90192c5203be;1
dc5586c0-ec92-bb1c-db67-c411e7a6beca;1
dc6559d8-f347-444a-57c0-3e06cac2c0e5;1
dc669f69-5eb2-32de-9386-8ff9f149ef78;1
dc6aa1f5-94b3-ed7f-2d65-8acde154abdf;1
dc6bee4d-7fdf-320f-cd90-d269e500ceed;1
dc733604-ed8f-ed22-8187-30a81db0084c;1
dc8a524e-cf77-7b42-0cbf-f30367b05072;1
dc8ce0c1-f0fb-62bd-b9cc-22d8ed8f10ee;1
dc9f7e98-33b6-2c90-a9d6-4c40c122e1ba;1
dcab2baf-7cbb-a4c2-713a-210cae9b6f8d;1
dcb945fa-d73f-74bf-42c8-a6b2382070e5;1
dcc42028-4fd6-6c4c-8f38-8af8aa69f558;1
dcd4f155-3e44-ad5d-5903-538f0e69fa4a;1
dce7dc79-5ff8-2a85-7674-8df283712d8c;1
dce80a21-f747-a826-ec6f-7d0380fe0f57;1
dceae72d-2b4d-47c4-3b4a-7dd4fd3e2e86;1
dcf7b2de-d17c-72bb-0640-3b93eb587e2e;1
dcfaf7da-e3ae-e216-5ad9-0914f6331ffd;1
dd05b04a-c5f9-a6de-9ad0-40362abf8373;1
dd0a1472-db3c-a864-7198-6327884d4fd7;1
dd112f75-663b-d317-8d6a-1ea916ed3387;1
dd12ca37-f3ca-45f6-a5d2-e639c4df76f4;1
dd22f600-ac81-5919-4fd0-cad3002e0b6d;1
dd26d427-902b-e9a9-24b2-2d70ee02e14f;1
dd2bf659-bb8d-5c05-efd6-9309bb203744;1
dd359782-f2b0-0382-2bd4-b3aef10bd800;1
dd3dcad6-0dcf-0bb1-6787-b44236caac9f;1
dd4ca3ea-fda7-0a2b-a19b-d03bb8300de0;1
dd5ed72f-5537-83d5-8371-5cdfa14eaf91;1
dd690ec4-7400-d120-95a7-f177a5986441;1
dd71e42a-3d33-5d0a-a0f9-8dd4cf515192;1
dd72339a-edd1-4341-0bc5-6939e519aad3;1
dd76bc07-5033-efc1-b28f-dfababffc6ff;1
dd77a81c-d84c-d5b4-7d4d-1e67f850997e;1
dd7a98d8-760e-f75a-4a92-7740b3eef994;1
dd7cf9d8-6df8-9dc6-bf05-7daec008b2cc;1
dd8ca724-2fe2-29cd-a012-056108332cdd;1
dd9885f3-4202-61b0-ad1a-2288ed8ca280;1
dda10b4e-82bf-216d-8055-44879c391f3e;1
ddad09a0-1b7f-8d69-8a0c-6e6819d4410d;1
ddade8fa-f4d0-1b06-0c98-7a74c7271faf;1
ddb1aac2-9990-798f-d237-55f94e8e8b14;1
ddbacf66-065c-24ef-db03-9a4422a72995;1
ddd16627-7090-2a68-300d-c2734b392974;1
dddf49e3-e0db-0f3a-1d0a-e227952e4a81;1
dddf6514-3f83-773f-d01d-4860c066b526;1
ddeb2249-930f-29c8-ab11-2526d50960d5;1
de2a7004-8175-a3f6-7bf5-6a40af674386;1
de2d7423-8ccd-d8ec-c6a6-11ac41ce1306;1
de49fdbc-c46e-2903-32cb-26ed41de6c94;1
de67e534-bf12-73ff-7779-33f7cbb5d7c3;1
de68d820-c3b9-d4f6-950e-0aa974792400;1
de829ca1-e804-42fa-7768-832e969c4cab;1
de84e9cb-b867-bcac-7c3c-ac66a3b65bd0;1
de95fd89-baa4-31e0-a28a-7b9b9192337d;1
de9ec6f9-9932-bfa0-c425-fb3b4c27c61b;1
dead50f5-72f7-ac0e-0f0d-61c506c8a0ca;1
deb7c88e-dcfb-ebe5-1e19-bdf9ba980c1c;1
deb976bd-5ceb-7b71-442e-2c5d4b01229f;1
dedcf92c-7162-6096-9499-0d489121f3c2;1
dee33f31-987e-f151-e7ab-4de7688e788b;1
deef3b76-044b-ad61-8508-fb32708b78ae;1
deefe9e6-0c0b-3ad9-7b44-67824b8411f5;1
df163445-f994-a8f6-6e12-29b089fae77a;1
df187d41-0372-997d-1226-2fd142b70012;1
df1f4c96-6119-b904-2b45-0d73a755e434;1
df29daa4-f0b6-29aa-e9e2-3b2d7fdcb91c;1
df2bd423-0985-e81b-75a7-125ffc19b7c0;1
df3f2646-eac5-062c-f4e0-414593fd4d7a;1
df422285-7d36-690f-e4ce-52f892768bfc;1
df45e59d-541c-a8df-2016-1ab7d56dbff8;1
df4fda97-33e0-b17f-eb93-8cffd42f51be;1
df544146-0835-55bc-b378-a9ebc2394564;1
df55dded-9828-f141-e594-c1a8cbf1ebd4;1
df5794b8-52a8-8c04-6bb9-e06f27785f93;1
df724740-27e4-669d-502d-82c5a2f6c577;1
df831cac-c619-718f-59a5-7f945f2c833c;1
dfa6c191-eb29-4fce-536b-ae815a4e8035;1
dfc7c636-752a-10b5-6490-c48245a942fa;1
dfd56fb4-b5ab-a3fa-eb76-a85505209c7d;1
dfe21b84-35a0-a4a9-a5e0-565630583090;1
e002b65e-ca10-e1be-39ee-ddbc184eece0;1
e021decc-3753-be5b-a760-93692b3c91ca;1
e02a63c9-2743-ee08-486f-b8a2e6f87b6b;1
e033426c-4d50-cd16-af16-0411a5767c12;1
e033e947-5a0d-7764-083a-9730253783e6;1
e0349655-2d96-850f-6387-5b38c09aa0da;1
e04d877b-ce6d-f321-acbd-8ce63e819471;1
e04f3b61-c69c-f86f-97d0-25f05573d600;1
e05648ce-9973-9e9c-ff5a-87d813121d41;1
e0609b97-4348-3680-21a3-a2c344afcbf8;1
e06b9b75-a8ff-3dd7-e9a5-3078987ac3e3;1
e07f4cf6-5fe0-b509-0c88-d3cd19aab195;1
e08d3c01-017f-b83b-0b8e-0fb844117f18;1
e0a81201-e01e-9758-8c9f-392bbe99bcf1;1
e0bae61f-3c4a-fe7c-a37b-6a5d775673aa;1
e0c0739e-fbc4-d060-eac1-9893072322e4;1
e0d21ad6-52d2-9fb5-95d9-db974d264dea;1
e0d6a2ac-41f1-67b1-60b8-4e297f55dffb;1
e0e9f890-c944-eba2-da01-cb6720bf551a;1
e0f29557-5483-adf8-1552-a064921da55f;1
e1029fff-d1ae-85b3-daf1-894d394936c8;1
e1237f39-f495-1fb1-cece-2a1b12877236;1
e137e2e7-9c4b-3be7-c023-c25aae98ff6a;1
e13b569d-88b0-c97a-71cb-202a84e1b54c;1
e13ec569-7ec3-17c3-648c-f84d9f35e42d;1
e146af6e-9ed2-978d-a832-01ad19837dc4;1
e14d977d-1969-a213-b211-21d790ed586c;1
e15198cd-7fad-5d59-1351-dad0bc8fdad2;1
e170f0d1-eb01-cca9-5495-3671330d79a3;1
e172bfa4-cfc1-94f7-7470-cef038c8e56e;1
e174e203-ec4f-9802-ab0a-f5780e3f7da2;1
e18bee90-7aa9-f9f5-d3a4-052af365383c;1
e1a69903-2567-2a07-2896-a2aa105d53ae;1
e1aebfe5-8944-f198-e07b-8d81b03b814b;1
e1bd61f0-23c7-bb3d-31a4-22c603e361e5;1
e1be3e00-c6a8-ce05-222c-1b7beefd6cc9;1
e1c353de-92bc-159a-d9bd-0ce5cacdfcad;1
e1c6cfda-3480-18ec-6e4a-f8efae02747c;1
e1caf974-d5fc-6b9c-d528-4f4b2b742790;1
e1cb514d-3590-6b77-1f1a-a3065dc14cf2;1
e1e3e2a2-a3e6-59ce-0baa-10871e1a698a;1
e1fe46e9-7ac0-8e13-cccd-d9aee423e012;1
e203ceb2-2ef1-10c5-03d8-7be7340c7345;1
e210e41d-f2ce-a238-5aaf-7865a68c89d9;1
e212c94b-d700-a179-5331-69eab914c200;1
e22025da-7b65-848a-6314-1eff38f75aa0;1
e229d307-14a5-3d13-280b-1a271c3496c7;1
e2374a91-a046-7b3c-988d-7ea84489a08d;1
e24531a3-7bcd-45e4-1fcf-9b58036b6a56;1
e24f8767-7f74-0018-d244-f3fa65513544;1
e256e87a-e32d-cf3c-462f-f92f2d7783ec;1
e2590a12-a799-c898-32b8-0bd3ff6d03a5;1
e25e6431-f143-c177-06c8-7ddf2adbbc09;1
e2670822-6665-5562-6bfa-96755f134cdc;1
e273b449-bf34-4d27-3689-d836d2fb1da3;1
e2771e30-2c22-f321-7702-a4d3b98e03cb;1
e27aaa89-d023-f93f-51c0-13034a2fe845;1
e2acfdd0-de52-f08e-a57a-e657e67874b3;1
e2bdd535-f1cb-c35a-4816-43b6b70f3d5d;1
e2bf476f-c353-3d68-49be-9d71fca5e724;1
e2c5d6a8-6fa6-021b-3a70-1b8bd8df15aa;1
e2c937fd-6e61-fff1-78d0-923468bc80ee;1
e2e0f68c-e35e-64b4-b68e-4f2e9a1dcf7c;1
e2f7118b-3b8c-b46b-3127-e7132e41cda4;1
e2fae82c-098e-ff9e-9e2c-e6cb58fc8f16;1
e2ff2e09-48b4-4c32-4a67-e83b119dd7b4;1
e32ec308-5687-9992-97b1-aac1bb52cf3f;1
e352a220-28de-239f-3e54-a75ba460bba7;1
e35a78a0-f583-624c-a57e-b7c039cc9254;1
e3765cb8-ffe7-16cc-aad4-a1be0057754c;1
e3774a35-e36b-4a3e-f68c-c8abc6a6ba41;1
e3886c58-9c87-3bcb-ca1c-ac41c388dbbc;1
e3b3e56b-6277-7af0-de49-dab9dad39277;1
e3d9dc7c-c54b-8098-924a-712d69dfc245;1
e3e86fc6-4846-1247-7dc4-40d5d91530d9;1
e3ecdda1-c158-56b6-6b9d-e6adcadec142;1
e3ecea71-4df7-7395-0083-2f84ddb327b9;1
e3f17ac9-2d4f-df95-9907-561d9f807f2f;1
e3f50491-cbda-57ff-25e1-9448e5cfca01;1
e3fdffa4-1eb1-cd3b-50d0-3f5651f1c48a;1
e42662fe-f435-5bf5-17b3-d91134e112e5;1
e4331321-7334-e86e-44be-bbe0ca446f48;1
e43373eb-f253-a238-2caa-2b2c34ffe755;1
e438ca4b-1e64-3ded-51c2-947e78fd93de;1
e43ebb12-44f6-2aad-ec05-238a33b8273d;1
e450c035-7004-95bf-d1d9-eb59bb5a6798;1
e46551f1-1503-677f-fda6-22b0f64bf775;1
e476e12a-863b-ea47-1a1b-f7048e11b364;1
e4863668-b73b-ee0f-ad5b-e711d43b4349;1
e48df272-ca7e-9555-ff9e-c569a4b1dce2;1
e49271e2-67c5-8470-1677-49c666a2c1f8;1
e4997a07-6a4a-99dc-4e36-a6d905299fd4;1
e4a02799-1e9f-1cf0-eb5c-cd2f1ac231c0;1
e4a7abc4-110c-aea6-41fa-f3b86d255c56;1
e4ae9d51-40be-9939-5b6d-021a40fb29f2;1
e4b96ecc-54b8-ed27-2900-da4eabb92bb7;1
e4c5c08a-ec1d-7128-3f9d-9ae1e0850d66;1
e4c6d286-48c1-be3e-1a0e-5f7f3c739839;1
e4cae7e1-810f-1516-dd40-fd514a57ac48;1
e4ed1e19-fa66-1459-caff-3813837bf7b5;1
e4f88720-f0d8-6d7d-d988-50aca68ed448;1
e4fe97af-bad1-5015-6f73-e975d5b644ee;1
e508fedd-4838-eac8-3ec8-c14ffc1dc82e;1
e50d5f75-1230-f4a2-5c52-a9e7bd267c01;1
e51b7301-a427-444c-6f0e-ab0e0eb22f2a;1
e528eafb-353f-61b3-3aa7-7346a102de48;1
e53033a2-46bc-ef5e-217b-3389a9087593;1
e53131c3-79e8-aff9-fdcd-e3e19e6f9fde;1
e535669a-abb2-2678-aed2-4bf4335d1313;1
e54cace4-ef1c-0ec5-4046-a3d896bc9825;1
e54de6b7-c9a0-8e1d-8eab-442b9a590044;1
e5539420-fb7e-133c-3cb1-a6e49ee70f13;1
e55a4f75-f059-8da9-2b83-f7da8a010624;1
e55d7fb0-1296-c4b7-185c-e41ae900f2ea;1
e565d862-eab9-d20d-061e-088ac174b414;1
e5692fa3-6633-dfcd-1b6b-766f2fe0dcf9;1
e569e6fb-f68b-c347-d104-308543a2d409;1
e5782dd7-b2ff-6e49-7533-dd3c86026e50;1
e5794fe5-7c53-e15b-54a5-d108a7558c6a;1
e580dd99-9e33-e60f-6f37-85aa3ffddf11;1
e588bae8-082b-f962-eb3b-fdb1da272045;1
e58dca36-1100-f266-0823-5f6790b1a04a;1
e5960620-2ff0-4567-3c25-c6238296b9e2;1
e596a0c4-e6b8-60e9-5d72-01db9dda9bc0;1
e59deaeb-6d9e-cf33-78a6-2dd84f495ccd;1
e5a68375-04ff-933c-4574-72ffb33e41ed;1
e5c38fe6-7f08-b4ef-c819-2067b7827319;1
e5ccfcde-131a-0c62-5e75-11b6005ea9ef;1
e5ceee40-9e2a-a5f1-fdc8-44e5acfa3f24;1
e5e86f98-953c-347b-b64f-2e05776001a4;1
e5eef162-12b3-e5ff-fd80-e57bfa8b007e;1
e5f8e398-2394-920d-462c-fa9d98adfd1e;1
e5f95c19-a745-3d2a-3f0d-f09d7a61c578;1
e60664c7-e690-c73a-629f-78d4974677de;1
e61269b5-8180-b97a-63f1-7eb5b53d7a01;1
e615fc15-b931-eaa4-667e-e32e8483fb49;1
e61ab1f0-2d72-cbf7-8b73-8e54051cc9c7;1
e626b8e4-0e3f-6dc0-50e4-1d5dfd6511ef;1
e6360ad8-ee0b-7e22-c8ce-7fe28453638f;1
e6694490-72dd-305b-68ba-7b9c25764ac0;1
e6780fae-fa9c-4a7b-8b80-efc8a86719c5;1
e678ff93-48de-82b6-abc0-24c53aa2e4c8;1
e68d9af0-6d13-3f4f-7939-1ee51a093ad5;1
e69806b1-8fa7-e2cd-64e3-df432cc23443;1
e6a9c7c2-26b1-9299-119b-dc43a3450b4e;1
e6b0dc12-8676-b2e9-3ab0-26a693882235;1
e6b0e905-cf6b-4286-3d6d-f590df999482;1
e6cdfd2f-1765-65ab-995e-03678a908791;1
e6d275c7-b243-2b15-1a04-7b88359c4edb;1
e6d6057f-d7f3-d276-a1a8-a354b07414df;1
e6de4d55-d6ff-61de-3931-b74e4cc95415;1
e6e9c7ce-8335-e614-e8f1-9593282f75eb;1
e7006cf1-660b-6fb8-6905-49f345b42cba;1
e70d6df3-54fc-827b-e822-0ead9972da77;1
e71e8838-6d58-d523-61d9-539a7713ccad;1
e71e8c90-1f93-452c-d836-337bcb867fa7;1
e71fd5b2-4f12-0724-241a-8af20e1f1cad;1
e725fe7e-8d5d-34f8-0df8-6e57f7e6e051;1
e7263daf-d3ca-113f-2154-e02a89fe34b4;1
e7275a89-8ef4-32a5-0328-af097ab01f92;1
e72a2aab-7670-624b-92b5-6c8a13a05ae7;1
e753d8e3-3337-b09b-6e8b-47e04997d7d9;1
e755604b-7da0-7654-954e-e573bf4f46df;1
e7639292-4eea-9065-a657-e9e9c390d467;1
e76a9b49-2e3c-fd4e-1897-8c42e3a7dcda;1
e7755859-b535-df2e-8b35-77e29235f124;1
e7841861-eda7-25cd-8ee0-24e69a178b08;1
e79369bf-1671-7593-09bf-879d77098c0d;1
e796d48c-266f-33cc-18db-fff30b9f6da1;1
e7a9dc35-895f-c506-28ff-3b4847effd9a;1
e7c05aad-9df6-9642-1095-99339a4d57ba;1
e7c4120d-b559-0966-155f-f3079545f2c9;1
e7c62b39-3000-9fc3-28a9-a99919630399;1
e7d17b93-b068-7dca-d111-e16551cab826;1
e7da391e-4458-cba1-a590-340edae28850;1
e7e8097f-52e8-c426-052b-1b8aa1165e8e;1
e8050cbd-8998-1141-903f-88d4ba04390b;1
e811fc24-ece1-79b1-601d-e94d8becfdfc;1
e81894dd-f8a4-b977-47a7-e6cc355a5ba4;1
e829e6f8-3702-36ba-65d5-b579707b91e1;1
e8437925-1fa3-9e2d-90cb-4c13d0f8c5c3;1
e8651e40-951e-c0de-438f-a3d8221672b8;1
e880432c-d754-ac87-f2ef-1c0740b6958b;1
e880d5a8-79d7-4920-b594-b04cb29d42a0;1
e88fc536-3a3c-fc7c-7388-1caf635d85fa;1
e8a537c5-cdfc-dfca-579f-377e06524f65;1
e8a95ba1-c3c3-6c95-e21e-c50b1e14fc8c;1
e8c14f1d-fe37-0449-d1f4-bb24b44fa6ab;1
e8e3cf3e-92a0-6bcf-872f-0110afed6023;1
e8f12f18-99a2-e9ec-416e-4c4bb56781b4;1
e8f2d611-9b21-23d0-3dde-006bd3b52686;1
e8f7e4cc-5688-dd14-f4ec-c237306953c8;1
e90e3485-66f1-0651-4fa6-66e57d414d34;1
e920e9e6-a98a-b6c1-62b3-3f46fc139707;1
e9254c4e-fd96-78e0-89bb-a7d85a9ac736;1
e92b47f8-0815-cd34-da08-f3c1521ed660;1
e94226b7-d5c2-b9fc-d7c4-8e57be12b7f9;1
e9427661-72cb-26d5-d42e-aa386cabe39f;1
e9443da1-187b-7f91-8afe-998617cd460a;1
e97d1144-9a47-4b73-33e4-dc9b80d6172e;1
e98daaf6-9fb9-64e4-5d90-17c49c714d5c;1
e99acc83-b0bd-7e07-4d2d-2b0f57e98f4c;1
e99c5cb4-9cb9-8450-860b-1180ce624d04;1
e99e549c-0ce9-3eae-b803-e3001bffd2d9;1
e9a54522-c998-0a1c-f55e-35abe2a566b8;1
e9ad22bc-8f89-381c-14aa-8518c1300811;1
e9c1d075-b6f5-13e0-2859-865a0436af7d;1
e9c291a4-c6dc-4e02-029b-6ddc6c7bd9e6;1
e9c676bd-78ab-c431-a02e-e9a6eb78ab9b;1
e9dfae8a-59cd-6c5e-cf3f-1753841a306c;1
e9e68179-2063-a15e-99d3-4f9b5b96e637;1
e9e6d23a-30c4-ddfd-5c3c-466ee4779b90;1
e9f28cc6-d763-0474-2e0a-4a5152d3b15c;1
e9ff59ad-3db7-e5f8-f46a-5e7704c98a86;1
ea012ebb-4544-c19c-64c9-4887a1d77b20;1
ea0559e4-0ae6-25dd-b07d-8cd3e3a76a31;1
ea10ffba-7546-5650-6443-d964caa78b46;1
ea11bd99-4771-7c83-de08-f26dae236705;1
ea1d2c0d-48c2-461f-23f8-cb7c6ea8eff5;1
ea30083d-b51a-dd9e-1778-36a5608ed10a;1
ea613c2c-19f7-ad66-2576-723084248258;1
ea6c80b0-8fc2-dcaf-2bad-d60b8a1b697c;1
ea7f3fef-0eb1-cea8-7932-bb852845413e;1
ea847025-851d-be8e-ef97-8213ea27ef24;1
ea87620a-42ec-ccaa-484a-23a85a54491a;1
ea9a671c-036c-4b45-72a7-56b5bc867f2e;1
eab03538-d273-1703-7d8a-0ab180f44e5b;1
eab13109-09de-af71-6c61-2d3e5d0afc39;1
eab85b19-12cc-42f6-e03e-2ba76310f123;1
eab9a5dc-c0ae-9d53-3efa-0ebc5f71ce3c;1
eabbd610-f17d-8a7a-8f14-a70385830747;1
ead3e28e-5e6b-308f-6b80-fe5f9867ae82;1
eaecbf27-de70-682f-9a7f-362baabeeff5;1
eaed96eb-0fdc-4cbd-aa72-7e75757e79dd;1
eaf49bcf-8001-1790-bf9f-99af6be4ded3;1
eb348680-a2d7-d75a-da5f-1c4ed1ea434f;1
eb3c1c47-d6f8-baab-0558-e35e19a3fd9f;1
eb46009a-3b7c-01b9-9367-34cc043702f4;1
eb62b6c8-3682-418a-b598-9c7bfd6c32b6;1
eb656c9b-392a-1e65-d72f-ab868b0a15ed;1
eb738c57-ccb5-cd38-4431-d84a9c5e4e66;1
eb801dbb-ab00-710d-2a46-f8c321e4b8df;1
eb820e2b-5f99-90f6-6ed5-b4f7c62aecaf;1
eb9f9534-ccd5-0071-0f3d-a4b9e300260f;1
eb9fc1b3-5bdb-bb92-d638-71610199d961;1
ebeb94f0-50ae-5a63-5716-0196b431dcca;1
ebf20e37-4257-faec-2a68-24c062acd083;1
ebfaf255-74b6-5ccf-66ba-dcfaa2434a2d;1
ec184861-1a0e-ec16-dbb7-685d3b4d82f1;1
ec23dfe8-203b-39df-2f7f-14561ce1dcd7;1
ec250e31-a5f8-9321-8653-054a90160a5f;1
ec2d4317-f5f3-ed69-4204-ba1f5207f303;1
ec33989e-03ef-e195-a93d-a1d12de2748d;1
ec4ced52-259b-aecc-d2e3-a6c10c9e87e7;1
ec4d0383-8733-4b5a-9588-d20c477a86e7;1
ec6d5a46-7a61-d6de-324b-a0a8ae5e4682;1
ec7c6cab-6dac-0552-2659-0c262e5a25ed;1
ecba7f61-94d4-bf80-d6c0-e9b70a52dc64;1
ecc53da1-0587-7f9c-54e0-d9e1b9a8d998;1
ecc8dc59-b57f-0697-9ffa-c9cadcfca740;1
ecd858de-27fc-0d69-07c2-e05bd6b03fbb;1
ecf2875a-0871-1110-87b5-7149242362e5;1
ecf71c99-0c18-dadc-6f7d-9a3d38610aa8;1
ecf84f30-0ff0-3383-3f99-657c2a5b4b37;1
ecfb51e5-7c75-0795-f83d-4db13ae9937f;1
ed01c9f6-d34b-8b4b-a8b4-085d6afc5963;1
ed1043a0-ca9f-62e8-7619-4153e6de7036;1
ed25d715-01d0-07aa-2374-8f1c709d1477;1
ed2bb4d0-1ee2-9c75-28a5-ad31b56d8e60;1
ed3f0f2d-6a38-20da-4a8b-4db33a072d89;1
ed497d52-7358-fc2b-9e10-e069e8558bcf;1
ed64bf50-674a-fcc6-4b34-c674b5abdfca;1
ed6dfd57-ddbe-85fe-9038-f6036ec30ff6;1
ed93f00d-c52d-8dcf-74a4-d61dc8e90533;1
edb5fb3c-d8a5-f4ce-699e-b566a60130ee;1
edbb64b5-c9c8-eb6c-eb14-60a4b3448431;1
edbba308-392e-3e74-05e5-1c67c0b5f903;1
ede230b7-6143-5b84-608e-85906c52f354;1
eded810c-b8e6-3ac2-7067-897ca336f876;1
edef57f5-19d1-c3a9-27f7-fbd3b33aadcd;1
ee021738-8c78-276d-b042-fb5e3fc52d80;1
ee0524d8-5e85-4093-5c80-69730b3ffbd7;1
ee104b04-65aa-05a2-a2b2-32ddd35823a9;1
ee12e7df-0224-3b56-f527-ef6b472c6b26;1
ee24258c-6e2b-ebdb-9fe5-0721f53e71a7;1
ee24d7f5-c728-63a9-876c-df38628b3d9a;1
ee3584b5-8d03-f7f8-c4f4-72e7b9325f91;1
ee41ed61-76ce-66c3-3517-9526ea8ec03a;1
ee46a75e-bb8e-7c5b-edb5-4ed442606aef;1
ee470cc5-4bf1-3efe-d597-26f32e8ca360;1
ee491391-88dd-e1bd-765b-81053b9e17c2;1
ee678948-ad8b-a494-f3fe-37e53138abe8;1
ee806b4f-af51-1ae2-f899-0586f3d5aaed;1
ee8bf664-38b3-2f23-d883-b72ec4979da6;1
ee8ffd8a-595d-0fbd-83f1-fc59a41d51f5;1
ee972259-6de3-ca88-6969-ec652f7d553d;1
eeb356dd-ee22-2042-f712-eabe25b03457;1
eeb3b2df-2536-3254-74ca-11e5ee40a53c;1
eecc62d7-1623-e8d5-565b-a2ef6ea63e09;1
eede3fcf-5965-b9ba-4dab-9a75510bcb59;1
eef1215f-cc66-2b05-0983-44aad312a742;1
eefa0b5f-4791-b8db-722f-a37644d837d1;1
eefa6a46-7e1c-fc31-0b20-91eb5800eb68;1
eeff8d62-1bde-3fe7-29ae-f192a62b1a97;1
ef18b91e-4177-beca-342f-0f612178c76e;1
ef1c6523-0070-0c03-29a3-34f39dd50e37;1
ef22ef72-085c-117c-0c17-64e41c122630;1
ef2d3aee-384f-3f82-f1d9-a7edae2b5ffc;1
ef2e7c7f-30c1-3496-d008-9ae28c559419;1
ef37a447-2370-461c-0ae4-051d67ed3b1f;1
ef3ed267-4ee0-b1e0-3a4c-e4a7e90f30b7;1
ef455364-0cc9-4ccc-2b80-56098eb8b9bf;1
ef54ac88-612b-1b07-4d13-9ac4cc910142;1
ef73eeaa-fc41-2797-4409-5b8e3adb05af;1
ef77eee1-5a34-5441-6a40-d1ded2a6d644;1
ef7fdca4-c1cf-f1ca-99b2-523dfeb8865f;1
efa08d77-164d-fcea-c012-f6b6d2b738eb;1
efbf99d8-2536-466e-53b9-0831b2812a11;1
efc09464-e138-86a7-5261-36a61b8761d0;1
efcab6a9-9aa3-55e6-5790-ea6bba033c1c;1
efd2908d-e5d9-2a59-f599-bb1738817108;1
efd34a3f-082a-ad7c-e8c6-621a165f66f0;1
efde8936-60f1-fe49-9acf-8ddd97f983ae;1
efe7f6fc-8f2b-b2c3-465c-1ae2b7e901b4;1
efe94867-826d-63e7-4787-d918e2854333;1
efeeb4bf-363e-ffdd-53e4-6366b250d58a;1
efefde40-15ef-237a-5801-53a3445ba924;1
eff2677e-9922-e1b9-81ed-859f220f360c;1
f0030a82-f66d-37d6-8b4a-28960fa53311;1
f0094ae4-fffd-f309-fead-e8d8f2f2b166;1
f0206fe5-a359-6b5e-478d-575fa73cb6ab;1
f022c4ff-30e4-03b6-5cf9-d42e9a9e2e4d;1
f023ea45-f023-a705-b9c0-067671cb81b0;1
f02bf4d4-5313-543d-7329-fbd1dafa4302;1
f040d20e-ab52-2271-e4e7-5983a8aef1c3;1
f04b9928-ab6d-14a4-b57e-c2af65290fb8;1
f06abf5b-4108-0dd5-95fe-69a549b83be4;1
f07d2ecb-82a8-c7fc-3f27-91d88910a108;1
f0830c47-87c2-a7dc-ae65-3080a62fbb63;1
f08a436c-32b2-52b7-7ced-f913e48c15a9;1
f08dc2ee-d300-c90e-a307-a061a6ded3e2;1
f0ae1594-5317-801a-d5aa-ae12141e05a4;1
f0bdf58e-da1f-848b-270f-553bf4c80d74;1
f0c3c3d0-9f2b-2267-3f6a-6fc27245bb53;1
f0c8968f-aa13-3954-91db-50879b2aecb1;1
f0d350ce-0da4-1444-dba8-0954c1c52642;1
f0d75a9d-9445-5588-bc37-234478180946;1
f0d86d44-7f40-4b3f-1b52-1c6050879104;1
f0e0e846-3f8d-b8db-7d47-4f65363b512c;1
f0ec208e-5441-d034-344a-a2331c305886;1
f0fd73e8-8c78-8d51-589e-5ec19c2e0aeb;1
f101a3f3-36e7-5c31-9bce-5f8f737c41fd;1
f12bfa2a-5e55-a98a-76ef-c61284bc1087;1
f14bee62-8548-4d03-8af3-23a82c10eb70;1
f15ebac8-1ce5-d95a-56e1-3eac3bd7243a;1
f163ba42-07b5-7b5e-3fbc-67a9b4cd3471;1
f169206f-af86-0fa9-c438-d12a1971c5a6;1
f16db8ed-b946-7e42-4d19-8245b23e966d;1
f1898460-917a-2015-5bd3-e3aedb459c37;1
f189ed99-fd3a-0be8-4fcb-65da7e187f06;1
f18f2f42-adc9-c31f-df48-4c03e5b83f8e;1
f1a152b6-8303-4113-257d-910e906d02d3;1
f1acba47-1788-8749-4344-da58ff5660fb;1
f1b4b790-b7ba-84a7-a2f2-039b4b43d69a;1
f1c431f2-68a9-ba67-b240-d35f933cb6e1;1
f1c80a99-cef0-e9c1-23d9-2b3bb1ab205c;1
f1e9113e-5777-0fca-00d4-0ac3055bd85d;1
f1edad15-6ef9-53c4-ac37-7df55db7d51b;1
f2087ba4-a8c7-7927-adf5-2126e9fea36b;1
f208d799-f6cc-efe3-007b-79226f17cd0f;1
f2267ade-d29f-3f27-ad49-624b0ef8ceaf;1
f24ef320-74af-c055-8227-5ed65bfdcc81;1
f2500508-f65a-3ee4-5a2c-ee48971d6726;1
f25100f4-fdb2-7382-73ed-0d511cdf1911;1
f258dd9a-6038-221c-c1bc-672226026642;1
f25b2e7e-17cf-7943-549b-bd91808aa051;1
f263d165-22cc-7184-fb55-1c3ee5ed109a;1
f26bb23e-5029-3f1c-a150-38128736b677;1
f2725dd8-b7e8-05e2-44da-6e75c485539f;1
f274b03a-c21c-9182-7a1b-b3079d153c29;1
f29b933b-abb9-fdad-867d-bf430cc2b2fd;1
f2ae2316-72d2-0f70-4c87-4aa9615d2640;1
f2be9923-480a-a99c-12d5-17c1cd85c006;1
f2ce247b-3a43-92f9-78c1-94ab0115be98;1
f2d0964a-e139-e5b8-bb41-00f180e7faee;1
f2ff5ef9-a01e-cfc8-4227-5b818cca4ac9;1
f324eacd-35ff-f9a1-d614-c1a72b1ceca5;1
f329652a-c0a7-5f88-291f-e35dfb3cd79c;1
f33739d4-f119-1050-e817-0f50142f3630;1
f3562a02-9ad8-5ab8-036c-ffcee06146dd;1
f357d094-9a70-9e2d-8673-0512669519d3;1
f35b47f7-67b1-64a2-7428-4d96741e2144;1
f36568ac-03a3-61a2-ef56-9628d630b54a;1
f3691f7a-91aa-7065-cca6-2e0b55ea76c2;1
f3772496-8ed9-d506-bd91-1fec6c1522ed;1
f3786c64-5fca-48f6-cdcf-1442cbbffbb0;1
f37d34a9-29ad-df35-05d1-93f3192b142c;1
f3851bcf-38e3-d3a5-70ea-516d5e7d264f;1
f386897f-f918-2234-ea76-2d437479c2fc;1
f38cea2f-7359-d06f-e374-52b091e0e0e7;1
f3914ef3-dc9f-5bce-d827-fe87e960217b;1
f393ab00-da76-44e3-53ba-8f36f4fdbfbd;1
f39da3d7-a0ec-bdcd-defb-5a1f1c7e409e;1
f3a3a1fc-309b-8d71-0e6e-f45e370c4f00;1
f3b0ccb9-5cc5-670a-abd1-c297579ae471;1
f3b54d51-6d97-2220-55bf-e4b4e5c50167;1
f3c46173-b312-3f90-a348-00e4f7458c1a;1
f3cfd91a-8cd7-eebd-158e-fafc644f1bc1;1
f3d12e83-2c07-163e-9bcb-1fd84d96d1f2;1
f3de26f8-6071-b39e-39ee-f6c14abdb524;1
f3e6d3d7-d0a5-b176-e819-ec523a23d2f7;1
f3f30f02-5ce6-1735-612e-423b0cddfc9d;1
f3fca695-924f-0644-631b-3a25d9565c77;1
f3ffa214-02d1-713d-34cd-2c97f845f9d5;1
f408342e-6881-8364-14b0-a146700d6d68;1
f40ae517-b797-26c1-8234-881119beb23e;1
f40b8730-1db3-b008-f992-e0a8b6fb2882;1
f42568ae-e6b3-7b4c-752d-97796249d8e8;1
f42d0c8a-df26-8a46-4c8a-ee05c293c08d;1
f44167a5-afb6-0a76-4e9d-00fd7699c9aa;1
f449c0ee-49bd-3d77-1d2a-b28c4a191f29;1
f452c5c3-432b-60ad-3631-b6435e6b8b87;1
f47475eb-0905-f47b-bd36-f102e3e30208;1
f47a6f10-01bf-c17b-cb9b-c724d9e9089c;1
f48555fe-f23c-a1d1-bb2d-e2d497575a37;1
f494362a-98c3-ee4f-97e8-23d795bdaa5b;1
f4a3bdfd-3a52-d2f5-39c6-3fbb26ae983d;1
f4a66565-9320-659d-424f-cc32c6e0d979;1
f4c3df91-83eb-2d2a-6bf7-9ea52d461b03;1
f4c66e56-dcef-aa5c-5dd3-7a188050f369;1
f4c8776d-0956-f4e2-f417-2f60b284aab4;1
f4d11863-4b47-c5b9-18b3-195f760f21f2;1
f4df239a-b0fd-eca1-c44f-9ae6cfb38719;1
f4e3e597-2f5b-2f76-f39f-e861247e7a20;1
f4f09676-c44b-879a-61ec-05238ed60e83;1
f4f0dbc2-ca1a-bfc9-186a-e729e15e75f6;1
f4febaad-848d-130e-5a89-cc4084e00ba4;1
f5136c48-e458-336b-3f67-68377ab47ba3;1
f51767e2-efad-564f-71ea-8aa556840171;1
f543beea-1a78-6f05-ef92-87c6c7dfdb45;1
f555ed4d-6636-c99d-4504-6cb6db68bb89;1
f5624cc1-d6d8-5af5-ea19-697c32bcdd73;1
f5669b01-b551-60ad-a640-86f5ab1a7ded;1
f56757ca-d319-2fc0-7c7a-4249c3384653;1
f58393b1-6778-1eeb-44e0-12e986a0ecba;1
f596fd3d-d36e-d0e8-5875-19056ae27211;1
f5978047-3429-17ba-9d04-d32e2ac809fa;1
f5a0c403-32d5-e1a3-988e-0b4e5bf68146;1
f5b2ff11-7858-7b9d-625e-0e92ea180d1b;1
f5d27d98-b81e-ef82-dd0e-874794a45c6b;1
f5dac861-0369-dbfd-1b41-881e739b9c68;1
f6078d79-9a1b-7689-47f0-b412660fe593;1
f611e1c8-3130-f506-3092-e8fe825821f2;1
f6227bdc-2bfb-b07b-67e1-e1722bb54189;1
f6305069-2a70-b084-b6c3-35b0a048aa8b;1
f638ad1e-0916-0099-36cb-45eed1f3d162;1
f65e8f59-ca83-a1a2-8cc5-3c32a4a9d04b;1
f66591f2-e651-d988-9a2d-358de2037904;1
f6692293-a33a-8a48-212c-8248e42dc4d3;1
f672fd07-6c21-a3ff-7a63-375d88f44e90;1
f6a8bc2e-7120-ebce-cdf6-580775169b6f;1
f6e28893-8a06-b209-7903-fda36e8a8641;1
f6e5a420-9a35-a7b0-0cee-7438fd351cb8;1
f6e71e67-b814-0085-542a-51a3ee6208af;1
f6ed7b1a-db7e-9777-bb07-7b35fe5c8040;1
f6f681ae-3e25-4409-34f0-b598247a834f;1
f6f7fc93-b5c9-ea6a-1983-635901c0596a;1
f71ebee6-b90b-f093-c0ca-76827aa305d2;1
f73068ff-9a15-3529-cb4e-7f616fc53562;1
f7817176-a6ad-1602-acdc-f931c9439ecb;1
f7907a04-d737-85bf-d725-6c09e4bcc2e1;1
f79714be-e1e9-efb2-11d1-cb4e7a0495cd;1
f79b96c0-5352-cbf6-e839-1073f468b350;1
f7ac61e1-6c92-9681-248e-b1c663d720f6;1
f7ec19f7-2366-248b-ebfa-f94e2dcd8e78;1
f7efe588-e6cd-578b-17e2-c3cf2a4e6493;1
f8002adf-2d9c-0072-fd6e-b471cf0e119b;1
f810540e-e2f5-a767-6529-4a95562925a0;1
f81e088e-ac13-b8b3-e577-063385b60d0e;1
f8228b25-2b5d-340e-7007-43026f7a481c;1
f82c92b9-2c19-8ea9-c9d7-100b0ecb65da;1
f837cdbb-0e28-90dd-c0bb-e76582d0ee09;1
f83b5e69-04b7-a389-2e62-dcbe11e73e10;1
f843870f-5d26-50d0-700d-0c93e6c270de;1
f84f6fef-7378-9e34-b4cb-7a9f33f579f5;1
f8510de7-9831-c7a2-1f61-2d881332ac23;1
f8594ae4-d1b0-e316-5126-daef3ec10f5d;1
f85bd24a-be6a-7a24-e4fb-bbfcca701df0;1
f85e9daf-bd3b-9eb2-4b4a-614cb32d3cb9;1
f86f8c4a-71f8-c321-0cd0-97e3268da9b9;1
f878d79d-4a83-912e-0be2-b76e6e654f1f;1
f879469a-e823-0784-0ca8-195239f93ab4;1
f87cfad2-3e9e-18f9-860a-586504c6135c;1
f87e38a0-a4dc-c8e0-66fa-553af1b4995c;1
f8904cb3-79f6-d064-0864-d8f8b0fd279b;1
f8b92f43-116c-4abb-04a7-f41c94e0ca0f;1
f8d18660-bc47-36d0-a3f9-b455d6845d48;1
f8d9d6aa-a4ca-0ddb-e81f-eaa3b4885140;1
f8dbed4d-0743-b9bb-5e83-4e382b77e1bd;1
f8dda465-d997-dc2c-053b-9f65562a2165;1
f8dde44e-b723-ad9e-b825-f42298a3d1f1;1
f8e97b01-91d9-1596-5aa5-38c5b72b3c83;1
f9290149-ffe2-3e4d-fe25-227b403d6d1f;1
f92b2b70-0c38-ed11-bc31-e1b5c6dc25f7;1
f938e0c4-d727-7ec9-5fcc-d8f4f05d6ccb;1
f93c3539-a614-6d70-4a21-7f9347b73538;1
f93d36d8-6b8d-fef3-4478-29b43909ef46;1
f93d9f28-83ec-2ae3-a4cb-97d27feaccc7;1
f941e7b8-4808-7c0f-80c6-aa8ed12cc6f6;1
f9480870-2201-00ad-0805-7e157c29fc5c;1
f95669d9-eeb9-7042-e760-93129e0a21c4;1
f96745d1-268f-f50e-dc8e-0e1896a1fb8f;1
f975128a-23b8-2ea2-c5ca-3f596a6a2c66;1
f97fa5f7-a167-6fb7-0355-98c3d857eb91;1
f9a340e7-4b5f-c5cf-1022-ca9009d5e854;1
f9a52d78-95af-15c5-dbdd-4fcd264b14e6;1
f9d32deb-dd07-9810-5b93-ea4d69fa44a2;1
f9ebf7fb-e8f1-25cb-bf7c-3e4a7a59aca1;1
fa004de6-081e-7cc1-86d5-fd99c35c8cd4;1
fa052739-e515-752e-eed2-46811d1670f6;1
fa08179e-76de-448c-6cd6-2c4984d6e58d;1
fa2844d8-4a01-dc63-f5cc-bd9e69d58462;1
fa2beeca-410e-0d2d-f91a-6710c94a9f9d;1
fa3b2326-c6d9-3301-bd8a-5d78338b61f1;1
fa458dab-d6d9-81d9-d790-ef15c182a863;1
fa51d945-d767-5aea-6db0-57f87a35f0f3;1
fa52d5ac-cf3a-e699-fce1-58b190984286;1
fa58354b-88dc-7a72-c5b7-7dcdd14b5635;1
fa5f27d6-8b7b-b3a1-efb3-e321a5db7163;1
fa631036-f9d3-756a-d426-b480fb279269;1
fa952736-ccce-545c-0537-2af8448b5788;1
faad905c-56fc-6aa9-44c9-0838ebde5a66;1
fabb4e63-0ab8-d92a-56fe-5265d0b45cf8;1
fabd2e29-7e4e-611c-2958-da793e125787;1
fac1b3d2-61dc-65d4-ffa8-87fda81c1292;1
fac4baa1-c13b-cb5e-f312-e2d443caeed1;1
fac7181c-5d98-1001-108f-8e8e861260ba;1
fac75fc9-5628-faed-059a-ded7a7827a3f;1
fac786d4-9fe1-ce1b-0dea-d237107d9cdd;1
facb9444-71bf-d380-afdc-1a0976582232;1
fad08819-34f1-4952-9114-0fff7aa4fb81;1
faf45930-2cef-f439-259e-982e906628f6;1
fafa6c5e-20f0-81b6-9251-8ee3de885cf1;1
fb074979-8242-4073-4429-3bcfa4ebf4b3;1
fb1790e9-cdff-f675-ece5-7ad9659f95a1;1
fb22ff79-6111-ed9d-0476-c78e5373daa5;1
fb2df367-ad5f-d0ac-d229-50f3cf9bc477;1
fb3287b3-d85f-9ad2-57f0-a3bf1cbf9eed;1
fb3f0b0e-7d64-087a-42c5-16ac3e42f49d;1
fb449f7f-d983-1139-3276-7388cbfdd676;1
fb4a3846-e6be-aa6a-3960-e0a6702de66a;1
fb5701ac-64d8-a9c9-9abd-35d18c2a1253;1
fb5a2f69-01df-cbee-7374-3c8c0f3df74a;1
fb60c934-2bfd-0ff6-760d-2730e796806b;1
fb6a855e-5d43-aaf6-0709-dc28dcffe85d;1
fb6f8936-49db-70aa-48a7-296582a50d59;1
fb736280-5b35-ff1a-3d73-9e5d6115c12b;1
fb7e032a-5f11-2354-3b7d-ad22bee6871e;1
fb81cf26-577f-ccf3-a610-cdf9a2677aea;1
fb845073-c5f8-0a91-d430-5ec0e752efab;1
fb8d29be-ca81-7122-c2f2-cedcc48a5034;1
fb8fa46f-4d58-adff-fe9f-7334ca661512;1
fbcb8ee7-911d-1166-8e27-84b75be60d0f;1
fbcc81bc-7e6d-76a3-701c-591988428fd1;1
fbe162ec-78f9-846b-697b-81be9aabd787;1
fbe4b1fa-980d-802d-58bc-b64b78fc85e8;1
fbe56327-9318-7568-a69b-364f4d0d07c5;1
fbee3872-b9bf-7c22-9987-68d80e7b155a;1
fbef0c48-3962-e536-99e1-c91931c8d9c0;1
fbfc5586-f4e9-05a1-0490-b545a8bc6679;1
fc061790-4993-6f61-9f12-e5ca0d9ba919;1
fc11a478-52b8-f9cf-1587-5ec8933fb1f8;1
fc564221-e5f0-6264-c6e6-ba9745f927fd;1
fc5dd665-3a2c-5235-5048-f8eb5da000de;1
fc654181-c086-bd20-5059-eb062bd72e0f;1
fc70552e-182d-7754-3e89-b4ad70897269;1
fca42f84-8225-a7a5-67db-85c8369aadab;1
fcafe640-9b92-39ac-b732-1069d3c15d84;1
fcbabc50-1108-a12c-23cb-b8e730f6fae1;1
fcbfd1f1-5d6e-93ca-97c6-d1d9a453d157;1
fd218e53-3914-da60-a37a-a8248b4bd918;1
fd26b646-4e98-f498-eee2-f035c2b61c79;1
fd2cd009-9d47-e536-12d1-8a9ba397de56;1
fd2eb9c6-f719-f62d-af78-859e924e123e;1
fd3ad9bf-a5cc-6a4b-a835-15856b93d5a5;1
fd41778f-73e6-52e3-9597-aa4ee0a93a98;1
fd734b75-17ff-5718-0276-ec32a94452bc;1
fd73671c-5840-fbc1-c1d2-5d89975768b7;1
fd7bea2c-75c9-b1a8-9827-189bacc8badd;1
fd7d5be5-6117-fe28-cdca-68fa27310214;1
fd809391-38ea-ab4d-c7f9-2c61d85a22c4;1
fd853a0c-4a48-cfec-feda-e75babf4d81a;1
fd8b3eea-1bc1-51de-57f0-a42c1fc1116b;1
fd9d28e0-aab4-1795-4ac5-da09af5d24d1;1
fd9e8bf1-79ac-f8d1-c6ff-7c7519935a6f;1
fdacbd5c-4b17-0b57-5c6a-b62733836fb5;1
fdae173c-cb44-48ad-1a52-766cf2f2176b;1
fdba02bd-bd02-547d-c468-fa5a8e4199ec;1
fdbe05af-8bd6-c98b-371f-93248278b2f2;1
fdbff16e-e399-9ec5-b2f7-8092e6e5294f;1
fdbffc35-36d5-8fc4-fa94-d6d9eb072c89;1
fdc2c505-ba37-fecb-4f77-b7cf94aa2511;1
fdc52240-7df7-2c04-5cd5-94271c3b79c1;1
fdcdd905-a44f-7c6a-1142-b77d914eaef0;1
fdd58896-9e37-5a3c-e7b5-129a61a44d92;1
fdf793a1-73e9-120a-520b-b369556a5a94;1
fdfa09c0-57d4-8042-c7fc-8cb017fd27e5;1
fdfb63d8-f144-0c9a-b618-e98d7f8b7350;1
fe08d302-d9ca-a63c-7f44-c4bb11e38a47;1
fe24c398-221e-ff72-022b-f2bb22121596;1
fe3c90c8-57f0-eabd-29e8-bda3a51fbf15;1
fe5edc95-135f-4133-d75b-241801433eb4;1
fe67b952-c8c5-80d2-41ab-b62ab42f1daa;1
fe6ab13b-6cb2-9059-1479-0a08f1ff874d;1
fe6d2b66-2070-2afb-4a09-c7358cf8d2cf;1
fe77c51d-6e06-39cd-0026-c8543bb4976f;1
fe9edb35-4615-1562-decf-34d22a9e7b65;1
fea9f0bb-e72f-6d39-a78d-c968c17971d9;1
feacea68-7605-e222-c86e-94942e560872;1
feb15819-f4f1-941f-96ea-98139bfba64e;1
feb18d1f-e8ea-6da0-8066-d7d196ed89be;1
feb21bb2-2603-f7b3-c3ad-201e53ce39fd;1
fec80f3e-b60e-c113-fce2-6a888eefdfc4;1
fecd4d06-dee5-cb56-288d-73b1e8aff21e;1
fedd13db-d772-4a05-c30c-201641699d8d;1
fee23933-9c0d-1172-1ac6-e708d30f7d13;1
feeba549-b6ed-efdc-58ad-21d6de52373d;1
fefa6396-6312-bc44-d19a-59e45ecfec4d;1
ff006bdd-14b8-20bd-2626-9c5999bbf4a6;1
ff0c74ed-5918-30c1-8724-f26b4a1b018b;1
ff183049-720f-7f45-71df-a3571091316e;1
ff27da4d-1923-c9ab-69b8-e57450a66bc4;1
ff49be88-3c26-bb30-9684-65662338f3bd;1
ff589ca6-946e-ec96-b8c4-cb27b3a5370c;1
ff75c07a-f765-7933-457f-176d5daa09b0;1
ff848e08-2dc7-e7f6-34cb-415cfcb35f42;1
ff93c4dc-f15e-4110-71c2-82ac9172c280;1
ff96f4dc-5399-8ba6-b275-5d59b1cbe420;1
ffa8c057-f525-6a08-bbfb-128be5f0e851;1
ffc371c9-cb18-dbce-d867-75ad7885b0c4;1
ffcefe5f-8154-380a-f538-cc9e393c748d;1
ffe41d0d-5489-08c5-1c15-269816f0a46b;1
ffedd359-055a-fbf3-4a26-5997936aad2d;1
