;22238
2015-05-27 09:38:25.154249;27467
2015-06-29 11:18:40.098885;1
2015-07-06 09:36:13.209763;1
2015-07-06 09:40:15.66245;1
2015-07-06 09:44:03.851362;1
2015-09-07 09:52:14.743143;1
2015-10-18 12:07:40.241129;1
2015-12-09 17:17:46.737906;1
2015-12-10 15:29:07.0974;1
2015-12-21 09:19:40.350504;1
2015-12-21 09:33:01.379456;1
2016-01-05 15:36:23.468318;1
2016-01-05 15:37:25.931247;1
2016-02-10 14:06:00.999617;1
2016-03-02 12:24:43.587544;1
2016-03-09 11:57:48.005232;1
2016-03-13 16:00:21.653209;1
2016-03-18 11:34:38.22859;1
2016-03-21 09:04:38.969726;2
2016-03-21 09:05:05.098212;2
2016-03-21 09:05:30.792084;2
2016-04-20 13:58:41.280012;1
2016-04-20 14:00:28.257561;1
2016-04-20 14:01:53.49235;1
2016-04-20 14:37:36.352358;1
2016-04-22 11:14:01.733503;1
2016-04-22 11:16:55.130864;1
2016-04-22 11:51:24.753348;1
2016-04-25 14:09:55.660086;1
2016-04-25 14:10:16.901166;1
2016-04-25 14:10:34.842217;1
2016-04-25 14:15:39.953963;1
2016-04-25 14:18:59.468295;1
2016-04-25 14:56:24.876945;1
2016-04-25 14:56:37.399114;1
2016-04-25 15:29:57.269853;1
2016-04-25 15:44:28.181392;1
2016-04-25 15:49:33.164852;1
2016-04-25 15:50:01.637701;1
2016-04-25 15:56:47.867912;1
2016-04-26 14:09:48.711435;2
2016-04-26 14:10:39.884266;1
2016-04-26 14:12:01.056954;1
2016-04-26 14:14:47.917373;1
2016-04-29 11:54:04.3943;1
2016-05-25 10:44:47.265889;1
2016-05-25 11:26:18.720077;1
2016-05-30 12:51:55.30333;1
2016-06-02 09:59:35.740774;1
2016-06-02 11:16:41.858488;1
2016-06-02 11:18:19.46491;1
2016-06-07 13:57:36.556242;1
2016-06-20 10:17:54.665659;1
2016-06-20 10:18:36.999868;1
2016-06-20 10:20:09.306321;1
2016-06-20 10:23:01.589061;1
2016-06-20 10:23:41.032126;1
2016-06-20 10:24:22.382312;1
2016-06-20 10:30:34.920361;1
2016-06-20 10:31:14.051906;1
2016-06-20 10:34:21.589942;1
2016-06-20 10:39:14.856755;1
2016-06-20 10:39:55.482322;2
2016-06-20 10:40:39.489488;2
2016-06-20 10:42:35.036636;1
2016-06-20 10:43:31.13938;1
2016-06-20 10:44:18.210855;1
2016-06-20 10:44:52.927893;1
2016-06-22 14:20:24.606653;1
2016-06-22 14:21:16.11649;1
2016-06-23 11:26:44.629729;1
2016-07-01 11:30:40.577469;2
2016-07-01 15:28:45.454814;1
2016-07-03 18:20:13.631926;2
2016-07-11 14:49:56.756289;1
2016-07-11 14:53:50.007683;1
2016-07-11 15:00:52.726901;1
2016-07-11 15:01:43.1808;1
2016-07-11 15:02:11.831727;1
2016-07-11 15:02:40.801927;1
2016-07-11 15:03:11.89182;1
2016-07-11 15:03:51.585599;1
2016-07-11 15:04:25.263052;1
2016-07-11 15:04:52.361042;1
2016-07-11 15:05:20.969744;1
2016-07-11 15:05:50.159477;1
2016-07-11 15:06:14.58496;1
2016-07-11 15:06:42.84242;1
2016-07-11 15:07:08.387975;1
2016-07-11 15:07:37.165336;1
2016-07-11 15:08:01.853677;1
2016-07-11 16:28:20.616809;1
2016-07-11 16:28:58.864033;1
2016-07-11 16:29:24.778928;1
2016-07-11 16:29:53.812328;1
2016-07-11 16:30:32.661797;1
2016-07-11 16:31:03.526237;1
2016-07-11 16:31:41.255603;1
2016-07-11 16:32:04.644278;1
2016-07-11 16:32:27.74121;1
2016-07-11 16:33:48.768232;1
2016-07-11 16:34:12.980519;1
2016-07-11 19:49:17.264055;1
2016-07-11 19:49:53.49365;1
2016-07-12 12:46:03.680184;1
2016-07-12 12:46:36.26483;1
2016-07-12 14:22:08.607599;1
2016-07-13 11:30:19.024067;1
2016-07-13 11:31:40.735098;1
2016-07-13 11:37:00.452111;1
2016-07-13 11:37:22.480874;1
2016-07-13 11:37:54.04427;1
2016-07-13 11:38:20.88665;1
2016-07-13 11:38:48.596636;1
2016-07-13 11:39:47.092879;1
2016-07-13 11:40:14.840084;1
2016-07-13 11:40:41.565126;1
2016-07-13 11:41:07.806466;1
2016-07-13 11:41:33.952042;1
2016-07-13 11:41:59.591488;1
2016-07-13 12:04:42.659451;1
2016-07-13 12:06:02.706594;1
2016-07-14 10:24:27.861973;1
2016-07-14 10:25:11.455736;1
2016-07-14 10:49:18.43829;1
2016-07-14 11:14:02.306556;1
2016-07-14 11:17:28.149047;1
2016-07-14 11:18:41.069268;1
2016-07-14 11:19:59.177256;2
2016-07-15 14:11:07.854728;1
2016-07-15 15:11:16.060012;1
2016-07-15 15:11:54.086731;1
2016-07-15 15:12:23.531153;1
2016-07-15 15:12:55.400051;1
2016-07-15 15:13:25.310124;1
2016-07-15 15:13:54.582676;1
2016-07-15 19:32:43.662066;1
2016-07-15 19:33:55.739438;1
2016-07-15 19:34:24.878046;1
2016-07-15 19:34:53.9067;1
2016-07-15 20:42:15.515279;1
2016-07-15 20:43:01.802435;1
2016-07-16 16:43:26.373169;1
2016-07-16 16:44:28.913554;1
2016-07-16 16:47:24.140705;1
2016-07-16 16:47:46.363773;1
2016-07-16 17:40:07.26269;1
2016-07-16 18:07:54.022831;1
2016-07-16 18:08:22.366101;1
2016-07-16 18:08:51.3388;1
2016-07-16 18:09:22.89269;1
2016-07-16 18:09:46.518413;1
2016-07-16 18:27:00.269466;1
2016-07-16 19:53:27.916422;1
2016-07-16 19:53:52.314811;1
2016-07-16 19:54:18.905561;1
2016-07-16 19:54:39.32005;1
2016-07-16 19:55:02.908815;1
2016-07-16 19:55:25.908096;1
2016-07-16 19:55:48.730591;1
2016-07-16 19:56:10.279376;1
2016-07-16 19:56:31.16834;1
2016-07-16 19:56:51.115019;1
2016-07-16 19:59:08.400626;1
2016-07-16 19:59:37.964901;1
2016-07-16 20:00:00.77205;1
2016-07-16 20:00:18.995998;1
2016-07-16 20:00:39.311596;1
2016-07-16 20:01:22.336436;1
2016-07-16 20:01:48.339007;1
2016-07-16 20:02:17.225976;1
2016-07-16 20:02:42.635278;1
2016-07-16 20:03:07.8778;1
2016-07-16 20:03:35.703722;1
2016-07-17 11:16:00.612459;1
2016-07-17 11:16:30.702536;1
2016-07-17 11:16:57.705552;1
2016-07-17 21:36:37.06434;1
2016-07-17 21:37:18.808023;1
2016-07-17 21:37:37.345189;1
2016-07-17 21:37:55.851288;1
2016-07-17 21:38:57.937369;1
2016-07-18 10:26:22.989413;1
2016-07-18 10:55:58.918288;2
2016-07-18 10:56:18.705559;2
2016-07-18 10:56:48.876925;1
2016-07-18 10:57:22.050492;2
2016-07-18 10:57:43.200969;2
2016-07-18 10:58:02.945088;2
2016-07-18 10:58:22.506844;2
2016-07-18 10:59:35.121785;1
2016-07-18 11:00:23.792339;1
2016-07-18 11:01:42.713574;2
2016-07-18 11:02:26.002621;1
2016-07-18 11:03:50.208533;2
2016-07-18 11:59:57.891792;1
2016-07-18 12:00:23.010216;1
2016-07-18 12:00:55.764417;1
2016-07-18 12:01:29.099809;1
2016-07-18 12:02:18.903982;1
2016-07-18 12:08:00.159821;2
2016-07-18 12:35:56.150205;1
2016-07-18 12:36:21.054476;1
2016-07-18 12:36:47.080654;1
2016-07-18 16:00:00.772833;1
2016-07-18 16:00:24.439228;1
2016-07-18 16:00:47.448762;1
2016-07-18 16:01:08.19723;1
2016-07-18 16:01:33.572154;1
2016-07-18 16:02:02.135182;1
2016-07-18 16:02:26.419923;1
2016-07-18 16:02:46.519198;1
2016-07-18 16:03:07.371738;1
2016-07-18 16:03:25.600837;1
2016-07-18 16:03:46.268787;1
2016-07-18 16:04:11.672639;1
2016-07-18 16:04:32.721254;1
2016-07-18 16:04:52.798182;1
2016-07-18 16:05:13.053989;1
2016-07-18 16:05:40.648681;1
2016-07-18 16:12:53.818025;1
2016-07-18 16:13:19.748008;1
2016-07-18 16:37:12.242201;1
2016-07-18 16:37:34.819454;1
2016-07-18 16:38:00.966785;1
2016-07-18 16:38:30.461493;1
2016-07-18 16:38:54.472492;1
2016-07-18 16:39:17.689228;1
2016-07-18 16:39:43.219447;1
2016-07-18 16:40:04.337809;1
2016-07-18 16:40:28.825984;1
2016-07-18 16:40:58.146644;2
2016-07-19 12:23:03.498125;1
2016-07-19 12:51:57.061323;1
2016-07-19 12:52:20.349712;1
2016-07-19 12:52:47.61288;1
2016-07-19 14:37:44.819646;1
2016-07-19 14:51:27.958623;1
2016-07-19 14:51:48.531085;1
2016-07-19 14:52:17.753751;1
2016-07-19 14:52:42.529055;2
2016-07-19 15:12:33.562756;1
2016-07-20 11:09:41.830701;1
2016-07-20 11:10:13.182406;1
2016-07-20 12:17:08.314669;1
2016-07-20 12:17:35.674896;1
2016-07-20 15:19:36.100955;1
2016-07-21 14:00:21.051832;1
2016-07-21 14:12:18.284888;1
2016-07-21 14:38:46.96033;1
2016-07-21 14:39:24.400192;1
2016-07-21 14:39:57.287783;1
2016-07-21 14:58:14.716903;1
2016-07-21 14:58:46.314477;1
2016-07-22 09:39:39.915759;1
2016-07-22 10:17:21.533559;1
2016-07-22 10:17:47.995729;1
2016-07-22 10:18:14.797156;1
2016-07-22 10:42:07.511523;1
2016-07-22 10:42:30.221293;1
2016-07-22 10:42:55.764307;1
2016-07-22 10:43:16.292184;1
2016-07-22 10:43:40.057995;1
2016-07-22 10:44:01.979067;1
2016-07-22 10:44:58.472637;1
2016-07-22 10:45:18.03556;1
2016-07-22 10:45:39.109312;1
2016-07-22 10:47:47.151209;1
2016-07-22 10:48:47.324413;2
2016-07-22 10:49:15.81812;1
2016-07-22 10:49:47.242972;1
2016-07-22 10:50:14.33171;2
2016-07-22 10:50:40.987095;1
2016-07-22 10:51:04.722586;2
2016-07-22 15:12:33.842335;1
2016-07-22 15:51:30.174299;1
2016-07-22 15:52:33.129521;1
2016-07-22 15:52:56.934217;1
2016-07-23 08:00:19.129895;1
2016-07-23 08:00:41.814816;1
2016-07-23 08:01:03.108036;1
2016-07-23 08:01:30.534101;1
2016-07-23 08:01:51.425575;1
2016-07-23 08:02:09.898282;1
2016-07-23 08:02:27.437797;1
2016-07-23 08:02:48.853534;1
2016-07-23 08:03:16.796872;1
2016-07-23 08:04:01.014323;1
2016-07-23 08:04:21.408135;1
2016-07-23 08:04:48.489568;1
2016-07-23 21:44:37.857859;1
2016-07-24 10:14:32.473169;1
2016-07-24 10:38:11.438545;1
2016-07-24 10:38:36.744484;1
2016-07-24 10:38:59.230516;1
2016-07-24 10:39:26.868811;1
2016-07-24 10:39:51.589648;1
2016-07-24 11:07:39.523187;1
2016-07-24 11:09:08.954516;1
2016-07-24 11:09:30.491705;1
2016-07-24 12:01:44.511756;1
2016-07-24 12:02:08.948201;1
2016-07-24 12:02:30.835437;1
2016-07-24 12:03:22.223481;1
2016-07-24 12:25:30.302195;1
2016-07-24 12:28:32.679031;2
2016-07-24 13:55:32.681292;1
2016-07-24 13:55:51.388189;1
2016-07-24 13:56:15.638915;1
2016-07-24 13:56:38.720968;1
2016-07-24 13:57:19.155447;2
2016-07-24 13:57:44.068028;1
2016-07-24 15:09:22.163223;1
2016-07-24 15:33:42.129466;1
2016-07-24 15:34:19.344411;1
2016-07-24 15:36:31.813358;1
2016-07-24 15:36:49.982799;1
2016-07-24 15:37:11.128685;1
2016-07-24 15:38:44.021461;1
2016-07-24 15:39:08.311591;1
2016-07-24 15:39:36.188069;1
2016-07-24 15:40:02.129754;1
2016-07-24 15:40:28.916229;1
2016-07-24 20:48:25.588452;1
2016-07-24 20:48:48.469586;1
2016-07-24 20:49:08.24497;1
2016-07-24 20:49:27.536844;1
2016-07-24 20:49:56.686208;1
2016-07-24 20:50:18.523615;1
2016-07-24 20:50:43.609199;1
2016-07-24 20:56:30.864795;1
2016-07-24 20:56:49.77173;1
2016-07-25 10:45:29.923151;1
2016-07-25 11:39:56.336004;1
2016-07-25 11:57:31.31678;1
2016-07-25 11:57:50.933704;1
2016-07-25 11:58:55.915572;1
2016-07-25 12:00:49.212418;1
2016-07-25 12:18:16.891946;1
2016-07-25 15:37:47.310447;1
2016-07-25 16:25:44.665943;1
2016-07-25 19:51:26.080116;1
2016-07-25 19:52:52.287264;1
2016-07-25 19:53:25.567654;1
2016-07-25 19:55:18.579228;1
2016-07-26 13:44:07.663832;1
2016-07-26 13:50:47.026388;1
2016-07-26 13:54:15.836926;1
2016-07-26 13:55:57.105999;1
2016-07-27 12:11:17.593998;1
2016-07-27 12:11:44.14373;1
2016-07-27 12:12:05.601424;1
2016-07-27 12:12:28.652029;1
2016-07-27 12:36:31.264605;1
2016-07-27 16:55:55.294185;1
2016-07-27 16:56:14.101925;1
2016-07-27 16:56:45.097652;1
2016-07-27 16:57:11.201899;1
2016-07-27 16:57:30.906073;1
2016-07-27 16:57:50.882958;1
2016-07-27 16:58:13.321829;1
2016-07-27 16:58:36.067044;1
2016-07-27 16:59:30.025897;1
2016-07-27 16:59:57.656001;1
2016-07-28 10:01:31.575216;1
2016-07-29 11:58:28.867363;1
2016-07-29 11:58:49.716262;1
2016-07-29 12:01:03.176799;1
2016-07-29 12:01:36.788837;1
2016-07-29 12:49:56.829179;1
2016-07-29 12:50:25.654431;1
2016-07-29 15:50:05.671805;1
2016-07-29 15:54:47.918115;1
2016-07-29 15:55:10.996164;1
2016-07-30 16:44:12.56778;1
2016-07-30 16:44:36.33684;1
2016-07-30 16:45:01.946094;1
2016-07-30 18:01:06.284647;1
2016-07-30 18:01:29.43685;1
2016-07-30 18:01:52.167321;1
2016-07-30 18:02:09.980348;1
2016-07-30 18:02:28.804824;1
2016-07-30 18:02:58.004523;1
2016-07-30 18:03:22.81229;1
2016-07-30 18:03:56.64287;1
2016-07-30 18:04:19.849806;1
2016-07-30 18:05:43.461539;1
2016-07-30 18:24:47.733796;1
2016-07-31 10:08:13.407549;1
2016-07-31 10:08:41.601729;1
2016-07-31 10:09:03.839107;1
2016-07-31 10:09:25.921167;1
2016-07-31 10:09:48.813081;2
2016-07-31 10:10:07.307407;2
2016-07-31 10:10:25.46716;2
2016-07-31 10:10:45.37416;1
2016-07-31 10:11:15.780049;2
2016-07-31 10:11:59.47755;1
2016-07-31 10:12:19.730899;2
2016-07-31 10:13:26.19885;2
2016-07-31 10:22:07.05356;1
2016-07-31 10:23:16.462789;1
2016-07-31 10:23:45.622009;1
2016-07-31 10:32:20.642358;1
2016-07-31 10:32:49.391175;1
2016-07-31 11:17:48.841686;1
2016-07-31 11:18:08.537583;1
2016-07-31 11:18:28.130278;1
2016-07-31 11:18:46.535255;1
2016-07-31 11:19:02.145089;1
2016-07-31 11:19:18.155137;1
2016-07-31 11:19:35.518683;1
2016-07-31 11:20:14.281714;1
2016-07-31 11:22:24.556276;1
2016-07-31 11:22:44.975711;2
2016-07-31 11:23:20.511741;2
2016-07-31 14:13:11.857214;1
2016-07-31 14:17:31.973937;1
2016-07-31 14:18:02.95646;1
2016-07-31 14:18:21.600611;1
2016-07-31 14:19:23.347399;1
2016-07-31 14:19:49.811464;1
2016-07-31 14:20:18.9326;1
2016-07-31 17:24:27.893559;1
2016-07-31 17:24:49.020416;1
2016-07-31 17:25:13.589599;1
2016-08-01 09:43:39.477887;1
2016-08-01 09:44:01.703249;1
2016-08-01 09:44:27.971739;1
2016-08-01 10:34:32.17188;1
2016-08-01 10:34:55.784522;1
2016-08-01 10:35:19.774842;1
2016-08-02 16:15:16.195965;1
2016-08-04 17:25:52.956394;2
2016-08-04 17:27:56.340573;1
2016-08-04 17:28:20.427182;1
2016-08-05 08:03:25.269866;1
2016-08-05 08:03:48.490302;1
2016-08-05 09:45:35.345465;1
2016-08-05 09:51:22.425568;1
2016-08-05 11:57:22.390204;1
2016-08-05 11:58:04.653099;1
2016-08-05 12:37:05.460847;1
2016-08-05 14:06:03.391542;1
2016-08-05 14:06:42.531534;1
2016-08-05 14:07:13.272639;1
2016-08-05 14:07:34.770238;1
2016-08-05 14:07:57.308914;1
2016-08-05 14:08:19.96767;1
2016-08-05 14:08:44.345007;1
2016-08-05 14:09:04.759355;1
2016-08-05 14:09:26.120803;1
2016-08-05 14:09:50.080661;1
2016-08-05 14:10:15.270862;1
2016-08-05 14:10:39.00955;1
2016-08-05 14:11:06.047541;1
2016-08-05 14:11:28.19584;1
2016-08-05 14:11:51.472085;1
2016-08-05 14:12:17.894751;1
2016-08-05 14:12:44.700539;1
2016-08-05 20:37:33.897151;1
2016-08-05 20:37:54.914185;1
2016-08-05 20:38:13.375919;1
2016-08-05 20:38:56.000782;1
2016-08-05 20:39:16.95872;1
2016-08-05 20:39:38.14235;1
2016-08-05 20:41:00.952729;1
2016-08-05 20:42:09.306136;1
2016-08-05 20:42:31.391319;2
2016-08-05 20:42:47.274657;2
2016-08-05 20:43:11.659936;1
2016-08-05 20:45:08.311412;1
2016-08-05 20:45:32.777684;1
2016-08-05 20:45:59.014453;1
2016-08-05 20:46:17.969689;1
2016-08-05 20:46:34.784046;1
2016-08-05 20:46:51.515726;1
2016-08-05 20:47:10.038149;1
2016-08-05 20:47:31.836957;1
2016-08-05 20:47:49.544492;1
2016-08-05 20:48:09.9413;1
2016-08-05 20:49:55.0426;1
2016-08-05 20:50:12.769594;1
2016-08-05 20:50:30.749932;1
2016-08-05 20:50:48.561481;1
2016-08-05 20:51:07.296244;1
2016-08-05 20:51:26.732236;1
2016-08-05 20:51:53.173042;1
2016-08-05 20:52:18.254257;1
2016-08-05 20:52:59.121512;1
2016-08-05 20:53:15.693341;1
2016-08-05 20:53:32.948553;1
2016-08-05 20:53:51.072128;1
2016-08-05 21:24:41.193552;1
2016-08-05 21:27:08.671985;1
2016-08-06 18:05:39.035903;1
2016-08-06 18:06:28.949154;1
2016-08-06 18:11:48.571725;1
2016-08-06 20:13:02.796894;1
2016-08-06 20:41:34.072393;1
2016-08-06 20:41:51.566102;1
2016-08-06 20:42:09.448379;1
2016-08-06 20:42:28.913603;1
2016-08-06 20:42:48.284503;1
2016-08-06 20:43:18.441598;1
2016-08-06 20:44:04.371237;1
2016-08-06 20:44:45.965678;1
2016-08-06 20:54:51.0626;1
2016-08-07 09:14:44.743634;2
2016-08-07 09:15:03.074736;2
2016-08-07 09:15:40.150232;2
2016-08-07 09:15:58.563754;2
2016-08-07 09:16:16.391767;2
2016-08-07 09:16:53.329494;2
2016-08-07 09:17:14.597426;2
2016-08-07 09:17:32.517399;2
2016-08-07 09:17:51.624637;2
2016-08-07 09:18:09.164018;2
2016-08-07 09:18:27.119592;2
2016-08-07 09:18:45.527473;2
2016-08-07 09:19:03.548086;2
2016-08-07 09:19:23.976631;2
2016-08-07 09:19:42.498623;2
2016-08-07 09:20:00.437049;2
2016-08-07 09:20:18.40541;2
2016-08-07 09:20:35.590961;1
2016-08-07 09:20:53.250704;1
2016-08-07 09:21:10.976779;1
2016-08-07 09:21:28.17584;1
2016-08-07 09:21:45.069097;1
2016-08-07 09:22:03.12105;1
2016-08-07 09:22:21.62541;2
2016-08-07 16:11:55.68437;1
2016-08-07 16:12:41.191802;2
2016-08-07 16:12:58.761515;2
2016-08-07 16:13:34.049159;1
2016-08-07 16:14:50.261232;1
2016-08-07 16:15:11.269691;1
2016-08-07 16:15:29.464444;1
2016-08-07 16:15:49.021015;1
2016-08-07 16:17:28.030834;2
2016-08-07 16:28:37.279746;1
2016-08-07 17:39:36.423777;1
2016-08-07 17:40:48.782887;1
2016-08-07 20:22:33.471708;1
2016-08-07 20:23:00.682445;1
2016-08-07 20:28:07.067776;1
2016-08-07 20:32:35.695509;1
2016-08-07 20:32:58.730928;1
2016-08-07 20:49:22.935933;1
2016-08-08 10:11:53.973763;1
2016-08-08 10:12:20.005729;1
2016-08-08 10:12:41.651959;1
2016-08-08 10:44:57.746141;1
2016-08-08 12:27:26.498197;1
2016-08-08 12:27:50.053946;1
2016-08-08 12:28:12.383133;1
2016-08-08 12:28:39.352656;1
2016-08-08 12:29:07.700223;1
2016-08-08 12:29:35.407255;1
2016-08-08 12:48:16.73818;1
2016-08-08 14:14:21.930642;1
2016-08-08 14:14:49.297334;1
2016-08-08 14:24:06.579414;1
2016-08-08 14:24:28.332404;1
2016-08-08 14:24:50.253242;1
2016-08-08 15:42:38.020729;1
2016-08-08 19:11:59.601974;1
2016-08-08 19:12:24.854656;1
2016-08-08 19:12:43.827215;1
2016-08-08 19:13:02.232441;1
2016-08-08 19:13:21.523237;1
2016-08-09 17:01:42.937522;1
2016-08-09 17:31:59.868601;1
2016-08-09 17:32:21.899233;1
2016-08-09 17:32:50.474809;1
2016-08-09 17:34:48.825639;1
2016-08-09 17:35:44.840625;1
2016-08-10 08:32:40.052113;1
2016-08-10 08:33:33.350066;1
2016-08-10 12:21:09.659212;1
2016-08-10 12:26:17.389996;1
2016-08-10 12:27:46.693397;1
2016-08-10 12:28:11.753651;1
2016-08-10 12:29:11.326356;1
2016-08-10 12:30:13.096092;1
2016-08-10 12:30:40.603425;1
2016-08-10 12:30:59.139293;1
2016-08-10 12:31:51.843268;1
2016-08-10 12:32:12.069136;1
2016-08-10 12:32:54.202118;1
2016-08-10 12:33:15.666246;1
2016-08-10 12:33:35.358316;1
2016-08-10 12:34:42.917806;1
2016-08-10 12:35:22.560171;1
2016-08-10 12:35:47.861957;1
2016-08-10 12:36:08.980789;1
2016-08-10 12:37:48.218656;1
2016-08-10 12:38:39.921382;1
2016-08-10 12:39:06.645691;1
2016-08-10 12:39:34.985457;1
2016-08-10 12:39:54.745072;1
2016-08-10 12:40:20.729322;1
2016-08-10 12:40:55.183529;1
2016-08-10 12:42:11.706536;1
2016-08-10 12:42:36.923095;1
2016-08-10 13:48:02.474906;1
2016-08-10 13:48:30.760236;1
2016-08-10 13:48:55.473528;1
2016-08-10 13:49:22.082203;1
2016-08-10 13:51:07.692047;1
2016-08-11 10:32:33.457842;1
2016-08-11 10:34:23.327623;1
2016-08-11 10:34:55.626161;1
2016-08-11 10:35:44.759734;1
2016-08-11 10:48:09.788207;1
2016-08-11 16:47:20.335645;1
2016-08-11 16:47:43.976673;1
2016-08-11 16:48:07.292725;1
2016-08-11 16:48:28.595607;1
2016-08-11 16:48:54.293074;1
2016-08-11 16:49:17.884145;1
2016-08-11 16:49:41.852815;1
2016-08-11 16:50:03.677817;1
2016-08-11 16:50:25.809919;1
2016-08-11 16:51:23.96593;1
2016-08-11 16:51:48.603929;1
2016-08-11 16:52:23.598659;1
2016-08-11 17:04:57.905064;1
2016-08-11 17:05:36.532178;1
2016-08-11 17:06:05.026777;1
2016-08-11 17:06:27.994322;1
2016-08-11 17:06:51.246975;1
2016-08-11 20:56:58.215163;1
2016-08-12 10:10:25.121666;1
2016-08-12 10:11:03.71861;1
2016-08-12 10:11:41.31561;1
2016-08-12 12:22:13.096734;1
2016-08-12 12:23:00.480565;1
2016-08-12 12:23:28.191112;2
2016-08-12 12:23:54.55783;2
2016-08-12 12:24:17.256051;2
2016-08-12 12:24:55.63651;1
2016-08-12 12:25:35.079296;1
2016-08-12 12:26:01.651272;1
2016-08-13 16:05:50.608453;1
2016-08-13 16:27:18.916606;1
2016-08-13 16:27:47.373993;2
2016-08-13 19:23:24.300727;1
2016-08-13 19:34:06.685555;1
2016-08-13 19:34:35.266913;1
2016-08-13 19:34:57.192192;1
2016-08-13 19:35:21.596219;1
2016-08-13 19:35:47.478415;1
2016-08-14 09:20:26.063445;1
2016-08-14 09:20:57.891416;1
2016-08-14 09:22:33.290709;1
2016-08-14 12:54:45.51415;2
2016-08-14 12:55:17.277168;2
2016-08-14 12:55:50.456609;2
2016-08-14 12:56:27.112477;1
2016-08-14 12:56:57.486485;1
2016-08-14 12:57:19.351135;1
2016-08-14 12:57:49.479355;1
2016-08-14 12:59:51.081175;1
2016-08-14 13:00:21.037482;1
2016-08-14 13:04:57.518237;2
2016-08-14 13:10:16.779867;1
2016-08-14 14:12:13.201583;1
2016-08-14 14:12:54.494129;1
2016-08-14 14:44:17.705044;2
2016-08-14 14:51:33.537247;2
2016-08-14 15:02:28.314003;1
2016-08-14 15:02:47.177707;1
2016-08-14 15:03:14.606176;1
2016-08-14 15:03:34.942311;1
2016-08-14 15:28:38.722739;1
2016-08-14 15:29:01.875367;1
2016-08-14 15:29:25.125322;1
2016-08-14 15:29:45.890682;1
2016-08-14 16:22:14.23225;1
2016-08-14 16:22:34.967394;1
2016-08-14 16:22:59.43309;1
2016-08-14 16:30:12.185878;1
2016-08-14 16:38:16.176486;1
2016-08-14 16:38:39.263762;1
2016-08-14 16:39:55.592221;2
2016-08-14 16:49:42.936174;1
2016-08-14 16:53:06.109786;2
2016-08-15 09:28:56.269383;1
2016-08-15 09:29:35.599939;1
2016-08-15 09:30:26.698868;1
2016-08-15 09:30:49.719348;1
2016-08-15 09:32:06.500095;1
2016-08-15 09:32:27.880412;1
2016-08-15 09:32:48.622315;1
2016-08-15 09:33:09.788071;1
2016-08-15 09:33:37.616402;2
2016-08-15 09:33:56.222696;2
2016-08-15 09:34:17.910785;2
2016-08-15 09:34:38.551845;2
2016-08-15 09:34:57.817796;2
2016-08-15 09:35:25.696743;2
2016-08-15 09:35:44.706731;1
2016-08-15 09:36:05.585412;1
2016-08-15 09:36:30.048901;1
2016-08-15 09:36:54.070212;1
2016-08-15 09:37:17.255903;1
2016-08-15 09:37:35.776935;1
2016-08-15 09:37:55.330832;1
2016-08-15 09:38:15.744879;1
2016-08-15 09:38:37.787945;1
2016-08-15 09:39:13.820992;1
2016-08-15 09:39:32.659533;1
2016-08-15 09:39:49.769407;1
2016-08-15 09:41:48.417562;1
2016-08-15 09:42:06.88717;1
2016-08-15 09:42:26.044917;1
2016-08-15 09:42:48.357052;1
2016-08-15 09:43:12.167984;1
2016-08-15 09:43:30.728605;1
2016-08-15 09:44:04.119632;1
2016-08-15 09:44:37.620718;1
2016-08-15 09:45:22.109224;1
2016-08-15 09:45:41.644882;1
2016-08-15 11:04:18.279065;2
2016-08-15 11:46:11.997967;1
2016-08-15 12:11:14.66254;1
2016-08-15 16:17:21.282918;1
2016-08-15 16:29:12.155879;1
2016-08-15 16:30:15.789049;1
2016-08-15 16:30:54.414497;1
2016-08-15 16:31:18.246966;1
2016-08-15 16:31:39.813666;1
2016-08-15 16:32:52.0955;1
2016-08-15 16:58:53.43917;1
2016-08-15 16:59:12.979771;1
2016-08-15 16:59:35.845126;1
2016-08-15 17:15:18.203984;1
2016-08-15 17:15:42.275352;1
2016-08-15 17:32:08.564519;1
2016-08-15 18:08:00.433545;1
2016-08-15 18:08:39.867641;1
2016-08-15 18:08:59.11835;1
2016-08-16 08:36:35.801471;1
2016-08-16 08:37:49.021246;1
2016-08-16 08:38:20.42159;1
2016-08-16 15:39:47.839765;1
2016-08-16 15:44:29.957614;1
2016-08-16 15:46:34.970955;1
2016-08-16 15:47:38.538729;1
2016-08-16 15:48:03.489476;1
2016-08-16 15:49:41.358176;1
2016-08-16 15:50:24.692455;1
2016-08-16 15:51:40.31195;1
2016-08-16 15:52:03.838945;1
2016-08-16 15:52:23.203586;1
2016-08-16 15:53:23.313213;2
2016-08-16 15:53:49.378351;1
2016-08-16 15:54:13.177419;2
2016-08-16 15:54:39.094557;1
2016-08-16 15:55:03.653291;1
2016-08-16 15:55:25.022979;1
2016-08-16 15:55:46.00118;1
2016-08-16 15:56:12.235899;1
2016-08-16 15:56:36.123741;1
2016-08-16 15:57:02.961889;1
2016-08-16 15:57:22.57898;1
2016-08-16 15:59:09.579974;1
2016-08-16 15:59:52.232606;1
2016-08-16 16:00:14.831401;1
2016-08-16 16:00:34.666284;1
2016-08-16 16:01:14.777426;1
2016-08-16 16:01:33.44711;1
2016-08-17 10:54:50.256062;1
2016-08-17 10:55:43.448156;1
2016-08-17 11:07:01.31527;1
2016-08-17 11:16:24.471532;3
2016-08-17 11:16:55.813444;1
2016-08-17 11:38:45.134189;1
2016-08-17 11:39:23.099236;1
2016-08-17 17:03:08.279345;1
2016-08-17 23:09:03.856762;1
2016-08-17 23:11:41.662981;1
2016-08-17 23:13:39.737717;1
2016-08-18 15:13:41.571976;1
2016-08-18 15:14:03.358324;1
2016-08-19 10:25:50.425662;1
2016-08-19 13:39:52.512698;1
2016-08-19 13:40:49.896773;1
2016-08-19 15:01:19.142345;1
2016-08-19 15:01:50.118962;1
2016-08-19 17:08:55.672717;1
2016-08-19 17:09:21.963959;1
2016-08-19 17:09:42.3619;1
2016-08-19 17:10:10.401441;1
2016-08-19 17:10:32.467142;1
2016-08-19 17:10:52.83349;1
2016-08-19 17:11:14.41634;1
2016-08-19 17:11:35.719744;1
2016-08-20 14:11:41.392026;1
2016-08-20 14:20:22.522302;1
2016-08-20 14:20:45.510535;1
2016-08-20 14:21:29.214761;1
2016-08-20 14:36:29.238757;1
2016-08-20 14:41:09.275407;1
2016-08-20 14:41:51.936194;1
2016-08-20 14:42:58.583511;1
2016-08-20 15:22:46.127834;1
2016-08-20 15:28:27.091009;1
2016-08-20 15:28:50.990724;1
2016-08-20 15:40:54.877385;1
2016-08-20 15:41:18.203952;1
2016-08-20 15:41:40.395293;1
2016-08-20 16:17:24.019831;1
2016-08-20 16:18:18.953836;1
2016-08-20 17:28:42.117375;1
2016-08-20 19:23:04.811661;1
2016-08-20 19:23:30.048349;1
2016-08-20 19:23:47.636158;1
2016-08-20 19:24:06.112753;1
2016-08-20 19:24:30.995966;1
2016-08-20 19:24:53.339414;1
2016-08-20 19:25:15.278696;1
2016-08-20 19:42:53.369023;1
2016-08-20 19:43:15.647054;1
2016-08-20 19:43:37.978423;1
2016-08-20 19:43:56.867342;1
2016-08-21 19:20:43.118437;1
2016-08-21 19:21:08.713643;2
2016-08-21 19:21:30.252088;1
2016-08-22 14:25:05.477817;2
2016-08-22 14:25:29.531112;1
2016-08-22 14:25:55.314889;1
2016-08-22 14:26:15.497387;1
2016-08-22 14:26:39.75843;1
2016-08-22 14:27:08.707372;1
2016-08-22 14:27:30.271105;1
2016-08-22 14:27:55.442931;1
2016-08-22 14:28:19.460564;1
2016-08-22 14:28:42.218552;2
2016-08-22 14:29:03.520204;2
2016-08-22 14:29:26.057034;2
2016-08-22 14:29:58.398604;1
2016-08-22 14:30:21.04476;1
2016-08-22 14:30:48.567522;1
2016-08-22 14:31:10.342248;1
2016-08-22 14:31:36.727803;1
2016-08-22 14:32:00.103956;1
2016-08-22 14:32:46.728675;1
2016-08-22 15:28:31.688913;1
2016-08-22 15:29:04.916008;1
2016-08-22 15:29:25.474195;1
2016-08-22 15:47:22.265509;1
2016-08-22 15:47:47.877605;1
2016-08-22 15:48:57.962103;1
2016-08-22 15:49:19.862529;1
2016-08-22 16:09:40.685363;1
2016-08-22 16:10:09.285437;1
2016-08-22 16:10:28.516443;1
2016-08-22 16:13:15.952216;1
2016-08-22 16:18:49.649799;1
2016-08-22 16:20:30.911844;1
2016-08-22 17:42:57.971599;1
2016-08-22 17:44:41.95791;1
2016-08-22 17:47:24.496901;2
2016-08-22 17:48:58.944429;1
2016-08-22 17:49:42.861217;1
2016-08-23 10:30:15.573617;1
2016-08-23 12:01:09.764078;1
2016-08-23 12:01:48.77709;1
2016-08-23 13:40:58.554453;1
2016-08-23 13:47:05.622881;1
2016-08-23 13:48:20.878979;1
2016-08-23 14:16:42.54775;1
2016-08-23 14:18:50.064988;1
2016-08-23 14:19:37.898777;1
2016-08-23 14:20:11.999328;1
2016-08-23 14:20:38.729933;1
2016-08-23 14:21:30.151115;2
2016-08-23 14:21:58.559422;1
2016-08-23 14:23:26.683793;1
2016-08-23 14:24:38.019664;1
2016-08-23 14:25:47.136324;1
2016-08-23 14:26:52.071149;1
2016-08-23 14:27:15.740054;1
2016-08-23 14:27:35.510457;1
2016-08-23 14:27:55.051186;1
2016-08-23 14:28:15.468527;1
2016-08-23 14:28:36.760848;1
2016-08-23 14:28:55.402554;1
2016-08-23 14:30:44.228501;1
2016-08-23 14:31:04.829781;1
2016-08-23 14:32:12.735799;1
2016-08-23 14:33:37.62679;1
2016-08-23 14:34:24.391343;1
2016-08-24 13:53:05.619918;1
2016-08-24 13:53:26.416186;1
2016-08-24 13:54:00.288151;1
2016-08-24 13:57:17.408123;1
2016-08-24 14:44:36.086287;1
2016-08-24 14:45:13.061774;1
2016-08-24 14:45:37.521475;1
2016-08-24 14:49:41.124002;1
2016-08-24 15:32:14.889266;1
2016-08-24 15:37:55.642393;1
2016-08-24 15:39:13.593053;1
2016-08-24 15:39:42.141009;1
2016-08-24 15:40:06.073219;1
2016-08-24 15:40:32.029322;1
2016-08-24 15:40:59.610487;1
2016-08-24 15:41:25.221858;1
2016-08-24 15:48:46.010908;1
2016-08-24 15:49:07.749759;1
2016-08-24 15:49:38.432123;1
2016-08-24 15:49:57.874007;1
2016-08-24 15:50:21.742762;1
2016-08-24 15:50:43.287339;1
2016-08-24 15:51:09.839132;1
2016-08-24 15:51:34.696052;1
2016-08-24 15:52:03.006926;1
2016-08-25 09:58:15.615552;1
2016-08-25 16:47:18.172919;1
2016-08-25 16:58:07.895392;1
2016-08-25 17:05:11.515673;1
2016-08-25 17:08:11.947334;1
2016-08-25 17:08:42.157308;1
2016-08-25 17:09:49.136983;1
2016-08-25 17:10:12.946715;1
2016-08-25 17:10:37.52443;1
2016-08-25 17:11:04.578853;1
2016-08-25 17:12:14.033938;1
2016-08-25 17:12:36.796654;1
2016-08-25 17:13:01.045671;1
2016-08-25 17:13:31.02045;1
2016-08-25 17:14:10.899202;1
2016-08-25 17:14:37.453752;1
2016-08-25 17:15:02.654411;1
2016-08-25 17:16:32.864344;1
2016-08-25 17:17:01.239983;1
2016-08-26 09:22:23.882811;1
2016-08-26 09:46:13.41509;1
2016-08-26 09:46:43.393923;1
2016-08-26 09:47:12.596165;1
2016-08-26 11:13:46.84212;1
2016-08-26 12:08:33.101447;1
2016-08-26 12:50:28.344811;1
2016-08-26 12:51:18.961503;1
2016-08-26 16:23:57.377104;1
2016-08-26 16:47:58.310411;1
2016-08-26 16:48:50.302414;1
2016-08-26 16:49:14.709554;1
2016-08-26 17:17:12.117042;1
2016-08-26 17:18:04.924726;1
2016-08-26 17:36:19.327066;1
2016-08-26 17:36:55.601267;1
2016-08-26 17:40:24.389352;1
2016-08-27 14:45:18.596095;1
2016-08-27 14:57:35.217802;1
2016-08-27 15:11:22.165222;1
2016-08-28 13:45:55.807322;1
2016-08-28 14:48:27.434024;1
2016-08-28 18:32:31.559476;1
2016-08-28 18:46:20.857248;1
2016-08-28 18:47:38.963259;1
2016-08-29 10:04:16.01787;1
2016-08-29 10:04:58.342183;1
2016-08-29 10:12:22.51472;1
2016-08-29 10:13:25.444006;1
2016-08-29 10:16:58.985074;1
2016-08-29 10:17:21.726975;1
2016-08-29 10:17:46.64475;1
2016-08-29 10:40:44.210566;1
2016-08-29 10:54:15.842334;1
2016-08-29 11:33:51.944737;1
2016-08-29 11:34:36.36695;2
2016-08-29 11:35:01.502296;1
2016-08-29 11:35:20.759609;1
2016-08-29 11:35:55.293744;1
2016-08-29 11:55:08.099948;1
2016-08-29 12:05:24.553125;1
2016-08-29 12:05:49.539307;1
2016-08-29 12:06:10.969688;1
2016-08-29 12:06:39.86174;2
2016-08-29 12:35:18.718436;1
2016-08-29 12:39:06.726834;1
2016-08-29 12:39:32.787738;1
2016-08-29 12:56:06.461633;1
2016-08-29 14:37:57.599195;1
2016-08-29 14:38:40.161368;1
2016-08-29 14:39:06.564255;1
2016-08-29 14:40:14.042129;1
2016-08-29 14:40:37.57033;1
2016-08-29 14:41:29.249092;1
2016-08-29 16:25:39.639261;2
2016-08-29 16:26:12.183915;1
2016-08-30 10:04:32.526228;1
2016-08-30 10:41:56.565184;1
2016-08-30 10:42:23.021581;1
2016-08-30 11:19:27.50015;1
2016-08-30 11:23:50.955868;1
2016-08-30 16:20:50.580655;2
2016-08-30 16:22:02.472886;1
2016-08-30 16:22:24.788148;1
2016-08-30 16:22:43.807921;1
2016-08-30 16:23:08.331384;1
2016-08-30 16:23:31.861845;1
2016-08-30 16:23:54.255899;1
2016-08-30 16:24:17.444242;1
2016-08-30 16:24:43.204532;1
2016-08-30 16:25:10.511895;1
2016-08-30 16:25:30.771645;1
2016-08-30 16:25:51.785993;1
2016-08-30 16:26:23.942006;1
2016-08-30 16:26:43.353202;1
2016-08-30 16:28:02.070855;1
2016-08-30 16:29:28.609317;1
2016-08-31 14:26:05.228013;1
2016-08-31 14:26:46.135317;1
2016-08-31 14:27:22.041283;1
2016-08-31 14:27:49.318318;1
2016-09-01 10:52:56.588372;2
2016-09-01 10:55:13.863917;2
2016-09-01 10:58:56.554675;1
2016-09-01 10:59:32.518814;1
2016-09-01 11:03:13.488656;1
2016-09-01 11:04:06.022848;1
2016-09-01 11:05:05.731661;1
2016-09-01 13:33:23.096852;1
2016-09-01 15:41:44.440071;1
2016-09-01 15:44:28.925862;1
2016-09-01 15:44:52.161821;1
2016-09-02 10:07:10.25077;1
2016-09-02 10:11:17.231353;1
2016-09-02 10:12:12.65536;1
2016-09-02 10:12:33.861201;1
2016-09-02 10:12:55.213633;1
2016-09-02 10:29:33.592084;1
2016-09-02 10:33:19.850297;1
2016-09-02 10:33:39.920319;1
2016-09-02 10:34:04.274245;1
2016-09-02 10:34:29.266946;1
2016-09-02 10:34:58.822126;1
2016-09-02 10:35:19.754939;1
2016-09-02 11:43:39.281426;1
2016-09-02 11:44:10.903193;1
2016-09-02 13:15:43.189441;1
2016-09-02 13:24:55.800346;1
2016-09-02 13:25:37.571512;1
2016-09-02 13:26:28.415337;1
2016-09-02 13:27:19.632189;1
2016-09-02 13:28:14.868718;1
2016-09-02 13:29:10.690702;1
2016-09-02 13:30:31.860475;1
2016-09-02 13:31:43.181206;1
2016-09-02 14:39:15.993981;1
2016-09-02 14:40:00.834029;1
2016-09-02 14:41:01.015293;1
2016-09-02 15:13:26.468409;1
2016-09-02 15:14:08.002691;1
2016-09-02 15:14:39.660598;1
2016-09-02 15:33:52.81012;2
2016-09-02 15:34:19.116827;1
2016-09-02 15:34:45.423139;1
2016-09-02 15:37:20.097671;1
2016-09-02 17:44:25.958002;1
2016-09-02 17:44:50.005386;1
2016-09-02 20:42:00.945555;1
2016-09-02 20:43:20.596055;1
2016-09-02 20:57:03.467274;1
2016-09-02 20:57:23.668691;1
2016-09-03 16:25:31.032522;1
2016-09-03 16:25:48.658712;1
2016-09-03 16:26:13.573649;1
2016-09-03 16:26:31.53748;1
2016-09-03 16:26:53.407019;1
2016-09-03 16:27:36.641679;1
2016-09-03 16:27:57.053615;1
2016-09-03 16:28:17.051665;1
2016-09-03 16:28:38.863663;1
2016-09-03 16:28:58.231206;1
2016-09-03 17:13:00.744019;1
2016-09-03 18:23:07.205309;1
2016-09-03 19:37:59.170747;1
2016-09-03 19:38:31.402827;1
2016-09-04 12:49:06.599024;1
2016-09-04 12:50:13.407107;1
2016-09-04 12:51:06.564018;1
2016-09-04 12:51:27.759572;1
2016-09-04 12:52:15.097425;1
2016-09-04 12:52:40.542925;1
2016-09-04 12:53:23.253699;1
2016-09-04 12:54:05.726134;1
2016-09-04 12:54:32.118247;1
2016-09-04 12:55:40.215057;1
2016-09-04 12:56:17.029884;1
2016-09-04 12:57:12.696056;1
2016-09-04 12:58:33.436654;1
2016-09-04 15:29:57.211735;1
2016-09-04 15:33:37.148055;1
2016-09-05 14:23:01.760102;1
2016-09-05 14:23:37.530965;1
2016-09-05 14:24:48.208895;1
2016-09-05 14:27:54.862032;1
2016-09-05 14:29:39.427618;2
2016-09-05 14:32:35.583133;1
2016-09-05 14:33:17.727085;1
2016-09-05 14:33:51.224923;1
2016-09-05 14:40:48.441138;1
2016-09-05 14:41:29.358905;1
2016-09-05 14:42:04.905084;1
2016-09-05 20:03:05.044538;1
2016-09-05 20:41:44.764527;1
2016-09-05 20:42:11.837008;2
2016-09-05 20:42:40.895742;2
2016-09-06 10:52:48.4125;1
2016-09-06 10:53:22.323409;1
2016-09-06 10:53:48.574766;1
2016-09-06 10:54:05.091853;1
2016-09-06 13:40:50.311095;1
2016-09-06 13:41:15.734045;1
2016-09-06 13:41:34.885586;1
2016-09-06 14:04:09.357764;1
2016-09-06 14:09:48.840329;1
2016-09-06 14:10:25.19419;1
2016-09-06 14:10:55.318037;1
2016-09-06 14:46:22.289507;1
2016-09-06 14:58:57.426001;1
2016-09-06 15:01:09.092276;1
2016-09-06 15:01:52.425267;1
2016-09-06 15:02:23.91785;1
2016-09-06 15:42:55.487784;1
2016-09-06 15:43:27.009359;1
2016-09-06 15:47:01.111192;1
2016-09-06 15:47:38.492834;1
2016-09-06 15:47:58.577709;1
2016-09-06 15:48:34.368608;1
2016-09-06 15:49:00.840088;1
2016-09-06 15:49:56.3507;1
2016-09-06 15:50:31.503593;1
2016-09-06 15:53:36.464049;1
2016-09-07 11:47:16.946246;1
2016-09-07 11:47:40.030435;1
2016-09-07 11:48:24.321805;2
2016-09-07 11:50:04.146222;1
2016-09-07 11:50:41.955296;1
2016-09-07 11:51:20.298408;1
2016-09-07 12:03:28.314982;2
2016-09-07 12:18:50.992402;1
2016-09-07 12:19:24.4144;1
2016-09-07 12:20:05.067275;1
2016-09-07 12:33:23.471306;1
2016-09-07 12:34:07.319133;1
2016-09-07 12:34:43.88144;1
2016-09-07 12:35:11.409031;1
2016-09-07 12:35:35.212413;1
2016-09-07 12:35:58.011868;1
2016-09-07 12:36:19.577967;1
2016-09-07 12:37:23.174361;1
2016-09-07 12:37:44.430234;1
2016-09-07 12:38:26.793813;1
2016-09-07 12:39:08.211819;1
2016-09-07 12:39:29.20053;1
2016-09-07 12:40:15.854756;1
2016-09-07 12:40:35.306965;1
2016-09-07 12:41:20.675121;1
2016-09-07 12:41:42.402506;1
2016-09-07 12:42:21.030072;1
2016-09-07 16:16:26.759156;1
2016-09-07 16:17:02.555896;1
2016-09-07 16:17:34.422348;1
2016-09-07 16:22:14.197442;1
2016-09-08 14:45:17.207486;1
2016-09-08 14:46:00.93862;1
2016-09-09 11:23:10.587816;1
2016-09-09 11:23:31.245508;1
2016-09-09 11:23:54.423654;1
2016-09-09 11:24:36.242517;1
2016-09-09 11:25:02.169489;1
2016-09-09 12:38:04.978698;1
2016-09-09 12:48:54.837014;1
2016-09-09 12:50:08.045033;1
2016-09-09 12:50:30.005515;1
2016-09-09 12:50:53.653569;1
2016-09-09 12:51:15.45325;2
2016-09-09 13:27:37.937908;1
2016-09-09 15:06:47.196227;1
2016-09-09 15:07:05.281024;1
2016-09-09 15:08:00.189232;1
2016-09-09 15:08:12.860303;1
2016-09-09 15:08:24.143295;1
2016-09-09 15:09:02.22971;1
2016-09-09 15:09:27.839519;1
2016-09-09 15:10:08.551063;2
2016-09-09 15:10:45.709782;1
2016-09-09 15:11:19.555354;1
2016-09-09 15:11:35.394254;1
2016-09-09 15:36:13.093631;1
2016-09-09 15:36:48.321454;1
2016-09-09 15:42:52.687903;1
2016-09-09 15:43:19.561338;1
2016-09-09 17:04:58.653615;1
2016-09-09 17:05:43.930718;1
2016-09-09 17:06:00.959004;1
2016-09-09 17:06:35.410052;1
2016-09-09 17:07:05.369978;1
2016-09-09 17:19:23.986269;1
2016-09-09 17:21:02.186682;1
2016-09-09 17:21:32.767056;1
2016-09-09 17:22:08.468733;1
2016-09-09 17:22:39.146152;1
2016-09-09 17:23:10.657785;1
2016-09-09 17:58:11.610482;1
2016-09-09 18:01:50.897808;1
2016-09-09 18:03:00.943992;1
2016-09-09 18:03:30.268016;1
2016-09-09 18:16:26.185585;1
2016-09-09 18:17:35.527202;1
2016-09-09 18:17:54.661422;1
2016-09-09 18:18:36.555215;1
2016-09-09 18:19:21.219117;1
2016-09-09 18:42:02.541831;1
2016-09-09 19:05:22.842866;1
2016-09-09 19:06:20.872019;1
2016-09-09 19:07:07.397837;1
2016-09-09 19:13:18.244449;1
2016-09-09 19:14:26.318934;1
2016-09-09 19:15:02.301997;1
2016-09-09 19:15:31.733957;1
2016-09-09 19:16:31.463404;1
2016-09-09 19:17:16.45691;1
2016-09-09 19:18:06.896537;1
2016-09-09 19:30:00.768592;1
2016-09-09 19:35:56.396248;1
2016-09-09 19:37:10.035247;1
2016-09-09 19:39:39.470078;1
2016-09-09 19:40:45.75933;1
2016-09-09 19:44:05.584765;1
2016-09-09 19:45:21.322353;1
2016-09-09 19:53:54.224091;1
2016-09-09 19:55:08.420604;1
2016-09-09 19:56:04.446677;1
2016-09-09 19:58:25.976632;1
2016-09-09 19:58:57.680894;1
2016-09-09 20:00:24.885275;1
2016-09-10 00:10:29.623406;1
2016-09-10 00:13:46.603465;3
2016-09-10 00:14:19.429902;1
2016-09-10 00:16:30.015745;1
2016-09-10 00:16:57.583073;1
2016-09-10 00:17:55.672117;2
2016-09-10 00:18:55.400852;2
2016-09-10 00:25:07.636893;2
2016-09-10 00:26:10.510176;1
2016-09-10 00:28:39.597829;1
2016-09-10 13:11:36.306206;1
2016-09-10 13:55:34.98909;1
2016-09-10 14:51:17.457996;1
2016-09-10 14:51:52.113918;1
2016-09-10 14:52:35.971267;1
2016-09-10 14:52:56.255193;1
2016-09-10 15:19:06.025334;1
2016-09-10 15:19:34.878586;1
2016-09-10 15:20:02.98836;1
2016-09-10 15:20:34.920863;1
2016-09-10 15:21:15.905632;1
2016-09-10 15:40:16.581454;1
2016-09-10 15:46:17.12036;1
2016-09-10 15:46:50.604489;1
2016-09-10 15:47:19.180065;1
2016-09-10 16:05:51.042046;1
2016-09-10 16:37:32.236868;1
2016-09-10 16:38:31.393716;1
2016-09-10 16:39:00.758322;1
2016-09-10 16:39:30.103448;1
2016-09-10 16:39:58.281655;1
2016-09-10 16:50:30.02297;1
2016-09-10 17:06:12.408253;1
2016-09-10 17:06:41.680921;1
2016-09-10 17:16:27.808444;1
2016-09-10 17:22:19.230556;1
2016-09-10 17:22:53.488286;1
2016-09-10 20:48:46.919365;1
2016-09-10 20:49:19.842343;1
2016-09-10 20:57:48.784843;1
2016-09-10 20:58:05.375455;1
2016-09-10 21:00:06.771376;1
2016-09-10 21:28:54.384363;1
2016-09-10 21:29:20.086549;1
2016-09-10 21:29:54.426823;1
2016-09-10 21:30:25.50468;1
2016-09-10 21:30:52.340768;1
2016-09-10 21:31:19.285469;1
2016-09-11 09:06:53.751165;1
2016-09-11 09:18:08.797371;2
2016-09-11 09:22:32.275997;1
2016-09-11 09:23:23.092808;1
2016-09-11 09:23:42.285156;1
2016-09-11 09:25:22.715547;1
2016-09-11 09:35:52.973982;1
2016-09-11 10:15:10.288094;1
2016-09-11 10:16:55.885873;1
2016-09-11 10:17:12.764319;1
2016-09-11 10:17:51.883304;1
2016-09-11 10:18:10.75345;1
2016-09-11 10:18:30.201405;1
2016-09-11 10:25:49.409736;1
2016-09-11 10:26:35.965374;1
2016-09-12 10:38:03.429995;1
2016-09-12 10:38:52.214497;1
2016-09-12 10:39:09.138732;1
2016-09-12 10:39:31.998441;1
2016-09-12 10:39:56.367227;1
2016-09-12 10:40:16.83866;1
2016-09-12 10:55:58.412506;1
2016-09-12 11:52:12.895788;1
2016-09-12 11:53:23.761742;1
2016-09-12 11:54:47.564903;1
2016-09-12 12:07:42.390061;1
2016-09-12 12:09:42.25148;1
2016-09-12 12:42:18.13124;1
2016-09-12 12:42:42.389882;1
2016-09-12 16:40:30.504998;1
2016-09-12 16:41:12.722038;1
2016-09-12 16:41:31.858143;2
2016-09-12 16:41:50.058499;1
2016-09-12 16:42:19.165899;1
2016-09-12 16:42:35.605446;1
2016-09-12 16:43:59.38008;1
2016-09-12 16:44:16.863901;1
2016-09-12 16:44:40.364202;1
2016-09-12 16:45:00.832269;1
2016-09-12 16:45:24.678259;1
2016-09-13 14:13:02.964964;1
2016-09-13 15:43:50.87999;1
2016-09-13 15:44:41.042133;1
2016-09-13 15:45:07.417722;1
2016-09-13 15:45:32.79146;1
2016-09-13 15:45:50.577194;1
2016-09-13 15:46:14.730602;1
2016-09-14 11:40:22.887586;1
2016-09-14 12:03:51.661016;1
2016-09-14 12:08:05.682589;1
2016-09-14 12:08:41.152858;1
2016-09-14 12:33:26.301235;1
2016-09-14 17:01:05.191303;1
2016-09-15 11:30:04.052366;1
2016-09-15 11:31:16.163242;1
2016-09-15 11:31:52.5495;1
2016-09-15 11:32:26.912117;1
2016-09-15 11:33:14.431979;1
2016-09-15 11:33:56.09801;1
2016-09-15 12:07:55.678582;1
2016-09-15 12:08:18.499423;1
2016-09-15 12:08:41.422879;1
2016-09-15 12:09:09.489985;1
2016-09-15 21:48:51.821042;2
2016-09-15 21:50:11.227831;1
2016-09-15 21:50:28.662133;1
2016-09-16 09:39:42.043254;1
2016-09-16 09:40:17.783046;1
2016-09-16 09:54:37.745384;1
2016-09-16 11:39:40.902577;1
2016-09-16 11:42:59.476183;1
2016-09-16 11:43:20.252213;1
2016-09-16 11:43:47.56755;1
2016-09-16 11:44:10.958187;1
2016-09-16 11:44:31.100872;1
2016-09-16 12:03:42.777231;1
2016-09-16 12:11:14.684234;1
2016-09-16 12:12:43.479432;1
2016-09-16 12:26:37.125538;1
2016-09-16 12:27:17.245228;1
2016-09-16 12:40:23.536431;1
2016-09-18 09:43:51.313916;1
2016-09-18 09:44:26.022818;1
2016-09-18 09:44:59.907919;1
2016-09-18 09:45:27.262189;1
2016-09-18 10:13:22.656013;1
2016-09-18 10:22:51.345895;1
2016-09-18 10:23:54.023124;1
2016-09-18 11:34:54.884542;1
2016-09-18 11:36:07.135624;1
2016-09-18 11:36:51.314552;1
2016-09-18 19:15:52.996915;1
2016-09-18 19:16:19.608414;1
2016-09-18 19:21:04.758888;1
2016-09-18 20:23:58.524763;1
2016-09-18 20:24:17.047967;1
2016-09-18 20:25:13.395445;1
2016-09-18 20:25:44.002445;1
2016-09-18 20:26:02.854064;1
2016-09-18 20:26:35.571229;1
2016-09-18 20:30:37.642907;1
2016-09-18 20:31:58.741552;1
2016-09-18 20:32:43.203;1
2016-09-18 20:34:42.261227;1
2016-09-18 20:34:59.999664;1
2016-09-18 20:35:16.792495;1
2016-09-18 20:35:40.983079;1
2016-09-18 20:36:04.595324;1
2016-09-18 20:36:23.344725;1
2016-09-19 14:37:56.324057;1
2016-09-19 14:41:34.53363;1
2016-09-19 15:00:39.082273;2
2016-09-19 15:01:13.693584;2
2016-09-19 17:22:32.160568;1
2016-09-19 17:22:58.206401;1
2016-09-19 17:23:32.472479;1
2016-09-19 19:17:50.673075;1
2016-09-19 19:38:40.656714;1
2016-09-19 19:38:58.359561;1
2016-09-19 19:39:14.929865;1
2016-09-19 19:40:47.435586;1
2016-09-19 19:41:24.213436;1
2016-09-19 19:41:56.538716;1
2016-09-19 19:42:28.31179;1
2016-09-19 20:00:46.520421;1
2016-09-19 20:01:17.627408;1
2016-09-19 20:01:45.319633;1
2016-09-19 20:02:24.080838;1
2016-09-19 20:06:22.87752;1
2016-09-19 20:09:49.58883;1
2016-09-19 20:30:44.839802;1
2016-09-19 20:31:02.078077;1
2016-09-19 20:31:19.856601;1
2016-09-19 20:51:44.700845;1
2016-09-19 20:53:32.055591;1
2016-09-19 20:54:43.368266;1
2016-09-19 20:57:05.521318;1
2016-09-19 20:59:21.851216;1
2016-09-19 21:00:02.119741;1
2016-09-19 21:00:19.699946;2
2016-09-19 21:00:36.656353;1
2016-09-19 21:00:52.321985;1
2016-09-19 21:07:21.809563;1
2016-09-20 09:18:59.218455;1
2016-09-20 09:19:21.198998;1
2016-09-20 09:19:39.57785;1
2016-09-20 09:19:59.299355;1
2016-09-20 09:20:23.053395;1
2016-09-20 09:20:42.288138;1
2016-09-20 09:21:00.744139;1
2016-09-20 09:21:20.949571;1
2016-09-20 09:21:48.542989;1
2016-09-20 09:22:10.511872;1
2016-09-20 09:22:40.182809;1
2016-09-20 09:23:00.231281;1
2016-09-20 09:23:22.22168;1
2016-09-20 09:23:51.316815;1
2016-09-20 09:24:15.661009;1
2016-09-20 09:26:15.828373;1
2016-09-20 09:27:31.669815;1
2016-09-20 09:27:58.818179;1
2016-09-20 09:28:17.926991;1
2016-09-20 09:28:40.73816;1
2016-09-20 09:29:00.239792;1
2016-09-20 09:44:18.9148;1
2016-09-20 09:44:58.627194;1
2016-09-20 10:51:22.598247;2
2016-09-20 11:32:32.831853;2
2016-09-20 11:45:01.259103;1
2016-09-20 13:48:22.011661;1
2016-09-20 17:44:12.1236;1
2016-09-20 17:45:11.974063;1
2016-09-20 17:45:34.385833;1
2016-09-20 17:45:51.631636;1
2016-09-20 17:46:09.614725;1
2016-09-20 17:46:27.455603;1
2016-09-21 13:41:58.465417;1
2016-09-21 14:00:16.204103;1
2016-09-21 14:02:23.619791;1
2016-09-22 12:02:41.162826;1
2016-09-22 12:03:26.029949;1
2016-09-22 12:05:20.960028;1
2016-09-22 12:05:48.426194;1
2016-09-22 12:06:41.842733;1
2016-09-22 12:07:54.842123;1
2016-09-22 12:08:17.731734;1
2016-09-23 08:47:09.445123;1
2016-09-23 08:48:02.641488;1
2016-09-23 08:48:20.795041;1
2016-09-23 09:16:05.180755;1
2016-09-23 09:20:55.853985;1
2016-09-23 14:23:16.37651;1
2016-09-23 14:23:37.07369;1
2016-09-23 14:24:00.13843;1
2016-09-23 14:46:10.08923;1
2016-09-23 14:46:41.670027;1
2016-09-23 14:47:03.92355;1
2016-09-23 14:47:23.602902;1
2016-09-23 14:47:42.357394;1
2016-09-23 14:47:59.142676;1
2016-09-24 15:01:33.132419;1
2016-09-24 15:01:51.534753;1
2016-09-24 15:46:31.015999;1
2016-09-24 15:46:57.224813;1
2016-09-24 16:34:15.921741;1
2016-09-24 17:07:54.73044;1
2016-09-24 17:10:04.01692;1
2016-09-24 19:34:54.355545;1
2016-09-25 15:26:21.337266;1
2016-09-25 17:25:09.183336;1
2016-09-25 17:25:53.987609;1
2016-09-25 17:26:12.302994;1
2016-09-25 17:36:41.234995;1
2016-09-25 17:36:59.70322;1
2016-09-25 20:49:48.948482;1
2016-09-25 20:50:17.621202;1
2016-09-25 20:50:44.142786;2
2016-09-25 20:51:16.59002;1
2016-09-25 20:52:17.033779;1
2016-09-25 20:52:36.578485;1
2016-09-25 20:52:55.544887;1
2016-09-25 20:53:16.144022;1
2016-09-25 20:53:34.280449;1
2016-09-25 20:53:50.183275;1
2016-09-25 20:54:09.271753;1
2016-09-25 20:59:30.339829;1
2016-09-25 21:19:00.898006;1
2016-09-25 21:19:18.930004;1
2016-09-25 21:19:39.363128;1
2016-09-25 21:19:55.736925;1
2016-09-25 21:20:14.59403;1
2016-09-25 21:21:03.256377;1
2016-09-25 21:21:23.170558;1
2016-09-26 15:11:13.523347;1
2016-09-26 15:11:42.000786;1
2016-09-26 15:12:08.341679;1
2016-09-26 15:17:16.263065;1
2016-09-26 15:17:42.148402;1
2016-09-26 15:18:24.864867;1
2016-09-26 15:19:19.943572;1
2016-09-26 15:19:48.333907;1
2016-09-26 15:20:25.421948;1
2016-09-26 15:20:50.963293;1
2016-09-26 15:28:04.304806;1
2016-09-26 15:31:36.925898;2
2016-09-26 15:37:46.598324;1
2016-09-26 15:42:53.935632;1
2016-09-26 16:18:19.11268;1
2016-09-26 16:20:07.788795;1
2016-09-26 16:25:30.945088;1
2016-09-26 16:28:54.809331;1
2016-09-26 16:34:57.722716;1
2016-09-26 16:36:45.58429;1
2016-09-26 16:38:41.569141;1
2016-09-26 19:28:28.091341;1
2016-09-26 19:29:04.127879;1
2016-09-26 19:29:35.516491;1
2016-09-26 19:29:51.832616;1
2016-09-26 19:30:23.550915;1
2016-09-26 19:36:04.936011;1
2016-09-26 19:36:21.556008;1
2016-09-26 19:36:47.731632;1
2016-09-26 20:52:09.626344;1
2016-09-27 09:20:08.120468;1
2016-09-27 09:20:29.172346;1
2016-09-27 09:20:48.399293;1
2016-09-27 09:21:05.345745;1
2016-09-27 09:21:27.361527;1
2016-09-27 09:21:46.164952;1
2016-09-27 09:22:02.548394;1
2016-09-27 09:22:25.011074;1
2016-09-27 09:22:46.661903;1
2016-09-27 09:23:05.516759;1
2016-09-27 09:23:27.321949;1
2016-09-27 09:23:45.488459;1
2016-09-27 12:32:56.007891;1
2016-09-27 12:33:18.088796;1
2016-09-27 12:39:00.917916;1
2016-09-27 13:52:29.595655;1
2016-09-27 13:59:38.273183;1
2016-09-27 14:00:26.39073;1
2016-09-27 14:01:08.674687;1
2016-09-27 14:04:58.837152;1
2016-09-27 14:24:11.401112;1
2016-09-27 14:24:30.969876;1
2016-09-27 14:24:50.083404;1
2016-09-27 14:25:13.854181;1
2016-09-27 14:25:34.860204;1
2016-09-27 14:25:57.197924;1
2016-09-27 15:34:42.970361;1
2016-09-27 15:44:49.872104;1
2016-09-27 15:45:20.91373;1
2016-09-27 15:46:37.786138;1
2016-09-27 15:46:57.747843;1
2016-09-27 15:47:38.336439;1
2016-09-27 18:46:59.787809;1
2016-09-27 18:47:19.669898;1
2016-09-27 18:48:00.009908;1
2016-09-27 18:48:21.344435;1
2016-09-27 18:48:36.337438;1
2016-09-27 18:49:25.358458;1
2016-09-27 18:49:45.608246;1
2016-09-27 18:50:03.460393;1
2016-09-28 12:11:15.110504;1
2016-09-28 13:59:41.378009;1
2016-09-28 14:04:14.296709;1
2016-09-28 14:11:55.905988;1
2016-09-28 14:12:29.708125;1
2016-09-28 14:14:01.187694;1
2016-09-28 14:14:33.908756;1
2016-09-28 14:15:08.518222;1
2016-09-28 14:15:40.089113;1
2016-09-28 14:17:04.920253;1
2016-09-28 14:50:33.637137;1
2016-09-28 14:52:17.769398;1
2016-09-28 14:56:42.194535;1
2016-09-28 14:57:07.804242;1
2016-09-28 14:57:33.344595;1
2016-09-28 15:00:18.293281;1
2016-09-28 15:06:38.816015;1
2016-09-29 10:46:35.772663;1
2016-09-29 10:48:50.653936;1
2016-09-29 10:49:44.976939;1
2016-09-29 10:50:16.591353;1
2016-09-29 10:51:13.547799;1
2016-09-29 10:52:57.847287;1
2016-09-29 10:53:23.497968;1
2016-09-29 10:53:46.746345;1
2016-09-29 10:56:19.688915;1
2016-09-29 11:01:11.130339;1
2016-09-29 11:11:04.746773;1
2016-09-29 11:11:35.732143;1
2016-09-30 15:28:57.516153;1
2016-09-30 15:29:26.705906;1
2016-09-30 15:29:42.899514;1
2016-09-30 15:29:59.69968;1
2016-09-30 15:30:15.953673;1
2016-09-30 15:30:44.440969;1
2016-09-30 15:31:02.893426;1
2016-09-30 15:51:30.857079;1
2016-09-30 15:51:50.939025;1
2016-09-30 16:51:32.766695;1
2016-09-30 18:19:12.304936;1
2016-09-30 18:19:27.730307;1
2016-09-30 18:19:46.285302;1
2016-09-30 18:20:10.032694;1
2016-09-30 18:20:47.920153;1
2016-09-30 18:21:08.423266;1
2016-09-30 18:21:58.716273;1
2016-09-30 18:22:13.295483;1
2016-09-30 18:24:25.869375;1
2016-09-30 18:24:41.801984;1
2016-09-30 18:26:56.197482;1
2016-09-30 18:27:05.612495;1
2016-09-30 18:27:57.921623;1
2016-09-30 18:28:05.002869;1
2016-09-30 18:32:16.809354;1
2016-10-01 17:03:39.086437;1
2016-10-01 18:36:38.371732;1
2016-10-01 18:37:04.306819;1
2016-10-02 12:15:14.741253;1
2016-10-02 12:15:50.892725;1
2016-10-02 12:16:10.000436;1
2016-10-02 12:42:40.413251;2
2016-10-02 12:43:22.716151;2
2016-10-02 12:43:50.619083;2
2016-10-02 12:44:23.86582;1
2016-10-02 12:44:39.587138;1
2016-10-02 12:44:56.161512;1
2016-10-02 12:45:25.119207;1
2016-10-02 12:45:43.715475;1
2016-10-02 12:46:06.343585;1
2016-10-02 12:46:24.753613;1
2016-10-02 13:03:23.858145;1
2016-10-02 13:15:17.593096;1
2016-10-02 13:15:33.661933;1
2016-10-02 13:15:53.135488;1
2016-10-02 13:16:09.787;1
2016-10-02 13:16:25.42956;1
2016-10-02 13:16:44.947942;1
2016-10-02 13:17:01.00332;1
2016-10-02 13:18:38.430598;2
2016-10-02 13:21:52.672927;2
2016-10-02 13:22:11.579438;2
2016-10-02 13:23:12.565861;2
2016-10-02 13:25:26.391213;1
2016-10-02 13:26:08.444907;1
2016-10-02 16:10:39.088828;1
2016-10-02 16:22:01.117114;1
2016-10-02 16:24:16.652258;1
2016-10-02 16:25:18.257242;2
2016-10-02 16:25:25.28386;1
2016-10-02 16:25:30.915236;1
2016-10-02 16:25:36.264762;1
2016-10-02 16:25:41.602945;1
2016-10-02 16:25:52.118067;1
2016-10-04 15:35:01.084921;1
2016-10-05 13:16:17.305431;1
2016-10-05 13:16:55.905185;1
2016-10-07 15:41:47.323355;1
2016-10-07 17:50:45.071951;1
2016-10-08 17:46:29.120966;2
2016-10-08 17:47:12.42924;2
2016-10-08 17:47:58.716596;2
2016-10-08 17:49:45.425334;2
2016-10-08 17:50:01.302409;2
2016-10-08 17:52:22.755972;2
2016-10-08 17:52:31.374544;2
2016-10-08 17:53:32.475177;2
2016-10-08 17:53:41.594011;2
2016-10-08 17:53:49.716678;2
2016-10-08 17:53:56.536856;2
2016-10-08 17:54:19.038512;2
2016-10-08 17:54:41.416411;2
2016-10-08 17:54:57.183017;2
2016-10-08 17:56:34.677087;2
2016-10-08 17:56:48.26411;2
2016-10-08 18:09:34.968129;1
2016-10-10 11:57:50.052714;1
2016-10-10 11:59:09.738046;1
2016-10-10 11:59:24.30985;1
2016-10-10 12:01:53.722342;1
2016-10-10 12:04:33.594998;1
2016-10-10 16:33:48.625064;1
2016-10-10 17:22:51.598951;1
2016-10-10 17:37:03.60439;1
2016-10-10 17:37:09.534475;1
2016-10-10 17:37:14.544407;1
2016-10-10 17:37:19.503971;1
2016-10-10 17:37:24.715867;1
2016-10-10 17:37:35.70808;1
2016-10-11 09:38:12.835609;1
2016-10-11 09:39:52.038646;1
2016-10-11 09:40:04.885694;1
2016-10-11 09:45:24.723635;1
2016-10-11 09:45:30.291416;1
2016-10-11 14:53:02.483885;1
2016-10-12 15:51:32.553659;1
2016-10-12 15:52:03.900062;1
2016-10-15 18:10:27.043345;1
2016-10-15 18:10:32.35433;1
2016-10-15 18:16:11.077566;1
2016-10-15 18:17:07.319415;1
2016-10-15 18:18:44.890979;1
2016-10-15 18:22:57.538964;1
2016-10-15 18:24:17.672638;1
2016-10-15 18:24:40.188938;1
2016-10-15 18:25:01.74812;1
2016-10-15 18:25:22.450035;1
2016-10-15 18:25:50.131292;1
2016-10-15 18:26:11.680709;1
2016-10-15 18:26:35.597419;1
2016-10-15 18:26:57.928725;1
2016-10-15 18:27:18.602372;1
2016-10-15 18:27:39.72665;1
2016-10-15 18:28:03.683195;1
2016-10-15 18:31:04.714875;1
2016-10-15 18:31:30.998464;1
2016-10-15 18:32:21.076593;1
2016-10-15 18:32:48.347939;1
2016-10-15 18:33:17.127417;1
2016-10-15 18:33:42.536648;1
2016-10-15 18:35:08.504822;1
2016-10-15 18:35:30.399438;1
2016-10-15 18:36:13.657526;1
2016-10-16 08:50:00.618544;1
2016-10-16 08:50:16.235279;1
2016-10-16 10:02:04.172407;1
2016-10-16 10:02:35.079529;1
2016-10-16 10:04:03.22642;1
2016-10-16 10:05:37.829275;1
2016-10-16 10:07:06.043634;1
2016-10-16 10:07:33.612499;1
2016-10-16 10:08:00.562109;1
2016-10-16 10:10:01.284643;1
2016-10-16 10:10:28.816355;1
2016-10-16 10:10:51.379901;1
2016-10-16 10:23:51.23076;1
2016-10-16 10:25:45.495489;1
2016-10-16 10:41:40.223278;1
2016-10-16 10:41:58.87688;1
2016-10-16 10:42:56.975227;1
2016-10-16 10:43:13.114374;1
2016-10-16 11:13:13.301212;1
2016-10-17 17:02:49.418604;1
2016-10-17 17:06:04.621375;1
2016-10-17 17:06:14.090779;1
2016-10-17 17:06:18.994061;1
2016-10-17 17:06:23.931753;1
2016-10-17 17:06:28.548706;1
2016-10-17 17:06:33.315842;1
2016-10-17 17:06:38.331403;1
2016-10-17 17:06:50.26;1
2016-10-17 19:38:59.105851;1
2016-10-17 19:39:07.681574;1
2016-10-17 19:39:13.361061;1
2016-10-17 19:40:20.047747;1
2016-10-17 19:40:25.399778;1
2016-10-17 19:40:30.684482;1
2016-10-17 19:40:36.658137;1
2016-10-17 19:40:43.297094;1
2016-10-17 19:40:51.745388;1
2016-10-17 19:40:59.13693;1
2016-10-17 19:41:32.320132;1
2016-10-17 19:50:48.267718;1
2016-10-17 19:51:02.097973;1
2016-10-17 19:51:14.73001;1
2016-10-17 19:55:06.577373;1
2016-10-17 19:55:32.241361;1
2016-10-17 19:55:39.033318;1
2016-10-17 19:55:55.848299;1
2016-10-17 19:56:03.151258;1
2016-10-17 19:56:09.015726;1
2016-10-17 19:56:39.612468;1
2016-10-18 14:15:30.119582;1
2016-10-18 14:20:17.158078;1
2016-10-18 14:23:17.26229;1
2016-10-18 14:23:48.94552;1
2016-10-18 14:24:41.813434;1
2016-10-18 14:25:16.361714;1
2016-10-18 14:37:07.470788;1
2016-10-18 14:38:09.113314;1
2016-10-18 14:38:43.216428;1
2016-10-18 14:40:25.938386;1
2016-10-18 14:42:08.283788;1
2016-10-18 14:43:28.933419;1
2016-10-18 14:44:08.829927;1
2016-10-18 14:46:01.689389;1
2016-10-18 14:46:23.530745;1
2016-10-21 10:59:04.404779;1
2016-10-21 13:00:22.765654;1
2016-10-21 13:01:30.26789;1
2016-10-21 13:03:44.124539;1
2016-10-21 13:04:28.942711;1
2016-10-21 13:04:55.478308;1
2016-10-21 13:05:23.557756;1
2016-10-21 13:05:57.061765;1
2016-10-21 13:06:27.882524;1
2016-10-21 13:06:57.05377;1
2016-10-21 15:13:36.55298;1
2016-10-21 15:14:10.181172;2
2016-10-21 15:21:04.227272;1
2016-10-21 15:22:15.256978;1
2016-10-21 15:22:46.016509;1
2016-10-21 16:05:33.295383;1
2016-10-21 16:05:52.974899;2
2016-10-21 16:06:13.989452;2
2016-10-21 16:40:38.506607;1
2016-10-21 16:40:56.992814;1
2016-10-22 17:05:38.324622;1
2016-10-23 10:05:24.62306;1
2016-10-23 10:05:43.843734;1
2016-10-23 15:25:17.558577;1
2016-10-23 15:26:06.041588;2
2016-10-23 15:26:12.240343;2
2016-10-23 15:26:18.997897;2
2016-10-23 15:26:24.89559;2
2016-10-23 15:26:30.685158;2
2016-10-23 15:26:36.485737;2
2016-10-23 15:26:42.610841;2
2016-10-23 15:26:48.894878;2
2016-10-23 15:27:36.534067;1
2016-10-23 15:30:24.409054;1
2016-10-23 15:30:32.478781;1
2016-10-23 15:30:38.915385;2
2016-10-23 15:30:47.885226;1
2016-10-23 15:30:54.238634;1
2016-10-23 15:31:00.692422;2
2016-10-23 15:31:07.166534;1
2016-10-23 15:31:13.474103;1
2016-10-23 15:31:22.510707;1
2016-10-23 15:31:29.208691;1
2016-10-23 15:31:51.642021;1
2016-10-23 15:32:12.89159;1
2016-10-23 15:32:19.91933;1
2016-10-23 15:32:26.466443;1
2016-10-23 15:32:32.704926;1
2016-10-23 15:32:47.909919;1
2016-10-23 15:32:54.966093;1
2016-10-23 15:33:28.548525;1
2016-10-23 15:33:55.216102;1
2016-10-23 15:34:18.250627;1
2016-10-23 15:36:48.066074;1
2016-10-23 15:38:49.859642;1
2016-10-23 15:39:07.171711;2
2016-10-23 15:39:26.597161;2
2016-10-23 15:54:24.931408;1
2016-10-23 15:54:32.013825;1
2016-10-23 15:54:45.271569;1
2016-10-23 15:54:58.058788;1
2016-10-23 15:55:04.945946;1
2016-10-23 15:55:11.087377;1
2016-10-23 15:55:16.827838;1
2016-10-23 15:55:29.290295;1
2016-10-23 15:55:35.17578;1
2016-10-23 16:01:09.602129;1
2016-10-23 16:01:53.161517;1
2016-10-23 16:05:55.568367;1
2016-10-23 16:06:21.295358;1
2016-10-23 16:07:48.164255;1
2016-10-23 16:09:16.614063;1
2016-10-23 16:09:43.302428;1
2016-10-23 16:10:09.074865;1
2016-10-23 16:10:38.499176;2
2016-10-23 16:12:09.04108;1
2016-10-23 16:12:33.263225;1
2016-10-23 16:43:39.56906;1
2016-10-23 16:45:19.559502;1
2016-10-23 16:46:16.285336;2
2016-10-23 16:46:48.550579;1
2016-10-23 16:47:19.754664;1
2016-10-23 18:07:14.921931;1
2016-10-23 18:07:20.93819;1
2016-10-23 18:07:26.201769;1
2016-10-23 18:07:31.074629;1
2016-10-23 18:07:35.591033;1
2016-10-24 14:43:00.666222;1
2016-10-24 14:43:26.270736;1
2016-10-24 14:44:59.063322;1
2016-10-24 15:43:26.358431;1
2016-10-26 21:40:27.536734;1
2016-10-27 12:14:50.681149;1
2016-10-27 17:35:15.235404;1
2016-10-28 11:19:14.289973;1
2016-10-28 11:21:26.66475;1
2016-10-28 11:21:37.458776;1
2016-10-28 11:21:45.955412;1
2016-10-28 11:21:56.331609;1
2016-10-28 11:23:36.096415;1
2016-10-28 11:26:00.128735;1
2016-10-28 11:26:22.008476;1
2016-10-28 11:27:33.044728;1
2016-10-28 11:27:41.379226;1
2016-10-28 11:27:47.227195;1
2016-10-28 11:27:53.343873;1
2016-10-28 11:27:59.884164;1
2016-10-28 11:28:06.347448;1
2016-10-28 11:28:20.607778;1
2016-10-28 11:29:03.930088;1
2016-10-28 11:30:38.301622;1
2016-10-28 12:09:40.907459;1
2016-10-28 12:10:04.320318;1
2016-10-28 12:11:04.56555;1
2016-10-29 17:49:03.570193;1
2016-10-29 17:49:20.955079;1
2016-10-29 18:11:30.056829;1
2016-10-29 18:12:49.77814;1
2016-10-29 18:14:24.475916;1
2016-10-29 18:16:34.54837;2
2016-10-29 18:17:13.77098;1
2016-10-29 18:19:36.993023;1
2016-10-29 18:20:01.370432;1
2016-10-29 18:25:36.852589;1
2016-10-29 18:25:42.70894;1
2016-10-29 18:25:48.056217;1
2016-10-29 18:26:00.896256;1
2016-10-29 18:26:16.632829;1
2016-10-29 18:26:29.095561;1
2016-10-29 18:26:40.589841;1
2016-10-29 18:29:27.129314;1
2016-10-29 19:30:11.591685;1
2016-10-29 19:30:37.753229;1
2016-10-29 19:31:15.535744;1
2016-10-29 19:31:42.479755;1
2016-10-29 19:32:09.327461;1
2016-10-29 19:34:10.128252;1
2016-10-29 19:34:34.463868;1
2016-10-31 09:37:39.279542;1
2016-10-31 09:38:02.892782;1
2016-10-31 09:38:38.399475;1
2016-10-31 09:40:00.305507;1
2016-10-31 09:40:32.940418;1
2016-10-31 09:40:39.904483;1
2016-10-31 09:40:53.184541;1
2016-10-31 09:41:17.824624;1
2016-10-31 09:41:45.158218;1
2016-10-31 09:42:03.676844;1
2016-10-31 09:42:09.96749;1
2016-10-31 09:42:23.750908;1
2016-10-31 09:42:38.78511;1
2016-10-31 09:42:53.229249;1
2016-10-31 09:43:14.44067;1
2016-10-31 15:20:03.340422;2
2016-10-31 15:57:33.255246;1
2016-10-31 15:57:40.192637;1
2016-10-31 15:57:55.448668;1
2016-10-31 15:58:07.893504;1
2016-10-31 15:58:31.17835;1
2016-10-31 15:58:37.617433;1
2016-10-31 15:58:44.275795;1
2016-10-31 15:59:04.04608;1
2016-10-31 16:01:29.669198;1
2016-10-31 17:16:45.252055;1
2016-10-31 17:17:50.965003;1
2016-10-31 17:18:42.049611;1
2016-11-03 11:55:08.047303;1
2016-11-03 11:55:34.019367;1
2016-11-03 11:56:09.07586;1
2016-11-03 11:57:35.7051;1
2016-11-03 11:57:42.145453;1
2016-11-03 11:57:48.231801;1
2016-11-03 11:57:56.924831;1
2016-11-03 11:58:10.237464;1
2016-11-04 11:40:42.751024;1
2016-11-04 11:44:19.399757;1
2016-11-07 12:07:15.579079;1
2016-11-07 12:08:09.180922;1
2016-11-07 12:08:21.071309;1
2016-11-07 12:08:31.477245;1
2016-11-07 12:08:37.245785;1
2016-11-07 12:08:51.366455;1
2016-11-07 12:09:23.200761;2
2016-11-07 12:11:52.45317;1
2016-11-07 12:12:19.469246;1
2016-11-07 12:13:23.291208;1
2016-11-07 12:14:11.814517;1
2016-11-07 12:14:46.299303;1
2016-11-07 12:15:04.346637;1
2016-11-07 12:15:23.529082;1
2016-11-07 12:16:14.701929;1
2016-11-07 12:16:31.607984;1
2016-11-07 12:16:58.491647;1
2016-11-07 16:08:38.283256;1
2016-11-07 16:09:09.656238;1
2016-11-07 16:13:00.320961;1
2016-11-07 16:24:27.27458;2
2016-11-07 16:26:04.885173;1
2016-11-07 16:26:53.65431;1
2016-11-07 16:29:10.701353;1
2016-11-07 16:29:40.520013;1
2016-11-07 16:29:59.449747;1
2016-11-07 16:35:34.698763;1
2016-11-07 16:35:40.888149;1
2016-11-07 16:35:46.741408;1
2016-11-07 16:35:52.171548;1
2016-11-07 16:36:09.881833;1
2016-11-07 16:36:21.378952;1
2016-11-08 10:37:16.002368;1
2016-11-08 10:42:12.387236;1
2016-11-08 15:58:43.544591;1
2016-11-08 15:59:24.052386;1
2016-11-08 16:29:03.427273;1
2016-11-08 16:29:21.618173;1
2016-11-08 16:29:50.228328;1
2016-11-08 16:30:06.641238;1
2016-11-08 16:30:21.423983;1
2016-11-08 16:30:50.423933;1
2016-11-08 16:31:10.412928;1
2016-11-08 16:34:20.415029;1
2016-11-08 16:34:47.051995;1
2016-11-08 16:35:05.387223;1
2016-11-08 16:35:22.716238;1
2016-11-08 16:35:42.64732;1
2016-11-08 16:42:11.703107;1
2016-11-08 16:45:04.700865;1
2016-11-08 16:45:10.890525;1
2016-11-08 16:45:18.633084;1
2016-11-08 16:45:24.540763;1
2016-11-08 16:45:32.494497;1
2016-11-08 16:45:37.369678;1
2016-11-08 16:45:44.656521;1
2016-11-08 16:45:52.397861;1
2016-11-08 16:46:05.129273;1
2016-11-11 16:03:00.954128;1
2016-11-11 16:03:09.377002;1
2016-11-11 16:03:14.502263;1
2016-11-11 16:03:19.777571;1
2016-11-11 16:03:24.775619;1
2016-11-11 16:03:31.480814;1
2016-11-11 16:03:37.075704;1
2016-11-11 16:03:42.834462;1
2016-11-11 16:03:47.606151;1
2016-11-11 16:03:54.217919;1
2016-11-11 16:03:59.364063;1
2016-11-11 16:04:04.233315;1
2016-11-11 16:04:09.146742;1
2016-11-14 01:07:31.644898;1
2016-11-14 01:09:15.284449;1
2016-11-14 01:12:49.687696;1
2016-11-14 01:15:08.521974;1
2016-11-16 11:29:41.440698;1
2016-11-16 11:31:01.219629;1
2016-11-16 11:31:39.619567;1
2016-11-16 11:32:09.056915;1
2016-11-21 15:27:44.629482;1
2016-11-21 15:31:04.414786;1
2016-11-21 15:42:53.784405;1
2016-11-21 15:43:25.768742;1
2016-11-21 16:39:31.442059;1
2016-11-21 17:21:06.342962;1
2016-11-21 17:21:36.244756;1
2016-11-21 17:23:13.95334;1
2016-11-21 17:23:48.517586;1
2016-11-21 17:24:17.190068;1
2016-11-21 17:25:05.475625;1
2016-11-22 11:28:31.623577;1
2016-11-22 11:29:47.054845;1
2016-11-22 11:30:23.200756;1
2016-11-22 11:31:03.388084;1
2016-11-22 18:15:16.479066;1
2016-11-22 18:15:43.542952;1
2016-11-23 11:26:30.597565;1
2016-11-23 11:26:51.176952;1
2016-11-23 11:27:29.230758;1
2016-11-23 11:51:47.132802;1
2016-11-23 11:53:04.429799;1
2016-11-23 11:53:46.383682;1
2016-11-23 11:58:14.980356;1
2016-11-24 13:49:43.640332;1
2016-11-24 13:50:24.312115;1
2016-11-24 13:51:09.222608;1
2016-11-24 13:51:46.838108;1
2016-11-25 13:49:44.731706;1
2016-11-25 14:00:33.036081;2
2016-11-25 14:04:42.22262;1
2016-11-25 14:06:28.538406;1
2016-11-25 14:07:23.965428;1
2016-11-25 14:08:23.124404;1
2016-11-25 14:09:08.027919;1
2016-11-25 14:10:27.569097;1
2016-11-25 14:15:02.131315;1
2016-12-12 12:43:29.508853;1
2016-12-24 17:05:19.268274;1
2016-12-24 17:14:03.646613;1
2016-12-24 17:30:52.109137;1
2016-12-24 17:46:46.068539;1
2016-12-24 18:42:17.280014;1
2016-12-24 18:53:06.4238;1
2016-12-24 19:00:02.115752;1
2016-12-24 19:28:01.729198;1
2016-12-24 19:52:39.439678;1
2016-12-24 21:02:16.506016;1
2016-12-24 21:03:16.22594;1
2016-12-24 21:06:04.149744;1
2017-01-02 16:32:05.515252;1
2017-01-03 09:43:47.117728;1
2017-01-03 14:38:00.737554;1
2017-01-12 23:19:18.980022;1
2017-01-12 23:27:09.976417;1
2017-01-13 08:29:26.486761;1
2017-01-13 08:33:31.112748;1
2017-01-13 08:54:19.204287;1
2017-01-13 08:54:58.12853;1
2017-01-13 08:55:41.873842;1
2017-01-13 08:56:20.502993;1
2017-01-13 08:57:08.392384;2
2017-01-13 08:57:56.312505;2
2017-01-13 08:58:50.868159;2
2017-01-16 11:52:21.183001;1
2017-01-16 11:54:24.891023;1
2017-01-16 11:54:25.356129;1
2017-01-16 11:54:25.422436;1
2017-01-16 11:54:25.497723;1
2017-01-16 11:54:26.11759;1
2017-01-16 11:54:26.20304;1
2017-01-16 11:54:26.6049;1
2017-01-16 11:54:26.682814;1
2017-01-16 11:54:26.750502;1
2017-01-16 11:54:27.104646;1
2017-01-16 11:54:27.269171;1
2017-01-16 11:54:27.334306;1
2017-01-16 11:54:27.410038;1
2017-01-16 11:54:27.673478;1
2017-01-16 11:54:27.733842;1
2017-01-16 11:54:27.815125;1
2017-01-16 11:54:27.887169;1
2017-01-16 11:54:27.94164;1
2017-01-16 11:54:28.213752;1
2017-01-16 11:54:28.478884;1
2017-01-16 11:54:28.736908;1
2017-01-16 11:54:29.02585;1
2017-01-16 11:54:29.372449;1
2017-01-16 11:54:29.461607;1
2017-01-16 11:54:29.539203;1
2017-01-16 11:54:29.630077;1
2017-01-18 12:11:05.096776;1
2017-01-18 12:13:41.677241;1
2017-01-18 14:56:50.656324;1
2017-01-18 15:45:07.933177;1
2017-01-18 15:46:27.359608;1
2017-01-18 15:47:27.652117;1
2017-01-18 15:48:47.017736;1
2017-02-03 14:52:55.016272;1
2017-02-09 14:06:44.190442;1
2017-02-09 14:08:13.308266;1
2017-02-09 14:10:34.112776;1
2017-02-09 14:11:57.26345;1
2017-02-09 14:15:14.825131;1
2017-02-09 14:18:32.310158;1
2017-02-09 14:24:16.146711;1
2017-02-09 14:25:03.747442;1
2017-02-09 14:26:10.411042;1
2017-02-09 14:31:56.17631;1
2017-02-09 14:34:45.137605;1
2017-02-09 14:36:49.195646;1
2017-02-09 14:40:11.551554;1
2017-02-09 14:41:10.995667;1
2017-02-09 14:42:18.752407;1
2017-02-09 14:43:08.253449;1
2017-02-09 14:43:48.026063;1
2017-02-09 14:44:23.278645;1
2017-02-09 14:44:54.153278;1
2017-02-09 14:45:26.42393;1
2017-02-09 14:46:42.769594;1
2017-02-09 14:47:52.176249;2
2017-02-09 14:50:54.716998;2
2017-02-09 14:54:52.859344;1
2017-02-09 14:55:47.329433;1
2017-02-09 14:56:55.7831;2
2017-02-09 14:59:28.132211;2
2017-02-09 15:00:50.590187;1
2017-02-09 15:01:34.017136;1
2017-02-09 15:02:08.386353;1
2017-02-09 15:02:42.212751;1
2017-02-09 15:03:32.175251;1
2017-02-09 15:26:19.853654;2
2017-02-09 15:28:22.041884;2
2017-02-09 15:49:15.407331;1
2017-02-09 15:53:55.985912;1
2017-02-09 15:55:10.729461;1
2017-02-09 16:02:01.361865;1
2017-02-09 16:02:47.20999;1
2017-02-09 16:04:11.100061;1
2017-02-09 16:04:37.159453;1
2017-02-10 14:38:04.940531;1
2017-02-13 09:48:56.86506;1
2017-02-13 09:49:34.335022;1
2017-02-13 09:50:08.070661;1
2017-02-13 09:52:05.29011;1
2017-02-13 09:52:37.428891;1
2017-02-13 09:53:19.500743;1
2017-02-13 09:53:39.926379;2
2017-02-14 09:36:39.632957;1
2017-02-14 09:44:25.426889;1
2017-02-14 14:44:32.794759;1
2017-02-14 14:45:00.149393;1
2017-02-14 14:45:19.430493;1
2017-02-14 14:45:44.693763;1
2017-02-14 14:46:07.687107;1
2017-02-14 14:46:18.85153;1
2017-02-14 14:46:36.413341;1
2017-02-14 14:46:58.370129;1
2017-02-14 14:47:25.622769;2
2017-02-14 14:47:47.666982;1
2017-02-14 16:13:26.681206;2
2017-02-14 17:26:40.72096;1
2017-02-14 17:30:05.904729;1
2017-02-14 17:55:19.180425;1
2017-02-15 16:13:01.231615;1
2017-02-15 16:13:29.5069;1
2017-02-15 16:19:40.495506;1
2017-02-15 16:21:02.892814;1
2017-02-15 16:53:14.827256;1
2017-02-15 16:53:32.613801;1
2017-02-16 13:28:56.943563;1
2017-02-16 13:29:19.065324;1
2017-02-27 13:09:07.604941;2
2017-02-28 11:02:48.010504;1
2017-02-28 16:51:11.418366;1
2017-02-28 16:51:57.695773;1
2017-02-28 16:52:13.511535;1
2017-02-28 16:52:31.877296;1
2017-03-01 10:29:33.310301;1
2017-03-01 16:52:45.781862;1
2017-03-01 17:02:07.763249;1
2017-03-01 17:02:34.590959;1
2017-03-01 17:03:38.147752;2
2017-03-01 17:05:05.706744;1
2017-03-01 17:05:50.289161;1
2017-03-13 11:29:43.071407;1
2017-03-13 11:29:57.083695;1
2017-03-13 11:30:07.327781;1
2017-03-13 11:30:16.730643;1
2017-03-13 11:30:40.875591;1
2017-03-13 11:31:12.653802;1
2017-03-13 11:31:23.587555;1
2017-03-13 11:31:36.492713;1
2017-03-13 11:31:56.241096;1
2017-03-13 11:32:04.66015;1
2017-03-13 11:32:19.016311;1
2017-03-13 11:32:29.688561;1
2017-03-13 11:32:47.917867;1
2017-03-13 11:32:59.533394;1
2017-03-13 11:36:12.210461;1
2017-03-13 12:30:14.9108;2
2017-03-14 10:52:26.224578;1
2017-03-14 10:52:56.57607;1
2017-03-14 10:53:04.790877;1
2017-03-14 10:53:17.29198;1
2017-03-14 10:53:25.983432;1
2017-03-14 10:54:31.864042;1
2017-03-14 10:54:45.493509;1
2017-03-14 10:54:58.652507;1
2017-03-14 10:55:51.724721;1
2017-03-14 10:56:04.360933;1
2017-03-14 10:56:16.857357;1
2017-03-14 10:57:04.357024;1
2017-03-14 10:57:24.280202;1
2017-03-14 10:57:40.8944;1
2017-03-14 10:57:59.235368;1
2017-03-14 17:28:06.169603;1
2017-03-14 17:28:22.104939;1
2017-03-14 17:28:39.790896;1
2017-03-14 17:28:53.113243;1
2017-03-14 17:29:06.775017;1
2017-03-14 17:29:20.524461;1
2017-03-14 17:29:33.240614;1
2017-03-14 17:29:50.054808;1
2017-03-14 17:32:12.142517;1
2017-03-14 17:32:25.991344;1
2017-03-14 17:32:50.503286;1
2017-03-14 17:33:07.329749;1
2017-03-14 17:33:30.392111;1
2017-03-15 13:42:54.111086;1
2017-03-15 13:43:43.139555;1
2017-03-15 13:44:07.783073;1
2017-03-18 15:14:42.139969;1
2017-03-18 15:15:16.621078;1
2017-03-19 10:01:09.143166;1
2017-03-20 12:38:20.822403;2
2017-03-20 12:38:51.957934;1
2017-03-20 12:58:57.688481;1
2017-03-22 11:19:00.142803;1
2017-03-22 11:19:31.930315;1
2017-03-22 11:20:03.057892;1
2017-03-22 11:20:19.637137;1
2017-03-22 11:20:45.528864;1
2017-03-22 11:21:14.134658;1
2017-03-22 11:21:44.764993;1
2017-03-22 11:22:08.774915;1
2017-03-22 11:22:24.647078;1
2017-03-22 11:23:01.877225;1
2017-03-22 11:23:28.239586;1
2017-03-22 14:07:15.044863;1
2017-03-22 14:07:41.404857;1
2017-03-22 14:07:59.208788;1
2017-03-22 14:08:13.70787;1
2017-03-22 14:08:35.912272;1
2017-03-22 14:08:58.832237;1
2017-03-22 14:09:43.451982;1
2017-03-22 14:09:59.363422;1
2017-03-22 14:10:18.44973;1
2017-03-22 14:10:37.569079;1
2017-03-22 14:10:52.248941;1
2017-03-22 14:11:13.949234;1
2017-03-22 14:11:30.200396;1
2017-03-22 14:11:49.011519;1
2017-03-22 14:12:06.32165;2
2017-03-22 14:12:23.019322;1
2017-03-22 14:12:44.982478;1
2017-03-23 13:13:04.70942;1
2017-03-23 13:14:43.947342;1
2017-03-23 13:15:23.649844;1
2017-03-23 13:15:41.410269;1
2017-03-23 13:15:58.287417;1
2017-03-23 13:16:23.906123;1
2017-03-23 13:16:39.588576;1
2017-03-23 13:16:54.386578;1
2017-03-23 13:17:33.288078;1
2017-03-23 13:18:04.191775;1
2017-03-23 13:18:21.160571;1
2017-03-24 13:21:54.735899;1
2017-03-24 13:26:26.960562;1
2017-03-24 13:29:58.625052;1
2017-03-24 13:30:59.226169;1
2017-03-31 17:46:32.948694;1
2017-04-01 15:46:50.111286;1
2017-04-01 18:00:07.843017;1
2017-04-01 18:06:41.785362;1
2017-04-06 17:38:39.913676;1
2017-04-06 17:43:59.862331;1
2017-04-06 21:17:11.717981;1
2017-04-06 21:53:50.833543;1
2017-04-07 12:45:08.488183;1
2017-04-07 12:45:16.807685;1
2017-04-07 18:53:07.280627;1
2017-04-07 18:53:52.933798;1
2017-04-08 15:13:42.314507;1
2017-04-16 15:52:32.882351;1
2017-04-17 15:57:48.265007;1
2017-04-17 16:00:26.847551;1
2017-04-17 16:01:05.93467;1
2017-04-17 16:02:36.744846;1
2017-04-17 16:04:04.717797;1
2017-04-19 17:33:33.823083;1
2017-04-19 17:34:36.668393;1
2017-04-19 17:35:10.956021;1
2017-04-19 17:36:48.600262;1
2017-04-21 10:22:26.773674;1
2017-04-21 10:23:06.227945;1
2017-04-21 10:41:57.714633;1
2017-04-21 10:43:24.966491;1
2017-04-21 10:44:05.118149;1
2017-04-21 16:20:09.556054;1
2017-04-24 09:21:38.447682;1
2017-04-24 16:54:26.553969;1
2017-04-24 16:55:03.832727;1
2017-04-24 16:55:35.171391;1
2017-04-24 16:56:05.719545;1
2017-04-24 16:56:33.284667;1
2017-04-24 17:50:57.156928;1
2017-04-24 19:03:04.468654;1
2017-04-24 19:03:25.096626;1
2017-04-24 19:03:40.958051;1
2017-05-03 15:36:39.269358;1
2017-05-03 15:40:22.850858;1
2017-05-06 16:16:10.961075;1
2017-05-06 17:08:39.97531;1
2017-05-06 17:09:21.583226;1
2017-05-06 17:11:48.785393;1
2017-05-06 17:12:20.326946;1
2017-05-06 17:13:38.66379;1
2017-05-06 17:14:06.781794;1
2017-05-06 17:14:28.363854;1
2017-05-06 17:15:35.192479;1
2017-05-06 17:15:54.383442;1
2017-05-06 17:16:14.513572;1
2017-05-06 17:17:09.154894;1
2017-05-06 17:18:13.12385;1
2017-05-06 17:18:32.290758;1
2017-05-06 17:19:03.047811;1
2017-05-06 17:21:01.549891;1
2017-05-06 17:21:23.672616;1
2017-05-06 17:22:09.989732;1
2017-05-06 17:22:29.887042;1
2017-05-06 17:23:25.223905;1
2017-05-06 17:25:04.707653;1
2017-05-06 17:25:31.159155;1
2017-05-06 17:26:04.101597;1
2017-05-06 17:26:38.74603;1
2017-05-06 17:27:23.712891;1
2017-05-06 18:04:18.556859;1
2017-05-06 18:04:56.377104;1
2017-05-06 18:05:27.125644;1
2017-05-06 18:05:58.82529;1
2017-05-08 09:57:11.239241;1
2017-05-08 09:57:20.811482;1
2017-05-08 09:57:30.081226;1
2017-05-08 09:57:38.653967;1
2017-05-08 09:57:45.70681;1
2017-05-08 09:57:53.292776;1
2017-05-08 09:58:00.449353;1
2017-05-08 09:58:15.578257;1
2017-05-08 09:58:26.84056;1
2017-05-08 09:58:33.861834;1
2017-05-08 09:58:49.227153;1
2017-05-08 09:58:56.015736;1
2017-05-08 09:59:18.701378;1
2017-05-08 10:00:34.71958;1
2017-05-08 10:01:19.714996;1
2017-05-08 10:03:08.522679;1
2017-05-08 10:04:14.538081;1
2017-05-08 10:04:47.84303;1
2017-05-08 10:05:22.770303;1
2017-05-08 10:05:59.248271;1
2017-05-08 10:06:32.297626;1
2017-05-08 10:07:04.209388;1
2017-05-08 10:09:30.695735;1
2017-05-08 13:51:33.887027;2
2017-05-08 13:52:12.539316;1
2017-05-08 13:53:15.184508;1
2017-05-08 13:53:51.668204;1
2017-05-08 13:54:22.816139;1
2017-05-08 13:54:56.913564;1
2017-05-08 13:55:39.862311;1
2017-05-08 13:56:21.788102;1
2017-05-08 13:56:51.65916;1
2017-05-08 13:57:23.401533;1
2017-05-08 13:58:26.757576;1
2017-05-08 13:58:55.752376;1
2017-05-08 13:59:26.17755;1
2017-05-08 14:02:46.630091;2
2017-05-09 17:07:19.789645;1
2017-05-09 17:07:57.539675;1
2017-05-09 17:08:36.726661;1
2017-05-09 17:09:14.476924;1
2017-05-09 17:09:51.786816;1
2017-05-10 14:46:09.226195;1
2017-05-10 14:49:41.375058;1
2017-05-10 14:52:09.260582;1
2017-05-17 17:01:02.108873;1
2017-05-17 17:01:56.058879;1
2017-05-17 17:02:48.252484;1
2017-05-17 17:03:29.726107;1
2017-05-17 17:04:13.262846;1
2017-05-17 17:04:51.183557;1
2017-05-17 17:05:33.261181;1
2017-05-18 19:17:20.891869;1
2017-05-18 19:18:07.632151;1
2017-05-18 19:20:17.152382;1
2017-05-18 19:20:59.161956;1
2017-05-22 16:45:36.93831;1
2017-05-24 16:10:44.372139;1
2017-05-24 16:11:50.161713;1
2017-05-24 16:13:57.581771;1
2017-05-24 16:14:43.516242;1
2017-05-24 16:15:06.549626;1
2017-05-24 16:15:53.948366;1
2017-05-24 16:29:51.650371;1
2017-05-26 10:29:10.106387;2
2017-05-29 10:13:30.83659;2
2017-05-29 10:14:14.533239;1
2017-05-29 10:15:25.367809;1
2017-05-29 10:20:28.934545;1
2017-05-29 10:22:23.538829;1
2017-05-29 10:23:02.150321;1
2017-05-29 10:23:21.748919;1
2017-05-29 10:24:22.188105;1
2017-05-29 10:26:33.078693;1
2017-05-29 11:07:31.671368;2
2017-05-29 11:07:51.030315;2
2017-05-29 11:08:45.520687;1
2017-05-29 11:09:26.20009;1
2017-05-29 12:40:12.948634;1
2017-05-30 15:10:37.597414;1
2017-05-30 15:12:13.911443;1
2017-05-30 15:12:36.283063;1
2017-05-30 15:13:16.146513;1
2017-05-30 16:19:45.309275;1
2017-05-30 16:20:09.135598;1
2017-05-30 16:21:19.248925;1
2017-05-30 16:21:45.771658;1
2017-05-30 16:22:32.00349;1
2017-05-30 16:23:50.457062;1
2017-05-30 16:26:02.165791;1
2017-05-30 16:26:37.965343;1
2017-05-31 10:40:15.564727;1
2017-05-31 22:59:45.252331;2
2017-05-31 23:00:29.20458;2
2017-05-31 23:01:08.913906;2
2017-05-31 23:01:47.513629;2
2017-05-31 23:02:28.800371;2
2017-05-31 23:09:20.605972;2
2017-05-31 23:15:05.282762;1
2017-05-31 23:15:45.677236;2
2017-05-31 23:17:05.643856;2
2017-05-31 23:23:38.539897;1
2017-06-01 14:54:10.516743;1
2017-06-02 07:53:43.236802;1
2017-06-02 18:28:15.034542;1
2017-06-03 20:40:44.279159;1
2017-06-03 20:46:20.353553;1
2017-06-03 21:10:44.071388;1
2017-06-07 09:00:36.120044;1
2017-06-07 10:42:08.020118;1
2017-06-07 22:24:23.145112;1
2017-06-08 10:47:57.124454;1
2017-06-08 11:00:09.757094;1
2017-06-09 09:59:27.465779;1
2017-06-09 10:13:40.977168;1
2017-06-09 13:59:58.061455;1
2017-06-09 14:01:15.663909;1
2017-06-09 16:18:04.287157;1
2017-06-09 16:22:07.064811;1
2017-06-09 16:23:16.233048;1
2017-06-09 16:27:30.999617;1
2017-06-10 18:28:03.055592;2
2017-06-10 18:28:39.42956;2
2017-06-10 18:29:24.057245;2
2017-06-10 18:29:54.274211;2
2017-06-10 18:31:01.801318;1
2017-06-10 18:31:40.951933;2
2017-06-10 18:33:55.055119;1
2017-06-10 18:34:34.90983;1
2017-06-10 18:35:22.063077;1
2017-06-10 21:49:55.535468;1
2017-06-10 21:50:16.022542;1
2017-06-10 21:51:05.943981;1
2017-06-12 08:51:27.919688;1
2017-06-12 10:42:19.227166;1
2017-06-12 12:19:39.593644;1
2017-06-12 12:25:44.274594;1
2017-06-13 12:11:33.971319;1
2017-06-13 12:12:44.652424;1
2017-06-13 12:13:49.701235;1
2017-06-13 12:15:48.799239;1
2017-06-13 12:16:19.669931;1
2017-06-13 14:52:02.007129;1
2017-06-13 14:58:55.578521;1
2017-06-13 14:59:37.712572;1
2017-06-13 15:00:48.572868;1
2017-06-13 16:17:28.08336;1
2017-06-13 16:18:08.904398;1
2017-06-13 17:16:56.825742;1
2017-06-13 17:17:39.749882;1
2017-06-13 18:13:12.768063;1
2017-06-13 18:14:38.576059;1
2017-06-13 18:15:12.744026;1
2017-06-13 19:31:58.208732;1
2017-06-13 19:32:29.160387;1
2017-06-13 19:33:34.542707;1
2017-06-13 19:34:06.946942;1
2017-06-13 20:47:53.755572;1
2017-06-13 20:48:26.263111;1
2017-06-13 20:48:58.086328;1
2017-06-14 16:02:35.536707;1
2017-06-14 16:04:34.721962;1
2017-06-15 12:24:45.82915;1
2017-06-15 12:26:21.94905;1
2017-06-15 13:07:22.165477;1
2017-06-15 13:46:14.39516;1
2017-06-15 21:25:20.272726;1
2017-06-16 12:19:23.00619;1
2017-06-16 12:55:07.496209;1
2017-06-16 16:30:31.867519;1
2017-06-16 16:31:08.099575;1
2017-06-16 16:31:41.235849;1
2017-06-16 16:32:10.893306;1
2017-06-16 16:32:35.417005;1
2017-06-16 16:33:00.825763;1
2017-06-16 16:34:36.992117;1
2017-06-16 16:35:05.504431;1
2017-06-16 16:35:36.332745;1
2017-06-16 16:36:04.821611;1
2017-06-16 16:36:35.506231;1
2017-06-16 16:37:03.67808;1
2017-06-16 16:37:39.737361;1
2017-06-16 16:38:14.5198;1
2017-06-16 17:52:48.663909;1
2017-06-16 17:53:51.825769;1
2017-06-17 18:12:41.884468;1
2017-06-17 18:13:16.236327;1
2017-06-17 18:21:51.612014;1
2017-06-17 18:22:20.62;1
2017-06-17 18:22:54.764542;1
2017-06-18 12:54:41.444581;1
2017-06-18 12:55:14.211215;1
2017-06-18 12:56:55.993137;1
2017-06-18 15:04:01.914868;1
2017-06-18 15:04:36.142222;1
2017-06-18 15:05:03.456271;1
2017-06-18 15:06:08.455686;1
2017-06-18 15:07:19.766656;1
2017-06-18 15:13:02.412531;1
2017-06-18 15:13:38.574413;1
2017-06-18 15:14:07.098931;1
2017-06-18 15:14:35.079415;1
2017-06-18 15:15:01.952208;1
2017-06-19 12:44:44.70778;1
2017-06-19 12:45:20.727951;1
2017-06-19 12:46:24.401246;1
2017-06-19 15:29:26.605244;1
2017-06-20 10:53:30.513672;1
2017-06-20 12:53:55.657398;1
2017-06-20 12:55:06.688366;1
2017-06-20 12:55:49.797369;1
2017-06-20 12:56:33.892793;1
2017-06-20 12:57:24.2518;1
2017-06-20 12:58:43.777413;1
2017-06-20 13:01:12.589115;1
2017-06-20 13:03:08.918169;1
2017-06-21 11:26:34.238726;2
2017-06-21 14:09:20.812534;1
2017-06-21 14:10:11.950764;1
2017-06-21 14:16:12.151078;1
2017-06-21 15:32:31.445756;1
2017-06-23 17:32:55.426297;1
2017-06-23 17:33:35.846857;1
2017-06-23 17:34:07.841276;1
2017-06-23 17:37:02.358338;1
2017-06-23 17:37:35.144666;1
2017-06-23 17:39:01.479411;1
2017-06-23 17:40:16.877679;2
2017-06-23 17:40:58.635462;1
2017-06-23 17:41:40.435553;1
2017-06-23 17:42:20.559459;1
2017-06-24 15:13:20.060001;1
2017-06-24 15:17:12.072859;1
2017-06-24 15:18:08.065828;2
2017-06-24 15:53:16.763648;1
2017-06-24 15:53:51.702409;1
2017-06-24 15:54:27.134385;1
2017-06-24 15:55:05.665507;1
2017-06-24 15:56:12.835038;1
2017-06-24 15:57:56.394548;1
2017-06-24 16:15:09.29325;1
2017-06-24 16:15:42.924699;1
2017-06-25 18:38:38.053619;1
2017-06-25 18:39:36.35455;1
2017-06-25 18:40:41.966342;1
2017-06-25 18:41:09.335623;1
2017-06-25 18:41:36.57577;1
2017-06-25 18:42:07.06482;1
2017-06-25 18:42:34.434464;1
2017-06-25 18:43:01.824875;1
2017-06-25 18:43:28.251971;1
2017-06-26 14:42:05.179753;1
2017-06-30 11:25:20.784659;1
2017-06-30 17:01:02.263262;1
2017-06-30 17:03:25.236935;1
2017-06-30 17:09:01.195954;1
2017-06-30 17:09:28.537268;1
2017-06-30 17:11:38.398349;1
2017-06-30 17:11:39.599554;1
2017-06-30 17:12:06.538892;1
2017-06-30 17:12:07.400154;1
2017-06-30 17:14:06.065761;1
2017-06-30 17:14:06.85843;1
2017-06-30 17:17:12.486638;1
2017-06-30 17:17:13.401233;1
2017-06-30 17:18:53.653887;1
2017-06-30 17:18:55.270378;1
2017-06-30 17:21:20.495976;1
2017-06-30 17:21:21.382536;1
2017-06-30 17:22:03.665879;1
2017-06-30 17:22:04.671755;1
2017-06-30 17:23:53.630031;1
2017-06-30 17:23:54.461964;1
2017-06-30 17:54:22.615282;1
2017-07-02 11:14:02.636679;1
2017-07-02 11:14:41.80485;1
2017-07-02 11:16:32.943817;1
2017-07-02 11:17:12.305175;1
2017-07-02 11:17:42.367531;1
2017-07-02 11:18:14.236517;1
2017-07-02 11:18:51.306543;1
2017-07-03 10:52:58.811353;1
2017-07-03 11:00:11.318485;1
2017-07-03 11:04:02.530395;1
2017-07-03 11:21:01.973265;1
2017-07-03 11:25:07.60212;1
2017-07-03 11:26:02.266294;1
2017-07-03 11:26:37.815464;1
2017-07-03 11:27:16.601079;1
2017-07-03 11:28:01.373674;1
2017-07-03 11:29:31.703853;1
2017-07-03 11:31:59.58481;1
2017-07-04 17:01:06.408505;1
2017-07-04 17:02:13.408416;2
2017-07-04 17:31:26.054692;1
2017-07-04 17:31:26.749321;1
2017-07-04 17:31:26.815797;1
2017-07-04 17:31:26.885287;1
2017-07-04 17:31:27.245235;1
2017-07-04 17:31:28.099941;1
2017-07-04 17:31:28.180435;1
2017-07-04 17:31:28.656964;1
2017-07-04 17:31:28.741076;1
2017-07-04 17:31:28.800396;1
2017-07-04 17:31:29.270177;1
2017-07-04 17:31:29.403128;1
2017-07-04 17:31:29.453929;1
2017-07-04 17:31:29.688889;1
2017-07-04 17:31:29.959961;1
2017-07-04 17:31:30.041528;1
2017-07-04 17:31:30.427175;1
2017-07-04 17:31:30.523313;1
2017-07-04 17:31:30.618359;1
2017-07-04 17:31:30.735617;1
2017-07-04 17:31:31.265328;1
2017-07-04 17:31:31.712425;1
2017-07-04 17:31:32.220673;1
2017-07-04 17:31:32.500293;1
2017-07-04 17:31:32.776159;1
2017-07-04 17:31:33.174731;1
2017-07-04 17:31:33.341016;1
2017-07-04 17:31:33.454113;1
2017-07-04 17:31:33.831474;1
2017-07-04 17:31:35.148739;1
2017-07-04 17:31:35.255269;1
2017-07-04 17:31:35.371721;1
2017-07-04 17:31:35.452114;1
2017-07-04 17:31:35.800938;1
2017-07-04 17:31:36.037052;1
2017-07-04 17:31:36.102674;1
2017-07-04 17:31:36.654675;1
2017-07-04 17:31:36.868111;1
2017-07-04 17:31:37.056572;1
2017-07-04 18:03:44.869815;2
2017-07-04 18:04:17.065951;2
2017-07-04 18:06:03.420245;1
2017-07-04 18:07:37.96047;2
2017-07-04 18:09:08.981216;1
2017-07-05 15:18:24.941903;1
2017-07-05 15:19:19.089752;1
2017-07-05 16:04:40.533709;1
2017-07-10 15:00:12.849921;1
2017-07-10 15:05:46.115369;1
2017-07-10 15:06:37.386535;1
2017-07-10 15:07:15.809399;1
2017-07-10 15:07:48.466336;1
2017-07-10 16:10:00.806885;1
2017-07-10 16:10:35.304136;1
2017-07-10 16:15:33.788369;1
2017-07-10 16:16:25.97333;1
2017-07-10 16:17:02.896785;1
2017-07-10 16:17:41.18851;1
2017-07-10 16:18:30.118561;1
2017-07-10 16:18:55.312216;1
2017-07-10 16:19:23.127097;1
2017-07-10 16:19:49.332234;1
2017-07-10 16:20:29.693986;1
2017-07-10 16:20:54.855361;1
2017-07-10 16:21:39.911173;1
2017-07-10 16:22:05.452261;1
2017-07-10 16:22:51.207919;1
2017-07-10 16:25:13.484052;1
2017-07-10 16:26:07.230076;1
2017-07-10 16:26:42.223214;1
2017-07-10 16:27:34.019309;1
2017-07-10 16:27:58.192865;1
2017-07-10 16:28:40.794311;1
2017-07-10 16:29:12.044303;1
2017-07-10 16:29:41.619677;1
2017-07-10 16:30:47.517932;1
2017-07-10 16:31:33.850312;1
2017-07-10 16:33:15.930138;1
2017-07-10 16:33:43.268434;1
2017-07-10 16:34:25.663564;1
2017-07-10 16:35:03.530814;1
2017-07-10 16:35:45.135684;1
2017-07-10 16:36:33.448494;1
2017-07-10 16:37:17.351987;1
2017-07-11 15:36:37.239565;1
2017-07-12 10:59:49.782667;1
2017-07-12 11:38:09.131657;1
2017-07-12 15:38:27.277124;1
2017-07-12 15:46:57.23022;1
2017-07-12 15:52:42.450337;1
2017-07-17 10:33:38.477752;2
2017-07-17 11:05:48.709158;1
2017-07-23 16:59:51.576007;1
2017-07-23 17:00:22.252876;1
2017-07-23 17:01:20.646918;1
2017-07-23 17:01:56.848788;1
2017-07-23 17:02:37.385451;1
2017-07-23 17:03:10.134015;1
2017-07-23 17:03:52.294239;1
2017-07-23 17:04:36.477597;1
2017-07-23 17:05:16.749917;1
2017-07-25 09:32:24.881954;1
2017-07-28 09:08:58.948512;1
2017-07-28 17:16:15.169569;1
2017-07-28 17:17:39.81056;1
2017-07-28 17:18:15.836682;1
2017-07-28 17:20:03.099468;1
2017-07-28 17:20:43.364291;1
2017-07-28 17:21:16.878588;1
2017-07-28 17:21:46.623817;1
2017-07-28 17:37:46.534653;1
2017-07-28 17:38:20.335865;1
2017-07-28 17:39:17.696994;1
2017-07-28 17:39:56.698915;1
2017-08-01 14:50:41.942269;1
2017-08-02 10:40:51.83153;1
2017-08-02 13:17:16.405954;1
2017-08-02 14:39:23.706594;1
2017-08-02 15:47:17.850327;1
2017-08-02 15:48:00.076922;1
2017-08-02 15:48:44.315758;1
2017-08-02 15:54:12.462497;1
2017-08-02 15:54:54.873176;1
2017-08-03 11:07:18.328453;1
2017-08-03 11:29:26.025217;1
2017-08-04 13:21:37.22936;1
2017-08-04 13:22:07.205032;1
2017-08-04 13:22:43.161161;1
2017-08-04 13:29:18.960797;1
2017-08-08 15:14:11.961526;1
2017-08-09 14:43:28.497914;1
2017-08-09 14:44:25.137451;1
2017-08-09 14:45:07.833262;1
2017-08-09 14:45:53.666681;1
2017-08-09 14:47:31.846451;1
2017-08-09 14:48:09.911089;1
2017-08-11 08:54:56.198353;1
2017-08-15 13:54:13.845286;1
2017-08-18 11:59:47.601914;1
2017-08-18 12:02:24.573564;1
2017-08-18 12:02:56.534064;1
2017-08-18 12:03:27.11487;1
2017-08-18 12:03:59.069672;1
2017-08-18 12:04:38.842826;1
2017-08-18 12:05:09.59183;1
2017-08-18 12:05:38.872737;1
2017-08-18 12:06:06.876972;1
2017-08-18 12:06:33.901629;1
2017-08-18 12:07:02.785706;1
2017-08-18 12:07:31.567032;1
2017-08-21 15:16:45.172398;1
2017-08-21 15:17:20.88275;1
2017-08-21 15:18:02.48914;1
2017-08-21 15:18:39.225637;1
2017-08-21 15:19:20.995162;1
2017-08-21 15:19:51.704871;1
2017-08-21 15:22:47.409188;1
2017-08-21 15:23:23.805422;1
2017-08-21 15:24:04.863726;1
2017-08-21 15:24:40.395333;1
2017-08-21 15:25:09.108274;1
2017-08-21 15:25:37.785711;1
2017-08-21 15:26:08.08473;1
2017-08-21 15:26:45.758087;1
2017-08-21 15:27:15.692339;1
2017-08-21 15:27:42.615862;1
2017-08-21 15:28:30.433241;1
2017-08-21 15:29:07.545664;1
2017-08-22 09:23:57.038462;1
2017-08-22 09:24:25.828361;1
2017-08-22 09:25:40.717756;1
2017-08-22 09:26:16.393048;1
2017-08-22 09:26:53.720648;1
2017-08-22 09:28:08.274204;2
2017-08-22 09:28:48.259693;1
2017-08-22 09:31:12.093946;1
2017-08-22 09:32:04.28215;1
2017-09-08 15:44:47.989432;1
2017-09-08 15:48:43.677395;1
2017-09-08 15:49:22.86973;1
2017-09-08 15:50:52.100261;1
2017-09-08 15:51:33.208228;1
2017-09-08 15:53:25.275648;1
2017-09-08 15:55:05.303886;1
2017-09-08 15:55:48.930911;1
2017-09-08 15:57:30.481433;1
2017-09-08 15:58:07.420709;1
2017-09-08 15:58:48.533383;1
2017-09-08 15:59:29.583289;1
2017-09-08 16:00:30.292356;1
2017-09-08 16:01:29.105078;1
2017-09-08 16:02:15.964627;1
2017-09-08 16:03:13.447397;1
2017-09-08 16:06:18.972276;1
2017-09-08 16:06:54.475757;1
2017-09-08 16:07:32.785143;1
2017-09-08 16:08:24.257041;1
2017-09-08 16:09:00.243069;1
2017-09-08 16:09:42.807113;1
2017-09-08 16:12:44.248763;1
2017-09-08 16:13:23.418716;1
2017-09-08 16:15:50.907225;1
2017-09-08 16:16:32.195532;1
2017-09-08 16:17:06.785305;1
2017-09-08 16:17:58.589739;1
2017-09-08 16:26:09.370796;1
2017-09-12 14:25:06.072568;2
2017-09-14 12:00:26.233194;1
2017-09-14 12:01:08.801596;1
2017-09-15 07:49:00.475787;1
2017-09-15 09:22:48.972836;1
2017-09-15 09:32:47.706566;1
2017-09-15 09:59:59.687091;1
2017-09-15 12:12:42.85212;1
2017-09-17 18:15:41.587713;1
2017-09-18 10:46:51.53189;1
2017-09-18 11:00:23.019254;1
2017-09-19 14:12:10.58212;1
2017-09-19 15:05:24.555929;1
2017-09-19 18:30:04.002387;1
2017-09-20 11:22:07.595476;1
2017-09-20 14:50:58.231762;1
2017-09-21 09:43:07.827112;1
2017-09-21 14:30:16.39002;1
2017-09-22 09:07:34.09614;2
2017-09-22 15:53:37.541111;1
2017-09-24 14:08:41.108908;1
2017-09-24 14:09:32.980646;1
2017-09-24 17:13:37.350651;1
2017-09-25 13:42:18.330126;1
2017-09-25 14:31:13.8447;1
2017-09-25 15:38:00.233582;1
2017-09-26 09:30:25.360391;1
2017-09-26 13:28:20.682535;1
2017-09-26 14:40:38.549844;1
2017-09-26 16:35:52.899448;1
2017-09-26 16:36:02.745838;1
2017-09-26 16:36:10.046099;1
2017-09-26 16:36:19.420389;1
2017-09-26 16:36:28.021887;1
2017-09-26 16:36:44.414498;1
2017-09-26 16:36:54.553836;1
2017-09-26 16:37:05.390549;1
2017-09-26 16:37:32.574621;1
2017-09-26 16:37:58.162899;1
2017-09-26 16:38:07.174241;1
2017-09-26 16:39:17.314;1
2017-09-26 16:39:55.214608;1
2017-09-26 16:40:04.46643;1
2017-09-26 16:40:31.849371;1
2017-09-26 16:40:40.464484;1
2017-09-26 16:41:37.661721;1
2017-09-26 16:41:47.111991;1
2017-09-26 16:43:31.409551;1
2017-09-26 16:43:43.990587;1
2017-09-26 16:44:02.383326;1
2017-09-26 16:44:26.214421;1
2017-09-26 16:44:35.692979;1
2017-09-26 16:44:47.608758;1
2017-09-26 16:45:00.223789;1
2017-09-26 16:45:25.955863;1
2017-09-26 16:45:38.295222;1
2017-09-26 16:46:06.649693;1
2017-09-26 16:51:04.371483;1
2017-09-26 16:51:14.929935;1
2017-09-26 16:51:41.455838;1
2017-09-26 16:52:17.776443;1
2017-09-26 16:52:29.528997;1
2017-09-26 16:52:47.862511;1
2017-09-26 16:53:36.003978;1
2017-09-26 16:54:34.14736;1
2017-09-26 16:54:45.576734;1
2017-09-26 16:54:58.135493;1
2017-09-26 16:55:11.341539;1
2017-09-26 16:55:28.697277;1
2017-09-26 16:55:39.579333;1
2017-09-26 16:55:59.590794;1
2017-09-26 16:56:13.421114;1
2017-09-26 16:56:21.588932;1
2017-09-26 16:56:42.958627;1
2017-09-26 16:56:55.715529;1
2017-09-26 16:57:13.463882;1
2017-09-26 16:57:24.947815;1
2017-09-26 16:57:34.796421;1
2017-09-26 16:57:45.011713;1
2017-09-26 16:58:25.223283;1
2017-09-26 16:58:32.55219;1
2017-09-26 16:59:04.056028;1
2017-09-26 16:59:32.464438;1
2017-09-26 16:59:56.858773;1
2017-09-26 17:03:51.275383;1
2017-09-26 17:04:10.225065;1
2017-09-26 17:04:33.074074;1
2017-09-26 17:05:05.090114;1
2017-09-26 17:05:44.207779;1
2017-09-27 08:38:25.174176;1
2017-09-27 09:04:06.183098;1
2017-09-27 09:10:24.63455;1
2017-09-27 10:16:50.370303;1
2017-09-27 10:17:01.496238;1
2017-09-27 10:17:11.230806;1
2017-09-27 10:17:22.658944;1
2017-09-27 10:17:34.403344;1
2017-09-27 10:18:29.729069;1
2017-09-27 10:24:04.316812;1
2017-09-27 10:32:55.681841;1
2017-09-27 10:33:12.678176;1
2017-09-27 10:33:29.42345;1
2017-09-27 10:33:46.003265;1
2017-09-27 10:34:01.24612;1
2017-09-27 10:34:26.231149;1
2017-09-27 10:34:44.313007;1
2017-09-27 10:35:01.671189;1
2017-09-27 10:35:17.777876;1
2017-09-27 10:35:46.642342;1
2017-09-27 10:39:09.843811;1
2017-09-27 10:48:53.964081;1
2017-09-27 11:26:16.921241;1
2017-09-27 15:29:30.81221;2
2017-09-28 10:02:25.521332;1
2017-09-28 10:03:07.820628;1
2017-09-28 10:03:55.611788;1
2017-09-28 10:04:42.948347;1
2017-09-28 10:05:28.70428;1
2017-09-28 10:06:13.953232;1
2017-09-28 10:06:44.558204;1
2017-09-28 11:37:01.640758;1
2017-09-28 11:37:19.373835;1
2017-09-28 13:43:40.887886;1
2017-09-29 15:00:55.489212;1
2017-09-29 15:06:04.650093;1
2017-09-29 15:47:06.226955;1
2017-09-29 15:50:21.136553;1
2017-10-01 20:31:06.458173;1
2017-10-01 20:31:18.677391;1
2017-10-01 20:31:38.492881;1
2017-10-01 21:11:22.922924;1
2017-10-01 21:12:31.556601;1
2017-10-01 21:12:39.607213;1
2017-10-01 21:13:40.76462;1
2017-10-01 21:33:09.838492;1
2017-10-01 21:33:44.594811;1
2017-10-01 21:36:14.289858;1
2017-10-01 21:36:31.514577;1
2017-10-01 21:36:44.440358;1
2017-10-01 21:38:46.026563;4
2017-10-01 21:39:49.38774;1
2017-10-01 21:40:31.946999;1
2017-10-01 21:41:22.352255;1
2017-10-01 21:41:52.740534;1
2017-10-01 21:42:54.074402;1
2017-10-01 21:44:39.516582;1
2017-10-01 21:44:57.998887;1
2017-10-01 21:46:54.252221;1
2017-10-01 21:47:22.094902;1
2017-10-02 07:56:14.219167;1
2017-10-02 15:35:37.94942;1
2017-10-03 21:00:58.735802;1
2017-10-03 21:01:25.740094;1
2017-10-03 21:06:07.610672;1
2017-10-05 11:19:42.519361;1
2017-10-05 11:20:28.913689;1
2017-10-05 11:20:46.763638;1
2017-10-05 11:26:26.197376;1
2017-10-05 11:34:22.931276;1
2017-10-05 11:35:06.007142;1
2017-10-05 11:35:40.056798;1
2017-10-05 11:36:22.785249;1
2017-10-05 11:37:11.04351;1
2017-10-05 12:47:09.924861;1
2017-10-05 15:55:22.27637;1
2017-10-05 15:57:22.070697;1
2017-10-05 15:58:21.898982;1
2017-10-05 16:14:34.425534;1
2017-10-06 15:35:07.046749;2
2017-10-09 09:28:12.378309;2
2017-10-09 14:33:23.363787;1
2017-10-09 14:55:51.960912;1
2017-10-09 15:06:46.046336;1
2017-10-10 13:41:07.29144;1
2017-10-10 13:56:09.501623;1
2017-10-10 14:14:44.307202;1
2017-10-10 14:17:00.972473;1
2017-10-11 12:36:52.78535;1
2017-10-11 13:05:51.725525;3
2017-10-11 13:39:12.757277;2
2017-10-12 14:50:56.133444;1
2017-10-12 15:01:16.414885;1
2017-10-12 15:07:56.183468;1
2017-10-13 08:32:25.892427;1
2017-10-13 08:37:39.702612;1
2017-10-13 09:08:29.065214;1
2017-10-13 09:27:36.044719;1
2017-10-16 14:36:30.11133;1
2017-10-16 15:11:19.512069;1
2017-10-18 10:45:13.011044;1
2017-10-24 08:46:18.034164;1
2017-10-24 15:34:57.414119;1
2017-10-25 11:53:11.051622;1
2017-10-25 12:15:31.199234;1
2017-10-25 13:04:01.761553;1
2017-10-25 15:48:27.838103;1
2017-10-27 09:36:45.022016;1
2017-10-27 09:38:46.077699;1
2017-10-27 09:52:33.398223;1
2017-10-27 10:05:24.912217;1
2017-10-27 12:55:46.556536;1
2017-10-27 12:56:32.645757;2
2017-10-27 15:36:52.133463;1
2017-10-27 15:45:05.112933;1
2017-10-29 11:07:40.711457;2
2017-10-30 11:05:52.87499;1
2017-10-30 11:37:41.504116;1
2017-10-30 11:38:17.954881;1
2017-10-30 11:56:59.553686;3
2017-10-30 11:57:41.543946;3
2017-10-30 11:58:47.247848;1
2017-10-31 11:38:27.841918;1
2017-10-31 12:54:51.633863;1
2017-10-31 15:37:24.663663;1
2017-11-02 12:44:16.129959;1
2017-11-02 12:58:53.037528;1
2017-11-02 16:02:32.210841;1
2017-11-06 14:36:55.257818;2
2017-11-07 10:05:42.85397;1
2017-11-07 12:07:56.540432;1
2017-11-07 12:49:33.594191;1
2017-11-10 11:08:54.814169;1
2017-11-10 12:19:51.247425;1
2017-11-10 13:13:06.643977;1
2017-11-10 13:47:30.539223;1
2017-11-10 15:04:14.82809;1
2017-11-17 09:14:56.217781;1
2017-11-17 15:14:30.694834;1
2017-11-20 12:59:22.690785;1
2017-11-20 16:36:10.123785;1
2017-11-20 16:36:30.001959;1
2017-11-21 09:43:35.601609;1
2017-11-21 09:46:46.690984;1
2017-11-23 17:41:03.626013;1
2017-11-26 10:20:04.696316;1
2017-12-02 11:33:58.266952;1
2017-12-04 10:43:26.595986;1
2017-12-04 10:45:20.427978;1
2017-12-04 11:01:41.666149;1
2017-12-04 11:02:07.324887;1
2017-12-04 11:03:00.207408;1
2017-12-04 17:01:34.768659;1
2017-12-07 12:31:48.301787;1
2017-12-08 13:32:09.90681;1
2017-12-10 23:14:14.254197;1
2017-12-11 10:15:27.283349;1
2017-12-12 07:43:21.916435;1
2017-12-12 10:34:06.700009;1
2017-12-12 10:45:53.462073;1
2017-12-12 11:44:18.946632;2
2017-12-12 12:52:38.167089;1
2017-12-13 13:14:07.222341;1
2017-12-14 09:08:51.79596;1
2017-12-14 09:10:10.047781;1
2017-12-14 09:10:41.458205;1
2017-12-18 15:04:53.968674;2
2017-12-22 11:56:31.555866;1
2017-12-22 12:15:00.138332;1
2017-12-22 13:49:42.098039;1
2017-12-22 14:17:03.435055;1
2017-12-27 09:05:17.864353;1
2017-12-27 09:07:04.71766;1
2017-12-28 08:42:38.616096;1
2017-12-28 08:44:20.192005;1
2017-12-28 08:44:46.267915;1
2017-12-28 08:45:14.967953;1
2017-12-28 08:45:35.062779;1
2017-12-28 08:45:50.555398;1
2017-12-28 08:46:00.991788;1
2017-12-28 08:51:42.693276;1
2017-12-28 08:55:10.085085;2
2017-12-28 08:57:01.525399;1
2017-12-31 10:01:57.630247;1
2018-01-03 11:12:41.31363;1
2018-01-03 11:16:09.46141;1
2018-01-08 10:09:51.019298;1
2018-01-08 10:11:00.956456;1
2018-01-08 10:11:25.478885;1
2018-01-08 10:11:43.403587;1
2018-01-08 10:12:00.753938;1
2018-01-08 10:12:30.64792;1
2018-01-08 10:12:50.990223;2
2018-01-08 10:13:09.917974;1
2018-01-08 10:13:39.16709;1
2018-01-08 10:26:28.728009;1
2018-01-08 10:26:47.240621;1
2018-01-08 10:27:05.518806;1
2018-01-08 10:27:16.363349;1
2018-01-08 10:27:26.902933;1
2018-01-08 10:27:35.181978;1
2018-01-08 10:27:43.977361;1
2018-01-08 10:27:51.996189;1
2018-01-08 10:28:03.466134;1
2018-01-08 10:29:16.951391;1
2018-01-08 10:30:44.48115;1
2018-01-08 10:31:03.53932;1
2018-01-08 10:32:03.118002;1
2018-01-08 10:32:56.015424;1
2018-01-08 10:33:09.313989;1
2018-01-08 16:48:07.579347;1
2018-01-09 12:24:16.911993;1
2018-01-09 12:24:54.897287;1
2018-01-09 12:57:43.701932;1
2018-01-09 14:28:15.687648;1
2018-01-09 15:20:37.988911;1
2018-01-10 08:42:28.402815;1
2018-01-10 09:03:14.448487;1
2018-01-10 09:10:09.085512;1
2018-01-10 09:25:29.647391;1
2018-01-10 09:31:35.900722;1
2018-01-10 09:41:27.153142;1
2018-01-10 10:10:00.037124;1
2018-01-10 10:30:18.145725;1
2018-01-12 08:59:05.697393;1
2018-01-12 09:38:57.58001;1
2018-01-12 10:46:12.047361;1
2018-01-12 10:50:56.728358;1
2018-01-12 13:08:57.910617;1
2018-01-12 13:28:14.814647;1
2018-01-12 13:46:37.418048;1
2018-01-15 10:57:21.297988;1
2018-01-15 13:30:10.839256;1
2018-01-15 13:38:08.041741;1
2018-01-15 14:55:17.529669;2
2018-01-17 08:42:04.142373;1
2018-01-18 11:41:07.79942;1
2018-01-18 12:57:22.142925;1
2018-01-18 13:23:52.998185;1
2018-01-18 13:51:14.038856;1
2018-01-18 13:57:08.946989;1
2018-01-18 14:12:41.128274;1
2018-01-18 14:24:48.086179;1
2018-01-18 14:51:11.19776;1
2018-01-19 10:39:44.873611;1
2018-01-19 10:59:03.454203;1
2018-01-19 14:34:53.131985;1
2018-01-19 14:47:17.598182;1
2018-01-19 14:47:50.107181;1
2018-01-19 14:48:11.746573;1
2018-01-19 14:48:32.983355;1
2018-01-19 14:51:33.698828;1
2018-01-19 14:51:45.794756;1
2018-01-19 14:51:58.717642;1
2018-01-19 14:52:30.634691;1
2018-01-19 14:52:41.920638;1
2018-01-19 14:52:54.671226;1
2018-01-22 12:27:39.703917;1
2018-01-25 13:37:48.496983;1
2018-01-25 14:50:59.129547;1
2018-01-26 11:27:19.155662;1
2018-01-26 11:29:27.63998;1
2018-01-26 11:31:37.787832;1
2018-02-01 13:27:35.482215;1
2018-02-01 13:47:33.239003;1
2018-02-01 13:56:22.942629;1
2018-02-01 15:31:12.096552;1
2018-02-01 16:57:21.770659;2
2018-02-01 16:59:08.641088;2
2018-02-01 17:02:04.717633;2
2018-02-01 17:05:13.351205;2
2018-02-02 10:08:34.475196;1
2018-02-02 11:56:19.182578;1
2018-02-02 13:08:23.962631;1
2018-02-05 10:38:02.208352;1
2018-02-05 13:48:59.242891;3
2018-02-06 08:50:10.48689;1
2018-02-06 11:43:10.898834;2
2018-02-06 14:35:01.35528;2
2018-02-06 15:05:06.370515;1
2018-02-06 15:11:59.301453;1
2018-02-06 15:15:24.126751;1
2018-02-06 15:32:56.22794;2
2018-02-06 15:33:28.312935;1
2018-02-06 15:33:58.428768;1
2018-02-06 15:34:32.023457;2
2018-02-07 11:35:40.466942;1
2018-02-07 11:36:13.290753;1
2018-02-09 14:04:19.085112;1
2018-02-09 14:30:14.306482;1
2018-02-12 08:59:56.388117;1
2018-02-12 09:33:24.614432;1
2018-02-12 15:44:24.634014;2
2018-02-13 11:22:31.701081;1
2018-02-13 11:23:41.554026;1
2018-02-13 15:43:20.67621;1
2018-02-13 16:21:52.911925;1
2018-02-13 17:46:48.671854;1
2018-02-13 17:57:32.637857;1
2018-02-13 17:58:45.413931;1
2018-02-13 18:00:05.277675;1
2018-02-15 12:40:18.292915;1
2018-02-15 13:45:11.272547;1
2018-02-15 17:50:27.024921;1
2018-02-15 17:51:54.235458;1
2018-02-15 18:54:24.590456;1
2018-02-15 20:57:57.886052;1
2018-02-15 21:00:41.092575;1
2018-02-15 21:04:04.308516;1
2018-02-15 21:06:12.917107;1
2018-02-15 21:07:22.332863;1
2018-02-15 21:09:41.349921;1
2018-02-15 21:14:33.141086;1
2018-02-15 21:18:13.625423;1
2018-02-15 21:19:54.483867;1
2018-02-15 21:22:09.014133;1
2018-02-15 21:27:16.255958;1
2018-02-16 07:56:09.425565;1
2018-02-16 08:48:15.543301;2
2018-02-16 08:55:21.572462;1
2018-02-16 09:39:00.255649;1
2018-02-16 09:45:49.840147;1
2018-02-16 10:02:24.997444;1
2018-02-16 10:53:09.316913;1
2018-02-16 12:11:41.943597;1
2018-02-16 16:16:06.609421;1
2018-02-16 16:16:52.469739;1
2018-02-16 16:17:30.569673;1
2018-02-16 16:18:08.370681;1
2018-02-16 16:20:05.148655;1
2018-02-16 16:20:40.640423;1
2018-02-16 16:21:17.354309;1
2018-02-16 16:23:41.459255;1
2018-02-19 11:10:04.120219;1
2018-02-19 11:43:39.64417;1
2018-02-19 12:13:09.727892;1
2018-02-21 11:10:10.921572;1
2018-02-22 12:18:35.731059;2
2018-02-22 15:48:30.753926;2
2018-02-22 16:10:27.487937;2
2018-02-22 16:29:43.901431;2
2018-02-22 16:46:40.713093;2
2018-02-28 14:08:57.570488;1
2018-03-01 10:25:32.560991;1
2018-03-01 10:32:14.966724;1
2018-03-05 14:00:56.328225;1
2018-03-05 15:09:52.057959;2
2018-03-05 15:46:19.28797;1
2018-03-08 14:14:34.658178;2
2018-03-09 08:55:38.768205;1
2018-03-09 09:14:04.856313;1
2018-03-09 11:08:43.958669;1
2018-03-11 17:45:32.752374;1
2018-03-12 15:24:52.746883;1
2018-03-12 15:25:43.701082;1
2018-03-12 15:26:11.639851;3
2018-03-12 15:26:36.61653;3
2018-03-12 15:27:03.176218;1
2018-03-12 17:28:25.407907;1
2018-03-12 17:28:56.157079;1
2018-03-15 08:54:36.064939;1
2018-03-15 09:14:53.552798;1
2018-03-15 15:14:31.159795;1
2018-03-15 15:19:34.168554;2
2018-03-15 15:21:59.755042;1
2018-03-15 15:23:39.754486;1
2018-03-16 15:08:43.633152;2
2018-03-19 11:49:26.147154;1
2018-03-19 14:29:07.011957;1
2018-03-19 15:25:34.318574;1
2018-03-21 09:26:51.708926;1
2018-03-21 09:27:24.366864;1
2018-03-21 09:27:52.712302;1
2018-03-21 09:28:19.351386;1
2018-03-21 09:32:05.470892;1
2018-03-21 09:33:42.944094;2
2018-03-21 09:35:06.629318;2
2018-03-21 10:23:39.519623;1
2018-03-21 14:38:30.393674;1
2018-03-21 20:17:24.948815;1
2018-03-22 14:36:12.895388;1
2018-03-23 09:08:31.736718;1
2018-03-23 12:47:11.383866;1
2018-03-27 12:44:14.857022;1
2018-03-27 12:44:30.482023;1
2018-03-27 12:44:47.871357;1
2018-03-28 09:39:01.461589;3
2018-03-29 10:57:33.257111;1
2018-03-30 08:49:20.784608;1
2018-04-03 14:37:05.852107;2
2018-04-03 16:20:35.822052;2
2018-04-03 16:21:46.284208;2
2018-04-03 16:34:42.372923;2
2018-04-03 16:47:52.2063;1
2018-04-04 10:00:40.73301;1
2018-04-04 11:21:11.608617;1
2018-04-04 11:52:21.362525;1
2018-04-04 12:03:55.106476;1
2018-04-04 12:08:00.615115;1
2018-04-04 14:28:37.64701;1
2018-04-04 14:36:59.304643;1
2018-04-04 15:34:12.682948;1
2018-04-04 17:02:08.040579;2
2018-04-04 17:04:00.361898;2
2018-04-04 19:56:18.961916;2
2018-04-05 12:21:26.951507;1
2018-04-05 12:48:35.358231;2
2018-04-05 12:51:04.015881;1
2018-04-05 13:10:54.098974;2
2018-04-05 14:05:40.132983;2
2018-04-05 14:08:16.956414;2
2018-04-05 16:48:11.292496;2
2018-04-05 16:51:08.233811;2
2018-04-05 17:02:03.635391;1
2018-04-05 18:05:19.075339;2
2018-04-09 12:30:54.525834;1
2018-04-09 14:12:52.229512;1
2018-04-09 14:57:04.896968;1
2018-04-09 15:03:41.530312;1
2018-04-09 15:23:34.495489;1
2018-04-09 16:11:36.238035;2
2018-04-09 16:16:56.065805;1
2018-04-09 16:28:27.265806;2
2018-04-10 11:35:56.123499;2
2018-04-10 11:38:06.140754;2
2018-04-10 11:49:02.982547;2
2018-04-10 11:52:38.349551;2
2018-04-10 13:02:32.526197;2
2018-04-10 13:46:49.569627;2
2018-04-12 15:38:27.424279;1
2018-04-13 09:51:36.814647;1
2018-04-13 10:16:56.549685;1
2018-04-13 10:58:18.256841;1
2018-04-13 11:10:15.076821;1
2018-04-13 12:55:29.701505;2
2018-04-13 12:58:20.289748;2
2018-04-13 13:21:02.43185;2
2018-04-13 13:28:50.197799;2
2018-04-13 13:40:52.711472;2
2018-04-13 16:37:16.658125;1
2018-04-13 16:41:35.690606;2
2018-04-13 16:43:43.572226;2
2018-04-13 16:49:26.192534;2
2018-04-13 16:52:10.153728;2
2018-04-13 16:59:19.244379;2
2018-04-13 17:01:11.390516;2
2018-04-13 17:06:12.609922;1
2018-04-13 17:20:49.302981;2
2018-04-13 17:30:37.487684;2
2018-04-13 17:37:09.086954;1
2018-04-14 17:25:28.902394;2
2018-04-14 17:27:12.416807;2
2018-04-14 21:30:36.369484;2
2018-04-14 21:32:17.658301;2
2018-04-16 14:20:50.189941;2
2018-04-16 14:33:07.36509;2
2018-04-16 15:27:03.308855;2
2018-04-17 11:56:40.333786;2
2018-04-17 12:15:33.752878;2
2018-04-17 12:17:29.52638;2
2018-04-17 12:21:10.196535;2
2018-04-17 12:28:10.501186;2
2018-04-17 12:32:46.266969;2
2018-04-17 12:38:12.190269;2
2018-04-17 12:40:39.078834;2
2018-04-17 13:52:55.572483;2
2018-04-17 13:59:03.660138;2
2018-04-17 14:11:03.240052;1
2018-04-17 14:23:48.209605;2
2018-04-17 14:31:44.690879;2
2018-04-17 14:34:47.971636;2
2018-04-17 14:57:51.226001;1
2018-04-17 15:03:55.448972;2
2018-04-17 15:06:52.398456;2
2018-04-17 15:35:48.889314;2
2018-04-17 15:39:29.290029;2
2018-04-17 16:17:04.054021;2
2018-04-17 16:30:43.001001;2
2018-04-17 17:17:25.095625;2
2018-04-17 17:30:32.142962;1
2018-04-17 17:32:45.276336;2
2018-04-17 20:23:11.739962;1
2018-04-18 10:03:19.179913;1
2018-04-18 11:06:27.10004;1
2018-04-18 12:57:40.707131;2
2018-04-18 13:03:56.11893;2
2018-04-18 13:08:28.81328;2
2018-04-18 14:48:05.882652;1
2018-04-18 14:50:54.584994;1
2018-04-19 16:50:58.406661;1
2018-04-19 17:43:29.793826;1
2018-04-19 17:45:38.076467;1
2018-04-20 11:44:57.493872;1
2018-04-20 11:47:00.149738;2
2018-04-20 11:48:51.756591;2
2018-04-20 11:50:23.858583;2
2018-04-20 11:51:41.783483;2
2018-04-20 12:08:57.391785;2
2018-04-20 12:09:23.199126;2
2018-04-20 12:12:57.317709;2
2018-04-20 12:17:15.280346;2
2018-04-20 15:34:39.570702;2
2018-04-20 15:38:19.886583;2
2018-04-20 15:43:22.809317;2
2018-04-20 15:45:58.946255;1
2018-04-20 15:51:46.864709;2
2018-04-20 15:54:40.433047;2
2018-04-20 16:05:01.972665;2
2018-04-20 16:14:34.175566;2
2018-04-20 16:18:48.823545;2
2018-04-20 16:20:43.694461;2
2018-04-20 16:32:07.394033;2
2018-04-20 16:34:17.487759;2
2018-04-21 19:22:23.699679;2
2018-04-22 16:13:15.047298;2
2018-04-22 17:14:37.263997;2
2018-04-22 17:49:53.75105;2
2018-04-22 18:19:03.801819;2
2018-04-22 18:21:24.161272;2
2018-04-24 13:05:47.903672;2
2018-04-24 13:15:48.361216;2
2018-04-24 13:18:12.685923;2
2018-04-24 13:19:13.724802;2
2018-04-24 13:47:14.401026;2
2018-04-24 13:47:34.659197;1
2018-04-24 13:49:32.545907;1
2018-04-24 14:44:30.15441;1
2018-04-24 15:29:31.965988;1
2018-04-24 15:42:39.984054;1
2018-04-24 15:45:10.793145;2
2018-04-24 15:55:39.494777;2
2018-04-24 15:56:40.548536;2
2018-04-24 16:01:05.740776;2
2018-04-24 16:02:36.45878;2
2018-04-24 16:05:23.796699;2
2018-04-24 16:06:09.334617;2
2018-04-24 16:08:24.027719;1
2018-04-24 16:15:33.226848;2
2018-04-24 16:47:28.235484;1
2018-04-24 16:49:06.012573;2
2018-04-24 16:54:36.331794;2
2018-04-24 16:57:48.640731;2
2018-04-24 17:04:03.921258;2
2018-04-24 20:49:16.021128;2
2018-04-24 20:51:41.816573;2
2018-04-25 10:26:51.600724;1
2018-04-25 16:47:56.624493;2
2018-04-25 16:51:02.600773;2
2018-04-25 17:06:39.822766;2
2018-04-25 17:10:16.951766;2
2018-04-25 17:20:27.556283;2
2018-04-26 15:50:29.283889;2
2018-04-26 15:52:51.48145;2
2018-04-26 16:01:11.116098;2
2018-04-26 16:07:59.425939;2
2018-04-26 16:10:03.691683;2
2018-04-26 16:16:18.14925;2
2018-04-26 17:21:11.362364;2
2018-04-26 17:25:15.958056;2
2018-04-26 17:27:09.166202;2
2018-04-26 17:29:54.947325;2
2018-04-26 17:31:56.297535;2
2018-04-26 17:34:46.253969;2
2018-04-30 11:43:16.871392;1
2018-04-30 13:54:37.482112;1
2018-04-30 14:48:36.544063;2
2018-04-30 14:54:13.847904;2
2018-04-30 14:57:46.328096;2
2018-04-30 15:01:03.042671;2
2018-04-30 15:05:44.826732;2
2018-04-30 15:08:08.730789;2
2018-04-30 15:09:55.394734;1
2018-04-30 15:14:06.184746;2
2018-04-30 15:16:05.057311;2
2018-04-30 15:17:19.258659;2
2018-04-30 15:22:38.676555;2
2018-04-30 15:24:20.950806;1
2018-04-30 15:40:15.030936;2
2018-04-30 17:11:45.389718;2
2018-04-30 17:33:40.114501;2
2018-05-01 14:35:03.061556;1
2018-05-01 15:08:40.600524;1
2018-05-01 15:09:55.753937;1
2018-05-01 15:44:31.542349;1
2018-05-01 15:47:44.577777;1
2018-05-02 08:40:10.36751;1
2018-05-02 09:24:43.681576;1
2018-05-02 12:12:07.724016;1
2018-05-02 13:30:51.317963;1
2018-05-02 14:25:19.852183;1
2018-05-02 15:56:01.967604;1
2018-05-04 09:22:54.444639;1
2018-05-08 10:55:13.875857;1
2018-05-08 12:27:36.930796;1
2018-05-08 12:46:46.945702;1
2018-05-08 16:34:51.072966;1
2018-05-08 16:39:21.380156;1
2018-05-09 14:47:33.746991;1
2018-05-15 16:39:13.234744;2
2018-05-16 11:54:30.583262;1
2018-05-16 12:12:40.635148;1
2018-05-16 12:41:04.876959;1
2018-05-16 13:40:20.74438;1
2018-05-16 14:13:11.224366;1
2018-05-16 14:21:29.4051;1
2018-05-16 14:46:39.99336;1
2018-05-16 17:19:23.42183;2
2018-05-17 11:30:47.892456;1
2018-05-17 11:32:15.570235;1
2018-05-17 11:33:01.802632;2
2018-05-17 11:33:43.527647;2
2018-05-17 11:34:11.68347;1
2018-05-17 11:35:18.717974;1
2018-05-17 11:36:10.301834;1
2018-05-17 11:36:50.414285;1
2018-05-17 11:37:36.29566;1
2018-05-17 11:38:38.302102;1
2018-05-17 11:39:07.024301;3
2018-05-17 11:39:47.612142;1
2018-05-17 12:42:20.547005;1
2018-05-17 12:42:52.135622;1
2018-05-17 12:45:01.996495;1
2018-05-17 13:09:12.856133;1
2018-05-18 09:23:01.341303;1
2018-05-29 15:21:50.719118;1
2018-05-29 15:22:37.849573;1
2018-05-30 13:39:55.315392;2
2018-05-30 13:51:38.064534;2
2018-05-30 13:56:07.210255;2
2018-05-30 13:58:03.667219;2
2018-05-30 14:10:19.535302;2
2018-05-30 14:17:36.56936;2
2018-05-30 14:34:32.867006;2
2018-05-30 14:37:03.066475;2
2018-05-30 14:41:53.09104;2
2018-05-30 14:43:24.29422;2
2018-05-30 14:58:29.187526;2
2018-05-30 15:00:44.141298;2
2018-05-30 15:06:20.876394;2
2018-05-30 15:13:33.389985;2
2018-05-30 15:33:06.367843;2
2018-05-30 15:40:56.728544;2
2018-05-30 16:06:07.148157;2
2018-06-01 15:43:55.619222;2
2018-06-01 15:45:02.09921;2
2018-06-01 15:47:02.215987;2
2018-06-01 15:57:23.087968;2
2018-06-01 16:31:50.888889;2
2018-06-01 16:33:42.450732;2
2018-06-01 16:38:12.26873;1
2018-06-01 16:41:20.697442;2
2018-06-04 13:53:54.345613;2
2018-06-04 13:54:56.050412;2
2018-06-04 13:56:33.471076;2
2018-06-04 13:57:59.171318;2
2018-06-04 14:02:13.464709;2
2018-06-04 14:03:28.82579;2
2018-06-04 14:05:22.2401;2
2018-06-04 14:06:39.990216;2
2018-06-04 14:07:53.650265;1
2018-06-04 14:08:34.675582;1
2018-06-04 14:10:23.060296;2
2018-06-04 14:11:14.112395;2
2018-06-04 14:12:03.968454;2
2018-06-04 14:12:40.760034;2
2018-06-04 14:16:34.54335;2
2018-06-04 14:31:12.295858;1
2018-06-04 14:31:47.424561;2
2018-06-04 14:32:15.728002;2
2018-06-04 14:33:55.131382;2
2018-06-04 14:34:54.639904;2
2018-06-04 14:36:22.242584;2
2018-06-04 14:38:15.550353;2
2018-06-04 14:44:56.787529;2
2018-06-04 14:46:57.282402;2
2018-06-04 14:48:45.390984;2
2018-06-04 14:49:24.449366;2
2018-06-04 14:50:03.703401;2
2018-06-04 14:52:04.146925;2
2018-06-04 14:53:12.877155;2
2018-06-04 14:57:30.581082;2
2018-06-04 15:00:49.745443;2
2018-06-04 15:01:14.838686;2
2018-06-04 15:02:34.417637;2
2018-06-04 15:05:02.283312;2
2018-06-04 15:05:45.156457;2
2018-06-04 15:10:19.532394;2
2018-06-04 15:10:59.815785;2
2018-06-04 15:13:35.713111;2
2018-06-04 15:17:33.863119;2
2018-06-04 15:19:55.276314;2
2018-06-04 15:22:53.655815;2
2018-06-04 15:30:09.778075;1
2018-06-04 15:33:02.315436;2
2018-06-04 15:36:03.421158;2
2018-06-04 15:38:40.478366;2
2018-06-04 15:43:50.669815;2
2018-06-04 15:47:25.725651;2
2018-06-04 16:13:33.113779;2
2018-06-05 13:13:42.177754;2
2018-06-05 13:21:54.862176;2
2018-06-05 13:26:50.294708;2
2018-06-05 13:27:39.28455;2
2018-06-05 13:28:03.613065;2
2018-06-05 13:30:35.36906;2
2018-06-05 13:31:20.573701;2
2018-06-05 13:34:37.700441;2
2018-06-05 13:35:20.723839;2
2018-06-05 13:39:11.721423;2
2018-06-05 13:40:20.564387;1
2018-06-05 13:41:34.95603;2
2018-06-05 13:42:25.355464;2
2018-06-05 13:44:16.254038;2
2018-06-05 13:44:36.945014;1
2018-06-05 13:45:05.864823;2
2018-06-05 13:45:39.744476;1
2018-06-05 13:46:15.735259;2
2018-06-05 13:48:44.029438;2
2018-06-05 13:49:22.419798;2
2018-06-05 13:50:43.943407;2
2018-06-05 13:51:24.787873;2
2018-06-05 13:52:43.996274;2
2018-06-05 13:53:18.537833;1
2018-06-05 13:53:52.986345;2
2018-06-05 13:54:51.249067;1
2018-06-05 13:56:51.037497;2
2018-06-05 13:58:39.701904;2
2018-06-05 13:59:08.843295;2
2018-06-05 14:03:20.124903;2
2018-06-05 14:05:06.437105;2
2018-06-05 14:05:55.468671;1
2018-06-05 14:06:40.119479;2
2018-06-05 14:11:13.979807;2
2018-06-05 14:17:34.544367;2
2018-06-05 14:18:52.3922;2
2018-06-05 14:23:46.753782;2
2018-06-05 14:24:32.801585;2
2018-06-05 14:26:10.537897;2
2018-06-05 14:26:50.69467;2
2018-06-05 14:27:59.548674;2
2018-06-05 14:29:58.429615;2
2018-06-05 14:32:56.009515;2
2018-06-05 14:34:29.662791;2
2018-06-05 14:39:41.647199;2
2018-06-05 14:51:58.915287;1
2018-06-05 14:52:50.956275;2
2018-06-05 14:56:10.088082;2
2018-06-05 14:58:24.712992;2
2018-06-05 15:00:21.052375;2
2018-06-05 15:42:13.44549;2
2018-06-05 15:45:06.591804;2
2018-06-05 15:53:33.489385;2
2018-06-05 15:56:11.116132;2
2018-06-05 16:16:56.628692;2
2018-06-05 16:20:19.953752;2
2018-06-05 16:30:38.019219;2
2018-06-05 16:44:32.248295;2
2018-06-05 16:50:50.072543;2
2018-06-05 17:17:28.735195;2
2018-06-07 15:41:51.522089;1
2018-06-07 16:14:09.757295;2
2018-06-07 16:14:39.981962;2
2018-06-07 16:16:03.164273;2
2018-06-07 16:16:40.631819;2
2018-06-07 16:18:03.979512;2
2018-06-07 16:19:06.455174;2
2018-06-07 16:21:13.268032;2
2018-06-07 16:22:14.117879;2
2018-06-07 16:23:15.809735;2
2018-06-07 16:24:44.045862;2
2018-06-07 16:25:36.291294;2
2018-06-07 16:26:50.547521;1
2018-06-07 16:28:52.341563;2
2018-06-07 16:29:28.276897;2
2018-06-07 17:40:34.15012;1
2018-06-07 17:41:05.672519;2
2018-06-07 17:42:12.896666;2
2018-06-07 17:43:18.649608;2
2018-06-08 11:16:50.78007;2
2018-06-08 11:25:04.990953;2
2018-06-08 11:27:37.112882;2
2018-06-08 11:30:49.08532;2
2018-06-08 11:33:27.637927;2
2018-06-08 11:35:24.620437;2
2018-06-08 11:36:40.878037;2
2018-06-08 11:42:47.482307;2
2018-06-08 11:45:46.497256;2
2018-06-08 12:08:56.508653;2
2018-06-08 12:13:24.536729;1
2018-06-08 12:15:49.521623;2
2018-06-08 12:17:53.15235;2
2018-06-08 12:41:35.995947;2
2018-06-08 12:43:07.453351;2
2018-06-08 12:46:45.546139;2
2018-06-08 12:49:42.218083;2
2018-06-08 12:52:30.770643;2
2018-06-08 13:16:09.633354;2
2018-06-08 13:20:22.750678;2
2018-06-08 13:23:37.889145;2
2018-06-08 13:26:59.34141;1
2018-06-08 13:33:30.913882;2
2018-06-08 13:34:47.4715;2
2018-06-08 13:35:21.11916;1
2018-06-08 13:36:30.225273;2
2018-06-08 13:37:17.561285;2
2018-06-08 13:38:54.59778;2
2018-06-08 13:39:25.354969;2
2018-06-08 13:40:12.758142;2
2018-06-08 13:41:04.553193;2
2018-06-08 13:42:18.48925;2
2018-06-08 13:43:36.436696;2
2018-06-08 13:50:43.929221;1
2018-06-08 13:52:03.053995;2
2018-06-08 16:18:58.130987;1
2018-06-08 16:21:06.27141;2
2018-06-08 16:23:27.237205;2
2018-06-08 16:30:44.765745;2
2018-06-08 16:32:11.280563;2
2018-06-08 16:37:12.224345;1
2018-06-08 16:39:19.320928;2
2018-06-08 16:42:51.735583;2
2018-06-08 16:47:42.812076;2
2018-06-08 16:49:09.068728;2
2018-06-08 16:52:47.08341;2
2018-06-08 17:03:30.247378;2
2018-06-08 17:04:12.964663;2
2018-06-08 17:06:02.147985;2
2018-06-08 17:06:50.028164;2
2018-06-08 17:09:53.5745;2
2018-06-08 17:11:39.789815;1
2018-06-08 17:13:57.575397;2
2018-06-08 17:15:31.482447;1
2018-06-08 17:34:29.057745;2
2018-06-08 17:36:47.788476;2
2018-06-08 17:37:29.11931;1
2018-06-08 17:40:21.960154;1
2018-06-08 17:41:23.399897;2
2018-06-09 13:01:45.345243;1
2018-06-09 13:05:43.066595;2
2018-06-09 13:07:07.288363;2
2018-06-09 13:08:03.380065;2
2018-06-09 13:08:52.790307;2
2018-06-09 13:09:16.753264;2
2018-06-09 13:11:09.394138;2
2018-06-09 13:11:46.663926;2
2018-06-09 13:13:17.386661;2
2018-06-09 13:16:10.756409;2
2018-06-09 13:16:52.958248;2
2018-06-09 13:18:30.487538;2
2018-06-09 13:20:27.300178;2
2018-06-09 13:23:35.035499;2
2018-06-09 13:24:29.977038;2
2018-06-09 13:27:13.220454;2
2018-06-09 13:28:20.839296;2
2018-06-09 13:29:49.246164;2
2018-06-09 13:30:34.05324;1
2018-06-09 13:32:13.098617;2
2018-06-09 13:39:28.064442;2
2018-06-09 13:41:41.385514;2
2018-06-09 13:43:01.392325;2
2018-06-09 13:43:32.244085;2
2018-06-09 13:45:48.473183;2
2018-06-09 13:48:24.266641;2
2018-06-09 13:49:22.073754;2
2018-06-09 13:50:34.076384;2
2018-06-09 13:51:03.052256;2
2018-06-09 13:52:07.799318;2
2018-06-09 13:55:19.207458;2
2018-06-09 13:56:19.656227;1
2018-06-09 13:59:23.313036;2
2018-06-09 13:59:53.054934;1
2018-06-09 14:01:12.662003;2
2018-06-09 14:01:58.888412;2
2018-06-09 14:03:09.412976;2
2018-06-09 14:04:17.83043;2
2018-06-09 14:05:18.616196;2
2018-06-09 14:05:54.379824;2
2018-06-09 15:05:13.595832;2
2018-06-09 20:48:29.530546;1
2018-06-11 11:38:09.680326;2
2018-06-11 11:40:33.795312;2
2018-06-11 11:42:58.248279;2
2018-06-11 11:44:27.14437;2
2018-06-11 11:49:05.448434;2
2018-06-11 11:49:48.225123;2
2018-06-11 11:52:12.65135;2
2018-06-11 11:57:11.358749;2
2018-06-11 11:58:38.373561;2
2018-06-11 12:01:30.345404;1
2018-06-11 12:02:40.208013;1
2018-06-11 12:04:46.924141;2
2018-06-11 12:05:21.22757;2
2018-06-11 12:06:00.430276;2
2018-06-11 12:10:38.438657;2
2018-06-11 12:11:36.176804;2
2018-06-11 12:13:42.339873;2
2018-06-11 12:15:05.47005;2
2018-06-11 12:16:27.444563;2
2018-06-11 12:18:42.688412;2
2018-06-11 12:19:53.740733;2
2018-06-11 12:20:33.08821;2
2018-06-11 12:21:07.155876;2
2018-06-11 12:22:03.228319;2
2018-06-11 12:22:58.242589;2
2018-06-11 12:24:10.625114;2
2018-06-11 12:25:53.706794;2
2018-06-11 14:55:52.877319;2
2018-06-11 14:57:45.739924;2
2018-06-11 15:03:49.052387;2
2018-06-11 15:05:15.621673;2
2018-06-11 15:06:35.756485;2
2018-06-11 15:08:22.702364;2
2018-06-11 15:09:53.715029;2
2018-06-11 15:12:54.911276;2
2018-06-11 15:14:49.481354;2
2018-06-11 15:16:54.868096;2
2018-06-11 15:19:51.898415;1
2018-06-11 15:20:22.122133;2
2018-06-11 15:22:54.706349;2
2018-06-11 15:25:21.795906;1
2018-06-11 15:26:32.759246;2
2018-06-11 15:27:07.199261;2
2018-06-11 15:30:50.659598;2
2018-06-11 15:32:11.765794;1
2018-06-11 15:33:03.69182;2
2018-06-11 15:38:50.551077;2
2018-06-11 15:39:19.521162;2
2018-06-11 15:41:14.433477;2
2018-06-11 15:43:35.556126;2
2018-06-11 15:45:47.841566;2
2018-06-11 15:49:57.726905;2
2018-06-11 15:51:35.056069;2
2018-06-11 15:52:27.053983;2
2018-06-11 15:53:57.361371;2
2018-06-11 15:58:45.46596;2
2018-06-11 16:27:55.841224;2
2018-06-11 16:30:30.155845;2
2018-06-11 16:34:31.719826;2
2018-06-11 16:36:16.641468;2
2018-06-11 16:39:52.032711;2
2018-06-11 16:41:04.393684;2
2018-06-11 16:42:32.52513;2
2018-06-11 16:43:27.977532;1
2018-06-11 16:47:13.215803;2
2018-06-11 16:47:45.711275;1
2018-06-11 16:51:11.308415;2
2018-06-11 16:58:30.345674;2
2018-06-11 17:02:23.928285;2
2018-06-11 17:02:43.99721;2
2018-06-11 17:30:35.137482;2
2018-06-11 17:31:15.832058;2
2018-06-11 17:32:18.388563;2
2018-06-11 17:33:18.655039;2
2018-06-11 17:38:19.292565;2
2018-06-11 17:38:46.698492;2
2018-06-12 14:51:04.917056;2
2018-06-12 14:51:53.869498;2
2018-06-12 14:55:08.949254;2
2018-06-12 14:56:46.952053;2
2018-06-12 14:58:26.853607;1
2018-06-12 15:00:12.246256;2
2018-06-12 15:03:49.842014;2
2018-06-15 13:54:13.573439;1
2018-06-18 12:35:20.481347;1
2018-06-18 12:35:28.217838;1
2018-06-18 12:35:33.043788;1
2018-06-18 12:35:38.046964;1
2018-06-18 12:35:42.659974;1
2018-06-18 12:35:47.808707;1
2018-06-18 12:35:53.174957;1
2018-06-18 12:35:58.896478;1
2018-06-18 12:36:11.060529;1
2018-07-05 15:15:16.544265;1
2018-07-05 15:15:45.93988;1
2018-07-05 15:22:47.5475;1
2018-07-05 15:27:08.986567;1
2018-07-10 17:01:31.955309;1
2018-07-10 17:01:56.45214;1
2018-07-10 17:02:26.321212;1
2018-07-13 12:43:43.324906;1
2018-07-18 10:36:09.464644;2
2018-07-18 12:29:02.006419;1
2018-07-18 12:42:26.15243;1
2018-07-18 13:06:02.233119;1
2018-07-18 14:12:21.60232;1
2018-07-18 14:16:18.690769;1
2018-07-18 14:18:42.580951;1
2018-07-18 14:19:19.849297;1
2018-07-18 14:19:37.351998;1
2018-07-18 14:38:46.447184;1
2018-07-18 14:45:58.547475;1
2018-07-18 15:05:20.271474;1
2018-07-18 15:06:38.067155;1
2018-07-18 15:08:24.820201;1
2018-07-18 15:09:10.334862;1
2018-07-18 15:09:42.993604;1
2018-07-18 15:12:18.124893;1
2018-07-18 15:19:29.21477;1
2018-07-18 15:20:32.94393;1
2018-07-18 15:22:39.699799;1
2018-07-18 15:23:51.332;1
2018-07-18 15:24:07.048223;1
2018-07-18 15:33:45.273078;1
2018-07-18 15:41:35.213405;1
2018-07-19 08:29:51.771848;1
2018-07-19 09:46:13.508867;1
2018-07-19 10:54:49.925924;2
2018-07-19 11:42:05.923864;1
2018-07-19 13:34:00.000927;1
2018-07-19 13:44:17.616387;1
2018-07-19 13:45:18.572068;1
2018-07-19 13:47:18.992124;1
2018-07-19 13:48:22.189478;2
2018-07-19 13:49:06.258688;1
2018-07-19 13:53:59.592102;2
2018-07-19 13:57:38.690995;1
2018-07-19 13:59:50.413937;1
2018-07-19 14:01:14.120274;2
2018-07-19 14:03:35.369637;1
2018-07-19 14:04:18.319145;1
2018-07-19 14:06:17.142537;1
2018-07-19 14:20:30.056287;1
2018-07-19 14:21:32.978999;1
2018-07-19 14:22:10.443231;3
2018-07-19 14:22:44.049813;1
2018-07-19 14:23:08.170014;2
2018-07-19 14:23:32.980248;2
2018-07-19 14:23:59.222867;1
2018-07-19 14:24:26.368682;1
2018-07-19 14:25:02.958896;2
2018-07-19 14:25:57.312447;1
2018-07-19 14:28:00.852659;1
2018-07-19 14:29:13.916899;1
2018-07-19 14:32:36.429575;1
2018-07-19 14:36:27.942638;1
2018-07-19 14:38:03.095083;2
2018-07-19 14:39:03.192186;1
2018-07-19 14:40:54.698725;1
2018-07-19 14:42:49.675104;1
2018-07-19 14:43:27.464231;1
2018-07-19 14:43:54.981861;2
2018-07-19 14:44:39.474468;2
2018-07-19 14:45:22.857159;1
2018-07-19 14:46:04.02693;2
2018-07-19 14:48:57.367162;1
2018-07-19 14:57:24.256253;1
2018-07-19 14:58:56.341337;1
2018-07-19 14:59:45.503489;3
2018-07-19 15:00:22.26319;1
2018-07-19 15:02:05.154486;1
2018-07-19 15:03:26.807876;1
2018-07-19 15:05:30.10866;1
2018-07-19 15:06:13.735912;1
2018-07-19 15:06:55.387585;1
2018-07-19 15:07:43.176829;1
2018-07-19 15:09:18.192784;1
2018-07-19 15:10:46.749064;1
2018-07-19 15:11:57.801113;1
2018-07-19 15:14:13.418807;1
2018-07-19 15:15:12.645621;1
2018-07-19 15:15:45.376215;1
2018-07-19 15:16:26.820136;1
2018-07-19 15:25:42.047233;2
2018-07-19 15:26:55.174502;1
2018-07-19 15:29:30.393311;2
2018-07-19 15:32:17.237272;1
2018-07-22 21:14:35.989246;1
2018-07-23 10:29:52.033458;1
2018-07-23 10:30:02.731434;1
2018-07-23 10:30:10.848906;1
2018-07-23 10:30:24.314077;1
2018-07-23 10:31:10.912924;1
2018-07-23 15:01:34.388319;1
2018-07-23 16:10:37.758321;1
2018-07-24 15:07:43.528737;1
2018-07-24 15:10:54.622255;1
2018-07-25 12:28:09.14723;1
2018-07-25 12:39:59.728624;1
2018-07-25 13:33:31.516393;3
2018-07-25 14:21:38.552006;1
2018-07-25 15:06:24.230518;1
2018-07-25 15:36:13.184988;1
2018-07-25 15:41:57.735389;1
2018-07-25 16:09:51.092824;1
2018-07-26 08:21:06.74565;1
2018-07-30 10:46:15.15471;1
2018-07-30 10:46:37.651428;1
2018-07-30 10:47:03.396114;1
2018-07-30 10:47:11.377983;1
2018-07-30 10:47:36.408519;1
2018-07-30 10:48:25.361853;1
2018-07-30 10:48:57.244274;1
2018-07-30 11:52:43.061329;1
2018-07-31 14:23:49.869838;1
2018-07-31 14:28:49.148095;1
2018-07-31 14:30:53.968708;2
2018-07-31 14:31:15.184666;2
2018-07-31 14:31:46.008443;1
2018-07-31 14:32:52.464014;1
2018-07-31 14:33:18.72009;1
2018-07-31 14:33:38.69025;2
2018-07-31 14:33:59.304394;1
2018-07-31 14:34:17.097266;1
2018-07-31 14:35:36.149974;1
2018-08-03 14:32:14.937876;1
2018-08-03 14:32:45.489543;1
2018-08-03 14:33:38.179813;1
2018-08-03 14:34:21.625166;1
2018-08-03 14:34:38.452648;1
2018-08-03 14:34:56.523782;1
2018-08-03 14:35:16.965726;1
2018-08-03 14:35:47.80492;1
2018-08-03 14:36:32.630076;1
2018-08-09 18:16:15.297041;1
2018-08-10 14:12:35.511025;2
2018-08-10 14:13:21.115777;2
2018-08-10 14:31:03.608793;1
2018-08-13 20:39:20.653383;1
2018-08-14 15:01:59.68503;2
2018-08-14 15:05:28.784256;1
2018-08-14 15:13:48.09442;2
2018-08-14 16:32:59.912346;2
2018-08-14 16:33:19.176436;2
2018-08-14 16:33:55.552908;2
2018-08-14 16:56:49.733893;1
2018-08-16 22:05:14.061551;1
2018-08-18 20:45:21.862346;1
2018-08-19 21:09:14.371711;3
2018-08-19 21:11:08.397707;1
2018-08-20 12:08:43.629623;1
2018-08-20 12:11:01.37611;1
2018-08-20 12:16:24.637388;1
2018-08-20 12:20:44.37015;1
2018-08-20 12:21:14.477769;1
2018-08-20 12:21:36.269993;1
2018-08-20 12:21:54.585593;1
2018-08-20 12:23:06.073758;1
2018-08-20 12:23:13.519972;1
2018-08-20 12:23:22.368383;1
2018-08-20 12:23:33.812894;1
2018-08-20 12:23:50.053324;1
2018-08-20 12:27:31.751302;2
2018-08-20 12:28:13.054152;2
2018-08-20 12:29:01.36381;2
2018-08-20 12:30:50.58438;1
2018-08-20 12:30:58.380947;1
2018-08-20 12:31:14.1694;1
2018-08-20 12:31:35.174261;1
2018-08-20 12:32:01.548181;1
2018-08-20 12:32:59.636013;1
2018-08-20 12:34:40.906263;1
2018-08-20 12:34:49.466117;1
2018-08-20 12:34:59.740356;1
2018-08-20 12:35:12.084822;1
2018-08-20 12:35:22.749039;1
2018-08-20 12:46:04.604282;1
2018-08-20 12:46:42.249758;1
2018-08-23 11:56:10.862032;1
2018-08-23 12:11:07.357823;1
2018-08-23 12:11:47.492416;1
2018-08-23 12:13:57.313356;1
2018-08-23 13:47:20.331042;1
2018-08-23 13:48:18.335769;1
2018-08-23 16:26:53.147428;1
2018-08-24 14:37:51.769898;1
2018-08-24 14:56:33.23143;1
2018-08-24 14:58:27.590195;1
2018-08-24 14:59:16.259759;1
2018-08-24 15:00:09.228839;1
2018-08-24 15:46:29.420963;1
2018-08-24 15:48:00.457828;1
2018-08-24 15:59:34.987258;1
2018-08-24 16:00:36.988713;1
2018-08-27 08:43:15.042041;1
2018-08-27 08:43:38.518227;1
2018-08-27 08:43:55.211763;1
2018-08-27 15:26:44.683612;1
2018-08-27 15:27:20.150204;1
2018-08-27 15:28:39.321894;1
2018-08-27 15:28:50.510474;1
2018-08-27 15:29:16.363915;1
2018-08-27 15:33:05.25791;1
2018-08-27 15:34:17.302563;1
2018-08-27 15:37:30.555762;1
2018-08-27 15:40:00.708864;1
2018-08-27 15:43:07.824083;1
2018-08-27 15:43:26.373983;1
2018-08-27 16:10:47.336967;1
2018-08-27 16:18:30.129527;1
2018-08-27 16:22:08.366935;1
2018-08-27 16:28:06.409265;1
2018-08-27 19:50:58.073769;1
2018-08-27 20:29:07.306324;1
2018-08-27 20:29:48.814053;1
2018-08-27 20:30:30.516094;1
2018-08-27 20:31:08.842837;1
2018-08-27 20:31:51.357178;1
2018-08-27 20:32:29.419312;1
2018-08-27 20:33:06.505749;1
2018-08-27 20:33:45.160406;1
2018-08-27 20:33:56.001693;1
2018-08-27 20:34:26.131702;1
2018-08-27 20:35:00.397816;1
2018-08-27 20:38:08.483789;1
2018-08-27 20:53:51.369293;1
2018-08-27 21:02:52.741983;1
2018-08-27 21:07:55.963464;1
2018-08-28 10:33:01.978819;1
2018-08-28 10:34:55.325667;1
2018-08-28 10:38:33.802601;1
2018-08-28 10:38:48.362371;1
2018-08-28 10:42:17.343921;1
2018-08-28 10:51:07.947296;1
2018-08-28 10:53:50.465113;1
2018-08-28 10:54:27.115647;1
2018-08-28 10:59:06.258633;1
2018-08-28 16:29:16.117675;1
2018-09-03 11:33:53.428814;2
2018-09-03 13:03:37.426101;2
2018-09-03 15:01:15.610347;1
2018-09-04 14:43:27.431334;1
2018-09-04 14:44:10.920253;1
2018-09-04 14:44:41.231502;1
2018-09-04 14:45:12.941372;1
2018-09-04 14:45:55.295895;1
2018-09-04 14:46:08.954013;1
2018-09-04 14:46:27.897987;1
2018-09-04 15:10:43.641233;2
2018-09-04 15:10:57.512914;1
2018-09-04 15:14:11.246696;1
2018-09-04 15:15:07.453968;1
2018-09-04 15:16:18.997985;1
2018-09-04 15:17:26.793893;1
2018-09-04 15:17:47.925252;1
2018-09-04 15:20:36.818807;1
2018-09-04 15:22:13.671714;1
2018-09-04 15:23:29.318826;2
2018-09-04 15:31:12.58124;1
2018-09-04 15:45:29.195731;1
2018-09-04 15:46:07.766282;1
2018-09-04 15:46:52.69193;1
2018-09-04 15:47:47.125765;1
2018-09-04 15:52:51.215431;1
2018-09-04 15:53:09.233207;1
2018-09-04 15:55:06.897954;2
2018-09-05 13:50:44.139318;1
2018-09-05 14:01:06.77941;1
2018-09-06 07:45:45.168487;1
2018-09-06 09:58:22.606059;1
2018-09-06 10:31:38.523506;1
2018-09-06 10:57:53.822374;1
2018-09-06 11:09:13.333754;1
2018-09-06 11:20:31.721625;1
2018-09-06 14:22:48.588211;1
2018-09-08 18:19:27.491143;1
2018-09-08 19:30:33.157128;1
2018-09-08 19:31:03.295972;1
2018-09-08 19:31:23.520908;1
2018-09-10 15:35:48.59376;1
2018-09-13 13:10:27.770307;1
2018-09-13 13:21:02.797175;1
2018-09-13 13:34:44.937061;1
2018-09-13 13:58:17.731936;1
2018-09-15 00:01:26.258188;1
2018-09-15 18:06:34.139072;1
2018-09-21 14:47:39.338992;1
2018-09-21 15:01:35.160903;1
2018-09-21 15:09:29.945131;1
2018-09-21 15:11:23.483619;2
2018-09-21 15:12:37.154275;1
2018-09-21 15:13:04.238765;2
2018-09-21 15:22:00.93235;1
2018-09-21 15:22:17.614083;1
2018-09-21 15:22:34.62567;1
2018-09-21 15:22:54.818489;1
2018-09-21 15:23:18.13189;1
2018-09-21 15:31:42.893292;1
2018-09-21 15:54:12.702134;1
2018-09-21 15:54:23.261794;1
2018-09-21 15:56:29.276001;1
2018-09-21 15:56:36.004399;1
2018-09-21 15:56:49.007872;1
2018-09-21 15:57:02.927523;1
2018-09-21 15:57:09.088675;1
2018-09-21 15:57:42.14484;1
2018-09-21 15:58:31.522009;1
2018-09-21 16:10:53.726466;1
2018-09-21 16:11:38.461087;1
2018-09-21 16:28:10.867861;1
2018-09-21 16:28:23.251003;1
2018-09-21 16:28:37.568213;1
2018-09-21 16:28:43.97424;1
2018-09-21 16:28:52.189155;1
2018-09-21 16:29:05.478084;1
2018-09-21 16:29:31.144051;1
2018-09-21 16:29:44.23085;1
2018-09-21 16:29:55.839778;1
2018-09-21 16:31:22.317249;1
2018-09-21 16:31:39.769662;1
2018-09-21 16:34:31.613813;1
2018-09-21 16:34:57.927588;1
2018-09-21 16:35:07.201882;1
2018-09-21 16:35:13.58013;1
2018-09-21 16:35:21.559353;1
2018-09-21 16:37:06.034903;1
2018-09-21 16:39:16.366008;1
2018-09-21 16:39:23.026463;1
2018-09-21 16:42:36.170309;1
2018-09-21 16:44:06.146217;1
2018-09-21 16:44:14.611711;1
2018-09-21 16:44:25.279926;1
2018-09-21 16:46:27.663123;1
2018-09-21 16:46:50.894856;1
2018-09-21 16:52:10.140819;1
2018-09-21 16:53:51.695832;1
2018-09-21 16:54:17.292445;1
2018-09-21 17:00:57.650658;1
2018-09-21 17:01:31.952364;1
2018-09-21 17:03:15.03194;1
2018-09-21 17:03:48.151482;1
2018-09-21 17:07:54.065894;1
2018-09-21 17:08:40.580849;1
2018-09-21 17:09:01.807086;1
2018-09-21 17:09:43.892684;1
2018-09-21 17:10:10.515314;1
2018-09-21 17:11:29.646661;1
2018-09-21 17:12:08.450383;1
2018-09-21 17:12:43.787144;1
2018-09-21 17:13:12.980493;1
2018-09-21 17:32:56.903443;1
2018-09-21 17:33:59.151837;1
2018-09-21 17:34:21.442994;3
2018-09-21 17:35:10.554692;1
2018-09-21 17:35:34.773493;1
2018-09-21 17:35:50.994949;1
2018-09-21 17:35:57.378916;1
2018-09-21 17:36:20.709144;1
2018-09-21 17:37:01.884021;1
2018-09-22 17:42:12.482023;1
2018-09-22 18:15:29.734478;1
2018-09-22 18:18:08.804644;1
2018-09-22 18:20:39.924051;1
2018-09-22 18:22:20.304376;1
2018-09-22 18:32:37.996537;1
2018-09-22 18:34:39.841278;1
2018-09-23 11:11:54.065351;1
2018-09-23 11:27:11.50263;2
2018-09-23 11:29:50.746138;1
2018-09-23 11:29:51.822524;1
2018-09-23 11:31:53.840821;1
2018-09-23 11:31:55.254037;1
2018-09-23 11:33:19.04654;1
2018-09-23 11:33:20.600416;1
2018-09-24 14:28:01.027984;2
2018-09-26 08:03:07.697176;2
2018-09-26 08:03:25.023272;1
2018-09-27 21:56:25.722111;1
2018-09-28 17:15:27.997046;1
2018-10-02 09:20:32.884246;1
2018-10-03 11:33:20.839938;1
2018-10-03 12:58:14.91097;1
2018-10-10 15:45:29.186081;2
2018-10-10 15:46:16.738286;2
2018-10-26 13:17:59.081288;1
2018-10-26 13:27:45.414069;1
2018-10-26 13:40:41.574119;1
2018-10-26 13:41:04.410732;1
2018-10-30 08:35:49.295471;1
2018-10-30 09:17:48.225629;1
2018-10-31 10:01:14.74538;1
2018-11-02 15:21:42.959678;1
2018-11-02 15:22:45.498423;1
2018-11-02 15:26:16.15439;1
2018-11-09 16:14:21.8509;1
2018-11-14 09:14:22.747756;1
2018-11-14 09:15:47.074637;1
2018-11-14 09:20:33.01787;2
2018-11-14 09:23:54.884652;1
2018-11-20 19:08:57.832845;2
2018-11-20 20:15:05.824601;2
2018-11-20 20:15:20.80636;2
2018-11-20 20:15:35.422761;2
2018-11-20 20:15:46.585674;2
2018-11-20 20:15:59.239718;2
2018-11-20 20:16:10.834174;2
2018-11-20 20:16:25.246028;2
2018-11-20 20:16:38.302666;2
2018-11-20 20:17:01.029784;2
2018-11-20 20:17:10.258447;2
2018-11-20 20:17:22.927647;2
2018-11-20 20:17:33.911302;2
2018-11-20 20:17:46.176421;2
2018-11-20 20:17:58.178997;2
2018-11-20 20:18:08.997014;2
2018-11-20 20:18:21.091169;2
2018-11-20 20:18:35.208447;2
2018-11-20 20:18:50.020669;2
2018-11-20 20:19:03.327715;2
2018-11-20 20:19:14.94972;2
2018-11-20 20:19:53.575443;2
2018-11-25 10:16:00.228975;2
2018-11-25 11:25:25.023042;2
2018-11-25 13:21:43.480835;2
2018-11-25 13:47:10.836783;2
2018-11-25 14:06:57.478304;2
2018-11-25 15:12:19.931274;2
2018-11-28 10:59:38.381883;1
2018-11-28 14:16:29.348238;1
2018-12-05 11:13:06.632936;1
2018-12-05 11:14:13.221161;1
2018-12-05 16:04:05.250659;2
2018-12-06 10:09:27.383177;1
2018-12-07 16:05:04.272534;2
2018-12-12 14:46:35.803069;1
2018-12-12 15:11:55.418878;1
2018-12-12 15:27:35.660797;1
2018-12-17 08:05:42.299682;2
2018-12-19 14:14:10.82766;2
2019-01-02 16:29:18.126643;1
2019-01-02 16:29:47.442365;1
2019-01-02 16:30:12.854368;1
2019-01-02 16:34:16.962456;3
2019-01-02 16:36:30.71706;2
2019-01-02 16:36:52.669476;1
2019-01-02 16:37:50.794525;1
2019-01-02 16:39:41.773166;1
2019-01-02 16:41:13.653026;1
2019-01-02 16:41:47.900714;1
2019-01-02 16:42:22.82637;1
2019-01-02 16:43:13.483525;2
2019-01-02 16:43:47.258961;2
2019-01-02 17:00:46.899495;2
2019-01-02 17:02:00.133104;3
2019-01-02 17:05:28.418478;3
2019-01-02 17:06:58.78281;2
2019-01-02 17:07:43.857911;1
2019-01-02 17:08:25.356751;3
2019-01-02 17:10:26.839281;2
2019-01-02 17:15:15.696298;3
2019-01-03 07:41:43.275532;1
2019-01-03 08:14:09.866002;1
2019-01-03 10:30:08.737106;1
2019-01-03 14:39:38.912284;1
2019-01-03 15:51:28.934955;1
2019-01-03 18:22:35.358917;1
2019-01-04 08:19:04.450213;2
2019-01-04 08:38:42.082794;1
2019-01-04 08:42:06.768415;1
2019-01-04 08:42:51.657909;1
2019-01-04 08:45:39.569083;1
2019-01-04 08:46:16.321134;2
2019-01-08 16:18:52.113183;1
2019-01-08 16:19:28.133212;1
2019-01-09 11:21:22.094252;1
2019-01-09 13:01:38.053704;1
2019-01-09 13:21:46.867155;1
2019-01-09 14:08:32.804167;1
2019-01-11 07:43:02.450762;1
2019-01-11 07:57:16.538983;1
2019-01-11 08:29:39.3447;1
2019-01-11 11:03:26.512403;1
2019-01-11 15:24:01.863425;1
2019-01-11 15:37:14.018687;1
2019-01-14 14:38:39.895119;1
2019-01-14 16:12:46.619633;1
2019-01-14 16:16:42.195855;1
2019-01-14 16:37:17.098715;1
2019-01-14 16:50:37.658242;1
2019-01-15 10:09:52.11328;1
2019-01-15 10:14:56.66725;1
2019-01-15 10:17:08.877691;1
2019-01-15 10:19:57.71561;1
2019-01-15 15:24:06.148952;1
2019-01-15 15:33:26.24846;1
2019-01-16 11:08:50.840826;1
2019-01-16 13:12:48.852194;1
2019-01-16 13:16:45.938672;1
2019-01-21 08:12:07.558953;1
2019-01-21 08:13:05.685036;1
2019-01-22 11:07:31.483025;1
2019-01-22 12:00:30.041056;1
2019-01-22 12:37:20.854291;3
2019-01-23 11:40:48.130041;1
2019-01-23 12:01:33.517588;2
2019-01-23 15:54:15.760386;2
2019-01-23 16:33:11.360583;1
2019-01-24 10:32:38.520219;1
2019-01-24 11:07:59.527992;1
2019-01-24 11:08:53.639144;1
2019-01-24 15:26:15.935342;3
2019-01-27 11:58:33.999404;1
2019-01-27 11:58:57.58772;1
2019-01-27 11:59:17.284221;1
2019-01-27 12:01:23.51243;1
2019-01-30 08:46:03.931422;1
2019-01-30 09:52:16.179096;5
2019-01-31 11:55:42.345183;1
2019-02-01 08:55:27.472507;1
2019-02-01 15:36:22.212377;1
2019-02-01 19:17:05.058697;1
2019-02-05 19:05:20.096003;1
2019-02-05 19:06:19.91428;1
2019-02-05 19:07:00.519694;1
2019-02-05 19:08:18.132034;1
2019-02-05 19:09:20.365002;1
2019-02-05 19:10:46.176395;2
2019-02-05 19:16:13.703775;1
2019-02-05 19:17:00.389252;1
2019-02-07 13:03:39.37953;1
2019-02-07 13:10:00.235274;1
2019-02-07 13:58:31.595925;1
2019-02-07 14:09:19.360598;1
2019-02-07 14:27:35.263275;1
2019-02-07 14:35:25.123288;1
2019-02-07 15:19:04.444552;1
2019-02-07 15:30:55.015786;1
2019-02-08 14:30:51.446948;2
2019-02-08 14:42:17.331466;1
2019-02-08 14:44:31.063794;1
2019-02-08 14:56:37.63069;1
2019-02-08 14:58:42.795641;1
2019-02-08 15:05:20.04278;1
2019-02-08 15:14:31.838747;1
2019-02-14 10:11:24.284718;2
2019-02-18 20:09:38.804569;1
2019-02-19 20:43:13.217744;1
2019-02-19 22:06:48.406844;2
2019-02-20 10:06:46.203514;1
2019-02-20 10:07:35.926063;1
2019-02-21 17:51:13.973601;1
2019-02-22 14:34:46.698629;1
2019-02-27 10:48:03.582842;1
2019-02-27 15:30:29.303298;1
2019-02-27 15:32:40.114344;1
2019-03-03 21:16:39.6147;1
2019-03-05 14:30:28.549814;1
2019-03-05 14:31:20.728388;1
2019-03-05 14:32:08.307697;1
2019-03-07 21:23:57.458178;3
2019-03-07 21:24:28.979294;3
2019-03-09 19:35:52.683253;1
2019-03-09 19:37:15.925974;2
2019-03-09 19:37:22.671601;2
2019-03-09 19:37:35.119828;2
2019-03-09 19:37:48.226909;2
2019-03-09 19:37:59.545717;2
2019-03-09 19:38:22.45622;2
2019-03-10 20:57:10.531392;1
2019-03-10 21:15:14.444329;1
2019-03-10 21:22:57.743274;1
2019-03-10 21:26:46.264164;1
2019-03-10 21:28:30.958555;1
2019-03-11 09:10:33.700645;1
2019-03-11 12:53:47.564044;1
2019-03-11 12:54:04.515565;1
2019-03-11 16:43:25.243723;1
2019-03-11 17:30:31.995164;1
2019-03-11 17:32:49.101101;2
2019-03-11 17:35:30.830043;1
2019-03-12 15:15:54.947091;1
2019-03-12 15:21:30.371008;1
2019-03-12 15:33:47.945277;1
2019-03-12 15:34:26.747102;1
2019-03-12 15:34:43.479666;1
2019-03-12 15:35:01.740991;1
2019-03-12 15:35:31.837498;1
2019-03-12 15:35:59.2974;1
2019-03-12 15:36:27.223724;1
2019-03-12 15:36:44.676602;1
2019-03-12 15:37:14.423896;1
2019-03-12 15:37:32.108558;1
2019-03-12 15:52:04.202877;1
2019-03-12 15:57:27.809931;2
2019-03-12 15:57:44.028636;2
2019-03-12 15:58:01.784809;1
2019-03-12 15:58:26.578316;2
2019-03-12 16:52:01.117971;1
2019-03-12 17:19:16.326117;1
2019-03-12 17:27:28.584092;1
2019-03-12 17:49:16.891563;1
2019-03-12 17:49:22.62246;1
2019-03-12 17:49:27.418906;1
2019-03-12 17:49:33.417237;1
2019-03-12 17:49:38.615153;1
2019-03-12 17:49:44.135497;1
2019-03-12 17:49:51.327644;1
2019-03-12 17:49:57.240421;1
2019-03-12 17:50:03.341882;1
2019-03-12 17:50:09.263802;1
2019-03-12 17:50:14.513964;1
2019-03-12 17:50:20.196394;1
2019-03-12 17:50:25.478778;1
2019-03-12 17:50:31.125727;1
2019-03-12 17:50:36.610362;1
2019-03-12 17:50:42.270857;1
2019-03-12 17:50:47.939082;1
2019-03-12 17:50:57.074648;1
2019-03-13 10:04:18.335293;1
2019-03-13 10:06:13.810604;1
2019-03-13 10:13:11.616483;1
2019-03-13 10:18:45.322845;1
2019-03-14 10:44:07.781068;1
2019-03-14 10:44:38.971928;1
2019-03-14 10:44:50.248872;1
2019-03-14 10:44:59.683102;1
2019-03-14 10:45:10.529704;1
2019-03-14 10:45:22.24208;1
2019-03-14 10:45:33.590578;1
2019-03-14 10:45:43.608645;1
2019-03-14 10:45:57.282902;1
2019-03-14 10:46:06.885932;1
2019-03-14 10:46:18.630776;1
2019-03-14 10:46:32.352498;1
2019-03-14 10:46:44.816042;1
2019-03-18 11:26:49.172787;1
2019-03-18 11:27:05.712483;1
2019-03-18 13:58:27.517842;1
2019-03-18 13:58:34.462741;1
2019-03-18 13:58:40.354494;1
2019-03-18 13:58:47.087839;1
2019-03-18 13:58:52.870692;1
2019-03-18 13:58:58.589362;1
2019-03-18 13:59:08.541194;1
2019-03-18 17:03:20.768307;1
2019-03-18 17:03:28.960158;1
2019-03-18 17:03:35.705716;1
2019-03-18 17:03:43.64182;1
2019-03-18 17:03:56.403355;1
2019-03-18 20:51:22.890364;1
2019-03-18 20:51:49.247649;1
2019-03-19 10:59:03.858832;1
2019-03-19 11:18:12.103069;1
2019-03-19 11:24:09.971609;1
2019-03-19 20:44:54.216495;1
2019-03-19 20:45:07.145132;1
2019-03-19 20:45:21.747769;1
2019-03-20 09:34:40.922566;1
2019-03-20 09:39:34.181135;1
2019-03-20 09:53:05.303417;1
2019-03-20 10:07:34.947628;2
2019-03-20 12:54:25.135475;1
2019-03-20 12:56:40.554991;1
2019-03-20 13:15:32.472134;2
2019-03-20 13:20:45.040778;1
2019-03-20 13:32:18.855195;1
2019-03-20 13:34:40.491226;1
2019-03-20 13:36:39.005941;1
2019-03-21 14:41:10.904832;1
2019-03-21 14:41:19.929897;1
2019-03-21 14:41:31.43913;1
2019-03-21 15:00:23.054506;1
2019-03-21 15:00:31.201309;1
2019-03-21 15:00:38.711281;1
2019-03-21 15:00:45.97616;1
2019-03-22 13:20:11.579695;1
2019-03-22 13:26:20.765083;1
2019-03-22 13:26:46.67289;1
2019-03-22 13:28:07.729378;1
2019-03-22 13:35:58.175086;1
2019-03-22 13:36:12.075078;1
2019-03-22 17:30:34.590246;1
2019-03-22 17:51:05.201742;1
2019-03-22 17:51:30.466975;1
2019-03-25 14:14:13.129942;2
2019-03-25 16:59:23.138745;1
2019-03-26 12:59:51.730101;1
2019-03-26 13:00:30.955621;1
2019-03-27 15:34:26.20611;1
2019-03-27 15:50:18.46132;1
2019-03-27 16:13:08.918219;1
2019-03-28 09:09:06.540903;1
2019-03-28 09:16:56.582321;1
2019-03-28 09:53:50.167;1
2019-03-28 09:53:56.473036;1
2019-03-28 09:54:24.759977;1
2019-03-28 10:07:10.209315;1
2019-03-28 10:07:22.130859;1
2019-03-28 14:43:07.778047;1
2019-03-31 09:05:08.851582;1
2019-03-31 09:05:09.148674;1
2019-03-31 09:05:09.353713;1
2019-03-31 09:05:09.611944;1
2019-03-31 09:05:09.796128;1
2019-04-01 11:10:38.905834;1
2019-04-01 11:19:55.872429;1
2019-04-01 12:48:45.947017;1
2019-04-01 12:49:03.923299;1
2019-04-01 12:49:32.931516;1
2019-04-01 19:56:36.872826;1
2019-04-02 12:58:27.681223;1
2019-04-02 14:31:55.616976;1
2019-04-02 14:32:13.761278;1
2019-04-02 15:46:46.332541;2
2019-04-02 15:49:32.001925;2
2019-04-02 17:08:37.930444;1
2019-04-02 17:08:57.995987;1
2019-04-02 18:57:42.839955;1
2019-04-02 19:36:00.351075;1
2019-04-02 19:36:10.882056;1
2019-04-02 19:36:48.475249;1
2019-04-02 19:37:22.216166;1
2019-04-02 19:37:33.119827;1
2019-04-03 09:49:29.784359;1
2019-04-03 14:35:59.965345;1
2019-04-03 14:37:36.848845;1
2019-04-03 14:38:00.137045;1
2019-04-03 16:10:53.787657;2
2019-04-03 16:11:29.427686;1
2019-04-03 16:12:00.35248;1
2019-04-04 09:47:39.084121;1
2019-04-04 11:20:03.283852;4
2019-04-04 13:12:02.772894;1
2019-04-04 13:23:02.732168;1
2019-04-04 13:46:01.703915;1
2019-04-04 14:54:03.031181;1
2019-04-05 14:41:19.16707;1
2019-04-05 18:05:10.789702;1
2019-04-05 18:05:21.15387;1
2019-04-05 18:05:36.11978;1
2019-04-05 18:12:26.948789;1
2019-04-05 18:12:36.174058;1
2019-04-06 18:42:23.102212;1
2019-04-07 19:38:09.331144;1
2019-04-07 19:38:18.269026;1
2019-04-07 20:46:55.648903;1
2019-04-07 20:47:02.682845;1
2019-04-07 20:47:07.588944;1
2019-04-07 20:47:12.840989;1
2019-04-07 20:47:18.408536;1
2019-04-07 20:47:23.966222;1
2019-04-07 20:47:29.296395;1
2019-04-07 20:47:39.53742;1
2019-04-07 20:47:44.834754;1
2019-04-07 20:47:53.745732;1
2019-04-08 09:27:36.646779;1
2019-04-08 13:00:36.782456;1
2019-04-08 14:38:22.718103;1
2019-04-08 15:32:31.08495;1
2019-04-08 15:32:47.838911;1
2019-04-08 19:52:15.949846;1
2019-04-08 19:52:41.657474;1
2019-04-08 19:53:07.311353;1
2019-04-08 19:53:23.471429;1
2019-04-09 10:19:38.878198;1
2019-04-09 10:19:56.563727;1
2019-04-09 11:09:58.360946;1
2019-04-09 11:10:10.008381;1
2019-04-09 11:10:22.57046;1
2019-04-09 11:12:39.864891;1
2019-04-09 11:12:46.225151;1
2019-04-09 11:13:07.836059;1
2019-04-09 15:25:44.820769;2
2019-04-09 16:36:56.549719;1
2019-04-09 16:37:02.204197;1
2019-04-09 16:37:20.947536;1
2019-04-09 16:37:26.796685;1
2019-04-09 16:37:36.136438;1
2019-04-09 16:50:11.021851;1
2019-04-10 12:38:47.590202;1
2019-04-10 12:39:53.615248;1
2019-04-10 13:09:18.755897;1
2019-04-10 14:49:03.245292;1
2019-04-10 14:49:16.58209;1
2019-04-10 14:49:58.146542;1
2019-04-10 14:51:41.010633;1
2019-04-12 10:31:02.506696;1
2019-04-12 16:55:07.141009;1
2019-04-12 16:57:36.143182;1
2019-04-13 19:52:16.002826;1
2019-04-14 16:18:38.035589;1
2019-04-14 16:44:43.352053;1
2019-04-15 10:47:21.06491;1
2019-04-15 11:53:39.33117;1
2019-04-15 20:57:47.522561;1
2019-04-16 11:15:47.502575;1
2019-04-16 14:54:31.348783;1
2019-04-16 14:56:27.694963;1
2019-04-16 14:56:44.934424;1
2019-04-16 15:38:54.564956;1
2019-04-16 15:55:30.958182;1
2019-04-16 16:07:37.219152;1
2019-04-19 15:14:16.339808;1
2019-04-21 15:43:45.706935;1
2019-04-21 15:47:34.49881;1
2019-04-21 15:47:40.145246;1
2019-04-21 15:47:46.4824;1
2019-04-21 15:47:52.171037;1
2019-04-21 15:47:57.741845;1
2019-04-21 15:48:03.415823;1
2019-04-21 15:48:09.105887;1
2019-04-21 15:48:30.451917;1
2019-04-21 15:48:36.258915;1
2019-04-21 15:48:52.471111;1
2019-04-21 15:49:13.366272;1
2019-04-21 15:49:18.602037;1
2019-04-21 15:49:38.04732;1
2019-04-21 15:49:58.977035;1
2019-04-21 15:50:17.407438;1
2019-04-21 15:50:37.386587;1
2019-04-21 15:50:42.828064;1
2019-04-21 15:50:48.176085;1
2019-04-21 15:50:53.590482;1
2019-04-21 15:50:59.032822;1
2019-04-21 15:51:04.678346;1
2019-04-21 15:51:10.710244;1
2019-04-21 15:51:28.885682;1
2019-04-21 15:51:34.202189;1
2019-04-21 15:51:39.750862;1
2019-04-21 15:51:45.526816;1
2019-04-21 15:52:05.010829;1
2019-04-21 15:52:18.326926;1
2019-04-21 15:52:23.665241;1
2019-04-21 15:52:28.929776;1
2019-04-21 15:52:34.02243;1
2019-04-21 15:52:39.169097;1
2019-04-21 15:53:01.478684;1
2019-04-21 15:53:07.40347;1
2019-04-21 15:53:23.672091;1
2019-04-21 15:53:29.062226;1
2019-04-21 15:53:33.982543;1
2019-04-21 15:53:39.352635;1
2019-04-21 15:53:44.383565;1
2019-04-21 15:53:49.753025;1
2019-04-21 15:53:55.022529;1
2019-04-21 15:54:00.747505;1
2019-04-21 15:54:16.705055;1
2019-04-21 15:54:22.341719;1
2019-04-21 15:54:27.753394;1
2019-04-21 15:54:33.222973;1
2019-04-21 15:54:38.329307;1
2019-04-21 15:54:43.830703;1
2019-04-21 15:54:49.539979;1
2019-04-21 15:54:54.826673;1
2019-04-21 15:55:00.043487;1
2019-04-21 15:55:09.079701;1
2019-04-21 20:53:02.145556;1
2019-04-21 20:53:07.866814;1
2019-04-21 20:53:13.315806;1
2019-04-21 20:53:18.021854;1
2019-04-21 20:53:23.292173;1
2019-04-21 20:53:28.63058;1
2019-04-21 20:53:33.525664;1
2019-04-21 20:53:38.836663;1
2019-04-21 20:53:49.179369;1
2019-04-21 20:54:49.256137;1
2019-04-21 21:28:54.125076;1
2019-04-21 21:29:02.773246;1
2019-04-21 21:31:59.160911;1
2019-04-21 21:32:04.130282;1
2019-04-21 21:32:09.660204;1
2019-04-21 21:32:14.707181;1
2019-04-21 21:32:19.343259;1
2019-04-21 21:32:24.399708;1
2019-04-22 08:17:07.732305;1
2019-04-22 08:20:40.631302;1
2019-04-22 08:24:13.507455;1
2019-04-22 08:24:19.477669;1
2019-04-22 08:24:35.073473;1
2019-04-22 08:24:41.632986;1
2019-04-22 08:24:56.634849;1
2019-04-22 08:25:10.683392;1
2019-04-22 08:25:16.454516;1
2019-04-22 08:25:21.880002;1
2019-04-22 08:25:27.576809;1
2019-04-22 08:25:37.301262;1
2019-04-22 08:29:42.18489;1
2019-04-22 08:30:44.943242;1
2019-04-22 08:30:50.217109;1
2019-04-22 08:30:55.067127;1
2019-04-22 08:31:03.871498;1
2019-04-22 08:32:33.489928;1
2019-04-22 08:33:34.353577;1
2019-04-22 08:34:20.214793;1
2019-04-22 08:34:45.148723;1
2019-04-22 08:35:21.484338;1
2019-04-22 08:36:15.170763;1
2019-04-22 09:22:48.946969;1
2019-04-22 09:23:49.585681;1
2019-04-22 09:24:01.796448;1
2019-04-22 09:25:03.817665;1
2019-04-22 09:26:04.685283;1
2019-04-22 09:27:18.467968;1
2019-04-22 09:28:13.112514;1
2019-04-22 09:29:06.553721;1
2019-04-22 09:29:16.043146;1
2019-04-22 09:30:50.334645;1
2019-04-22 09:30:56.155969;1
2019-04-22 09:31:19.465365;1
2019-04-22 09:31:36.345029;1
2019-04-22 09:31:56.768568;2
2019-04-22 09:32:02.756125;2
2019-04-22 09:32:38.788481;1
2019-04-22 09:34:28.02274;1
2019-04-22 09:35:55.792105;1
2019-04-22 09:36:11.035163;1
2019-04-22 09:36:29.043923;2
2019-04-22 09:36:35.142544;1
2019-04-22 09:36:52.52405;1
2019-04-22 09:36:58.595273;1
2019-04-22 09:37:09.601124;1
2019-04-22 09:37:35.803218;2
2019-04-22 09:48:02.516933;1
2019-04-22 09:49:28.353162;1
2019-04-22 09:50:17.102356;1
2019-04-22 09:51:16.245903;1
2019-04-22 09:55:28.291637;1
2019-04-22 09:55:42.102444;1
2019-04-22 09:58:26.006446;2
2019-04-23 15:20:22.342865;1
2019-04-23 15:39:33.82239;1
2019-04-23 16:02:16.06312;1
2019-04-23 18:45:13.915083;2
2019-04-23 18:45:56.683754;1
2019-04-23 18:46:30.880385;1
2019-04-26 09:27:11.930429;1
2019-04-26 09:29:36.72592;1
2019-04-26 11:22:47.34593;2
2019-04-26 15:22:06.397867;1
2019-04-26 15:31:56.171895;3
2019-04-26 16:29:40.968183;1
2019-04-26 16:56:23.483876;2
2019-04-26 17:02:17.933275;1
2019-04-26 18:52:40.216513;1
2019-04-27 15:20:59.312793;1
2019-04-27 15:37:00.712365;1
2019-04-27 19:33:17.447854;1
2019-04-27 19:33:40.982101;1
2019-04-27 19:34:02.772901;1
2019-04-27 19:50:58.256237;1
2019-04-27 20:55:33.361321;1
2019-04-28 08:45:04.489978;1
2019-04-28 11:19:48.582048;2
2019-04-28 11:19:54.115831;2
2019-04-28 11:19:59.357184;2
2019-04-28 11:20:04.91774;2
2019-04-28 11:20:10.009981;2
2019-04-28 11:20:16.368124;2
2019-04-28 11:20:29.188183;2
2019-04-28 19:24:57.171446;2
2019-04-28 19:27:35.964026;1
2019-04-28 19:27:53.418135;1
2019-04-28 20:00:14.847578;1
2019-04-29 13:59:59.361027;1
2019-04-29 14:00:30.603538;1
2019-04-29 14:01:32.556217;1
2019-04-29 14:05:03.889379;1
2019-04-29 14:05:23.622898;1
2019-04-29 14:05:40.776524;1
2019-04-29 14:06:10.310181;1
2019-04-29 17:44:24.458451;1
2019-04-29 20:28:57.879249;1
2019-04-29 20:29:27.944121;1
2019-04-30 14:02:45.621662;2
2019-04-30 14:33:20.830121;1
2019-05-02 13:57:58.360341;1
2019-05-02 15:35:03.458705;2
2019-05-03 11:28:29.806303;1
2019-05-03 11:56:24.669902;1
2019-05-03 12:08:22.289229;1
2019-05-03 12:22:47.130213;1
2019-05-03 14:25:44.600262;1
2019-05-03 14:45:34.14444;2
2019-05-03 14:59:46.083599;2
2019-05-07 13:26:27.371668;1
2019-05-08 10:35:37.697314;1
2019-05-09 09:34:51.058867;1
2019-05-09 09:41:30.323784;3
2019-05-09 10:02:00.8552;1
2019-05-09 10:57:49.032163;1
2019-05-09 15:13:22.464254;1
2019-05-09 15:51:14.996598;1
2019-05-09 16:00:23.410612;1
2019-05-09 16:01:53.530472;1
2019-05-09 16:15:39.884972;1
2019-05-10 12:19:50.87083;2
2019-05-10 12:21:45.020114;1
2019-05-12 09:58:06.124042;1
2019-05-12 09:59:47.170273;1
2019-05-14 15:14:28.310559;2
2019-05-14 15:32:24.46643;2
2019-05-14 15:49:57.353119;1
2019-05-14 16:00:51.965091;1
2019-05-15 14:15:32.729746;2
2019-05-15 14:36:13.940278;2
2019-05-15 14:46:15.75094;1
2019-05-15 14:48:45.036167;1
2019-05-21 17:25:42.0679;1
2019-05-21 17:44:14.665408;1
2019-05-21 17:44:21.791267;1
2019-05-21 17:45:10.857822;1
2019-05-21 17:46:51.284899;1
2019-05-27 12:59:34.635207;1
2019-05-28 12:30:09.855693;1
2019-05-28 16:59:50.968646;1
2019-05-29 14:34:48.636526;1
2019-05-29 14:39:28.979031;1
2019-05-29 14:39:58.412819;1
2019-05-29 14:40:19.967298;1
2019-05-29 14:40:59.297931;1
2019-05-29 14:41:27.013323;1
2019-05-29 14:42:19.585468;1
2019-05-29 14:42:41.148118;1
2019-05-29 14:42:59.814111;1
2019-05-29 14:43:25.276408;1
2019-05-29 14:43:44.610497;1
2019-05-29 14:44:15.448316;1
2019-05-29 14:45:13.80112;1
2019-05-29 14:46:04.257947;1
2019-05-30 12:17:41.921049;1
2019-05-30 12:17:42.045838;1
2019-05-30 12:17:42.283698;1
2019-05-30 12:17:42.400704;1
2019-05-30 12:17:42.520477;1
2019-05-30 12:17:42.652798;1
2019-05-30 12:17:42.893292;1
2019-05-30 12:17:43.268348;1
2019-05-30 12:17:43.410098;1
2019-05-30 12:17:43.531227;1
2019-05-30 12:17:43.663098;1
2019-05-30 12:17:43.952549;1
2019-05-30 12:17:44.224981;1
2019-05-30 12:17:44.488929;1
2019-05-30 12:17:44.615015;1
2019-05-30 12:17:45.1408;1
2019-05-30 12:17:45.251091;1
2019-05-31 10:43:06.796964;1
2019-05-31 10:43:07.607026;1
2019-05-31 10:43:08.204712;1
2019-05-31 10:43:08.421855;1
2019-05-31 10:43:08.56557;1
2019-05-31 15:46:02.573295;1
2019-06-02 10:18:14.910596;1
2019-06-03 14:31:13.065678;1
2019-06-03 14:32:07.28114;1
2019-06-04 13:38:44.695542;1
2019-06-04 14:44:09.478431;1
2019-06-11 11:57:02.032532;1
2019-06-11 12:57:24.687646;1
2019-06-11 15:03:41.867797;1
2019-06-11 15:03:53.548211;1
2019-06-11 15:04:01.413682;1
2019-06-11 15:04:12.997096;1
2019-06-11 16:37:37.082272;1
2019-06-11 16:37:50.016236;1
2019-06-11 16:38:36.024049;1
2019-06-11 16:39:43.150376;1
2019-06-11 16:39:51.65325;1
2019-06-11 16:39:59.988038;1
2019-06-11 16:40:11.76538;1
2019-06-11 16:41:50.279139;1
2019-06-11 18:55:59.507551;2
2019-06-11 18:56:52.41397;2
2019-06-11 18:57:41.518688;1
2019-06-11 18:59:19.354718;1
2019-06-12 11:52:07.669551;1
2019-06-12 11:53:33.084654;1
2019-06-12 12:06:05.872005;1
2019-06-12 13:04:49.559028;1
2019-06-12 13:05:04.692774;1
2019-06-12 13:05:18.539822;1
2019-06-12 13:05:33.760483;1
2019-06-12 13:06:48.046197;1
2019-06-12 13:07:15.654762;1
2019-06-12 13:07:50.460165;1
2019-06-12 13:08:25.491246;1
2019-06-12 20:38:10.103094;1
2019-06-12 20:39:59.019066;1
2019-06-12 20:41:00.023408;1
2019-06-12 20:42:21.009799;1
2019-06-12 20:42:43.153537;1
2019-06-12 20:42:56.720609;1
2019-06-12 20:43:09.850117;1
2019-06-12 20:43:29.678957;1
2019-06-12 20:44:35.981721;1
2019-06-12 20:45:41.565335;1
2019-06-12 20:45:59.522974;1
2019-06-12 20:47:21.755768;1
2019-06-12 20:47:46.094357;1
2019-06-12 20:48:13.605151;1
2019-06-12 20:49:05.225464;1
2019-06-12 20:49:59.015816;1
2019-06-12 20:52:01.042355;1
2019-06-12 20:52:56.391994;1
2019-06-13 14:35:32.502033;1
2019-06-13 14:36:44.458501;1
2019-06-17 16:28:19.13936;1
2019-06-17 16:28:27.560908;1
2019-06-17 16:28:45.112411;1
2019-06-17 16:29:54.36008;1
2019-06-17 16:30:09.733095;1
2019-06-17 21:19:59.92458;1
2019-06-17 21:34:04.960235;1
2019-06-19 15:17:12.498867;1
2019-06-19 15:18:14.322388;2
2019-06-19 15:19:17.223964;1
2019-06-19 15:19:29.71039;1
2019-06-19 15:19:42.951059;1
2019-06-19 15:19:59.063522;1
2019-06-19 15:21:18.302252;1
2019-06-19 15:21:43.631436;1
2019-06-19 15:22:39.704564;1
2019-06-19 15:22:54.104035;1
2019-06-19 15:24:17.106347;1
2019-06-19 15:25:01.523118;1
2019-06-19 15:25:56.063105;1
2019-06-19 18:47:23.680151;1
2019-06-19 18:49:15.382759;1
2019-06-19 18:51:54.144332;1
2019-06-19 18:52:53.086878;2
2019-06-19 18:53:55.453908;1
2019-06-19 18:54:38.734417;1
2019-06-30 12:42:17.027105;1
2019-06-30 12:43:18.26959;1
2019-06-30 12:43:51.702725;1
2019-06-30 12:44:38.477955;2
2019-06-30 15:14:21.054007;2
2019-06-30 15:14:28.430589;2
2019-06-30 15:14:36.599687;2
2019-06-30 15:14:43.981021;2
2019-06-30 15:14:52.242845;2
2019-06-30 15:15:00.202212;2
2019-06-30 15:15:08.997632;2
2019-06-30 15:15:16.243482;2
2019-06-30 15:15:24.641297;2
2019-06-30 15:15:36.839031;2
2019-06-30 15:17:25.467561;1
2019-06-30 15:17:33.220177;1
2019-06-30 15:17:55.782272;1
2019-06-30 15:18:03.325244;1
2019-06-30 15:18:14.931092;1
2019-06-30 15:19:57.909051;1
2019-06-30 15:22:09.016251;1
2019-06-30 15:22:28.255236;1
2019-07-01 11:13:59.982019;1
2019-07-01 11:14:49.824576;1
2019-07-01 11:14:57.914981;1
2019-07-01 11:15:07.736326;1
2019-07-01 11:15:15.911012;1
2019-07-01 11:15:24.682478;1
2019-07-01 11:15:38.571603;1
2019-07-01 12:31:27.370457;1
2019-07-01 17:23:12.227501;1
2019-07-01 17:26:46.944251;1
2019-07-01 17:26:57.001007;1
2019-07-01 17:27:21.41825;1
2019-07-01 17:27:50.40835;1
2019-07-01 17:29:14.798654;1
2019-07-01 17:29:55.352408;1
2019-07-01 20:24:47.453892;1
2019-07-01 20:26:15.655523;1
2019-07-01 20:27:23.902888;1
2019-07-01 20:28:10.567801;1
2019-07-01 20:28:55.830276;1
2019-07-01 20:51:58.539924;1
2019-07-02 13:41:22.08528;1
2019-07-02 13:42:11.884766;1
2019-07-02 14:28:18.282186;1
2019-07-02 14:29:17.382936;1
2019-07-02 15:02:26.253716;1
2019-07-02 15:02:35.544145;1
2019-07-02 15:02:47.508833;1
2019-07-02 15:03:30.770358;1
2019-07-02 16:08:12.545056;1
2019-07-02 16:08:19.21909;1
2019-07-02 16:08:26.74095;1
2019-07-02 16:08:34.694301;1
2019-07-02 16:08:42.331413;1
2019-07-02 16:08:56.561656;1
2019-07-02 16:09:49.840876;1
2019-07-02 16:10:13.888089;1
2019-07-02 16:11:05.46773;1
2019-07-02 16:11:16.904233;1
2019-07-02 16:12:08.615401;1
2019-07-02 16:12:19.607654;1
2019-07-05 17:07:03.925447;1
2019-07-06 13:39:08.431362;1
2019-07-06 16:22:18.495752;1
2019-07-06 16:22:29.121086;1
2019-07-06 16:22:38.835325;1
2019-07-06 16:22:47.048979;1
2019-07-06 16:24:05.338329;1
2019-07-06 16:25:02.357738;1
2019-07-06 16:28:34.658388;1
2019-07-06 16:28:43.981237;1
2019-07-06 16:28:52.510954;1
2019-07-06 16:29:01.799772;1
2019-07-06 16:29:09.516219;1
2019-07-06 16:29:21.092336;1
2019-07-06 16:29:29.742117;1
2019-07-06 16:29:43.215988;1
2019-07-06 16:32:59.033482;1
2019-07-06 16:33:06.626511;1
2019-07-06 16:33:14.319095;1
2019-07-06 16:33:21.852212;1
2019-07-06 16:33:29.369964;1
2019-07-06 16:33:41.523033;1
2019-07-06 16:34:48.432888;1
2019-07-06 16:35:09.330121;1
2019-07-06 16:35:21.340483;1
2019-07-06 16:36:56.730686;1
2019-07-06 16:38:26.736777;1
2019-07-06 16:38:34.714462;1
2019-07-06 16:39:13.078579;1
2019-07-06 16:41:25.640458;1
2019-07-06 16:41:38.37396;1
2019-07-06 16:41:59.346036;1
2019-07-06 16:43:22.187953;1
2019-07-06 16:44:16.835833;1
2019-07-06 16:44:45.892255;1
2019-07-06 19:24:33.908573;1
2019-07-07 01:02:38.186861;1
2019-07-07 01:07:32.639592;1
2019-07-07 01:10:28.010366;1
2019-07-07 13:53:11.120527;1
2019-07-07 13:53:59.598237;1
2019-07-07 13:56:00.422216;1
2019-07-07 13:56:28.644273;1
2019-07-07 16:10:00.131228;1
2019-07-07 18:01:13.147175;1
2019-07-07 18:02:02.615811;2
2019-07-07 18:57:37.523795;2
2019-07-07 18:58:22.006418;2
2019-07-09 17:44:59.28619;1
2019-07-09 18:53:45.900501;1
2019-07-09 18:54:45.326375;1
2019-07-09 18:55:55.302551;1
2019-07-09 18:57:10.747754;1
2019-07-09 18:57:21.805065;1
2019-07-09 18:57:34.890099;1
2019-07-11 13:42:36.143031;1
2019-07-11 13:43:43.111804;1
2019-07-11 13:44:24.220986;1
2019-07-11 13:45:04.160334;1
2019-07-11 13:47:16.103074;1
2019-07-11 13:49:39.283093;1
2019-07-11 13:49:48.875519;1
2019-07-11 13:50:02.634597;1
2019-07-13 17:16:11.027576;1
2019-07-13 17:16:55.172981;1
2019-07-13 17:17:26.445067;1
2019-07-13 17:18:01.249356;1
2019-07-13 17:18:32.455817;1
2019-07-13 17:19:17.521058;1
2019-07-13 17:19:41.679207;1
2019-07-13 17:39:14.039296;1
2019-07-13 17:39:20.749807;1
2019-07-13 17:39:42.12291;1
2019-07-13 17:40:03.052012;1
2019-07-13 17:40:09.633283;1
2019-07-13 17:40:17.387887;1
2019-07-13 17:40:36.7764;1
2019-07-13 17:40:43.907693;1
2019-07-13 17:41:23.422586;1
2019-07-13 17:41:30.395073;1
2019-07-13 17:41:50.552175;1
2019-07-13 17:41:58.283286;1
2019-07-13 17:42:05.40456;1
2019-07-13 17:42:12.139511;1
2019-07-13 17:42:45.546588;1
2019-07-13 17:42:52.443562;1
2019-07-13 17:42:59.261978;1
2019-07-13 17:43:06.460493;1
2019-07-13 17:43:26.066548;1
2019-07-13 17:43:33.468465;1
2019-07-13 17:43:53.751047;1
2019-07-13 17:44:13.319494;1
2019-07-13 17:44:20.072536;1
2019-07-13 17:44:40.970497;1
2019-07-13 17:44:48.223267;1
2019-07-13 17:44:55.442254;1
2019-07-13 17:45:03.798822;1
2019-07-13 17:45:25.632159;1
2019-07-13 17:45:32.938379;1
2019-07-13 17:45:52.246175;1
2019-07-13 17:46:23.789347;1
2019-07-13 17:48:28.248104;1
2019-07-13 17:49:54.033785;1
2019-07-13 17:50:01.567491;1
2019-07-13 17:50:08.458665;1
2019-07-13 17:50:27.975833;1
2019-07-13 17:50:36.681121;1
2019-07-13 17:51:00.290387;1
2019-07-13 17:56:04.308272;1
2019-07-13 17:59:19.071881;1
2019-07-13 18:04:01.395026;1
2019-07-13 18:04:27.56757;1
2019-07-13 18:07:01.802439;1
2019-07-13 18:07:30.473178;1
2019-07-13 18:13:38.55296;1
2019-07-13 18:43:28.74046;1
2019-07-15 14:31:48.10713;1
2019-07-15 14:34:29.303446;1
2019-07-15 14:35:38.690643;1
2019-07-15 14:35:45.850746;1
2019-07-15 14:35:54.884645;1
2019-07-15 14:36:03.564493;1
2019-07-15 14:36:13.186441;1
2019-07-15 14:36:36.754924;1
2019-07-15 14:36:44.53856;1
2019-07-15 14:36:56.877113;1
2019-07-15 15:07:48.924872;1
2019-07-15 15:24:31.451442;1
2019-07-15 15:47:10.836725;1
2019-07-15 15:47:35.364165;1
2019-07-15 16:09:27.825611;1
2019-07-15 16:09:34.896433;1
2019-07-15 16:09:43.485118;1
2019-07-15 16:09:54.270573;1
2019-07-15 16:11:16.821923;1
2019-07-15 17:19:57.205174;1
2019-07-15 17:23:49.66675;1
2019-07-15 17:24:14.034956;1
2019-07-15 17:24:25.956234;1
2019-07-15 17:25:30.714326;1
2019-07-15 17:26:01.550836;1
2019-07-15 17:26:18.869007;2
2019-07-15 17:26:31.335233;1
2019-07-15 17:26:49.983143;1
2019-07-15 17:26:59.056766;2
2019-07-15 17:27:13.347637;2
2019-07-15 17:28:56.031319;2
2019-07-15 17:29:23.274825;1
2019-07-15 17:29:56.988375;1
2019-07-15 19:56:44.014392;1
2019-07-16 11:16:06.215846;1
2019-07-16 12:20:44.25318;1
2019-07-16 12:21:25.513329;1
2019-07-16 16:47:26.936885;1
2019-07-16 16:47:46.620748;1
2019-07-16 16:49:12.710014;1
2019-07-16 16:56:20.840088;1
2019-07-16 16:56:31.738358;1
2019-07-16 16:58:09.655387;1
2019-07-16 17:01:56.313219;1
2019-07-16 17:02:04.634303;1
2019-07-16 17:02:12.621679;1
2019-07-16 17:02:20.509917;1
2019-07-16 17:02:37.822308;1
2019-07-16 17:38:24.711354;1
2019-07-16 18:45:43.23208;1
2019-07-16 18:53:00.087684;1
2019-07-19 16:19:15.444944;1
2019-07-19 16:25:50.230173;2
2019-07-19 16:26:05.463335;2
2019-07-19 16:26:21.428159;2
2019-07-19 16:33:40.095427;1
2019-07-19 16:38:24.665213;1
2019-07-19 16:40:28.647733;1
2019-07-20 14:54:11.155282;1
2019-07-20 14:54:33.706652;1
2019-07-20 15:00:15.783214;1
2019-07-20 15:01:30.090333;1
2019-07-20 15:11:10.760429;1
2019-07-20 15:17:40.987124;1
2019-07-20 15:17:48.180528;1
2019-07-20 15:17:55.939744;1
2019-07-20 15:20:13.219391;1
2019-07-20 15:22:44.951499;1
2019-07-20 15:22:54.53799;1
2019-07-20 15:23:06.514537;1
2019-07-20 15:26:01.615834;1
2019-07-20 15:41:57.806059;1
2019-07-20 15:42:05.847698;1
2019-07-20 15:42:28.027805;1
2019-07-20 15:45:39.790248;2
2019-07-20 15:46:20.10595;1
2019-07-20 15:46:29.113856;1
2019-07-20 15:46:36.799437;1
2019-07-20 15:46:44.48957;1
2019-07-20 15:47:43.932257;1
2019-07-20 15:47:52.10123;1
2019-07-20 15:48:00.260502;1
2019-07-20 15:48:07.807257;1
2019-07-20 15:48:31.151453;1
2019-07-20 15:48:42.80995;1
2019-07-22 14:28:14.642167;1
2019-07-22 15:05:21.613024;1
2019-07-22 15:59:25.385446;1
2019-07-22 16:01:25.652837;1
2019-07-22 16:01:57.947438;2
2019-07-22 16:02:20.7372;1
2019-07-22 16:37:19.000623;1
2019-07-22 16:38:20.930028;1
2019-07-23 14:38:04.69773;1
2019-07-23 14:38:36.603686;1
2019-07-23 14:39:18.356227;1
2019-07-23 14:40:24.933952;1
2019-07-23 15:14:07.030778;1
2019-07-23 15:33:40.875715;1
2019-07-24 14:53:36.750526;1
2019-07-24 14:53:50.097251;1
2019-07-24 14:54:26.892936;1
2019-07-24 14:54:36.817221;1
2019-07-24 14:55:07.236602;1
2019-07-28 16:25:01.526444;1
2019-07-28 16:25:41.931997;1
2019-07-28 16:26:21.463061;1
2019-07-28 16:26:48.696494;1
2019-07-28 16:27:57.288679;1
2019-07-28 16:28:05.839902;1
2019-07-28 16:28:13.334406;1
2019-07-28 16:28:24.597593;1
2019-07-28 16:43:39.745128;1
2019-07-28 17:36:43.084542;1
2019-07-28 17:38:13.287339;1
2019-07-28 18:01:18.924336;1
2019-07-29 18:54:05.760533;1
2019-07-30 20:42:46.643292;1
2019-07-30 20:44:04.532044;1
2019-07-30 20:47:54.175314;1
2019-07-30 20:48:22.904052;1
2019-07-30 20:48:39.42231;1
2019-07-30 20:48:52.985421;1
2019-07-30 20:49:05.640393;1
2019-07-30 20:49:17.166337;1
2019-07-30 20:49:37.247637;1
2019-07-30 20:49:48.981304;1
2019-07-30 20:50:22.219838;1
2019-08-01 12:50:18.967821;1
2019-08-01 14:26:56.700531;1
2019-08-01 14:27:04.760115;1
2019-08-01 14:27:12.095607;1
2019-08-01 14:27:20.463546;1
2019-08-01 14:27:29.022628;1
2019-08-01 14:27:41.086334;1
2019-08-01 14:39:34.181351;1
2019-08-01 14:40:22.130211;1
2019-08-01 14:40:43.41217;1
2019-08-01 14:44:15.888973;1
2019-08-01 14:44:38.624376;1
2019-08-01 16:01:29.874046;1
2019-08-01 16:01:40.709142;1
2019-08-01 16:02:00.639987;1
2019-08-01 16:03:12.685806;1
2019-08-01 16:03:23.623344;1
2019-08-01 16:04:08.881977;1
2019-08-01 16:58:12.274594;1
2019-08-01 16:59:28.783967;1
2019-08-01 17:00:19.988935;1
2019-08-01 17:06:28.971743;1
2019-08-01 17:07:06.742416;1
2019-08-01 19:37:21.281799;1
2019-08-01 19:42:16.234164;1
2019-08-01 19:42:50.257856;1
2019-08-02 12:14:44.729617;1
2019-08-02 12:15:52.648227;1
2019-08-02 16:37:06.446041;1
2019-08-02 16:37:13.871995;1
2019-08-02 16:37:25.695362;1
2019-08-02 16:37:35.704988;1
2019-08-02 16:37:45.856073;1
2019-08-02 16:37:54.2934;1
2019-08-02 16:38:02.294207;1
2019-08-02 16:38:24.179319;1
2019-08-02 16:38:39.66013;1
2019-08-02 16:40:40.642056;1
2019-08-02 16:41:26.267695;1
2019-08-02 16:41:34.001829;1
2019-08-02 16:41:41.823766;1
2019-08-02 16:42:02.498245;1
2019-08-02 16:42:11.353723;1
2019-08-02 16:42:24.976274;1
2019-08-02 16:43:45.902275;2
2019-08-02 16:45:14.324651;1
2019-08-02 16:45:48.967481;1
2019-08-02 16:46:26.943472;1
2019-08-02 16:47:10.667025;1
2019-08-02 16:48:13.606396;1
2019-08-02 16:48:38.359674;1
2019-08-02 16:48:46.433572;1
2019-08-02 16:48:53.792079;1
2019-08-02 16:49:02.658307;1
2019-08-02 16:49:10.46417;1
2019-08-02 16:49:33.343134;1
2019-08-02 16:49:40.974773;1
2019-08-02 16:49:59.974542;1
2019-08-02 16:50:07.47432;1
2019-08-02 16:50:16.026145;1
2019-08-02 16:50:27.722823;1
2019-08-02 16:51:32.450102;2
2019-08-02 16:51:40.952751;1
2019-08-02 16:52:52.989146;1
2019-08-02 16:53:01.358949;1
2019-08-02 16:53:08.80601;1
2019-08-02 16:53:16.471697;1
2019-08-02 16:53:28.955468;1
2019-08-02 16:54:24.389809;1
2019-08-02 16:54:31.309892;1
2019-08-02 16:54:38.725859;1
2019-08-02 16:54:49.201476;1
2019-08-02 16:55:39.235747;1
2019-08-02 16:56:40.531234;1
2019-08-02 16:57:01.89709;1
2019-08-02 16:57:09.603609;1
2019-08-02 16:57:16.485026;1
2019-08-02 16:57:26.188964;1
2019-08-02 16:59:19.705278;1
2019-08-02 17:01:32.215811;1
2019-08-02 17:01:41.092755;1
2019-08-02 17:01:47.861;1
2019-08-02 17:01:59.724933;1
2019-08-02 17:03:11.346313;1
2019-08-02 17:03:19.116663;1
2019-08-02 17:03:26.594143;1
2019-08-02 17:03:51.900117;1
2019-08-02 17:04:11.183175;1
2019-08-02 17:04:18.470307;1
2019-08-02 17:04:26.571134;1
2019-08-02 17:04:33.932374;1
2019-08-02 17:05:04.579916;1
2019-08-02 17:05:51.543455;1
2019-08-02 17:08:04.609866;2
2019-08-02 17:08:25.817641;2
2019-08-02 17:09:06.952227;2
2019-08-02 17:09:54.760474;2
2019-08-02 17:10:02.895294;2
2019-08-02 17:10:59.024621;2
2019-08-02 17:11:38.59007;1
2019-08-02 17:12:22.205988;1
2019-08-02 17:12:33.532305;1
2019-08-02 17:13:28.424954;1
2019-08-03 18:30:11.701967;1
2019-08-03 18:39:09.289758;1
2019-08-03 18:39:53.965357;1
2019-08-03 18:40:59.804284;1
2019-08-03 18:41:25.003198;1
2019-08-04 11:57:14.008508;1
2019-08-04 11:58:44.506118;1
2019-08-04 12:03:29.188875;1
2019-08-04 13:31:53.540603;1
2019-08-04 14:58:53.014163;1
2019-08-04 18:54:55.480708;1
2019-08-04 18:55:58.146263;1
2019-08-04 19:00:03.258231;1
2019-08-04 19:21:50.824913;1
2019-08-04 21:08:43.943157;1
2019-08-04 21:09:05.271868;1
2019-08-04 21:09:31.239102;1
2019-08-04 21:10:08.438237;1
2019-08-04 21:16:47.967544;1
2019-08-04 21:18:02.418898;1
2019-08-04 21:18:37.791894;1
2019-08-04 21:19:08.328959;1
2019-08-04 21:20:01.602339;1
2019-08-05 08:31:22.609759;1
2019-08-05 08:32:15.82932;1
2019-08-05 08:32:41.040834;1
2019-08-05 08:33:01.627823;1
2019-08-05 10:11:42.892895;1
2019-08-05 16:49:06.168209;1
2019-08-05 16:49:51.666979;1
2019-08-05 16:50:31.698625;2
2019-08-05 16:51:31.92001;1
2019-08-05 16:52:03.533035;1
2019-08-05 16:52:52.804349;1
2019-08-05 16:53:25.887189;1
2019-08-05 16:53:56.499125;2
2019-08-05 16:54:24.830244;3
2019-08-05 16:55:06.375545;3
2019-08-05 16:55:57.542123;1
2019-08-05 17:22:34.45194;1
2019-08-05 17:22:48.067215;1
2019-08-05 18:47:32.438026;1
2019-08-06 08:19:56.05046;1
2019-08-10 08:46:27.560299;1
2019-08-20 16:56:13.941684;1
2019-08-20 16:56:54.186122;1
2019-08-24 18:35:36.296175;2
2019-08-29 14:38:27.264331;1
2019-08-31 16:30:09.473911;1
2019-08-31 16:30:37.819292;1
2019-09-05 11:47:54.540276;1
2019-09-10 15:19:54.110564;1
2019-09-16 15:38:20.220746;1
2019-09-16 15:39:43.784788;1
2019-09-20 13:26:35.371743;1
2019-09-20 13:26:58.092997;1
2019-09-20 13:27:21.288416;1
2019-09-20 13:27:45.231146;1
2019-09-20 13:28:07.671762;1
2019-09-20 13:33:33.305011;2
2019-09-20 13:33:59.54635;2
2019-09-22 15:53:10.812947;1
2019-09-22 16:25:57.792584;1
2019-09-26 15:53:34.882582;1
2019-09-26 16:09:21.725418;1
2019-09-30 11:05:11.658193;1
2019-09-30 11:36:18.578576;1
2019-10-07 14:13:35.628953;1
2019-10-07 16:55:20.517923;1
2019-10-09 16:31:13.112266;1
2019-10-09 16:31:56.768161;1
2019-10-09 16:32:36.578246;1
2019-10-09 16:33:13.354836;1
2019-10-09 17:34:57.843358;1
2019-10-11 16:12:34.316827;1
2019-10-11 16:12:55.599485;1
2019-10-11 17:54:02.207407;1
2019-10-11 17:56:29.027384;1
2019-10-11 17:58:12.917093;1
2019-10-14 12:24:22.60021;1
2019-10-21 15:55:40.99219;1
2019-10-21 15:56:09.366134;1
2019-10-28 16:12:41.338709;1
2019-10-28 17:22:55.295894;1
2019-10-28 17:25:30.143863;1
2019-10-28 17:25:49.410439;1
2019-10-28 17:25:58.827669;1
2019-10-28 17:27:51.415865;1
2019-10-28 17:28:13.086902;1
2019-10-28 17:29:09.170311;1
2019-10-28 17:29:40.466993;1
2019-10-28 17:30:16.0535;1
2019-10-28 17:32:35.706596;1
2019-10-29 11:11:24.522162;1
2019-10-30 10:58:14.756433;1
2019-10-30 11:04:17.917328;1
2019-10-30 11:08:16.583755;1
2019-10-30 12:10:35.91927;1
2019-10-30 14:38:25.234816;1
2019-10-30 17:01:34.091376;1
2019-10-30 17:03:15.80905;1
2019-11-01 14:54:49.597949;1
2019-11-01 14:58:26.541783;1
2019-11-01 14:58:57.695605;1
2019-11-01 15:48:40.896048;1
2019-11-06 15:51:17.98783;2
2019-11-13 13:25:35.887916;1
2019-11-18 16:52:09.530399;1
2019-11-18 17:17:17.932957;1
2019-11-19 17:56:24.158184;1
2019-11-25 11:43:43.759579;1
2019-11-25 16:30:47.448801;1
2019-11-25 17:21:32.032829;1
2019-12-01 09:10:11.485084;1
2019-12-01 11:25:29.648305;1
2019-12-01 11:30:02.78863;2
2019-12-02 12:20:46.953914;1
2019-12-02 15:03:56.622722;1
2019-12-02 15:16:59.304953;1
2019-12-02 15:17:57.743436;1
2019-12-02 18:34:09.330456;1
2019-12-02 18:34:56.757284;1
2019-12-03 08:37:36.480066;1
2019-12-03 11:44:11.263258;1
2019-12-03 11:45:06.364068;1
2019-12-03 11:45:33.804081;1
2019-12-03 12:05:57.44825;1
2019-12-03 12:10:12.188155;1
2019-12-03 12:10:48.027104;1
2019-12-03 14:41:52.532249;1
2019-12-03 17:57:31.06994;1
2019-12-03 17:57:43.007102;1
2019-12-03 17:58:13.245369;1
2019-12-03 17:58:23.511733;1
2019-12-03 17:58:35.034417;1
2019-12-03 19:54:21.181942;1
2019-12-03 19:54:49.574883;1
2019-12-06 15:24:32.096078;1
2019-12-06 15:54:03.45445;1
2019-12-07 17:05:04.683676;1
2019-12-07 18:39:17.441623;1
2019-12-07 18:42:37.682821;1
2019-12-07 18:43:17.977319;1
2019-12-09 12:15:29.845887;1
2019-12-09 12:16:07.123178;1
2019-12-10 15:08:41.192145;1
2019-12-13 15:10:59.770389;1
2019-12-13 15:11:37.774269;1
2019-12-13 15:12:15.24548;1
2019-12-13 15:12:55.027809;1
2019-12-13 15:13:34.247054;1
2019-12-13 15:14:28.611773;1
2019-12-13 16:37:14.359304;1
2019-12-15 16:50:57.002574;1
2019-12-15 17:08:58.064303;1
2019-12-16 17:24:12.221323;1
2019-12-16 17:24:39.395032;1
2019-12-16 17:25:29.819675;1
2019-12-17 14:50:45.780975;1
2019-12-17 14:56:34.727457;1
2019-12-17 16:52:52.266719;1
2019-12-19 12:10:29.876331;1
2019-12-19 14:00:14.406006;1
2019-12-19 14:01:04.172498;1
2019-12-19 14:01:48.967059;1
2019-12-23 17:32:30.651474;1
2019-12-23 17:33:11.368256;1
2019-12-24 00:40:55.721261;1
2019-12-24 09:29:20.292498;2
2019-12-24 09:30:06.764046;1
2019-12-24 09:32:11.830595;1
2019-12-24 09:32:46.762741;1
2019-12-24 09:33:23.630025;1
2019-12-24 09:36:24.145653;1
2019-12-24 09:37:04.556824;1
2019-12-24 09:37:53.688061;1
2019-12-24 09:59:17.226931;1
2019-12-24 10:24:02.030066;1
2019-12-24 10:42:30.711996;1
2019-12-24 15:40:26.811267;1
2019-12-24 16:27:18.583249;1
2019-12-24 16:28:19.04922;1
2019-12-24 16:29:10.336676;1
2019-12-24 16:30:05.890292;1
2019-12-24 16:30:56.615847;1
2019-12-24 16:42:51.620417;1
2019-12-24 16:43:13.279458;1
2019-12-25 12:42:23.68189;1
2019-12-25 12:59:09.670599;1
2019-12-25 13:02:55.811482;1
2020-01-01 11:57:06.426531;1
2020-01-01 11:57:52.953338;1
2020-01-01 11:59:16.791431;1
2020-01-01 12:00:11.598737;1
2020-01-01 12:24:19.050366;1
2020-01-01 12:25:16.279843;1
2020-01-01 12:26:08.00405;1
2020-01-01 12:33:37.178608;1
2020-01-01 12:34:14.256116;1
2020-01-01 12:34:38.625987;1
2020-01-01 12:50:57.543235;1
2020-01-02 14:39:33.939316;1
2020-01-02 14:49:24.063671;1
2020-01-02 15:06:24.5642;1
2020-01-02 15:28:35.732068;1
2020-01-04 16:18:31.630883;1
2020-01-05 12:57:32.60351;1
2020-01-07 14:23:10.400536;1
2020-01-07 14:24:10.461354;1
2020-01-07 14:25:07.214821;1
2020-01-07 14:25:50.44821;1
2020-01-07 14:26:56.675262;2
2020-01-14 12:00:56.267749;1
2020-01-14 14:40:56.237781;1
2020-01-14 14:42:08.326172;1
2020-01-17 08:56:36.831065;1
2020-01-17 22:37:31.519797;1
2020-01-19 09:16:04.780466;1
2020-01-19 09:28:45.344585;1
2020-01-20 15:51:49.279341;1
2020-01-20 16:08:28.60527;1
2020-01-20 17:41:27.471599;2
2020-01-20 17:42:09.552094;2
2020-01-20 17:42:36.642061;2
2020-01-20 17:44:48.268317;1
2020-01-21 12:01:12.17208;1
2020-01-21 12:16:40.978209;1
2020-01-21 12:20:19.920254;1
2020-01-21 15:02:12.569685;1
2020-01-24 12:45:56.218959;2
2020-01-24 12:47:28.650678;1
2020-01-24 12:47:57.750482;2
2020-01-24 12:48:22.95906;1
2020-01-24 12:48:50.877233;2
2020-01-24 12:49:22.282875;2
2020-01-24 12:50:04.04426;3
2020-01-24 12:50:27.128093;2
2020-01-24 12:50:52.673658;2
2020-01-24 12:51:28.64313;1
2020-01-24 12:51:52.811798;1
2020-01-24 12:52:26.495901;3
2020-01-24 12:52:59.900726;1
2020-01-24 12:54:22.427617;1
2020-01-24 13:02:39.443984;1
2020-01-24 13:03:05.93121;2
2020-01-24 13:03:38.429136;2
2020-01-24 13:04:23.020944;1
2020-01-24 13:05:07.246076;2
2020-01-24 13:05:30.813993;3
2020-01-24 13:06:00.816412;1
2020-01-24 13:06:35.956526;1
2020-01-24 13:06:59.159519;1
2020-01-24 13:07:22.339839;1
2020-01-24 13:08:09.45519;2
2020-01-24 13:08:34.766859;1
2020-01-24 13:08:53.851288;2
2020-01-24 13:09:17.508295;1
2020-01-24 13:09:41.09205;2
2020-01-24 13:10:13.951482;1
2020-01-24 13:11:16.739676;2
2020-01-24 13:11:46.484203;2
2020-01-24 13:12:14.718037;1
2020-01-24 13:12:39.006727;2
2020-01-24 13:13:06.524088;1
2020-01-24 13:13:54.889741;2
2020-01-24 13:14:19.455926;2
2020-01-24 13:14:42.700337;3
2020-01-27 13:15:26.387572;1
2020-01-27 15:45:14.480971;1
2020-01-27 15:50:36.882947;1
2020-01-27 15:54:33.50856;1
2020-01-27 15:55:35.865195;1
2020-01-27 16:00:13.551917;1
2020-01-27 16:10:39.993872;1
2020-01-28 15:06:36.517398;1
2020-01-28 15:07:30.457517;1
2020-01-28 15:08:48.535122;1
2020-01-28 15:14:24.30665;1
2020-01-28 15:15:13.08426;1
2020-01-28 15:16:18.474912;1
2020-01-28 15:17:07.179411;1
2020-01-28 16:17:24.416624;1
2020-01-28 16:18:14.125079;1
2020-01-28 16:18:50.088933;1
2020-01-28 16:26:28.880015;1
2020-01-28 16:31:07.631579;1
2020-01-28 16:33:49.461531;1
2020-01-28 16:35:32.305783;1
2020-01-28 16:40:56.178833;1
2020-01-29 16:13:01.773216;1
2020-01-30 13:51:18.418119;1
2020-01-30 15:56:07.688506;1
2020-01-30 15:56:52.99068;1
2020-01-30 15:57:41.747864;1
2020-01-30 16:00:52.643162;1
2020-01-30 16:02:32.146931;1
2020-01-30 16:06:26.316099;1
2020-01-30 16:07:11.465688;1
2020-01-30 16:14:28.48924;1
2020-01-30 16:16:56.650012;1
2020-01-30 16:19:53.716264;1
2020-01-30 16:22:22.918248;1
2020-01-30 16:24:02.969694;1
2020-01-30 16:35:42.328985;1
2020-01-30 16:36:36.250951;1
2020-01-30 16:37:37.662445;1
2020-01-31 14:16:48.675062;1
2020-02-03 10:51:57.860294;1
2020-02-03 10:52:15.020602;1
2020-02-03 10:52:33.999688;1
2020-02-04 16:19:13.631372;3
2020-02-04 17:03:53.351393;1
2020-02-04 17:05:02.081924;1
2020-02-05 15:01:51.181302;1
2020-02-05 16:35:42.537471;1
2020-02-05 16:38:19.580613;1
2020-02-06 10:34:35.257057;1
2020-02-06 10:35:39.959335;1
2020-02-06 13:54:16.03777;1
2020-02-06 13:57:33.750702;1
2020-02-06 13:59:52.246637;1
2020-02-06 14:01:34.55424;1
2020-02-07 10:15:52.694205;1
2020-02-10 08:07:04.013281;1
2020-02-10 08:07:46.329427;1
2020-02-10 08:09:35.811997;1
2020-02-10 15:32:12.934572;1
2020-02-10 15:32:45.919582;1
2020-02-10 15:37:11.81701;1
2020-02-10 15:37:24.967925;1
2020-02-10 15:37:40.765246;1
2020-02-10 15:37:56.305345;1
2020-02-10 15:38:38.578651;1
2020-02-10 15:38:48.041416;1
2020-02-10 15:39:00.358336;1
2020-02-10 15:39:19.60619;1
2020-02-10 15:39:30.642125;1
2020-02-10 15:39:40.611237;1
2020-02-10 15:39:50.643353;1
2020-02-10 15:40:01.709805;1
2020-02-10 15:40:12.293417;1
2020-02-10 15:40:30.169067;1
2020-02-10 15:43:10.54169;1
2020-02-10 15:46:22.336761;1
2020-02-10 15:50:01.678083;1
2020-02-10 15:50:20.855156;1
2020-02-10 15:50:29.167194;1
2020-02-10 15:50:39.170106;1
2020-02-10 15:52:06.71801;1
2020-02-10 15:56:48.693077;1
2020-02-10 15:56:59.551299;1
2020-02-10 15:57:08.418642;1
2020-02-10 15:57:17.203641;1
2020-02-10 15:57:25.723312;1
2020-02-10 15:57:35.601418;1
2020-02-10 15:57:44.698584;1
2020-02-10 15:57:53.743579;1
2020-02-10 15:58:03.82694;1
2020-02-10 15:58:14.444357;1
2020-02-10 15:58:47.68303;2
2020-02-10 15:58:58.763195;1
2020-02-10 15:59:15.418358;1
2020-02-10 15:59:41.389247;1
2020-02-10 15:59:50.039372;1
2020-02-10 15:59:58.430339;1
2020-02-10 16:00:16.574877;1
2020-02-10 16:00:28.148697;1
2020-02-10 16:00:40.078692;1
2020-02-10 16:00:53.206927;1
2020-02-10 16:01:08.087304;1
2020-02-10 16:01:18.287009;1
2020-02-10 16:01:28.008551;1
2020-02-10 16:01:38.617638;1
2020-02-10 16:01:55.182996;1
2020-02-10 16:02:05.718365;1
2020-02-10 16:03:05.922346;1
2020-02-10 16:03:30.53151;1
2020-02-10 16:03:41.309089;1
2020-02-10 16:03:52.083887;1
2020-02-10 16:04:07.292413;1
2020-02-10 16:05:10.707978;1
2020-02-10 16:05:24.515524;1
2020-02-10 16:06:52.180551;1
2020-02-10 16:07:22.916444;1
2020-02-10 16:17:25.096418;2
2020-02-10 16:17:35.721878;2
2020-02-10 16:17:45.589103;1
2020-02-10 16:18:05.438755;1
2020-02-10 16:18:22.819028;1
2020-02-10 16:18:34.400564;2
2020-02-10 16:21:59.047942;1
2020-02-10 16:22:09.517076;2
2020-02-10 16:22:38.094545;1
2020-02-10 16:23:22.197059;1
2020-02-10 16:23:29.431028;1
2020-02-10 16:23:50.375094;2
2020-02-10 16:24:43.068211;1
2020-02-10 16:38:13.378956;1
2020-02-10 17:10:08.377736;2
2020-02-10 17:10:46.021092;2
2020-02-10 17:11:27.878343;2
2020-02-11 14:25:39.432098;1
2020-02-11 14:26:35.465408;1
2020-02-11 14:27:21.194985;1
2020-02-11 14:28:07.071245;1
2020-02-11 14:43:34.580927;1
2020-02-11 14:43:43.36738;1
2020-02-11 14:44:07.752944;1
2020-02-11 14:46:57.33436;1
2020-02-11 14:47:33.511953;1
2020-02-11 14:47:41.948844;1
2020-02-11 14:47:52.961983;1
2020-02-11 14:48:00.943798;1
2020-02-11 14:48:09.070679;1
2020-02-11 14:48:20.414696;1
2020-02-11 14:50:45.685576;1
2020-02-11 14:52:04.052651;1
2020-02-11 14:52:25.269668;1
2020-02-11 14:52:34.894691;1
2020-02-11 14:52:43.710362;1
2020-02-11 14:52:52.03937;1
2020-02-11 14:53:28.044549;1
2020-02-11 14:58:33.723167;1
2020-02-11 14:58:42.897409;1
2020-02-11 14:58:51.12489;1
2020-02-11 14:59:03.563896;1
2020-02-11 14:59:12.574328;1
2020-02-11 14:59:24.755952;1
2020-02-11 15:03:01.605935;1
2020-02-11 15:03:14.709391;1
2020-02-11 15:03:26.637786;1
2020-02-11 15:03:35.596034;1
2020-02-11 15:03:49.529071;1
2020-02-11 15:03:59.815714;1
2020-02-11 15:04:12.883866;1
2020-02-11 15:04:21.903238;1
2020-02-11 15:04:33.610067;1
2020-02-11 15:04:48.120911;1
2020-02-11 15:10:24.629431;1
2020-02-11 15:10:30.188992;1
2020-02-11 15:10:35.478631;1
2020-02-11 15:10:51.774477;1
2020-02-11 15:10:59.144922;1
2020-02-11 15:11:04.402702;1
2020-02-11 15:11:10.984437;1
2020-02-11 15:11:22.708539;1
2020-02-11 15:19:37.990141;1
2020-02-11 15:19:43.311086;1
2020-02-11 15:19:49.048335;1
2020-02-11 15:19:55.138195;1
2020-02-11 15:23:17.416246;1
2020-02-11 15:23:41.754756;1
2020-02-11 15:25:08.216161;1
2020-02-11 15:26:15.170669;1
2020-02-11 15:26:23.500991;1
2020-02-11 15:26:31.893986;1
2020-02-11 15:26:39.526354;1
2020-02-11 15:26:47.621362;1
2020-02-11 15:26:55.516752;1
2020-02-11 15:27:11.946631;1
2020-02-11 15:27:20.350858;1
2020-02-11 15:27:29.835218;1
2020-02-11 15:27:46.068108;1
2020-02-11 15:27:53.744856;1
2020-02-11 15:28:01.191163;1
2020-02-11 15:28:09.402531;1
2020-02-11 15:28:25.307652;1
2020-02-11 15:28:33.882701;1
2020-02-11 15:28:41.649285;1
2020-02-11 15:28:50.556696;1
2020-02-11 15:29:28.414448;1
2020-02-11 15:29:40.620012;1
2020-02-11 15:33:47.618;1
2020-02-11 15:40:24.335213;1
2020-02-11 15:41:21.26602;1
2020-02-11 15:41:29.545581;1
2020-02-11 15:41:43.267105;1
2020-02-11 15:41:51.783301;1
2020-02-11 15:42:15.647787;1
2020-02-11 15:42:25.955725;1
2020-02-11 15:43:15.121298;1
2020-02-11 15:43:28.462594;1
2020-02-11 15:43:53.358303;1
2020-02-11 15:44:03.935835;1
2020-02-11 15:44:12.444688;2
2020-02-11 15:44:21.589017;2
2020-02-11 15:44:29.985822;2
2020-02-11 15:44:44.974359;1
2020-02-11 15:44:55.222457;1
2020-02-11 15:45:03.642627;1
2020-02-11 15:45:17.874654;1
2020-02-11 15:45:57.490135;1
2020-02-11 15:46:06.96868;1
2020-02-11 15:46:15.606754;1
2020-02-11 15:47:06.67521;1
2020-02-11 15:49:42.785391;1
2020-02-13 08:30:30.927153;1
2020-02-13 15:39:24.0948;1
2020-02-14 11:39:15.589291;2
2020-02-17 14:31:15.681221;1
2020-02-17 14:31:56.282138;1
2020-02-17 14:32:43.559126;1
2020-02-17 14:33:24.054295;1
2020-02-17 14:34:02.330293;2
2020-02-17 14:34:54.724893;2
2020-02-17 14:35:20.786297;1
2020-02-17 14:36:13.267719;1
2020-02-17 14:36:57.285591;1
2020-02-17 16:43:57.281068;1
2020-02-17 16:57:47.377094;1
2020-02-17 17:01:04.85614;1
2020-02-17 17:04:46.776441;1
2020-02-17 17:05:46.130095;1
2020-02-18 09:47:26.969193;1
2020-02-18 12:24:35.993933;1
2020-02-18 12:25:20.142616;1
2020-02-18 12:27:45.720999;1
2020-02-18 12:34:01.788441;1
2020-02-18 14:20:59.818897;1
2020-02-18 16:46:51.522855;1
2020-02-18 16:47:58.220163;1
2020-02-18 16:48:51.79493;1
2020-02-18 16:49:20.336433;1
2020-02-18 16:56:39.033975;1
2020-02-18 16:56:48.59822;1
2020-02-18 16:56:59.134622;1
2020-02-18 16:57:11.61506;1
2020-02-18 16:57:22.214798;1
2020-02-18 16:57:31.530777;1
2020-02-18 16:59:36.574653;1
2020-02-18 17:00:25.207956;1
2020-02-18 17:01:54.464976;1
2020-02-18 17:02:04.301978;1
2020-02-18 17:02:12.724176;2
2020-02-18 17:02:21.332145;1
2020-02-18 17:02:30.65454;1
2020-02-18 17:02:52.901287;1
2020-02-18 17:03:59.346178;1
2020-02-18 17:04:48.312822;1
2020-02-18 17:05:17.130515;2
2020-02-18 17:06:00.48363;2
2020-02-18 17:07:11.762482;1
2020-02-18 17:07:53.998657;1
2020-02-18 17:16:38.831373;1
2020-02-18 17:21:01.746255;1
2020-02-18 17:21:32.63667;1
2020-02-18 17:22:26.987404;1
2020-02-18 17:23:29.999569;1
2020-02-18 17:23:59.788292;1
2020-02-18 17:42:36.259242;1
2020-02-18 19:49:44.391272;1
2020-02-18 19:50:16.076462;1
2020-02-18 19:50:40.914773;1
2020-02-18 19:51:51.694474;1
2020-02-20 10:19:50.129205;1
2020-02-20 10:44:08.590231;2
2020-02-22 15:41:20.141724;1
2020-02-23 11:03:13.936727;1
2020-02-23 11:04:01.307929;1
2020-02-23 11:05:04.609663;1
2020-02-23 11:09:05.396613;1
2020-02-23 11:10:16.439585;1
2020-02-23 11:12:47.73045;1
2020-02-23 11:14:42.493787;1
2020-02-23 11:48:31.905127;1
2020-02-23 11:49:30.224904;1
2020-02-23 11:50:23.848985;1
2020-02-23 11:51:15.518412;1
2020-02-24 16:55:28.893533;1
2020-02-24 16:57:19.007004;1
2020-02-24 17:26:16.658941;1
2020-02-24 17:26:52.967592;2
2020-02-24 17:27:22.606596;1
2020-02-25 12:22:25.132115;1
2020-02-25 16:41:45.245035;1
2020-02-26 15:19:22.653509;1
2020-02-27 11:39:58.846488;1
2020-02-27 12:16:05.410965;1
2020-02-29 16:10:48.148313;1
2020-02-29 16:11:42.536583;1
2020-03-01 12:33:38.072142;1
2020-03-01 12:38:25.975465;1
2020-03-01 14:34:06.848004;1
2020-03-01 14:34:56.160645;1
2020-03-01 14:35:55.188187;1
2020-03-01 14:36:22.989006;1
2020-03-01 14:36:50.358263;1
2020-03-01 14:37:59.235105;1
2020-03-01 14:39:54.838786;1
2020-03-02 12:06:35.036472;1
2020-03-02 12:07:02.713652;1
2020-03-02 16:06:32.142915;1
2020-03-03 15:41:57.301311;1
2020-03-05 11:49:47.340622;1
2020-03-05 14:41:21.657421;1
2020-03-06 11:49:03.142094;1
2020-03-06 14:47:12.552256;1
2020-03-06 14:48:08.254287;1
2020-03-06 14:48:35.043546;1
2020-03-06 14:49:12.734984;1
2020-03-06 14:49:38.723175;1
2020-03-06 14:50:04.310388;1
2020-03-06 14:50:57.611694;1
2020-03-06 14:57:15.973711;1
2020-03-06 15:04:03.208994;1
2020-03-06 16:07:37.457393;1
2020-03-07 17:59:48.040569;2
2020-03-07 18:00:42.014042;1
2020-03-07 18:01:17.656285;1
2020-03-07 18:02:42.813002;1
2020-03-07 18:03:16.81215;2
2020-03-07 18:21:59.275969;1
2020-03-09 13:39:17.76862;1
2020-03-09 14:21:05.10308;1
2020-03-09 14:21:16.465087;1
2020-03-09 14:21:40.008156;1
2020-03-09 14:22:28.517143;1
2020-03-09 14:22:43.602162;1
2020-03-09 14:25:14.831515;1
2020-03-09 14:27:10.792344;1
2020-03-09 14:33:15.565664;1
2020-03-09 14:35:12.769902;1
2020-03-09 14:54:32.30475;1
2020-03-09 14:55:07.050777;1
2020-03-09 14:59:14.886737;1
2020-03-09 14:59:40.755783;1
2020-03-09 15:00:22.032703;1
2020-03-09 15:02:46.601921;3
2020-03-09 15:09:17.373402;1
2020-03-09 15:09:51.616524;1
2020-03-10 10:18:20.922879;1
2020-03-10 10:31:51.470555;1
2020-03-10 14:40:19.210192;1
2020-03-10 15:52:25.134857;1
2020-03-11 12:23:57.234362;1
2020-03-12 14:46:26.586381;1
2020-03-12 18:06:32.518146;1
2020-03-13 13:11:18.809686;1
2020-03-13 13:43:09.397553;1
2020-03-13 15:41:26.0015;1
2020-03-13 16:27:33.545095;1
2020-03-13 16:28:16.737706;1
2020-03-15 16:22:21.039732;1
2020-03-15 17:10:58.07099;1
2020-03-16 16:02:51.551543;1
2020-03-16 16:04:27.775627;1
2020-03-16 16:12:32.578089;1
2020-03-17 16:06:33.695575;2
2020-03-18 11:39:19.608379;1
2020-03-18 11:40:18.845792;1
2020-03-18 11:40:47.318014;1
2020-03-18 11:41:23.160139;1
2020-03-18 11:41:50.469942;1
2020-03-18 11:43:07.508747;1
2020-03-18 11:47:48.424303;1
2020-03-18 14:49:32.817249;1
2020-03-18 15:08:19.177067;1
2020-03-18 15:10:05.189697;1
2020-03-18 16:30:45.137539;1
2020-03-18 16:31:07.674972;1
2020-03-18 16:35:25.69813;2
2020-03-19 10:55:15.061928;1
2020-03-19 16:16:24.89913;1
2020-03-20 15:01:09.347035;1
2020-03-25 15:30:50.1596;1
2020-03-25 15:31:19.327225;1
2020-03-26 15:54:07.245786;1
2020-03-31 08:37:51.274162;1
2020-03-31 08:48:02.980977;1
2020-03-31 08:53:57.783315;1
2020-03-31 16:07:15.789815;1
2020-03-31 16:20:20.591879;1
2020-03-31 16:27:41.533525;1
2020-03-31 16:59:11.150379;1
2020-03-31 17:00:22.612343;1
2020-03-31 17:01:59.632737;1
2020-03-31 17:03:42.701755;1
2020-04-01 14:03:48.826478;1
2020-04-01 14:07:16.175799;1
2020-04-01 14:11:59.518038;1
2020-04-01 14:17:26.013287;2
2020-04-01 14:18:20.471729;1
2020-04-02 11:21:42.361628;1
2020-04-02 12:53:54.194271;1
2020-04-02 16:05:29.256398;1
2020-04-02 16:38:56.614972;1
2020-04-02 16:52:00.293656;1
2020-04-02 17:14:47.403342;1
2020-04-04 16:13:40.88617;1
2020-04-04 17:02:26.471125;1
2020-04-04 17:05:04.43986;1
2020-04-06 09:02:37.237248;1
2020-04-06 14:11:14.718617;1
2020-04-06 16:29:54.502662;1
2020-04-06 16:50:53.01717;1
2020-04-07 13:43:20.577776;2
2020-04-07 14:04:18.94032;2
2020-04-07 14:16:12.238387;3
2020-04-07 15:57:35.291193;1
2020-04-07 16:11:16.509331;2
2020-04-07 16:19:50.436847;2
2020-04-07 16:42:27.667189;1
2020-04-08 09:50:49.986573;2
2020-04-08 10:21:05.646584;1
2020-04-08 10:25:47.439694;3
2020-04-08 10:32:13.662573;2
2020-04-08 10:54:47.711732;2
2020-04-08 11:25:03.447509;2
2020-04-08 11:35:55.753228;1
2020-04-08 13:22:18.866147;1
2020-04-08 13:35:06.44441;2
2020-04-08 13:46:52.770832;2
2020-04-08 13:52:46.612914;2
2020-04-08 14:06:41.697169;2
2020-04-08 14:33:18.585679;2
2020-04-08 15:24:22.055574;2
2020-04-08 15:39:21.505241;3
2020-04-08 15:45:23.63121;2
2020-04-08 15:54:36.46279;2
2020-04-08 16:04:41.589001;2
2020-04-08 16:08:25.624816;2
2020-04-08 16:11:49.020637;2
2020-04-08 16:16:36.019098;2
2020-04-09 09:56:06.118587;1
2020-04-09 10:02:33.821084;1
2020-04-09 10:32:04.626336;1
2020-04-09 10:34:05.995177;1
2020-04-09 10:35:46.274654;1
2020-04-09 10:44:29.208025;1
2020-04-09 10:51:53.773175;2
2020-04-09 10:54:52.288269;1
2020-04-09 10:55:56.244438;1
2020-04-09 11:26:05.872143;3
2020-04-09 11:32:45.054345;3
2020-04-09 11:42:08.454579;3
2020-04-09 11:54:30.655531;3
2020-04-09 11:58:24.088798;3
2020-04-09 12:25:54.69941;1
2020-04-09 12:28:37.921501;1
2020-04-09 12:29:41.850533;1
2020-04-09 12:32:52.107637;1
2020-04-09 12:39:36.380115;2
2020-04-09 13:02:38.448643;1
2020-04-09 13:07:22.053531;1
2020-04-09 13:16:13.618746;1
2020-04-09 13:20:42.222328;1
2020-04-09 13:23:49.334399;1
2020-04-09 13:25:14.115284;1
2020-04-09 13:26:32.719771;1
2020-04-09 13:27:54.909739;1
2020-04-09 13:28:50.113675;1
2020-04-09 13:31:54.429336;1
2020-04-09 13:33:09.945684;1
2020-04-09 13:35:36.16735;1
2020-04-09 13:37:33.85317;1
2020-04-09 13:39:08.117857;1
2020-04-09 13:40:02.067627;1
2020-04-09 13:51:49.622741;2
2020-04-09 13:56:55.703188;2
2020-04-09 14:04:44.986019;1
2020-04-09 14:05:31.744093;1
2020-04-09 14:11:46.63501;2
2020-04-09 14:17:13.229538;1
2020-04-09 14:17:39.270994;1
2020-04-09 14:24:30.838851;1
2020-04-13 08:28:06.955594;1
2020-04-13 13:46:42.631313;1
2020-04-13 13:48:07.832608;1
2020-04-13 13:50:35.494039;1
2020-04-13 13:51:15.895818;1
2020-04-13 13:53:25.497163;1
2020-04-13 14:56:57.043574;1
2020-04-14 11:19:20.55812;1
2020-04-14 11:19:33.349709;1
2020-04-14 11:19:47.311505;1
2020-04-14 11:20:26.844887;1
2020-04-14 11:21:01.078325;1
2020-04-14 11:21:15.115388;1
2020-04-14 11:21:39.109941;1
2020-04-14 11:21:52.89414;1
2020-04-14 11:22:05.209294;2
2020-04-14 11:22:18.520936;1
2020-04-14 11:22:34.851533;1
2020-04-15 09:20:00.598071;1
2020-04-16 13:49:35.290425;1
2020-04-19 11:45:50.915123;1
2020-04-19 11:46:35.485702;1
2020-04-20 09:58:13.505314;1
2020-04-20 09:58:41.189808;1
2020-04-20 09:59:15.587089;1
2020-04-20 10:01:01.079683;1
2020-04-20 10:03:52.951663;1
2020-04-20 10:04:29.393526;1
2020-04-20 10:04:52.304038;1
2020-04-20 10:05:18.597504;1
2020-04-20 10:07:35.582286;1
2020-04-20 10:09:41.96046;1
2020-04-20 10:10:28.239605;1
2020-04-20 10:10:56.304339;1
2020-04-20 10:11:38.697637;1
2020-04-20 10:12:16.88987;1
2020-04-20 10:12:54.371544;1
2020-04-20 10:13:39.093698;2
2020-04-20 10:14:19.417091;2
2020-04-20 10:15:15.906811;2
2020-04-20 10:15:57.602598;1
2020-04-20 10:16:38.407173;1
2020-04-20 10:17:18.818866;1
2020-04-20 10:18:05.208192;1
2020-04-20 10:18:45.698994;1
2020-04-20 10:19:25.434788;1
2020-04-20 10:20:38.69158;1
2020-04-20 15:54:40.238263;1
2020-04-20 17:28:17.063537;1
2020-04-20 17:29:26.786172;1
2020-04-20 17:30:05.509518;1
2020-04-20 17:31:10.477813;1
2020-04-20 17:31:50.502105;1
2020-04-20 17:32:32.326759;1
2020-04-20 17:33:11.946622;1
2020-04-20 21:48:14.422315;1
2020-04-21 09:56:57.08879;1
2020-04-21 12:54:56.608749;1
2020-04-21 16:17:30.565542;1
2020-04-21 16:18:32.049373;1
2020-04-22 09:38:17.337125;1
2020-04-22 18:24:07.179543;1
2020-04-22 18:26:05.243683;1
2020-04-23 10:00:10.038075;1
2020-04-23 10:01:14.535579;1
2020-04-23 10:02:39.658515;1
2020-04-23 10:03:34.581439;1
2020-04-23 12:26:02.889235;2
2020-04-23 12:27:10.738993;1
2020-04-23 20:37:54.232712;1
2020-04-23 20:40:08.322601;1
2020-04-23 20:43:10.297296;1
2020-04-23 20:45:16.72698;1
2020-04-23 20:46:40.518685;1
2020-04-23 20:49:37.297174;1
2020-04-23 20:50:54.98618;1
2020-04-23 20:52:12.45939;1
2020-04-23 20:53:41.571016;1
2020-04-23 20:55:21.801679;1
2020-04-23 20:56:40.539858;1
2020-04-23 20:58:06.291342;1
2020-04-23 20:59:44.715948;1
2020-04-23 21:00:53.324675;1
2020-04-23 21:01:43.750391;1
2020-04-23 21:03:01.692854;1
2020-04-23 21:05:04.355729;1
2020-04-23 21:06:59.65966;1
2020-04-23 21:08:32.128993;1
2020-04-23 21:09:44.420395;1
2020-04-23 21:10:51.380012;1
2020-04-23 21:12:08.539573;1
2020-04-23 21:13:25.655642;1
2020-04-23 21:14:30.229771;1
2020-04-23 21:15:31.978177;1
2020-04-23 21:17:57.792413;1
2020-04-23 21:19:47.1217;1
2020-04-23 21:21:36.036902;1
2020-04-23 21:23:32.724054;1
2020-04-23 21:24:57.382903;1
2020-04-23 21:26:45.522726;1
2020-04-23 21:28:06.110738;1
2020-04-23 21:29:25.182929;1
2020-04-23 21:30:38.945698;1
2020-04-23 21:32:00.51877;1
2020-04-23 21:33:54.772008;1
2020-04-23 21:35:16.737395;1
2020-04-23 21:36:51.654995;1
2020-04-23 21:39:50.019948;1
2020-04-23 21:41:10.782757;1
2020-04-23 21:42:19.202401;1
2020-04-23 21:44:22.627793;1
2020-04-23 21:45:27.954939;1
2020-04-23 22:00:22.570609;1
2020-04-23 22:01:37.779971;1
2020-04-23 22:02:44.279369;1
2020-04-23 22:06:56.718858;1
2020-04-23 22:07:59.826087;1
2020-04-23 22:09:07.631745;1
2020-04-23 22:10:29.738381;1
2020-04-23 22:13:02.947074;1
2020-04-23 22:14:26.264156;1
2020-04-23 22:15:42.762169;1
2020-04-23 22:16:47.75494;1
2020-04-23 22:17:59.834421;1
2020-04-23 22:19:02.688312;1
2020-04-23 22:20:01.570155;1
2020-04-23 22:21:03.046649;1
2020-04-23 22:22:02.098873;1
2020-04-23 22:24:16.528212;1
2020-04-23 22:25:42.035809;1
2020-04-23 22:27:25.352628;1
2020-04-23 22:28:25.13023;1
2020-04-23 22:30:47.959136;1
2020-04-23 22:32:28.459482;1
2020-04-23 22:34:38.143187;1
2020-04-23 22:35:41.944938;1
2020-04-23 22:36:55.868499;1
2020-04-23 22:40:05.196633;1
2020-04-23 22:41:25.543523;1
2020-04-23 22:42:28.396938;1
2020-04-23 22:43:45.040944;1
2020-04-23 22:46:10.330614;1
2020-04-23 22:47:37.06633;1
2020-04-23 22:48:49.599347;1
2020-04-23 22:50:03.074906;1
2020-04-23 22:51:34.71027;1
2020-04-23 22:54:49.544018;1
2020-04-24 18:16:59.083999;1
2020-04-24 18:18:32.721984;1
2020-04-25 13:48:28.129524;1
2020-04-25 14:37:28.897295;1
2020-04-26 10:27:17.715781;1
2020-04-26 10:28:13.894487;2
2020-04-26 10:29:35.585678;1
2020-04-26 19:44:16.910471;1
2020-04-27 09:56:40.40827;1
2020-04-27 09:57:15.80577;1
2020-04-27 10:02:20.992944;1
2020-04-27 10:04:56.957335;1
2020-04-27 10:07:47.316029;2
2020-04-27 10:08:42.40281;1
2020-04-27 12:22:08.974212;1
2020-04-27 12:23:14.820765;1
2020-04-27 12:23:27.652646;1
2020-04-27 12:23:39.330477;1
2020-04-28 15:29:40.635499;1
2020-04-28 15:31:04.714345;1
2020-04-29 12:22:05.984632;1
2020-04-29 15:33:57.391526;1
2020-04-29 15:44:29.447596;1
2020-04-29 15:48:32.290703;2
2020-04-29 15:55:49.809902;1
2020-04-29 15:56:52.332153;1
2020-04-29 16:00:05.787054;1
2020-04-29 16:02:07.32727;1
2020-04-29 16:25:46.23602;1
2020-05-01 16:30:24.692419;1
2020-05-02 15:32:14.734611;1
2020-05-02 15:35:47.845523;1
2020-05-02 15:36:12.177228;1
2020-05-04 14:19:38.612882;1
2020-05-04 14:20:18.144411;1
2020-05-04 14:21:51.646376;1
2020-05-05 15:31:34.758769;1
2020-05-06 15:38:37.644327;1
2020-05-06 15:38:46.89273;2
2020-05-06 15:38:58.069303;3
2020-05-06 15:39:20.250648;1
2020-05-06 15:39:52.420887;1
2020-05-06 15:40:22.207334;1
2020-05-06 15:40:38.250649;1
2020-05-06 15:40:56.527115;1
2020-05-06 15:41:12.852373;1
2020-05-06 15:41:32.215891;3
2020-05-06 15:41:43.594438;1
2020-05-06 15:41:54.037314;1
2020-05-06 15:42:36.156215;2
2020-05-06 15:43:27.620278;1
2020-05-06 15:44:52.587917;1
2020-05-06 15:46:55.978963;2
2020-05-06 15:47:45.699713;1
2020-05-06 15:48:26.346046;1
2020-05-06 15:51:50.30915;1
2020-05-06 15:52:02.762168;1
2020-05-06 15:52:20.588602;1
2020-05-06 15:52:35.556168;1
2020-05-06 15:53:33.847978;1
2020-05-06 15:53:51.251159;1
2020-05-06 15:54:10.218961;1
2020-05-06 15:54:33.047143;1
2020-05-06 16:32:43.867472;1
2020-05-07 07:31:32.487129;1
2020-05-07 07:33:22.043565;1
2020-05-07 07:36:42.085232;1
2020-05-07 11:43:48.162222;1
2020-05-07 11:46:10.757198;1
2020-05-07 14:44:13.857245;1
2020-05-07 14:44:56.209429;1
2020-05-07 14:47:01.867635;1
2020-05-07 17:04:13.151889;1
2020-05-07 17:23:08.509282;1
2020-05-08 14:36:42.916382;1
2020-05-08 14:37:25.839117;1
2020-05-08 14:38:05.704176;1
2020-05-08 14:41:47.860194;1
2020-05-09 07:55:54.131859;1
2020-05-09 07:56:36.860025;1
2020-05-10 12:27:54.672575;1
2020-05-10 12:29:36.515097;1
2020-05-10 14:21:05.806835;1
2020-05-10 14:22:18.677207;1
2020-05-10 14:23:02.206995;1
2020-05-10 14:27:15.063612;1
2020-05-10 14:57:08.023622;1
2020-05-10 14:58:26.31984;1
2020-05-10 14:59:03.001791;1
2020-05-10 14:59:49.525415;1
2020-05-10 15:03:13.501372;1
2020-05-12 11:28:35.711906;1
2020-05-12 11:29:10.776725;2
2020-05-12 11:29:56.963149;1
2020-05-12 11:30:38.288695;1
2020-05-12 11:31:19.8777;1
2020-05-12 11:31:58.260139;1
2020-05-12 11:32:43.97199;1
2020-05-12 11:33:25.766795;1
2020-05-12 11:34:27.666145;1
2020-05-12 11:35:26.093414;1
2020-05-12 11:36:11.781122;1
2020-05-12 11:42:44.799337;1
2020-05-12 11:43:18.288253;1
2020-05-12 11:44:10.905377;1
2020-05-12 11:44:58.008262;1
2020-05-12 11:45:38.430072;1
2020-05-12 11:46:19.028663;1
2020-05-12 11:47:14.462809;1
2020-05-12 11:48:10.988138;1
2020-05-12 11:48:56.184309;1
2020-05-12 11:50:21.958437;1
2020-05-12 11:50:40.214339;1
2020-05-12 11:51:31.977994;1
2020-05-12 11:52:21.692616;1
2020-05-12 12:38:44.210533;1
2020-05-12 14:55:41.433884;1
2020-05-12 15:19:21.535587;1
2020-05-12 16:04:29.730891;1
2020-05-12 16:14:30.82488;1
2020-05-12 16:15:05.858195;1
2020-05-12 16:15:38.494317;1
2020-05-13 16:39:12.581796;1
2020-05-13 16:40:24.894656;1
2020-05-13 16:41:07.291978;1
2020-05-13 16:41:45.69327;1
2020-05-13 16:49:43.362767;1
2020-05-13 16:53:23.343061;1
2020-05-13 16:54:01.324248;1
2020-05-13 16:54:45.224204;1
2020-05-14 12:37:45.318145;1
2020-05-14 13:56:41.737209;1
2020-05-14 13:57:24.30756;2
2020-05-14 15:08:17.358355;1
2020-05-14 15:09:25.864644;1
2020-05-14 15:11:53.792914;1
2020-05-14 16:48:38.344592;2
2020-05-14 17:49:32.367961;1
2020-05-14 17:58:29.513507;1
2020-05-15 09:24:41.972275;1
2020-05-15 15:13:09.94644;1
2020-05-15 17:39:30.747499;1
2020-05-17 11:46:52.238664;2
2020-05-17 11:47:34.957883;2
2020-05-17 11:50:59.632365;2
2020-05-17 11:57:29.335025;1
2020-05-17 12:10:17.93811;1
2020-05-17 12:32:10.282263;1
2020-05-17 12:34:45.248428;1
2020-05-18 14:03:30.839614;1
2020-05-18 14:37:25.198823;1
2020-05-18 15:04:31.844921;1
2020-05-19 13:33:27.94308;1
2020-05-19 13:57:51.951004;1
2020-05-19 14:23:47.0966;1
2020-05-20 13:19:22.725149;1
2020-05-20 13:42:08.865988;1
2020-05-20 14:10:26.03729;1
2020-05-21 12:49:53.308283;1
2020-05-21 12:52:08.682054;2
2020-05-21 12:54:19.071468;2
2020-05-21 12:55:26.205279;1
2020-05-24 19:30:35.766204;1
2020-05-24 19:31:15.610336;1
2020-05-25 16:17:55.400311;1
2020-05-25 16:38:53.976694;1
2020-05-25 16:54:05.413864;1
2020-05-25 16:58:19.587568;1
2020-05-26 08:21:59.837185;1
2020-05-26 09:26:56.717201;1
2020-05-26 09:47:32.801875;1
2020-05-26 10:54:47.5422;1
2020-05-26 10:55:16.308249;1
2020-05-26 10:55:43.512996;1
2020-05-26 11:33:59.237419;1
2020-05-26 11:36:18.675717;1
2020-05-26 13:43:58.483213;1
2020-05-26 13:57:20.213083;1
2020-05-26 14:01:31.155339;1
2020-05-26 14:09:42.282217;1
2020-05-28 09:23:31.410522;1
2020-05-28 12:01:48.88001;1
2020-05-28 14:44:20.146708;1
2020-05-28 15:51:12.092992;1
2020-05-29 07:55:27.501997;3
2020-05-29 11:27:03.396323;1
2020-05-29 11:47:06.387753;1
2020-05-29 12:32:49.088906;1
2020-05-29 12:40:14.384817;1
2020-05-29 15:06:35.877639;3
2020-05-29 15:11:28.947636;1
2020-05-29 15:15:08.346391;1
2020-05-29 15:27:23.524803;1
2020-05-29 16:11:09.768813;1
2020-05-29 16:11:41.063608;1
2020-05-29 16:17:06.64716;1
2020-05-29 16:45:27.312933;1
2020-05-29 16:56:14.13892;2
2020-05-30 15:53:25.892138;1
2020-05-30 15:54:05.929322;1
2020-06-01 11:50:03.842968;1
2020-06-01 14:29:01.271802;1
2020-06-01 14:29:38.278217;1
2020-06-01 14:30:23.519062;1
2020-06-01 14:39:30.975021;1
2020-06-01 14:40:05.035146;1
2020-06-01 14:40:52.374905;1
2020-06-01 14:43:28.655724;1
2020-06-03 11:24:11.497557;1
2020-06-03 11:25:42.411918;1
2020-06-03 11:26:10.467876;1
2020-06-03 11:26:45.188558;1
2020-06-03 14:38:10.971563;1
2020-06-03 14:38:47.10001;1
2020-06-03 14:40:48.895683;1
2020-06-03 14:41:48.86494;1
2020-06-03 14:42:14.247313;1
2020-06-03 14:42:45.694205;1
2020-06-03 14:43:21.887215;1
2020-06-03 14:46:25.812731;1
2020-06-03 14:47:08.583245;1
2020-06-04 12:57:38.604693;2
2020-06-04 12:58:20.477582;1
2020-06-04 16:53:07.486399;1
2020-06-04 16:55:19.476358;1
2020-06-04 16:56:19.092355;1
2020-06-04 16:58:22.233116;1
2020-06-04 16:58:29.974368;1
2020-06-04 16:58:38.881115;1
2020-06-04 16:58:54.057751;1
2020-06-04 16:59:02.497161;1
2020-06-04 16:59:13.616774;1
2020-06-04 17:03:59.611879;2
2020-06-04 17:04:36.149084;1
2020-06-04 17:05:17.27848;2
2020-06-04 17:06:03.607224;1
2020-06-04 17:07:13.261698;1
2020-06-06 16:15:32.345733;1
2020-06-06 16:17:29.727237;1
2020-06-06 16:19:02.861681;1
2020-06-06 16:19:51.640805;1
2020-06-07 17:51:06.113151;1
2020-06-07 17:51:43.792089;1
2020-06-07 17:52:18.9951;2
2020-06-07 17:53:42.102741;1
2020-06-07 17:54:32.1098;1
2020-06-07 17:55:04.802936;1
2020-06-07 17:55:35.735867;1
2020-06-07 17:56:45.103509;1
2020-06-07 17:57:17.181509;1
2020-06-08 12:26:43.312752;1
2020-06-08 12:42:46.052399;1
2020-06-08 15:14:15.019157;2
2020-06-09 09:42:10.524557;1
2020-06-09 09:50:45.822313;1
2020-06-09 10:06:06.470816;1
2020-06-09 10:12:04.938194;1
2020-06-09 10:29:48.693022;1
2020-06-09 16:02:32.709793;1
2020-06-09 16:41:42.055705;1
2020-06-09 16:48:42.93972;1
2020-06-09 16:49:19.800409;1
2020-06-09 16:50:14.474341;1
2020-06-09 17:09:04.164846;1
2020-06-11 11:05:30.016554;1
2020-06-11 11:10:54.320703;1
2020-06-11 11:11:25.882858;2
2020-06-11 11:12:10.280434;1
2020-06-11 13:09:10.195837;1
2020-06-11 13:10:56.695175;1
2020-06-11 13:55:04.325212;1
2020-06-11 14:02:12.431677;2
2020-06-11 14:03:07.27708;1
2020-06-11 14:35:22.894614;1
2020-06-11 18:12:42.539286;1
2020-06-11 18:13:15.883449;2
2020-06-11 18:13:45.925091;1
2020-06-11 18:14:15.731254;2
2020-06-11 18:14:43.838234;1
2020-06-11 18:15:16.965629;1
2020-06-11 18:15:48.366623;1
2020-06-11 18:16:19.113487;1
2020-06-11 18:16:42.426728;2
2020-06-11 18:25:12.878103;1
2020-06-11 18:26:41.830428;2
2020-06-11 18:27:29.272108;1
2020-06-11 18:28:45.087084;1
2020-06-12 09:45:47.141476;1
2020-06-12 16:37:58.122247;1
2020-06-12 16:38:25.119313;1
2020-06-14 13:02:18.271897;1
2020-06-14 13:02:59.941831;2
2020-06-14 13:03:41.383277;1
2020-06-14 13:04:19.228525;1
2020-06-14 15:46:55.304701;1
2020-06-14 15:47:31.465224;1
2020-06-14 15:48:04.659995;2
2020-06-14 15:48:45.434296;1
2020-06-14 15:49:36.423185;1
2020-06-14 15:50:13.877919;1
2020-06-15 12:25:00.095469;1
2020-06-15 12:57:38.518999;1
2020-06-16 16:09:19.287088;1
2020-06-17 15:41:49.865057;1
2020-06-17 15:43:04.501765;1
2020-06-19 12:47:06.88451;3
2020-06-19 13:51:43.444942;1
2020-06-21 14:30:28.106437;1
2020-06-21 14:30:59.511174;1
2020-06-21 14:31:07.944147;1
2020-06-21 14:31:16.425352;1
2020-06-21 14:31:28.571345;1
2020-06-22 14:36:17.91831;1
2020-06-22 14:58:21.299963;1
2020-06-23 15:09:21.117109;1
2020-06-30 19:15:11.484756;1
2020-06-30 19:16:26.20143;1
2020-06-30 19:17:03.135466;1
2020-06-30 19:19:22.499882;1
2020-06-30 19:19:59.532478;1
2020-06-30 19:21:52.020331;1
2020-06-30 19:23:00.448286;1
2020-06-30 19:23:38.367249;1
2020-06-30 19:24:16.298982;1
2020-06-30 19:24:51.783731;1
2020-06-30 19:25:28.728925;1
2020-06-30 19:26:00.206641;1
2020-06-30 19:26:41.191858;1
2020-06-30 19:27:46.366657;1
2020-06-30 19:29:26.900135;1
2020-06-30 19:29:55.570617;1
2020-06-30 19:30:30.875503;1
2020-06-30 19:31:27.01676;1
2020-06-30 19:31:48.789597;1
2020-06-30 19:32:23.303959;1
2020-06-30 19:32:42.434944;1
2020-06-30 19:33:40.863913;1
2020-06-30 19:34:39.96117;1
2020-06-30 19:35:30.644557;1
2020-06-30 19:36:13.461918;1
2020-06-30 19:37:10.79494;1
2020-06-30 19:37:41.132794;1
2020-06-30 19:38:14.706476;1
2020-06-30 19:38:43.047134;1
2020-06-30 19:39:13.009148;1
2020-06-30 19:39:44.604853;1
2020-06-30 19:40:09.960433;1
2020-06-30 19:40:29.329958;1
2020-06-30 19:41:02.709118;1
2020-06-30 19:41:39.33589;1
2020-06-30 19:42:07.215728;1
2020-06-30 19:42:36.603592;1
2020-06-30 19:43:06.438702;1
2020-06-30 19:43:40.710786;1
2020-06-30 19:44:02.212206;1
2020-07-02 16:52:13.730563;1
2020-07-03 13:40:20.236373;1
2020-07-03 13:50:47.130316;1
2020-07-03 15:47:02.762474;1
2020-07-05 18:33:30.745144;1
2020-07-06 09:12:26.008079;1
2020-07-06 11:18:46.534142;1
2020-07-06 11:22:51.256974;1
2020-07-06 14:44:38.692527;1
2020-07-06 15:20:38.301185;1
2020-07-06 19:42:47.585534;1
2020-07-06 19:44:14.265251;1
2020-07-06 19:44:54.845175;1
2020-07-06 19:45:27.133712;1
2020-07-06 19:46:03.500547;1
2020-07-06 19:46:53.759536;1
2020-07-07 08:04:11.158676;2
2020-07-07 09:12:10.105182;2
2020-07-07 09:50:40.227847;1
2020-07-07 09:54:25.068107;1
2020-07-07 13:15:16.161464;1
2020-07-07 14:00:33.707805;1
2020-07-07 18:34:13.303961;3
2020-07-07 18:36:50.101289;1
2020-07-07 18:37:19.798926;1
2020-07-07 18:37:50.406629;1
2020-07-08 14:33:19.110353;1
2020-07-09 10:21:02.640632;1
2020-07-09 10:58:14.760201;1
2020-07-09 11:47:11.117991;1
2020-07-09 11:47:31.427497;1
2020-07-09 11:49:28.439122;1
2020-07-09 11:50:15.308087;1
2020-07-09 11:50:56.375406;1
2020-07-09 11:51:28.452898;1
2020-07-09 11:52:52.595152;1
2020-07-10 08:40:57.123676;1
2020-07-10 11:53:57.465638;1
2020-07-10 11:59:52.868858;1
2020-07-10 12:19:59.453221;1
2020-07-10 12:31:59.063327;1
2020-07-10 12:50:56.652307;1
2020-07-10 12:59:03.770945;1
2020-07-10 13:13:10.436149;1
2020-07-10 13:20:22.518066;1
2020-07-10 15:41:47.264531;1
2020-07-10 17:07:44.407925;1
2020-07-10 17:08:41.544175;1
2020-07-10 17:09:13.581389;1
2020-07-10 17:09:44.482282;1
2020-07-10 17:10:16.25876;1
2020-07-10 17:10:50.351173;1
2020-07-10 17:12:12.699501;1
2020-07-10 17:13:09.827702;1
2020-07-11 07:46:15.697814;1
2020-07-11 18:09:15.13572;1
2020-07-11 18:09:59.247389;1
2020-07-13 10:45:36.254996;1
2020-07-13 11:04:46.434697;1
2020-07-13 12:47:21.937249;1
2020-07-13 12:49:07.028792;1
2020-07-13 15:01:45.895847;5
2020-07-13 15:08:12.970804;1
2020-07-13 15:17:54.257359;1
2020-07-14 10:46:07.249324;1
2020-07-14 11:19:49.502047;2
2020-07-14 15:21:35.547206;1
2020-07-14 15:23:00.162986;1
2020-07-14 15:36:31.345566;1
2020-07-16 09:00:00.398332;2
2020-07-16 11:45:24.531264;1
2020-07-16 12:42:06.420641;1
2020-07-16 17:00:29.6799;2
2020-07-17 13:38:42.015335;1
2020-07-17 13:59:20.750451;1
2020-07-18 17:45:14.552979;1
2020-07-18 17:45:47.169108;1
2020-07-18 17:46:23.640249;1
2020-07-18 17:46:54.480878;1
2020-07-19 18:29:54.877405;1
2020-07-19 18:30:24.995586;1
2020-07-19 18:37:58.097556;1
2020-07-19 19:21:16.971464;1
2020-07-20 11:07:13.073647;1
2020-07-20 11:07:35.057399;1
2020-07-20 14:29:01.048912;1
2020-07-20 14:30:22.957534;1
2020-07-20 14:31:02.588818;1
2020-07-20 14:31:30.15624;1
2020-07-20 14:59:51.605555;1
2020-07-20 15:02:08.751119;1
2020-07-21 11:31:59.435111;1
2020-07-21 11:32:12.746992;2
2020-07-21 11:32:23.135975;1
2020-07-21 11:32:35.517127;1
2020-07-21 11:32:49.023457;1
2020-07-21 13:02:40.183794;1
2020-07-21 13:02:52.878129;1
2020-07-21 13:03:07.142028;1
2020-07-21 13:03:19.94259;1
2020-07-21 13:03:34.722499;1
2020-07-21 13:03:45.981806;1
2020-07-21 13:04:00.098321;1
2020-07-23 14:51:10.007863;1
2020-07-23 15:08:26.01717;1
2020-07-24 18:35:33.905966;2
2020-07-25 14:09:01.639333;1
2020-07-25 14:09:40.700449;1
2020-07-25 14:10:22.139324;1
2020-07-25 14:10:58.978984;1
2020-07-25 14:11:47.867082;1
2020-07-25 14:12:35.87875;1
2020-07-25 14:13:15.167499;1
2020-07-25 14:15:01.840419;1
2020-07-25 14:15:40.73797;1
2020-07-25 14:16:22.771195;1
2020-07-25 14:16:56.618831;1
2020-07-25 14:17:35.643388;1
2020-07-25 14:18:12.634839;1
2020-07-25 14:18:46.164097;1
2020-07-25 14:19:21.478774;1
2020-07-25 14:19:59.893495;1
2020-07-25 15:46:44.318621;1
2020-07-25 18:28:35.896436;1
2020-07-25 18:35:32.853459;1
2020-07-26 16:15:27.469739;1
2020-07-26 16:15:58.555381;1
2020-07-27 12:30:18.023213;1
2020-07-27 12:30:47.828739;2
2020-07-27 18:43:01.338775;1
2020-07-27 18:45:27.524428;1
2020-07-27 18:46:02.591905;1
2020-07-27 18:46:30.807698;1
2020-07-27 18:53:17.822987;1
2020-07-28 09:25:17.880215;1
2020-07-28 15:53:20.902576;1
2020-07-28 16:11:31.667341;1
2020-07-28 19:08:51.27231;1
2020-07-29 16:38:58.909963;1
2020-07-29 18:51:41.986585;1
2020-07-30 11:34:37.92601;1
2020-07-30 11:36:20.1672;1
2020-07-30 13:07:29.164684;2
2020-07-30 14:13:26.676878;1
2020-07-30 15:03:46.814077;1
2020-07-30 15:05:01.076606;1
2020-07-30 15:28:30.118035;1
2020-07-30 15:31:43.160037;1
2020-07-30 15:43:59.523983;2
2020-07-30 15:52:44.228205;1
2020-07-30 16:12:45.69202;1
2020-07-30 17:59:34.457328;1
2020-07-30 18:00:08.312519;1
2020-08-01 17:46:24.176822;1
2020-08-01 17:47:06.347978;1
2020-08-01 17:54:33.475167;2
2020-08-01 17:55:09.183871;1
2020-08-01 18:26:17.383549;1
2020-08-03 11:27:38.093086;1
2020-08-03 13:20:40.634303;2
2020-08-03 15:37:44.40111;1
2020-08-03 15:39:09.821103;1
2020-08-03 16:27:09.273252;1
2020-08-04 12:09:43.176959;2
2020-08-04 12:10:12.818508;2
2020-08-04 12:10:42.007917;2
2020-08-04 12:11:10.127978;2
2020-08-04 12:11:41.986553;2
2020-08-04 12:14:06.107385;2
2020-08-04 12:14:19.540676;2
2020-08-04 12:14:26.238804;2
2020-08-04 12:14:34.719303;2
2020-08-04 12:14:42.99876;2
2020-08-04 12:14:50.35842;2
2020-08-04 12:15:22.600754;2
2020-08-04 12:15:29.831894;2
2020-08-04 12:15:44.461669;2
2020-08-04 12:15:51.796471;2
2020-08-04 12:15:59.1075;2
2020-08-04 12:16:06.6542;2
2020-08-04 12:16:23.684417;2
2020-08-04 12:16:33.88893;2
2020-08-04 12:16:41.516558;2
2020-08-04 12:16:55.513014;2
2020-08-04 12:17:04.664337;2
2020-08-04 12:17:19.085392;2
2020-08-04 12:19:06.101693;2
2020-08-04 12:20:04.127238;1
2020-08-04 12:20:10.626078;2
2020-08-04 12:20:28.43293;2
2020-08-04 12:20:48.771635;2
2020-08-04 12:22:17.508257;1
2020-08-04 12:22:23.716072;1
2020-08-04 12:22:30.89064;1
2020-08-04 12:22:41.231506;1
2020-08-04 12:22:58.327456;1
2020-08-04 12:24:06.183876;1
2020-08-04 12:24:44.729965;1
2020-08-04 12:25:05.0642;1
2020-08-04 12:25:11.786562;1
2020-08-04 12:25:19.422236;1
2020-08-04 12:25:26.038638;1
2020-08-04 12:25:40.741715;1
2020-08-04 12:25:56.939641;1
2020-08-04 12:28:11.385443;1
2020-08-05 12:34:33.03089;1
2020-08-05 12:35:03.44447;1
2020-08-05 12:35:37.362659;1
2020-08-05 12:36:16.282521;1
2020-08-05 12:36:52.21155;1
2020-08-06 13:39:47.006821;1
2020-08-06 13:41:03.106532;1
2020-08-06 13:43:26.073904;1
2020-08-06 13:45:07.58143;1
2020-08-06 13:47:49.53941;1
2020-08-06 13:48:33.989115;1
2020-08-06 13:51:52.786642;1
2020-08-06 13:53:51.640977;1
2020-08-06 13:54:35.903066;1
2020-08-06 13:57:29.221766;1
2020-08-06 13:57:54.376374;1
2020-08-09 18:58:20.819713;1
2020-08-09 18:58:59.529845;1
2020-08-11 21:24:51.626148;1
2020-08-11 21:26:37.841191;1
2020-08-11 21:27:19.260851;1
2020-08-11 21:28:20.140517;1
2020-08-11 21:29:24.171882;1
2020-08-11 21:30:27.141869;1
2020-08-11 21:31:08.906462;1
2020-08-11 21:31:41.21717;1
2020-08-11 21:32:23.894589;1
2020-08-11 21:33:02.711898;1
2020-08-11 21:33:44.067833;1
2020-08-13 10:51:42.164161;1
2020-08-15 16:51:26.209747;1
2020-08-15 16:51:59.006324;1
2020-08-15 16:52:43.509673;1
2020-08-15 16:53:05.470392;1
2020-08-15 16:54:55.370764;1
2020-08-15 16:55:31.086596;1
2020-08-15 16:56:49.197847;1
2020-08-18 13:19:48.840111;1
2020-08-18 13:47:51.17813;2
2020-08-18 16:48:30.922115;1
2020-08-18 17:11:18.007533;1
2020-08-19 14:52:29.087461;1
2020-08-19 14:54:04.906868;1
2020-08-19 14:57:12.592347;1
2020-08-19 14:57:20.256493;1
2020-08-19 14:57:27.032912;1
2020-08-19 15:00:42.406298;1
2020-08-19 15:02:19.778424;2
2020-08-19 15:02:28.8236;1
2020-08-19 15:02:34.924551;1
2020-08-19 15:02:47.665285;1
2020-08-19 15:03:05.377105;1
2020-08-19 15:03:12.312782;1
2020-08-19 15:03:24.15561;1
2020-08-19 15:03:35.01795;1
2020-08-19 15:03:40.185985;1
2020-08-19 15:03:45.151671;1
2020-08-19 15:03:50.451097;1
2020-08-19 15:04:09.800714;1
2020-08-19 15:05:31.169992;2
2020-08-19 15:05:51.041674;1
2020-08-19 15:06:05.594704;1
2020-08-19 15:06:11.168001;2
2020-08-19 15:06:29.526486;1
2020-08-19 15:06:46.573555;1
2020-08-19 15:06:57.72415;2
2020-08-19 15:08:46.179927;3
2020-08-19 15:09:03.949019;1
2020-08-19 15:09:15.955366;3
2020-08-19 15:09:30.74002;3
2020-08-19 15:09:36.267618;3
2020-08-19 15:09:47.10586;1
2020-08-19 15:10:17.208162;3
2020-08-19 15:10:27.680644;1
2020-08-19 15:10:35.736248;1
2020-08-19 15:10:40.76419;1
2020-08-19 15:10:45.63257;1
2020-08-19 15:10:50.652515;1
2020-08-19 15:11:03.491134;3
2020-08-19 15:11:08.512465;1
2020-08-19 15:15:40.655888;3
2020-08-19 15:15:46.072527;3
2020-08-19 15:15:51.132483;3
2020-08-19 15:15:56.265349;3
2020-08-19 15:16:01.395697;3
2020-08-19 15:16:46.481;2
2020-08-19 15:16:51.588103;3
2020-08-19 15:17:43.668325;1
2020-08-19 15:17:49.29775;3
2020-08-19 15:18:00.491198;3
2020-08-19 15:18:13.288747;2
2020-08-19 15:18:18.399099;1
2020-08-19 15:18:23.971842;2
2020-08-19 15:18:34.654791;1
2020-08-19 15:18:49.60815;1
2020-08-19 15:19:36.245335;3
2020-08-19 15:21:28.911021;1
2020-08-19 15:23:10.539581;1
2020-08-19 15:23:42.953551;1
2020-08-19 15:25:18.375982;1
2020-08-19 15:27:36.791097;2
2020-08-19 15:27:50.662518;1
2020-08-19 15:28:06.517421;1
2020-08-19 15:29:17.775581;1
2020-08-19 15:30:54.727643;2
2020-08-19 15:31:45.785965;1
2020-08-19 15:32:25.232593;1
2020-08-20 09:59:09.112443;1
2020-08-20 10:22:05.740841;1
2020-08-20 10:29:05.917584;1
2020-08-20 10:52:49.080421;1
2020-08-20 11:10:28.804558;1
2020-08-20 11:51:43.912301;1
2020-08-20 11:51:51.439664;1
2020-08-20 11:51:59.243957;1
2020-08-20 11:52:21.713943;1
2020-08-20 11:53:28.510126;1
2020-08-20 11:53:43.862734;1
2020-08-20 11:54:05.387985;1
2020-08-20 12:00:26.561096;1
2020-08-20 12:00:47.775571;1
2020-08-20 12:01:37.702954;1
2020-08-20 12:06:35.11669;1
2020-08-21 11:50:21.132053;1
2020-08-21 12:42:25.237393;1
2020-08-21 12:56:59.135314;1
2020-08-23 18:04:14.488276;1
2020-08-23 18:04:43.147433;1
2020-08-23 18:29:42.162854;1
2020-08-24 16:46:25.532373;1
2020-08-24 16:46:32.516105;1
2020-08-24 16:46:41.983977;1
2020-08-24 17:14:26.837694;1
2020-08-25 15:46:40.706648;1
2020-08-25 15:46:48.222729;1
2020-08-25 15:46:55.955724;1
2020-08-25 15:47:05.167698;1
2020-08-25 15:47:15.975593;1
2020-08-25 15:48:36.645594;1
2020-08-26 17:04:58.528829;1
2020-08-27 09:30:21.542074;1
2020-08-27 12:31:08.97716;1
2020-08-27 13:02:31.730029;1
2020-08-27 15:17:02.182304;2
2020-08-27 15:17:25.54987;2
2020-08-27 15:33:33.276149;1
2020-08-27 15:34:16.156413;1
2020-08-27 15:36:00.976342;1
2020-08-27 15:36:23.026869;1
2020-08-28 13:30:37.423702;1
2020-08-28 16:30:33.711907;1
2020-08-28 16:31:21.619124;1
2020-08-28 16:31:32.568466;1
2020-08-28 16:32:55.671662;1
2020-08-28 16:33:25.505422;1
2020-08-28 16:34:14.684387;1
2020-08-28 16:36:41.506285;1
2020-08-28 16:37:53.628114;1
2020-08-28 16:38:15.53754;1
2020-08-28 16:38:38.391117;1
2020-08-28 16:41:19.247884;1
2020-08-28 16:41:56.129976;1
2020-08-30 09:45:53.392953;1
2020-08-30 09:51:11.712518;1
2020-08-30 09:53:27.21908;1
2020-08-30 09:53:53.781305;1
2020-08-30 09:54:34.208533;1
2020-08-30 09:55:42.394009;1
2020-08-30 09:56:18.106529;1
2020-08-30 09:56:46.382851;1
2020-08-30 18:12:32.052198;1
2020-08-30 18:13:18.708608;2
2020-08-30 18:13:49.496514;1
2020-08-30 18:14:32.849485;1
2020-08-30 18:15:16.885932;1
2020-08-30 18:15:52.592663;1
2020-08-30 18:16:31.336709;1
2020-08-30 18:16:51.036109;1
2020-08-31 13:03:15.030688;1
2020-08-31 13:03:51.154027;1
2020-08-31 13:05:26.45546;1
2020-08-31 17:00:10.933715;1
2020-08-31 17:00:17.303031;1
2020-08-31 17:00:30.424408;1
2020-08-31 17:01:45.063117;1
2020-08-31 17:02:15.492541;1
2020-08-31 17:02:23.7893;1
2020-08-31 17:02:48.24269;1
2020-08-31 17:02:56.408675;1
2020-08-31 17:03:04.419532;1
2020-08-31 17:03:20.61549;1
2020-08-31 17:20:55.59875;1
2020-08-31 17:21:28.355204;1
2020-08-31 17:24:58.129935;1
2020-08-31 17:25:35.344728;1
2020-09-01 12:03:58.834095;1
2020-09-01 12:54:13.00424;1
2020-09-02 12:07:13.741169;1
2020-09-02 12:18:15.015618;2
2020-09-02 16:17:27.191634;1
2020-09-02 16:19:16.232942;1
2020-09-02 16:19:53.459934;1
2020-09-03 09:49:30.50933;1
2020-09-03 09:51:36.667071;1
2020-09-03 09:52:51.489552;1
2020-09-03 09:55:22.199225;1
2020-09-03 09:56:24.368023;1
2020-09-03 09:57:38.08653;1
2020-09-03 10:42:04.077607;1
2020-09-03 10:42:57.821953;1
2020-09-03 10:43:25.522368;1
2020-09-03 16:38:35.517664;1
2020-09-03 16:39:06.130425;1
2020-09-03 16:40:39.503612;1
2020-09-03 16:41:19.232507;1
2020-09-03 16:42:08.989098;1
2020-09-03 16:42:50.641105;2
2020-09-03 16:43:42.126684;1
2020-09-03 16:44:25.053661;1
2020-09-03 16:58:43.495573;1
2020-09-03 16:59:32.792059;1
2020-09-03 16:59:56.447113;1
2020-09-03 17:05:29.723462;1
2020-09-03 17:06:05.136919;1
2020-09-03 17:07:19.80836;1
2020-09-03 17:08:02.240061;1
2020-09-03 17:08:24.689764;1
2020-09-04 12:37:04.576957;2
2020-09-04 12:56:23.823308;2
2020-09-04 12:56:49.112647;1
2020-09-04 18:05:32.842165;1
2020-09-04 19:34:08.733401;1
2020-09-04 19:34:43.286014;1
2020-09-04 19:35:38.921707;1
2020-09-04 19:36:15.218153;1
2020-09-04 19:37:05.027191;1
2020-09-04 19:37:42.329056;1
2020-09-05 17:26:31.503152;1
2020-09-05 17:27:09.831547;1
2020-09-05 17:27:40.850246;1
2020-09-05 17:28:20.110523;1
2020-09-05 17:28:52.8775;2
2020-09-05 17:29:24.604986;1
2020-09-05 17:56:53.048596;1
2020-09-05 17:57:46.746773;1
2020-09-05 17:58:25.73944;1
2020-09-05 17:59:19.653671;1
2020-09-05 17:59:58.224631;1
2020-09-05 18:00:20.808469;1
2020-09-07 17:21:45.139741;1
2020-09-07 18:31:29.629268;1
2020-09-07 18:32:06.482914;1
2020-09-07 19:02:28.436925;1
2020-09-10 17:54:54.855472;1
2020-09-10 18:09:16.390862;1
2020-09-11 15:57:48.222016;1
2020-09-14 15:00:50.088535;1
2020-09-14 15:34:58.020932;1
2020-09-14 15:35:56.644502;1
2020-09-14 15:37:08.979698;1
2020-09-14 18:34:47.500574;1
2020-09-21 12:20:30.947988;1
2020-09-21 12:22:31.549842;1
2020-09-21 12:25:47.044679;1
2020-09-21 12:30:47.709469;1
2020-09-21 12:36:44.008543;1
2020-09-21 12:38:00.036917;1
2020-09-21 12:39:16.169221;1
2020-09-23 12:21:47.861849;1
2020-09-23 12:23:12.006577;1
2020-09-23 12:25:05.754178;1
2020-09-24 13:44:22.370214;1
2020-09-24 13:44:37.528766;2
2020-09-24 13:45:05.259063;1
2020-09-24 13:57:22.552797;1
2020-09-24 14:05:43.514078;1
2020-09-25 10:06:22.451609;2
2020-09-25 11:08:51.654214;2
2020-09-25 14:52:47.606129;1
2020-09-25 14:53:33.188874;1
2020-09-25 14:53:54.325503;1
2020-09-25 14:54:13.245825;1
2020-09-25 14:54:51.493678;1
2020-09-25 14:55:28.112847;1
2020-09-25 14:55:57.608373;1
2020-09-25 14:56:16.538173;1
2020-09-26 13:57:03.127764;1
2020-09-26 13:57:20.776964;1
2020-09-26 13:57:31.527512;1
2020-09-26 13:58:09.481061;1
2020-09-26 13:58:42.148696;1
2020-09-26 13:59:11.027972;1
2020-09-26 13:59:57.375233;1
2020-09-26 14:01:21.850112;1
2020-09-26 14:02:10.134196;1
2020-09-26 14:03:08.690321;1
2020-09-26 14:03:50.115827;1
2020-09-26 14:05:03.181193;1
2020-09-26 14:05:51.669206;1
2020-09-26 14:06:22.070855;1
2020-09-28 09:17:59.599073;1
2020-09-28 09:27:45.254124;1
2020-09-28 09:45:41.933266;1
2020-09-28 09:45:54.039661;1
2020-09-28 09:46:05.281206;1
2020-09-28 09:46:13.075525;1
2020-09-28 09:46:25.772341;1
2020-09-28 09:47:00.674175;1
2020-09-28 09:47:18.095766;1
2020-09-28 09:47:26.21362;1
2020-09-28 09:47:42.66113;1
2020-09-28 09:48:26.547237;1
2020-09-28 09:49:31.330835;2
2020-09-28 09:49:55.012829;1
2020-09-28 10:23:52.355911;1
2020-09-28 10:24:27.569776;1
2020-09-28 10:25:20.426253;2
2020-09-28 10:26:09.331817;2
2020-09-28 10:28:45.626875;1
2020-09-28 10:29:37.082905;1
2020-09-28 10:29:57.226558;1
2020-09-28 10:30:10.250112;1
2020-09-28 10:30:42.451952;1
2020-09-28 10:31:02.179809;1
2020-09-28 10:31:56.48906;1
2020-09-28 10:32:40.558197;1
2020-09-28 16:44:12.499029;1
2020-09-28 17:10:06.527856;1
2020-09-28 17:18:33.710681;1
2020-09-28 17:25:24.071725;1
2020-09-29 10:28:14.046253;1
2020-09-29 12:59:24.065203;1
2020-09-29 13:10:38.356163;1
2020-09-29 14:02:21.703672;1
2020-09-29 14:16:39.376604;1
2020-09-29 16:42:30.029314;2
2020-09-30 16:20:59.302665;1
2020-09-30 16:21:27.097888;1
2020-09-30 16:22:03.560853;1
2020-09-30 16:22:52.280532;1
2020-09-30 16:23:01.263756;1
2020-09-30 16:23:11.708111;1
2020-09-30 16:53:06.916379;1
2020-09-30 16:53:13.806521;1
2020-09-30 16:53:33.814986;1
2020-09-30 16:53:40.656811;1
2020-09-30 16:53:47.706718;1
2020-09-30 16:53:55.617547;1
2020-09-30 16:54:03.149551;1
2020-09-30 16:54:15.256103;1
2020-09-30 16:54:24.959258;1
2020-09-30 16:54:32.976521;1
2020-09-30 16:54:40.928587;1
2020-09-30 16:54:48.005379;1
2020-09-30 16:54:54.922342;1
2020-09-30 16:55:02.133093;1
2020-09-30 16:55:08.740004;1
2020-09-30 16:55:19.185701;1
2020-09-30 16:56:30.895227;1
2020-09-30 16:56:50.649873;1
2020-09-30 17:28:20.700884;1
2020-09-30 18:12:44.655417;1
2020-09-30 18:16:59.536752;1
2020-09-30 18:18:53.839634;1
2020-09-30 18:19:41.352128;1
2020-09-30 18:19:54.127385;1
2020-09-30 18:20:09.675452;1
2020-09-30 18:20:40.133152;2
2020-09-30 18:21:08.552655;1
2020-10-01 11:40:10.137167;1
2020-10-01 11:42:10.016806;1
2020-10-01 11:42:48.466177;1
2020-10-01 11:42:58.611126;1
2020-10-01 11:43:07.593676;1
2020-10-01 11:43:48.667305;1
2020-10-01 11:44:02.679203;1
2020-10-01 11:45:07.922154;1
2020-10-01 11:45:52.942221;1
2020-10-01 11:47:43.001698;1
2020-10-01 11:49:56.990733;1
2020-10-01 11:51:56.111636;2
2020-10-01 11:53:10.270286;1
2020-10-01 11:53:54.339896;1
2020-10-01 11:54:28.1254;1
2020-10-01 14:31:15.092352;1
2020-10-01 15:23:16.229159;1
2020-10-01 15:25:18.918727;1
2020-10-01 15:25:57.033528;1
2020-10-01 15:26:28.758665;1
2020-10-01 15:27:41.075445;1
2020-10-01 15:28:26.370211;1
2020-10-01 15:28:50.578521;1
2020-10-02 09:20:38.698476;1
2020-10-02 09:24:46.459882;1
2020-10-02 09:25:00.881267;1
2020-10-02 09:25:10.291644;1
2020-10-02 09:25:28.763371;1
2020-10-02 09:25:44.13957;1
2020-10-02 09:25:57.348693;1
2020-10-02 09:26:17.535573;1
2020-10-02 09:28:01.522958;1
2020-10-02 09:29:18.11304;1
2020-10-02 09:29:51.21376;1
2020-10-02 09:32:23.210739;1
2020-10-02 09:32:30.944549;1
2020-10-02 09:32:38.000775;1
2020-10-02 09:32:48.972239;1
2020-10-02 09:34:31.133826;1
2020-10-02 11:09:21.675489;1
2020-10-02 11:09:40.679101;1
2020-10-02 11:10:00.724706;1
2020-10-02 11:10:16.264579;1
2020-10-02 11:10:27.550894;1
2020-10-02 11:10:36.478783;1
2020-10-02 11:10:46.149206;1
2020-10-02 11:11:21.532793;1
2020-10-02 11:11:50.198937;1
2020-10-02 12:41:31.41331;1
2020-10-02 15:55:21.622949;1
2020-10-03 15:18:58.521748;1
2020-10-03 15:20:56.306659;1
2020-10-04 11:36:18.984367;1
2020-10-04 12:10:31.670241;1
2020-10-04 12:10:55.886083;1
2020-10-04 15:15:47.606627;1
2020-10-04 15:17:22.090554;1
2020-10-04 15:17:29.964791;1
2020-10-04 15:17:36.869414;1
2020-10-04 15:17:48.443237;1
2020-10-04 15:21:11.891067;1
2020-10-04 15:21:27.282348;1
2020-10-04 15:21:35.15509;1
2020-10-04 15:22:05.29172;1
2020-10-04 15:22:13.203576;1
2020-10-04 15:22:20.526609;1
2020-10-04 15:22:58.964912;1
2020-10-04 15:23:23.11129;1
2020-10-04 15:23:37.143002;1
2020-10-04 15:24:03.14423;1
2020-10-04 15:24:29.030794;1
2020-10-04 15:25:47.928591;1
2020-10-04 15:26:17.500972;1
2020-10-05 16:29:14.33319;1
2020-10-05 16:39:18.948199;1
2020-10-05 16:41:46.396934;1
2020-10-06 09:02:51.744779;1
2020-10-06 09:03:29.170951;1
2020-10-06 12:45:45.919696;1
2020-10-06 14:56:02.654218;1
2020-10-06 14:57:28.548248;1
2020-10-06 14:59:48.50521;1
2020-10-06 15:00:03.515306;1
2020-10-06 15:01:16.735047;1
2020-10-06 15:01:31.579185;1
2020-10-06 15:03:25.304807;1
2020-10-06 16:52:12.353181;1
2020-10-06 16:53:46.420977;2
2020-10-06 16:54:28.307916;2
2020-10-06 16:54:39.976021;2
2020-10-06 16:55:02.008131;2
2020-10-06 16:55:19.018893;2
2020-10-06 16:55:33.338529;2
2020-10-06 16:56:00.167872;2
2020-10-06 16:56:13.459572;2
2020-10-06 16:56:21.750349;2
2020-10-06 16:56:30.3477;2
2020-10-06 16:56:42.323257;2
2020-10-07 12:34:36.656539;1
2020-10-07 14:29:33.933959;3
2020-10-07 17:08:35.138779;1
2020-10-08 09:37:07.736515;1
2020-10-08 09:37:15.500325;1
2020-10-08 09:37:23.552719;1
2020-10-08 09:37:30.794797;1
2020-10-08 09:37:40.937985;1
2020-10-08 09:38:26.59191;1
2020-10-08 09:51:07.489618;1
2020-10-08 09:56:19.967289;1
2020-10-08 09:56:39.26111;1
2020-10-08 14:31:24.527557;1
2020-10-08 14:32:18.823877;2
2020-10-09 12:31:41.166883;1
2020-10-09 12:33:30.015527;1
2020-10-09 12:34:03.850598;2
2020-10-09 12:34:26.335707;1
2020-10-09 12:38:11.086759;1
2020-10-09 12:41:54.829247;1
2020-10-09 12:42:16.068486;1
2020-10-09 14:30:46.417391;1
2020-10-09 14:30:56.966147;1
2020-10-09 14:31:43.218505;1
2020-10-09 14:33:25.108973;1
2020-10-09 14:34:17.269802;1
2020-10-09 14:34:52.942346;1
2020-10-09 14:57:39.300302;1
2020-10-09 15:14:49.323342;1
2020-10-09 16:03:35.292258;1
2020-10-09 16:03:55.196889;1
2020-10-09 16:04:08.063295;1
2020-10-09 16:04:47.526584;2
2020-10-10 12:20:08.225832;1
2020-10-10 14:13:46.453643;1
2020-10-10 14:16:21.560889;1
2020-10-10 14:17:05.150087;1
2020-10-10 14:17:25.707821;1
2020-10-10 14:17:56.418791;1
2020-10-10 14:18:50.780196;1
2020-10-10 14:52:17.224436;1
2020-10-10 14:52:38.81015;1
2020-10-12 14:21:17.857886;2
2020-10-12 14:52:40.040534;1
2020-10-12 14:54:11.289092;2
2020-10-13 11:55:14.973771;3
2020-10-13 11:55:36.704417;4
2020-10-15 11:47:01.201151;1
2020-10-15 12:13:21.017684;1
2020-10-15 12:18:38.152093;1
2020-10-15 12:23:12.193282;1
2020-10-15 17:09:01.202776;1
2020-10-15 17:09:19.676441;1
2020-10-16 09:39:51.059969;1
2020-10-16 09:41:27.072228;1
2020-10-16 09:43:06.100814;1
2020-10-16 17:36:36.387311;1
2020-10-16 17:39:41.227275;1
2020-10-16 17:41:19.680735;1
2020-10-16 17:42:53.764091;1
2020-10-16 17:45:13.24171;1
2020-10-16 17:46:19.161302;1
2020-10-16 17:46:27.761498;1
2020-10-16 17:46:48.384784;1
2020-10-16 17:47:04.164307;1
2020-10-16 17:47:47.146619;1
2020-10-16 17:49:08.420708;1
2020-10-17 12:20:12.065542;1
2020-10-17 12:37:03.680769;1
2020-10-17 12:53:23.200188;1
2020-10-17 12:53:58.371761;1
2020-10-17 12:54:52.002422;1
2020-10-17 12:56:01.743618;1
2020-10-17 12:56:27.519481;1
2020-10-17 12:57:04.891751;1
2020-10-17 12:58:03.846352;1
2020-10-17 12:59:01.034167;1
2020-10-17 14:19:02.469039;1
2020-10-17 14:19:30.140965;2
2020-10-17 14:19:48.098022;2
2020-10-17 14:19:56.322037;2
2020-10-17 14:20:05.7478;1
2020-10-17 14:20:23.527685;1
2020-10-17 14:20:48.798834;1
2020-10-17 14:21:14.059343;1
2020-10-17 14:21:27.991486;1
2020-10-17 14:22:17.050139;1
2020-10-17 18:27:02.568732;1
2020-10-17 18:34:08.517782;1
2020-10-17 18:35:06.058171;1
2020-10-17 18:38:13.972592;1
2020-10-17 18:39:19.483897;1
2020-10-17 18:46:30.782979;1
2020-10-17 18:49:25.489271;1
2020-10-17 18:51:34.163101;1
2020-10-17 18:52:03.919813;1
2020-10-18 16:55:05.298671;1
2020-10-18 17:09:13.571457;1
2020-10-19 09:40:56.707662;1
2020-10-19 09:41:31.946769;2
2020-10-19 09:42:04.05218;1
2020-10-19 09:42:36.474494;1
2020-10-19 10:32:15.956593;1
2020-10-19 14:17:27.056409;1
2020-10-19 14:26:21.126856;1
2020-10-21 12:56:46.525017;2
2020-10-21 13:03:37.393476;1
2020-10-22 10:04:21.457274;1
2020-10-22 10:16:06.404376;1
2020-10-22 12:11:12.97709;1
2020-10-22 12:14:03.393066;1
2020-10-22 13:49:12.599177;1
2020-10-22 13:49:35.518668;1
2020-10-23 12:14:35.021164;1
2020-10-23 12:14:58.263785;1
2020-10-23 12:16:00.746278;1
2020-10-23 12:17:08.65127;1
2020-10-23 12:22:07.712711;1
2020-10-23 12:22:55.526279;1
2020-10-23 12:33:35.801067;1
2020-10-23 12:51:21.884151;1
2020-10-23 15:49:15.661358;1
2020-10-24 13:53:55.858419;1
2020-10-25 09:05:44.76194;1
2020-10-25 09:06:44.655734;1
2020-10-26 14:23:53.250783;1
2020-10-26 14:29:17.75339;2
2020-10-26 14:57:40.394709;1
2020-10-29 10:49:12.378083;1
2020-10-29 10:56:17.260708;1
2020-10-29 10:57:02.469908;1
2020-10-29 10:57:14.552633;1
2020-10-29 10:57:42.173476;1
2020-10-29 10:58:34.656733;1
2020-10-29 10:58:50.182872;1
2020-10-29 10:59:21.871931;1
2020-10-29 10:59:40.801852;1
2020-10-29 17:19:36.06086;1
2020-11-01 15:00:14.946441;1
2020-11-01 15:01:23.13685;1
2020-11-01 15:06:01.388435;1
2020-11-01 15:06:09.040793;1
2020-11-01 15:06:17.47185;1
2020-11-01 15:06:25.254598;1
2020-11-01 15:06:35.426854;1
2020-11-02 11:20:59.126545;1
2020-11-02 11:27:22.039702;1
2020-11-02 11:27:59.15498;1
2020-11-02 11:28:21.922457;1
2020-11-02 11:50:19.653856;2
2020-11-02 14:46:36.284569;1
2020-11-02 15:25:13.202408;1
2020-11-02 15:25:20.680041;1
2020-11-02 15:25:27.318657;1
2020-11-02 15:25:37.487222;1
2020-11-02 15:25:47.827683;1
2020-11-02 15:27:38.525299;1
2020-11-02 15:27:46.218744;1
2020-11-02 15:27:53.510645;1
2020-11-02 15:28:00.665636;1
2020-11-02 15:28:07.943298;1
2020-11-02 15:28:14.935635;1
2020-11-02 15:28:21.970453;1
2020-11-02 15:28:33.249355;1
2020-11-02 15:29:44.552017;1
2020-11-04 10:22:11.060317;1
2020-11-04 10:22:44.298498;1
2020-11-04 10:23:11.560897;1
2020-11-04 15:51:16.647339;1
2020-11-04 15:55:06.051211;1
2020-11-04 15:55:47.258436;1
2020-11-04 15:56:29.931344;1
2020-11-04 15:56:51.129468;1
2020-11-04 16:37:06.091341;1
2020-11-04 16:37:35.292294;1
2020-11-04 16:38:04.255673;1
2020-11-04 16:38:39.263489;1
2020-11-05 10:23:49.003426;1
2020-11-05 10:24:29.176352;1
2020-11-05 10:25:05.184546;1
2020-11-05 12:29:18.827998;1
2020-11-05 12:36:04.444245;1
2020-11-05 12:44:45.732634;1
2020-11-05 12:46:38.688088;1
2020-11-05 12:47:55.092219;1
2020-11-05 15:08:10.815993;2
2020-11-05 16:39:47.070283;1
2020-11-05 16:42:48.667907;1
2020-11-05 16:43:34.326892;1
2020-11-05 16:45:12.991016;1
2020-11-05 16:45:35.521332;1
2020-11-05 16:49:36.623738;2
2020-11-05 16:50:11.237732;1
2020-11-05 16:50:29.540296;1
2020-11-07 15:05:00.392515;1
2020-11-08 10:26:24.581043;1
2020-11-08 11:39:21.38981;2
2020-11-08 17:08:20.089069;1
2020-11-08 17:09:07.848999;1
2020-11-08 17:18:07.082539;1
2020-11-08 17:18:31.746719;1
2020-11-09 09:37:46.677661;1
2020-11-09 09:43:02.002755;1
2020-11-09 09:47:04.298025;1
2020-11-09 09:54:42.83035;1
2020-11-09 09:55:00.673424;1
2020-11-09 09:55:22.377354;1
2020-11-09 09:55:36.984207;1
2020-11-09 15:57:55.957321;1
2020-11-09 17:03:34.205973;1
2020-11-10 16:27:02.961159;1
2020-11-11 07:53:02.101899;1
2020-11-11 08:07:24.416494;1
2020-11-11 09:54:37.421325;1
2020-11-11 10:45:31.007137;1
2020-11-12 12:12:15.909858;1
2020-11-12 12:15:20.017522;1
2020-11-12 12:24:34.811831;1
2020-11-12 12:26:43.555596;1
2020-11-12 12:26:54.420925;1
2020-11-12 12:28:23.344085;1
2020-11-12 12:45:04.496433;1
2020-11-12 12:45:26.680599;1
2020-11-12 12:47:20.891965;1
2020-11-12 12:47:28.652111;1
2020-11-12 12:47:47.947195;1
2020-11-12 12:49:43.650329;1
2020-11-12 12:49:54.103665;1
2020-11-12 12:50:44.348948;1
2020-11-12 12:51:48.726531;1
2020-11-12 12:51:56.206036;1
2020-11-12 12:52:03.773528;1
2020-11-12 12:52:42.519114;1
2020-11-12 13:50:28.639841;1
2020-11-12 14:14:43.059507;1
2020-11-12 14:15:36.960704;1
2020-11-12 14:21:21.284729;1
2020-11-12 14:22:52.23177;1
2020-11-12 14:23:46.779864;1
2020-11-12 14:24:13.390307;1
2020-11-12 14:41:07.55773;1
2020-11-12 15:49:30.506432;1
2020-11-12 15:49:42.244225;1
2020-11-12 16:12:10.749251;1
2020-11-12 16:12:39.546008;1
2020-11-12 16:13:51.790882;1
2020-11-12 16:14:54.451369;1
2020-11-12 16:15:29.583659;1
2020-11-12 16:16:26.468466;1
2020-11-12 16:17:33.087205;1
2020-11-12 16:19:52.167388;1
2020-11-12 16:20:48.294555;1
2020-11-13 09:17:17.952998;1
2020-11-13 09:25:25.115656;1
2020-11-13 10:03:45.430156;1
2020-11-13 10:14:05.504022;1
2020-11-13 10:16:28.698837;1
2020-11-13 10:56:38.545411;1
2020-11-13 11:35:21.839553;1
2020-11-13 11:39:43.101464;1
2020-11-13 11:42:41.337478;1
2020-11-13 15:01:47.781436;1
2020-11-13 15:16:34.016497;1
2020-11-14 10:31:55.465957;1
2020-11-14 15:18:43.133059;1
2020-11-14 15:18:54.81275;1
2020-11-16 08:16:26.39437;1
2020-11-16 10:20:13.945025;1
2020-11-16 10:20:54.483104;1
2020-11-16 10:25:09.164325;2
2020-11-16 10:38:59.455549;1
2020-11-16 14:31:21.901569;1
2020-11-16 14:31:52.123814;1
2020-11-16 14:39:01.178352;1
2020-11-16 14:41:44.884;1
2020-11-16 14:42:05.916232;1
2020-11-16 14:42:27.67136;1
2020-11-16 14:43:08.304804;1
2020-11-16 14:43:24.653008;1
2020-11-16 14:43:37.685421;1
2020-11-16 14:43:57.360017;1
2020-11-16 14:44:17.837412;1
2020-11-16 14:44:33.504292;1
2020-11-16 14:44:50.468278;2
2020-11-16 14:45:08.753505;1
2020-11-16 15:03:08.89258;1
2020-11-16 15:03:18.719563;1
2020-11-16 15:18:40.747529;1
2020-11-16 15:51:40.697713;1
2020-11-16 16:19:04.123906;1
2020-11-16 16:19:20.345405;1
2020-11-16 16:20:00.346508;1
2020-11-16 16:20:33.058113;2
2020-11-16 16:21:07.683111;2
2020-11-16 16:21:44.716447;1
2020-11-16 16:22:02.897216;1
2020-11-16 16:22:36.796508;1
2020-11-16 16:24:07.941594;1
2020-11-16 16:24:28.305999;1
2020-11-16 16:25:19.466372;1
2020-11-16 16:25:35.278425;1
2020-11-16 16:26:07.738064;1
2020-11-17 13:58:47.801637;1
2020-11-17 16:16:03.438566;2
2020-11-18 09:38:50.510386;1
2020-11-18 13:36:06.304804;1
2020-11-18 16:59:22.375476;1
2020-11-19 10:01:15.212265;4
2020-11-19 10:30:43.549625;1
2020-11-19 11:03:13.604871;1
2020-11-19 11:29:22.359492;1
2020-11-19 11:29:36.982704;1
2020-11-19 11:29:53.938483;2
2020-11-19 11:30:11.478518;1
2020-11-19 11:30:46.570528;1
2020-11-19 11:31:08.944895;1
2020-11-19 11:31:23.400229;1
2020-11-19 11:34:51.340641;2
2020-11-20 08:29:29.601713;1
2020-11-20 08:30:09.197557;1
2020-11-22 14:39:32.443914;1
2020-11-22 14:39:59.115153;1
2020-11-22 14:40:29.247644;1
2020-11-23 14:06:06.938066;1
2020-11-23 14:12:24.489651;1
2020-11-24 14:21:17.779128;1
2020-11-25 11:54:59.525698;1
2020-11-25 11:55:27.576219;1
2020-11-25 11:55:44.043992;1
2020-11-25 11:56:01.924037;1
2020-11-25 11:59:47.00818;1
2020-11-25 12:49:41.466721;1
2020-11-25 12:58:25.774908;1
2020-11-25 15:18:41.048524;1
2020-11-25 15:19:29.986257;1
2020-11-25 15:20:02.320814;1
2020-11-25 15:20:33.238715;1
2020-11-25 15:21:03.562825;1
2020-11-25 15:21:46.517463;1
2020-11-25 15:22:26.243268;1
2020-11-25 15:24:37.957298;1
2020-11-25 15:25:13.257773;1
2020-11-26 11:46:19.122195;1
2020-11-26 11:46:32.862866;1
2020-11-26 11:46:47.312892;1
2020-11-26 11:47:02.453023;1
2020-11-26 15:09:30.769572;2
2020-11-26 15:32:50.619138;1
2020-11-26 16:01:16.900031;1
2020-11-26 16:01:45.350501;1
2020-11-26 16:02:11.616892;1
2020-11-26 16:03:14.168742;1
2020-11-26 16:03:53.385755;1
2020-11-26 16:04:32.314152;1
2020-11-29 10:35:50.164937;1
2020-11-29 10:36:12.889812;1
2020-11-29 10:36:34.309266;1
2020-11-29 13:52:33.868902;1
2020-11-29 14:14:52.794844;1
2020-11-29 14:15:52.741954;1
2020-11-29 14:16:51.491142;1
2020-11-29 14:17:29.419207;1
2020-11-30 15:03:01.414102;1
2020-12-01 08:56:23.56714;2
2020-12-01 08:57:25.117654;1
2020-12-01 15:15:41.099573;1
2020-12-01 15:15:50.339363;1
2020-12-01 17:12:31.659926;1
2020-12-01 17:28:12.49633;3
2020-12-03 10:26:47.128907;1
2020-12-03 11:37:22.116654;1
2020-12-03 16:00:48.160286;1
2020-12-03 16:01:07.140972;1
2020-12-07 15:17:51.565734;1
2020-12-07 16:36:55.959447;1
2020-12-07 16:37:20.137027;1
2020-12-08 11:58:50.320576;1
2020-12-08 12:21:59.260377;1
2020-12-08 13:08:56.420032;1
2020-12-08 13:13:57.535639;1
2020-12-08 14:20:57.541446;1
2020-12-09 10:51:23.11018;1
2020-12-09 10:51:44.9104;1
2020-12-09 17:46:35.337759;1
2020-12-09 17:47:37.637207;1
2020-12-10 09:04:23.674455;1
2020-12-10 09:06:35.632831;1
2020-12-10 09:25:11.190977;1
2020-12-10 15:55:48.02484;1
2020-12-12 12:05:51.960991;1
2020-12-12 12:14:51.547274;1
2020-12-12 12:16:29.923026;1
2020-12-12 12:17:56.526877;1
2020-12-12 12:18:43.273484;1
2020-12-12 12:36:56.027225;1
2020-12-12 12:40:15.585274;1
2020-12-12 12:41:17.601519;1
2020-12-12 12:41:37.759356;1
2020-12-12 12:42:08.44522;1
2020-12-12 12:42:42.132861;1
2020-12-12 14:31:28.34413;1
2020-12-12 14:31:49.460968;1
2020-12-12 14:32:09.296631;1
2020-12-12 14:32:28.596226;1
2020-12-12 14:33:08.398961;1
2020-12-12 14:35:31.458402;1
2020-12-12 14:35:51.381074;1
2020-12-12 14:36:31.325333;1
2020-12-12 14:37:05.676057;1
2020-12-12 18:01:58.751252;1
2020-12-12 18:03:05.548407;1
2020-12-13 10:36:41.644782;1
2020-12-14 11:38:55.679338;1
2020-12-14 11:39:27.12189;1
2020-12-14 11:40:34.170091;1
2020-12-14 12:09:21.867652;2
2020-12-14 12:34:02.615977;1
2020-12-14 15:00:30.31054;1
2020-12-14 15:01:08.923511;1
2020-12-14 15:04:06.741393;1
2020-12-14 15:07:50.080516;1
2020-12-14 15:08:59.656789;1
2020-12-14 15:10:49.050888;1
2020-12-14 16:24:59.806792;1
2020-12-15 10:52:28.487879;3
2020-12-15 11:14:13.997859;1
2020-12-15 11:25:18.975254;1
2020-12-15 11:42:06.169765;1
2020-12-15 14:33:59.544163;1
2020-12-15 14:42:12.916222;1
2020-12-15 16:11:03.105657;2
2020-12-15 16:11:32.178381;1
2020-12-15 16:11:52.274574;1
2020-12-15 16:12:21.643417;1
2020-12-15 16:12:42.484507;1
2020-12-15 17:06:34.96827;1
2020-12-15 17:06:55.796901;1
2020-12-16 14:40:05.928811;1
2020-12-16 14:40:11.946614;1
2020-12-16 14:40:18.707963;1
2020-12-16 14:40:25.170963;1
2020-12-16 14:40:38.888499;1
2020-12-16 14:42:07.880518;1
2020-12-17 11:35:06.104574;1
2020-12-17 16:11:55.542551;2
2020-12-17 16:23:36.539677;1
2020-12-17 16:24:25.513004;1
2020-12-17 17:14:10.67326;2
2020-12-17 17:17:36.323528;1
2020-12-18 15:33:16.668838;1
2020-12-18 15:33:54.811159;1
2020-12-18 15:35:39.994647;1
2020-12-19 08:17:56.857375;2
2020-12-19 12:33:31.890135;1
2020-12-19 12:34:43.251279;1
2020-12-19 12:35:14.62706;2
2020-12-19 12:35:50.563513;1
2020-12-20 11:59:18.421527;1
2020-12-21 13:49:01.866675;2
2020-12-21 13:49:21.661294;2
2020-12-21 13:54:58.318292;1
2020-12-21 13:59:30.385541;1
2020-12-21 14:00:04.188981;1
2020-12-21 14:00:53.323781;1
2020-12-21 14:01:38.606742;1
2020-12-21 14:02:11.274802;1
2020-12-21 15:57:21.850192;1
2020-12-22 17:12:40.430714;1
2020-12-24 15:18:45.555215;1
2020-12-24 15:19:02.016102;1
2020-12-24 15:19:18.458917;1
2020-12-24 15:19:38.289731;1
2020-12-24 15:19:57.814037;1
2020-12-24 15:20:14.472843;1
2020-12-24 15:20:33.788708;1
2020-12-24 15:20:53.116012;1
2020-12-24 15:21:12.508672;1
2020-12-24 15:21:29.240319;1
2020-12-27 11:53:10.532376;1
2020-12-27 11:58:54.039742;1
2020-12-27 12:03:56.985288;1
2020-12-27 12:35:35.046491;1
2020-12-27 14:48:49.106042;1
2020-12-28 14:31:50.276231;1
2020-12-28 15:57:01.613222;1
2020-12-28 15:57:32.173794;1
2020-12-30 09:50:50.37486;1
2020-12-30 15:24:06.695598;1
2020-12-30 15:24:45.595405;1
2020-12-30 17:09:29.677041;1
2020-12-31 11:41:27.099328;1
2020-12-31 11:42:03.408733;1
2020-12-31 12:06:27.394762;1
2020-12-31 12:06:49.301284;1
2020-12-31 15:30:48.051161;1
2020-12-31 15:31:40.465479;1
2020-12-31 15:31:48.818127;1
2020-12-31 15:31:59.845005;1
2020-12-31 15:32:17.127469;1
2020-12-31 16:49:32.634472;1
2021-01-04 10:08:02.23395;1
2021-01-04 10:08:16.580251;1
2021-01-04 12:39:53.249708;1
2021-01-04 12:39:59.78807;1
2021-01-04 12:40:06.255003;1
2021-01-04 12:40:13.47691;1
2021-01-04 12:40:20.493975;1
2021-01-04 12:41:25.268292;1
2021-01-04 12:45:33.518591;1
2021-01-04 12:45:41.621155;1
2021-01-04 12:45:48.227992;1
2021-01-04 12:46:01.752557;1
2021-01-04 12:46:07.983197;1
2021-01-04 12:47:49.858662;1
2021-01-04 12:57:47.883339;1
2021-01-04 14:41:26.474752;1
2021-01-04 14:41:32.758539;1
2021-01-04 14:41:40.899636;1
2021-01-04 14:42:06.494748;1
2021-01-04 14:42:31.344637;1
2021-01-04 14:42:37.790466;1
2021-01-04 14:42:45.363296;1
2021-01-04 14:42:53.819988;1
2021-01-04 14:43:44.064722;1
2021-01-04 14:44:26.543896;1
2021-01-04 14:44:36.54357;1
2021-01-04 14:45:36.534406;1
2021-01-04 14:46:03.829624;1
2021-01-04 14:46:23.317449;1
2021-01-04 14:46:56.189397;1
2021-01-04 15:22:07.537377;1
2021-01-04 15:29:36.768093;1
2021-01-04 15:33:51.854098;1
2021-01-04 15:37:49.701211;1
2021-01-04 15:57:18.227137;2
2021-01-04 16:21:03.104407;1
2021-01-04 17:32:44.855593;1
2021-01-04 17:32:51.168152;1
2021-01-04 17:33:01.401207;1
2021-01-04 17:45:29.416517;1
2021-01-04 18:00:49.186996;1
2021-01-05 10:06:11.265517;1
2021-01-05 14:21:32.884372;1
2021-01-05 14:21:54.377805;1
2021-01-05 14:59:40.631765;1
2021-01-06 11:56:58.358879;1
2021-01-06 12:07:34.328086;1
2021-01-06 12:08:03.047434;1
2021-01-06 12:08:24.842584;1
2021-01-06 12:08:49.322233;1
2021-01-06 12:09:36.18639;1
2021-01-06 12:09:55.95956;1
2021-01-06 13:43:39.534688;1
2021-01-06 14:55:19.448614;1
2021-01-06 15:00:08.756223;1
2021-01-06 15:04:40.435842;1
2021-01-07 16:44:48.510024;1
2021-01-07 16:44:53.772463;1
2021-01-07 16:44:58.259414;1
2021-01-07 16:45:02.403497;1
2021-01-07 16:45:06.585134;1
2021-01-07 16:45:11.187365;1
2021-01-07 16:45:15.367428;1
2021-01-07 16:45:19.232959;1
2021-01-07 16:45:23.574458;1
2021-01-07 16:45:28.210476;1
2021-01-07 16:45:32.411914;1
2021-01-07 16:45:36.348762;1
2021-01-07 16:45:40.370626;1
2021-01-07 16:45:44.624148;1
2021-01-07 16:45:53.05405;1
2021-01-07 16:45:57.912144;1
2021-01-07 16:46:32.364972;1
2021-01-07 16:50:56.5266;1
2021-01-07 16:52:03.590363;1
2021-01-07 16:52:07.82952;1
2021-01-07 16:52:12.202649;1
2021-01-07 16:52:16.288758;1
2021-01-07 16:52:20.422038;1
2021-01-07 16:53:05.795376;1
2021-01-07 16:58:37.289234;1
2021-01-07 17:24:23.00983;1
2021-01-08 10:01:06.094336;1
2021-01-08 10:12:30.58227;1
2021-01-08 10:51:14.303077;1
2021-01-08 13:37:27.260702;3
2021-01-08 14:27:17.822715;1
2021-01-08 16:49:12.317854;1
2021-01-11 08:27:26.077726;1
2021-01-11 08:27:53.820837;1
2021-01-11 11:39:47.456288;1
2021-01-11 12:09:13.837385;1
2021-01-11 16:38:25.49278;4
2021-01-12 13:55:12.936688;1
2021-01-12 15:42:38.886939;2
2021-01-13 10:07:45.886912;1
2021-01-14 12:39:21.185826;1
2021-01-15 10:32:28.333649;1
2021-01-15 16:16:22.816757;1
2021-01-17 15:52:14.670896;1
2021-01-18 11:47:18.415479;1
2021-01-18 13:59:17.541421;1
2021-01-19 09:36:24.115336;1
2021-01-19 10:08:45.927674;1
2021-01-19 10:28:48.07089;1
2021-01-19 10:29:23.25314;1
2021-01-20 11:18:47.580065;1
2021-01-20 14:43:52.157249;1
2021-01-20 14:44:35.474421;1
2021-01-20 14:45:12.935809;1
2021-01-20 14:45:46.92022;1
2021-01-20 14:46:26.233563;1
2021-01-20 14:50:05.747553;1
2021-01-20 14:51:46.549064;1
2021-01-20 14:52:37.894772;1
2021-01-20 14:54:12.084195;1
2021-01-20 14:54:48.143753;1
2021-01-20 14:55:22.519443;1
2021-01-20 14:56:27.597503;1
2021-01-20 14:56:55.191277;1
2021-01-21 06:05:04.459889;1
2021-01-21 13:50:28.149519;4
2021-01-21 14:31:13.639366;1
2021-01-21 14:44:38.727025;1
2021-01-21 14:45:01.117085;1
2021-01-21 14:45:20.272026;1
2021-01-21 14:48:38.020457;1
2021-01-21 16:39:44.274073;1
2021-01-22 10:06:35.097569;1
2021-01-22 10:07:07.146135;1
2021-01-22 10:07:37.963741;1
2021-01-22 10:08:30.581161;1
2021-01-25 11:38:26.478045;1
2021-01-25 11:40:58.619987;1
2021-01-25 12:06:51.103833;1
2021-01-25 12:08:35.413225;1
2021-01-25 12:14:55.985546;1
2021-01-25 12:15:59.890047;1
2021-01-25 12:16:45.632667;1
2021-01-26 15:10:59.682151;2
2021-01-26 15:22:10.618602;1
2021-01-26 15:57:29.168254;1
2021-01-26 15:58:54.897869;1
2021-01-26 15:59:19.46407;1
2021-01-26 15:59:56.081181;1
2021-01-26 16:00:02.118516;1
2021-01-26 16:00:08.532872;1
2021-01-26 16:00:18.790146;1
2021-01-26 16:06:43.340911;1
2021-01-27 15:00:55.953686;1
2021-01-28 14:39:07.545263;2
2021-01-28 14:40:40.841142;2
2021-01-28 14:41:01.222213;2
2021-01-28 16:54:57.669107;2
2021-01-28 17:28:20.443116;1
2021-01-29 10:04:12.712939;1
2021-01-30 14:15:33.496412;1
2021-01-30 14:21:23.4444;1
2021-01-30 14:22:35.144231;1
2021-02-01 11:34:36.31317;1
2021-02-01 13:50:46.81695;1
2021-02-01 13:51:25.589193;1
2021-02-01 13:53:02.483092;1
2021-02-01 14:57:03.881165;1
2021-02-01 15:01:15.159403;1
2021-02-01 15:17:21.305649;1
2021-02-01 15:19:20.330683;1
2021-02-01 15:27:38.714571;1
2021-02-01 15:44:38.125069;1
2021-02-02 15:12:30.015898;1
2021-02-02 15:27:19.193449;1
2021-02-02 15:31:22.844625;1
2021-02-02 15:31:30.513093;1
2021-02-02 15:31:43.87342;1
2021-02-02 15:41:34.06528;1
2021-02-02 15:59:29.785933;1
2021-02-02 16:37:13.125791;1
2021-02-03 09:25:07.732589;1
2021-02-03 09:25:29.613764;1
2021-02-03 14:01:32.690445;1
2021-02-03 16:56:53.216541;1
2021-02-05 12:19:01.831621;1
2021-02-05 12:21:45.293352;3
2021-02-05 12:24:06.964591;1
2021-02-05 12:27:12.503978;1
2021-02-05 12:27:47.182533;2
2021-02-05 12:29:50.470257;1
2021-02-05 12:31:37.657066;1
2021-02-05 12:35:55.641805;1
2021-02-05 12:39:18.107967;1
2021-02-05 12:40:25.09914;1
2021-02-05 12:42:04.927172;1
2021-02-05 12:42:23.526738;1
2021-02-05 12:43:16.884314;1
2021-02-05 12:47:25.81194;1
2021-02-05 12:48:06.133168;1
2021-02-05 12:48:49.884885;1
2021-02-05 12:49:11.225109;1
2021-02-05 12:50:57.899608;1
2021-02-05 13:04:51.478963;1
2021-02-05 14:23:15.433281;1
2021-02-05 14:45:47.405891;1
2021-02-05 14:46:05.464344;1
2021-02-05 17:08:17.77464;1
2021-02-06 11:11:57.255077;1
2021-02-06 11:12:21.094668;1
2021-02-06 11:13:23.226218;1
2021-02-06 11:17:31.992776;1
2021-02-06 11:19:17.405065;1
2021-02-06 11:19:32.701763;1
2021-02-06 11:21:31.018365;1
2021-02-06 14:30:11.122694;1
2021-02-06 14:34:24.803031;1
2021-02-06 15:11:27.526303;1
2021-02-07 12:14:19.009741;1
2021-02-07 12:14:36.469235;1
2021-02-07 12:34:04.022872;2
2021-02-07 12:34:41.594806;1
2021-02-07 12:36:42.910504;1
2021-02-07 12:36:49.638756;1
2021-02-07 12:37:03.86157;1
2021-02-07 12:37:14.769904;1
2021-02-07 12:37:23.238668;1
2021-02-07 12:37:29.821788;1
2021-02-07 12:37:36.99152;1
2021-02-07 12:37:45.519379;2
2021-02-07 12:38:06.321097;1
2021-02-07 12:38:20.572261;1
2021-02-07 12:38:35.014679;1
2021-02-07 12:38:55.662686;1
2021-02-07 12:39:30.021159;1
2021-02-07 12:39:36.459462;1
2021-02-07 12:39:49.791014;1
2021-02-07 12:39:56.449053;1
2021-02-07 12:40:04.483336;1
2021-02-07 12:41:37.371095;1
2021-02-07 12:42:17.520443;1
2021-02-07 12:42:30.589233;1
2021-02-07 12:42:36.892069;1
2021-02-07 12:42:49.845355;1
2021-02-07 12:43:03.831351;1
2021-02-07 12:43:23.841009;1
2021-02-07 12:43:43.804552;1
2021-02-07 12:43:53.815981;2
2021-02-07 12:44:36.716318;1
2021-02-07 12:47:43.54169;1
2021-02-07 12:48:20.182888;1
2021-02-07 12:48:46.387033;1
2021-02-07 12:49:45.910548;1
2021-02-07 12:49:53.239282;1
2021-02-07 12:49:59.954737;1
2021-02-07 12:50:21.857306;1
2021-02-07 12:54:07.517369;1
2021-02-07 12:54:26.508494;1
2021-02-07 12:54:43.17216;1
2021-02-07 13:45:15.465136;1
2021-02-07 13:45:35.210818;1
2021-02-07 13:49:47.014926;1
2021-02-07 14:01:54.41689;1
2021-02-07 14:10:45.777557;1
2021-02-07 14:10:57.235596;1
2021-02-07 14:11:05.317019;1
2021-02-07 14:11:14.396518;1
2021-02-07 14:11:22.897555;1
2021-02-07 14:11:34.388069;1
2021-02-07 14:22:17.328762;1
2021-02-07 14:22:34.519044;1
2021-02-07 14:23:06.271446;2
2021-02-07 14:27:53.186743;1
2021-02-07 14:41:08.947084;1
2021-02-08 11:57:07.616207;1
2021-02-08 13:17:51.243471;1
2021-02-08 14:08:09.940995;1
2021-02-08 15:23:12.043848;1
2021-02-08 15:23:32.742365;1
2021-02-08 16:09:28.000941;1
2021-02-08 16:24:53.066139;1
2021-02-08 16:32:19.304904;1
2021-02-08 16:33:42.550537;1
2021-02-08 16:37:53.376032;1
2021-02-08 16:38:37.327612;1
2021-02-08 16:39:03.15367;1
2021-02-08 16:39:09.264552;1
2021-02-08 16:39:31.500136;1
2021-02-09 14:28:49.462616;1
2021-02-10 17:28:05.795597;1
2021-02-10 17:28:34.516891;1
2021-02-11 09:57:47.988466;1
2021-02-11 10:02:30.230284;1
2021-02-11 10:02:54.444659;1
2021-02-11 10:18:43.840796;1
2021-02-11 10:23:18.052477;1
2021-02-11 10:23:47.040974;1
2021-02-11 10:31:49.415283;1
2021-02-11 10:34:43.637445;1
2021-02-11 10:45:46.648869;1
2021-02-11 10:46:26.546069;1
2021-02-12 10:50:00.279995;1
2021-02-12 11:08:05.556623;2
2021-02-12 14:24:26.828648;1
2021-02-12 14:25:59.609656;1
2021-02-12 14:26:24.661405;1
2021-02-12 14:26:54.717317;1
2021-02-12 14:27:22.320264;1
2021-02-12 14:37:05.189506;1
2021-02-12 14:37:33.46553;1
2021-02-12 14:37:43.337111;1
2021-02-12 16:59:47.841886;2
2021-02-15 15:54:47.816964;1
2021-02-15 16:09:10.712787;1
2021-02-15 16:44:40.237824;1
2021-02-15 17:08:44.262188;1
2021-02-15 17:43:29.562007;1
2021-02-16 11:41:34.30312;1
2021-02-16 12:15:16.850231;1
2021-02-16 12:15:23.463271;2
2021-02-16 12:15:41.95517;2
2021-02-16 12:16:45.182693;1
2021-02-16 12:17:35.694273;1
2021-02-16 12:18:44.497857;2
2021-02-16 12:20:29.226044;1
2021-02-16 12:20:59.851011;1
2021-02-16 12:21:24.039557;1
2021-02-16 13:35:14.101529;1
2021-02-16 14:02:08.563866;1
2021-02-16 14:53:28.285159;1
2021-02-16 16:46:31.173965;1
2021-02-16 16:46:58.372217;1
2021-02-17 10:07:41.636043;1
2021-02-18 09:46:59.108931;1
2021-02-18 13:02:00.341681;1
2021-02-18 14:10:03.816547;1
2021-02-18 14:34:55.596399;2
2021-02-19 16:07:11.324648;1
2021-02-22 13:34:34.043387;1
2021-02-22 13:34:53.648155;1
2021-02-22 13:35:15.280063;1
2021-02-22 16:26:34.895527;1
2021-02-23 15:18:47.641953;1
2021-02-23 15:49:31.318478;1
2021-02-23 15:50:11.856546;1
2021-02-23 15:50:18.776289;1
2021-02-23 15:50:41.121382;1
2021-02-23 15:50:49.463115;2
2021-02-23 15:51:09.080725;1
2021-02-23 15:51:22.787066;1
2021-02-23 15:51:43.609334;1
2021-02-25 13:00:01.877227;1
2021-02-25 13:01:03.462673;1
2021-02-25 15:28:10.650054;2
2021-02-25 17:17:06.804623;1
2021-02-26 10:52:35.613125;1
2021-02-26 15:51:33.964986;1
2021-02-26 16:46:11.576906;3
2021-02-26 17:37:03.677464;1
2021-02-26 17:37:35.814301;1
2021-02-26 17:38:02.977563;1
2021-02-26 17:38:51.279015;1
2021-02-26 17:38:58.071372;1
2021-02-27 10:05:09.650544;1
2021-02-27 10:05:29.425467;1
2021-02-27 10:06:03.688351;1
2021-02-27 17:09:40.9243;1
2021-02-27 18:03:56.058306;1
2021-02-27 18:04:51.660642;1
2021-02-28 11:26:54.156672;1
2021-02-28 11:28:59.845562;1
2021-02-28 11:42:13.066343;1
2021-02-28 14:56:21.280322;2
2021-02-28 15:16:41.931955;1
2021-02-28 15:17:17.510914;1
2021-02-28 15:18:11.585477;1
2021-02-28 15:18:40.095248;1
2021-02-28 15:19:03.72859;1
2021-02-28 15:21:36.025637;1
2021-02-28 15:21:53.878389;1
2021-02-28 15:46:00.573303;1
2021-02-28 15:47:22.125695;1
2021-02-28 15:47:34.131139;1
2021-02-28 16:31:49.04762;1
2021-02-28 16:32:11.359102;1
2021-02-28 18:06:17.903347;1
2021-02-28 18:08:01.86641;1
2021-02-28 18:16:32.269275;1
2021-02-28 18:17:09.761911;1
2021-03-02 14:04:54.183248;1
2021-03-04 12:42:28.346678;1
2021-03-04 14:50:01.633782;1
2021-03-04 14:50:25.02136;1
2021-03-04 14:50:52.418244;1
2021-03-04 14:51:12.608856;1
2021-03-04 15:15:51.094857;1
2021-03-05 16:11:40.88077;1
2021-03-08 09:59:12.60257;1
2021-03-08 11:02:16.718708;1
2021-03-08 11:03:51.67089;1
2021-03-08 14:48:04.10483;1
2021-03-08 14:48:18.247075;1
2021-03-08 15:11:54.922532;1
2021-03-09 14:21:07.101088;1
2021-03-09 15:44:45.397696;1
2021-03-09 15:48:27.092483;1
2021-03-11 09:45:12.947213;1
2021-03-11 10:26:50.011223;1
2021-03-11 15:32:47.128553;1
2021-03-12 15:08:04.255825;1
2021-03-12 15:25:17.374487;1
2021-03-12 16:22:15.956413;2
2021-03-12 16:51:13.633745;1
2021-03-13 14:19:24.340574;1
2021-03-13 15:04:53.545317;1
2021-03-14 10:53:51.066435;1
2021-03-14 11:05:43.253361;1
2021-03-15 15:07:18.500106;1
2021-03-15 15:54:09.267193;1
2021-03-15 15:55:48.520745;1
2021-03-16 10:58:34.644917;1
2021-03-16 11:23:54.291598;1
2021-03-16 11:36:13.083072;1
2021-03-16 12:43:22.965133;1
2021-03-16 12:45:23.56075;1
2021-03-16 12:45:30.336832;1
2021-03-16 12:45:41.519676;1
2021-03-16 13:13:09.326375;1
2021-03-16 13:13:28.91231;1
2021-03-18 11:14:16.067403;1
2021-03-18 12:16:34.069223;1
2021-03-18 13:22:46.830674;1
2021-03-18 14:45:37.230197;1
2021-03-18 16:52:07.084896;1
2021-03-19 10:57:12.628746;1
2021-03-19 14:11:02.448681;3
2021-03-19 14:13:37.800364;1
2021-03-19 15:07:11.612852;3
2021-03-20 13:32:18.869425;1
2021-03-20 13:34:11.05737;1
2021-03-20 13:35:07.388048;1
2021-03-20 13:44:41.585707;1
2021-03-23 12:29:38.58183;2
2021-03-23 16:04:05.939041;1
2021-03-23 16:04:35.12173;1
2021-03-23 16:05:01.109336;1
2021-03-23 16:05:19.806829;1
2021-03-24 09:57:24.679821;1
2021-03-24 09:57:38.358836;1
2021-03-24 09:58:27.055914;1
2021-03-24 09:58:54.002192;1
2021-03-24 15:27:26.977825;1
2021-03-25 14:33:53.545547;1
2021-03-26 15:28:17.900598;1
2021-03-28 08:09:55.542567;1
2021-03-29 09:23:43.736885;1
2021-03-29 12:25:58.357697;1
2021-03-29 12:26:08.803033;1
2021-03-29 17:56:42.673275;2
2021-03-29 17:57:04.704628;1
2021-03-30 09:41:53.184625;1
2021-03-30 09:42:11.112506;1
2021-03-30 13:13:49.432718;1
2021-03-30 15:27:29.614032;1
2021-03-31 16:15:07.76674;1
2021-04-01 16:16:35.791564;1
2021-04-01 16:16:45.429085;1
2021-04-01 16:18:25.06721;1
2021-04-01 16:18:48.086312;1
2021-04-01 16:26:38.462429;1
2021-04-01 16:29:45.781313;1
2021-04-01 16:30:58.512595;1
2021-04-04 11:11:58.199888;1
2021-04-04 14:45:59.718812;1
2021-04-05 09:42:54.631339;1
2021-04-05 09:43:14.714019;1
2021-04-08 12:30:34.138867;1
2021-04-08 15:33:23.659223;1
2021-04-08 15:45:02.456503;1
2021-04-08 15:49:02.481921;1
2021-04-08 16:24:44.342206;1
2021-04-08 16:42:25.155528;1
2021-04-08 16:42:38.23628;1
2021-04-09 10:31:18.91963;1
2021-04-09 11:26:17.350864;1
2021-04-09 11:46:54.708111;1
2021-04-09 12:13:16.674521;1
2021-04-09 15:32:04.300044;1
2021-04-09 17:56:29.356561;1
2021-04-09 18:00:52.441174;1
2021-04-09 18:00:57.981032;1
2021-04-09 18:01:06.038461;1
2021-04-10 18:13:43.011892;1
2021-04-11 09:43:06.660739;2
2021-04-11 17:57:50.896511;1
2021-04-11 18:40:08.277449;1
2021-04-12 09:45:09.679373;1
2021-04-12 15:12:28.593249;1
2021-04-12 15:55:35.898168;1
2021-04-12 16:02:14.382198;2
2021-04-12 16:42:13.747485;1
2021-04-13 07:56:17.248612;1
2021-04-13 11:05:51.456904;1
2021-04-13 11:23:01.446124;1
2021-04-14 10:13:08.558879;1
2021-04-14 12:26:38.625946;1
2021-04-14 12:26:49.776574;1
2021-04-19 09:13:41.278672;1
2021-04-19 10:21:40.670787;1
2021-04-19 10:21:50.778245;5
2021-04-19 10:22:08.373346;1
2021-04-19 10:22:23.431274;1
2021-04-19 10:22:36.778615;1
2021-04-19 10:22:49.884251;1
2021-04-19 10:24:20.349449;1
2021-04-19 13:58:05.459935;3
2021-04-19 15:35:55.880332;1
2021-04-19 15:36:16.080939;1
2021-04-19 16:17:21.021829;1
2021-04-19 17:04:56.247842;1
2021-04-19 17:52:49.114514;1
2021-04-20 12:07:08.959121;1
2021-04-20 16:12:28.546693;1
2021-04-20 16:13:07.667491;2
2021-04-21 09:21:19.013443;1
2021-04-22 16:25:20.995541;2
2021-04-22 16:28:04.64619;2
2021-04-23 14:46:06.570544;1
2021-04-23 14:46:16.056983;1
2021-04-23 14:46:58.638687;1
2021-04-23 14:56:15.53844;1
2021-04-23 15:11:03.533713;1
2021-04-23 15:11:23.039328;1
2021-04-23 15:11:53.724579;2
2021-04-23 15:12:34.599062;1
2021-04-23 15:13:11.226286;1
2021-04-23 15:13:18.083226;1
2021-04-23 15:13:28.275674;1
2021-04-23 15:17:01.842197;1
2021-04-26 11:59:21.807767;1
2021-04-26 11:59:54.989337;1
2021-04-26 12:04:22.468291;1
2021-04-26 12:04:51.044172;1
2021-04-26 12:05:09.591754;1
2021-04-26 12:05:43.216388;1
2021-04-26 12:06:06.156268;1
2021-04-26 12:10:21.812247;1
2021-04-26 16:14:37.907969;1
2021-04-26 16:15:43.91157;1
2021-04-26 16:16:07.76139;1
2021-04-27 09:27:14.847239;1
2021-04-29 14:45:14.867174;1
2021-04-30 15:43:52.867497;1
2021-04-30 16:28:00.825351;1
2021-05-01 10:33:14.491611;1
2021-05-02 11:26:53.026855;1
2021-05-02 11:30:11.281169;1
2021-05-03 13:52:30.891084;1
2021-05-03 14:45:02.811053;2
2021-05-03 14:45:50.580444;1
2021-05-03 14:55:28.777706;1
2021-05-03 14:58:02.897293;1
2021-05-04 11:40:47.712793;1
2021-05-04 11:41:24.923965;1
2021-05-06 14:24:37.029802;1
2021-05-07 14:55:54.770585;1
2021-05-07 15:00:31.810437;2
2021-05-07 15:22:49.325861;1
2021-05-08 15:09:59.973814;1
2021-05-08 15:12:27.659233;1
2021-05-08 15:12:51.133534;1
2021-05-08 16:59:46.540336;1
2021-05-09 10:00:07.833181;1
2021-05-09 10:03:17.14063;1
2021-05-09 10:04:09.157219;1
2021-05-09 10:05:18.173641;1
2021-05-10 08:58:42.513833;1
2021-05-10 17:08:57.0487;1
2021-05-12 09:02:00.405323;2
2021-05-13 14:09:37.992238;1
2021-05-13 14:10:02.462511;1
2021-05-13 14:15:03.080807;1
2021-05-13 14:15:34.56028;1
2021-05-13 14:16:04.908254;1
2021-05-13 18:33:27.686328;1
2021-05-20 14:15:01.466685;1
2021-05-20 14:18:10.929259;1
2021-05-20 14:49:49.970287;1
2021-05-26 17:21:54.867698;1
2021-05-26 19:45:16.471332;1
2021-05-27 11:01:06.173448;1
2021-05-27 11:02:18.632451;2
2021-05-27 11:02:25.554281;1
2021-05-27 11:02:39.065342;1
2021-05-27 11:05:10.53837;2
2021-05-27 11:05:16.748677;2
2021-05-27 11:05:22.899118;2
2021-05-27 11:05:36.49744;2
2021-05-27 11:05:46.395565;2
2021-05-27 14:41:13.183904;1
2021-05-27 14:50:34.779665;1
2021-05-27 14:51:06.600029;1
2021-05-27 14:53:15.343635;1
2021-05-28 08:00:29.137648;1
2021-05-31 14:02:32.969121;1
2021-05-31 14:49:02.130358;1
2021-06-03 08:53:15.710084;1
2021-06-03 11:51:20.914231;1
2021-06-07 13:55:38.537181;1
2021-06-07 14:21:39.018305;1
2021-06-07 14:23:55.727444;1
2021-06-09 14:45:35.523441;1
2021-06-10 14:33:55.744504;1
2021-06-11 11:50:16.91936;2
2021-06-11 12:26:37.96997;1
2021-06-11 12:26:51.770441;1
2021-06-11 15:03:09.362498;2
2021-06-11 15:03:20.208405;1
2021-06-11 15:03:27.544561;1
2021-06-11 15:12:48.927418;1
2021-06-11 15:13:21.269495;2
2021-06-11 15:14:21.344982;1
2021-06-11 15:14:48.408348;1
2021-06-11 15:15:22.597696;2
2021-06-11 15:42:12.528647;1
2021-06-11 15:42:47.575363;1
2021-06-11 15:43:49.771338;2
2021-06-11 15:45:21.832456;1
2021-06-11 15:45:48.509436;1
2021-06-11 15:46:05.412596;1
2021-06-11 15:47:01.582902;1
2021-06-11 15:51:26.116901;1
2021-06-11 15:51:47.964235;1
2021-06-11 15:52:04.147249;1
2021-06-11 15:52:20.97871;1
2021-06-11 15:52:45.887765;1
2021-06-11 15:53:25.431011;1
2021-06-11 15:53:48.348073;1
2021-06-11 15:54:44.548861;1
2021-06-11 15:55:12.800605;1
2021-06-11 15:55:30.978949;1
2021-06-11 15:55:55.240218;1
2021-06-11 15:56:14.971961;1
2021-06-11 15:57:50.847347;1
2021-06-14 10:21:32.375652;1
2021-06-15 15:14:13.278269;1
2021-06-15 15:14:20.099848;1
2021-06-15 15:14:26.533858;1
2021-06-15 15:14:36.177586;1
2021-06-15 15:25:45.240774;1
2021-06-15 15:38:34.0796;1
2021-06-16 15:37:08.296209;1
2021-06-16 15:42:46.53261;1
2021-06-16 15:54:37.809937;1
2021-06-16 15:59:33.0195;1
2021-06-16 16:00:49.178107;1
2021-06-16 16:03:38.852919;1
2021-06-16 16:08:28.690366;1
2021-06-22 10:57:37.407027;1
2021-06-25 11:44:54.033864;1
2021-06-25 11:45:17.786851;1
2021-06-25 11:45:59.560064;1
2021-06-25 16:04:53.906184;1
2021-06-25 16:06:04.334515;1
2021-06-25 16:11:48.36469;1
2021-06-25 16:20:50.541196;1
2021-06-28 15:45:55.58004;1
2021-06-29 13:06:30.255627;1
2021-06-29 17:04:29.253489;1
2021-06-29 17:05:16.158061;1
2021-06-29 17:17:47.65777;1
2021-06-29 17:17:53.969613;1
2021-06-29 17:18:00.177026;1
2021-06-29 17:18:38.710431;1
2021-06-29 17:18:53.993052;1
2021-06-29 17:19:08.53777;1
2021-06-29 17:19:16.598295;1
2021-06-29 17:19:33.499422;1
2021-06-29 17:19:46.437906;1
2021-06-29 17:20:02.194774;1
2021-06-29 17:20:08.831391;1
2021-06-29 17:20:22.579978;1
2021-06-29 17:20:40.183554;1
2021-06-29 17:20:53.544037;1
2021-06-29 17:21:01.782136;1
2021-06-29 17:21:14.703164;1
2021-06-29 17:21:32.604171;1
2021-06-29 17:21:45.621791;1
2021-06-29 17:21:53.325204;1
2021-06-29 17:22:03.208535;1
2021-06-29 17:23:30.64086;1
2021-06-29 17:25:04.925038;1
2021-06-29 17:31:20.316761;1
2021-06-29 17:31:40.090025;1
2021-06-29 17:48:16.042013;1
2021-07-01 11:45:11.261023;1
2021-07-04 09:47:11.865685;1
2021-07-04 10:08:24.390522;1
2021-07-04 10:15:26.422367;1
2021-07-04 10:16:02.247135;2
2021-07-04 10:22:20.308166;1
2021-07-04 16:05:38.767905;1
2021-07-04 16:43:28.922421;1
2021-07-04 17:20:26.271588;1
2021-07-04 17:20:38.728181;1
2021-07-04 17:20:55.355194;1
2021-07-04 17:21:03.132463;1
2021-07-04 17:21:14.613148;1
2021-07-05 11:22:27.431135;1
2021-07-05 11:52:03.806948;1
2021-07-05 11:52:43.072802;1
2021-07-05 11:55:07.110103;1
2021-07-05 11:59:42.619336;1
2021-07-05 12:01:25.462225;1
2021-07-05 12:01:52.046341;1
2021-07-05 12:02:52.239649;1
2021-07-05 16:59:49.459081;1
2021-07-05 17:02:28.516984;1
2021-07-07 10:00:36.733239;1
2021-07-11 10:39:16.258298;1
2021-07-11 10:40:46.242984;1
2021-07-11 11:48:03.755133;1
2021-07-11 11:49:31.087836;1
2021-07-11 11:51:09.8815;1
2021-07-11 11:51:44.519776;1
2021-07-11 11:53:05.73846;1
2021-07-11 11:57:05.300039;1
2021-07-11 11:58:36.463797;1
2021-07-11 12:00:05.667162;1
2021-07-11 12:02:21.370399;1
2021-07-11 12:02:44.824831;2
2021-07-13 09:07:39.900646;1
2021-07-13 09:08:02.621529;1
2021-07-13 17:58:48.746372;1
2021-07-15 16:04:59.447558;1
2021-07-15 16:05:19.490487;1
2021-07-15 16:06:41.157599;1
2021-07-15 16:07:08.986614;1
2021-07-16 15:33:04.648588;1
2021-07-27 10:59:27.840132;1
2021-07-31 16:02:39.249842;1
2021-07-31 16:03:05.99458;1
2021-07-31 16:19:12.605986;1
2021-08-01 21:07:04.260699;1
2021-08-01 21:07:58.444135;1
2021-08-01 21:22:21.574431;1
2021-08-03 14:06:24.070092;1
2021-08-03 14:07:41.169297;1
2021-08-03 14:08:00.161292;1
2021-08-03 14:08:14.159558;1
2021-08-03 14:08:31.263378;1
2021-08-03 14:14:20.03083;1
2021-08-03 14:27:50.523331;1
2021-08-03 14:29:22.901463;1
2021-08-03 14:34:50.976112;1
2021-08-03 14:35:11.585935;1
2021-08-03 16:34:37.964991;1
2021-08-03 16:35:51.544711;1
2021-08-03 16:50:30.846547;1
2021-08-03 16:51:35.774173;1
2021-08-03 16:59:11.088475;2
2021-08-03 17:38:25.575427;1
2021-08-04 14:19:56.121443;1
2021-08-04 14:20:38.934965;1
2021-08-04 14:20:54.994586;1
2021-08-04 14:21:12.719108;1
2021-08-04 14:21:50.299321;1
2021-08-04 14:22:26.712745;1
2021-08-04 14:22:59.563051;1
2021-08-04 14:24:17.351912;1
2021-08-04 14:25:15.866123;1
2021-08-04 14:33:56.03995;1
2021-08-09 16:06:23.503549;1
2021-08-11 09:52:24.158711;1
2021-08-12 10:05:32.776907;1
2021-08-12 12:16:14.585638;1
2021-08-12 16:45:38.661623;1
2021-08-13 13:52:03.252364;1
2021-08-13 13:52:26.715023;1
2021-08-13 13:52:49.04999;1
2021-08-13 14:35:26.315719;1
2021-08-13 14:36:22.184765;1
2021-08-13 14:37:57.668585;1
2021-08-13 14:40:40.780565;1
2021-08-13 14:41:27.367691;1
2021-08-13 14:42:11.090322;1
2021-08-14 15:00:55.336432;2
2021-08-14 15:02:56.321706;2
2021-08-16 11:02:05.08353;1
2021-08-16 11:02:18.295597;1
2021-08-16 11:02:37.008674;1
2021-08-16 11:43:23.769697;1
2021-08-16 14:33:41.812231;2
2021-08-16 14:34:20.347455;2
2021-08-16 14:35:31.342368;1
2021-08-16 14:36:04.393935;1
2021-08-16 14:37:20.127638;1
2021-08-16 14:57:39.321648;1
2021-08-16 14:57:47.455241;1
2021-08-16 14:57:55.058615;1
2021-08-16 14:58:07.474594;1
2021-08-16 14:58:14.73132;1
2021-08-16 14:58:26.57066;1
2021-08-16 14:58:40.699712;1
2021-08-16 14:58:52.437615;1
2021-08-16 14:58:59.752991;1
2021-08-16 14:59:07.268377;1
2021-08-16 14:59:15.218595;1
2021-08-16 14:59:32.805798;1
2021-08-16 14:59:45.087202;1
2021-08-16 14:59:52.693954;1
2021-08-16 15:00:05.378582;1
2021-08-16 15:00:19.058248;1
2021-08-16 15:00:30.218619;1
2021-08-16 15:00:37.820461;1
2021-08-16 15:00:49.306093;1
2021-08-16 15:01:07.601521;1
2021-08-16 15:39:45.26543;1
2021-08-16 15:52:47.062493;1
2021-08-17 11:13:54.793539;1
2021-08-17 11:55:10.921031;1
2021-08-17 15:39:50.802568;1
2021-08-17 15:44:54.196089;1
2021-08-17 16:46:06.120757;1
2021-08-17 22:24:20.461282;1
2021-08-22 15:48:25.209772;1
2021-08-22 15:57:51.279128;1
2021-08-22 16:11:12.424882;1
2021-08-22 16:12:02.831931;1
2021-08-22 17:43:21.263291;1
2021-08-22 17:44:38.871559;1
2021-08-22 17:45:39.488792;1
2021-08-27 09:15:21.180308;1
2021-08-27 09:15:43.973825;1
2021-08-28 14:59:07.50828;1
2021-08-28 14:59:46.877249;1
2021-08-29 09:45:53.504889;1
2021-08-29 16:44:58.784529;1
2021-08-29 16:45:08.638856;1
2021-08-29 16:45:18.547691;1
2021-08-29 16:45:32.552038;1
2021-08-29 16:45:39.561219;1
2021-08-29 16:45:50.068699;1
2021-08-29 16:46:18.491669;1
2021-08-29 16:46:51.151163;1
2021-08-29 16:47:12.306539;1
2021-08-29 16:48:24.628131;1
2021-08-29 16:48:52.957703;1
2021-08-29 16:49:37.645063;1
2021-08-29 16:49:49.697205;1
2021-08-29 16:50:01.939229;1
2021-08-29 16:50:10.791314;1
2021-08-29 16:50:26.763215;1
2021-08-30 09:34:07.00662;1
2021-08-30 09:44:12.424752;1
2021-08-30 14:16:55.407294;1
2021-08-30 14:26:58.507504;1
2021-08-31 11:40:00.242278;1
2021-08-31 11:40:24.406976;1
2021-08-31 11:41:03.979624;1
2021-08-31 11:41:43.372569;1
2021-08-31 11:42:20.326041;1
2021-08-31 11:44:00.225783;1
2021-08-31 11:44:32.022067;1
2021-08-31 11:44:39.449184;1
2021-08-31 11:44:54.101816;2
2021-08-31 11:45:23.164047;1
2021-08-31 11:46:03.818896;1
2021-08-31 11:46:33.252732;1
2021-08-31 11:47:05.2017;1
2021-08-31 11:47:41.245228;1
2021-08-31 11:48:08.962826;1
2021-08-31 11:48:15.907659;1
2021-08-31 11:48:35.615717;1
2021-08-31 11:49:09.013521;2
2021-08-31 11:49:38.945024;2
2021-08-31 11:50:28.964052;1
2021-08-31 11:50:57.545408;1
2021-08-31 11:51:29.333902;1
2021-08-31 16:29:32.521614;1
2021-08-31 16:30:02.883046;1
2021-08-31 16:31:02.4207;1
2021-08-31 16:31:31.512796;1
2021-08-31 16:31:57.461955;1
2021-08-31 16:32:22.843206;1
2021-09-03 12:06:06.509226;1
2021-09-03 12:09:25.205982;1
2021-09-03 12:09:32.505282;1
2021-09-03 12:09:39.689079;1
2021-09-03 12:09:47.716611;1
2021-09-03 12:09:54.602088;1
2021-09-03 12:14:34.294;1
2021-09-03 12:16:19.932261;1
2021-09-03 12:18:36.596519;1
2021-09-03 12:23:22.250944;1
2021-09-03 12:37:57.836488;1
2021-09-06 12:07:51.548687;1
2021-09-06 12:08:05.02206;1
2021-09-06 12:08:20.6435;1
2021-09-06 15:28:45.633969;1
2021-09-09 15:15:48.743383;2
2021-09-10 10:37:03.724409;1
2021-09-15 10:18:28.442117;1
2021-09-15 10:22:42.091978;2
2021-09-15 10:46:44.620005;1
2021-09-15 15:21:49.985873;1
2021-09-15 15:24:58.990038;1
2021-09-15 15:26:48.162931;1
2021-09-18 15:39:04.495398;1
2021-09-18 15:49:14.622164;1
2021-09-18 15:49:51.459571;1
2021-09-18 15:50:51.862967;1
2021-09-27 15:37:29.997841;1
2021-09-27 15:38:19.633057;1
2021-09-27 15:38:28.23254;1
2021-09-27 15:46:11.905132;1
2021-09-27 15:46:23.980925;1
2021-09-27 15:46:43.745832;1
2021-09-27 15:47:00.613451;1
2021-09-27 15:51:45.325453;1
2021-09-27 15:52:39.896624;1
2021-09-27 15:54:10.101858;2
2021-09-27 15:54:52.084127;1
2021-09-27 15:55:27.462178;1
2021-09-27 15:56:34.564943;1
2021-09-27 15:57:31.51272;2
2021-09-27 15:58:29.750932;1
2021-09-27 15:58:50.165679;1
2021-09-29 09:16:11.88065;1
2021-09-30 12:57:05.51862;1
2021-09-30 12:57:59.971342;1
2021-09-30 12:59:58.220863;1
2021-09-30 13:00:22.514883;1
2021-09-30 13:01:10.645946;1
2021-10-04 12:08:51.426205;1
2021-10-04 12:29:52.197929;2
2021-10-04 15:48:13.547497;1
2021-10-04 15:50:37.98848;1
2021-10-04 15:51:40.254444;1
2021-10-05 11:18:08.620912;1
2021-10-05 11:18:36.589751;1
2021-10-06 11:47:58.147277;1
2021-10-06 13:42:40.845309;1
2021-10-06 15:00:01.791021;1
2021-10-06 15:00:13.426364;1
2021-10-07 10:05:00.42123;1
2021-10-08 10:53:03.823384;1
2021-10-08 11:12:31.148344;1
2021-10-11 12:22:55.490077;1
2021-10-11 12:45:04.801677;1
2021-10-11 12:45:19.29816;1
2021-10-11 12:49:51.971702;1
2021-10-11 15:50:20.276039;1
2021-10-12 10:54:35.024559;1
2021-10-13 08:53:39.765965;2
2021-10-13 15:46:24.814375;1
2021-10-18 13:10:59.002226;1
2021-10-18 13:55:55.657346;1
2021-10-18 16:52:47.077232;1
2021-10-18 16:53:07.116504;1
2021-10-18 16:53:30.703383;1
2021-10-18 16:53:53.781943;1
2021-10-18 16:54:32.512686;1
2021-10-20 20:32:29.884973;1
2021-10-20 20:33:23.980718;1
2021-10-20 20:33:56.11116;1
2021-10-20 20:34:06.322053;1
2021-10-20 20:34:24.748976;1
2021-10-20 20:34:35.664579;1
2021-10-20 20:34:47.85384;1
2021-10-20 20:35:13.91966;1
2021-10-20 20:35:24.120089;1
2021-10-20 20:35:38.907685;1
2021-10-21 12:15:09.387021;1
2021-10-21 12:15:40.383873;1
2021-10-21 12:18:26.785803;1
2021-10-25 10:12:25.082998;1
2021-10-25 10:12:37.653859;1
2021-10-25 13:34:21.418622;1
2021-10-25 14:43:31.980655;1
2021-10-25 14:43:52.108417;1
2021-10-26 12:25:45.29548;1
2021-10-26 16:36:41.131477;1
2021-10-26 17:11:48.945185;1
2021-10-26 17:23:07.390795;1
2021-10-26 17:40:39.248351;1
2021-10-27 09:56:54.598149;1
2021-10-27 10:58:03.299392;1
2021-10-27 13:02:17.859946;1
2021-10-27 13:03:13.115216;1
2021-10-28 08:09:08.849707;1
2021-10-28 09:56:16.287159;1
2021-10-28 10:27:41.89075;1
2021-10-28 10:56:40.523002;1
2021-10-29 14:18:53.700156;1
2021-10-30 11:43:53.18743;1
2021-10-30 11:45:15.673172;1
2021-10-30 11:46:09.511779;1
2021-10-30 12:03:06.276234;1
2021-10-30 12:04:28.666163;1
2021-11-18 14:32:16.187943;1
2021-11-23 14:38:27.045718;1
2021-11-25 17:34:43.199478;1
2021-11-25 17:47:09.725219;1
2021-11-25 17:48:16.396472;1
2021-11-25 17:49:14.044461;1
2021-11-25 17:56:59.246549;1
2021-11-25 17:57:35.73511;1
2021-11-25 18:00:11.769917;1
2021-11-25 18:01:00.644169;1
2021-11-25 18:02:14.189288;1
2021-11-25 18:04:18.335984;1
2021-11-25 18:05:07.404839;1
2021-11-25 18:07:20.244413;1
2021-11-25 18:08:40.700368;1
2021-11-25 18:12:32.327094;1
2021-11-26 10:03:32.687645;1
2021-11-26 10:04:13.991058;1
2021-11-26 10:05:02.992793;1
2021-11-26 10:06:48.346752;1
2021-11-26 10:08:26.444189;1
2021-11-26 10:09:53.118009;1
2021-11-26 10:18:40.258325;1
2021-11-26 10:20:20.9979;1
2021-11-26 10:21:37.020968;1
2021-11-26 10:22:23.422759;1
2021-11-26 10:26:58.138763;1
2021-11-26 10:30:38.86777;1
2021-11-26 10:31:48.906075;1
2021-11-26 10:33:41.659494;1
2021-11-26 10:36:12.277024;1
2021-11-26 10:42:34.33171;1
2021-11-26 10:44:18.971348;1
2021-11-26 10:48:18.295655;1
2021-11-26 10:48:58.507186;1
2021-11-26 10:54:41.201151;1
2021-11-26 10:58:57.101715;1
2021-11-26 10:59:49.348839;1
2021-11-26 11:12:47.060687;1
2021-11-26 11:18:46.008422;1
2021-11-26 11:20:06.433998;1
2021-11-26 11:20:54.563275;1
2021-11-26 11:21:42.245015;1
2021-11-26 11:24:50.91157;1
2021-11-26 11:26:27.699542;1
2021-11-26 11:26:56.373021;1
2021-11-26 11:27:21.202899;1
2021-11-26 11:27:48.042183;1
2021-11-26 12:22:34.202527;1
2021-11-26 12:22:38.656449;1
2021-11-26 12:23:03.316581;1
2021-11-26 12:23:22.734516;1
2021-11-30 13:01:31.016103;1
2021-12-03 12:00:54.735811;1
2021-12-03 13:15:35.368256;1
2021-12-03 15:03:35.115503;1
2021-12-09 11:32:39.36777;1
2021-12-09 11:33:09.983325;1
2021-12-09 11:33:42.324156;1
2021-12-09 11:34:17.164424;1
2021-12-09 11:34:51.082088;1
2021-12-09 13:02:02.942104;1
2021-12-09 13:02:22.23454;1
2021-12-09 13:02:47.6555;1
2021-12-09 13:03:15.722707;1
2021-12-09 13:03:40.854974;2
2021-12-09 14:26:50.294233;1
2021-12-11 13:38:43.298167;1
2021-12-11 13:38:59.104142;1
2021-12-11 13:39:21.97935;1
2021-12-11 13:39:42.115416;1
2021-12-11 13:39:55.626822;1
2021-12-11 13:40:09.165828;1
2021-12-11 13:40:29.687186;1
2021-12-11 13:40:39.227177;1
2021-12-17 14:24:11.6773;1
2021-12-17 16:47:16.460319;1
2021-12-21 14:45:58.89135;1
2021-12-23 11:55:35.891243;1
2021-12-23 12:13:16.10006;1
2021-12-23 12:41:43.1764;1
2021-12-23 12:44:27.283573;1
2021-12-23 12:50:26.388266;1
2021-12-23 12:52:02.136182;1
2021-12-23 12:52:30.741792;1
2021-12-23 15:10:52.592292;1
2021-12-23 15:19:58.44579;1
2021-12-23 15:20:48.518563;1
2021-12-24 09:25:45.3302;1
2021-12-24 09:26:25.255517;1
2021-12-24 09:26:38.548954;1
2021-12-24 09:27:43.183432;1
2021-12-24 09:27:43.393349;1
2021-12-24 09:27:53.771617;1
2021-12-24 09:28:18.158543;1
2021-12-24 09:28:25.921483;1
2021-12-24 09:28:38.189346;1
2021-12-24 09:28:49.03335;1
2021-12-24 09:29:26.382159;1
2021-12-24 09:30:09.307247;1
2021-12-24 09:30:09.52596;1
2021-12-24 09:30:11.104305;1
2021-12-24 09:30:13.411896;1
2021-12-24 09:30:15.069834;1
2021-12-24 09:30:15.91908;1
2021-12-24 09:30:20.650874;1
2021-12-24 09:30:27.194145;1
2021-12-24 09:30:27.417909;1
2021-12-24 09:30:28.179322;1
2021-12-24 09:30:28.40126;1
2021-12-24 09:30:30.117218;1
2021-12-24 09:30:40.509811;1
2021-12-24 09:30:41.250292;1
2021-12-24 09:30:45.278109;1
2021-12-24 09:30:54.88481;1
2021-12-24 09:31:15.623402;1
2021-12-24 09:31:18.826206;1
2021-12-24 09:31:26.047474;1
2021-12-24 09:31:53.297152;1
2021-12-24 09:31:58.66661;1
2021-12-24 09:32:00.955909;1
2021-12-24 09:32:01.694033;1
2021-12-24 09:32:01.909437;1
2021-12-24 09:32:05.565604;1
2021-12-24 09:32:06.305554;1
2021-12-24 09:32:07.06205;1
2021-12-24 09:32:07.944243;1
2021-12-24 09:32:08.711221;1
2021-12-24 09:32:09.457641;1
2021-12-24 09:32:10.909825;1
2021-12-24 09:32:11.753371;1
2021-12-24 09:32:12.661948;1
2021-12-24 09:32:13.482254;1
2021-12-24 09:32:15.105562;1
2021-12-24 09:32:19.031314;1
2021-12-24 09:32:19.791401;1
2021-12-24 09:32:33.919333;1
2021-12-24 09:32:42.816075;1
2021-12-24 09:32:50.664418;1
2021-12-24 09:32:52.200151;1
2021-12-24 09:32:53.723362;1
2021-12-24 09:32:55.103124;1
2021-12-24 09:32:55.882606;1
2021-12-24 09:32:56.709897;1
2021-12-24 09:33:00.911525;1
2021-12-24 09:33:03.216608;1
2021-12-24 09:33:05.337318;1
2021-12-24 09:33:07.581169;1
2021-12-24 09:33:07.778128;1
2021-12-24 09:33:08.527989;1
2021-12-24 09:33:08.74203;1
2021-12-24 09:33:09.572835;1
2021-12-24 09:33:10.305199;1
2021-12-24 09:33:10.49409;1
2021-12-24 09:33:53.769554;1
2021-12-24 09:33:54.723146;1
2021-12-24 09:33:55.634042;1
2021-12-24 09:33:55.86792;1
2021-12-24 09:33:56.886416;1
2021-12-24 09:33:57.800476;1
2021-12-24 09:33:58.033601;1
2021-12-24 09:33:58.879199;1
2021-12-24 09:33:59.907132;1
2021-12-24 09:34:00.777732;1
2021-12-24 09:34:00.979442;1
2021-12-24 09:34:01.818025;1
2021-12-24 09:34:02.013621;1
2021-12-24 09:34:02.913388;1
2021-12-24 09:34:03.804002;1
2021-12-24 09:34:04.715746;1
2021-12-24 09:34:04.928872;1
2021-12-24 09:34:05.975424;1
2021-12-24 09:34:06.842407;1
2021-12-24 09:34:07.046166;1
2021-12-24 09:34:07.925319;1
2021-12-24 09:34:08.125342;1
2021-12-24 09:34:08.995191;1
2021-12-24 09:34:09.230996;1
2021-12-24 09:34:10.084246;1
2021-12-24 09:34:11.068279;1
2021-12-24 09:34:11.261229;1
2021-12-24 09:34:12.179572;1
2021-12-24 09:34:12.407545;1
2021-12-24 09:34:13.33321;1
2021-12-24 09:34:13.551655;1
2021-12-24 09:34:14.444118;1
2021-12-24 09:34:15.313264;1
2021-12-24 09:34:56.796317;1
2021-12-24 09:34:57.715467;1
2021-12-24 09:35:00.402544;1
2021-12-24 09:35:01.286624;1
2021-12-24 09:35:01.505476;1
2021-12-24 09:35:02.403202;1
2021-12-24 09:35:02.618006;1
2021-12-24 09:35:03.591041;1
2021-12-24 09:35:03.803593;1
2021-12-24 09:35:04.694524;1
2021-12-24 09:35:05.613506;1
2021-12-24 09:35:06.552672;1
2021-12-24 09:35:07.396107;1
2021-12-24 09:35:07.611219;1
2021-12-24 09:36:09.725312;1
2021-12-24 09:36:11.54528;1
2021-12-24 09:41:11.673337;1
2021-12-24 09:41:12.442319;1
2021-12-24 09:41:15.150543;1
2021-12-24 09:41:15.962478;1
2021-12-24 09:41:16.82088;1
2021-12-24 09:41:17.682128;1
2021-12-24 09:41:18.485462;1
2021-12-24 09:41:19.271142;1
2021-12-24 09:41:20.085584;1
2021-12-24 09:41:20.916693;1
2021-12-24 09:41:21.836319;1
2021-12-24 09:41:22.661825;1
2021-12-24 09:41:23.474786;1
2021-12-24 09:41:24.345557;1
2021-12-24 09:41:25.145929;1
2021-12-24 09:41:25.977242;1
2021-12-24 09:41:26.789283;1
2021-12-24 09:41:27.637564;1
2021-12-24 09:41:28.500937;1
2021-12-24 09:41:29.327445;1
2021-12-24 09:41:30.11278;1
2021-12-24 09:41:30.903028;1
2021-12-24 09:41:31.737062;1
2021-12-24 09:41:32.551207;1
2021-12-24 09:41:33.376886;1
2021-12-24 09:41:34.218666;1
2021-12-24 09:41:35.034584;1
2021-12-24 09:41:35.881308;1
2021-12-24 09:41:36.670121;1
2021-12-24 09:41:37.425727;1
2021-12-24 09:41:38.277869;1
2021-12-24 09:41:39.10568;1
2021-12-24 09:41:39.913574;1
2021-12-24 09:41:40.723122;1
2021-12-24 09:41:41.515226;1
2021-12-24 09:41:42.391952;1
2021-12-24 09:41:43.235646;1
2021-12-24 09:41:43.446753;1
2021-12-24 09:41:44.263234;1
2021-12-24 09:41:46.316854;1
2021-12-24 09:41:46.941069;1
2021-12-24 09:41:56.103082;1
2021-12-24 09:42:12.53289;1
2021-12-24 09:42:13.44699;1
2021-12-24 09:42:23.821928;1
2021-12-24 09:42:25.346742;1
2021-12-24 09:42:26.164749;1
2021-12-24 09:42:27.698415;1
2021-12-24 09:42:29.202359;1
2021-12-24 09:42:29.979555;1
2021-12-24 09:42:32.803136;1
2021-12-24 09:42:36.936193;1
2021-12-24 09:42:54.136467;1
2021-12-24 09:42:54.865551;1
2021-12-24 09:42:57.982036;1
2021-12-24 09:42:59.458814;1
2021-12-24 09:43:00.964675;1
2021-12-24 09:43:02.455047;1
2021-12-24 09:43:04.758588;1
2021-12-24 09:43:17.968457;1
2021-12-24 09:43:19.570351;1
2021-12-24 09:43:21.035319;1
2021-12-24 09:43:21.775729;1
2021-12-24 09:43:26.075601;1
2021-12-24 09:43:26.843404;1
2021-12-24 09:43:28.346708;1
2021-12-24 09:43:29.850961;1
2021-12-24 09:43:30.786403;1
2021-12-24 09:43:31.614746;1
2021-12-24 09:43:32.366633;1
2021-12-24 09:43:33.132545;1
2021-12-24 09:43:34.777539;1
2021-12-24 09:43:41.928854;1
2021-12-24 09:44:12.673294;1
2021-12-24 09:44:13.496626;1
2021-12-24 09:44:14.337123;1
2021-12-24 09:44:15.194719;1
2021-12-24 09:44:16.016241;1
2021-12-24 09:44:17.576651;1
2021-12-24 09:44:18.384325;1
2021-12-24 09:44:19.20229;1
2021-12-24 09:44:21.683043;1
2021-12-24 09:44:22.709989;1
2021-12-24 09:44:24.30155;1
2021-12-24 09:44:25.070739;1
2021-12-24 09:44:26.656727;1
2021-12-24 09:44:28.285068;1
2021-12-24 09:44:29.043004;1
2021-12-24 09:44:29.892758;1
2021-12-24 09:44:30.648003;1
2021-12-24 09:44:31.466568;1
2021-12-24 09:44:31.702861;1
2021-12-24 09:44:32.500488;1
2021-12-24 09:44:33.254733;1
2021-12-24 09:44:34.23043;1
2021-12-24 09:44:35.040597;1
2021-12-24 09:44:35.866757;1
2021-12-24 09:44:37.561141;1
2021-12-24 09:44:38.386065;1
2021-12-24 09:44:40.072716;1
2021-12-24 09:44:40.902224;1
2021-12-24 09:44:41.728574;1
2021-12-24 09:44:42.45775;1
2021-12-24 09:44:43.859556;1
2021-12-24 09:44:52.997302;1
2021-12-24 09:44:54.529776;1
2021-12-24 09:44:56.10281;1
2021-12-24 09:44:59.360324;1
2021-12-24 09:45:00.137774;1
2021-12-24 09:45:03.356828;1
2021-12-24 09:45:05.002185;1
2021-12-24 09:45:05.790756;1
2021-12-24 09:45:06.656978;1
2021-12-24 09:45:08.834472;1
2021-12-24 09:45:09.640081;1
2021-12-24 09:45:10.407971;1
2021-12-24 09:45:11.289278;1
2021-12-24 09:45:12.156587;1
2021-12-24 09:45:12.925948;1
2021-12-24 09:45:13.77032;1
2021-12-24 09:45:15.372129;1
2021-12-24 09:45:20.818464;1
2021-12-24 09:45:21.664853;1
2021-12-24 09:45:22.485335;1
2021-12-24 09:45:23.255543;1
2021-12-24 09:45:24.014409;1
2021-12-24 09:45:24.930451;1
2021-12-24 09:45:25.829502;1
2021-12-24 09:45:26.608645;1
2021-12-24 09:45:27.354171;1
2021-12-24 09:45:28.092413;1
2021-12-24 09:45:28.912713;1
2021-12-24 09:45:29.644197;1
2021-12-24 09:45:35.757286;1
2021-12-24 09:45:36.528592;1
2021-12-24 09:45:37.356308;1
2021-12-24 09:45:38.184134;1
2021-12-24 09:45:39.000312;1
2021-12-24 09:45:39.808582;1
2021-12-24 09:45:40.622159;1
2021-12-24 09:45:41.362488;1
2021-12-24 09:45:43.021932;1
2021-12-24 09:45:43.84959;1
2021-12-24 09:45:44.651612;1
2021-12-24 09:45:45.459951;1
2021-12-24 09:45:46.312924;1
2021-12-24 09:45:49.029031;1
2021-12-24 09:45:49.742128;1
2021-12-24 09:46:48.823783;1
2021-12-24 09:46:49.549666;1
2021-12-24 09:46:51.728018;1
2021-12-24 09:46:52.507951;1
2021-12-24 09:46:59.801994;1
2021-12-24 09:47:00.579923;1
2021-12-24 09:47:06.016751;1
2021-12-24 09:47:06.8314;1
2021-12-24 09:47:07.626001;1
2021-12-24 09:47:08.440927;1
2021-12-24 09:47:09.343796;1
2021-12-24 09:47:10.146087;1
2021-12-24 09:47:10.962548;1
2021-12-24 09:47:11.78197;1
2021-12-24 09:47:12.597477;1
2021-12-24 09:47:13.409295;1
2021-12-24 09:47:14.246392;1
2021-12-24 09:47:15.062598;1
2021-12-24 09:47:15.859627;1
2021-12-24 09:47:16.709465;1
2021-12-24 09:47:17.533962;1
2021-12-24 09:47:18.374435;1
2021-12-24 09:47:19.198109;1
2021-12-24 09:47:20.74145;1
2021-12-24 09:47:21.573662;1
2021-12-24 09:47:22.402961;1
2021-12-24 09:47:23.280726;1
2021-12-24 09:47:24.111186;1
2021-12-24 09:47:24.950348;1
2021-12-24 09:47:25.754091;1
2021-12-24 09:47:26.571976;1
2021-12-24 09:47:27.413513;1
2021-12-24 09:47:28.221991;1
2021-12-24 09:47:29.024146;1
2021-12-24 09:47:29.860008;1
2021-12-24 09:47:30.669973;1
2021-12-24 09:47:31.520795;1
2021-12-24 09:47:32.322258;1
2021-12-24 09:47:33.155271;1
2021-12-24 09:47:33.993449;1
2021-12-24 09:47:34.794269;1
2021-12-24 09:47:35.687912;1
2021-12-24 09:47:36.531395;1
2021-12-24 09:47:37.35241;1
2021-12-24 09:47:38.20731;1
2021-12-24 09:47:38.993815;1
2021-12-24 09:47:39.826045;1
2021-12-24 09:47:40.642974;1
2021-12-24 09:47:41.540513;1
2021-12-24 09:47:42.50841;1
2021-12-24 09:47:43.410065;1
2021-12-24 09:47:44.248075;1
2021-12-24 09:47:45.099586;1
2021-12-24 09:47:45.927811;1
2021-12-24 09:47:46.752997;1
2021-12-24 09:47:47.601389;1
2021-12-24 09:47:48.427631;1
2021-12-24 09:47:49.258385;1
2021-12-24 09:47:50.105449;1
2021-12-24 09:47:51.029204;1
2021-12-24 09:47:51.883116;1
2021-12-24 09:47:52.75599;1
2021-12-24 09:47:53.632608;1
2021-12-24 09:47:54.481395;1
2021-12-24 09:47:55.375733;1
2021-12-24 09:47:56.271593;1
2021-12-24 09:47:57.168054;1
2021-12-24 09:47:58.031588;1
2021-12-24 09:47:58.947568;1
2021-12-24 09:47:59.74979;1
2021-12-24 09:48:00.618079;1
2021-12-24 09:48:01.490211;1
2021-12-24 09:48:02.347635;1
2021-12-24 09:48:03.144388;1
2021-12-24 09:48:04.019557;1
2021-12-24 09:48:04.851506;1
2021-12-24 09:48:05.666557;1
2021-12-24 09:48:06.521642;1
2021-12-24 09:48:11.464237;1
2021-12-24 09:48:12.287794;1
2021-12-24 09:48:13.109766;1
2021-12-24 09:48:13.905445;1
2021-12-24 09:48:14.719368;1
2021-12-24 09:48:15.569668;1
2021-12-24 09:48:16.374231;1
2021-12-24 09:48:17.26614;1
2021-12-24 09:48:18.163333;1
2021-12-24 09:48:18.96595;1
2021-12-24 09:48:19.787889;1
2021-12-24 09:48:20.593563;1
2021-12-24 09:48:21.431005;1
2021-12-24 09:48:22.299397;1
2021-12-24 09:48:23.134246;1
2021-12-24 09:48:24.018826;1
2021-12-24 09:48:24.855321;1
2021-12-24 09:48:25.704534;1
2021-12-24 09:48:26.543705;1
2021-12-24 09:48:27.370412;1
2021-12-24 09:48:28.20002;1
2021-12-24 09:48:29.02899;1
2021-12-24 09:48:29.86298;1
2021-12-24 09:48:30.582448;1
2021-12-24 09:48:31.418236;1
2021-12-24 09:48:33.031378;1
2021-12-24 09:48:33.906927;1
2021-12-24 09:48:36.462068;1
2021-12-24 09:48:38.211712;1
2021-12-24 09:48:39.029217;1
2021-12-24 09:48:39.856435;1
2021-12-24 09:48:40.67394;1
2021-12-24 09:48:41.589389;1
2021-12-24 09:48:52.938228;1
2021-12-24 09:49:10.511272;1
2021-12-24 09:49:10.721509;1
2021-12-24 09:49:11.485863;1
2021-12-24 09:49:12.365881;1
2021-12-24 09:49:13.237698;1
2021-12-24 09:49:14.185663;1
2021-12-24 09:49:15.029146;1
2021-12-24 09:49:15.845859;1
2021-12-24 09:49:16.957346;1
2021-12-24 09:49:17.930278;1
2021-12-24 09:49:18.727364;1
2021-12-24 09:49:19.57664;1
2021-12-24 09:49:20.451306;1
2021-12-24 09:49:21.353134;1
2021-12-24 09:49:23.080451;1
2021-12-24 09:49:23.939824;1
2021-12-24 09:49:24.836436;1
2021-12-24 09:49:25.618292;1
2021-12-24 09:49:27.436049;1
2021-12-24 09:49:28.347467;1
2021-12-24 09:49:29.183537;1
2021-12-24 09:49:30.04107;1
2021-12-24 09:49:30.850787;1
2021-12-24 09:49:31.708141;1
2021-12-24 09:49:33.295584;1
2021-12-24 09:49:33.565424;1
2021-12-24 09:49:34.394247;1
2021-12-24 09:49:34.626951;1
2021-12-24 09:49:35.529379;1
2021-12-24 09:49:35.741265;1
2021-12-24 09:49:36.501242;1
2021-12-24 09:49:36.701478;1
2021-12-24 09:49:38.307231;1
2021-12-24 09:49:38.533181;1
2021-12-24 09:49:39.301271;1
2021-12-24 09:49:39.509388;1
2021-12-24 09:49:40.226824;1
2021-12-24 09:49:40.437459;1
2021-12-24 09:49:41.225374;1
2021-12-24 09:49:41.471088;1
2021-12-24 09:49:44.379042;1
2021-12-24 09:49:44.606739;1
2021-12-24 09:49:45.469024;1
2021-12-24 09:49:45.683452;1
2021-12-24 09:49:46.505339;1
2021-12-24 09:49:46.709532;1
2021-12-24 09:49:47.569564;1
2021-12-24 09:49:47.753652;1
2021-12-24 09:49:48.625726;1
2021-12-24 09:49:48.924971;1
2021-12-24 09:49:49.717018;1
2021-12-24 09:49:49.93695;1
2021-12-24 09:49:50.725344;1
2021-12-24 09:49:50.946245;1
2021-12-24 09:49:51.735071;1
2021-12-24 09:49:51.947034;1
2021-12-24 09:49:52.783319;1
2021-12-24 09:49:53.001881;1
2021-12-24 09:49:53.799427;1
2021-12-24 09:49:54.017851;1
2021-12-24 09:49:54.852759;1
2021-12-24 09:49:55.08616;1
2021-12-24 09:49:55.901456;1
2021-12-24 09:49:56.12482;1
2021-12-24 09:49:56.845198;1
2021-12-24 09:49:57.064865;1
2021-12-24 09:49:57.79897;1
2021-12-24 09:49:58.021218;1
2021-12-24 09:49:58.858261;1
2021-12-24 09:49:59.080829;1
2021-12-24 09:49:59.847474;1
2021-12-24 09:50:00.072106;1
2021-12-24 09:50:00.955779;1
2021-12-24 09:50:01.157613;1
2021-12-24 09:50:01.951596;1
2021-12-24 09:50:02.176668;1
2021-12-24 09:50:03.11327;1
2021-12-24 09:50:03.345506;1
2021-12-24 09:50:04.071604;1
2021-12-24 09:50:04.282162;1
2021-12-24 09:50:05.064601;1
2021-12-24 09:50:05.267525;1
2021-12-24 09:50:06.103166;1
2021-12-24 09:50:06.32102;1
2021-12-24 09:50:07.136977;1
2021-12-24 09:50:07.377043;1
2021-12-24 09:50:08.191433;1
2021-12-24 09:50:08.404145;1
2021-12-24 09:50:09.221477;1
2021-12-24 09:50:09.432528;1
2021-12-24 09:50:10.512832;1
2021-12-24 09:50:10.735342;1
2021-12-24 09:50:11.551088;1
2021-12-24 09:50:11.775335;1
2021-12-24 09:50:12.569342;1
2021-12-24 09:50:12.798317;1
2021-12-24 09:50:13.625705;1
2021-12-24 09:50:13.82612;1
2021-12-24 09:50:14.577931;1
2021-12-24 09:50:14.79792;1
2021-12-24 09:50:15.550982;1
2021-12-24 09:50:15.752135;1
2021-12-24 09:50:17.264113;1
2021-12-24 09:50:17.496993;1
2021-12-24 09:50:18.26328;1
2021-12-24 09:50:18.505269;1
2021-12-24 09:50:19.347038;1
2021-12-24 09:50:19.561795;1
2021-12-24 09:50:20.382982;1
2021-12-24 09:50:20.614153;1
2021-12-24 09:50:21.331079;1
2021-12-24 09:50:21.577614;1
2021-12-24 09:50:22.431206;1
2021-12-24 09:50:22.8117;1
2021-12-24 09:50:23.682374;1
2021-12-24 09:50:23.924839;1
2021-12-24 09:50:24.763008;1
2021-12-24 09:50:24.956999;1
2021-12-24 09:50:25.846085;1
2021-12-24 09:50:26.055139;1
2021-12-24 09:50:26.88809;1
2021-12-24 09:50:27.095559;1
2021-12-24 09:50:27.927049;1
2021-12-24 09:50:28.137441;1
2021-12-24 09:50:28.977967;1
2021-12-24 09:50:29.192047;1
2021-12-24 09:50:30.044765;1
2021-12-24 09:50:30.295055;1
2021-12-24 09:50:31.058322;1
2021-12-24 09:50:31.280308;1
2021-12-24 09:50:32.109822;1
2021-12-24 09:50:32.321221;1
2021-12-24 09:50:33.171395;1
2021-12-24 09:50:33.391598;1
2021-12-24 09:50:34.209132;1
2021-12-24 09:50:34.406798;1
2021-12-24 09:50:35.1645;1
2021-12-24 09:50:35.365684;1
2021-12-24 09:50:36.171135;1
2021-12-24 09:50:36.373501;1
2021-12-24 09:50:38.228115;1
2021-12-24 09:50:38.439262;1
2021-12-24 09:50:39.254144;1
2021-12-24 09:50:39.457276;1
2021-12-24 09:50:40.28097;1
2021-12-24 09:50:40.509567;1
2021-12-24 09:50:41.425415;1
2021-12-24 09:50:41.66871;1
2021-12-24 09:50:42.817628;1
2021-12-24 09:50:43.060365;1
2021-12-24 09:50:44.177572;1
2021-12-24 09:50:44.42107;1
2021-12-24 09:50:45.297191;1
2021-12-24 09:50:45.500956;1
2021-12-24 09:50:47.403868;1
2021-12-24 09:50:47.603366;1
2021-12-24 09:50:48.789363;1
2021-12-24 09:50:49.043064;1
2021-12-24 09:50:49.771296;1
2021-12-24 09:50:49.989725;1
2021-12-24 09:50:50.806592;1
2021-12-24 09:50:51.632467;1
2021-12-24 09:50:51.824959;1
2021-12-24 09:50:52.640062;1
2021-12-24 09:50:53.465541;1
2021-12-24 09:50:54.305029;1
2021-12-24 09:50:55.148961;1
2021-12-24 09:50:55.349463;1
2021-12-24 09:50:56.877072;1
2021-12-24 09:50:57.708975;1
2021-12-24 09:50:58.531352;1
2021-12-24 09:50:59.277276;1
2021-12-24 09:50:59.4752;1
2021-12-24 09:51:00.473199;1
2021-12-24 09:51:00.836552;1
2021-12-24 09:51:01.895917;1
2021-12-24 09:51:02.155008;1
2021-12-24 09:51:03.121782;1
2021-12-24 09:51:04.427875;1
2021-12-24 09:51:04.683952;1
2021-12-24 09:51:05.540913;1
2021-12-24 09:51:05.778706;1
2021-12-24 09:51:06.669206;1
2021-12-24 09:51:06.89717;1
2021-12-24 09:51:07.861296;1
2021-12-24 09:51:08.087294;1
2021-12-24 09:51:09.034754;1
2021-12-24 09:51:09.278776;1
2021-12-24 09:51:10.16123;1
2021-12-24 09:51:11.009057;1
2021-12-24 09:51:11.880006;1
2021-12-24 09:51:12.801501;1
2021-12-24 09:51:13.764152;1
2021-12-24 09:51:14.61296;1
2021-12-24 09:51:15.444964;1
2021-12-24 09:51:16.313064;1
2021-12-24 09:51:17.143252;1
2021-12-24 09:51:17.969439;1
2021-12-24 09:51:18.801022;1
2021-12-24 09:51:19.663545;1
2021-12-24 09:51:20.524698;1
2021-12-24 09:51:21.406508;1
2021-12-24 09:51:22.306392;1
2021-12-24 09:51:23.579535;1
2021-12-24 09:51:24.409795;1
2021-12-24 09:51:25.2637;1
2021-12-24 09:51:26.135631;1
2021-12-24 09:51:29.752645;1
2021-12-24 09:51:30.537941;1
2021-12-24 09:51:31.295923;1
2021-12-24 09:51:33.00614;1
2021-12-24 09:51:33.870579;1
2021-12-24 09:51:34.653553;1
2021-12-24 09:51:34.865459;1
2021-12-24 09:51:35.668402;1
2021-12-24 09:51:36.449879;1
2021-12-24 09:51:37.237661;1
2021-12-24 09:51:38.005315;1
2021-12-24 09:52:08.443355;1
2021-12-24 09:52:09.247115;1
2021-12-24 09:52:10.079258;1
2021-12-24 09:52:10.883841;1
2021-12-24 09:52:11.70513;1
2021-12-24 09:52:12.55837;1
2021-12-24 09:52:13.380868;1
2021-12-24 09:52:14.189486;1
2021-12-24 09:52:15.005797;1
2021-12-24 09:52:15.841293;1
2021-12-24 09:52:16.655254;1
2021-12-24 09:52:17.524823;1
2021-12-24 09:52:18.417131;1
2021-12-24 09:52:19.290928;1
2021-12-24 09:52:20.132912;1
2021-12-24 09:52:20.979276;1
2021-12-24 09:52:21.78697;1
2021-12-24 09:52:22.553572;1
2021-12-24 09:52:23.333091;1
2021-12-24 09:52:24.137727;1
2021-12-24 09:52:24.939701;1
2021-12-24 09:52:25.762954;1
2021-12-24 09:52:27.222762;1
2021-12-24 09:52:28.103313;1
2021-12-24 09:52:28.943593;1
2021-12-24 09:52:29.745585;1
2021-12-24 09:52:30.56691;1
2021-12-24 09:52:31.364819;1
2021-12-24 09:52:32.15687;1
2021-12-24 09:52:32.996756;1
2021-12-24 09:52:33.816121;1
2021-12-24 09:52:34.619168;1
2021-12-24 09:52:35.460893;1
2021-12-24 09:52:36.265527;1
2021-12-24 09:52:37.066726;1
2021-12-24 09:52:39.31158;1
2021-12-24 09:52:40.092055;1
2021-12-24 09:52:41.691154;1
2021-12-24 09:52:42.560055;1
2021-12-24 09:52:43.390238;1
2021-12-24 09:52:44.202621;1
2021-12-24 09:52:45.019474;1
2021-12-24 09:52:45.823364;1
2021-12-24 09:52:46.641332;1
2021-12-24 09:52:47.471878;1
2021-12-24 09:52:48.30879;1
2021-12-24 09:52:49.139215;1
2021-12-24 09:52:50.013427;1
2021-12-24 09:52:50.878136;1
2021-12-24 09:52:51.701115;1
2021-12-24 09:52:52.517313;1
2021-12-24 09:52:53.357602;1
2021-12-24 09:52:54.885593;1
2021-12-24 09:52:55.661009;1
2021-12-24 09:52:57.216656;1
2021-12-24 09:52:58.040138;1
2021-12-24 09:52:58.844949;1
2021-12-24 09:53:00.655777;1
2021-12-24 09:53:02.415851;1
2021-12-24 09:53:03.377954;1
2021-12-24 09:53:04.227857;1
2021-12-24 09:53:05.071534;1
2021-12-24 09:53:05.864246;1
2021-12-24 09:53:06.720703;1
2021-12-24 09:53:07.568531;1
2021-12-24 09:53:08.379022;1
2021-12-24 09:53:09.230223;1
2021-12-24 09:53:10.030274;1
2021-12-24 09:53:10.881974;1
2021-12-24 09:53:11.710864;1
2021-12-24 09:53:12.543773;1
2021-12-24 09:53:13.300979;1
2021-12-24 09:53:13.500629;1
2021-12-24 09:53:14.299277;1
2021-12-24 09:53:14.513291;1
2021-12-24 09:53:15.366782;1
2021-12-24 09:53:15.630413;1
2021-12-24 09:53:16.763074;1
2021-12-24 09:53:17.005609;1
2021-12-24 09:53:17.740636;1
2021-12-24 09:53:18.611521;1
2021-12-24 09:53:19.504865;1
2021-12-24 09:53:20.35176;1
2021-12-24 09:53:21.180647;1
2021-12-24 09:53:21.423689;1
2021-12-24 09:53:22.277469;1
2021-12-24 09:53:23.240928;1
2021-12-24 09:53:24.835507;1
2021-12-24 09:53:25.685435;1
2021-12-24 09:53:26.569084;1
2021-12-24 09:53:27.43568;1
2021-12-24 09:53:28.287069;1
2021-12-24 09:53:29.164912;1
2021-12-24 09:53:30.028643;1
2021-12-24 09:53:30.8419;1
2021-12-24 09:53:31.970946;1
2021-12-24 09:53:32.85594;1
2021-12-24 09:53:33.697409;1
2021-12-24 09:53:34.525027;1
2021-12-24 09:53:36.56559;1
2021-12-24 09:53:38.811634;1
2021-12-24 09:53:39.001895;1
2021-12-24 09:53:39.847374;1
2021-12-24 09:53:40.061104;1
2021-12-24 09:53:40.867168;1
2021-12-24 09:53:41.700924;1
2021-12-24 09:53:42.532554;1
2021-12-24 09:53:42.746969;1
2021-12-24 09:53:43.569011;1
2021-12-24 09:53:44.406882;1
2021-12-24 09:53:45.321218;1
2021-12-24 09:53:46.404531;1
2021-12-24 09:53:47.241086;1
2021-12-24 09:53:48.043689;1
2021-12-24 09:53:48.846358;1
2021-12-24 09:53:49.688333;1
2021-12-24 09:53:50.505413;1
2021-12-24 09:53:51.345896;1
2021-12-24 09:53:52.864962;1
2021-12-24 09:53:53.680796;1
2021-12-24 09:53:54.510836;1
2021-12-24 09:53:55.341412;1
2021-12-24 09:53:56.150787;1
2021-12-24 09:53:57.820681;1
2021-12-24 09:53:58.651123;1
2021-12-24 09:53:59.447248;1
2021-12-24 09:54:01.402174;1
2021-12-24 09:54:02.219324;1
2021-12-24 09:54:03.0223;1
2021-12-24 09:54:03.860296;1
2021-12-24 09:54:04.690815;1
2021-12-24 09:54:05.544835;1
2021-12-24 09:54:06.380792;1
2021-12-24 09:54:07.192586;1
2021-12-24 09:54:08.706974;1
2021-12-24 09:54:09.527003;1
2021-12-24 09:54:10.377143;1
2021-12-24 09:54:11.184625;1
2021-12-24 09:54:12.023866;1
2021-12-24 09:54:12.874301;1
2021-12-24 09:54:13.718512;1
2021-12-24 09:54:14.549615;1
2021-12-24 09:54:16.145312;1
2021-12-24 09:54:17.057722;1
2021-12-24 09:54:17.886224;1
2021-12-24 09:54:18.73254;1
2021-12-24 09:54:19.566789;1
2021-12-24 09:54:20.423059;1
2021-12-24 09:54:21.32746;1
2021-12-24 09:54:22.237412;1
2021-12-24 09:54:23.307291;1
2021-12-24 09:54:26.649549;1
2021-12-24 09:54:27.461255;1
2021-12-24 09:54:28.322679;1
2021-12-24 09:54:29.159316;1
2021-12-24 09:54:30.277167;1
2021-12-24 09:54:31.113097;1
2021-12-24 09:54:31.902733;1
2021-12-24 09:54:32.712981;1
2021-12-24 09:54:34.708622;1
2021-12-24 09:54:35.410962;1
2021-12-24 09:54:36.276034;1
2021-12-24 10:17:39.515265;1
2021-12-24 10:17:40.416416;1
2021-12-24 10:17:51.790043;1
2021-12-24 10:17:52.821629;1
2021-12-24 10:17:53.179913;1
2021-12-24 10:17:53.516393;1
2021-12-24 10:17:53.896067;1
2021-12-24 12:56:02.64078;1
2021-12-24 12:59:40.969144;1
2021-12-25 12:16:21.210091;1
2021-12-25 12:16:55.688542;1
2021-12-25 13:55:55.374871;1
2021-12-25 13:58:16.507815;1
2021-12-25 13:58:36.679185;1
2021-12-25 14:46:35.672082;1
2021-12-25 14:47:03.578655;1
2021-12-25 14:47:53.072047;2
2021-12-31 12:44:56.023992;1
2021-12-31 15:22:25.940042;1
2021-12-31 15:22:38.13524;1
2021-12-31 15:23:29.827863;1
2021-12-31 15:24:08.02591;1
2021-12-31 15:24:58.680917;1
2021-12-31 16:04:14.034513;1
2022-01-03 11:50:03.758914;1
2022-01-03 14:21:51.659219;1
2022-01-04 16:02:24.696525;1
2022-01-05 16:06:10.110022;1
2022-01-05 16:20:41.749898;1
2022-01-05 17:04:58.596954;1
2022-01-05 17:05:38.305856;1
2022-01-05 21:32:13.435982;1
2022-01-06 08:08:02.596727;1
2022-01-06 10:28:51.976054;1
2022-01-06 10:29:29.095477;1
2022-01-06 10:30:13.653929;1
2022-01-06 10:30:54.337283;1
2022-01-06 10:54:37.619945;1
2022-01-06 10:56:00.360003;1
2022-01-06 15:17:36.59796;1
2022-01-06 15:18:42.068327;1
2022-01-06 15:22:32.105819;1
2022-01-06 16:03:59.062649;1
2022-01-06 16:04:22.198709;1
2022-01-06 16:05:00.206155;1
2022-01-06 16:05:36.623536;1
2022-01-07 12:50:29.479259;1
2022-01-07 14:44:50.863621;1
2022-01-07 15:14:32.46349;1
2022-01-07 16:06:47.658114;1
2022-01-07 17:01:47.183398;1
2022-01-07 17:04:44.520211;1
2022-01-07 17:04:51.561214;1
2022-01-07 17:04:58.714642;1
2022-01-07 17:05:04.938906;1
2022-01-07 17:05:15.731155;1
2022-01-07 17:06:08.162812;1
2022-01-07 17:06:14.907373;1
2022-01-07 17:06:21.327846;1
2022-01-07 17:06:27.610391;1
2022-01-07 17:06:33.481692;1
2022-01-07 17:06:43.666472;1
2022-01-07 17:07:32.316969;1
2022-01-08 14:36:28.778541;1
2022-01-09 15:24:11.081214;1
2022-01-09 15:25:32.007604;1
2022-01-10 14:29:29.870375;1
2022-01-11 11:54:53.785601;1
2022-01-12 15:35:58.780091;1
2022-01-12 15:37:33.751551;1
2022-01-12 15:45:17.99406;1
2022-01-13 14:50:11.394305;1
2022-01-21 11:57:42.338431;1
2022-01-21 14:19:30.638441;1
2022-01-21 14:29:41.925515;1
2022-01-21 14:30:44.122886;1
2022-01-21 15:18:55.951425;1
2022-01-21 16:23:30.21131;1
2022-01-21 16:56:53.87461;2
2022-01-21 17:02:46.499293;1
2022-01-21 17:29:56.961759;1
2022-01-22 17:42:33.877505;1
2022-01-24 09:50:00.631319;1
2022-01-24 17:03:23.888301;1
2022-01-24 17:29:00.842495;1
2022-01-24 17:30:44.119232;1
2022-01-25 07:46:13.206975;1
2022-01-25 07:49:12.611148;1
2022-01-26 13:12:38.67313;1
2022-01-26 13:13:22.66497;1
2022-01-27 09:30:30.398889;1
2022-01-27 09:32:15.633935;1
2022-01-27 09:33:16.27406;2
2022-01-27 09:34:00.364023;2
2022-01-27 09:34:47.474924;2
2022-01-27 09:35:36.939081;1
2022-01-27 09:46:05.560458;1
2022-01-27 10:16:18.13264;1
2022-01-27 11:16:15.94022;1
2022-01-28 11:51:15.236686;1
2022-01-28 12:49:38.006999;1
2022-01-28 14:12:48.797827;1
2022-01-28 14:13:22.58917;1
2022-01-28 15:01:16.963989;1
2022-01-28 15:01:46.00984;1
2022-01-30 15:47:01.570457;1
2022-02-02 10:02:48.084429;1
2022-02-02 10:03:07.61739;1
2022-02-02 10:03:34.296219;1
2022-02-02 10:03:51.478584;1
2022-02-02 10:04:13.321429;1
2022-02-02 10:04:35.284718;1
2022-02-02 12:06:54.405028;1
2022-02-02 12:24:09.731992;1
2022-02-02 15:24:38.072018;1
2022-02-02 16:09:58.318623;1
2022-02-02 16:28:44.628296;1
2022-02-02 18:03:40.964002;1
2022-02-03 15:30:50.274158;1
2022-02-03 15:31:06.250048;1
2022-02-03 15:31:25.613726;1
2022-02-03 15:32:05.306952;1
2022-02-04 15:20:54.181388;1
2022-02-04 15:23:04.902506;1
2022-02-05 14:45:07.304108;1
2022-02-05 14:46:04.247275;1
2022-02-05 14:46:35.751295;1
2022-02-05 14:47:14.213023;1
2022-02-05 14:47:23.846081;1
2022-02-05 14:48:26.447781;1
2022-02-05 14:50:54.522447;1
2022-02-05 14:51:24.110597;1
2022-02-07 10:20:35.457542;1
2022-02-07 10:33:27.180749;1
2022-02-07 10:38:35.244149;1
2022-02-08 08:05:15.776052;1
2022-02-08 12:58:42.640518;1
2022-02-08 16:48:39.613419;1
2022-02-08 16:51:42.778515;1
2022-02-08 16:54:16.996899;1
2022-02-09 15:48:21.330356;1
2022-02-09 16:53:29.492504;1
2022-02-11 15:14:21.770288;2
2022-02-12 15:16:14.409595;1
2022-02-16 09:10:47.540108;1
2022-02-17 16:37:38.953582;1
2022-02-17 16:43:56.143437;1
2022-02-17 16:44:38.625057;1
2022-02-18 15:25:32.68155;1
2022-02-18 15:25:43.562112;1
2022-02-20 13:10:25.742106;1
2022-02-21 12:58:16.17454;2
2022-02-22 14:26:59.048725;1
2022-02-23 12:47:05.458043;1
2022-02-23 12:52:22.129982;2
2022-02-23 12:52:56.772367;1
2022-02-23 12:57:41.862701;2
2022-02-23 13:11:44.736953;1
2022-02-23 13:17:02.657302;1
2022-02-23 13:21:42.319253;1
2022-02-23 13:26:05.526152;1
2022-02-23 13:27:44.560333;1
2022-02-23 13:29:24.02941;1
2022-02-23 13:30:32.205616;1
2022-02-23 13:31:45.996874;1
2022-02-23 13:50:32.197546;1
2022-02-23 13:52:23.502281;1
2022-02-23 13:53:35.80099;1
2022-02-23 13:56:24.585382;1
2022-02-23 14:00:05.754032;1
2022-02-23 14:01:29.929035;1
2022-02-24 16:15:44.146168;1
2022-02-24 16:17:57.873853;1
2022-02-24 16:18:59.367055;1
2022-02-24 16:19:55.692249;1
2022-02-24 16:21:41.290148;1
2022-02-24 16:23:13.761463;1
2022-02-24 16:24:11.865621;1
2022-02-24 16:47:13.076949;1
2022-02-24 16:48:53.706136;1
2022-02-24 16:49:49.994769;1
2022-02-25 10:52:50.448912;1
2022-03-01 17:13:33.646057;1
2022-03-05 18:26:50.066653;1
2022-03-11 12:11:29.102399;1
2022-03-11 12:12:59.428848;1
2022-03-14 14:53:12.267478;1
2022-03-15 16:32:54.739929;1
2022-03-16 09:17:44.731608;1
2022-03-16 09:18:14.957314;1
2022-03-16 10:19:16.886155;1
2022-03-17 12:19:51.786847;1
2022-03-17 12:20:07.064101;1
2022-03-17 12:20:49.780263;1
2022-03-20 10:34:47.370031;1
2022-03-20 10:41:32.391968;1
2022-03-21 17:14:08.399612;1
2022-03-21 17:14:23.464425;1
2022-03-21 17:31:32.192592;1
2022-03-21 17:31:49.270083;1
2022-03-21 17:32:05.712678;1
2022-03-30 09:47:03.108609;1
2022-04-01 09:22:22.718057;1
2022-04-06 16:21:17.700247;1
2022-04-09 11:09:18.186072;1
2022-04-10 16:03:12.635579;1
2022-04-11 10:29:25.342094;1
2022-04-11 10:32:02.945536;1
2022-04-11 10:34:12.260617;1
2022-04-11 10:34:59.155792;1
2022-04-11 10:35:51.850347;1
2022-04-11 10:36:11.862005;1
2022-04-11 10:36:35.027573;1
2022-04-11 10:37:32.905656;1
2022-04-11 10:38:51.852502;1
2022-04-11 11:01:02.699574;1
2022-04-11 11:04:04.989666;1
2022-04-11 11:05:39.838733;1
2022-04-11 11:06:38.929938;1
2022-04-11 11:32:22.405371;1
2022-04-11 12:01:43.920052;1
2022-04-11 12:02:12.856604;1
2022-04-11 12:02:43.350811;1
2022-04-11 12:03:45.156899;1
2022-04-11 12:04:38.208145;1
2022-04-11 12:06:00.794399;1
2022-04-11 12:06:24.82477;1
2022-04-11 12:07:12.705738;1
2022-04-11 12:07:32.263366;1
2022-04-11 12:07:55.524574;1
2022-04-11 12:08:17.800889;1
2022-04-11 12:50:54.740926;1
2022-04-11 12:51:03.203421;1
2022-04-11 12:51:11.921405;1
2022-04-11 12:51:19.724624;1
2022-04-11 12:52:21.699722;1
2022-04-11 12:52:32.888543;1
2022-04-13 16:01:19.082765;1
2022-04-13 16:02:49.392692;1
2022-04-13 16:04:45.136543;1
2022-04-13 16:05:07.617881;1
2022-04-13 17:28:16.249479;1
2022-04-14 10:46:04.59495;1
2022-04-20 10:51:02.983525;2
2022-04-22 14:52:48.606472;1
2022-04-22 14:55:06.980191;1
2022-04-28 20:07:49.746342;2
2022-04-28 20:15:54.216426;1
2022-04-28 20:16:41.849575;1
2022-04-28 20:16:56.716585;1
2022-04-28 20:17:09.215971;1
2022-04-28 20:17:22.310551;1
2022-04-28 20:17:36.377488;1
2022-04-28 20:17:52.070469;1
2022-04-28 20:18:06.689473;1
2022-04-28 20:18:20.522943;1
2022-04-28 20:18:35.021254;1
2022-04-28 20:18:50.151156;1
2022-04-28 20:19:07.866213;1
2022-05-04 09:49:36.188934;1
2022-05-04 15:34:10.169258;2
2022-05-04 16:11:51.280307;1
2022-05-04 21:34:45.679143;1
2022-05-04 21:35:12.01581;1
2022-05-04 21:35:55.331364;1
2022-05-06 15:44:56.832852;1
2022-05-06 15:47:38.600054;1
2022-05-06 15:50:24.283174;1
2022-05-06 15:53:54.030441;1
2022-05-06 16:00:13.652463;1
2022-05-06 16:07:18.623005;1
2022-05-06 16:10:18.838766;1
2022-05-06 16:10:34.755147;1
2022-05-06 16:11:30.740657;1
2022-05-06 16:12:03.487209;1
2022-05-06 16:12:31.891472;1
2022-05-06 16:13:06.985778;1
2022-05-06 16:13:33.133327;1
2022-05-06 16:14:10.650093;1
2022-05-06 16:14:50.081451;1
2022-05-06 16:16:50.762329;1
2022-05-06 16:18:03.780963;2
2022-05-06 16:23:10.095716;1
2022-05-09 08:28:24.3137;1
2022-05-09 08:54:23.915177;1
2022-05-09 09:34:30.138709;1
2022-05-09 10:56:21.323398;1
2022-05-09 10:56:56.392521;1
2022-05-09 10:57:55.477372;1
2022-05-09 11:00:32.442216;2
2022-05-09 11:01:56.246132;1
2022-05-09 11:43:37.668466;2
2022-05-09 11:46:07.696616;1
2022-05-09 11:46:50.335438;1
2022-05-09 11:47:06.924483;1
2022-05-09 11:47:21.568368;1
2022-05-09 11:48:30.05146;1
2022-05-09 11:57:39.733027;1
2022-05-09 11:58:06.839681;1
2022-05-09 11:58:53.162119;1
2022-05-09 11:59:59.574943;1
2022-05-09 12:00:22.075045;1
2022-05-09 12:04:15.434102;1
2022-05-09 12:05:06.090752;1
2022-05-09 12:06:33.652576;1
2022-05-09 12:10:30.223292;1
2022-05-09 12:21:13.727858;1
2022-05-09 15:07:52.074302;1
2022-05-09 16:18:00.514153;1
2022-05-13 15:59:20.216626;1
2022-05-13 16:18:12.500044;2
2022-05-18 20:57:46.029623;1
2022-05-19 12:52:04.067529;1
2022-05-19 13:35:39.200202;1
2022-05-19 16:27:31.977836;1
2022-05-19 16:27:42.714315;1
2022-05-19 16:27:52.854164;2
2022-05-19 16:28:01.199075;1
2022-05-19 16:28:15.585905;1
2022-05-19 16:29:02.75586;1
2022-05-19 16:59:44.2606;1
2022-05-19 20:41:50.387591;1
2022-05-20 09:30:41.17311;1
2022-05-23 13:15:25.759722;1
2022-05-23 15:20:45.048569;1
2022-05-23 15:21:41.343629;1
2022-05-23 15:44:57.840499;1
2022-05-26 12:14:16.589365;1
2022-05-26 12:14:35.068193;1
2022-05-26 12:14:50.105058;1
2022-05-30 12:45:28.091857;1
2022-05-31 13:33:16.475861;1
2022-06-01 15:02:25.350516;1
2022-06-01 15:08:59.356404;1
2022-06-03 14:10:07.95991;1
2022-06-04 11:57:30.503003;1
2022-06-04 14:53:03.489112;1
2022-06-05 08:45:01.100605;1
2022-06-05 08:45:50.798343;1
2022-06-05 09:23:37.63327;1
2022-06-05 09:25:35.131108;1
2022-06-05 10:29:46.226945;1
2022-06-05 12:44:58.522266;1
2022-06-05 12:45:25.310529;1
2022-06-05 15:00:42.235543;1
2022-06-05 16:27:01.36958;1
2022-06-06 14:41:38.658485;1
2022-06-06 15:43:15.76995;1
2022-06-06 15:44:19.26172;1
2022-06-06 15:44:26.933417;1
2022-06-06 15:44:34.589615;1
2022-06-06 15:44:43.542759;1
2022-06-06 15:44:57.774012;1
2022-06-07 18:20:23.217448;1
2022-06-07 18:34:26.511126;1
2022-06-07 18:35:39.444629;1
2022-06-07 18:36:40.378707;1
2022-06-08 11:52:31.793157;1
2022-06-08 11:54:04.863472;1
2022-06-08 11:54:50.393508;1
2022-06-08 11:55:09.137856;1
2022-06-08 11:55:56.983983;1
2022-06-08 11:56:32.55215;1
2022-06-08 11:57:16.685438;1
2022-06-08 11:58:08.012668;2
2022-06-08 12:17:54.535586;1
2022-06-08 16:01:38.462264;1
2022-06-08 16:03:02.458341;1
2022-06-08 16:05:27.658949;1
2022-06-08 16:06:05.089157;1
2022-06-08 16:06:52.167745;1
2022-06-08 16:07:32.001447;1
2022-06-08 16:07:58.642451;1
2022-06-08 16:11:25.717113;1
2022-06-09 11:44:28.610852;1
2022-06-09 11:44:42.784294;1
2022-06-09 11:47:13.577892;1
2022-06-09 11:48:29.800389;1
2022-06-09 11:48:39.587713;1
2022-06-09 11:48:47.556834;1
2022-06-09 11:48:55.437244;1
2022-06-09 11:49:06.295839;1
2022-06-09 11:49:42.305309;1
2022-06-09 11:58:48.232074;1
2022-06-09 12:13:19.740934;1
2022-06-09 12:13:26.949851;1
2022-06-09 12:13:35.177261;1
2022-06-09 12:13:59.546934;1
2022-06-13 12:25:19.609936;1
2022-06-13 12:26:38.83383;1
2022-06-13 12:27:33.629741;1
2022-06-13 12:29:07.702611;1
2022-06-15 13:34:56.575146;1
2022-06-15 16:07:48.215739;2
2022-06-15 16:15:19.009515;1
2022-06-15 16:22:11.413288;2
2022-06-15 16:23:27.984913;1
2022-06-16 11:52:30.349121;1
2022-06-16 11:52:37.575907;1
2022-06-16 11:52:44.610476;1
2022-06-16 11:52:51.577133;1
2022-06-16 11:53:01.901542;1
2022-06-16 13:41:06.880719;1
2022-06-20 11:05:13.383725;1
2022-06-20 11:20:39.182093;1
2022-06-20 11:23:03.425366;1
2022-06-20 11:29:05.118231;1
2022-06-20 17:49:25.258875;1
2022-06-20 17:49:40.752932;1
2022-06-21 08:35:44.390879;1
2022-06-21 10:08:12.493208;1
2022-06-22 13:23:57.410436;1
2022-06-22 13:24:48.233734;1
2022-06-23 11:48:20.737122;1
2022-06-23 12:00:37.207395;1
2022-06-23 13:41:05.621222;1
2022-06-24 14:07:39.764091;1
2022-06-24 14:08:10.323161;1
2022-06-24 14:09:32.892277;1
2022-06-27 17:35:46.722402;1
2022-06-27 17:38:50.091707;1
2022-06-27 17:41:29.276132;1
2022-06-27 17:41:36.995837;1
2022-06-27 17:42:01.292508;1
2022-06-27 17:42:12.454944;1
2022-06-27 17:42:24.10293;1
2022-06-27 17:44:16.148517;1
2022-06-27 17:44:30.551073;1
2022-06-29 17:22:31.976019;1
2022-06-29 17:23:30.035111;1
2022-06-29 17:25:09.404557;1
2022-06-29 17:46:55.041478;1
2022-06-29 17:47:20.052155;1
2022-06-29 17:47:46.169544;1
2022-06-30 12:22:05.574517;1
2022-06-30 12:22:10.085152;1
2022-06-30 12:22:14.67271;1
2022-06-30 12:22:20.189505;1
2022-06-30 12:22:25.282088;1
2022-06-30 12:22:34.275819;1
2022-06-30 12:23:58.609624;1
2022-06-30 19:36:32.22187;1
2022-06-30 19:37:10.450587;1
2022-06-30 19:39:40.787371;1
2022-07-01 14:19:54.543771;1
2022-07-01 14:20:52.088085;1
2022-07-01 14:21:17.899905;1
2022-07-01 14:22:29.330984;1
2022-07-01 14:23:30.033017;1
2022-07-01 14:23:57.696862;1
2022-07-01 14:24:05.624548;1
2022-07-01 14:24:18.546321;1
2022-07-01 14:24:34.010461;1
2022-07-01 14:26:26.232152;1
2022-07-01 14:26:41.428935;1
2022-07-01 14:27:48.737074;1
2022-07-01 16:54:35.87099;1
2022-07-03 10:59:59.884671;1
2022-07-03 11:41:06.307805;1
2022-07-03 11:46:06.415256;1
2022-07-03 11:46:44.191476;1
2022-07-03 11:47:30.718448;1
2022-07-03 11:47:35.480653;1
2022-07-03 11:47:43.57074;1
2022-07-03 11:48:32.209073;1
2022-07-03 12:28:36.893009;1
2022-07-03 12:28:46.184947;1
2022-07-03 13:06:56.016051;2
2022-07-03 13:13:06.35582;2
2022-07-03 13:13:44.665087;1
2022-07-03 17:25:20.380388;2
2022-07-03 17:25:30.584032;2
2022-07-03 17:26:37.76947;2
2022-07-03 17:26:43.745601;2
2022-07-03 17:27:09.775827;2
2022-07-03 17:28:29.838054;1
2022-07-03 17:28:41.786927;1
2022-07-03 17:28:52.343415;1
2022-07-03 17:30:24.228438;1
2022-07-03 17:30:29.730809;1
2022-07-03 17:30:39.092342;1
2022-07-03 17:31:41.93892;1
2022-07-03 17:32:25.772684;2
2022-07-03 17:33:13.431298;2
2022-07-03 17:33:23.964036;2
2022-07-03 17:54:31.564825;2
2022-07-03 17:54:40.514246;2
2022-07-03 17:55:10.160665;2
2022-07-03 17:55:40.008213;2
2022-07-03 17:57:12.253418;1
2022-07-03 17:59:13.922674;2
2022-07-04 12:13:28.799183;1
2022-07-04 12:16:39.551464;1
2022-07-04 12:17:42.729893;1
2022-07-04 12:17:52.995465;1
2022-07-04 12:19:07.514577;2
2022-07-04 12:19:20.369176;2
2022-07-04 12:20:06.355379;1
2022-07-04 12:47:19.731173;1
2022-07-04 12:47:34.11434;1
2022-07-04 13:07:58.319846;1
2022-07-04 13:08:37.964026;1
2022-07-04 13:10:41.635765;1
2022-07-05 10:42:04.498734;1
2022-07-05 10:42:22.341785;2
2022-07-07 12:58:21.790823;1
2022-07-07 12:58:52.048727;1
2022-07-07 14:14:12.442408;1
2022-07-10 13:36:46.623227;1
2022-07-10 13:38:45.202495;1
2022-07-10 13:39:55.351688;1
2022-07-10 13:40:28.95847;1
2022-07-10 13:41:04.045286;1
2022-07-10 13:41:38.207129;1
2022-07-11 13:46:57.526232;1
2022-07-11 14:00:10.842536;1
2022-07-11 14:14:20.868707;1
2022-07-11 14:41:30.982309;1
2022-07-11 14:53:16.150461;1
2022-07-11 14:53:53.761067;1
2022-07-11 14:54:31.425358;1
2022-07-11 14:55:07.694461;1
2022-07-11 14:55:47.09021;1
2022-07-11 17:08:00.988718;1
2022-07-11 17:08:35.326991;1
2022-07-11 17:09:37.671006;1
2022-07-12 11:18:32.539193;1
2022-07-12 11:18:49.907053;1
2022-07-12 11:19:05.540211;1
2022-07-12 11:19:21.70518;1
2022-07-12 11:19:38.352524;1
2022-07-12 11:19:54.838908;1
2022-07-12 11:20:11.788094;1
2022-07-12 11:20:35.561015;1
2022-07-12 11:20:50.549276;1
2022-07-12 11:21:06.160356;1
2022-07-12 11:21:23.326141;1
2022-07-13 12:32:22.926487;1
2022-07-13 12:46:40.560975;1
2022-07-13 14:25:39.451188;1
2022-07-15 11:24:55.219593;1
2022-07-15 17:03:26.72646;1
2022-07-15 17:19:43.4246;1
2022-07-17 11:53:44.259041;1
2022-07-18 16:15:18.974538;1
2022-07-19 12:56:13.253222;1
2022-07-27 14:56:44.391241;1
2022-07-28 17:33:26.203544;1
2022-07-28 17:35:58.268699;1
2022-07-28 19:04:21.059049;1
2022-07-28 19:11:21.031329;1
2022-07-28 19:34:24.823002;1
2022-07-28 19:37:46.157008;2
2022-07-28 19:43:17.888564;1
2022-07-29 11:12:15.539911;1
2022-07-30 15:09:59.478174;1
2022-07-30 15:13:25.257026;1
2022-07-30 15:23:49.006862;1
2022-07-31 21:20:55.554721;1
2022-08-01 14:00:29.504828;1
2022-08-01 14:00:51.34359;1
2022-08-01 14:01:12.707245;1
2022-08-01 14:01:41.169655;1
2022-08-01 14:01:59.411305;1
2022-08-01 14:02:18.787039;1
2022-08-01 14:03:17.532798;1
2022-08-01 14:04:28.923856;1
2022-08-01 14:17:06.582693;1
2022-08-01 14:19:20.997007;1
2022-08-01 14:27:23.623826;1
2022-08-01 14:41:37.799516;1
2022-08-01 15:16:01.102219;1
2022-08-01 15:26:29.521935;1
2022-08-01 15:40:06.616102;1
2022-08-01 15:40:45.681062;1
2022-08-01 15:41:14.602423;1
2022-08-01 15:42:03.309907;1
2022-08-01 15:51:45.435578;2
2022-08-01 15:55:47.733736;1
2022-08-01 15:56:14.732871;2
2022-08-02 10:09:06.926958;1
2022-08-02 15:01:15.302788;1
2022-08-02 15:07:59.642131;1
2022-08-02 16:20:53.7535;1
2022-08-03 08:09:01.97721;1
2022-08-03 08:11:45.200736;1
2022-08-03 08:25:17.241748;1
2022-08-03 08:27:08.368573;1
2022-08-03 08:28:04.227085;1
2022-08-03 09:29:56.598186;1
2022-08-03 09:31:15.285592;2
2022-08-03 10:28:14.967743;1
2022-08-03 10:28:52.009773;1
2022-08-03 10:29:15.646271;1
2022-08-03 10:40:34.771464;1
2022-08-03 10:46:10.466959;1
2022-08-03 10:46:49.203223;1
2022-08-03 14:44:43.049736;1
2022-08-03 16:40:03.41272;1
2022-08-03 16:42:27.436873;1
2022-08-03 16:44:38.133545;1
2022-08-04 12:39:07.782036;1
2022-08-05 14:29:32.082545;1
2022-08-05 17:05:23.026009;1
2022-08-06 12:59:54.83703;1
2022-08-06 16:34:59.64939;1
2022-08-06 16:35:35.634638;1
2022-08-08 11:34:20.84811;1
2022-08-08 12:21:40.945284;1
2022-08-11 11:17:12.7971;1
2022-08-11 11:42:20.75237;1
2022-08-11 12:47:34.844902;1
2022-08-11 15:42:25.035026;1
2022-08-11 17:08:19.993814;1
2022-08-12 11:52:17.041924;2
2022-08-13 11:28:54.116806;1
2022-08-13 11:33:04.347962;1
2022-08-13 15:08:59.571364;1
2022-08-13 15:24:04.398489;1
2022-08-13 15:55:23.639253;1
2022-08-14 11:33:59.521004;1
2022-08-15 12:00:04.516383;1
2022-08-15 12:00:19.005082;1
2022-08-16 10:56:54.697424;1
2022-08-16 15:00:05.930813;1
2022-08-17 14:38:25.435812;1
2022-08-17 14:38:30.533363;1
2022-08-17 14:38:40.262943;1
2022-08-17 15:35:11.691247;1
2022-08-17 16:07:04.328312;1
2022-08-19 16:39:33.255706;1
2022-08-19 16:39:38.659906;1
2022-08-19 16:39:43.639295;1
2022-08-19 16:39:48.153053;1
2022-08-19 16:39:53.171133;1
2022-08-19 16:39:58.043908;1
2022-08-19 16:40:03.431711;1
2022-08-19 16:40:08.712064;1
2022-08-19 16:40:13.941806;1
2022-08-19 16:40:19.924099;1
2022-08-19 16:40:24.295072;1
2022-08-19 16:40:35.433363;1
2022-08-19 16:43:40.868809;1
2022-08-19 16:43:54.912067;1
2022-08-19 16:45:16.135611;1
2022-08-19 16:45:31.280397;1
2022-08-19 16:46:39.526781;1
2022-08-19 16:46:53.492443;1
2022-08-19 16:47:57.942883;1
2022-08-19 16:52:47.697674;1
2022-08-19 16:58:30.762815;1
2022-08-19 17:00:22.165846;1
2022-08-19 17:03:49.689091;1
2022-08-21 12:58:31.232887;1
2022-08-21 18:16:11.833838;1
2022-08-22 10:03:01.946704;1
2022-08-22 10:05:14.477582;2
2022-08-22 10:36:34.87711;2
2022-08-22 10:46:52.449563;1
2022-08-22 11:42:18.176009;1
2022-08-22 11:42:24.731407;1
2022-08-22 11:42:32.924976;1
2022-08-22 11:44:38.118799;1
2022-08-22 11:50:24.730284;1
2022-08-22 11:51:22.686818;1
2022-08-22 11:51:34.004203;1
2022-08-22 12:44:02.10835;1
2022-08-22 12:44:12.789401;1
2022-08-22 12:44:18.483213;1
2022-08-22 12:44:23.545122;1
2022-08-22 12:48:15.850658;1
2022-08-22 12:49:28.68851;1
2022-08-22 12:49:33.497479;1
2022-08-22 12:53:24.569017;1
2022-08-22 12:54:31.054281;1
2022-08-22 12:54:40.040039;1
2022-08-22 12:55:28.834778;1
2022-08-22 17:18:00.62135;1
2022-08-25 15:42:50.42282;1
2022-08-25 15:43:10.154785;1
2022-08-25 17:45:45.949251;1
2022-08-26 11:43:44.367713;1
2022-08-26 15:11:37.932141;1
2022-08-26 15:12:21.749034;1
2022-08-26 15:59:15.801751;1
2022-08-26 15:59:48.243079;1
2022-08-26 16:13:39.784578;1
2022-08-27 14:35:53.992024;1
2022-08-27 14:36:16.910247;1
2022-08-27 15:25:02.203719;1
2022-08-27 17:15:46.384952;1
2022-08-30 15:29:57.275893;1
2022-08-31 11:42:36.543134;1
2022-09-01 09:59:35.141201;1
2022-09-01 10:00:10.780435;1
2022-09-01 10:49:16.402462;1
2022-09-01 10:49:24.362254;1
2022-09-01 10:49:32.54438;1
2022-09-01 10:49:37.376769;1
2022-09-01 10:49:42.360825;1
2022-09-01 10:49:50.320289;1
2022-09-01 10:49:55.614449;1
2022-09-01 10:50:00.732263;1
2022-09-01 10:50:05.272564;1
2022-09-01 10:50:13.512834;1
2022-09-01 10:50:24.141798;1
2022-09-01 10:50:29.345351;1
2022-09-01 10:50:34.87743;1
2022-09-01 10:50:39.610629;1
2022-09-01 10:50:44.212702;1
2022-09-01 10:50:52.205664;1
2022-09-01 10:52:32.641973;1
2022-09-01 12:07:36.585816;1
2022-09-01 12:09:30.501488;1
2022-09-01 12:13:26.985104;1
2022-09-01 12:14:02.157904;1
2022-09-01 12:17:10.820615;1
2022-09-01 12:17:38.371716;1
2022-09-01 12:17:43.587395;1
2022-09-01 12:17:48.399967;1
2022-09-01 12:17:55.01491;1
2022-09-01 12:18:02.301335;1
2022-09-01 12:18:07.413372;1
2022-09-01 12:18:13.674201;1
2022-09-01 12:18:18.631345;1
2022-09-01 12:18:24.316171;1
2022-09-01 12:18:31.244929;1
2022-09-01 12:18:36.96218;1
2022-09-01 12:18:43.569027;1
2022-09-01 12:18:48.696304;1
2022-09-01 12:18:54.109896;1
2022-09-01 12:18:59.575129;1
2022-09-01 12:19:09.000795;1
2022-09-01 12:20:57.926655;1
2022-09-01 12:21:06.488531;1
2022-09-01 12:22:53.037977;2
2022-09-01 12:23:26.818488;1
2022-09-01 12:23:56.989318;1
2022-09-01 12:24:25.622242;1
2022-09-02 15:50:02.593581;1
2022-09-02 16:22:32.057448;1
2022-09-02 16:26:03.564413;1
2022-09-02 16:29:50.699354;1
2022-09-02 16:30:45.95991;1
2022-09-03 10:19:52.141312;1
2022-09-03 10:25:21.423957;1
2022-09-03 12:27:12.450037;1
2022-09-03 12:27:17.528642;1
2022-09-03 12:27:22.567493;1
2022-09-03 12:27:28.033426;1
2022-09-03 12:27:37.283478;1
2022-09-03 12:29:35.969138;1
2022-09-03 12:30:47.570988;1
2022-09-03 12:31:22.84102;1
2022-09-03 19:07:35.669138;1
2022-09-05 15:35:13.03671;1
2022-09-05 15:38:12.800174;1
2022-09-05 15:38:18.383169;1
2022-09-05 15:38:25.978923;1
2022-09-05 15:39:38.159169;1
2022-09-05 15:39:51.786161;1
2022-09-06 09:08:05.523386;1
2022-09-06 12:30:10.03083;1
2022-09-06 12:30:18.764633;1
2022-09-06 12:31:21.263559;1
2022-09-06 12:31:34.849792;1
2022-09-06 12:32:36.12175;1
2022-09-06 12:32:50.569885;1
2022-09-06 12:33:57.23899;1
2022-09-06 12:34:02.313655;1
2022-09-06 12:34:14.820402;1
2022-09-06 12:34:24.120752;1
2022-09-06 14:14:34.281424;1
2022-09-06 21:12:36.503126;1
2022-09-06 21:15:26.415597;1
2022-09-06 21:15:41.791649;1
2022-09-06 21:16:05.377765;1
2022-09-06 21:16:39.311203;1
2022-09-07 10:41:37.632655;1
2022-09-07 10:41:44.903512;1
2022-09-07 10:41:54.328271;1
2022-09-07 10:41:59.408622;1
2022-09-07 10:42:04.93515;1
2022-09-07 10:42:09.822541;1
2022-09-07 10:42:15.026962;1
2022-09-07 10:42:27.517065;1
2022-09-07 10:42:32.636097;1
2022-09-07 10:42:38.022817;1
2022-09-07 10:42:43.198665;1
2022-09-07 10:42:52.836474;1
2022-09-07 10:43:02.951578;1
2022-09-07 10:43:12.869002;1
2022-09-07 10:43:17.63988;1
2022-09-07 10:43:30.928313;1
2022-09-07 10:47:27.122316;1
2022-09-07 10:47:49.163099;1
2022-09-07 10:49:25.978997;1
2022-09-07 10:49:36.189708;1
2022-09-07 10:49:40.259173;1
2022-09-07 10:49:44.84293;1
2022-09-07 10:49:54.820975;1
2022-09-07 10:49:59.275505;1
2022-09-07 10:50:04.804029;1
2022-09-07 10:50:14.280329;1
2022-09-07 10:50:18.717985;1
2022-09-07 11:08:16.627572;1
2022-09-07 11:09:30.589531;1
2022-09-07 11:09:35.253277;1
2022-09-07 11:10:41.11231;1
2022-09-07 11:13:01.417717;1
2022-09-07 11:14:22.036949;1
2022-09-07 11:14:30.637895;1
2022-09-07 11:15:54.83665;1
2022-09-07 11:15:59.48703;1
2022-09-07 11:16:04.126872;1
2022-09-07 11:16:09.823094;1
2022-09-07 11:16:14.514756;1
2022-09-07 11:16:19.846583;1
2022-09-07 11:16:29.832102;1
2022-09-07 11:20:09.354336;1
2022-09-07 11:20:40.091005;1
2022-09-07 11:20:44.927303;1
2022-09-07 11:20:50.029618;1
2022-09-07 11:20:58.953116;1
2022-09-07 11:21:03.229252;1
2022-09-07 11:21:08.026489;1
2022-09-07 11:21:12.45652;1
2022-09-07 11:21:16.939481;1
2022-09-07 11:21:21.696271;1
2022-09-07 11:21:26.709674;1
2022-09-07 11:21:36.30268;1
2022-09-07 11:21:41.196163;1
2022-09-07 11:21:45.908121;1
2022-09-07 11:22:02.265091;1
2022-09-07 11:22:11.250479;1
2022-09-07 11:22:54.885533;1
2022-09-07 11:22:59.662643;1
2022-09-07 11:23:04.198862;2
2022-09-07 11:23:08.777102;1
2022-09-07 11:23:13.460882;2
2022-09-07 11:31:21.781812;1
2022-09-07 11:35:30.716235;1
2022-09-07 11:35:42.892203;1
2022-09-07 11:35:53.178614;1
2022-09-07 11:35:58.237345;1
2022-09-07 11:36:45.981215;1
2022-09-07 11:38:12.111183;1
2022-09-07 11:38:49.327937;1
2022-09-07 11:39:31.493025;1
2022-09-07 11:40:15.53552;1
2022-09-07 11:41:43.30923;1
2022-09-07 11:41:50.287403;1
2022-09-07 11:41:55.116713;1
2022-09-07 11:42:03.872479;1
2022-09-07 11:43:56.406935;1
2022-09-07 12:01:44.465913;1
2022-09-07 12:02:14.728788;1
2022-09-07 12:02:43.450769;1
2022-09-07 12:03:12.547782;1
2022-09-07 12:04:05.023043;1
2022-09-07 12:04:14.095898;1
2022-09-07 12:04:21.728373;1
2022-09-07 12:05:40.06952;1
2022-09-07 12:16:36.892375;1
2022-09-07 12:26:59.320694;1
2022-09-07 12:28:50.385639;1
2022-09-07 12:29:17.67434;1
2022-09-07 12:29:51.804781;1
2022-09-07 12:29:56.067879;1
2022-09-07 12:30:00.917308;1
2022-09-07 12:30:05.08661;1
2022-09-07 12:30:09.789042;1
2022-09-07 12:30:15.570756;1
2022-09-07 12:30:24.067712;1
2022-09-07 12:31:17.993;1
2022-09-07 14:06:01.662758;1
2022-09-08 09:40:50.127308;1
2022-09-08 09:41:21.583154;1
2022-09-08 09:43:15.005097;1
2022-09-08 09:43:25.819374;1
2022-09-08 09:44:19.627493;1
2022-09-08 09:45:31.665214;1
2022-09-08 09:45:36.925815;1
2022-09-08 09:45:53.320818;1
2022-09-08 09:46:02.562772;1
2022-09-08 13:08:12.293367;1
2022-09-08 13:08:17.425843;1
2022-09-08 13:08:26.270227;1
2022-09-08 13:09:46.519748;1
2022-09-08 13:09:52.83194;1
2022-09-08 13:10:03.57425;1
2022-09-08 13:10:44.517735;1
2022-09-08 13:11:45.771321;1
2022-09-08 13:11:50.737429;1
2022-09-08 13:11:55.704603;1
2022-09-08 13:12:05.070336;1
2022-09-08 13:12:58.599844;1
2022-09-08 13:13:08.524762;1
2022-09-08 13:14:14.39742;1
2022-09-08 13:14:18.977128;1
2022-09-08 13:14:26.947769;1
2022-09-08 13:17:27.931865;1
2022-09-08 13:17:39.487619;1
2022-09-08 13:19:24.507627;1
2022-09-08 14:45:27.814657;1
2022-09-08 14:47:05.692333;2
2022-09-08 14:47:41.773297;1
2022-09-08 14:48:08.46985;1
2022-09-08 14:58:51.595306;1
2022-09-08 15:00:29.53846;1
2022-09-08 15:01:44.966404;1
2022-09-08 15:01:50.202112;1
2022-09-08 15:01:54.980026;1
2022-09-08 15:01:59.519967;1
2022-09-08 15:02:04.269442;1
2022-09-08 15:05:24.014915;1
2022-09-08 15:05:36.541551;1
2022-09-08 15:05:46.227084;1
2022-09-08 15:06:48.040597;1
2022-09-08 15:07:57.274613;1
2022-09-08 15:08:06.84181;1
2022-09-08 15:08:49.536071;1
2022-09-08 15:09:43.262468;1
2022-09-08 15:10:16.345506;1
2022-09-08 15:11:19.431869;3
2022-09-08 15:11:27.928377;2
2022-09-08 15:12:40.729808;1
2022-09-08 15:14:11.352995;2
2022-09-12 12:22:36.877804;1
2022-09-12 12:23:53.678802;1
2022-09-12 12:23:58.926473;1
2022-09-12 12:26:54.89721;1
2022-09-12 12:27:00.530566;1
2022-09-12 12:27:05.486757;1
2022-09-12 12:27:10.48472;1
2022-09-12 12:27:19.05313;1
2022-09-12 12:30:04.135491;1
2022-09-12 12:37:13.016224;1
2022-09-13 15:38:14.425413;1
2022-09-13 15:38:19.956495;1
2022-09-13 15:38:24.97266;1
2022-09-13 15:38:36.373914;1
2022-09-13 15:38:45.281518;1
2022-09-13 15:38:51.749071;1
2022-09-13 15:39:10.627194;1
2022-09-13 15:39:27.734672;1
2022-09-13 15:39:34.163511;1
2022-09-13 15:39:41.185446;1
2022-09-13 15:39:48.726877;1
2022-09-13 15:39:54.28842;1
2022-09-13 15:39:59.747646;1
2022-09-13 15:40:19.147351;1
2022-09-13 15:40:24.328832;1
2022-09-13 15:40:33.239562;1
2022-09-13 15:43:07.710826;1
2022-09-13 15:43:12.014276;1
2022-09-13 15:43:17.96134;1
2022-09-13 15:43:22.456099;1
2022-09-13 15:43:27.13634;1
2022-09-13 15:43:31.521463;1
2022-09-13 15:43:36.49473;2
2022-09-13 15:43:41.25585;2
2022-09-13 15:43:45.710828;2
2022-09-13 15:43:50.504988;2
2022-09-13 15:43:55.637798;2
2022-09-13 15:44:04.633714;2
2022-09-13 15:47:57.529459;1
2022-09-13 15:48:02.171276;1
2022-09-13 15:50:06.301425;1
2022-09-13 15:50:14.894332;1
2022-09-13 15:52:22.73338;1
2022-09-13 15:52:36.985192;1
2022-09-13 15:52:50.955705;1
2022-09-13 15:52:56.403901;1
2022-09-13 15:53:00.862673;1
2022-09-13 15:53:05.903237;1
2022-09-13 15:53:11.140143;1
2022-09-13 15:53:20.851352;1
2022-09-13 15:55:00.219524;1
2022-09-13 15:55:05.310763;1
2022-09-13 15:55:10.027477;1
2022-09-13 15:55:33.321106;1
2022-09-13 15:56:55.603158;1
2022-09-15 10:03:40.219168;1
2022-09-15 10:06:30.084288;1
2022-09-15 10:06:33.990652;1
2022-09-15 10:06:38.733142;1
2022-09-15 10:06:43.101233;1
2022-09-15 10:06:47.647599;1
2022-09-15 10:06:52.950455;1
2022-09-15 10:06:57.599271;1
2022-09-15 10:07:03.070401;1
2022-09-15 10:07:11.382608;1
2022-09-15 10:08:16.138704;1
2022-09-15 10:09:21.734173;1
2022-09-15 10:09:26.762019;1
2022-09-15 10:09:35.175838;1
2022-09-15 17:15:53.498172;1
2022-09-16 10:34:03.210171;1
2022-09-16 10:35:10.913219;1
2022-09-16 15:01:38.175423;1
2022-09-16 15:02:49.478668;1
2022-09-16 15:03:26.530714;1
2022-09-16 15:03:59.959134;1
2022-09-16 15:04:39.577813;1
2022-09-16 15:05:18.54664;1
2022-09-16 17:52:37.980464;2
2022-09-16 17:52:46.316199;2
2022-09-16 17:53:37.425003;1
2022-09-16 17:53:41.758341;1
2022-09-16 17:53:46.554237;1
2022-09-16 17:53:55.416597;1
2022-09-16 17:54:29.474295;2
2022-09-16 17:55:02.386543;2
2022-09-16 17:55:33.709309;1
2022-09-16 17:56:18.113186;1
2022-09-19 16:29:48.85023;1
2022-09-19 17:20:57.33323;1
2022-09-19 17:22:44.775877;1
2022-09-19 17:53:15.082778;1
2022-09-19 18:04:59.532755;1
2022-09-19 18:22:26.10118;1
2022-09-19 18:27:42.312737;1
2022-09-19 18:32:13.6867;1
2022-09-21 15:55:04.815776;1
2022-09-22 12:03:20.756818;1
2022-09-22 12:03:33.750253;1
2022-09-22 12:05:10.355106;1
2022-09-22 12:05:18.108321;1
2022-09-23 18:07:09.493587;1
2022-09-23 18:07:34.108313;1
2022-09-25 13:36:29.453421;1
2022-09-25 13:37:03.478026;1
2022-09-26 11:28:30.129777;1
2022-09-26 12:21:24.472294;1
2022-09-26 14:23:00.034393;1
2022-09-26 21:00:55.914162;1
2022-09-26 21:17:15.864512;1
2022-09-28 15:42:42.740876;1
2022-09-28 15:42:47.939676;1
2022-09-28 15:42:52.409116;1
2022-09-28 15:43:00.973376;1
2022-09-30 16:02:55.387774;1
2022-09-30 16:46:44.155498;1
2022-09-30 17:51:56.468288;1
2022-09-30 17:52:36.36248;1
2022-10-03 10:34:02.928851;1
2022-10-03 10:44:14.40996;1
2022-10-03 11:34:37.535967;1
2022-10-03 11:49:54.41301;1
2022-10-03 12:10:26.32052;1
2022-10-03 12:12:43.06942;1
2022-10-03 12:41:29.276374;2
2022-10-03 14:46:10.984801;1
2022-10-03 14:47:21.760053;1
2022-10-03 14:47:26.719936;1
2022-10-03 14:47:31.953702;1
2022-10-03 14:48:36.429359;1
2022-10-03 14:49:29.625592;1
2022-10-03 14:49:34.746358;1
2022-10-03 14:49:40.254149;1
2022-10-03 14:49:46.443873;1
2022-10-03 14:49:56.178015;1
2022-10-03 14:51:43.137769;2
2022-10-03 14:52:15.343442;2
2022-10-03 16:18:54.319998;1
2022-10-03 16:18:59.639364;1
2022-10-03 16:19:39.13172;1
2022-10-03 16:21:50.835885;1
2022-10-03 16:24:17.401744;1
2022-10-03 16:25:12.848139;1
2022-10-03 16:25:56.548504;1
2022-10-03 16:27:03.396367;1
2022-10-03 16:27:09.060164;1
2022-10-03 16:27:15.280091;1
2022-10-03 16:29:27.895723;1
2022-10-03 16:29:56.449303;1
2022-10-03 16:30:28.754543;1
2022-10-03 17:17:07.545832;1
2022-10-03 17:17:12.986893;1
2022-10-03 17:17:17.238669;1
2022-10-03 17:17:21.832493;1
2022-10-03 17:17:26.342587;1
2022-10-03 17:17:31.408485;1
2022-10-03 17:17:36.301906;1
2022-10-03 17:17:40.984367;1
2022-10-03 17:17:47.751631;1
2022-10-03 17:18:32.948055;1
2022-10-03 17:19:53.616476;1
2022-10-03 17:19:58.350567;1
2022-10-03 17:20:02.659513;1
2022-10-03 17:20:07.025035;1
2022-10-03 17:20:11.247149;1
2022-10-03 17:20:15.31163;1
2022-10-03 17:20:19.639328;1
2022-10-03 17:20:24.27965;1
2022-10-03 17:20:28.406928;1
2022-10-03 17:20:33.300858;1
2022-10-03 17:20:37.684368;1
2022-10-03 17:20:41.955447;1
2022-10-03 17:20:47.602861;1
2022-10-03 17:20:52.22503;1
2022-10-03 17:20:56.958936;1
2022-10-03 17:21:02.822208;1
2022-10-03 17:21:08.73604;1
2022-10-03 17:21:17.649233;1
2022-10-03 17:25:17.761922;1
2022-10-03 17:26:07.569801;1
2022-10-04 11:56:48.684212;1
2022-10-04 11:57:29.25977;1
2022-10-04 11:57:48.515921;1
2022-10-04 11:57:53.801524;1
2022-10-04 11:57:58.70654;1
2022-10-04 11:58:03.873136;1
2022-10-04 11:59:06.333889;1
2022-10-04 11:59:59.41164;1
2022-10-04 12:00:08.626303;1
2022-10-04 12:02:36.819455;2
2022-10-04 12:02:42.021441;2
2022-10-04 12:02:51.097485;2
2022-10-04 12:04:13.760111;1
2022-10-04 12:04:41.524936;1
2022-10-04 12:06:17.577684;1
2022-10-04 12:06:22.497117;1
2022-10-04 12:06:41.370542;1
2022-10-04 13:27:59.313515;2
2022-10-04 13:34:39.588876;2
2022-10-04 13:37:58.297966;1
2022-10-07 14:24:22.568347;1
2022-10-07 14:26:01.530418;1
2022-10-09 10:49:33.928534;2
2022-10-09 10:50:16.66567;1
2022-10-09 11:11:53.243969;1
2022-10-09 11:11:58.096732;1
2022-10-09 11:43:53.501561;1
2022-10-09 11:44:01.477469;1
2022-10-09 11:44:28.305077;1
2022-10-09 12:04:24.510066;1
2022-10-09 12:05:18.458224;1
2022-10-09 12:05:26.92142;1
2022-10-09 12:06:11.928997;1
2022-10-09 12:06:16.383118;1
2022-10-09 12:06:23.777219;1
2022-10-09 12:07:10.745227;1
2022-10-09 12:07:15.381945;1
2022-10-09 12:07:19.932679;1
2022-10-09 12:07:28.121287;1
2022-10-09 12:08:04.576702;1
2022-10-09 12:08:38.645238;1
2022-10-09 12:09:18.467141;1
2022-10-09 12:09:27.353415;1
2022-10-09 12:10:25.444657;1
2022-10-09 12:10:30.315654;1
2022-10-09 12:10:34.403848;1
2022-10-09 12:10:38.740964;1
2022-10-09 12:10:46.95403;1
2022-10-09 12:25:57.547641;1
2022-10-09 12:26:06.005974;1
2022-10-09 12:44:21.742994;1
2022-10-09 12:45:23.13952;1
2022-10-09 12:45:27.595787;1
2022-10-09 12:45:32.131695;1
2022-10-09 12:45:36.117932;1
2022-10-09 12:45:40.64987;1
2022-10-09 12:45:45.125816;1
2022-10-09 12:45:50.388109;1
2022-10-09 12:45:59.313662;1
2022-10-09 12:48:27.505355;1
2022-10-09 12:49:26.660765;1
2022-10-09 12:49:30.993615;1
2022-10-09 12:49:38.656847;2
2022-10-09 12:50:20.476466;2
2022-10-09 12:57:48.923091;1
2022-10-09 12:58:28.033319;1
2022-10-11 15:01:47.413477;1
2022-10-11 15:04:46.013969;1
2022-10-11 15:55:55.585256;1
2022-10-11 15:57:09.58556;1
2022-10-11 15:57:14.474355;1
2022-10-11 15:57:19.021322;1
2022-10-11 15:57:23.439482;1
2022-10-11 15:57:32.48113;1
2022-10-11 15:58:33.955733;1
2022-10-11 15:58:39.344823;1
2022-10-11 15:58:43.684708;1
2022-10-11 15:58:47.867025;1
2022-10-11 15:58:58.08373;1
2022-10-11 15:59:54.644116;1
2022-10-11 16:00:38.281471;1
2022-10-11 16:00:47.334208;1
2022-10-11 16:01:29.493586;1
2022-10-11 16:02:16.579967;1
2022-10-11 16:02:27.347575;1
2022-10-11 16:03:19.174774;1
2022-10-11 16:03:24.455698;1
2022-10-11 16:03:33.012583;1
2022-10-11 16:09:18.448341;1
2022-10-11 16:10:23.644164;1
2022-10-11 16:11:06.660351;1
2022-10-11 16:11:12.109603;1
2022-10-11 16:11:22.313634;1
2022-10-11 16:12:41.709867;1
2022-10-11 16:12:55.281945;1
2022-10-11 16:13:50.435945;1
2022-10-11 16:13:54.878032;1
2022-10-11 16:14:03.732358;1
2022-10-11 16:29:38.720493;1
2022-10-14 13:12:36.47497;1
2022-10-14 13:13:04.321595;1
2022-10-14 13:13:39.709674;1
2022-10-14 13:13:56.373689;1
2022-10-14 13:14:28.980699;1
2022-10-14 13:14:40.671553;1
2022-10-14 14:46:09.904946;1
2022-10-14 14:47:39.778062;1
2022-10-14 14:47:47.96773;1
2022-10-14 14:49:49.20609;1
2022-10-14 14:49:55.065588;1
2022-10-14 14:50:47.676267;1
2022-10-14 14:51:17.716692;1
2022-10-15 10:49:50.365476;1
2022-10-15 10:50:05.596872;1
2022-10-15 10:50:18.317587;1
2022-10-15 10:51:18.620526;1
2022-10-15 10:52:11.089087;1
2022-10-15 10:52:16.070804;1
2022-10-15 10:52:20.221074;1
2022-10-15 10:52:28.191653;1
2022-10-15 11:06:07.383157;1
2022-10-15 11:09:24.16778;2
2022-10-15 11:10:06.525404;1
2022-10-15 11:10:14.771763;1
2022-10-15 11:10:24.450542;1
2022-10-15 11:30:11.817777;1
2022-10-15 11:37:48.094726;2
2022-10-15 11:38:20.446447;1
2022-10-15 11:38:58.414851;3
2022-10-15 11:39:03.578837;3
2022-10-15 11:39:11.673098;2
2022-10-15 11:52:57.471918;1
2022-10-15 11:53:02.062162;1
2022-10-15 11:53:06.734126;1
2022-10-15 11:53:11.377702;1
2022-10-15 11:53:15.949627;1
2022-10-15 11:53:20.528547;1
2022-10-15 11:53:24.848792;1
2022-10-15 11:57:46.375682;1
2022-10-15 12:32:07.476382;2
2022-10-15 12:43:54.769808;1
2022-10-15 12:44:52.896395;1
2022-10-15 12:47:32.568409;1
2022-10-15 12:47:37.976014;1
2022-10-15 12:50:32.357293;1
2022-10-16 12:04:33.797627;1
2022-10-16 12:04:41.913217;1
2022-10-16 12:05:26.488443;1
2022-10-16 12:05:31.010599;1
2022-10-16 12:05:35.325576;1
2022-10-16 12:05:43.439514;1
2022-10-16 12:06:44.978026;1
2022-10-16 12:06:51.004036;1
2022-10-16 12:06:56.112342;1
2022-10-16 12:07:00.995795;1
2022-10-16 12:07:05.518961;1
2022-10-16 12:07:09.759148;1
2022-10-16 12:07:14.868305;1
2022-10-16 12:07:19.502555;1
2022-10-16 12:07:24.409619;1
2022-10-16 12:07:29.927292;1
2022-10-16 12:07:34.888341;1
2022-10-16 12:07:43.894931;1
2022-10-16 12:32:00.157096;1
2022-10-16 12:32:28.21355;1
2022-10-16 12:33:25.594219;1
2022-10-16 12:41:25.851336;1
2022-10-16 12:43:31.879847;1
2022-10-16 14:16:26.17391;1
2022-10-16 14:16:33.906479;1
2022-10-16 14:17:09.198813;1
2022-10-16 14:53:32.601149;2
2022-10-17 11:28:41.359088;1
2022-10-17 11:28:50.682051;1
2022-10-17 11:33:36.974367;1
2022-10-17 11:33:41.824923;1
2022-10-17 11:33:50.437883;1
2022-10-17 11:34:58.48298;2
2022-10-17 11:47:42.255402;1
2022-10-17 11:47:55.387411;1
2022-10-17 12:02:08.743454;1
2022-10-17 12:02:59.218115;1
2022-10-17 12:03:03.991611;1
2022-10-17 12:03:08.47871;1
2022-10-17 12:03:14.536615;1
2022-10-17 12:03:19.019308;1
2022-10-17 12:03:26.997178;1
2022-10-17 12:04:19.014872;1
2022-10-17 12:04:23.602135;1
2022-10-17 12:04:28.290412;1
2022-10-17 12:04:32.985461;1
2022-10-17 12:04:41.519558;1
2022-10-17 12:05:33.471974;1
2022-10-17 12:05:37.976451;1
2022-10-17 12:05:46.873681;1
2022-10-17 16:52:29.938232;1
2022-10-17 16:52:39.954959;1
2022-10-17 16:52:59.008266;1
2022-10-17 16:53:27.099374;1
2022-10-17 16:54:10.974511;1
2022-10-18 12:22:11.671902;1
2022-10-18 12:22:16.95771;1
2022-10-18 12:22:33.918726;1
2022-10-18 12:22:38.925536;1
2022-10-18 12:22:44.279717;1
2022-10-18 12:22:54.787099;1
2022-10-18 12:23:00.770386;1
2022-10-18 12:23:05.58142;1
2022-10-18 12:23:10.649324;1
2022-10-18 12:23:15.888636;1
2022-10-18 12:23:20.613849;1
2022-10-18 12:23:25.60925;1
2022-10-18 12:23:30.288971;1
2022-10-18 12:23:36.033844;1
2022-10-18 12:23:46.192553;1
2022-10-18 12:25:09.785712;1
2022-10-18 12:25:14.473035;1
2022-10-18 12:25:18.733193;1
2022-10-18 12:25:24.047897;1
2022-10-18 12:25:37.791593;1
2022-10-18 12:25:42.204419;1
2022-10-18 12:26:40.948668;1
2022-10-18 12:26:46.319732;1
2022-10-18 12:26:51.794657;1
2022-10-18 12:26:56.773016;1
2022-10-18 12:27:06.382479;1
2022-10-18 12:29:39.742536;1
2022-10-18 12:29:49.459889;1
2022-10-18 12:29:54.127623;1
2022-10-18 12:30:00.78859;1
2022-10-18 12:30:06.057109;1
2022-10-18 12:30:12.216194;1
2022-10-18 12:30:16.799359;1
2022-10-18 12:30:21.433595;1
2022-10-18 12:30:26.220874;1
2022-10-18 12:30:30.594893;1
2022-10-18 12:30:35.463172;1
2022-10-18 12:30:45.56553;1
2022-10-18 12:31:45.575436;1
2022-10-18 12:31:50.266372;1
2022-10-18 12:31:55.097803;1
2022-10-18 12:32:03.988394;1
2022-10-18 12:32:56.435852;1
2022-10-18 12:33:42.481846;1
2022-10-18 12:33:52.319651;1
2022-10-18 12:34:38.665227;1
2022-10-18 12:34:48.159159;1
2022-10-18 12:35:32.504561;1
2022-10-18 12:35:40.979637;1
2022-10-18 12:53:15.682081;3
2022-10-18 12:53:20.937405;3
2022-10-18 12:53:29.171366;3
2022-10-18 13:00:01.451918;1
2022-10-18 13:00:33.692149;1
2022-10-18 13:01:32.165157;1
2022-10-18 14:06:31.437214;1
2022-10-18 14:07:06.894663;1
2022-10-18 14:08:32.907351;1
2022-10-18 14:09:06.084307;1
2022-10-19 21:50:05.669046;1
2022-10-20 17:46:52.816909;1
2022-10-20 17:47:03.832806;1
2022-10-21 09:07:22.772332;1
2022-10-21 09:09:00.039696;1
2022-10-21 11:07:13.669014;1
2022-10-21 16:00:36.308797;1
2022-11-03 15:45:27.207278;1
2022-11-03 15:45:42.669114;1
2022-11-03 15:45:57.496719;1
2022-11-03 15:51:50.840985;1
2022-11-03 15:58:13.692971;1
2022-11-03 16:00:46.045487;1
2022-11-03 16:02:06.549048;1
2022-11-03 16:03:59.303783;1
2022-11-03 16:04:11.612439;1
2022-11-03 16:04:24.662596;1
2022-11-03 16:05:16.105358;1
2022-11-03 16:07:08.45776;1
2022-11-03 16:07:56.538846;1
2022-11-03 16:09:05.877424;1
2022-11-03 16:13:23.054597;1
2022-11-03 16:13:44.593468;1
2022-11-03 16:15:33.120914;1
2022-11-03 16:17:12.904097;1
2022-11-03 16:54:21.20934;1
2022-11-04 07:23:25.264316;1
2022-11-04 15:25:25.358267;2
2022-11-04 16:22:28.37693;1
2022-11-04 16:28:03.279966;1
2022-11-04 16:28:41.126085;1
2022-11-04 16:30:10.672641;1
2022-11-04 16:30:46.192534;1
2022-11-06 15:43:17.199455;1
2022-11-06 15:43:25.712683;1
2022-11-06 15:44:18.758796;1
2022-11-06 15:44:24.055217;1
2022-11-06 15:44:37.166935;1
2022-11-06 15:45:09.918179;2
2022-11-06 16:01:26.470792;1
2022-11-07 10:51:14.798925;2
2022-11-07 10:51:39.414553;1
2022-11-07 10:53:08.44114;1
2022-11-07 11:42:43.311103;1
2022-11-07 11:49:07.74981;1
2022-11-07 11:49:26.915173;1
2022-11-07 11:49:45.7793;1
2022-11-07 15:56:44.272249;1
2022-11-07 15:57:18.89241;1
2022-11-07 15:57:53.166814;1
2022-11-07 15:57:59.148169;1
2022-11-07 16:00:30.35722;2
2022-11-07 16:00:55.647583;1
2022-11-07 17:22:02.409704;1
2022-11-07 17:22:31.851977;1
2022-11-07 17:25:38.405031;1
2022-11-07 17:35:54.308201;1
2022-11-07 17:36:21.812333;1
2022-11-10 10:29:22.241102;1
2022-11-10 10:50:50.92212;1
2022-11-11 16:51:33.304187;1
2022-11-12 14:40:24.423227;1
2022-11-12 14:41:40.928624;2
2022-11-12 14:42:42.333127;1
2022-11-12 14:43:44.738256;1
2022-11-12 14:44:42.201757;1
2022-11-12 14:45:38.295849;1
2022-11-12 14:46:42.325631;1
2022-11-12 14:47:28.512758;1
2022-11-12 14:48:27.103613;1
2022-11-12 14:51:25.446365;1
2022-11-12 14:54:04.162251;1
2022-11-12 14:55:07.917775;1
2022-11-12 14:56:06.772685;1
2022-11-12 14:57:08.755334;1
2022-11-12 14:58:00.776681;1
2022-11-12 15:00:23.608142;1
2022-11-12 15:01:28.373705;1
2022-11-12 15:02:26.164029;1
2022-11-12 15:03:33.136623;1
2022-11-12 15:05:35.684673;1
2022-11-12 15:06:25.266207;1
2022-11-12 15:07:08.529956;1
2022-11-13 09:36:08.419916;1
2022-11-13 09:52:02.031503;1
2022-11-13 11:22:38.894748;1
2022-11-13 11:25:39.23316;1
2022-11-13 11:32:02.516027;2
2022-11-13 11:35:31.015394;2
2022-11-13 11:45:50.318454;1
2022-11-13 11:49:06.378045;1
2022-11-13 11:55:39.06222;1
2022-11-13 11:59:17.075756;1
2022-11-13 12:04:48.780768;1
2022-11-13 12:41:39.121511;1
2022-11-13 12:45:10.232772;1
2022-11-13 12:47:58.433862;1
2022-11-14 09:45:07.240048;1
2022-11-14 09:47:47.182438;1
2022-11-14 09:52:15.891559;1
2022-11-14 09:55:50.308779;1
2022-11-14 09:58:46.913782;1
2022-11-14 10:01:39.099802;1
2022-11-14 10:04:32.402361;1
2022-11-14 10:06:58.746068;1
2022-11-14 10:10:03.452021;1
2022-11-14 10:12:46.863357;1
2022-11-14 10:23:13.602246;1
2022-11-14 10:25:59.308914;1
2022-11-14 10:33:58.45398;1
2022-11-14 10:36:25.621574;1
2022-11-14 10:39:25.976625;1
2022-11-14 11:15:37.148011;1
2022-11-14 12:15:02.164366;1
2022-11-14 12:17:23.007599;1
2022-11-14 12:19:58.739301;1
2022-11-14 12:22:33.79245;1
2022-11-14 12:41:41.828691;1
2022-11-14 12:47:34.617349;1
2022-11-14 12:51:45.213334;1
2022-11-14 12:55:29.837987;1
2022-11-14 14:00:12.774442;1
2022-11-14 14:02:57.403247;1
2022-11-14 14:05:15.405352;1
2022-11-14 14:08:23.804275;1
2022-11-14 14:10:52.705148;1
2022-11-14 14:13:40.47319;1
2022-11-14 14:17:59.980772;1
2022-11-14 14:20:51.842007;1
2022-11-14 14:24:12.681799;1
2022-11-14 14:26:51.566146;1
2022-11-14 14:37:58.031763;1
2022-11-14 14:40:48.048736;1
2022-11-14 14:43:34.449581;1
2022-11-14 14:46:07.622058;1
2022-11-14 14:48:11.132911;1
2022-11-14 14:50:38.739301;1
2022-11-15 10:47:39.21391;1
2022-11-15 10:50:13.183451;1
2022-11-15 11:09:18.172396;1
2022-11-15 11:14:26.512289;1
2022-11-15 11:17:19.749968;1
2022-11-15 11:19:48.003888;1
2022-11-15 11:22:08.05647;1
2022-11-15 11:24:32.623623;1
2022-11-15 11:26:29.477231;1
2022-11-15 12:17:40.402209;1
2022-11-15 12:21:55.621151;1
2022-11-15 12:31:16.992079;1
2022-11-15 12:34:14.036482;1
2022-11-15 12:37:16.724947;1
2022-11-15 12:39:51.834758;1
2022-11-15 14:20:26.261685;1
2022-11-15 14:22:42.829135;1
2022-11-15 14:24:53.937889;1
2022-11-15 14:40:45.621563;2
2022-11-15 14:44:21.473635;1
2022-11-15 14:46:34.959917;1
2022-11-15 14:49:27.194716;1
2022-11-15 14:51:51.836581;1
2022-11-15 14:53:57.895308;1
2022-11-15 14:56:12.179053;1
2022-11-15 14:58:30.19542;1
2022-11-15 15:03:13.663906;1
2022-11-15 15:05:51.510274;1
2022-11-15 15:08:07.522542;1
2022-11-15 15:11:00.967006;1
2022-11-15 15:24:00.147222;1
2022-11-15 15:26:04.609529;1
2022-11-15 15:28:35.680498;1
2022-11-15 16:38:00.194114;1
2022-11-15 16:40:16.33537;1
2022-11-15 16:42:43.409577;1
2022-11-15 16:45:12.4752;1
2022-11-15 16:52:44.508338;1
2022-11-15 16:54:50.899697;1
2022-11-16 14:38:04.129695;1
2022-11-16 14:40:48.178947;1
2022-11-16 14:44:58.645983;1
2022-11-16 14:47:08.34987;1
2022-11-16 14:49:59.008699;1
2022-11-16 14:52:00.164586;1
2022-11-16 14:54:07.796468;1
2022-11-16 14:56:14.156345;1
2022-11-16 14:58:16.247704;1
2022-11-16 15:00:41.575635;1
2022-11-16 15:10:16.327884;1
2022-11-16 15:30:45.866793;1
2022-11-16 15:37:06.358322;1
2022-11-16 15:39:42.18982;1
2022-11-16 16:19:12.063295;1
2022-11-16 16:22:25.103535;1
2022-11-16 16:25:01.742635;1
2022-11-16 16:27:28.151538;1
2022-11-16 16:29:40.883293;1
2022-11-16 16:33:31.95724;1
2022-11-16 16:35:36.520168;1
2022-11-16 16:37:50.832605;1
2022-11-16 16:42:35.7683;1
2022-11-16 16:44:37.865671;1
2022-11-17 09:22:44.206368;1
2022-11-17 09:27:14.800669;1
2022-11-17 09:30:20.909917;1
2022-11-17 09:33:39.051076;1
2022-11-17 09:36:06.748302;1
2022-11-17 09:38:38.236357;1
2022-11-17 11:34:08.76312;1
2022-11-17 11:51:35.117594;1
2022-11-17 12:00:32.52486;1
2022-11-17 12:03:03.296423;1
2022-11-17 12:08:54.838428;1
2022-11-17 12:11:48.609199;1
2022-11-17 12:21:36.56336;1
2022-11-17 12:24:38.204343;1
2022-11-17 12:29:36.760793;1
2022-11-17 12:32:47.018288;1
2022-11-17 12:35:25.55589;1
2022-11-17 12:38:42.761879;1
2022-11-17 12:41:53.180405;1
2022-11-17 12:45:16.931439;1
2022-11-17 12:54:03.929959;1
2022-11-17 12:55:16.960774;1
2022-11-17 12:55:32.540434;1
2022-11-17 12:55:52.95883;1
2022-11-17 12:58:06.094395;1
2022-11-17 13:01:16.055537;1
2022-11-17 13:04:36.396065;1
2022-11-17 13:07:21.972411;1
2022-11-17 13:25:47.709395;1
2022-11-17 13:29:12.714793;1
2022-11-17 16:27:54.258667;1
2022-11-17 16:30:18.626017;1
2022-11-17 16:33:19.94029;1
2022-11-17 16:38:10.328181;1
2022-11-17 16:41:06.839675;3
2022-11-17 16:43:33.432626;2
2022-11-17 16:45:45.035492;4
2022-11-17 16:49:35.675476;2
2022-11-17 16:51:17.009902;1
2022-11-17 16:58:44.667104;1
2022-11-17 17:00:23.009055;1
2022-11-17 17:00:52.459842;1
2022-11-18 11:13:09.638801;1
2022-11-18 11:16:45.475491;1
2022-11-18 11:20:06.393126;1
2022-11-18 11:27:03.880848;1
2022-11-18 11:57:26.310545;1
2022-11-18 12:00:34.101536;1
2022-11-18 12:06:09.15272;1
2022-11-18 12:09:42.806724;1
2022-11-18 12:12:39.219016;1
2022-11-18 12:16:42.562042;1
2022-11-18 12:19:36.519252;1
2022-11-18 12:40:53.651948;2
2022-11-18 12:43:18.807925;2
2022-11-18 14:22:59.799291;1
2022-11-18 14:26:34.98601;2
2022-11-18 14:30:56.655233;2
2022-11-18 15:06:21.934899;2
2022-11-18 15:15:05.142736;2
2022-11-18 15:19:42.273903;1
2022-11-18 15:29:17.291721;1
2022-11-18 15:31:53.447756;2
2022-11-18 15:35:18.633939;1
2022-11-18 15:38:20.782355;1
2022-11-18 15:45:56.353473;1
2022-11-18 15:48:10.867666;1
2022-11-18 15:50:37.457371;1
2022-11-18 15:52:33.693161;1
2022-11-18 15:54:24.695298;1
2022-11-18 15:58:16.196448;1
2022-11-18 16:00:12.657185;1
2022-11-18 16:02:46.34011;1
2022-11-19 07:25:59.648884;1
2022-11-19 07:28:07.046406;1
2022-11-19 07:30:08.70941;1
2022-11-19 07:32:24.213641;1
2022-11-19 07:34:17.200053;1
2022-11-19 07:36:14.369283;1
2022-11-19 07:38:51.10252;1
2022-11-19 07:40:38.72733;1
2022-11-19 07:42:21.817049;1
2022-11-19 07:44:12.547755;1
2022-11-19 11:50:08.481909;1
2022-11-19 11:52:27.046991;1
2022-11-19 11:55:13.365958;1
2022-11-19 11:57:59.403636;1
2022-11-19 12:00:42.885104;1
2022-11-19 12:01:38.157878;1
2022-11-19 12:05:02.81241;1
2022-11-19 12:07:37.959927;1
2022-11-19 12:10:25.69896;1
2022-11-19 12:32:15.82453;1
2022-11-19 12:34:40.062521;1
2022-11-19 12:36:46.647538;1
2022-11-19 12:39:12.439848;1
2022-11-19 12:41:25.400296;1
2022-11-19 12:46:09.432546;1
2022-11-19 12:48:46.867065;1
2022-11-19 12:50:00.659326;1
2022-11-19 14:44:33.174198;1
2022-11-19 14:50:59.544058;2
2022-11-19 14:54:44.963133;1
2022-11-19 14:57:34.473321;1
2022-11-19 15:01:55.320758;1
2022-11-19 15:06:25.421498;1
2022-11-19 15:14:03.846168;1
2022-11-19 15:16:57.452417;1
2022-11-19 15:18:54.467251;1
2022-11-19 15:27:18.469224;1
2022-11-19 15:37:10.369315;2
2022-11-19 15:40:18.968596;1
2022-11-19 15:47:15.276985;1
2022-11-19 15:53:37.164927;2
2022-11-22 12:36:18.053255;1
2022-11-22 12:38:33.707639;1
2022-11-22 16:35:18.227534;1
2022-11-22 16:38:35.900485;1
2022-11-22 16:40:52.408483;1
2022-11-23 10:45:55.028249;1
2022-11-23 10:48:37.409912;1
2022-11-23 10:50:36.483993;1
2022-11-23 10:52:54.680052;1
2022-11-23 10:56:19.9542;1
2022-11-23 10:58:16.986996;1
2022-11-23 11:29:58.799568;1
2022-11-23 11:31:58.284947;1
2022-11-23 11:33:50.677267;1
2022-11-23 11:56:45.588901;1
2022-11-23 11:59:29.564342;1
2022-11-23 12:09:21.616851;1
2022-11-23 12:09:41.969205;1
2022-11-23 12:12:19.535625;1
2022-11-23 12:14:15.474948;1
2022-11-23 12:45:03.675804;1
2022-11-23 12:48:36.752269;2
2022-11-23 12:53:50.633367;2
2022-11-23 13:00:33.730194;1
2022-11-23 14:03:01.302125;2
2022-11-23 14:09:50.024836;1
2022-11-23 14:12:19.762827;1
2022-11-23 14:14:38.464748;1
2022-11-23 14:16:58.532029;1
2022-11-23 14:21:14.891811;1
2022-11-23 14:27:35.593605;1
2022-11-23 14:30:31.745402;1
2022-11-23 14:33:27.988759;1
2022-11-23 14:36:47.24068;1
2022-11-23 14:57:07.072312;1
2022-11-23 14:58:44.290754;1
2022-11-23 15:00:44.37316;1
2022-11-23 15:04:07.589123;1
2022-11-23 15:07:12.781002;1
2022-11-23 15:10:08.491629;1
2022-11-23 15:13:00.399535;1
2022-11-23 15:15:37.159552;1
2022-11-24 10:26:54.925783;1
2022-11-24 10:49:22.867118;1
2022-11-24 10:56:51.916558;1
2022-11-24 10:58:51.141109;1
2022-11-24 11:01:44.65189;1
2022-11-24 11:03:41.541603;1
2022-11-24 11:06:13.537402;1
2022-11-24 14:55:33.810567;1
2022-11-24 15:04:15.156688;1
2022-11-24 15:04:32.859737;1
2022-11-24 15:08:25.993664;1
2022-11-24 15:10:55.452467;1
2022-11-25 13:41:43.595477;1
2022-11-25 13:44:34.19175;1
2022-11-25 13:46:48.471832;1
2022-11-25 13:47:06.471747;1
2022-11-25 13:49:05.484648;1
2022-11-25 13:50:48.774723;1
2022-11-25 13:55:24.88846;1
2022-11-25 13:58:24.134399;1
2022-11-25 14:01:25.923961;2
2022-11-25 14:04:40.807345;2
2022-11-25 14:07:21.816931;1
2022-11-25 14:10:08.509044;1
2022-11-25 14:13:22.596285;1
2022-11-25 15:17:51.4102;1
2022-11-25 15:20:18.505343;1
2022-11-25 15:22:49.844868;1
2022-11-25 15:24:50.865357;1
2022-11-25 15:27:19.576481;1
2022-11-25 15:34:40.36712;1
2022-11-25 15:37:02.721194;1
2022-11-25 15:39:52.24282;1
2022-11-25 15:42:22.853123;1
2022-11-25 15:44:38.573831;1
2022-11-25 15:47:53.131156;1
2022-11-25 15:52:06.339414;1
2022-11-25 15:54:27.622865;1
2022-11-25 15:56:52.264101;1
2022-11-25 15:59:00.857863;1
2022-11-25 16:02:00.796656;1
2022-11-25 16:04:00.355935;1
2022-11-25 16:06:19.563005;1
2022-11-25 16:08:32.434468;1
2022-11-25 16:10:35.63188;1
2022-11-25 16:12:31.552316;1
2022-11-25 16:15:13.204254;1
2022-11-25 16:17:15.093284;1
2022-11-25 16:19:35.780998;1
2022-11-25 16:21:52.638016;1
2022-11-25 16:24:00.179119;1
2022-11-25 16:26:08.191515;1
2022-11-25 16:28:12.990405;1
2022-11-25 16:30:46.352203;1
2022-11-25 16:32:50.0068;1
2022-11-25 16:35:17.040727;1
2022-11-25 16:37:21.702155;1
2022-11-25 16:39:43.165255;1
2022-11-25 16:43:45.553063;1
2022-11-25 16:46:12.781147;1
2022-11-25 16:48:45.734509;1
2022-11-25 16:51:07.020588;1
2022-11-26 14:51:35.973889;1
2022-11-26 14:53:58.359088;1
2022-11-26 14:56:01.4525;1
2022-11-26 14:57:41.565977;1
2022-11-26 15:00:01.441757;1
2022-11-26 15:01:43.204362;1
2022-11-26 15:03:16.430633;1
2022-11-26 15:07:32.722716;1
2022-11-26 15:10:15.049936;1
2022-11-26 15:11:57.418481;1
2022-11-26 15:23:32.537536;1
2022-11-26 15:25:30.407211;1
2022-11-26 15:27:23.726247;1
2022-11-26 15:29:22.665772;1
2022-11-26 15:31:10.761184;1
2022-11-26 15:33:30.092923;1
2022-11-26 15:35:39.849889;1
2022-11-27 12:04:02.469552;1
2022-11-27 12:05:44.632813;1
2022-11-27 12:07:54.942476;1
2022-11-27 12:10:08.831527;1
2022-11-27 12:12:07.960426;1
2022-11-27 12:14:02.551529;1
2022-11-27 12:15:44.708458;1
2022-11-27 12:18:34.036554;2
2022-11-27 12:20:22.903356;1
2022-11-27 12:22:43.61929;1
2022-11-27 12:24:37.767721;1
2022-11-27 12:26:23.537579;1
2022-11-27 12:28:08.641947;1
2022-11-28 09:48:04.424933;1
2022-11-28 09:50:19.486151;1
2022-11-28 09:52:14.181352;1
2022-11-28 09:53:53.537323;1
2022-11-28 09:55:35.721248;1
2022-11-28 09:57:33.450187;1
2022-11-28 09:59:49.954441;1
2022-11-28 10:01:50.404505;1
2022-11-28 10:04:02.725091;1
2022-11-28 10:05:52.351268;1
2022-11-28 10:09:06.601717;1
2022-11-28 10:10:56.868753;1
2022-11-28 10:12:56.107754;1
2022-11-28 10:14:50.340131;1
2022-11-28 10:17:16.080457;1
2022-11-28 10:19:13.016442;1
2022-11-28 10:21:34.883134;1
2022-11-28 10:23:44.334814;1
2022-11-28 10:25:49.426322;1
2022-11-28 10:28:12.956696;1
2022-11-28 10:30:59.410407;1
2022-11-28 10:45:41.525543;2
2022-11-28 10:58:51.301183;1
2022-11-28 11:04:23.632937;1
2022-11-28 11:06:45.874678;1
2022-11-28 11:20:29.776703;1
2022-11-28 11:22:24.945653;1
2022-11-28 11:24:36.172947;1
2022-11-28 11:26:47.223894;1
2022-11-28 11:28:53.775339;1
2022-11-28 11:31:02.101036;1
2022-11-28 11:32:40.332052;1
2022-11-28 11:34:32.915511;1
2022-11-28 11:36:03.555872;1
2022-11-28 11:37:52.561039;1
2022-11-28 11:39:43.367644;1
2022-11-28 11:42:56.301901;1
2022-11-28 11:44:30.921139;1
2022-11-28 11:51:58.70284;1
2022-11-28 11:54:10.670811;1
2022-11-28 11:56:59.678784;1
2022-11-28 11:58:44.321326;1
2022-11-28 12:01:35.380867;1
2022-11-28 12:05:21.110243;1
2022-11-28 12:09:17.716645;1
2022-11-28 12:11:09.768481;1
2022-11-28 12:12:46.456057;1
2022-11-28 12:22:18.469053;1
2022-11-28 12:25:08.637684;1
2022-11-28 12:27:19.563369;1
2022-11-28 12:29:18.78626;1
2022-11-28 12:31:08.609121;1
2022-11-28 12:32:46.213743;1
2022-11-28 12:35:07.931692;1
2022-11-28 12:36:47.057402;1
2022-11-28 12:39:26.477892;1
2022-11-28 12:41:29.861903;1
2022-11-28 12:43:29.585603;1
2022-11-28 12:50:04.527925;1
2022-11-28 12:51:49.38953;1
2022-11-28 12:53:58.3517;1
2022-11-28 12:56:01.211927;1
2022-11-28 12:57:43.071818;1
2022-11-28 16:18:49.152776;1
2022-11-28 16:25:57.096909;1
2022-11-28 16:27:49.164992;1
2022-11-28 16:29:48.797463;1
2022-11-28 16:31:57.022467;1
2022-11-28 16:33:40.678184;1
2022-11-28 16:35:25.236939;1
2022-11-28 16:37:06.75507;1
2022-11-28 16:39:22.348604;1
2022-11-28 16:41:36.112376;1
2022-11-28 16:43:48.985491;1
2022-11-28 16:45:41.091791;1
2022-11-28 16:47:36.416588;1
2022-11-28 16:49:38.568478;1
2022-11-28 16:51:00.401229;1
2022-11-28 16:51:06.338409;1
2022-11-28 16:52:50.335837;1
2022-11-28 16:57:51.183087;1
2022-11-29 09:31:10.978409;1
2022-11-29 09:33:12.492509;1
2022-11-29 09:34:52.020169;1
2022-11-29 09:36:40.192498;1
2022-11-29 09:38:22.542688;1
2022-11-29 09:40:17.266905;1
2022-11-29 09:42:14.428938;1
2022-11-29 09:44:17.927399;1
2022-11-29 09:46:18.186852;1
2022-11-29 09:48:21.009888;1
2022-11-29 09:50:23.920811;1
2022-11-29 09:52:12.14767;1
2022-11-29 09:53:43.29315;1
2022-11-29 09:55:14.921605;1
2022-11-29 09:56:40.076637;1
2022-11-29 09:58:16.349084;1
2022-11-29 11:11:30.603752;1
2022-11-29 11:13:42.12763;1
2022-11-29 11:15:32.330788;1
2022-11-29 11:16:58.723571;1
2022-11-29 11:18:54.637814;1
2022-11-29 11:20:29.147065;1
2022-11-29 11:22:23.309048;1
2022-11-29 11:24:29.130761;1
2022-11-29 11:27:19.17204;1
2022-11-29 11:29:39.500559;1
2022-11-29 11:31:39.175452;1
2022-11-29 11:33:33.305724;1
2022-11-29 11:35:31.684647;1
2022-11-29 11:37:22.691646;1
2022-11-29 11:39:16.466445;1
2022-11-29 11:41:38.846088;1
2022-11-29 11:45:44.223;1
2022-11-29 11:47:18.988318;1
2022-11-29 11:49:15.127665;1
2022-11-29 11:50:58.437805;1
2022-11-29 11:53:04.894535;1
2022-11-29 11:54:50.59835;1
2022-11-29 12:16:25.262569;1
2022-11-29 12:18:26.938927;1
2022-11-29 12:20:44.084489;1
2022-11-29 12:22:55.638127;1
2022-11-29 12:25:07.147114;1
2022-11-29 12:26:59.305082;1
2022-11-29 12:28:43.497291;1
2022-11-29 12:31:10.433966;1
2022-11-29 12:33:04.622194;1
2022-11-29 12:35:05.322199;1
2022-11-29 12:37:00.022932;1
2022-11-29 12:38:31.432986;1
2022-11-29 14:23:04.848726;1
2022-11-29 14:24:47.660465;1
2022-11-29 14:26:30.201225;1
2022-11-29 14:28:36.226837;1
2022-11-29 14:31:03.747185;1
2022-11-29 14:32:49.693049;1
2022-11-29 14:34:50.221822;1
2022-11-29 14:36:21.106886;1
2022-11-29 14:37:57.394115;1
2022-11-29 14:39:34.165778;1
2022-11-29 14:41:19.951074;1
2022-11-29 14:42:53.969624;1
2022-11-29 14:44:31.09535;1
2022-11-29 14:46:48.491091;1
2022-11-29 14:48:44.988972;1
2022-11-29 14:50:48.983577;1
2022-11-29 14:57:09.923163;1
2022-11-29 15:00:20.268384;1
2022-11-29 15:02:19.217544;1
2022-11-29 15:04:29.113762;1
2022-11-29 15:06:18.665981;1
2022-11-29 15:08:03.498242;1
2022-11-29 15:09:13.681865;1
2022-11-29 15:10:22.649178;1
2022-11-29 15:13:46.730361;1
2022-11-29 15:17:56.258974;1
2022-11-29 15:19:56.805104;1
2022-11-29 15:25:51.525397;1
2022-11-29 15:27:45.572221;1
2022-11-29 15:30:28.704166;1
2022-11-29 15:32:32.386007;1
2022-11-29 15:35:10.190984;1
2022-11-29 15:36:54.774929;1
2022-11-29 15:40:34.527013;1
2022-11-29 15:42:52.967881;1
2022-11-29 15:44:39.863029;1
2022-11-29 15:46:16.941447;1
2022-11-29 15:46:23.450938;1
2022-11-29 15:48:01.755704;1
2022-11-29 15:49:35.465096;1
2022-11-29 15:52:07.823512;1
2022-11-29 15:54:20.205376;1
2022-11-29 15:57:46.313982;1
2022-11-30 10:32:04.729993;1
2022-11-30 10:33:54.673774;1
2022-11-30 10:35:48.716813;1
2022-11-30 10:37:31.975242;1
2022-11-30 10:40:08.902786;1
2022-11-30 10:42:45.192789;1
2022-11-30 10:44:40.151993;1
2022-11-30 10:46:31.95085;1
2022-11-30 10:48:43.199657;1
2022-11-30 10:54:28.588219;1
2022-11-30 10:56:46.615366;1
2022-11-30 10:59:03.726523;1
2022-11-30 11:19:46.584136;1
2022-11-30 11:21:09.79329;1
2022-11-30 11:21:42.855742;1
2022-11-30 11:23:34.97964;1
2022-11-30 11:25:27.866533;1
2022-11-30 11:27:13.676349;1
2022-11-30 11:28:43.739456;1
2022-11-30 11:30:22.485247;1
2022-11-30 11:43:20.565693;2
2022-11-30 11:52:38.908419;2
2022-11-30 11:54:34.226412;1
2022-11-30 12:02:42.683712;1
2022-11-30 12:04:20.123982;1
2022-11-30 12:05:54.1684;1
2022-11-30 12:15:13.982443;1
2022-11-30 12:17:16.362998;1
2022-11-30 12:21:51.736777;1
2022-11-30 12:26:19.404084;1
2022-11-30 12:27:58.36383;1
2022-11-30 12:29:51.350865;1
2022-11-30 12:31:15.633586;1
2022-11-30 12:34:39.048529;1
2022-11-30 12:40:33.459856;1
2022-11-30 12:45:10.009316;1
2022-11-30 12:52:00.645245;1
2022-11-30 12:55:20.44959;1
2022-11-30 12:59:14.301163;1
2022-11-30 13:45:36.252951;1
2022-11-30 13:48:40.897076;1
2022-11-30 13:50:57.008318;1
2022-11-30 13:52:50.87177;1
2022-11-30 13:56:32.182222;1
2022-11-30 13:59:58.978202;1
2022-11-30 14:01:38.266586;1
2022-11-30 14:03:35.599591;1
2022-11-30 14:07:35.960707;1
2022-11-30 14:09:25.555067;1
2022-11-30 14:11:00.409173;1
2022-11-30 14:13:04.69001;1
2022-11-30 14:15:04.261409;1
2022-11-30 14:17:12.574512;1
2022-11-30 14:19:32.588879;1
2022-11-30 14:25:48.940191;1
2022-11-30 14:27:46.603382;1
2022-11-30 14:30:01.602394;1
2022-11-30 14:33:33.210176;1
2022-11-30 14:35:17.645052;1
2022-11-30 14:37:13.706103;1
2022-11-30 14:39:21.092908;1
2022-11-30 14:48:11.719176;1
2022-11-30 14:50:30.116379;1
2022-11-30 15:12:22.80263;1
2022-11-30 15:14:14.372177;1
2022-11-30 15:16:10.664693;1
2022-11-30 15:23:20.098428;1
2022-11-30 16:17:19.64443;1
2022-11-30 16:25:33.362455;1
2022-11-30 16:27:42.800353;1
2022-11-30 16:29:47.95395;1
2022-11-30 16:31:37.14975;1
2022-11-30 16:33:24.54917;1
2022-11-30 16:35:02.690469;1
2022-11-30 16:37:00.80902;1
2022-11-30 16:38:58.980073;1
2022-11-30 16:40:42.512612;1
2022-11-30 16:42:29.03895;1
2022-11-30 16:44:18.616788;1
2022-11-30 16:46:07.156963;1
2022-11-30 16:47:45.749391;1
2022-11-30 16:49:00.620463;1
2022-12-01 07:15:34.57181;1
2022-12-01 07:17:22.252808;1
2022-12-01 07:18:50.726742;1
2022-12-01 07:18:58.335222;1
2022-12-01 07:20:43.200209;1
2022-12-01 07:22:23.415324;1
2022-12-01 07:24:13.658583;1
2022-12-01 07:26:25.857964;1
2022-12-01 07:28:20.412754;1
2022-12-01 07:30:06.280493;1
2022-12-01 07:31:47.889238;1
2022-12-01 10:52:48.292079;1
2022-12-01 10:58:54.633342;1
2022-12-01 11:00:44.040127;1
2022-12-01 11:02:56.760975;1
2022-12-01 11:06:53.276388;1
2022-12-01 11:08:47.862101;1
2022-12-01 11:10:36.961682;1
2022-12-01 11:14:35.541966;1
2022-12-01 11:16:35.836046;1
2022-12-01 11:19:01.478202;1
2022-12-01 11:22:09.436179;1
2022-12-01 11:22:16.522409;1
2022-12-01 11:24:59.911955;1
2022-12-01 11:29:03.650736;1
2022-12-01 11:30:57.119178;1
2022-12-01 11:46:05.198254;1
2022-12-01 11:47:47.279631;1
2022-12-01 11:49:45.854217;1
2022-12-01 11:53:26.645713;1
2022-12-01 11:55:00.746531;1
2022-12-01 11:56:52.408057;1
2022-12-01 11:59:35.628094;1
2022-12-01 12:01:27.333542;1
2022-12-01 12:03:17.176558;1
2022-12-01 12:05:02.668002;1
2022-12-01 12:06:55.801975;1
2022-12-01 12:08:44.296759;1
2022-12-01 12:10:28.9552;1
2022-12-01 12:12:26.673244;1
2022-12-01 12:14:38.167925;1
2022-12-01 12:16:13.875978;1
2022-12-01 12:17:50.494052;1
2022-12-01 12:20:01.267169;1
2022-12-01 12:21:45.676988;1
2022-12-01 12:23:25.73803;1
2022-12-01 12:25:20.893684;1
2022-12-01 12:27:06.737788;1
2022-12-02 10:21:11.132939;1
2022-12-02 10:22:53.467584;1
2022-12-02 10:25:43.642604;1
2022-12-02 10:34:16.2481;1
2022-12-02 11:04:26.72823;1
2022-12-02 11:06:42.272792;1
2022-12-02 11:12:34.712559;1
2022-12-02 11:14:20.145529;1
2022-12-02 11:19:03.047465;1
2022-12-02 11:21:57.699332;1
2022-12-02 11:24:03.662355;1
2022-12-02 11:34:45.832734;1
2022-12-02 11:37:39.526843;1
2022-12-02 11:39:30.292126;1
2022-12-02 11:46:01.588887;1
2022-12-02 11:48:07.265564;1
2022-12-02 11:50:55.775618;1
2022-12-02 12:02:37.544126;1
2022-12-02 12:04:26.261275;1
2022-12-02 12:06:22.437019;1
2022-12-02 12:09:21.020666;1
2022-12-02 12:11:51.875605;1
2022-12-02 12:13:42.595454;1
2022-12-02 12:15:49.5049;1
2022-12-02 12:18:57.181794;1
2022-12-02 12:20:52.803348;1
2022-12-02 12:23:14.582191;1
2022-12-02 12:24:57.593582;1
2022-12-02 12:26:55.826301;1
2022-12-02 12:28:54.917743;1
2022-12-02 12:30:45.72315;1
2022-12-02 12:32:41.815447;1
2022-12-02 12:34:40.21034;1
2022-12-02 13:33:14.766216;1
2022-12-02 13:36:20.169662;1
2022-12-02 13:38:35.151106;1
2022-12-02 13:40:28.925693;1
2022-12-02 13:42:09.711493;1
2022-12-02 13:43:51.668661;1
2022-12-02 13:45:37.187904;1
2022-12-02 13:47:38.145235;1
2022-12-02 13:49:24.970951;1
2022-12-02 13:51:13.119275;1
2022-12-02 13:52:59.72669;1
2022-12-02 13:55:02.862509;1
2022-12-02 13:57:04.958846;1
2022-12-02 13:58:57.478226;1
2022-12-02 14:00:41.874958;1
2022-12-02 14:02:43.936082;1
2022-12-02 14:04:36.93885;1
2022-12-02 14:06:29.889049;1
2022-12-02 14:08:16.886759;1
2022-12-02 14:10:26.746611;1
2022-12-02 14:16:17.879233;1
2022-12-02 14:18:06.352283;1
2022-12-02 14:19:47.493037;1
2022-12-02 14:21:29.670733;1
2022-12-02 14:23:46.269605;1
2022-12-02 14:29:49.273309;1
2022-12-02 14:30:53.109528;1
2022-12-02 14:32:46.125894;1
2022-12-02 14:34:29.50663;1
2022-12-02 14:36:12.917186;1
2022-12-02 14:37:59.552343;1
2022-12-02 14:39:55.064384;1
2022-12-02 14:41:50.264509;1
2022-12-02 14:43:45.241085;1
2022-12-02 14:45:47.083822;1
2022-12-02 14:50:22.801963;1
2022-12-02 14:56:26.267062;1
2022-12-02 14:58:09.161047;1
2022-12-02 16:02:16.380444;1
2022-12-02 16:04:05.606029;1
2022-12-02 16:07:20.870703;1
2022-12-02 16:09:49.698378;1
2022-12-05 09:46:00.944523;1
2022-12-05 10:26:59.88607;1
2022-12-05 10:28:31.517309;1
2022-12-05 10:30:42.90122;1
2022-12-05 10:32:33.927931;1
2022-12-05 10:33:59.832135;1
2022-12-05 10:37:03.905655;1
2022-12-05 10:45:14.014737;1
2022-12-05 10:47:09.867004;1
2022-12-05 10:48:56.289895;1
2022-12-05 10:51:42.625071;1
2022-12-05 10:53:35.555624;1
2022-12-05 10:55:20.545607;1
2022-12-05 11:21:24.702797;1
2022-12-05 11:25:17.897277;2
2022-12-05 11:27:09.816766;1
2022-12-05 11:28:46.952426;1
2022-12-05 11:30:24.181195;1
2022-12-05 11:31:57.453795;1
2022-12-05 11:33:49.630438;1
2022-12-05 11:35:38.2118;1
2022-12-05 11:38:42.241842;1
2022-12-05 11:40:39.714313;1
2022-12-05 11:41:35.282804;1
2022-12-05 11:44:15.505009;1
2022-12-05 11:46:38.561733;1
2022-12-05 11:48:21.099408;1
2022-12-05 11:50:11.214302;1
2022-12-05 11:52:48.19746;1
2022-12-05 11:54:45.249213;1
2022-12-05 11:56:50.670571;1
2022-12-05 12:00:37.994874;2
2022-12-05 12:17:09.625801;1
2022-12-05 12:19:42.651167;1
2022-12-05 12:22:47.809803;1
2022-12-05 12:24:36.528774;1
2022-12-05 12:27:02.554992;2
2022-12-05 12:33:09.953722;2
2022-12-05 12:35:37.58506;2
2022-12-05 12:38:01.13054;2
2022-12-05 12:39:40.031318;1
2022-12-05 12:42:48.157729;1
2022-12-05 12:51:04.03887;1
2022-12-05 14:27:22.722153;1
2022-12-05 14:29:23.993138;1
2022-12-05 14:31:28.061231;1
2022-12-05 14:35:36.782284;1
2022-12-05 14:39:44.400456;1
2022-12-05 14:41:30.984319;1
2022-12-05 14:43:26.259026;1
2022-12-05 14:45:23.904796;1
2022-12-05 14:47:12.053941;1
2022-12-05 14:51:09.916076;1
2022-12-05 14:53:00.81454;1
2022-12-05 14:54:51.928014;1
2022-12-05 14:56:54.625717;1
2022-12-05 15:02:55.898628;1
2022-12-05 15:05:14.833553;1
2022-12-05 15:08:31.677461;1
2022-12-05 15:10:54.18854;1
2022-12-05 15:13:25.376195;1
2022-12-05 15:15:19.406046;1
2022-12-05 15:17:34.245472;1
2022-12-05 15:26:45.032644;1
2022-12-05 15:29:39.174818;1
2022-12-05 15:31:48.802095;2
2022-12-05 15:33:50.484519;2
2022-12-05 15:37:51.171236;2
2022-12-05 15:40:17.346084;1
2022-12-05 15:43:00.931152;1
2022-12-05 15:45:37.210891;1
2022-12-05 15:47:57.527711;1
2022-12-05 15:49:54.331667;1
2022-12-05 15:52:09.191366;1
2022-12-05 15:53:51.039189;1
2022-12-05 17:19:51.464401;1
2022-12-05 17:20:14.881891;1
2022-12-05 20:02:13.933035;1
2022-12-05 20:02:48.551823;1
2022-12-05 20:04:53.13201;1
2022-12-05 20:06:41.97526;1
2022-12-06 10:12:32.761185;1
2022-12-06 10:14:12.028503;1
2022-12-06 10:16:16.707884;1
2022-12-06 13:43:16.798096;1
2022-12-06 13:47:30.509002;1
2022-12-06 13:49:38.166126;1
2022-12-06 13:56:18.614208;1
2022-12-06 13:58:21.479004;1
2022-12-06 14:00:06.256451;1
2022-12-06 14:01:49.096869;1
2022-12-06 14:06:16.274988;1
2022-12-06 14:09:44.192722;1
2022-12-06 14:13:06.788988;1
2022-12-06 14:16:47.92832;1
2022-12-06 14:20:28.570914;1
2022-12-06 14:22:42.095394;1
2022-12-06 14:24:58.381368;1
2022-12-06 14:30:52.898605;2
2022-12-06 14:31:14.080795;2
2022-12-06 14:31:31.785571;2
2022-12-06 14:37:15.449214;1
2022-12-06 14:56:43.22704;1
2022-12-06 15:02:46.032507;1
2022-12-06 15:05:13.687582;1
2022-12-06 15:13:23.452537;1
2022-12-06 15:16:40.348512;2
2022-12-06 15:19:01.576909;1
2022-12-06 15:21:41.761709;1
2022-12-06 15:24:54.256614;1
2022-12-06 15:29:52.57788;1
2022-12-06 15:32:20.755479;1
2022-12-06 15:34:16.107456;1
2022-12-06 15:40:30.481306;1
2022-12-06 15:42:51.635391;1
2022-12-06 15:46:10.275148;1
2022-12-06 15:48:21.214622;1
2022-12-06 15:51:17.638693;1
2022-12-06 15:53:53.293164;1
2022-12-06 15:56:20.953272;1
2022-12-06 16:05:36.658504;1
2022-12-06 16:08:13.444481;1
2022-12-06 16:10:03.352565;1
2022-12-07 15:12:38.51645;1
2022-12-07 15:13:11.209394;1
2022-12-07 15:28:09.815132;1
2022-12-07 15:30:39.126402;1
2022-12-07 15:48:18.283123;1
2022-12-07 15:51:43.828902;1
2022-12-07 16:03:01.752253;1
2022-12-07 16:07:23.5822;1
2022-12-07 16:14:20.142123;1
2022-12-07 16:17:32.106891;1
2022-12-07 16:18:40.278047;1
2022-12-07 16:20:23.694323;1
2022-12-07 16:22:26.626015;1
2022-12-07 16:24:38.195229;1
2022-12-07 16:51:45.629329;1
2022-12-08 09:56:00.76333;1
2022-12-08 09:58:26.670598;1
2022-12-08 10:00:16.243596;1
2022-12-08 10:02:04.032401;1
2022-12-08 10:04:17.30359;1
2022-12-08 10:13:43.342939;1
2022-12-08 10:16:29.901286;1
2022-12-08 10:24:43.637374;1
2022-12-08 10:27:16.294291;1
2022-12-08 10:29:47.14099;1
2022-12-08 11:43:36.862795;1
2022-12-08 11:47:24.76773;1
2022-12-08 11:49:02.299423;1
2022-12-08 11:51:08.833348;1
2022-12-08 11:53:16.070642;1
2022-12-08 11:55:27.944035;1
2022-12-08 12:11:52.328046;1
2022-12-08 12:14:02.748285;1
2022-12-08 12:18:31.118783;1
2022-12-08 12:28:45.977204;1
2022-12-08 12:36:03.177991;1
2022-12-08 12:37:58.796981;1
2022-12-08 13:30:51.03073;1
2022-12-08 13:36:12.061512;1
2022-12-08 13:38:32.878401;1
2022-12-08 13:40:47.086358;1
2022-12-08 13:52:10.179837;1
2022-12-08 14:09:03.695443;1
2022-12-08 14:11:09.737506;1
2022-12-08 14:13:24.345066;1
2022-12-08 14:17:40.746857;1
2022-12-08 14:19:57.913082;1
2022-12-08 14:30:50.414223;1
2022-12-08 14:32:49.826347;1
2022-12-08 14:34:48.236928;1
2022-12-08 14:36:56.11746;1
2022-12-08 14:38:49.331424;1
2022-12-08 14:41:27.876078;1
2022-12-08 14:42:52.051699;1
2022-12-08 14:42:59.652174;1
2022-12-08 14:44:34.701199;1
2022-12-08 14:49:08.321126;1
2022-12-08 14:51:40.167761;1
2022-12-08 15:05:44.585829;1
2022-12-08 15:07:30.578603;1
2022-12-08 15:09:35.648013;1
2022-12-08 15:11:33.325641;1
2022-12-08 15:13:22.097873;1
2022-12-08 15:15:35.166475;1
2022-12-08 15:22:40.943083;1
2022-12-08 15:24:30.134566;1
2022-12-08 15:26:25.716918;1
2022-12-08 15:47:00.461175;1
2022-12-08 15:48:43.625696;1
2022-12-08 15:50:38.576686;1
2022-12-08 15:52:54.870932;1
2022-12-08 16:00:59.171192;1
2022-12-08 16:03:48.928385;1
2022-12-08 16:06:10.644902;1
2022-12-08 16:08:26.040234;1
2022-12-08 16:10:11.340063;1
2022-12-08 16:13:22.289821;1
2022-12-08 16:15:59.325638;1
2022-12-08 16:18:19.912149;1
2022-12-08 16:21:58.260144;1
2022-12-09 09:51:29.2775;2
2022-12-09 09:55:11.354283;1
2022-12-09 09:57:15.669666;1
2022-12-09 10:04:22.587496;1
2022-12-09 10:05:57.597865;1
2022-12-09 10:07:35.455767;1
2022-12-09 10:09:33.856713;1
2022-12-09 10:11:07.932027;1
2022-12-09 10:17:21.553363;1
2022-12-09 10:17:54.192255;1
2022-12-09 10:19:45.072538;1
2022-12-09 10:23:25.369263;1
2022-12-09 10:26:07.476696;1
2022-12-09 10:28:07.493581;1
2022-12-09 10:32:32.053914;1
2022-12-09 10:34:26.838815;1
2022-12-09 10:36:18.992382;1
2022-12-09 10:40:36.401013;1
2022-12-09 10:42:13.383724;1
2022-12-09 10:44:57.664036;1
2022-12-09 10:47:21.390038;1
2022-12-09 10:51:07.690352;1
2022-12-09 10:53:59.040997;2
2022-12-09 10:56:10.010836;1
2022-12-09 10:58:03.931601;1
2022-12-09 11:24:18.566265;2
2022-12-09 11:26:03.689692;1
2022-12-09 11:28:29.887556;1
2022-12-09 11:30:36.698843;1
2022-12-09 11:32:24.872811;1
2022-12-09 11:34:29.166645;1
2022-12-09 11:39:58.613442;1
2022-12-09 11:42:31.53517;1
2022-12-09 11:44:39.837904;1
2022-12-09 11:46:53.335199;1
2022-12-09 11:48:52.077503;1
2022-12-09 11:51:13.445245;1
2022-12-09 11:53:45.855876;1
2022-12-09 11:56:40.162401;1
2022-12-09 11:58:23.064665;1
2022-12-09 12:00:04.581441;1
2022-12-09 12:01:47.950544;1
2022-12-09 13:53:40.104078;1
2022-12-09 13:58:29.440191;1
2022-12-09 14:00:17.800268;1
2022-12-09 14:02:20.749188;1
2022-12-09 14:04:24.720799;1
2022-12-09 14:06:16.159479;1
2022-12-09 14:08:30.128685;1
2022-12-09 14:12:14.184311;1
2022-12-09 14:14:09.772844;1
2022-12-09 14:15:48.475712;1
2022-12-09 14:17:40.820677;1
2022-12-09 14:19:25.781897;1
2022-12-09 14:21:01.455854;1
2022-12-09 14:23:13.309403;1
2022-12-09 14:25:41.194055;1
2022-12-09 14:35:43.667449;1
2022-12-09 14:37:20.692502;1
2022-12-09 14:39:28.114779;1
2022-12-09 14:42:36.45309;2
2022-12-09 14:44:56.173311;1
2022-12-09 14:47:05.291271;1
2022-12-09 14:49:48.101144;1
2022-12-09 14:52:16.695469;1
2022-12-09 14:55:49.967604;1
2022-12-09 15:09:46.320107;1
2022-12-09 15:17:47.82729;1
2022-12-09 15:18:42.43119;1
2022-12-09 15:21:07.566171;1
2022-12-09 15:24:30.274105;1
2022-12-09 15:26:41.014446;1
2022-12-09 15:34:35.59395;1
2022-12-09 15:37:37.500593;1
2022-12-09 15:40:54.937178;1
2022-12-09 16:01:19.6794;1
2022-12-09 16:04:05.801647;1
2022-12-09 16:13:20.344193;1
2022-12-10 14:59:25.655315;2
2022-12-10 15:03:37.021208;2
2022-12-10 15:05:47.276306;2
2022-12-10 15:12:55.861183;2
2022-12-10 15:18:49.444645;1
2022-12-10 15:18:59.906255;1
2022-12-10 15:23:18.017288;2
2022-12-10 15:25:33.114077;2
2022-12-10 15:28:24.508356;2
2022-12-10 15:29:43.289971;1
2022-12-10 15:38:13.466425;1
2022-12-10 15:40:14.343838;1
2022-12-10 15:41:55.146761;1
2022-12-10 15:43:31.843186;1
2022-12-10 15:45:03.418845;1
2022-12-10 15:47:18.407687;1
2022-12-10 15:49:29.027858;1
2022-12-10 15:55:06.743191;1
2022-12-10 15:57:46.231213;1
2022-12-10 15:59:45.212436;1
2022-12-10 16:01:32.773245;1
2022-12-10 16:03:21.663948;1
2022-12-10 16:05:49.885966;1
2022-12-10 16:07:49.613932;1
2022-12-10 16:12:35.601429;1
2022-12-10 16:15:32.121632;1
2022-12-10 16:16:06.38654;1
2022-12-10 16:17:14.182155;1
2022-12-10 16:17:26.042923;1
2022-12-11 09:45:21.275981;1
2022-12-19 13:07:52.341971;1
2022-12-22 14:29:05.288201;1
2022-12-22 14:29:10.504469;1
2022-12-22 14:29:39.796293;1
2022-12-22 14:30:09.213332;1
2022-12-22 14:30:35.390866;1
2022-12-22 14:30:54.694748;1
2022-12-22 14:47:12.154332;1
2022-12-22 14:48:26.158536;1
2022-12-22 14:48:36.337183;1
2022-12-22 14:53:32.462889;1
2022-12-22 14:53:37.513952;1
2022-12-22 14:53:54.410194;1
2022-12-22 14:55:17.312244;1
2022-12-22 14:55:59.662668;1
2022-12-22 14:56:57.77307;1
2022-12-22 15:19:00.786823;1
2022-12-22 15:23:26.005988;1
2022-12-22 15:23:37.20512;1
2022-12-22 15:24:55.035458;1
2022-12-22 15:26:42.107394;1
2022-12-22 15:26:59.964465;1
2022-12-22 15:27:47.47131;1
2022-12-22 15:27:52.29118;1
2022-12-22 15:27:57.32401;1
2022-12-22 15:28:05.255301;1
2022-12-22 15:29:12.64541;1
2022-12-22 15:29:47.68165;1
2022-12-22 15:30:36.929442;1
2022-12-22 15:32:10.989197;1
2022-12-22 15:32:34.796105;1
2022-12-22 15:33:32.893645;1
2022-12-22 15:33:39.01175;1
2022-12-22 15:33:47.666288;1
2022-12-22 15:34:36.005021;1
2022-12-22 15:34:44.539527;1
2022-12-28 12:53:39.334665;1
2022-12-28 14:41:03.328529;1
2022-12-28 15:16:21.475677;1
2022-12-29 07:24:04.075186;1
2022-12-29 07:24:30.903668;1
2022-12-29 07:25:28.263373;2
2022-12-29 07:25:48.038693;1
2022-12-29 11:22:27.704729;1
2022-12-29 11:23:36.47255;1
2022-12-29 11:23:42.379037;1
2022-12-29 11:23:47.147891;1
2022-12-29 11:23:51.269826;1
2022-12-29 11:23:56.283293;1
2022-12-29 11:24:01.779449;1
2022-12-29 11:24:12.854809;1
2022-12-29 11:25:16.401102;1
2022-12-29 11:29:46.332599;1
2022-12-29 12:11:10.964894;1
2022-12-29 12:20:28.499809;1
2022-12-29 12:21:13.111584;1
2022-12-29 12:21:53.249496;1
2022-12-29 12:30:18.113711;1
2022-12-29 12:32:07.816858;1
2022-12-29 12:32:39.376149;1
2022-12-29 12:33:00.427802;1
2022-12-29 12:33:07.98401;1
2022-12-30 07:32:08.355529;1
2022-12-30 11:44:11.191807;1
2023-01-01 14:28:38.36006;1
2023-01-01 14:59:35.867594;1
2023-01-01 15:00:12.976447;1
2023-01-01 15:41:39.064129;1
2023-01-01 15:42:10.689674;1
2023-01-01 15:42:36.264083;1
2023-01-01 15:43:01.561908;1
2023-01-01 15:43:25.803961;1
2023-01-01 15:49:04.706553;1
2023-01-02 12:28:51.667933;1
2023-01-02 12:28:56.66357;1
2023-01-02 12:29:01.910179;1
2023-01-02 12:29:07.084096;1
2023-01-02 12:29:11.881949;1
2023-01-02 12:30:41.669833;1
2023-01-02 12:31:56.534882;1
2023-01-02 13:45:11.71843;1
2023-01-02 13:51:06.412541;1
2023-01-02 13:51:35.135819;1
2023-01-05 11:45:15.404797;1
2023-01-05 11:45:34.960563;1
2023-01-05 12:07:31.883028;1
2023-01-05 12:44:01.039633;1
2023-01-05 15:31:53.756774;1
2023-01-05 15:31:58.521775;1
2023-01-05 15:32:02.944923;1
2023-01-05 15:32:11.985403;1
2023-01-05 15:35:45.313656;1
2023-01-05 15:35:54.311563;1
2023-01-05 15:52:00.343294;2
2023-01-05 15:52:09.873893;2
2023-01-05 15:53:19.811084;1
2023-01-05 15:53:33.69773;1
2023-01-05 16:00:49.418873;1
2023-01-05 16:01:18.654818;1
2023-01-05 16:14:25.958642;1
2023-01-06 11:48:25.161209;2
2023-01-06 11:48:53.963345;1
2023-01-06 11:49:22.059741;1
2023-01-06 11:50:34.279695;1
2023-01-06 11:51:01.591036;1
2023-01-06 11:52:14.552457;1
2023-01-06 11:56:03.676917;2
2023-01-06 11:57:04.745809;1
2023-01-06 11:57:46.322282;1
2023-01-06 11:58:29.026789;2
2023-01-06 11:59:09.325653;2
2023-01-08 07:51:18.794067;1
2023-01-09 11:18:13.327934;1
2023-01-09 14:15:36.34748;1
2023-01-09 14:35:35.097959;1
2023-01-09 17:14:03.610806;1
2023-01-09 17:17:44.405442;1
2023-01-09 17:18:46.671704;1
2023-01-09 17:39:10.803214;1
2023-01-09 18:33:31.325431;1
2023-01-09 18:34:03.417483;1
2023-01-09 18:34:34.246954;1
2023-01-09 20:58:54.411636;1
2023-01-09 22:09:50.882718;1
2023-01-09 22:10:16.461994;1
2023-01-10 14:32:39.753437;1
2023-01-10 14:35:24.470623;1
2023-01-10 14:35:30.127953;1
2023-01-10 14:35:35.894111;1
2023-01-10 14:35:45.378899;1
2023-01-10 14:35:55.817691;1
2023-01-10 14:38:00.022465;1
2023-01-10 15:03:46.796267;2
2023-01-10 15:05:28.626329;1
2023-01-10 15:10:03.419441;1
2023-01-10 15:17:52.311919;1
2023-01-10 15:17:57.228401;1
2023-01-10 15:18:01.511416;1
2023-01-10 15:18:05.785423;1
2023-01-10 15:32:07.898463;1
2023-01-10 15:32:28.05695;1
2023-01-11 14:16:08.935589;1
2023-01-11 14:16:27.991578;1
2023-01-11 14:57:14.312322;1
2023-01-11 14:57:23.723058;1
2023-01-11 14:58:51.564265;1
2023-01-11 15:09:08.857252;1
2023-01-11 15:27:13.493896;1
2023-01-11 15:47:11.209534;1
2023-01-11 15:47:15.816156;1
2023-01-11 15:47:27.128095;1
2023-01-11 15:47:43.615437;1
2023-01-11 15:48:26.295426;1
2023-01-11 15:49:25.577381;1
2023-01-12 10:43:15.013853;1
2023-01-12 21:28:14.513492;1
2023-01-12 22:11:31.300998;1
2023-01-13 07:19:55.255513;1
2023-01-13 07:20:14.996772;1
2023-01-13 07:20:56.663446;1
2023-01-13 07:22:01.514347;1
2023-01-13 07:23:49.960063;1
2023-01-13 07:24:36.571399;1
2023-01-13 07:25:00.063321;1
2023-01-13 07:34:52.291035;1
2023-01-13 07:38:32.101656;1
2023-01-13 15:05:55.546628;1
2023-01-13 15:28:37.060772;2
2023-01-13 15:29:09.284627;1
2023-01-13 15:30:09.655165;1
2023-01-13 15:30:20.510335;1
2023-01-13 15:30:37.580961;1
2023-01-13 15:31:09.187181;1
2023-01-13 15:31:33.606893;1
2023-01-13 15:32:16.415432;1
2023-01-13 15:32:51.337866;1
2023-01-13 15:32:59.746006;1
2023-01-13 15:39:00.106072;2
2023-01-14 15:12:20.73375;1
2023-01-14 15:15:56.782156;1
2023-01-14 15:41:12.769021;1
2023-01-14 15:41:49.769149;1
2023-01-14 15:42:13.354633;1
2023-01-14 15:43:14.021259;1
2023-01-14 15:43:38.201846;1
2023-01-14 15:44:01.305103;1
2023-01-14 15:44:25.755972;1
2023-01-14 15:45:36.090878;2
2023-01-15 11:11:53.905585;1
2023-01-15 11:19:54.6902;2
2023-01-15 11:34:36.08301;1
2023-01-15 16:10:56.032652;2
2023-01-15 16:12:02.518805;2
2023-01-15 16:22:25.131485;1
2023-01-15 16:23:02.425397;1
2023-01-15 16:23:40.644288;1
2023-01-15 16:24:26.302083;1
2023-01-15 17:01:13.572739;1
2023-01-15 17:02:01.780555;1
2023-01-15 17:02:46.728411;1
2023-01-15 17:03:41.882301;1
2023-01-15 19:33:29.512342;1
2023-01-15 19:34:16.105103;1
2023-01-15 19:35:03.917949;1
2023-01-15 19:35:43.248528;1
2023-01-15 19:36:34.117225;1
2023-01-15 19:37:15.243049;1
2023-01-15 19:38:12.310763;1
2023-01-16 10:51:48.140151;1
2023-01-17 11:40:22.237211;1
2023-01-17 12:08:54.804726;1
2023-01-17 12:09:26.791111;1
2023-01-19 13:45:26.329091;1
2023-01-19 13:52:09.348889;1
2023-01-20 10:08:18.56203;1
2023-01-20 10:08:45.390745;1
2023-01-20 12:30:20.034205;1
2023-01-26 12:08:02.757102;1
2023-01-30 11:23:58.747061;1
2023-01-30 11:25:09.147373;1
2023-01-30 14:11:51.39421;1
2023-01-30 14:39:28.748633;1
2023-01-30 14:39:50.030916;1
2023-01-30 14:40:09.778806;1
2023-01-30 15:05:30.293525;1
2023-01-30 16:42:08.428441;1
2023-01-30 16:53:55.915681;1
2023-01-30 16:54:20.459962;1
2023-01-30 16:54:44.290433;2
2023-01-30 16:55:09.948133;2
2023-01-30 16:55:37.318985;1
2023-01-31 21:31:54.17934;1
2023-01-31 21:33:12.967556;1
2023-01-31 21:51:02.389598;1
2023-02-01 10:40:56.381392;1
2023-02-01 10:41:15.792435;1
2023-02-01 10:41:29.969026;1
2023-02-01 10:44:57.050324;1
2023-02-01 10:50:27.503528;1
2023-02-01 10:52:05.19994;2
2023-02-01 11:01:03.866935;1
2023-02-01 11:01:10.377527;1
2023-02-01 11:11:48.040857;1
2023-02-01 11:12:55.134202;2
2023-02-01 11:12:59.538734;2
2023-02-01 11:13:08.904572;1
2023-02-01 11:13:13.625683;2
2023-02-01 11:15:56.769259;1
2023-02-01 11:16:02.673769;1
2023-02-01 11:16:07.287149;1
2023-02-01 11:16:12.157184;1
2023-02-01 11:16:18.374421;1
2023-02-01 11:17:10.402975;1
2023-02-01 11:19:54.540343;1
2023-02-01 11:19:58.985191;1
2023-02-01 11:22:45.549895;2
2023-02-01 11:22:50.857472;1
2023-02-01 11:23:40.572872;1
2023-02-01 11:25:36.265001;1
2023-02-01 11:57:44.707719;1
2023-02-01 11:59:12.943437;1
2023-02-01 22:30:25.747854;1
2023-02-01 22:30:45.221431;1
2023-02-01 22:30:59.650629;1
2023-02-01 22:31:18.680702;1
2023-02-01 22:31:34.432255;1
2023-02-01 22:33:12.349208;1
2023-02-03 13:09:05.255625;1
2023-02-03 14:20:45.559724;1
2023-02-03 14:20:52.439275;1
2023-02-03 14:21:01.210892;1
2023-02-03 14:21:48.202539;2
2023-02-03 14:22:36.554737;1
2023-02-03 16:48:18.115908;1
2023-02-03 16:48:46.188739;1
2023-02-04 15:14:15.222799;1
2023-02-04 15:14:56.728848;1
2023-02-04 15:15:39.098825;1
2023-02-04 15:16:22.524572;1
2023-02-04 15:16:56.532936;1
2023-02-04 15:17:32.437746;1
2023-02-04 15:18:04.392567;1
2023-02-04 15:23:15.952364;1
2023-02-05 07:33:55.223549;1
2023-02-05 07:34:25.795173;1
2023-02-05 07:47:27.473635;1
2023-02-05 07:47:50.579423;1
2023-02-05 07:48:14.197897;1
2023-02-05 11:36:38.331428;1
2023-02-05 12:38:51.181767;1
2023-02-05 12:38:56.433113;1
2023-02-05 12:39:07.673171;1
2023-02-05 12:39:19.771157;1
2023-02-05 12:45:58.176581;1
2023-02-05 16:20:27.138769;1
2023-02-05 16:28:54.025674;1
2023-02-05 16:30:53.227563;1
2023-02-05 16:32:00.367717;1
2023-02-05 16:36:26.081092;1
2023-02-05 16:44:40.99639;1
2023-02-05 16:45:07.669519;2
2023-02-06 14:48:40.772838;1
2023-02-06 14:50:04.133494;1
2023-02-09 12:20:53.212829;3
2023-02-09 12:21:06.628567;3
2023-02-09 12:22:02.789569;3
2023-02-09 12:22:08.545862;3
2023-02-09 12:22:14.435025;3
2023-02-09 12:22:21.034084;3
2023-02-09 12:22:31.350479;1
2023-02-09 12:24:09.461868;1
2023-02-09 16:09:31.670402;1
2023-02-13 14:17:51.322183;1
2023-02-13 15:01:22.760707;1
2023-02-13 15:03:43.389993;1
2023-02-13 15:22:25.788974;1
2023-02-13 15:44:31.517614;1
2023-02-13 16:56:48.003915;1
2023-02-14 11:47:09.186287;1
2023-02-14 11:47:16.431963;1
2023-02-14 11:47:22.580872;1
2023-02-14 11:47:27.501482;1
2023-02-14 11:47:36.699652;1
2023-02-15 12:01:45.728365;1
2023-02-17 14:07:31.524991;1
2023-02-17 15:38:04.413744;1
2023-02-17 15:38:14.450358;1
2023-02-17 15:41:37.845432;1
2023-02-18 16:28:08.996339;1
2023-02-20 07:09:27.628473;1
2023-02-20 07:09:44.91146;1
2023-02-20 07:10:29.538035;1
2023-02-20 07:11:00.582501;1
2023-02-20 07:12:20.582946;1
2023-02-20 07:12:43.497759;2
2023-02-20 07:13:25.261485;1
2023-02-20 07:14:00.293023;1
2023-02-20 07:14:50.519916;1
2023-02-20 07:14:55.91325;1
2023-02-20 07:15:38.713584;1
2023-02-20 07:16:11.571662;1
2023-02-20 07:16:53.463251;1
2023-02-20 07:17:21.500083;1
2023-02-20 07:17:27.514429;1
2023-02-20 07:17:32.191837;1
2023-02-20 07:17:36.891295;1
2023-02-20 07:17:41.78704;1
2023-02-20 07:17:47.299968;1
2023-02-20 07:17:52.308531;1
2023-02-20 07:17:57.16446;1
2023-02-20 07:18:01.903784;1
2023-02-20 07:18:07.530408;1
2023-02-20 07:18:12.520044;1
2023-02-20 07:18:46.276983;1
2023-02-20 07:19:12.256939;1
2023-02-20 07:19:50.918874;1
2023-02-20 07:20:17.823616;1
2023-02-20 07:20:23.274375;1
2023-02-20 07:20:29.52728;1
2023-02-20 07:21:02.342335;1
2023-02-20 07:21:26.469232;1
2023-02-20 07:21:31.812285;1
2023-02-20 07:22:18.548862;1
2023-02-20 07:22:46.96357;1
2023-02-20 07:23:52.140515;1
2023-02-20 07:24:24.93233;1
2023-02-20 07:25:13.869238;1
2023-02-20 12:40:03.485361;1
2023-02-20 12:40:44.233327;1
2023-02-20 14:21:27.032033;1
2023-02-20 15:22:45.986021;1
2023-02-20 15:32:12.019454;1
2023-02-20 15:44:00.098356;1
2023-02-20 15:44:44.752623;1
2023-02-20 15:44:49.82583;1
2023-02-20 15:44:58.149092;1
2023-02-20 15:45:52.391815;1
2023-02-20 15:59:34.406432;1
2023-02-20 16:00:05.752296;1
2023-02-20 16:41:51.359832;1
2023-02-20 16:53:56.357809;1
2023-02-21 10:28:17.421431;1
2023-02-21 10:47:54.913161;1
2023-02-21 12:04:37.912046;1
2023-02-21 12:09:24.672642;1
2023-02-21 12:13:45.59003;1
2023-02-21 16:37:12.226546;1
2023-02-21 16:37:12.376677;1
2023-02-21 16:37:12.438247;1
2023-02-21 16:37:12.485905;1
2023-02-21 16:37:12.545236;1
2023-02-21 16:37:12.596155;1
2023-02-21 16:37:12.689815;1
2023-02-21 16:37:12.743286;1
2023-02-21 16:37:12.797218;1
2023-02-21 16:37:12.863008;1
2023-02-21 16:37:12.979422;1
2023-02-21 16:37:13.040361;1
2023-02-21 16:37:13.097913;1
2023-02-21 16:37:13.167162;1
2023-02-21 16:37:13.218756;1
2023-02-21 16:37:13.271321;1
2023-02-21 16:37:13.317321;1
2023-02-21 16:37:13.373459;1
2023-02-21 16:37:13.422408;1
2023-02-21 16:37:13.476137;1
2023-02-21 16:37:13.526643;1
2023-02-21 16:37:13.599739;1
2023-02-21 16:37:13.653458;1
2023-02-21 16:37:13.694815;1
2023-02-21 16:37:13.748347;1
2023-02-21 16:37:13.798703;1
2023-02-21 16:37:13.877097;1
2023-02-21 16:37:13.932989;1
2023-02-21 16:37:13.981794;1
2023-02-21 16:37:14.015923;1
2023-02-21 16:37:14.062653;1
2023-02-21 16:37:14.097825;1
2023-02-21 16:37:14.141416;1
2023-02-21 16:37:14.1879;1
2023-02-21 16:37:14.231866;1
2023-02-21 16:37:14.266807;1
2023-02-21 16:37:14.316248;1
2023-02-21 16:37:14.379295;1
2023-02-21 16:37:14.42952;1
2023-02-21 16:37:14.462929;1
2023-02-21 16:37:14.494242;1
2023-02-21 16:37:14.563808;1
2023-02-21 16:37:14.602993;1
2023-02-21 16:37:14.646816;1
2023-02-21 16:37:14.68704;1
2023-02-21 16:37:14.729988;1
2023-02-21 16:37:14.766255;1
2023-02-21 16:37:14.803721;1
2023-02-21 16:37:14.841133;1
2023-02-21 16:37:14.87995;1
2023-02-21 16:37:14.953814;1
2023-02-21 16:37:14.988935;1
2023-02-21 16:37:15.028415;1
2023-02-21 16:37:15.06376;1
2023-02-21 16:37:15.097963;1
2023-02-21 16:37:15.136616;1
2023-02-21 16:37:15.173721;1
2023-02-21 16:37:15.208057;1
2023-02-21 16:37:15.24406;1
2023-02-21 16:37:15.283655;1
2023-02-21 16:37:15.320462;1
2023-02-21 16:37:15.356538;1
2023-02-21 16:37:15.400271;1
2023-02-21 16:37:15.497378;1
2023-02-21 16:37:15.544183;1
2023-02-21 16:37:15.586336;1
2023-02-21 16:37:15.63601;1
2023-02-21 16:37:15.677911;1
2023-02-21 16:37:15.716789;1
2023-02-21 16:37:15.767651;1
2023-02-21 16:37:15.809078;1
2023-02-21 16:37:15.845861;1
2023-02-21 16:37:15.88739;1
2023-02-21 16:37:15.933124;1
2023-02-21 16:37:15.972816;1
2023-02-21 16:37:16.019831;1
2023-02-21 16:37:16.054484;1
2023-02-21 16:37:16.094409;1
2023-02-21 16:37:16.18803;1
2023-02-21 16:37:16.224723;1
2023-02-21 16:37:16.277166;1
2023-02-21 16:37:16.315787;1
2023-02-21 16:37:16.360434;1
2023-02-21 16:37:16.399208;1
2023-02-21 16:37:16.451065;1
2023-02-21 16:37:16.491272;1
2023-02-21 16:37:16.532799;1
2023-02-21 16:37:16.568139;1
2023-02-21 16:37:16.607953;1
2023-02-21 16:37:16.675783;1
2023-02-21 16:37:16.71138;1
2023-02-21 16:37:16.748253;1
2023-02-21 16:37:16.784766;1
2023-02-21 16:37:16.833682;1
2023-02-21 16:37:16.892154;1
2023-02-21 16:37:16.950553;1
2023-02-21 16:37:16.995498;1
2023-02-21 16:37:17.042008;1
2023-02-21 16:37:17.085622;1
2023-02-21 16:37:17.124315;1
2023-02-21 16:37:17.162043;1
2023-02-21 16:37:17.20048;1
2023-02-21 16:37:17.237779;1
2023-02-21 16:37:17.272159;1
2023-02-21 16:37:17.307948;1
2023-02-21 16:37:17.352427;1
2023-02-21 16:37:17.393118;1
2023-02-21 16:37:17.432253;1
2023-02-21 16:37:17.469226;1
2023-02-21 16:37:17.512716;1
2023-02-21 16:37:17.550983;1
2023-02-21 16:37:17.585659;1
2023-02-21 16:37:17.627549;1
2023-02-21 16:37:17.662237;1
2023-02-21 16:37:17.69764;1
2023-02-21 16:37:17.73003;1
2023-02-21 16:37:17.76435;1
2023-02-21 16:37:17.80296;1
2023-02-21 16:37:17.837495;1
2023-02-21 16:37:17.880845;1
2023-02-21 16:37:17.918131;1
2023-02-21 16:37:17.962907;1
2023-02-21 16:37:18.001327;1
2023-02-21 16:37:18.04424;1
2023-02-21 16:37:18.156706;1
2023-02-21 16:37:18.193204;1
2023-02-21 16:37:18.230955;1
2023-02-21 16:37:18.268973;1
2023-02-21 16:37:18.307932;1
2023-02-21 16:37:18.356551;1
2023-02-21 16:37:18.395103;1
2023-02-21 16:37:18.430257;1
2023-02-21 16:37:18.478231;1
2023-02-21 16:37:18.522082;1
2023-02-21 16:37:18.567842;1
2023-02-21 16:37:18.612911;1
2023-02-21 16:37:18.656789;1
2023-02-21 16:37:18.709261;1
2023-02-21 16:37:18.751009;1
2023-02-21 16:37:18.792687;1
2023-02-21 16:37:18.835227;1
2023-02-21 16:37:18.889059;1
2023-02-21 16:37:18.939764;1
2023-02-21 16:37:18.999212;1
2023-02-21 16:37:19.055907;1
2023-02-21 16:37:19.10341;1
2023-02-21 16:37:19.149691;1
2023-02-21 16:37:19.209009;1
2023-02-21 16:37:19.257605;1
2023-02-21 16:37:19.311798;1
2023-02-21 16:37:19.353047;1
2023-02-21 16:37:19.391807;1
2023-02-21 16:37:19.430083;1
2023-02-21 16:37:19.473233;1
2023-02-21 16:37:19.516801;1
2023-02-21 16:37:19.56057;1
2023-02-21 16:37:19.605775;1
2023-02-21 16:37:19.655064;1
2023-02-21 16:37:19.69808;1
2023-02-21 16:37:19.751133;1
2023-02-21 16:37:19.808063;1
2023-02-21 16:37:19.862885;1
2023-02-21 16:37:19.915354;1
2023-02-21 16:37:19.976175;1
2023-02-21 16:37:20.028491;1
2023-02-21 16:37:20.083632;1
2023-02-21 16:37:20.134292;1
2023-02-21 16:37:20.175874;1
2023-02-21 16:37:20.216108;1
2023-02-21 16:37:20.254579;1
2023-02-21 16:37:20.299862;1
2023-02-21 16:37:20.34726;1
2023-02-21 16:37:20.3877;1
2023-02-21 16:37:20.439145;1
2023-02-21 16:37:20.477822;1
2023-02-21 16:37:20.515488;1
2023-02-21 16:37:20.558933;1
2023-02-21 16:37:20.5995;1
2023-02-21 16:37:20.635925;1
2023-02-21 16:37:20.671218;1
2023-02-21 16:37:20.705695;1
2023-02-21 16:37:20.738935;1
2023-02-21 16:37:20.772349;1
2023-02-21 16:37:20.810826;1
2023-02-21 16:37:20.843208;1
2023-02-21 16:37:20.873539;1
2023-02-21 16:37:20.906032;1
2023-02-21 16:37:20.936762;1
2023-02-21 16:37:20.967275;1
2023-02-21 16:37:20.998233;1
2023-02-21 16:37:21.028404;1
2023-02-21 16:37:21.059017;1
2023-02-21 16:37:21.090818;1
2023-02-21 16:37:21.131862;1
2023-02-21 16:37:21.168125;1
2023-02-21 16:37:21.208136;1
2023-02-21 16:37:21.249286;1
2023-02-21 16:37:21.294006;1
2023-02-21 16:37:21.334925;1
2023-02-21 16:37:21.375211;1
2023-02-21 16:37:21.41666;1
2023-02-21 16:37:21.463011;1
2023-02-21 16:37:21.509067;1
2023-02-21 16:37:21.551186;1
2023-02-21 16:37:21.59359;1
2023-02-21 16:37:21.636045;1
2023-02-21 16:37:21.672104;1
2023-02-21 16:37:21.711697;1
2023-02-21 16:37:21.752144;1
2023-02-21 16:37:21.796847;1
2023-02-21 16:37:21.844055;1
2023-02-21 16:37:21.878744;1
2023-02-21 16:37:21.911943;1
2023-02-21 16:37:21.946391;1
2023-02-21 16:37:21.979709;1
2023-02-21 16:37:22.014356;1
2023-02-21 16:37:22.048687;1
2023-02-21 16:37:22.080322;1
2023-02-21 16:37:22.115877;1
2023-02-21 16:37:22.15185;1
2023-02-21 16:37:22.197078;1
2023-02-21 16:37:22.23931;1
2023-02-21 16:37:22.283912;1
2023-02-21 16:37:22.320972;1
2023-02-21 16:37:22.35682;1
2023-02-22 10:50:01.084377;1
2023-02-22 14:26:21.358049;1
2023-02-22 14:26:54.307032;1
2023-02-22 15:23:20.469351;1
2023-02-22 15:24:08.460558;1
2023-02-22 15:25:24.433928;1
2023-02-22 15:25:57.466574;1
2023-02-22 15:26:31.713289;1
2023-02-22 15:28:21.524035;1
2023-02-22 16:41:38.423437;1
2023-02-22 17:00:26.136701;1
2023-02-23 14:28:56.374323;1
2023-02-23 14:29:29.355025;1
2023-02-23 14:59:10.643758;1
2023-02-23 14:59:42.365967;1
2023-02-23 15:00:06.808648;1
2023-02-23 15:00:49.735502;1
2023-02-23 15:00:56.604453;1
2023-02-23 15:02:58.975057;1
2023-02-23 15:03:29.437019;1
2023-02-23 16:02:35.065467;1
2023-02-23 16:57:59.541567;1
2023-02-23 16:59:05.912942;1
2023-02-23 16:59:10.815161;1
2023-02-23 16:59:19.498432;1
2023-02-23 17:21:12.318658;1
2023-02-23 17:29:42.16367;2
2023-02-24 10:27:57.747506;1
2023-02-24 10:28:02.348319;1
2023-02-24 10:28:08.404966;1
2023-02-24 10:28:18.014655;1
2023-02-24 12:26:41.877944;1
2023-02-24 12:26:52.076889;1
2023-02-24 12:28:02.494135;3
2023-02-24 14:39:03.162407;1
2023-02-24 14:50:27.111052;1
2023-02-24 15:06:17.7973;1
2023-02-25 15:26:36.653867;1
2023-02-25 15:27:03.029873;1
2023-02-25 15:27:09.381626;1
2023-02-25 15:27:59.246648;1
2023-02-25 15:29:39.838334;1
2023-02-25 15:31:29.806503;1
2023-02-25 15:32:07.845219;1
2023-02-25 15:32:13.515717;1
2023-02-25 15:32:54.709647;1
2023-02-25 15:33:38.209876;1
2023-02-25 15:33:43.890541;1
2023-02-25 15:33:48.816033;1
2023-02-25 15:34:53.27235;1
2023-02-25 15:35:15.794084;1
2023-02-25 16:12:53.642455;1
2023-02-27 19:36:33.099449;1
2023-02-27 19:37:49.410612;1
2023-02-27 19:37:54.80294;1
2023-02-27 19:38:03.700947;1
2023-02-27 19:41:22.410837;1
2023-02-27 19:43:26.595772;1
2023-02-28 21:42:30.313643;1
2023-02-28 21:43:29.289679;1
2023-03-02 14:45:21.664961;1
2023-03-02 15:11:27.977974;1
2023-03-02 15:12:12.091398;1
2023-03-03 15:10:17.706386;1
2023-03-03 16:03:07.900347;1
2023-03-03 16:04:11.563485;1
2023-03-03 16:04:27.884751;1
2023-03-03 16:43:04.573462;1
2023-03-08 10:22:12.987179;1
2023-03-08 11:31:29.749338;1
2023-03-08 12:13:04.15142;1
2023-03-08 12:13:22.547234;1
2023-03-08 12:13:44.303235;1
2023-03-08 12:14:01.249363;1
2023-03-08 12:14:27.624529;1
2023-03-08 12:14:51.749328;1
2023-03-08 12:15:08.227174;1
2023-03-13 11:03:02.152039;1
2023-03-13 11:20:47.183027;1
2023-03-13 11:53:25.250271;1
2023-03-13 12:38:47.867756;1
2023-03-13 17:08:40.922665;1
2023-03-13 17:09:46.47458;1
2023-03-13 17:10:18.325931;1
2023-03-13 17:10:52.603612;1
2023-03-13 17:21:24.03195;1
2023-03-13 17:30:46.875656;1
2023-03-13 17:33:14.843492;1
2023-03-13 17:37:53.4564;1
2023-03-13 17:44:29.519736;1
2023-03-13 17:44:34.446732;1
2023-03-13 17:44:42.622411;1
2023-03-13 17:45:26.214803;1
2023-03-13 17:45:55.025635;1
2023-03-13 17:46:28.127667;1
2023-03-13 17:47:01.366718;1
2023-03-13 17:47:32.829679;1
2023-03-14 12:09:55.465814;1
2023-03-14 12:10:26.799177;1
2023-03-14 12:10:58.36548;1
2023-03-14 12:11:27.918827;1
2023-03-14 12:12:26.321218;1
2023-03-14 12:12:56.948767;1
2023-03-16 17:05:30.902167;1
2023-03-16 18:06:27.52633;1
2023-03-17 17:17:55.340252;1
2023-03-17 17:18:45.405024;1
2023-03-17 17:20:12.22835;1
2023-03-17 17:20:22.776369;1
2023-03-17 17:20:33.180471;1
2023-03-17 17:20:40.2401;1
2023-03-17 17:20:46.175005;1
2023-03-17 17:20:54.426285;1
2023-03-17 17:21:01.214206;1
2023-03-17 17:21:08.125127;1
2023-03-17 17:21:20.18736;2
2023-03-17 17:21:28.721045;1
2023-03-17 17:21:38.245285;1
2023-03-17 17:21:56.380576;1
2023-03-17 17:22:07.616482;1
2023-03-17 17:22:19.047485;1
2023-03-17 17:22:24.935348;1
2023-03-17 17:22:36.356956;1
2023-03-17 17:23:19.628202;1
2023-03-17 17:25:04.217681;1
2023-03-17 17:25:16.714842;1
2023-03-17 17:25:53.323361;1
2023-03-17 17:26:26.482463;1
2023-03-17 17:27:00.110892;1
2023-03-17 17:31:30.478546;1
2023-03-17 17:31:36.40291;1
2023-03-17 17:31:45.336378;1
2023-03-17 17:32:22.779898;1
2023-03-17 17:34:00.231047;1
2023-03-17 17:35:14.447728;1
2023-03-17 17:35:49.10732;1
2023-03-17 17:35:54.406345;1
2023-03-17 17:36:09.648787;1
2023-03-17 17:36:20.619785;1
2023-03-17 17:37:38.423804;1
2023-03-17 17:37:50.124266;1
2023-03-17 17:38:07.880949;1
2023-03-17 17:39:15.010598;1
2023-03-17 17:39:48.190138;1
2023-03-17 17:40:20.312432;1
2023-03-17 17:40:51.204441;1
2023-03-19 16:57:49.369535;1
2023-03-20 09:43:58.742447;1
2023-03-20 09:44:03.699607;1
2023-03-20 09:44:08.829138;1
2023-03-20 09:44:24.566268;2
2023-03-21 05:32:42.293663;1
2023-03-21 11:43:39.243401;2
2023-03-21 11:44:15.698776;1
2023-03-21 14:32:20.361192;1
2023-03-21 14:47:40.396767;1
2023-03-21 14:48:00.903248;1
2023-03-21 14:55:16.985538;1
2023-03-21 15:25:04.477256;1
2023-03-21 15:55:09.634058;1
2023-03-22 11:42:37.053097;2
2023-03-22 11:43:14.849302;1
2023-03-22 15:43:29.992633;2
2023-03-22 15:47:45.860767;1
2023-03-22 15:47:56.59635;1
2023-03-22 15:52:59.686246;1
2023-03-22 17:48:42.548194;1
2023-03-22 17:49:33.735852;1
2023-03-22 17:49:39.87025;1
2023-03-22 17:50:14.406714;1
2023-03-22 17:50:19.397556;1
2023-03-22 17:50:24.396147;1
2023-03-22 17:50:29.398311;1
2023-03-22 17:50:34.173705;1
2023-03-22 17:51:10.801531;1
2023-03-22 17:51:33.385306;1
2023-03-22 17:52:05.423462;1
2023-03-22 17:52:28.355204;1
2023-03-22 17:52:36.55376;1
2023-03-22 17:55:02.353877;1
2023-03-22 17:55:06.926393;1
2023-03-22 17:55:12.707976;1
2023-03-22 17:55:17.511173;1
2023-03-22 17:55:22.085612;1
2023-03-22 17:55:27.191462;1
2023-03-22 17:55:31.608514;1
2023-03-22 17:55:36.36418;1
2023-03-22 17:55:41.075806;1
2023-03-22 17:55:45.632432;1
2023-03-22 17:55:58.11309;1
2023-03-22 17:56:03.342668;1
2023-03-22 17:56:07.886222;1
2023-03-22 17:56:12.495859;1
2023-03-22 17:56:16.864146;1
2023-03-22 17:56:21.437495;1
2023-03-22 17:56:26.574715;1
2023-03-22 17:56:31.768703;1
2023-03-22 17:56:36.11149;1
2023-03-22 17:56:40.836641;1
2023-03-22 17:56:47.289738;1
2023-03-22 17:56:52.142872;1
2023-03-22 17:56:57.290825;1
2023-03-22 17:57:02.468049;1
2023-03-22 17:57:07.807625;1
2023-03-22 17:57:14.271226;1
2023-03-22 17:57:19.264197;1
2023-03-22 17:57:24.204444;1
2023-03-22 17:57:29.363348;1
2023-03-22 17:58:42.16712;1
2023-03-22 17:59:45.72562;1
2023-03-22 17:59:50.40389;1
2023-03-22 17:59:55.226776;1
2023-03-22 18:00:00.083624;1
2023-03-22 18:00:05.061912;1
2023-03-22 18:00:09.353701;1
2023-03-22 18:00:14.009861;1
2023-03-22 18:00:18.797774;1
2023-03-22 18:00:23.646337;1
2023-03-22 18:00:28.426187;1
2023-03-22 18:00:32.823129;1
2023-03-22 18:00:43.831319;1
2023-03-22 18:00:48.528764;1
2023-03-22 18:00:53.525025;1
2023-03-22 18:00:59.037941;1
2023-03-22 18:01:04.074841;1
2023-03-22 18:01:08.959591;1
2023-03-22 18:01:13.575641;1
2023-03-22 18:01:18.076856;1
2023-03-22 18:01:25.986737;1
2023-03-23 07:18:59.420829;1
2023-03-23 07:19:08.315679;1
2023-03-23 07:21:45.104862;1
2023-03-23 07:21:57.922578;1
2023-03-23 12:12:26.043556;1
2023-03-23 12:12:37.130369;1
2023-03-23 12:12:44.321798;1
2023-03-23 12:12:55.50379;1
2023-03-23 12:14:22.452306;1
2023-03-23 12:14:27.54629;1
2023-03-23 12:14:33.086549;1
2023-03-23 12:15:41.773077;1
2023-03-23 12:15:46.523962;1
2023-03-23 12:15:52.823701;1
2023-03-23 12:15:59.017344;1
2023-03-23 12:16:08.058817;1
2023-03-23 12:16:43.402789;1
2023-03-23 12:17:22.073958;1
2023-03-24 10:25:33.731152;1
2023-03-24 10:25:42.8316;1
2023-03-24 10:26:24.87565;1
2023-03-24 10:33:44.524015;1
2023-03-24 10:48:04.378083;1
2023-03-24 10:49:25.156468;1
2023-03-24 10:49:57.685371;1
2023-03-24 10:55:34.120809;1
2023-03-24 11:09:18.752123;1
2023-03-24 12:21:36.37137;1
2023-03-24 12:32:33.195318;1
2023-03-24 16:35:14.762955;1
2023-03-24 17:37:58.032099;1
2023-03-24 17:38:57.299151;1
2023-03-24 17:40:03.718279;1
2023-03-27 09:21:20.386482;1
2023-03-27 14:41:33.460797;1
2023-03-27 14:41:41.733152;1
2023-03-27 14:45:31.715896;1
2023-03-27 14:46:07.596701;1
2023-03-27 14:46:12.491813;1
2023-03-27 14:46:20.161218;1
2023-03-27 14:46:58.843819;1
2023-03-27 14:47:10.009313;1
2023-03-27 15:58:06.615855;1
2023-03-27 16:22:26.210059;1
2023-03-27 17:02:57.26761;1
2023-03-28 12:06:13.35435;1
2023-03-28 15:09:08.78288;1
2023-03-28 15:09:14.474995;1
2023-03-28 15:09:20.245824;1
2023-03-28 15:09:28.966716;1
2023-03-28 15:23:19.368639;1
2023-03-28 15:23:52.811235;1
2023-03-28 15:25:11.639661;1
2023-03-28 15:26:08.689687;1
2023-03-28 15:26:42.752341;1
2023-03-28 15:31:56.432912;1
2023-03-28 17:37:23.330518;1
2023-03-28 17:48:48.282168;1
2023-03-30 11:25:20.030501;1
2023-03-30 11:42:38.639918;1
2023-03-30 12:13:38.365057;1
2023-03-30 12:19:19.634536;1
2023-03-30 12:23:04.718024;1
2023-03-30 16:30:31.428343;1
2023-03-30 16:30:31.559092;1
2023-03-30 16:30:31.592692;1
2023-03-30 16:30:31.626137;1
2023-03-30 16:30:31.921108;1
2023-03-30 16:30:32.004507;1
2023-03-30 16:30:32.31895;1
2023-03-30 16:30:32.35996;1
2023-03-30 16:30:32.415927;1
2023-03-30 16:30:32.81196;1
2023-03-30 16:30:32.851962;1
2023-03-30 16:30:32.885638;1
2023-03-30 16:30:32.993653;1
2023-03-30 16:30:33.434077;1
2023-03-30 16:30:33.513435;1
2023-03-30 16:30:33.538296;1
2023-03-30 16:30:33.742383;1
2023-03-30 16:30:33.865713;1
2023-03-30 16:30:34.103958;1
2023-03-30 16:30:34.420021;1
2023-03-30 16:31:06.133919;2
2023-03-30 16:31:37.149397;2
2023-03-30 16:32:45.494841;1
2023-03-30 16:32:45.560928;1
2023-03-30 16:32:45.590465;1
2023-03-30 16:32:45.621223;1
2023-03-30 16:32:45.652549;1
2023-03-30 16:32:45.681816;1
2023-03-30 16:32:45.714228;1
2023-03-30 16:32:45.746425;1
2023-03-30 16:32:45.779169;1
2023-03-30 16:32:45.813336;1
2023-03-30 16:32:45.843641;1
2023-03-30 16:32:45.873619;1
2023-03-30 16:32:45.903935;1
2023-03-30 16:32:45.934389;1
2023-03-30 16:32:45.9603;1
2023-03-30 16:32:45.9853;1
2023-03-30 16:32:46.010694;1
2023-03-30 16:32:46.037573;1
2023-03-30 16:32:46.065875;1
2023-03-30 16:32:46.090925;1
2023-03-30 16:32:46.140826;1
2023-03-30 16:32:46.165626;1
2023-03-30 16:32:46.191642;1
2023-03-30 16:32:46.220301;1
2023-03-30 16:32:46.247955;1
2023-03-30 16:32:46.276277;1
2023-03-30 16:32:46.304391;1
2023-03-30 16:32:46.337021;1
2023-03-30 16:32:46.369993;1
2023-03-30 16:32:46.401102;1
2023-03-30 16:32:46.43301;1
2023-03-30 16:32:46.458844;1
2023-03-30 16:32:46.486471;1
2023-03-30 16:32:46.51951;1
2023-03-30 16:32:46.54341;1
2023-03-30 16:32:46.569585;1
2023-03-30 16:32:46.595057;1
2023-03-30 16:32:46.620263;1
2023-03-30 16:32:46.644851;1
2023-03-30 16:32:46.669301;1
2023-03-30 16:32:46.697509;1
2023-03-30 16:32:46.723018;1
2023-03-30 16:32:46.748699;1
2023-03-30 16:32:46.775966;1
2023-03-30 16:32:46.832407;1
2023-03-30 16:32:46.861407;1
2023-03-30 16:32:46.889574;1
2023-03-30 16:32:46.917052;1
2023-03-30 16:32:46.943047;1
2023-03-30 16:32:46.969609;1
2023-03-30 16:32:46.996173;1
2023-03-30 16:32:47.031325;1
2023-03-30 16:32:47.062644;1
2023-03-30 16:32:47.090474;1
2023-03-30 16:32:47.118879;1
2023-03-30 16:32:47.148721;1
2023-03-30 16:32:47.185265;1
2023-03-30 16:32:47.240294;1
2023-03-30 16:32:47.304364;1
2023-03-30 16:32:47.331834;1
2023-03-30 16:32:47.357899;1
2023-03-30 16:32:47.384284;1
2023-03-30 16:32:47.410909;1
2023-03-30 16:32:47.465626;1
2023-03-30 16:32:47.491502;1
2023-03-30 16:32:47.518909;1
2023-03-30 16:32:47.573628;1
2023-03-30 16:32:47.60787;1
2023-03-30 16:32:47.634408;1
2023-03-30 16:32:47.661387;1
2023-03-30 16:32:47.692332;1
2023-03-30 16:32:47.722999;1
2023-03-30 16:32:47.753114;1
2023-03-30 16:32:47.781502;1
2023-03-30 16:32:47.806221;1
2023-03-30 16:32:47.832287;1
2023-03-30 16:32:47.856789;1
2023-03-30 16:32:47.882725;1
2023-03-30 16:32:47.908117;1
2023-03-30 16:32:47.938846;1
2023-03-30 16:32:47.964456;1
2023-03-30 16:32:47.988395;1
2023-03-30 16:32:48.014881;1
2023-03-30 16:32:48.038714;1
2023-03-30 16:32:48.064109;1
2023-03-30 16:32:48.091099;1
2023-03-30 16:32:48.116559;1
2023-03-30 16:32:48.142836;1
2023-03-30 16:32:48.170896;1
2023-03-30 16:32:48.220288;1
2023-03-30 16:32:48.246783;1
2023-03-30 16:32:48.273721;1
2023-03-30 16:32:48.305031;1
2023-03-30 16:35:05.104613;1
2023-03-30 16:35:05.434102;1
2023-03-30 16:35:05.493877;1
2023-03-30 16:35:05.531399;1
2023-03-30 16:35:05.571059;1
2023-03-30 16:35:05.60143;1
2023-03-30 16:35:05.630274;1
2023-03-30 16:35:05.661554;1
2023-03-30 16:35:05.690981;1
2023-03-30 16:35:05.724755;1
2023-03-30 16:35:05.759823;1
2023-03-30 16:35:05.787357;1
2023-03-30 16:35:05.815927;1
2023-03-30 16:35:05.844597;1
2023-03-30 16:35:05.876095;1
2023-03-30 16:35:05.907152;1
2023-03-30 16:35:05.930923;1
2023-03-30 16:35:05.987354;1
2023-03-30 16:35:06.016384;1
2023-03-30 16:35:06.042759;1
2023-03-30 16:35:06.074059;1
2023-03-30 16:35:06.10488;1
2023-03-30 16:35:06.144201;1
2023-03-30 16:35:06.170556;1
2023-03-30 16:35:06.201884;1
2023-03-30 16:35:06.265709;1
2023-03-30 16:35:06.295692;1
2023-03-30 16:35:06.329597;1
2023-03-30 16:35:06.364522;1
2023-03-30 16:35:06.400726;1
2023-03-30 16:35:06.485197;1
2023-03-30 16:35:06.513845;1
2023-03-30 16:35:06.544001;1
2023-03-30 16:35:06.576264;1
2023-03-30 16:35:06.604419;1
2023-03-30 16:35:06.631128;1
2023-03-30 16:35:06.660886;1
2023-03-30 16:35:06.702343;1
2023-03-30 16:35:06.735911;1
2023-03-30 16:35:06.795524;1
2023-03-30 16:35:06.823761;1
2023-03-30 16:35:06.853487;1
2023-03-30 16:35:06.881738;1
2023-03-30 16:35:06.9182;1
2023-03-30 16:35:06.953659;1
2023-03-30 16:35:06.983252;1
2023-03-30 16:35:07.015648;1
2023-03-30 16:35:07.143427;1
2023-03-30 16:35:07.170062;1
2023-03-30 16:35:07.196928;1
2023-03-30 16:35:07.22862;1
2023-03-30 16:35:07.257148;1
2023-03-30 16:35:07.293609;1
2023-03-30 16:35:07.330664;1
2023-03-30 16:35:07.35701;1
2023-03-30 16:35:07.394176;1
2023-03-30 16:35:07.428816;1
2023-03-30 16:35:07.456865;1
2023-03-30 16:35:07.485337;1
2023-03-30 16:35:07.549384;1
2023-03-30 16:35:07.578137;1
2023-03-30 16:35:07.610154;1
2023-03-30 16:35:07.641862;1
2023-03-30 16:35:07.670096;1
2023-03-30 16:35:07.701759;1
2023-03-30 16:35:07.729158;1
2023-03-30 16:35:07.755764;1
2023-03-30 16:35:07.789595;1
2023-03-30 16:35:07.817295;1
2023-03-30 16:35:07.877758;1
2023-03-30 16:35:07.913553;1
2023-03-30 16:35:07.944112;1
2023-03-30 16:35:07.974503;1
2023-03-30 16:35:35.462416;2
2023-03-30 16:36:13.868403;2
2023-03-30 16:36:39.774814;3
2023-03-30 16:37:04.573059;2
2023-03-30 16:41:11.322041;2
2023-03-30 16:42:31.172344;2
2023-03-30 16:42:43.348784;2
2023-03-30 16:42:55.480928;2
2023-03-30 16:43:44.435356;2
2023-03-30 16:44:10.077066;2
2023-03-30 16:44:34.351739;2
2023-03-30 16:44:46.124465;2
2023-03-30 16:49:47.355153;1
2023-03-30 16:49:47.393459;1
2023-03-30 16:49:47.423385;1
2023-03-30 16:49:47.478431;1
2023-03-30 16:49:47.536403;1
2023-03-30 16:49:47.562485;1
2023-03-30 16:49:47.588456;1
2023-03-30 16:49:47.615185;1
2023-03-30 16:49:47.673637;1
2023-03-30 16:49:47.711276;1
2023-03-30 16:49:47.836379;1
2023-03-30 16:49:47.897436;1
2023-03-30 16:49:48.029269;1
2023-03-30 16:49:48.055647;1
2023-03-30 16:49:48.083278;1
2023-03-30 16:49:48.115262;1
2023-03-30 16:49:48.176396;1
2023-03-30 16:49:48.232943;1
2023-03-30 16:49:48.262001;1
2023-03-30 16:49:48.3776;1
2023-03-30 16:49:48.420945;1
2023-03-30 16:49:48.456134;1
2023-03-30 16:49:48.497368;1
2023-03-30 16:49:48.52562;1
2023-03-30 16:49:48.569134;1
2023-03-30 16:49:48.617431;1
2023-03-30 16:49:48.660669;1
2023-03-30 16:49:48.698201;1
2023-03-30 16:49:48.739151;1
2023-03-30 16:49:48.787154;1
2023-03-30 16:49:48.833522;1
2023-03-30 16:49:48.907126;1
2023-03-30 16:49:48.952977;1
2023-03-30 16:49:48.98584;1
2023-03-30 16:49:49.024642;1
2023-03-30 16:50:15.855602;2
2023-03-30 16:50:27.39592;2
2023-03-30 16:50:58.645518;2
2023-03-30 16:51:21.871132;2
2023-03-30 16:51:33.60696;2
2023-03-30 16:51:44.370041;3
2023-03-30 16:51:55.832737;3
2023-03-30 16:52:06.300006;3
2023-03-30 16:52:22.129446;3
2023-03-30 16:52:34.022543;3
2023-03-30 16:52:43.625513;3
2023-03-30 16:53:08.306832;3
2023-03-30 16:53:18.713968;3
2023-03-30 16:53:30.510009;3
2023-03-30 16:53:42.735867;3
2023-03-30 16:53:54.888867;3
2023-03-30 16:54:07.265859;3
2023-03-30 16:54:20.518229;3
2023-03-30 16:54:32.542131;1
2023-03-30 16:54:44.667251;2
2023-03-30 16:55:00.327431;2
2023-03-30 16:56:29.882102;1
2023-03-30 16:57:39.984984;1
2023-03-30 16:57:59.476893;1
2023-03-30 17:19:09.440384;1
2023-03-30 17:23:25.163806;1
2023-03-30 17:23:52.200539;1
2023-03-30 17:24:12.510166;1
2023-03-31 12:51:38.405505;2
2023-03-31 12:51:50.804268;2
2023-03-31 12:56:57.843485;1
2023-03-31 12:58:39.050602;1
2023-03-31 12:58:47.363729;1
2023-03-31 12:59:00.455197;1
2023-03-31 13:02:01.32365;1
2023-03-31 13:02:27.688197;1
2023-03-31 13:03:05.806294;1
2023-03-31 13:04:20.169428;1
2023-03-31 13:04:59.002127;1
2023-03-31 16:32:34.23292;1
2023-04-01 17:32:29.986901;1
2023-04-01 17:32:35.675081;1
2023-04-01 17:32:45.782061;1
2023-04-01 17:32:54.994508;1
2023-04-02 14:30:16.988113;1
2023-04-02 16:00:58.964825;1
2023-04-02 16:01:04.597521;1
2023-04-02 16:01:18.118077;1
2023-04-03 10:14:08.391533;1
2023-04-03 10:14:18.63407;1
2023-04-03 10:14:53.821258;1
2023-04-03 10:15:40.364114;2
2023-04-03 10:15:46.07012;1
2023-04-03 10:44:11.532384;1
2023-04-03 14:14:01.271282;1
2023-04-03 15:06:27.130103;1
2023-04-03 17:47:23.728656;1
2023-04-03 17:47:53.019492;2
2023-04-03 17:48:19.398516;1
2023-04-03 17:50:49.654139;1
2023-04-03 17:50:56.600964;1
2023-04-03 17:53:52.340639;1
2023-04-04 14:55:21.797329;1
2023-04-04 16:26:41.788106;1
2023-04-05 10:47:33.755382;1
2023-04-05 14:24:59.681358;1
2023-04-05 14:38:30.589092;1
2023-04-05 14:40:20.144778;1
2023-04-05 14:40:53.707621;1
2023-04-05 14:41:13.984488;1
2023-04-05 15:47:09.524996;1
2023-04-08 15:15:35.712379;1
2023-04-08 15:51:37.953516;1
2023-04-08 15:52:28.082927;1
2023-04-08 15:57:54.999332;1
2023-04-08 17:01:39.804762;1
2023-04-09 15:56:16.264995;1
2023-04-09 15:56:50.539737;1
2023-04-09 16:27:21.44741;1
2023-04-10 10:24:22.124289;1
2023-04-10 10:35:56.599002;3
2023-04-10 10:36:05.522642;3
2023-04-10 12:11:09.918009;1
2023-04-10 12:11:32.00046;1
2023-04-10 12:11:58.891884;1
2023-04-10 12:12:29.230223;1
2023-04-10 12:13:26.41744;1
2023-04-10 12:13:31.714627;1
2023-04-10 12:13:36.6211;1
2023-04-10 12:13:41.473756;1
2023-04-10 12:13:53.171435;1
2023-04-10 12:15:04.268845;1
2023-04-10 12:15:09.00802;1
2023-04-10 12:15:13.592288;1
2023-04-10 12:15:23.128439;1
2023-04-10 12:16:12.345046;1
2023-04-10 12:17:17.505136;1
2023-04-10 12:17:22.297962;1
2023-04-10 12:17:26.876842;1
2023-04-10 12:17:31.945924;1
2023-04-10 12:18:05.410629;1
2023-04-10 12:18:28.849014;1
2023-04-10 12:19:05.447236;1
2023-04-10 12:19:28.984968;1
2023-04-10 12:20:00.625534;1
2023-04-10 12:20:23.52414;1
2023-04-10 12:21:19.324105;1
2023-04-10 12:21:51.857602;1
2023-04-10 12:22:09.77168;1
2023-04-10 12:24:23.456433;1
2023-04-10 12:24:28.360467;1
2023-04-10 12:24:34.041832;1
2023-04-10 12:24:39.100808;1
2023-04-10 12:24:44.972241;1
2023-04-10 12:24:50.46631;1
2023-04-10 12:24:55.533148;1
2023-04-10 12:25:03.774143;1
2023-04-10 17:07:11.836408;1
2023-04-10 17:07:40.06514;1
2023-04-10 17:07:44.922782;1
2023-04-10 17:07:50.272715;1
2023-04-10 17:07:55.269582;1
2023-04-10 17:08:00.667344;1
2023-04-10 17:08:05.383379;1
2023-04-10 17:08:10.917444;1
2023-04-10 17:08:16.585232;1
2023-04-10 17:08:21.736799;1
2023-04-10 17:09:12.402283;1
2023-04-10 17:09:46.188917;1
2023-04-10 17:10:19.668639;1
2023-04-10 17:10:55.231811;1
2023-04-10 17:11:21.596639;1
2023-04-10 17:11:27.303828;1
2023-04-10 17:11:32.75808;1
2023-04-10 17:11:37.918293;1
2023-04-10 17:11:43.126285;1
2023-04-10 17:11:47.913992;1
2023-04-10 17:12:37.919955;1
2023-04-10 17:15:43.864276;1
2023-04-11 13:06:13.097175;1
2023-04-11 14:56:07.444118;1
2023-04-11 16:36:59.885402;1
2023-04-11 16:37:38.912223;1
2023-04-11 16:37:43.551548;1
2023-04-11 16:37:54.55973;1
2023-04-11 16:38:44.121261;1
2023-04-11 16:38:48.845462;1
2023-04-11 16:38:56.674543;1
2023-04-11 16:39:45.761873;1
2023-04-11 16:39:50.512654;1
2023-04-11 16:39:59.346421;1
2023-04-11 16:40:37.732345;1
2023-04-11 16:41:07.963793;1
2023-04-11 16:41:38.447395;1
2023-04-11 16:48:00.541605;1
2023-04-13 15:39:19.592173;2
2023-04-15 15:53:10.270799;1
2023-04-15 18:22:38.582371;1
2023-04-22 15:58:37.592626;1
2023-04-22 15:58:42.246093;1
2023-04-22 15:58:46.81556;1
2023-04-22 15:58:55.12983;1
2023-04-22 18:32:05.330955;1
2023-04-22 18:32:57.700014;1
2023-04-23 12:02:36.884413;1
2023-04-23 13:00:25.531782;1
2023-04-23 13:00:44.771944;1
2023-04-23 13:01:14.962248;1
2023-04-23 13:01:34.717609;1
2023-04-24 14:45:39.924677;1
2023-04-24 14:46:39.269825;1
2023-04-24 14:46:49.128853;1
2023-04-24 14:47:07.340503;1
2023-04-24 14:47:36.607694;1
2023-04-24 15:47:20.499763;1
2023-04-24 15:47:29.800179;1
2023-04-24 16:33:07.347628;1
2023-04-24 16:39:02.722869;1
2023-04-24 16:39:28.316854;1
2023-04-24 16:40:00.462202;1
2023-04-25 15:51:40.34233;1
2023-04-26 13:36:34.312164;1
2023-04-26 13:36:34.579228;1
2023-04-26 13:36:34.612554;1
2023-04-26 13:36:34.653068;1
2023-04-26 13:36:34.681507;1
2023-04-26 13:36:34.712736;1
2023-04-26 13:36:34.742532;1
2023-04-26 13:36:34.770536;1
2023-04-26 13:36:34.802904;1
2023-04-26 13:36:34.83587;1
2023-04-26 13:36:34.868383;1
2023-04-26 13:36:34.903395;1
2023-04-26 13:36:34.932227;1
2023-04-26 13:36:34.963831;1
2023-04-26 13:36:34.994874;1
2023-04-26 13:36:35.022702;1
2023-04-26 13:36:35.049804;1
2023-04-28 12:37:14.664313;1
2023-04-28 14:55:54.937535;1
2023-04-28 14:56:15.785125;1
2023-04-28 14:56:42.873364;1
2023-04-28 14:57:25.99621;1
2023-04-28 14:57:44.363365;1
2023-04-28 14:58:01.199797;1
2023-04-28 14:58:30.296858;1
2023-04-28 14:59:14.811166;1
2023-04-28 14:59:49.53225;1
2023-04-28 15:02:35.916365;1
2023-04-28 15:03:58.263341;1
2023-04-28 15:04:30.693441;1
2023-04-28 15:05:07.859817;1
2023-04-28 15:05:55.505204;2
2023-04-28 15:06:07.260068;1
2023-04-28 15:06:12.755527;1
2023-04-28 15:06:22.107755;1
2023-04-28 15:07:05.038942;1
2023-04-28 15:07:31.821723;1
2023-04-28 15:08:01.464501;1
2023-04-28 15:12:19.876015;1
2023-04-28 15:12:55.090244;1
2023-04-28 15:13:27.417689;1
2023-04-28 15:14:18.059557;1
2023-04-28 15:15:50.246579;1
2023-04-28 15:16:34.307223;1
2023-04-28 15:17:06.316284;1
2023-04-28 18:03:38.232186;1
2023-04-28 18:04:07.174109;1
2023-04-28 18:04:32.638792;1
2023-04-28 18:04:51.243748;1
2023-04-29 15:15:38.073956;1
2023-04-29 15:17:06.784754;1
2023-05-02 11:28:31.00657;1
2023-05-02 17:29:02.235345;1
2023-05-02 17:29:46.585738;1
2023-05-04 11:10:43.529152;2
2023-05-04 11:11:42.372464;2
2023-05-04 11:11:47.173494;2
2023-05-04 11:11:52.087107;2
2023-05-04 11:12:08.582869;2
2023-05-05 14:40:31.149114;1
2023-05-05 14:46:11.301239;1
2023-05-08 11:03:59.622989;1
2023-05-08 11:07:52.741745;1
2023-05-08 11:10:09.506284;1
2023-05-08 11:22:46.793992;1
2023-05-08 12:51:58.250475;1
2023-05-08 12:53:06.995544;1
2023-05-08 12:54:51.681064;1
2023-05-12 10:26:44.729869;1
2023-05-12 10:27:27.700978;1
2023-05-12 12:50:11.937736;1
2023-05-14 10:16:31.616897;1
2023-05-14 11:37:42.711666;1
2023-05-14 11:38:18.799529;1
2023-05-14 11:40:53.497801;1
2023-05-14 11:41:32.613873;1
2023-05-14 11:41:49.033387;1
2023-05-15 11:35:16.086129;1
2023-05-15 11:43:53.55507;1
2023-05-15 11:52:27.429312;1
2023-05-15 11:58:51.847935;1
2023-05-15 12:00:17.754569;1
2023-05-15 12:00:51.947335;1
2023-05-15 12:01:00.024733;1
2023-05-15 12:09:24.907146;1
2023-05-15 12:10:27.822857;1
2023-05-15 12:10:33.164812;1
2023-05-15 12:10:41.677613;1
2023-05-15 15:22:54.389219;1
2023-05-15 15:50:01.062387;2
2023-05-15 16:25:25.658641;2
2023-05-15 16:26:52.056413;1
2023-05-15 16:26:58.823113;1
2023-05-15 16:28:01.130669;1
2023-05-15 16:30:26.606151;2
2023-05-15 17:29:53.029538;1
2023-05-15 17:30:12.650201;1
2023-05-15 17:30:34.187084;1
2023-05-15 17:30:38.569094;1
2023-05-15 17:30:57.986629;1
2023-05-15 17:31:22.020012;1
2023-05-15 17:31:29.774565;1
2023-05-15 17:32:41.541519;1
2023-05-15 17:32:46.614174;1
2023-05-15 17:32:55.894363;1
2023-05-15 17:58:26.988088;1
2023-05-15 17:58:50.921182;1
2023-05-15 18:00:06.033303;1
2023-05-16 12:42:00.253046;1
2023-05-16 12:42:40.777647;1
2023-05-16 14:46:42.103048;1
2023-05-16 14:46:59.778524;1
2023-05-16 14:47:10.278361;1
2023-05-16 14:47:23.950518;1
2023-05-16 14:47:32.212319;1
2023-05-16 14:47:41.451998;1
2023-05-16 14:47:47.51385;1
2023-05-16 14:47:53.535917;1
2023-05-16 14:48:33.866205;1
2023-05-16 14:49:09.130494;1
2023-05-16 14:49:52.201115;1
2023-05-16 14:50:14.372216;1
2023-05-16 14:53:22.665181;1
2023-05-16 15:07:06.056868;1
2023-05-16 15:14:16.216441;1
2023-05-16 15:14:26.233799;1
2023-05-16 15:15:01.995843;1
2023-05-16 15:15:30.500022;1
2023-05-16 15:22:32.543421;1
2023-05-18 17:22:17.990434;1
2023-05-18 17:23:12.338732;1
2023-05-18 17:23:56.991856;1
2023-05-20 12:20:59.061814;1
2023-05-20 12:21:09.804847;1
2023-05-20 12:28:16.382269;1
2023-05-20 12:30:20.243781;1
2023-05-20 12:35:26.023985;1
2023-05-20 12:38:05.475306;1
2023-05-20 12:38:16.583865;1
2023-05-20 13:34:23.111302;1
2023-05-20 16:26:14.503178;2
2023-05-20 16:27:56.883766;2
2023-05-22 14:27:02.747286;1
2023-05-22 14:39:55.205021;1
2023-05-22 14:40:05.822909;1
2023-05-23 16:32:10.911489;1
2023-05-24 10:51:04.929744;1
2023-05-24 10:51:10.776873;1
2023-05-24 10:51:17.618326;1
2023-05-24 10:51:31.279535;1
2023-05-24 10:51:38.009594;1
2023-05-24 10:51:45.606326;1
2023-05-24 10:51:51.141665;1
2023-05-24 10:52:00.366032;1
2023-05-24 11:04:56.313415;1
2023-05-24 17:30:33.468071;1
2023-05-25 12:40:42.98941;2
2023-05-25 14:41:43.885038;1
2023-05-28 09:53:34.707918;1
2023-05-28 09:53:39.827775;1
2023-05-28 09:53:45.696671;1
2023-05-28 09:53:50.912847;1
2023-05-28 09:53:55.72632;1
2023-05-28 09:54:42.397026;1
2023-05-28 09:55:27.377304;1
2023-05-29 09:50:40.689718;1
2023-05-29 09:53:41.300959;1
2023-05-29 09:58:28.078329;1
2023-05-29 10:07:26.665975;1
2023-05-29 10:09:45.899253;1
2023-05-29 10:10:21.710502;1
2023-05-29 10:13:45.802228;1
2023-05-30 08:55:27.340209;1
2023-05-30 08:57:15.187917;1
2023-05-30 09:13:41.582511;1
2023-05-30 09:14:13.699986;1
2023-05-30 09:16:59.80322;1
2023-05-30 09:17:35.238446;1
2023-05-30 09:18:06.912505;1
2023-05-30 09:18:46.927437;2
2023-05-30 09:19:22.833457;2
2023-05-30 09:20:00.16192;1
2023-05-30 09:20:32.92004;1
2023-05-30 09:21:00.596084;1
2023-05-30 09:21:28.78138;1
2023-05-30 09:22:55.683259;1
2023-05-30 09:24:13.910419;1
2023-05-30 09:25:19.170744;1
2023-05-30 09:27:17.167007;1
2023-05-30 09:28:28.787771;1
2023-05-30 09:29:27.573646;2
2023-05-30 09:30:15.015026;2
2023-05-30 09:33:42.623566;1
2023-05-30 09:37:34.913877;1
2023-05-30 09:38:53.170921;1
2023-05-30 09:39:45.061824;2
2023-05-30 09:41:04.852419;1
2023-05-30 09:42:19.850266;1
2023-05-30 09:43:21.272584;1
2023-05-30 09:44:15.819439;1
2023-05-30 09:49:05.52488;1
2023-05-30 09:50:19.028856;1
2023-05-30 09:51:56.216612;1
2023-05-30 10:10:40.540664;1
2023-05-30 10:12:49.442284;1
2023-05-30 10:15:37.508372;1
2023-05-30 10:17:09.510046;1
2023-05-30 10:18:33.310212;2
2023-05-30 10:19:36.807401;1
2023-05-30 10:20:40.603165;1
2023-05-30 10:22:01.463073;1
2023-05-31 12:22:10.863049;1
2023-05-31 12:23:14.612232;1
2023-05-31 12:24:31.614209;1
2023-05-31 12:25:27.108843;1
2023-05-31 12:26:40.613048;2
2023-05-31 12:27:30.806738;1
2023-05-31 12:30:31.118576;1
2023-05-31 12:38:54.672981;1
2023-05-31 12:40:29.800554;2
2023-05-31 12:42:21.319572;2
2023-05-31 12:43:10.562869;2
2023-05-31 12:46:32.612932;2
2023-05-31 12:47:48.709471;2
2023-05-31 12:48:34.661892;2
2023-05-31 12:54:03.910291;2
2023-05-31 12:56:07.82947;2
2023-05-31 13:07:09.350976;1
2023-05-31 13:08:59.208052;2
2023-05-31 13:10:25.334314;1
2023-05-31 13:12:28.321218;1
2023-05-31 13:14:07.705022;1
2023-05-31 13:16:41.555325;1
2023-05-31 13:17:46.691568;2
2023-05-31 13:19:48.789576;1
2023-05-31 13:21:38.356199;1
2023-05-31 13:24:49.60945;1
2023-05-31 13:26:05.43641;1
2023-05-31 13:27:06.188339;1
2023-05-31 13:32:15.924368;1
2023-05-31 13:37:29.737789;1
2023-05-31 13:37:49.917048;1
2023-05-31 13:40:42.638626;1
2023-06-01 12:10:54.385833;1
2023-06-01 12:11:26.706365;2
2023-06-01 12:13:48.759838;1
2023-06-01 12:14:01.552987;1
2023-06-01 12:14:07.969547;1
2023-06-01 12:14:13.572905;1
2023-06-01 12:14:22.283397;1
2023-06-05 07:29:58.780836;1
2023-06-05 10:54:08.126032;1
2023-06-05 11:33:57.179338;2
2023-06-05 11:43:57.826533;2
2023-06-05 11:58:46.779933;2
2023-06-05 12:05:19.97552;1
2023-06-05 12:08:19.417776;2
2023-06-05 12:09:32.988475;2
2023-06-05 12:11:19.61185;1
2023-06-05 13:07:14.263436;2
2023-06-05 13:09:48.197342;1
2023-06-05 13:45:29.548429;1
2023-06-05 15:58:01.057567;1
2023-06-05 15:58:22.744948;2
2023-06-05 16:07:25.087845;1
2023-06-06 09:04:32.742027;1
2023-06-06 09:23:50.862781;1
2023-06-06 09:30:48.352032;1
2023-06-06 09:31:30.620859;1
2023-06-06 12:09:21.528127;1
2023-06-06 12:25:03.006288;1
2023-06-06 12:29:52.257194;1
2023-06-06 15:38:36.247921;1
2023-06-09 14:59:42.727813;1
2023-06-09 15:06:30.773146;1
2023-06-09 15:06:54.881367;1
2023-06-09 15:07:21.724453;1
2023-06-09 15:07:54.843021;1
2023-06-09 15:09:50.466654;1
2023-06-09 15:13:40.403456;1
2023-06-09 15:13:52.829738;1
2023-06-09 15:13:56.50918;1
2023-06-09 15:14:01.697798;1
2023-06-09 15:14:13.413269;1
2023-06-09 15:37:05.108865;1
2023-06-09 15:38:30.787166;1
2023-06-09 15:38:47.759718;1
2023-06-09 15:39:21.274438;1
2023-06-09 15:39:49.743095;1
2023-06-09 15:40:16.660316;1
2023-06-09 15:41:16.638084;1
2023-06-09 15:41:57.945372;1
2023-06-09 15:42:28.92378;1
2023-06-09 15:42:53.636019;1
2023-06-11 12:50:30.385255;2
2023-06-11 17:36:49.178946;1
2023-06-11 17:37:20.609688;1
2023-06-11 17:37:36.690551;1
2023-06-11 17:38:17.092341;1
2023-06-12 11:03:07.652483;1
2023-06-12 11:49:49.179544;2
2023-06-12 11:50:23.324048;1
2023-06-13 09:45:07.250466;1
2023-06-13 09:45:27.47217;1
2023-06-13 09:45:36.184491;1
2023-06-13 09:46:12.875147;1
2023-06-13 09:46:37.624203;1
2023-06-13 09:46:44.046716;1
2023-06-13 09:46:49.657907;1
2023-06-13 09:46:58.302088;1
2023-06-13 11:45:57.937045;1
2023-06-13 12:12:09.880763;1
2023-06-14 10:06:16.125441;1
2023-06-15 13:21:07.069353;1
2023-06-15 13:21:11.996603;1
2023-06-15 13:21:19.609406;1
2023-06-15 13:22:23.171254;1
2023-06-15 14:28:23.296165;1
2023-06-15 14:29:38.363247;1
2023-06-15 15:02:50.779073;1
2023-06-15 15:02:55.198702;1
2023-06-15 15:03:00.059892;1
2023-06-15 15:03:04.324268;1
2023-06-15 15:03:08.869738;1
2023-06-15 15:03:13.720203;1
2023-06-15 15:03:18.714804;1
2023-06-15 15:03:23.692219;1
2023-06-15 15:03:27.854698;1
2023-06-15 15:03:32.247622;1
2023-06-15 15:03:36.575571;1
2023-06-15 15:03:41.591218;1
2023-06-15 15:03:46.432402;1
2023-06-15 15:03:55.865275;1
2023-06-15 15:04:38.724908;1
2023-06-15 15:04:47.087055;1
2023-06-16 08:44:55.350591;1
2023-06-16 11:22:00.879212;1
2023-06-16 11:22:55.020157;1
2023-06-16 11:23:12.798947;1
2023-06-16 11:24:07.831855;1
2023-06-16 11:26:58.916198;1
2023-06-16 11:30:02.8384;1
2023-06-16 11:30:50.038163;1
2023-06-16 11:30:55.508257;1
2023-06-16 11:31:04.488944;2
2023-06-16 11:31:40.463531;1
2023-06-16 11:32:13.946134;1
2023-06-16 11:32:45.976533;1
2023-06-16 11:33:18.578248;1
2023-06-16 11:36:35.040607;1
2023-06-16 12:06:46.276351;1
2023-06-16 12:07:17.361362;1
2023-06-16 12:07:58.171375;1
2023-06-16 12:08:39.732711;1
2023-06-16 12:09:15.842526;1
2023-06-16 12:09:49.758179;1
2023-06-17 13:21:30.047297;1
2023-06-17 13:21:55.73603;2
2023-06-19 12:35:09.424755;1
2023-06-19 14:27:17.37471;1
2023-06-19 14:33:45.980796;1
2023-06-19 14:33:56.846058;1
2023-06-19 14:34:27.224179;1
2023-06-19 15:03:20.806042;1
2023-06-19 15:03:29.324628;1
2023-06-20 12:01:21.598142;1
2023-06-20 12:01:50.111285;1
2023-06-20 13:58:52.533455;1
2023-06-20 13:59:10.023072;1
2023-06-20 14:00:32.958229;2
2023-06-20 14:01:31.109406;1
2023-06-20 14:01:50.622072;1
2023-06-20 18:33:27.729777;1
2023-06-20 18:33:34.179607;1
2023-06-20 18:33:42.674655;1
2023-06-20 18:34:17.739048;1
2023-06-22 10:00:15.032957;1
2023-06-22 10:56:49.694182;2
2023-06-22 10:57:35.705388;1
2023-06-22 11:24:34.749906;1
2023-06-22 11:33:51.241038;1
2023-06-22 15:54:09.045547;2
2023-06-22 16:47:29.412847;1
2023-06-22 16:49:50.517543;1
2023-06-26 12:14:57.452823;1
2023-06-26 12:15:15.844698;1
2023-06-26 12:15:46.980524;1
2023-06-26 12:16:14.898495;1
2023-06-26 12:33:27.51471;1
2023-06-26 13:48:43.59148;1
2023-06-26 13:48:49.0554;1
2023-06-26 13:48:53.793107;1
2023-06-26 13:48:57.722341;1
2023-06-26 13:49:03.987986;1
2023-06-26 13:49:09.340886;1
2023-06-26 13:49:13.825464;1
2023-06-26 13:49:19.003589;1
2023-06-26 13:49:23.634217;1
2023-06-26 13:49:32.014266;1
2023-06-26 13:50:27.878261;1
2023-06-26 13:50:33.892958;1
2023-06-26 13:50:42.009181;1
2023-06-26 13:51:34.696814;1
2023-06-26 13:51:40.018793;1
2023-06-26 13:51:45.378947;1
2023-06-26 13:53:33.09621;1
2023-06-26 13:53:38.564421;1
2023-06-26 13:53:43.098437;1
2023-06-26 13:54:06.762705;2
2023-06-26 13:54:16.748066;2
2023-06-26 13:54:21.695557;1
2023-06-26 13:54:27.008245;2
2023-06-26 13:59:07.81609;1
2023-06-26 13:59:17.953593;1
2023-06-26 14:03:56.158476;1
2023-06-26 14:05:21.791622;1
2023-06-26 14:05:45.567127;1
2023-06-26 14:07:46.704284;1
2023-06-26 14:07:59.510674;1
2023-06-26 14:08:04.535752;1
2023-06-26 14:08:09.199358;1
2023-06-26 14:08:34.182849;1
2023-06-26 14:08:38.989087;1
2023-06-26 14:08:44.471019;1
2023-06-26 14:08:49.362365;1
2023-06-26 14:08:54.140392;1
2023-06-26 14:08:58.850926;1
2023-06-26 14:09:07.371362;1
2023-06-26 14:15:03.634272;1
2023-06-26 14:15:37.732412;1
2023-06-26 14:16:08.232842;1
2023-06-26 14:17:19.22227;1
2023-06-26 14:30:37.985849;1
2023-06-26 14:31:42.17407;1
2023-06-26 14:31:47.432628;1
2023-06-26 14:31:52.425886;1
2023-06-26 14:32:01.470146;1
2023-06-26 14:32:45.520386;2
2023-06-26 14:49:17.477942;1
2023-06-26 14:58:21.290813;1
2023-06-26 14:58:28.204184;1
2023-06-26 14:58:33.524226;1
2023-06-26 14:58:38.425074;1
2023-06-26 14:58:43.120675;1
2023-06-26 14:58:47.860867;1
2023-06-26 14:58:52.806157;1
2023-06-26 14:58:58.169173;1
2023-06-26 14:59:03.910517;1
2023-06-26 14:59:10.180398;1
2023-06-26 14:59:15.269204;1
2023-06-26 14:59:20.044877;1
2023-06-26 14:59:29.86776;1
2023-06-26 15:30:51.520681;1
2023-06-26 15:31:42.840985;1
2023-06-26 15:33:56.664044;1
2023-06-26 15:34:02.004343;1
2023-06-26 15:34:11.779747;1
2023-06-26 15:34:53.815746;1
2023-06-26 15:55:10.846163;1
2023-06-27 15:44:54.824543;1
2023-06-27 15:45:23.468366;1
2023-06-27 15:54:13.723858;1
2023-06-27 15:57:14.803281;1
2023-06-27 16:06:51.187127;1
2023-06-28 12:28:01.713517;1
2023-06-28 14:31:56.811778;1
2023-06-28 14:32:19.568881;1
2023-06-28 15:32:07.847116;1
2023-06-28 17:33:21.455771;1
2023-06-28 17:51:59.540637;1
2023-06-28 17:52:10.228591;1
2023-06-28 17:55:48.343872;1
2023-06-28 18:05:31.272365;1
2023-06-29 10:58:16.282802;1
2023-06-29 10:58:42.611127;1
2023-06-29 10:59:23.040079;1
2023-06-29 10:59:51.589046;1
2023-06-29 11:19:02.716186;1
2023-06-29 12:01:29.113374;2
2023-06-30 10:52:13.544833;1
2023-06-30 11:00:26.038533;1
2023-06-30 11:11:41.035288;2
2023-06-30 11:11:46.055521;2
2023-06-30 11:11:54.991578;2
2023-06-30 11:18:42.946434;1
2023-06-30 11:25:18.566891;1
2023-06-30 11:58:00.666633;1
2023-06-30 12:07:54.829562;1
2023-06-30 12:08:24.569282;1
2023-06-30 12:27:05.219414;1
2023-06-30 12:27:43.643874;1
2023-06-30 12:29:45.952076;1
2023-06-30 16:56:07.637758;1
2023-06-30 16:58:27.497323;1
2023-06-30 16:58:46.789103;1
2023-06-30 16:59:09.866292;1
2023-06-30 16:59:28.580417;1
2023-07-03 12:36:34.594366;1
2023-07-03 12:37:05.322401;1
2023-07-03 12:39:18.427829;1
2023-07-03 12:40:35.576045;1
2023-07-03 12:40:46.652037;1
2023-07-03 12:40:54.952194;1
2023-07-03 12:41:00.80751;1
2023-07-03 12:41:06.709922;1
2023-07-03 12:41:13.076284;1
2023-07-03 12:41:18.472558;1
2023-07-03 12:41:24.556073;1
2023-07-03 12:41:37.732412;1
2023-07-03 12:41:43.483358;1
2023-07-03 12:41:49.810559;1
2023-07-03 12:41:56.36257;1
2023-07-03 12:42:02.886044;1
2023-07-03 12:42:08.417928;1
2023-07-03 12:42:15.376115;1
2023-07-03 12:42:22.336856;1
2023-07-03 12:42:28.64678;1
2023-07-03 12:42:34.825833;1
2023-07-03 12:42:41.363847;1
2023-07-03 12:42:49.410947;1
2023-07-03 12:43:22.592722;1
2023-07-03 12:43:31.254938;1
2023-07-03 12:44:46.212385;1
2023-07-03 12:45:14.804954;1
2023-07-03 12:45:20.226874;1
2023-07-03 12:45:25.785857;1
2023-07-03 12:45:52.844032;1
2023-07-03 12:47:57.904679;1
2023-07-03 12:55:10.555612;1
2023-07-03 12:55:24.373952;1
2023-07-03 12:55:31.935441;1
2023-07-03 12:55:39.364685;1
2023-07-03 12:55:45.387674;1
2023-07-03 12:56:14.985614;1
2023-07-03 12:56:22.573327;1
2023-07-03 12:56:28.363852;1
2023-07-03 12:56:34.231608;1
2023-07-03 12:56:41.690872;1
2023-07-03 12:56:47.291963;1
2023-07-03 12:56:54.180841;1
2023-07-03 12:57:06.64467;1
2023-07-03 12:57:24.424468;1
2023-07-03 12:58:19.929844;1
2023-07-03 12:58:30.425076;1
2023-07-03 13:00:37.816879;1
2023-07-03 14:11:44.702711;1
2023-07-03 14:39:29.014793;1
2023-07-03 14:42:20.82185;1
2023-07-03 14:42:43.064835;1
2023-07-03 14:43:07.564535;1
2023-07-03 14:43:14.578777;1
2023-07-03 14:43:19.522771;1
2023-07-03 14:43:23.526729;1
2023-07-03 14:43:28.301835;1
2023-07-03 14:43:33.684935;1
2023-07-03 14:43:38.589437;1
2023-07-03 14:43:43.662027;1
2023-07-03 14:43:48.592867;1
2023-07-03 14:43:53.756832;1
2023-07-03 14:43:58.749026;1
2023-07-03 14:44:04.344677;1
2023-07-03 14:44:08.970526;1
2023-07-03 14:44:14.338465;1
2023-07-03 14:44:19.194932;1
2023-07-03 14:44:24.513402;1
2023-07-03 14:44:33.992772;1
2023-07-03 14:44:38.532656;1
2023-07-03 14:44:43.259353;1
2023-07-03 14:44:47.715691;1
2023-07-03 14:44:52.39723;1
2023-07-03 14:44:57.960486;1
2023-07-03 14:45:02.912702;1
2023-07-03 14:45:07.719985;1
2023-07-03 14:45:12.220902;1
2023-07-03 14:45:16.743502;1
2023-07-03 14:45:21.389573;1
2023-07-03 14:45:26.060307;1
2023-07-03 14:45:34.925288;1
2023-07-03 14:46:39.092461;1
2023-07-03 14:46:44.083286;1
2023-07-03 14:46:48.695947;1
2023-07-03 14:46:53.464341;1
2023-07-03 14:46:58.32388;1
2023-07-03 14:47:02.58648;1
2023-07-03 14:47:07.155205;1
2023-07-03 14:47:12.604692;1
2023-07-03 14:47:23.619747;1
2023-07-03 14:50:14.711785;1
2023-07-06 11:23:10.570019;1
2023-07-06 12:47:04.094749;1
2023-07-06 12:59:36.291649;1
2023-07-06 13:23:44.528725;1
2023-07-06 16:42:10.299603;1
2023-07-07 12:20:33.232372;1
2023-07-07 12:48:43.764548;1
2023-07-07 14:58:33.77546;1
2023-07-07 14:59:57.79266;1
2023-07-07 15:31:22.22129;1
2023-07-08 12:06:14.319321;1
2023-07-08 14:08:06.563542;1
2023-07-08 14:08:36.280674;1
2023-07-08 14:09:24.98283;1
2023-07-10 14:20:15.722045;1
2023-07-10 14:24:29.070384;1
2023-07-10 14:26:09.757652;1
2023-07-11 11:12:36.33331;1
2023-07-11 11:36:00.445242;1
2023-07-11 13:25:09.435074;1
2023-07-12 11:19:54.745943;1
2023-07-12 11:20:17.811961;1
2023-07-12 11:20:22.467368;1
2023-07-12 11:20:43.728947;1
2023-07-12 11:21:12.111244;1
2023-07-12 11:21:23.890902;1
2023-07-12 11:21:29.098645;1
2023-07-12 11:21:39.966349;1
2023-07-12 11:22:11.166321;1
2023-07-12 11:22:25.528392;1
2023-07-12 11:22:51.889221;1
2023-07-12 11:23:19.168725;1
2023-07-12 11:23:26.315926;1
2023-07-12 12:04:54.990823;1
2023-07-12 12:39:34.681167;1
2023-07-12 12:40:10.1994;1
2023-07-12 12:48:35.490235;1
2023-07-12 12:51:40.824242;1
2023-07-12 12:51:46.329399;1
2023-07-12 12:51:54.905011;1
2023-07-12 14:10:53.9888;2
2023-07-12 14:12:34.540192;1
2023-07-12 14:12:39.215832;1
2023-07-12 14:12:47.080168;2
2023-07-12 14:14:43.646199;1
2023-07-12 14:29:42.518046;1
2023-07-12 14:30:20.88244;1
2023-07-12 14:30:26.800638;1
2023-07-12 14:30:57.343554;1
2023-07-12 14:31:02.280417;1
2023-07-12 14:31:07.895145;1
2023-07-12 14:31:16.631524;1
2023-07-12 14:39:35.448665;1
2023-07-12 14:40:57.194855;1
2023-07-12 14:41:07.350596;1
2023-07-12 15:18:49.040506;2
2023-07-12 15:20:27.169224;1
2023-07-12 15:20:37.569049;1
2023-07-12 15:21:05.828848;1
2023-07-12 15:21:41.70298;1
2023-07-12 15:21:57.305374;1
2023-07-12 15:22:55.236451;1
2023-07-12 15:23:00.261566;1
2023-07-12 15:23:04.708409;1
2023-07-12 15:23:09.633256;1
2023-07-12 15:23:18.95558;1
2023-07-12 15:24:19.385096;1
2023-07-12 15:24:25.131985;1
2023-07-12 15:24:34.861065;1
2023-07-12 15:26:47.515048;1
2023-07-12 15:34:43.938626;1
2023-07-13 11:47:37.798012;1
2023-07-13 11:49:37.534627;1
2023-07-13 11:50:15.692922;1
2023-07-13 12:21:51.309381;1
2023-07-13 12:22:44.832637;1
2023-07-13 12:22:49.560208;1
2023-07-13 12:22:54.254981;1
2023-07-13 12:23:02.586349;1
2023-07-13 12:23:54.620941;1
2023-07-13 12:23:59.070347;1
2023-07-13 12:24:03.50133;1
2023-07-13 12:24:11.466192;1
2023-07-13 14:01:12.090722;1
2023-07-13 14:02:37.708842;1
2023-07-13 14:02:56.133284;1
2023-07-13 14:03:57.655936;1
2023-07-13 14:04:22.929375;1
2023-07-13 14:04:51.454517;1
2023-07-13 14:05:05.148374;1
2023-07-13 14:07:45.418794;1
2023-07-14 12:42:11.967946;1
2023-07-14 12:46:26.665378;1
2023-07-14 12:46:38.798548;2
2023-07-14 12:47:35.88563;2
2023-07-14 15:55:59.436286;1
2023-07-14 15:56:05.334379;2
2023-07-14 15:56:16.321089;2
2023-07-14 16:05:49.054712;1
2023-07-14 17:04:55.560185;1
2023-07-14 17:25:17.959643;1
2023-07-14 17:26:01.647971;1
2023-07-14 17:26:08.087971;1
2023-07-14 17:26:12.978154;1
2023-07-14 17:26:21.915919;1
2023-07-14 17:27:15.142259;1
2023-07-14 17:27:45.5569;1
2023-07-14 17:30:55.632284;1
2023-07-15 16:10:00.865992;1
2023-07-15 16:13:28.240043;1
2023-07-15 16:26:37.957638;1
2023-07-16 12:51:09.77493;1
2023-07-16 12:51:15.252057;1
2023-07-16 12:51:20.121192;1
2023-07-16 12:51:25.545828;1
2023-07-16 12:51:47.385051;1
2023-07-16 12:52:11.340442;1
2023-07-16 12:53:04.779341;1
2023-07-16 12:53:10.250114;1
2023-07-16 12:53:15.679291;1
2023-07-16 12:54:11.98571;1
2023-07-16 12:54:33.729174;1
2023-07-16 12:54:44.05441;1
2023-07-16 12:55:20.36386;1
2023-07-16 12:56:18.553188;1
2023-07-16 12:56:26.899118;1
2023-07-16 12:56:32.208916;1
2023-07-16 12:56:37.924262;1
2023-07-16 12:57:03.234003;1
2023-07-16 12:57:31.006269;1
2023-07-16 12:57:39.283533;1
2023-07-16 12:57:53.917669;1
2023-07-16 12:58:06.42489;1
2023-07-16 12:58:32.619521;1
2023-07-16 13:55:40.549798;1
2023-07-16 14:14:23.408669;1
2023-07-16 14:14:29.054586;1
2023-07-16 14:14:35.186727;1
2023-07-16 14:14:40.32834;1
2023-07-16 14:14:48.845044;1
2023-07-16 14:22:06.303701;3
2023-07-16 14:22:39.406239;2
2023-07-16 14:26:02.19129;2
2023-07-16 14:45:11.80323;1
2023-07-16 14:46:50.96799;1
2023-07-16 14:47:46.724097;1
2023-07-16 14:51:32.287585;1
2023-07-16 14:51:43.441462;1
2023-07-16 15:17:02.517824;1
2023-07-16 15:25:50.337537;1
2023-07-16 15:26:21.799161;1
2023-07-17 12:31:42.573954;1
2023-07-17 12:33:04.413924;1
2023-07-17 12:33:32.140709;1
2023-07-17 12:44:49.256912;1
2023-07-17 14:13:00.994194;1
2023-07-17 14:19:59.726526;1
2023-07-17 14:20:46.640585;1
2023-07-17 14:20:59.393364;1
2023-07-17 14:21:32.569092;1
2023-07-17 14:22:00.989176;1
2023-07-17 14:22:28.457017;1
2023-07-17 14:24:11.850498;1
2023-07-17 14:24:20.500948;1
2023-07-17 14:24:58.410423;1
2023-07-17 14:25:29.065076;1
2023-07-17 14:25:56.32763;2
2023-07-17 14:26:20.105951;2
2023-07-17 14:52:18.665632;1
2023-07-17 14:52:49.199897;1
2023-07-17 14:53:17.986129;1
2023-07-17 14:53:43.448645;2
2023-07-17 15:09:31.495586;1
2023-07-17 15:10:36.309729;2
2023-07-17 16:01:27.018441;1
2023-07-17 16:01:34.091395;1
2023-07-17 16:01:41.893556;1
2023-07-17 16:12:47.370363;2
2023-07-18 13:56:48.483472;1
2023-07-18 14:08:31.724566;1
2023-07-18 15:02:16.731186;1
2023-07-18 15:14:39.822963;1
2023-07-18 15:18:28.375777;1
2023-07-18 15:28:27.108228;1
2023-07-18 15:28:49.801833;1
2023-07-18 15:28:57.457587;1
2023-07-18 15:30:34.421886;1
2023-07-18 15:31:10.18403;1
2023-07-18 15:34:22.956909;1
2023-07-18 15:55:15.56332;1
2023-07-18 16:11:57.422452;2
2023-07-18 16:17:08.514613;1
2023-07-18 16:17:31.103453;1
2023-07-18 16:18:19.295412;1
2023-07-20 19:14:10.837481;1
2023-07-20 19:14:49.195905;1
2023-07-20 19:16:37.32119;1
2023-07-20 19:24:46.159575;1
2023-07-20 19:26:28.587733;1
2023-07-23 12:05:26.99432;1
2023-07-23 12:56:34.284022;1
2023-07-23 14:44:36.976571;1
2023-07-23 14:44:48.284991;1
2023-07-23 15:46:17.276377;1
2023-07-23 15:46:55.290292;1
2023-07-23 15:47:01.423325;1
2023-07-23 15:47:16.738881;1
2023-07-26 13:44:17.855266;1
2023-07-26 13:44:59.43614;1
2023-07-26 13:45:35.110261;1
2023-07-31 12:26:07.932638;1
2023-07-31 12:27:15.968532;1
2023-07-31 12:27:31.573312;1
2023-07-31 12:37:20.338696;1
2023-07-31 16:55:22.73185;1
2023-07-31 16:59:11.252157;1
2023-07-31 18:55:46.996467;1
2023-07-31 18:56:18.037557;2
2023-08-01 11:34:44.827746;2
2023-08-01 12:01:55.649352;1
2023-08-01 12:02:01.567836;1
2023-08-01 12:02:35.193621;1
2023-08-01 12:03:40.113718;2
2023-08-01 12:03:51.674416;2
2023-08-01 12:04:53.422767;1
2023-08-01 12:04:58.14017;1
2023-08-01 12:05:07.296534;1
2023-08-01 12:52:47.02676;1
2023-08-01 12:52:56.734577;1
2023-08-02 10:53:41.186921;1
2023-08-02 10:54:06.249495;1
2023-08-02 16:31:55.09947;1
2023-08-02 16:33:30.584225;1
2023-08-02 16:33:56.704409;1
2023-08-03 17:36:01.866869;1
2023-08-03 17:45:21.342132;1
2023-08-03 17:45:26.716024;1
2023-08-03 17:45:32.001856;1
2023-08-03 17:45:39.04576;1
2023-08-03 17:45:45.937316;1
2023-08-03 17:45:52.042234;1
2023-08-03 17:45:57.606358;1
2023-08-03 17:46:03.430143;1
2023-08-03 17:46:09.987995;1
2023-08-03 17:46:31.237727;1
2023-08-03 17:46:55.788851;1
2023-08-03 17:47:05.005819;1
2023-08-03 17:48:08.239183;1
2023-08-05 15:04:21.144326;1
2023-08-05 15:04:27.521041;1
2023-08-05 15:04:47.834535;1
2023-08-05 15:04:53.621059;1
2023-08-05 15:05:00.403395;1
2023-08-05 15:05:06.523671;1
2023-08-05 15:05:12.510196;1
2023-08-05 15:05:24.44782;1
2023-08-05 15:39:36.659816;1
2023-08-05 15:41:14.499053;1
2023-08-05 15:41:20.240901;1
2023-08-05 15:41:26.497488;1
2023-08-05 15:41:38.183673;1
2023-08-05 15:44:24.482243;1
2023-08-05 15:44:30.630759;1
2023-08-05 15:44:36.162381;1
2023-08-05 15:44:42.321495;1
2023-08-05 15:44:59.074604;1
2023-08-05 15:45:06.312347;1
2023-08-05 15:45:13.992473;1
2023-08-05 15:45:24.715344;1
2023-08-05 15:46:33.323683;1
2023-08-05 15:50:07.809809;1
2023-08-05 15:51:51.364398;1
2023-08-05 15:51:57.347007;1
2023-08-05 15:52:22.69754;1
2023-08-05 15:52:28.311244;1
2023-08-05 15:52:33.530945;1
2023-08-05 15:52:39.039554;1
2023-08-05 15:52:43.894165;1
2023-08-05 15:52:49.030288;1
2023-08-05 15:54:09.312869;1
2023-08-05 15:54:16.264909;1
2023-08-05 15:54:54.39496;1
2023-08-05 15:55:06.295905;1
2023-08-05 16:32:33.712996;1
2023-08-05 16:33:30.037123;1
2023-08-05 16:33:35.408747;1
2023-08-05 16:33:40.744231;1
2023-08-05 16:33:50.985014;1
2023-08-05 16:35:11.879463;1
2023-08-05 16:36:47.042187;1
2023-08-05 16:38:01.236324;1
2023-08-05 16:39:55.73051;1
2023-08-05 16:40:05.355965;1
2023-08-05 16:40:10.537184;1
2023-08-05 16:40:16.32774;1
2023-08-05 16:40:21.792937;1
2023-08-05 16:40:27.688446;1
2023-08-05 16:44:41.059809;1
2023-08-05 16:45:12.765951;1
2023-08-05 16:45:49.07017;1
2023-08-05 16:46:20.878674;1
2023-08-05 16:46:50.631613;1
2023-08-05 16:47:25.802015;1
2023-08-05 16:48:31.807832;1
2023-08-05 16:49:03.590922;1
2023-08-05 16:49:57.357982;1
2023-08-05 16:50:06.570187;1
2023-08-05 16:50:43.458488;1
2023-08-05 16:51:50.251242;1
2023-08-05 16:53:12.054626;1
2023-08-07 14:35:21.546588;1
2023-08-07 14:35:50.520782;1
2023-08-07 14:38:20.364556;1
2023-08-07 14:38:25.747192;1
2023-08-07 14:38:42.409663;1
2023-08-07 14:39:06.284029;1
2023-08-10 10:02:20.683533;1
2023-08-10 10:02:58.71982;1
2023-08-10 10:04:09.901291;1
2023-08-10 10:04:32.769603;1
2023-08-10 10:04:39.329544;1
2023-08-10 10:04:45.172723;1
2023-08-10 10:04:54.89414;1
2023-08-10 12:01:31.279835;2
2023-08-10 12:02:25.916657;2
2023-08-10 12:07:37.433182;1
2023-08-10 12:07:42.909019;1
2023-08-10 12:07:52.73254;1
2023-08-10 12:08:59.54339;1
2023-08-10 12:09:12.738094;1
2023-08-10 12:09:23.740552;1
2023-08-13 12:42:13.963977;1
2023-08-14 12:08:30.118818;1
2023-08-14 12:39:53.650857;1
2023-08-14 12:40:26.129988;1
2023-08-14 12:41:36.668759;1
2023-08-14 12:41:41.974493;1
2023-08-14 12:41:47.241978;1
2023-08-14 12:41:52.345637;1
2023-08-14 12:42:00.762162;1
2023-08-14 12:48:37.715051;1
2023-08-15 11:15:17.278338;1
2023-08-15 11:21:33.370877;1
2023-08-15 11:32:58.274493;2
2023-08-15 14:36:00.653133;2
2023-08-16 10:32:17.914155;1
2023-08-16 12:00:32.724054;1
2023-08-16 12:01:07.746068;2
2023-08-17 10:23:07.116257;1
2023-08-17 14:50:13.120831;1
2023-08-17 14:50:47.953929;1
2023-08-18 09:34:44.990441;1
2023-08-18 09:35:55.000786;1
2023-08-18 09:36:06.998145;1
2023-08-18 09:36:16.249831;1
2023-08-18 09:37:59.658031;1
2023-08-18 12:37:44.253596;1
2023-08-18 13:01:55.117735;1
2023-08-19 15:55:20.606333;1
2023-08-19 16:22:42.43371;1
2023-08-21 10:40:29.371224;1
2023-08-21 10:44:33.217898;1
2023-08-21 10:45:55.437436;1
2023-08-21 10:47:20.957785;1
2023-08-21 16:26:12.399636;1
2023-08-23 14:54:35.955222;2
2023-08-23 14:54:57.255112;2
2023-08-23 14:56:46.356709;1
2023-08-23 14:57:26.319897;1
2023-08-23 14:58:21.868047;2
2023-08-23 15:05:29.430155;2
2023-08-23 15:05:36.074382;2
2023-08-23 15:05:42.374245;2
2023-08-23 15:05:48.902473;2
2023-08-23 15:05:55.05628;2
2023-08-23 15:06:30.195429;2
2023-08-23 15:06:53.775647;2
2023-08-23 15:07:21.135938;2
2023-08-23 15:07:27.096299;2
2023-08-23 15:07:52.415378;1
2023-08-23 15:08:01.571742;1
2023-08-23 15:08:08.222686;2
2023-08-23 15:08:15.696537;2
2023-08-23 15:08:21.849683;2
2023-08-23 15:09:03.695021;1
2023-08-23 15:09:20.54771;2
2023-08-23 15:09:48.219;1
2023-08-23 15:09:54.689527;3
2023-08-23 15:10:05.765548;1
2023-08-23 15:21:03.34236;1
2023-08-23 15:21:09.14703;1
2023-08-23 15:21:18.186864;1
2023-08-23 15:22:14.771592;1
2023-08-24 11:08:18.627156;1
2023-08-24 11:10:03.269814;1
2023-08-24 11:10:21.184198;1
2023-08-24 11:11:14.646849;1
2023-08-24 11:11:20.578847;1
2023-08-24 11:12:36.208611;1
2023-08-24 11:12:42.164251;1
2023-08-24 11:12:48.157052;1
2023-08-24 11:12:56.664041;1
2023-08-24 11:14:49.947719;1
2023-08-24 11:29:31.930224;2
2023-08-24 12:01:16.837125;1
2023-08-24 18:10:40.426378;1
2023-08-25 12:10:01.054764;1
2023-08-25 12:25:00.604898;1
2023-08-25 12:27:55.281055;2
2023-08-25 12:28:23.353626;1
2023-08-25 15:38:54.994785;2
2023-08-25 15:40:01.778569;2
2023-08-28 11:34:32.234893;1
2023-08-28 11:35:01.724395;1
2023-09-03 17:42:07.41271;2
2023-09-03 17:51:32.956107;1
2023-09-03 17:51:38.378518;1
2023-09-03 17:51:47.559867;1
2023-09-03 17:52:26.221827;2
2023-09-04 13:53:13.966836;1
2023-09-04 13:53:58.684855;1
2023-09-04 13:54:32.609214;1
2023-09-04 13:55:01.894131;1
2023-09-04 13:55:41.681596;1
2023-09-04 15:00:46.648691;1
2023-09-04 15:01:17.101051;1
2023-09-06 16:10:39.938843;1
2023-09-06 16:12:49.304395;1
2023-09-06 16:14:02.263564;1
2023-09-06 16:15:00.289782;1
2023-09-07 14:16:19.232134;1
2023-09-08 15:36:00.117332;1
2023-09-10 12:01:52.189502;2
2023-09-12 14:16:10.365261;1
2023-09-12 14:18:26.822556;1
2023-09-12 15:02:10.539193;1
2023-09-12 16:49:30.036007;1
2023-09-14 12:15:17.379958;1
2023-09-14 12:16:37.175752;1
2023-09-14 12:16:43.366543;1
2023-09-14 12:17:19.74547;1
2023-09-14 12:18:01.665377;1
2023-09-14 12:18:06.733428;1
2023-09-14 12:19:24.521742;1
2023-09-14 12:19:30.166159;1
2023-09-14 12:19:36.091586;1
2023-09-14 12:19:42.589721;1
2023-09-14 12:19:48.955723;1
2023-09-14 12:19:54.489427;1
2023-09-14 12:20:02.129376;1
2023-09-14 12:20:08.433696;1
2023-09-14 12:20:12.977825;1
2023-09-14 12:20:18.331254;1
2023-09-14 12:21:34.659294;1
2023-09-14 12:22:00.918107;1
2023-09-14 12:22:12.488564;1
2023-09-14 12:22:17.391544;1
2023-09-14 12:22:29.320164;1
2023-09-14 12:22:34.600453;1
2023-09-14 12:22:39.971822;1
2023-09-14 12:22:44.850877;1
2023-09-14 12:22:50.067136;1
2023-09-14 12:22:55.503218;1
2023-09-14 12:23:01.408411;1
2023-09-14 12:23:53.372328;1
2023-09-14 12:24:41.419456;1
2023-09-14 12:24:47.015828;1
2023-09-14 12:24:54.152627;1
2023-09-14 12:25:11.907882;1
2023-09-14 12:25:17.599865;1
2023-09-14 12:25:27.835052;1
2023-09-14 12:25:33.456909;1
2023-09-14 12:28:28.55132;1
2023-09-14 12:28:51.200038;1
2023-09-14 12:44:00.18903;2
2023-09-14 16:16:31.626772;1
2023-09-14 16:16:56.227719;1
2023-09-14 16:31:05.387711;2
2023-09-14 16:33:32.019334;2
2023-09-15 12:21:01.446348;1
2023-09-15 12:21:06.985024;1
2023-09-15 12:25:51.84612;1
2023-09-15 12:26:26.429633;2
2023-09-15 12:40:51.361953;1
2023-09-15 12:43:13.464131;2
2023-09-15 12:57:09.67887;1
2023-09-18 08:52:31.932582;1
2023-09-18 17:38:07.527171;1
2023-09-18 17:41:34.37662;2
2023-09-18 17:43:13.67624;1
2023-09-18 17:44:33.721248;1
2023-09-18 17:47:15.499224;1
2023-09-18 17:53:10.118608;1
2023-09-18 17:55:08.076575;2
2023-09-18 17:56:22.01714;2
2023-09-18 17:57:54.444345;2
2023-09-19 09:58:59.99017;1
2023-09-19 10:08:03.514395;1
2023-09-19 10:10:11.540785;1
2023-09-19 10:21:23.376237;1
2023-09-19 13:26:39.833173;1
2023-09-19 13:28:17.260379;2
2023-09-19 13:30:33.97281;1
2023-09-19 13:42:30.560283;1
2023-09-19 13:44:41.121285;1
2023-09-19 13:45:01.299307;2
2023-09-19 13:45:44.013158;1
2023-09-19 13:46:39.567688;2
2023-09-20 12:00:26.844814;1
2023-09-20 14:39:18.996531;1
2023-09-20 14:39:34.349327;1
2023-09-20 14:41:27.895797;2
2023-09-20 15:00:21.779149;1
2023-09-20 15:00:57.19161;1
2023-09-20 15:01:07.531039;3
2023-09-20 15:01:17.708686;3
2023-09-20 15:19:40.20794;1
2023-09-21 13:37:44.813929;1
2023-09-21 13:41:15.95266;1
2023-09-21 13:41:32.179439;1
2023-09-21 13:41:52.706483;1
2023-09-21 13:45:48.768516;1
2023-09-21 16:37:26.428875;1
2023-09-22 14:33:40.789164;1
2023-09-22 14:33:56.545448;1
2023-09-22 14:34:04.440588;1
2023-09-22 14:34:22.321195;1
2023-09-22 14:46:45.060808;1
2023-09-23 16:39:11.789557;1
2023-09-23 16:39:29.848335;1
2023-09-25 10:45:20.359517;1
2023-09-26 16:16:18.825917;1
2023-09-26 17:02:03.31541;1
2023-09-26 17:02:35.036827;1
2023-09-27 10:52:10.559196;2
2023-09-27 14:19:28.869985;1
2023-09-27 16:20:42.08471;1
2023-09-27 16:21:19.815205;1
2023-10-03 07:50:25.464346;1
2023-10-03 15:26:12.274277;1
2023-10-06 17:33:14.739149;1
2023-10-07 13:54:31.171052;1
2023-10-07 13:55:13.92733;1
2023-10-07 13:55:29.422882;1
2023-10-07 13:57:26.020355;1
2023-10-07 13:58:56.108658;1
2023-10-09 11:36:58.301591;2
2023-10-09 12:08:52.608852;2
2023-10-09 12:09:21.904621;2
2023-10-09 12:18:06.916064;1
2023-10-09 12:24:55.51049;1
2023-10-09 12:38:42.402917;1
2023-10-09 13:19:28.587465;1
2023-10-09 16:26:06.15672;1
2023-10-10 12:25:49.357815;1
2023-10-10 12:26:17.442401;1
2023-10-10 12:26:37.928073;1
2023-10-10 14:18:11.676158;1
2023-10-10 14:23:48.084599;1
2023-10-10 14:23:54.763485;1
2023-10-10 14:24:46.410368;1
2023-10-10 14:25:07.389035;1
2023-10-10 14:25:12.815185;1
2023-10-10 14:26:10.475016;1
2023-10-10 14:28:28.241658;1
2023-10-10 14:30:05.505207;1
2023-10-10 14:30:11.523985;1
2023-10-10 14:30:37.950584;1
2023-10-10 14:31:45.816594;1
2023-10-10 14:31:50.947674;1
2023-10-10 14:31:55.899523;1
2023-10-10 14:32:03.085008;1
2023-10-10 15:00:57.858291;1
2023-10-10 15:11:43.98461;1
2023-10-10 15:11:51.241828;1
2023-10-10 15:11:59.463548;1
2023-10-10 15:13:00.190488;1
2023-10-10 15:14:14.294485;1
2023-10-10 16:02:31.217886;1
2023-10-10 16:02:47.702903;1
2023-10-10 16:03:24.665565;1
2023-10-10 16:04:06.52912;1
2023-10-10 16:04:19.027236;1
2023-10-10 16:10:57.005629;1
2023-10-10 16:11:07.545232;1
2023-10-10 16:11:13.027073;1
2023-10-10 16:11:18.567698;1
2023-10-10 16:11:24.136786;1
2023-10-10 16:55:08.350381;1
2023-10-11 10:21:17.538172;1
2023-10-11 10:21:54.455814;2
2023-10-11 10:48:46.310739;1
2023-10-11 12:32:45.823671;1
2023-10-11 13:13:31.540859;1
2023-10-11 13:16:49.148878;1
2023-10-11 13:17:05.856025;1
2023-10-11 14:13:19.575712;1
2023-10-11 14:16:17.025214;1
2023-10-11 16:01:45.735584;1
2023-10-12 11:20:34.725722;1
2023-10-20 15:16:36.840473;1
2023-10-20 15:19:48.321299;1
2023-10-20 15:20:51.845542;1
2023-10-20 15:21:26.705368;1
2023-10-20 15:21:43.709826;1
2023-10-20 15:22:20.760466;1
2023-10-20 15:22:57.188183;1
2023-10-20 15:23:33.709902;1
2023-10-22 11:29:38.269214;1
2023-10-23 12:32:08.59576;1
2023-10-23 12:32:40.132585;1
2023-10-23 12:33:18.214221;1
2023-10-23 12:35:19.215345;1
2023-10-23 12:35:58.191249;1
2023-10-23 16:06:40.321266;1
2023-10-24 12:00:44.305363;2
2023-10-24 12:01:03.815658;2
2023-10-24 12:01:57.048287;1
2023-10-24 12:03:27.630875;1
2023-10-24 15:40:45.988244;1
2023-10-24 18:25:22.33217;1
2023-10-26 12:10:56.284404;1
2023-10-26 12:22:04.334119;1
2023-10-26 12:27:14.424548;1
2023-10-26 12:27:31.866175;1
2023-10-27 11:47:24.705584;1
2023-10-27 11:48:08.587751;1
2023-10-27 11:48:13.002316;1
2023-10-27 14:20:57.730553;1
2023-10-27 14:21:36.644599;1
2023-10-27 14:47:11.177146;1
2023-10-27 14:47:21.107416;1
2023-10-27 14:47:58.865888;1
2023-10-27 14:48:29.786689;1
2023-10-27 14:49:01.110525;1
2023-10-28 16:10:33.450819;1
2023-10-28 16:11:02.374722;1
2023-10-31 12:57:49.832171;1
2023-11-02 15:24:15.770314;1
2023-11-02 16:33:39.900211;1
2023-11-02 16:37:34.300612;1
2023-11-02 16:54:46.194794;1
2023-11-03 15:57:56.688725;1
2023-11-03 15:58:19.580949;1
2023-11-06 12:01:30.825662;1
2023-11-06 13:45:42.246502;1
2023-11-06 13:46:48.433656;1
2023-11-06 13:46:54.681385;1
2023-11-06 13:47:01.662817;1
2023-11-06 13:47:07.223697;1
2023-11-06 13:47:13.513574;1
2023-11-06 13:47:28.486543;1
2023-11-06 13:49:20.73302;1
2023-11-06 13:49:25.985359;1
2023-11-06 13:49:31.231993;1
2023-11-06 13:49:38.089571;1
2023-11-06 13:49:44.546237;1
2023-11-06 13:49:50.953033;1
2023-11-06 13:49:57.786518;1
2023-11-06 13:50:02.943351;1
2023-11-06 13:50:09.07418;1
2023-11-06 13:50:14.974943;1
2023-11-06 13:50:20.823366;1
2023-11-06 13:50:25.722091;1
2023-11-06 13:50:30.573214;1
2023-11-06 13:50:36.943024;1
2023-11-06 13:50:42.127378;1
2023-11-06 13:53:21.093047;1
2023-11-06 13:53:26.471708;1
2023-11-06 13:53:32.095208;1
2023-11-06 13:53:37.91062;1
2023-11-06 13:53:43.531897;1
2023-11-06 13:53:48.693918;1
2023-11-06 13:53:52.960932;1
2023-11-06 13:54:00.168169;1
2023-11-06 13:54:05.23028;1
2023-11-06 13:54:10.201429;1
2023-11-06 13:54:14.916892;1
2023-11-06 13:54:20.264142;1
2023-11-06 13:54:26.951405;1
2023-11-06 13:54:32.384881;1
2023-11-06 13:54:37.837764;1
2023-11-06 13:54:47.291384;1
2023-11-06 13:54:52.994203;1
2023-11-06 13:54:58.081875;1
2023-11-06 13:55:04.546839;1
2023-11-06 13:55:10.121675;1
2023-11-06 13:55:22.817707;1
2023-11-06 13:55:28.241924;1
2023-11-06 13:55:39.739962;1
2023-11-06 13:55:45.049676;1
2023-11-06 13:55:49.74171;1
2023-11-06 13:55:54.90996;1
2023-11-06 13:56:00.300939;1
2023-11-06 13:56:08.742669;1
2023-11-06 13:57:18.4775;1
2023-11-06 13:57:35.32646;1
2023-11-06 13:58:12.839073;1
2023-11-06 13:58:41.950345;1
2023-11-06 13:59:14.458638;1
2023-11-06 14:21:07.113445;1
2023-11-06 14:21:26.480049;1
2023-11-06 14:22:09.924254;1
2023-11-06 14:22:14.547056;1
2023-11-06 14:22:27.649293;1
2023-11-06 14:23:59.64167;1
2023-11-06 14:24:04.649827;1
2023-11-06 14:24:09.542022;1
2023-11-06 14:24:17.023445;1
2023-11-06 14:24:52.806557;2
2023-11-06 14:27:42.244808;1
2023-11-06 14:27:47.113826;1
2023-11-06 14:27:52.058155;1
2023-11-06 14:27:57.452766;1
2023-11-06 14:28:09.220155;1
2023-11-06 14:28:14.984215;1
2023-11-06 14:28:19.567572;1
2023-11-06 14:28:38.439286;1
2023-11-06 14:29:31.543178;1
2023-11-06 14:29:36.664147;1
2023-11-06 14:29:41.219981;1
2023-11-06 14:29:46.453907;1
2023-11-06 14:29:55.067146;1
2023-11-06 14:31:42.340368;1
2023-11-06 14:31:48.892637;1
2023-11-06 14:31:54.40821;1
2023-11-06 14:32:00.105892;1
2023-11-06 14:32:04.700546;1
2023-11-06 14:32:09.166733;1
2023-11-06 14:32:14.292987;1
2023-11-06 14:32:19.179905;1
2023-11-06 14:32:24.502155;1
2023-11-06 14:32:29.86281;1
2023-11-06 14:32:35.705898;1
2023-11-06 14:32:41.912706;1
2023-11-06 14:32:48.504775;1
2023-11-06 14:33:09.362409;1
2023-11-06 14:34:03.652957;1
2023-11-06 14:34:11.22336;1
2023-11-06 15:11:45.44276;1
2023-11-07 14:38:55.569264;1
2023-11-07 15:16:16.278876;1
2023-11-07 15:17:32.124439;1
2023-11-07 15:19:29.277468;1
2023-11-07 15:19:38.459355;1
2023-11-07 15:21:14.39604;1
2023-11-07 15:21:45.589349;1
2023-11-08 10:52:22.131758;1
2023-11-08 10:52:51.530246;1
2023-11-09 14:04:57.569154;1
2023-11-09 15:25:26.271409;1
2023-11-09 16:13:50.250734;1
2023-11-10 14:32:05.057675;1
2023-11-10 14:32:24.024777;1
2023-11-11 16:48:37.491672;2
2023-11-11 16:48:54.568507;2
2023-11-11 16:49:37.138663;1
2023-11-11 16:49:44.590488;1
2023-11-11 16:50:40.626876;1
2023-11-11 16:51:36.777667;2
2023-11-11 16:59:52.108076;1
2023-11-11 17:00:19.379758;1
2023-11-11 17:24:10.336182;1
2023-11-12 09:55:33.812931;1
2023-11-12 09:57:11.664345;1
2023-11-12 09:57:34.045185;1
2023-11-12 11:11:17.036168;1
2023-11-12 11:12:08.277123;1
2023-11-12 11:12:14.594174;1
2023-11-12 11:12:21.477931;1
2023-11-12 11:13:51.165707;1
2023-11-12 11:27:56.352645;1
2023-11-12 11:28:14.079572;1
2023-11-12 11:28:55.852584;1
2023-11-12 11:29:48.533154;1
2023-11-12 11:29:52.877518;1
2023-11-12 11:29:57.458479;1
2023-11-12 11:30:01.544439;1
2023-11-12 11:30:06.046299;1
2023-11-12 11:30:10.716765;1
2023-11-12 11:30:15.574046;1
2023-11-12 11:30:21.318331;1
2023-11-12 11:30:53.782938;1
2023-11-12 11:31:16.483675;1
2023-11-12 11:31:21.321132;1
2023-11-12 11:31:25.268785;1
2023-11-12 11:32:04.640874;1
2023-11-12 11:32:27.402437;1
2023-11-12 11:32:31.485857;1
2023-11-12 11:32:36.063008;1
2023-11-12 11:32:40.536374;1
2023-11-12 11:32:45.124992;1
2023-11-12 11:32:49.584343;1
2023-11-12 11:32:54.395052;1
2023-11-12 11:33:56.815372;1
2023-11-12 11:34:27.559333;1
2023-11-12 11:34:50.712695;1
2023-11-12 11:35:13.213442;1
2023-11-12 11:35:49.892499;1
2023-11-12 11:36:26.380835;1
2023-11-12 11:36:55.740198;1
2023-11-12 11:37:29.855556;1
2023-11-12 11:37:45.682908;1
2023-11-12 11:38:15.075721;1
2023-11-12 11:38:22.682887;1
2023-11-12 11:54:55.433993;1
2023-11-12 16:09:07.055424;1
2023-11-13 11:29:57.673231;1
2023-11-14 14:37:05.960124;1
2023-11-14 14:37:23.168149;1
2023-11-14 14:38:14.519419;1
2023-11-17 15:03:50.462381;1
2023-11-17 15:04:33.681915;1
2023-11-17 15:26:55.928275;1
2023-11-17 15:27:01.458514;1
2023-11-17 15:27:05.718691;1
2023-11-17 15:27:10.486834;1
2023-11-17 15:27:15.004431;1
2023-11-17 15:27:20.540819;1
2023-11-17 15:27:25.432526;1
2023-11-17 15:27:34.962547;1
2023-11-17 15:39:04.209848;1
2023-11-17 15:39:49.961214;1
2023-11-17 15:40:50.24662;1
2023-11-21 09:50:36.453857;1
2023-11-21 11:26:03.92254;1
2023-11-21 11:26:26.594909;1
2023-11-21 11:26:53.272321;1
2023-11-22 11:30:08.0529;1
2023-11-27 12:04:42.210177;1
2023-11-27 12:10:02.378553;1
2023-11-27 12:10:36.494072;1
2023-11-27 12:10:57.12648;1
2023-11-27 12:12:02.594954;1
2023-11-28 11:34:53.414562;1
2023-11-28 11:43:39.074451;1
2023-11-28 11:44:06.159122;1
2023-11-28 12:37:16.078787;1
2023-11-28 14:12:06.075666;1
2023-11-28 15:27:55.217906;1
2023-12-01 12:37:07.104485;1
2023-12-01 15:14:43.959133;1
2023-12-01 15:16:04.384794;1
2023-12-01 15:16:34.970275;1
2023-12-01 15:20:32.142394;1
2023-12-10 15:51:33.57967;1
2023-12-10 16:16:00.589871;1
2023-12-10 16:24:36.162863;1
2023-12-10 16:24:43.32677;1
2023-12-10 16:24:48.438817;1
2023-12-10 16:24:52.831004;1
2023-12-10 16:24:57.949159;1
2023-12-10 16:25:05.994444;1
2023-12-10 16:25:51.150903;1
2023-12-10 16:25:59.312313;1
2023-12-11 10:55:41.925499;1
2023-12-11 10:56:09.788889;2
2023-12-11 11:16:09.942594;1
2023-12-11 11:30:02.158738;1
2023-12-11 11:30:25.063033;1
2023-12-11 11:37:03.659477;1
2023-12-11 11:42:26.936587;1
2023-12-11 11:43:19.532569;1
2023-12-11 11:43:48.454317;1
2023-12-11 12:08:47.398756;1
2023-12-11 14:20:13.89155;1
2023-12-11 14:20:18.644209;1
2023-12-11 14:20:30.469864;1
2023-12-11 14:21:14.182973;1
2023-12-11 14:58:07.973851;1
2023-12-11 14:58:35.624319;1
2023-12-11 14:59:09.201741;1
2023-12-11 14:59:53.292509;1
2023-12-11 14:59:58.726887;1
2023-12-11 15:00:03.991102;1
2023-12-11 15:00:08.235756;1
2023-12-11 15:00:12.649589;1
2023-12-11 15:00:17.385577;1
2023-12-11 15:00:49.510131;1
2023-12-11 15:01:26.290331;1
2023-12-11 15:01:42.575993;1
2023-12-11 15:02:18.953577;1
2023-12-11 16:22:17.364607;1
2023-12-19 12:04:53.763208;1
2023-12-20 14:34:08.439232;1
2023-12-20 14:34:38.605666;1
2023-12-20 14:34:52.560606;1
2023-12-20 14:37:34.484395;1
2023-12-20 14:38:11.768238;1
2023-12-20 14:38:28.654548;1
2023-12-20 14:39:55.235781;1
2023-12-20 14:40:00.586727;1
2023-12-20 14:40:05.201637;1
2023-12-20 14:40:14.058918;1
2023-12-20 14:40:51.942379;1
2023-12-27 12:36:03.774557;1
2023-12-27 12:36:32.992879;1
2023-12-27 12:58:47.028339;1
2023-12-27 12:59:18.355428;1
2023-12-27 12:59:34.344008;1
2024-01-06 16:36:39.458942;1
2024-01-06 16:46:30.039354;1
2024-01-08 11:27:25.885847;1
2024-01-12 10:54:32.136959;1
2024-01-15 15:04:10.024412;1
2024-01-15 16:04:57.758248;1
2024-01-19 14:47:03.990937;1
2024-01-22 10:53:12.94323;1
2024-01-23 12:38:16.070992;1
2024-01-23 12:38:25.115761;1
2024-01-23 18:48:53.252627;1
2024-01-23 18:57:18.587299;1
2024-01-23 18:59:12.853539;1
2024-01-23 18:59:57.317486;1
2024-01-24 08:10:47.003477;1
2024-01-29 11:09:32.008199;1
2024-01-29 11:58:12.486381;1
2024-01-29 11:58:23.543825;1
2024-01-29 11:58:29.75008;1
2024-01-29 11:58:36.319127;1
2024-01-29 11:58:42.364206;1
2024-01-29 11:58:51.276199;1
2024-01-29 11:58:58.408086;1
2024-01-29 11:59:24.442839;1
2024-01-29 12:00:12.466098;1
2024-01-29 12:00:58.698178;1
2024-02-01 12:10:15.763706;1
2024-02-01 12:10:37.634169;1
2024-02-01 13:13:58.25077;1
2024-02-01 13:14:06.574491;1
2024-02-01 13:14:12.969502;1
2024-02-01 13:14:21.115571;1
2024-02-01 13:19:58.367047;1
2024-02-01 13:22:21.798959;1
2024-02-04 11:32:44.095247;1
2024-02-15 15:05:20.645494;1
2024-02-15 15:25:09.373677;1
2024-02-16 15:53:08.014758;1
2024-02-19 16:09:50.399515;1
2024-02-19 16:10:21.23697;1
2024-02-19 16:12:31.438289;1
2024-02-20 10:21:42.933971;1
2024-02-20 14:31:01.29551;1
2024-02-21 09:19:03.298912;1
2024-02-22 13:25:53.334374;1
2024-02-22 14:15:19.740961;1
2024-02-22 16:24:03.844833;1
2024-02-23 14:02:08.76307;1
2024-02-23 14:03:23.04526;1
2024-02-23 14:43:44.12994;1
2024-02-24 18:05:17.485229;1
2024-02-25 17:08:56.413042;1
2024-02-25 17:09:28.540894;1
2024-02-25 17:09:36.53457;1
2024-02-25 17:09:41.711531;1
2024-02-25 17:09:52.556424;1
2024-02-25 17:16:05.270074;1
2024-02-25 17:16:39.950901;1
2024-02-25 17:17:28.499513;1
2024-02-25 17:17:54.621927;1
2024-02-25 17:22:06.165858;1
2024-02-25 17:26:29.900956;1
2024-02-25 17:26:39.616296;1
2024-02-27 13:40:23.429727;1
2024-02-27 13:54:17.642854;1
2024-02-28 12:08:55.960909;1
2024-02-28 12:09:11.696312;1
2024-02-28 12:09:39.318428;1
2024-02-29 12:58:59.079002;1
2024-02-29 13:01:06.559808;1
2024-02-29 13:08:51.308016;1
2024-02-29 16:17:47.897993;1
2024-02-29 16:18:39.895494;1
2024-02-29 16:59:18.345791;2
2024-03-01 14:28:20.288784;1
2024-03-02 18:13:32.417671;1
2024-03-02 18:13:50.550359;1
2024-03-02 18:15:00.952385;1
2024-03-02 18:15:25.047212;1
2024-03-02 18:15:41.097556;1
2024-03-02 18:16:06.910394;1
2024-03-02 18:16:22.210159;1
2024-03-02 18:16:49.174478;1
2024-03-02 18:17:05.066814;1
2024-03-05 16:20:30.935043;1
2024-03-06 15:46:19.132044;1
2024-03-06 15:48:39.216316;1
2024-03-07 13:56:34.462139;1
2024-03-07 13:56:43.48773;1
2024-03-07 13:59:02.253818;1
2024-03-07 13:59:24.618316;1
2024-03-07 13:59:49.358341;1
2024-03-08 15:26:38.373461;1
2024-03-08 15:27:02.168805;1
2024-03-08 21:26:48.776516;1
2024-03-08 21:55:03.264261;1
2024-03-08 21:58:56.030958;1
2024-03-08 22:01:34.619539;1
2024-03-08 22:04:42.157005;1
2024-03-08 22:07:55.466787;1
2024-03-08 22:08:04.935831;1
2024-03-08 22:11:49.44874;1
2024-03-08 22:16:20.43458;1
2024-03-08 22:18:38.094869;1
2024-03-08 22:22:02.504191;1
2024-03-08 22:24:08.281261;1
2024-03-08 22:33:09.721602;1
2024-03-08 22:36:21.047711;1
2024-03-08 22:38:50.191088;1
2024-03-08 22:41:05.249542;1
2024-03-10 16:40:49.49374;1
2024-03-10 16:43:32.040096;1
2024-03-10 21:02:55.623125;1
2024-03-10 21:03:57.61862;1
2024-03-10 21:36:53.12193;1
2024-03-11 12:19:49.558412;1
2024-03-11 12:20:46.740913;1
2024-03-11 12:42:09.188428;2
2024-03-11 14:52:51.844816;1
2024-03-11 15:26:10.892185;1
2024-03-11 15:27:41.786743;1
2024-03-11 15:39:28.198797;1
2024-03-11 18:59:20.026189;1
2024-03-11 19:00:36.253754;1
2024-03-11 19:05:17.550502;1
2024-03-11 19:11:52.792995;1
2024-03-12 14:36:19.272274;1
2024-03-12 14:45:41.661539;1
2024-03-12 14:45:49.714166;1
2024-03-12 14:45:55.048478;1
2024-03-12 14:46:06.842537;1
2024-03-12 15:00:11.397371;1
2024-03-12 16:34:57.151187;1
2024-03-12 16:35:31.529393;2
2024-03-12 16:38:27.6399;2
2024-03-12 16:40:50.557837;1
2024-03-12 16:40:55.270638;1
2024-03-12 16:40:59.999299;1
2024-03-12 16:41:08.127197;1
2024-03-12 16:41:57.81961;2
2024-03-12 16:42:38.074208;2
2024-03-12 16:42:42.898221;2
2024-03-12 16:42:47.029985;2
2024-03-12 16:42:51.887053;2
2024-03-12 16:43:00.269346;2
2024-03-12 16:43:26.221499;1
2024-03-12 16:43:51.42937;2
2024-03-15 14:40:18.913324;1
2024-03-17 11:46:04.972864;1
2024-03-17 11:48:11.575498;1
2024-03-17 11:48:32.247399;1
2024-03-17 11:49:26.02582;1
2024-03-17 11:49:31.24546;1
2024-03-17 11:49:40.125222;1
2024-03-17 11:50:17.999421;1
2024-03-17 11:50:44.530699;1
2024-03-17 16:05:05.411105;2
2024-03-17 20:41:30.090667;1
2024-03-17 20:42:14.94381;1
2024-03-18 14:20:28.804901;1
2024-03-18 14:20:44.600563;1
2024-03-18 14:23:03.049346;1
2024-03-18 14:32:01.095166;1
2024-03-18 14:32:06.913819;1
2024-03-18 14:32:11.573004;1
2024-03-18 14:32:16.270253;1
2024-03-18 14:32:20.768376;1
2024-03-18 14:32:25.864689;1
2024-03-18 14:32:30.663903;1
2024-03-18 14:32:35.99432;1
2024-03-18 14:32:41.573222;1
2024-03-18 14:33:13.077957;1
2024-03-18 14:33:37.23112;1
2024-03-18 14:33:43.88901;1
2024-03-18 14:45:46.41569;1
2024-03-18 14:48:37.326944;1
2024-03-18 14:50:29.707799;1
2024-03-18 14:53:41.981309;1
2024-03-18 15:20:13.985645;1
2024-03-18 15:20:28.130442;1
2024-03-18 15:20:52.551662;1
2024-03-18 15:34:35.585619;1
2024-03-18 15:34:50.188422;1
2024-03-18 15:36:11.392959;1
2024-03-18 15:36:17.217333;1
2024-03-18 15:36:21.881174;1
2024-03-18 15:36:27.009569;1
2024-03-18 15:36:34.796032;1
2024-03-18 15:37:05.105572;1
2024-03-18 15:38:40.135757;1
2024-03-18 15:42:57.764408;1
2024-03-20 07:31:31.688459;1
2024-03-29 10:30:52.04311;1
2024-03-30 15:49:25.542224;1
2024-03-30 16:14:30.12931;2
2024-03-30 16:14:41.641298;2
2024-03-30 16:14:57.994634;2
2024-03-30 16:15:13.45227;2
2024-04-05 16:10:46.860614;1
2024-04-05 16:10:46.953534;1
2024-04-05 16:10:47.1248;1
2024-04-05 16:10:47.206131;1
2024-04-05 16:10:48.183488;1
2024-04-05 16:10:48.260199;1
2024-04-05 16:10:48.493649;1
2024-04-05 16:10:48.629747;1
2024-04-05 16:10:48.705874;1
2024-04-05 16:10:48.784383;1
2024-04-05 16:10:48.889318;1
2024-04-05 16:10:48.968352;1
2024-04-05 16:10:49.046369;1
2024-04-05 16:10:49.1224;1
2024-04-05 16:10:49.476189;1
2024-04-05 16:10:49.555462;1
2024-04-05 16:10:49.672156;1
2024-04-05 16:10:49.753511;1
2024-04-05 16:10:49.830105;1
2024-04-05 16:10:50.417168;1
2024-04-05 16:10:50.567296;1
2024-04-05 16:10:50.647444;1
2024-04-05 16:10:50.939875;1
2024-04-05 16:10:51.038733;1
2024-04-05 16:10:51.136454;1
2024-04-05 16:10:51.458562;1
2024-04-05 16:10:51.54758;1
2024-04-05 16:10:51.621309;1
2024-04-05 16:10:51.702078;1
2024-04-05 16:10:52.212979;1
2024-04-05 16:10:52.28683;1
2024-04-05 16:10:52.359898;1
2024-04-05 16:10:52.445059;1
2024-04-05 16:10:52.525194;1
2024-04-05 16:10:52.612839;1
2024-04-05 16:10:52.827445;1
2024-04-05 16:10:52.902149;1
2024-04-05 16:10:53.043724;1
2024-04-05 16:10:53.115858;1
2024-04-05 16:10:53.424977;1
2024-04-05 16:10:53.579807;1
2024-04-05 16:10:53.646574;1
2024-04-05 16:10:53.713108;1
2024-04-05 16:10:53.781515;1
2024-04-05 16:10:53.86064;1
2024-04-05 16:10:53.936794;1
2024-04-05 16:10:54.017252;1
2024-04-05 16:10:54.169831;1
2024-04-05 16:10:54.255197;1
2024-04-05 16:10:54.341096;1
2024-04-05 16:10:54.407506;1
2024-04-05 16:10:54.475377;1
2024-04-05 16:10:54.546368;1
2024-04-05 16:10:55.05465;1
2024-04-05 16:10:55.144325;1
2024-04-05 16:10:55.228009;1
2024-04-05 16:10:55.298904;1
2024-04-05 16:10:55.377698;1
2024-04-05 16:10:55.549379;1
2024-04-05 16:10:55.625353;1
2024-04-05 16:10:55.695118;1
2024-04-05 16:10:55.773822;1
2024-04-05 16:10:55.935783;1
2024-04-05 16:10:56.094374;1
2024-04-05 16:10:56.158291;1
2024-04-05 16:10:56.230453;1
2024-04-05 16:10:56.393272;1
2024-04-05 16:10:56.460815;1
2024-04-05 16:10:56.527497;1
2024-04-05 16:10:56.614831;1
2024-04-05 16:10:56.737717;1
2024-04-05 16:10:57.200405;1
2024-04-05 16:10:58.159696;1
2024-04-05 16:10:58.310502;1
2024-04-05 16:10:58.416987;1
2024-04-05 16:10:58.526578;1
2024-04-05 16:10:58.600217;1
2024-04-05 16:10:58.819466;1
2024-04-05 16:10:58.893088;1
2024-04-05 16:10:59.081983;1
2024-04-05 16:10:59.186989;1
2024-04-05 16:10:59.332495;1
2024-04-05 16:10:59.475362;1
2024-04-05 16:10:59.649206;1
2024-04-05 16:10:59.795567;1
2024-04-05 16:11:00.373126;1
2024-04-05 16:11:00.44722;1
2024-04-05 16:11:00.609321;1
2024-04-05 16:11:00.689308;1
2024-04-05 16:11:00.761214;1
2024-04-05 16:11:00.837813;1
2024-04-05 16:11:00.936392;1
2024-04-05 16:11:01.015594;1
2024-04-05 16:11:01.106284;1
2024-04-05 16:11:01.256068;1
2024-04-05 16:11:01.343795;1
2024-04-05 16:11:01.448541;1
2024-04-05 16:11:01.553816;1
2024-04-05 16:11:01.652191;1
2024-04-05 16:11:01.744764;1
2024-04-05 16:11:01.963632;1
2024-04-05 16:11:02.062943;1
2024-04-05 16:11:02.166836;1
2024-04-05 16:11:02.25978;1
2024-04-05 16:11:02.380094;1
2024-04-05 16:11:03.18923;1
2024-04-05 16:11:03.330222;1
2024-04-05 16:11:03.402552;1
2024-04-05 16:11:03.484047;1
2024-04-05 16:11:03.559192;1
2024-04-05 16:11:03.631386;1
2024-04-05 16:11:03.914719;1
2024-04-05 16:11:04.05905;1
2024-04-05 16:11:04.146573;1
2024-04-05 16:11:04.225339;1
2024-04-05 16:11:04.292474;1
2024-04-05 16:11:04.441095;1
2024-04-05 16:11:04.581806;1
2024-04-05 16:11:04.763513;1
2024-04-05 16:11:04.913719;1
2024-04-05 16:11:05.121932;1
2024-04-05 16:11:05.250132;1
2024-04-05 16:11:05.746615;1
2024-04-05 16:11:05.817067;1
2024-04-05 16:11:05.89116;1
2024-04-05 16:11:05.972626;1
2024-04-05 16:11:06.05119;1
2024-04-05 16:11:06.132467;1
2024-04-05 16:11:06.288927;1
2024-04-05 16:11:06.371808;1
2024-04-05 16:11:06.454214;1
2024-04-05 16:11:06.548608;1
2024-04-05 16:11:06.681034;1
2024-04-05 16:11:06.746745;1
2024-04-05 16:11:06.964027;1
2024-04-05 16:11:07.030132;1
2024-04-05 16:11:07.109333;1
2024-04-05 16:11:07.265943;1
2024-04-05 16:11:07.340572;1
2024-04-05 16:11:07.409743;1
2024-04-05 16:11:07.475539;1
2024-04-05 16:11:07.541876;1
2024-04-05 16:11:07.632344;1
2024-04-05 16:11:07.728961;1
2024-04-05 16:11:07.805727;1
2024-04-05 16:11:07.878569;1
2024-04-05 16:11:07.9498;1
2024-04-05 16:11:08.023585;1
2024-04-05 16:11:08.340954;1
2024-04-05 16:11:08.414274;1
2024-04-05 16:11:08.510419;1
2024-04-05 16:11:08.587072;1
2024-04-05 16:11:08.666758;1
2024-04-05 16:11:08.786881;1
2024-04-05 16:11:09.024236;1
2024-04-05 16:11:09.099179;1
2024-04-05 16:11:09.175723;1
2024-04-05 16:11:09.257105;1
2024-04-05 16:11:09.330293;1
2024-04-05 16:11:09.413276;1
2024-04-05 16:11:09.489095;1
2024-04-05 16:11:09.556686;1
2024-04-05 16:11:09.694561;1
2024-04-05 16:11:09.92628;1
2024-04-05 16:11:10.012787;1
2024-04-05 16:11:10.086277;1
2024-04-05 16:11:10.155989;1
2024-04-05 16:11:10.222288;1
2024-04-05 16:11:10.291723;1
2024-04-05 16:11:10.36506;1
2024-04-05 16:11:10.438453;1
2024-04-05 16:11:10.502011;1
2024-04-05 16:11:10.632411;1
2024-04-05 16:11:10.699929;1
2024-04-05 16:11:10.768927;1
2024-04-05 16:11:10.835396;1
2024-04-05 16:11:10.90319;1
2024-04-05 16:11:10.969153;1
2024-04-05 16:11:11.041744;1
2024-04-05 16:11:11.11461;1
2024-04-05 16:11:11.190476;1
2024-04-05 16:11:11.261716;1
2024-04-05 16:11:11.334651;1
2024-04-05 16:11:11.487989;1
2024-04-05 16:11:11.559939;1
2024-04-05 16:11:11.627696;1
2024-04-05 16:11:11.692041;1
2024-04-05 16:11:11.757428;1
2024-04-05 16:11:11.833381;1
2024-04-05 16:11:11.921119;1
2024-04-05 16:11:12.000788;1
2024-04-05 16:11:12.07211;1
2024-04-05 16:11:12.139567;1
2024-04-05 16:11:12.925382;1
2024-04-05 16:11:13.002047;1
2024-04-05 16:11:13.084482;1
2024-04-05 16:11:13.16389;1
2024-04-05 16:11:13.237391;1
2024-04-05 16:11:13.418597;1
2024-04-05 16:11:13.502512;1
2024-04-05 16:11:13.578044;1
2024-04-05 16:11:13.809049;1
2024-04-05 16:11:13.873345;1
2024-04-05 16:11:15.115338;1
2024-04-05 16:11:15.179157;1
2024-04-05 16:11:15.243744;1
2024-04-05 16:11:15.458112;1
2024-04-05 16:11:15.56135;1
2024-04-05 16:11:15.641503;1
2024-04-05 16:11:15.732894;1
2024-04-05 16:11:15.803875;1
2024-04-05 16:11:15.91969;1
2024-04-05 16:11:16.03816;1
2024-04-05 16:11:16.120461;1
2024-04-05 16:11:16.257246;1
2024-04-05 16:11:16.416851;1
2024-04-05 16:11:16.489387;1
2024-04-05 16:11:17.123632;1
2024-04-05 16:11:18.173415;1
2024-04-05 16:11:18.241586;1
2024-04-05 16:11:18.30779;1
2024-04-05 16:11:18.372334;1
2024-04-05 16:11:18.451617;1
2024-04-05 16:11:18.545649;1
2024-04-05 16:11:18.647175;1
2024-04-05 16:11:18.719424;1
2024-04-05 16:11:18.832107;1
2024-04-05 16:11:18.901157;1
2024-04-05 16:11:18.969232;1
2024-04-05 16:11:19.039281;1
2024-04-05 16:11:19.104671;1
2024-04-05 16:11:19.173744;1
2024-04-05 16:11:19.238944;1
2024-04-05 16:11:19.329726;1
2024-04-05 16:11:19.43175;1
2024-04-05 16:11:19.50145;1
2024-04-05 16:11:19.577014;1
2024-04-05 16:11:19.647993;1
2024-04-05 16:11:19.712628;1
2024-04-05 16:11:19.775094;1
2024-04-05 16:11:19.842886;1
2024-04-05 16:11:19.923874;1
2024-04-05 16:11:20.011268;1
2024-04-05 16:11:20.132406;1
2024-04-05 16:11:20.212032;1
2024-04-05 16:11:20.286278;1
2024-04-05 16:11:20.36644;1
2024-04-05 16:11:20.528841;1
2024-04-05 16:11:20.609823;1
2024-04-05 16:11:20.711673;1
2024-04-05 16:11:20.79022;1
2024-04-05 16:11:20.883048;1
2024-04-05 16:11:20.954693;1
2024-04-05 16:11:21.031405;1
2024-04-05 16:11:21.096822;1
2024-04-05 16:11:21.261084;1
2024-04-05 16:11:21.34328;1
2024-04-05 16:11:21.444174;1
2024-04-05 16:11:21.534739;1
2024-04-05 16:11:21.613416;1
2024-04-05 16:11:21.687622;1
2024-04-05 16:11:21.759253;1
2024-04-05 16:11:21.907587;1
2024-04-05 16:11:21.980707;1
2024-04-05 16:11:22.062582;1
2024-04-05 16:11:22.142703;1
2024-04-05 16:11:22.218316;1
2024-04-05 16:11:22.290935;1
2024-04-05 16:11:22.363743;1
2024-04-05 16:11:22.505315;1
2024-04-05 16:11:22.581749;1
2024-04-05 16:11:22.667052;1
2024-04-05 16:11:22.735897;1
2024-04-05 16:11:22.884641;1
2024-04-05 16:11:22.958953;1
2024-04-05 16:11:23.034652;1
2024-04-05 16:11:23.105145;1
2024-04-05 16:11:23.177179;1
2024-04-05 16:11:23.253217;1
2024-04-05 16:11:23.326919;1
2024-04-05 16:11:23.421807;1
2024-04-05 16:11:23.500601;1
2024-04-05 16:11:23.575517;1
2024-04-05 16:11:23.670497;1
2024-04-05 16:11:23.757897;1
2024-04-05 16:11:23.835959;1
2024-04-05 16:11:23.904014;1
2024-04-05 16:11:23.974447;1
2024-04-05 16:11:24.043991;1
2024-04-05 16:11:24.355394;1
2024-04-05 16:11:24.43657;1
2024-04-05 16:11:24.513809;1
2024-04-05 16:11:24.665693;1
2024-04-05 16:11:24.749277;1
2024-04-05 16:11:24.813223;1
2024-04-05 16:11:24.950803;1
2024-04-05 16:11:25.187375;1
2024-04-05 16:11:25.357545;1
2024-04-05 16:11:25.447257;1
2024-04-05 16:11:25.924368;1
2024-04-05 16:11:26.000254;1
2024-04-05 16:11:26.083598;1
2024-04-05 16:11:26.225745;1
2024-04-05 16:11:26.299688;1
2024-04-05 16:11:26.37617;1
2024-04-05 16:11:26.448761;1
2024-04-05 16:11:26.519688;1
2024-04-05 16:11:26.611228;1
2024-04-05 16:11:26.72939;1
2024-04-05 16:11:26.824546;1
2024-04-05 16:11:26.893744;1
2024-04-05 16:11:26.966956;1
2024-04-05 16:11:27.055892;1
2024-04-05 16:11:27.188887;1
2024-04-05 16:11:27.32225;1
2024-04-05 16:11:27.391752;1
2024-04-05 16:11:27.531907;1
2024-04-05 16:11:27.678269;1
2024-04-05 16:11:27.821887;1
2024-04-05 16:11:27.922967;1
2024-04-05 16:11:27.990199;1
2024-04-05 16:11:28.140795;1
2024-04-05 16:11:28.208418;1
2024-04-05 16:11:28.271501;1
2024-04-05 16:11:28.336275;1
2024-04-05 16:11:28.402294;1
2024-04-05 16:11:28.467719;1
2024-04-05 16:11:28.533126;1
2024-04-05 16:11:28.599884;1
2024-04-05 16:11:28.680316;1
2024-04-05 16:11:28.852148;1
2024-04-05 16:11:28.937475;1
2024-04-05 16:11:29.005484;1
2024-04-05 16:11:29.084723;1
2024-04-05 16:11:29.162926;1
2024-04-05 16:11:29.231635;1
2024-04-05 16:11:29.298821;1
2024-04-05 16:11:29.384515;1
2024-04-05 16:11:29.501315;1
2024-04-05 16:11:29.595581;1
2024-04-05 16:11:29.664906;1
2024-04-05 16:11:29.803137;1
2024-04-05 16:11:29.947426;1
2024-04-05 16:11:30.017362;1
2024-04-05 16:11:30.108782;1
2024-04-05 16:11:30.456057;1
2024-04-05 16:11:30.539245;1
2024-04-05 16:11:30.613707;1
2024-04-05 16:11:30.696318;1
2024-04-05 16:11:30.788404;1
2024-04-05 16:11:30.905075;1
2024-04-05 16:11:30.995502;1
2024-04-05 16:11:31.149532;1
2024-04-05 16:11:31.312434;1
2024-04-05 16:11:31.546307;1
2024-04-05 16:11:31.625214;1
2024-04-05 16:11:31.774052;1
2024-04-05 16:11:31.855736;1
2024-04-05 16:11:31.94125;1
2024-04-05 16:11:32.014834;1
2024-04-05 16:11:32.085188;1
2024-04-05 16:11:32.164939;1
2024-04-05 16:11:32.244502;1
2024-04-05 16:11:32.315412;1
2024-04-05 16:11:32.46112;1
2024-04-05 16:11:32.534184;1
2024-04-05 16:11:32.610067;1
2024-04-05 16:11:32.684295;1
2024-04-05 16:11:32.753921;1
2024-04-05 16:11:32.827371;1
2024-04-05 16:11:32.907004;1
2024-04-05 16:11:32.985767;1
2024-04-05 16:11:33.063471;1
2024-04-05 16:11:33.14331;1
2024-04-05 16:11:33.225062;1
2024-04-05 16:11:33.296479;1
2024-04-05 16:11:33.372929;1
2024-04-05 16:11:33.442913;1
2024-04-05 16:11:33.533965;1
2024-04-05 16:11:33.628734;1
2024-04-05 16:11:33.726306;1
2024-04-05 16:11:33.792192;1
2024-04-05 16:11:33.859661;1
2024-04-05 16:22:24.95063;1
2024-04-05 16:22:25.06612;1
2024-04-05 16:22:25.144082;1
2024-04-05 16:22:25.224072;1
2024-04-05 16:22:25.31711;1
2024-04-05 16:22:25.41811;1
2024-04-05 16:22:25.488887;1
2024-04-05 16:22:25.60688;1
2024-04-05 17:55:29.92818;1
2024-04-05 17:56:45.978497;1
2024-04-05 17:59:07.808007;1
2024-04-08 12:48:01.745065;1
2024-04-08 12:48:20.031311;1
2024-04-08 12:48:43.470496;2
2024-04-08 12:49:54.590615;1
2024-04-09 22:16:03.879733;1
2024-04-11 12:26:49.283949;1
2024-04-11 12:26:54.514198;1
2024-04-11 12:26:59.48586;1
2024-04-11 12:27:04.666543;1
2024-04-11 12:27:09.395908;1
2024-04-11 12:27:14.574259;1
2024-04-11 12:27:20.094703;1
2024-04-11 12:28:19.781213;1
2024-04-11 12:34:03.933272;1
2024-04-11 12:35:31.353852;1
2024-04-15 17:06:39.383713;1
2024-04-16 16:39:51.82697;1
2024-04-16 16:39:56.840664;1
2024-04-16 16:40:01.67968;1
2024-04-16 16:40:06.05785;1
2024-04-16 16:40:11.035034;1
2024-04-16 16:40:15.450709;1
2024-04-16 16:40:20.140136;1
2024-04-16 16:40:40.733979;1
2024-04-16 16:41:04.722281;1
2024-04-16 16:41:09.36453;1
2024-04-16 16:41:13.894234;1
2024-04-16 16:41:22.420584;1
2024-04-16 16:46:02.101836;2
2024-04-16 16:46:07.853333;2
2024-04-16 16:46:18.251553;2
2024-04-16 16:47:42.668745;1
2024-04-16 16:47:47.118511;1
2024-04-16 16:48:26.907791;1
2024-04-16 16:49:09.769828;1
2024-04-16 16:49:19.721292;1
2024-04-18 11:28:24.026865;1
2024-04-18 11:29:00.167943;1
2024-04-18 11:41:58.631682;1
2024-04-18 11:42:29.577839;2
2024-04-18 11:45:45.408194;2
2024-04-18 11:49:32.152494;1
2024-04-18 12:29:06.878288;2
2024-04-19 14:59:39.38794;2
2024-04-19 15:02:37.539493;1
2024-04-19 15:03:08.974344;1
2024-04-19 15:04:36.878309;1
2024-04-19 16:19:04.805282;1
2024-04-19 16:23:33.666831;1
2024-04-19 16:23:44.098803;1
2024-04-22 12:55:32.476707;1
2024-04-22 13:09:24.250999;1
2024-05-03 15:09:58.445589;1
2024-05-03 15:10:22.18639;2
2024-05-03 15:10:38.396661;2
2024-05-03 15:11:01.343476;1
2024-05-04 15:02:02.198104;1
2024-05-04 15:03:44.038391;1
2024-05-04 15:11:43.674037;2
2024-05-04 15:27:35.178097;2
2024-05-04 15:30:23.290572;2
2024-05-04 15:41:17.543168;1
2024-05-04 15:42:27.819874;1
2024-05-04 15:47:13.847116;1
2024-05-04 15:48:04.839693;2
2024-05-04 15:48:56.168365;1
2024-05-04 16:00:09.542845;1
2024-05-04 16:03:00.686043;1
2024-05-04 16:03:48.49633;1
2024-05-04 16:04:46.057831;1
2024-05-04 16:08:03.940362;1
2024-05-04 16:08:34.82829;1
2024-05-04 16:09:15.456505;1
2024-05-04 16:09:50.487731;1
2024-05-06 07:42:00.929606;1
2024-05-06 15:48:54.37142;1
2024-05-06 15:49:27.334185;1
2024-05-06 16:42:19.341297;2
2024-05-07 12:47:41.297834;1
2024-05-07 15:31:51.655855;1
2024-05-07 15:32:14.680548;1
2024-05-07 15:39:28.771852;1
2024-05-07 15:40:30.195134;1
2024-05-07 15:41:05.571546;1
2024-05-07 16:59:19.358066;1
2024-05-07 17:05:52.025219;1
2024-05-07 17:05:57.101223;1
2024-05-07 17:06:14.154173;1
2024-05-07 17:06:33.848093;1
2024-05-07 17:10:02.782758;1
2024-05-07 17:23:33.000324;1
2024-05-07 17:24:20.865341;1
2024-05-07 17:24:53.64848;1
2024-05-07 17:25:29.859925;1
2024-05-07 17:27:53.621359;1
2024-05-07 17:29:25.524456;1
2024-05-07 17:30:10.98243;1
2024-05-07 17:30:41.948107;1
2024-05-08 16:50:54.478603;1
2024-05-10 07:52:11.361143;1
2024-05-10 07:53:19.390589;1
2024-05-10 07:56:23.082926;1
2024-05-13 14:32:49.639881;1
2024-05-13 14:52:30.209787;1
2024-05-13 15:05:50.316365;1
2024-05-13 15:06:33.378158;1
2024-05-13 15:07:26.963566;1
2024-05-13 15:08:01.465298;1
2024-05-13 15:08:37.907992;1
2024-05-13 15:09:26.425588;1
2024-05-13 15:10:03.591963;1
2024-05-13 15:10:43.326854;1
2024-05-13 15:12:11.965791;1
2024-05-13 15:12:37.433004;1
2024-05-13 15:13:32.101604;2
2024-05-13 15:14:27.950568;1
2024-05-13 15:19:39.295507;2
2024-05-13 15:21:17.254601;2
2024-05-13 15:24:40.081325;1
2024-05-13 15:41:55.09158;2
2024-05-13 15:43:17.677237;1
2024-05-13 15:43:42.740769;1
2024-05-13 15:44:06.725123;1
2024-05-13 15:44:30.955756;1
2024-05-13 15:44:59.839868;1
2024-05-13 15:45:23.911131;1
2024-05-13 15:45:49.767839;1
2024-05-13 15:46:16.924228;1
2024-05-13 15:46:45.547948;1
2024-05-13 15:47:12.334052;1
2024-05-13 15:47:41.948768;1
2024-05-13 15:51:10.199998;1
2024-05-13 16:07:08.375475;1
2024-05-13 16:31:12.955981;1
2024-05-13 16:32:54.426022;1
2024-05-13 16:33:44.395325;1
2024-05-13 16:34:20.734793;3
2024-05-13 16:34:47.232477;2
2024-05-13 16:35:14.787057;1
2024-05-13 16:35:45.423027;2
2024-05-13 16:45:33.519544;1
2024-05-13 16:46:04.997954;3
2024-05-13 16:47:13.22601;1
2024-05-13 16:47:50.400246;1
2024-05-13 16:48:17.637682;1
2024-05-13 16:49:16.660991;1
2024-05-13 17:08:04.457165;2
2024-05-13 17:08:35.49304;2
2024-05-13 17:09:04.273879;2
2024-05-13 17:10:08.762763;2
2024-05-13 18:34:27.283184;1
2024-05-13 18:35:01.151772;1
2024-05-13 18:35:30.231477;1
2024-05-13 18:35:54.118665;1
2024-05-13 18:36:19.79904;1
2024-05-13 18:36:39.112269;1
2024-05-13 18:37:01.705244;1
2024-05-13 18:37:35.75937;1
2024-05-13 18:38:02.030201;1
2024-05-13 18:38:25.800969;1
2024-05-13 18:38:47.852353;1
2024-05-13 18:39:12.153886;1
2024-05-13 18:40:04.865071;3
2024-05-13 18:40:43.929882;1
2024-05-13 18:41:12.183125;1
2024-05-13 18:41:37.728241;1
2024-05-13 18:42:12.184745;1
2024-05-17 15:48:32.779138;1
2024-05-17 15:49:20.640528;1
2024-05-17 15:50:15.490424;2
2024-05-17 15:50:39.453113;1
2024-05-17 15:51:04.188022;1
2024-05-21 12:46:38.567879;2
2024-05-23 12:47:52.054312;1
2024-05-23 12:47:57.356525;1
2024-05-23 12:48:01.885067;1
2024-05-23 12:48:06.562484;1
2024-05-23 12:48:11.845738;1
2024-05-23 12:48:17.211084;1
2024-05-23 12:48:22.124052;1
2024-05-23 12:48:26.636493;1
2024-05-23 12:48:31.331137;1
2024-05-23 12:48:35.78188;1
2024-05-23 12:48:40.156343;1
2024-05-23 12:48:45.152313;1
2024-05-23 12:49:04.528398;1
2024-05-23 12:49:32.660254;1
2024-05-23 13:00:06.121161;1
2024-05-23 14:34:18.590901;2
2024-05-23 14:40:05.64062;1
2024-05-23 14:40:39.01353;1
2024-05-23 14:47:31.909291;1
2024-05-23 14:47:38.258566;1
2024-05-23 14:47:44.610688;1
2024-05-23 14:51:53.022982;1
2024-05-23 14:52:35.306263;1
2024-05-23 14:54:16.055328;1
2024-05-23 14:54:39.676391;1
2024-05-24 14:14:17.398405;1
2024-05-24 14:39:02.556872;1
2024-05-27 17:20:52.953221;1
2024-05-28 16:47:11.482179;1
2024-05-28 16:48:22.939446;1
2024-05-28 18:08:45.747682;1
2024-05-28 18:09:19.24045;1
2024-05-29 14:41:49.279489;1
2024-05-30 12:40:49.76559;1
2024-05-30 12:41:04.187183;1
2024-05-31 11:30:25.712795;1
2024-05-31 11:30:34.957473;1
2024-05-31 12:08:20.629123;1
2024-05-31 13:55:22.623578;1
2024-05-31 13:55:46.561284;1
2024-05-31 13:56:11.693852;1
2024-05-31 13:58:15.802728;1
2024-05-31 13:58:47.12366;1
2024-05-31 14:10:48.648131;1
2024-05-31 14:10:53.261413;1
2024-05-31 14:10:58.558158;1
2024-05-31 14:11:10.840282;1
2024-05-31 14:13:02.379118;1
2024-05-31 14:13:16.547998;1
2024-05-31 14:13:52.082925;1
2024-05-31 16:04:01.22868;1
2024-06-02 10:36:40.993211;1
2024-06-02 10:36:52.088214;1
2024-06-02 10:42:31.450776;1
2024-06-02 15:55:50.17124;1
2024-06-02 16:00:50.461229;1
2024-06-02 16:01:38.99963;1
2024-06-02 16:05:55.387782;1
2024-06-02 16:05:59.861111;1
2024-06-02 16:06:04.191462;1
2024-06-02 16:06:10.094536;1
2024-06-02 16:06:14.805481;1
2024-06-02 16:06:19.548561;1
2024-06-02 16:06:28.263434;1
2024-06-02 16:59:30.699809;1
2024-06-03 14:31:34.889466;1
2024-06-03 14:31:50.823547;1
2024-06-03 14:32:14.116248;1
2024-06-06 15:29:39.129195;1
2024-06-06 16:16:41.685634;1
2024-06-06 16:17:32.403449;1
2024-06-06 16:18:03.622879;2
2024-06-06 16:18:14.347951;1
2024-06-06 16:18:29.336222;1
2024-06-06 16:18:33.908086;2
2024-06-06 16:18:39.30822;2
2024-06-06 16:19:20.046091;1
2024-06-06 16:19:50.755812;1
2024-06-06 16:20:05.055695;2
2024-06-06 16:20:14.49551;1
2024-06-06 16:20:19.590154;1
2024-06-06 16:21:34.313583;1
2024-06-06 16:21:39.684618;1
2024-06-06 16:21:44.124339;1
2024-06-06 16:21:48.552871;1
2024-06-06 16:21:58.248023;1
2024-06-06 16:22:13.056356;1
2024-06-06 16:23:23.960519;1
2024-06-06 16:27:19.939756;1
2024-06-06 16:28:18.711082;1
2024-06-06 16:28:41.193575;1
2024-06-06 16:28:52.525731;1
2024-06-06 16:29:04.190192;1
2024-06-06 16:40:24.042454;1
2024-06-06 16:40:31.83604;1
2024-06-07 10:23:00.180228;1
2024-06-07 10:59:56.72548;1
2024-06-07 11:00:06.297768;1
2024-06-07 11:00:36.398537;1
2024-06-07 11:47:10.436916;1
2024-06-07 11:51:16.931475;1
2024-06-07 12:14:20.149576;1
2024-06-07 12:17:34.99965;1
2024-06-07 12:19:18.647938;1
2024-06-07 12:19:59.103744;1
2024-06-07 12:20:21.002576;1
2024-06-07 12:21:34.393517;1
2024-06-07 12:30:26.134648;1
2024-06-09 12:01:29.22722;1
2024-06-09 12:02:28.305344;1
2024-06-09 12:04:47.400828;1
2024-06-09 12:05:39.569753;1
2024-06-09 12:06:24.757424;1
2024-06-09 12:07:16.879895;1
2024-06-09 12:07:22.052589;1
2024-06-09 12:07:27.554732;1
2024-06-09 12:07:38.841674;1
2024-06-09 12:08:10.043516;1
2024-06-09 12:08:49.693897;1
2024-06-09 12:09:28.810305;1
2024-06-09 16:25:46.766212;1
2024-06-09 16:26:33.260474;1
2024-06-09 16:27:25.129584;1
2024-06-09 16:27:57.616401;1
2024-06-09 16:28:43.04633;1
2024-06-09 16:29:21.129933;1
2024-06-09 16:29:37.687097;1
2024-06-09 16:30:24.860345;1
2024-06-09 16:30:42.546804;1
2024-06-09 17:50:58.122563;1
2024-06-09 17:51:44.769923;1
2024-06-09 17:52:01.876828;1
2024-06-09 17:52:32.400327;1
2024-06-09 17:53:10.650335;1
2024-06-09 17:53:28.424016;1
2024-06-10 08:40:10.016229;1
2024-06-10 08:40:33.594104;1
2024-06-10 10:12:13.506193;1
2024-06-10 10:12:38.022568;1
2024-06-10 10:12:51.671907;1
2024-06-10 10:14:58.495648;1
2024-06-10 10:15:57.936996;1
2024-06-10 12:13:22.583359;2
2024-06-10 12:44:37.924569;2
2024-06-10 12:47:25.747887;1
2024-06-10 15:30:46.616365;2
2024-06-10 15:30:52.07295;1
2024-06-10 15:31:00.595261;1
2024-06-10 15:31:06.435518;1
2024-06-10 15:31:36.544115;1
2024-06-10 15:32:01.16414;2
2024-06-10 15:32:15.97302;1
2024-06-10 15:32:57.585168;2
2024-06-10 15:33:29.870244;1
2024-06-10 15:34:00.480057;2
2024-06-10 15:34:07.016273;1
2024-06-10 15:34:12.63514;1
2024-06-10 15:34:53.625738;2
2024-06-10 15:35:30.9119;1
2024-06-10 15:35:35.731565;1
2024-06-10 15:35:40.932176;1
2024-06-10 15:35:46.914516;1
2024-06-10 15:36:22.159729;2
2024-06-10 15:36:49.666187;1
2024-06-10 15:37:21.472164;1
2024-06-10 15:37:52.037681;1
2024-06-10 15:38:34.115786;1
2024-06-10 15:39:47.065062;1
2024-06-10 15:40:11.197708;1
2024-06-10 15:42:28.672369;1
2024-06-10 16:43:47.766831;1
2024-06-10 16:44:26.239752;1
2024-06-10 16:46:15.337378;1
2024-06-11 10:55:59.512646;1
2024-06-11 11:39:47.879802;1
2024-06-13 05:59:51.780701;1
2024-06-14 14:41:38.433247;1
2024-06-14 14:41:44.395892;1
2024-06-14 14:42:40.829091;1
2024-06-14 14:43:18.66958;1
2024-06-14 14:45:08.030859;1
2024-06-14 14:46:52.830515;1
2024-06-14 14:47:57.159108;1
2024-06-14 14:49:25.707427;1
2024-06-14 14:51:00.378443;1
2024-06-14 16:33:45.819044;1
2024-06-14 16:34:06.691849;1
2024-06-14 16:34:46.831509;1
2024-06-14 16:35:21.883071;1
2024-06-14 16:36:37.818529;1
2024-06-14 16:37:35.549409;1
2024-06-14 16:38:31.654125;1
2024-06-14 16:38:37.441635;1
2024-06-14 16:39:17.878563;1
2024-06-14 16:40:55.10931;1
2024-06-16 12:10:22.474705;1
2024-06-16 12:10:28.743774;1
2024-06-16 12:10:34.471756;1
2024-06-16 12:10:45.3125;1
2024-06-16 12:10:51.341839;1
2024-06-16 12:11:09.862999;1
2024-06-16 12:11:19.03057;1
2024-06-17 10:10:48.565793;1
2024-06-17 12:20:10.741156;1
2024-06-17 12:21:00.511033;1
2024-06-17 12:21:40.279422;1
2024-06-17 12:22:04.656846;2
2024-06-17 12:22:33.630216;1
2024-06-17 12:22:44.550055;1
2024-06-17 14:18:26.369127;1
2024-06-17 14:18:32.231797;1
2024-06-17 14:18:37.304705;1
2024-06-17 14:18:41.564515;1
2024-06-17 14:18:49.595871;1
2024-06-17 14:19:20.714502;1
2024-06-17 15:58:00.535837;1
2024-06-17 16:20:01.76604;1
2024-06-18 12:32:26.947692;1
2024-06-18 14:41:43.75274;1
2024-06-18 15:05:49.830193;2
2024-06-18 15:21:45.427616;2
2024-06-18 16:51:12.388767;1
2024-06-19 07:36:15.875626;1
2024-06-20 17:35:01.913111;1
2024-06-20 17:37:11.886927;2
2024-06-21 12:10:34.55253;1
2024-06-21 13:58:57.718545;1
2024-06-24 10:49:34.059125;1
2024-06-24 10:52:41.332517;1
2024-06-24 11:08:14.751383;1
2024-06-24 11:15:23.280915;1
2024-06-24 11:16:49.702625;1
2024-06-24 11:17:51.167254;1
2024-06-24 11:19:30.381028;1
2024-06-24 11:21:05.557465;1
2024-06-24 12:32:08.388787;1
2024-06-24 16:34:31.096773;1
2024-06-24 16:36:05.412063;1
2024-06-24 16:36:40.527133;1
2024-06-24 16:37:53.528898;1
2024-06-25 07:44:31.311821;2
2024-06-25 11:45:24.790543;1
2024-06-25 11:45:41.779389;1
2024-06-25 11:45:58.800574;1
2024-06-25 11:48:31.571119;1
2024-06-25 11:50:08.047824;1
2024-06-25 11:52:45.656052;1
2024-06-25 12:05:26.91596;1
2024-06-25 13:14:47.59661;1
2024-06-25 13:25:10.007097;1
2024-06-25 13:39:13.022173;1
2024-06-25 13:45:22.515055;1
2024-06-25 13:49:09.05846;1
2024-06-25 14:00:37.27689;1
2024-06-25 14:00:47.432937;1
2024-06-25 14:00:54.593703;1
2024-06-25 14:02:26.895905;1
2024-06-25 14:45:48.153393;1
2024-06-25 14:48:47.263028;1
2024-06-25 14:49:16.140726;1
2024-06-25 14:53:12.287736;1
2024-06-26 21:21:56.969221;1
2024-06-27 12:43:11.971371;1
2024-06-27 12:44:09.332264;1
2024-06-27 12:44:44.486128;1
2024-06-27 12:45:21.886814;1
2024-06-27 12:45:29.243832;1
2024-06-27 12:45:36.986512;1
2024-06-27 12:45:45.099119;1
2024-06-27 12:45:59.61207;1
2024-06-27 12:46:57.456972;1
2024-06-27 12:47:21.547866;1
2024-06-27 12:47:37.099508;1
2024-06-27 12:47:53.957446;1
2024-06-27 12:48:01.872481;1
2024-06-27 12:49:32.948977;1
2024-06-27 12:51:34.254745;1
2024-06-27 12:59:32.916483;1
2024-06-27 13:02:17.794662;1
2024-06-27 13:56:14.034132;1
2024-06-27 14:00:26.488406;1
2024-07-12 08:06:34.210464;1
2024-07-12 08:34:15.533983;1
2024-07-24 12:07:07.007589;1
2024-08-06 10:41:57.464015;1
2024-08-09 13:47:11.437438;1
2024-08-20 14:20:04.659127;1
2024-08-20 14:21:06.931097;1
2024-08-20 14:22:17.728141;1
2024-08-20 14:26:13.03898;1
2024-08-20 14:33:27.248023;1
2024-08-20 14:35:14.623815;1
2024-08-20 14:44:59.516351;1
2024-08-20 14:46:57.960074;1
2024-08-20 14:52:56.762884;1
2024-08-20 14:54:15.29887;1
2024-08-20 14:56:02.999332;1
2024-08-20 15:00:29.779975;1
2024-08-20 15:00:38.619837;1
2024-08-20 15:01:06.820445;1
2024-08-20 15:01:43.482138;1
2024-08-20 15:01:54.661633;1
2024-08-20 15:03:02.745778;1
2024-08-20 15:03:09.496848;1
2024-08-20 15:03:36.682088;1
2024-08-20 15:03:44.906063;1
2024-08-23 11:48:06.377409;1
2024-08-23 11:48:30.306215;1
2024-08-23 11:49:00.882223;1
2024-08-23 11:49:28.796961;1
2024-08-26 09:52:33.408275;1
2024-08-26 12:16:25.162035;1
2024-08-26 12:33:09.924625;1
2024-08-26 12:33:43.630439;1
2024-08-26 12:34:16.438747;1
2024-08-26 12:39:29.761428;1
2024-08-26 12:39:41.98495;1
2024-08-26 12:49:17.484519;1
2024-08-26 12:51:26.608006;1
2024-08-26 12:53:24.755196;1
2024-08-26 12:57:53.375664;1
2024-08-26 12:58:30.143515;1
2024-08-26 13:04:49.022175;1
2024-08-26 14:17:31.570682;1
2024-08-26 14:19:28.09243;1
2024-08-26 14:22:33.988464;1
2024-08-27 11:27:12.452372;1
2024-08-27 11:42:05.66952;1
2024-08-27 11:42:31.637761;1
2024-08-29 12:16:00.462951;1
2024-08-29 12:24:25.450352;1
2024-08-30 12:06:08.698201;1
2024-08-30 12:08:37.392515;1
2024-08-30 12:11:25.871079;1
2024-08-30 12:19:27.519627;1
2024-08-30 12:20:04.187106;1
2024-08-30 12:20:16.296157;1
2024-08-30 12:24:26.889665;1
2024-08-30 12:30:41.412814;1
2024-08-30 12:33:24.329186;1
2024-08-30 12:34:00.309131;1
2024-08-30 12:34:53.092951;1
2024-08-30 12:42:14.957781;1
2024-08-30 12:42:29.325152;1
2024-08-30 12:43:33.979719;1
2024-08-30 12:52:15.783463;1
2024-09-01 12:04:15.829484;1
2024-09-01 12:17:17.136238;1
2024-09-01 12:17:45.89952;1
2024-09-01 12:18:30.262154;1
2024-09-02 15:07:03.419164;1
2024-09-03 15:35:01.558717;1
2024-09-03 15:36:00.969348;1
2024-09-03 15:42:45.19769;1
2024-09-03 15:45:26.001;1
2024-09-03 15:45:54.236709;1
2024-09-03 15:46:39.834435;1
2024-09-03 15:51:53.610817;1
2024-09-03 15:54:15.461662;1
2024-09-03 15:54:24.749078;1
2024-09-03 15:55:55.715256;1
2024-09-03 16:01:10.757758;1
2024-09-03 16:04:56.000877;1
2024-09-03 16:08:36.646388;1
2024-09-06 11:38:55.785067;1
2024-09-06 11:41:45.922592;1
2024-09-06 11:56:07.181783;1
2024-09-06 12:20:48.600346;1
2024-09-06 12:29:36.513789;1
2024-09-06 14:48:05.198728;1
2024-09-06 14:50:09.339804;1
2024-09-06 14:56:07.872404;1
2024-09-06 15:00:59.783733;1
2024-09-06 15:04:32.251382;1
2024-09-06 15:06:36.787731;1
2024-09-06 15:31:11.17445;1
2024-09-06 15:34:36.091024;1
2024-09-06 17:16:33.837721;1
2024-09-06 17:16:39.885327;1
2024-09-06 17:17:04.09973;1
2024-09-06 17:17:38.089324;1
2024-09-09 14:28:46.544631;1
2024-09-09 14:33:14.193345;1
2024-09-09 14:34:26.215846;1
2024-09-09 14:38:18.102716;1
2024-09-09 14:41:45.624509;1
2024-09-09 14:47:04.266007;1
2024-09-09 14:49:14.969016;1
2024-09-09 14:51:14.931168;1
2024-09-09 14:55:57.771514;1
2024-09-09 15:01:08.999622;1
2024-09-10 15:02:22.396177;1
2024-09-10 15:11:32.188496;1
2024-09-10 15:12:25.200806;1
2024-09-10 15:13:30.804053;1
2024-09-10 15:20:47.778033;1
2024-09-10 15:42:27.486687;1
2024-09-10 15:43:26.317842;1
2024-09-10 15:44:39.147804;1
2024-09-10 15:45:24.598339;1
2024-09-10 15:45:49.325331;1
2024-09-10 15:46:15.399598;1
2024-09-10 15:47:56.053673;1
2024-09-10 15:49:02.136669;1
2024-09-10 15:49:37.730248;1
2024-09-10 15:49:52.79115;1
2024-09-10 15:51:14.298266;1
2024-09-10 15:51:46.726553;1
2024-09-10 15:52:44.145461;1
2024-09-12 16:20:39.043476;1
2024-09-12 16:21:13.886493;1
2024-09-12 16:22:53.144354;1
2024-09-12 16:27:56.998557;1
2024-09-12 16:30:38.843416;1
2024-09-12 16:33:04.19928;1
2024-09-12 16:33:44.522349;1
2024-09-12 16:34:44.85823;1
2024-09-12 16:35:16.307261;1
2024-09-12 16:35:53.609788;1
2024-09-12 16:36:17.564251;1
2024-09-12 16:40:08.374127;1
2024-09-12 16:42:00.528273;1
2024-09-12 16:44:21.161015;1
2024-09-12 16:48:47.693443;1
2024-09-12 16:50:57.662967;1
2024-09-13 15:08:16.746916;1
2024-09-13 15:08:33.696964;1
2024-09-13 15:09:51.422756;1
2024-09-13 15:10:10.219611;1
2024-09-13 15:11:33.678769;1
2024-09-13 15:12:40.664162;1
2024-09-13 15:14:08.917647;1
2024-09-13 15:21:23.434636;1
2024-09-13 15:22:48.558138;1
2024-09-16 15:03:09.520327;1
2024-09-23 12:14:38.570789;1
2024-09-23 12:20:55.892775;1
2024-09-23 12:37:25.714896;1
2024-09-23 12:39:35.052869;1
2024-09-23 12:40:57.296683;1
2024-09-23 13:40:05.390982;1
2024-09-24 12:09:23.174233;1
2024-09-24 12:09:36.58104;1
2024-09-24 12:12:08.56193;1
2024-09-24 12:12:23.326731;1
2024-09-24 12:12:44.260999;1
2024-09-24 12:13:02.435493;1
2024-09-24 12:15:42.255949;1
2024-09-24 12:21:13.970192;1
2024-09-24 12:25:47.9533;1
2024-09-24 12:29:45.804097;1
2024-09-24 12:30:09.935804;1
2024-09-24 13:01:38.093285;1
2024-09-27 12:20:05.256736;1
2024-09-27 13:19:47.287399;1
2024-09-27 13:23:00.036058;1
2024-09-27 13:39:48.440352;1
2024-09-27 13:41:05.098306;1
2024-09-27 13:57:53.953616;1
2024-10-01 12:12:37.472721;1
2024-10-04 11:38:24.058725;1
2024-10-06 12:56:33.633949;1
2024-10-08 08:31:20.228464;1
2024-10-08 08:49:17.343318;1
2024-10-08 10:15:24.712161;1
2024-10-08 10:16:14.978335;1
2024-10-09 14:58:10.157943;2
2024-10-11 07:51:19.013632;1
2024-10-11 07:54:23.05912;3
2024-10-11 07:55:26.188157;2
2024-10-11 07:55:43.98627;2
2024-10-13 14:47:23.893307;1
2024-10-13 14:49:33.770674;1
2024-10-15 10:19:19.639657;1
2024-10-15 10:20:05.574228;1
2024-10-15 10:20:31.140208;1
2024-10-15 10:20:46.569412;1
2024-10-15 10:21:30.187804;1
2024-10-21 15:38:44.96996;1
2024-10-23 15:39:45.466264;1
2024-10-23 15:42:22.777495;1
2024-10-23 15:43:13.091721;1
2024-10-23 16:11:16.116373;1
2024-10-23 16:11:25.444882;1
2024-10-23 16:11:34.242553;1
2024-10-23 16:11:41.590497;1
2024-10-23 16:12:25.587315;1
2024-10-23 16:13:45.123119;1
2024-10-23 16:14:08.033355;1
2024-10-23 16:15:06.332235;1
2024-10-23 16:15:31.547224;1
2024-10-23 16:31:13.811875;1
2024-10-23 16:31:50.613853;1
2024-10-23 16:32:06.187067;1
2024-10-23 16:32:31.109816;1
2024-10-23 16:32:59.293844;1
2024-10-23 16:33:16.75689;1
2024-10-23 16:33:29.29929;1
2024-10-23 16:54:29.297959;1
2024-10-23 17:04:54.805402;1
2024-10-23 17:09:53.341627;1
2024-10-23 17:10:36.637278;1
2024-10-23 17:16:45.178769;1
2024-10-23 17:20:21.361997;1
2024-10-23 17:21:13.143748;1
2024-10-23 17:22:19.397281;1
2024-10-23 17:23:42.417703;1
2024-10-23 17:24:33.787564;1
2024-11-16 10:20:36.410714;1
2024-11-16 14:19:11.86763;2
2024-11-16 14:20:05.084857;2
2024-11-16 14:20:35.666598;2
2024-11-16 14:21:01.356774;2
2024-11-22 12:24:23.419614;1
2024-11-22 12:31:16.682443;1
2024-11-22 12:31:43.796969;1
2024-11-22 12:32:55.799161;1
2024-11-22 12:33:16.816733;1
2024-11-22 12:33:27.657591;1
2024-11-22 12:36:09.813815;1
2024-11-22 12:37:59.074799;1
2024-11-22 12:38:38.652455;1
2024-11-25 11:50:20.421651;1
2024-11-25 11:50:56.368172;1
2024-11-25 11:53:29.207661;1
2024-11-25 11:54:29.159613;1
2024-11-25 11:58:32.155383;1
2024-11-25 12:03:56.252708;1
2024-11-25 12:04:50.708865;1
2024-11-25 12:10:16.016431;1
2024-11-25 12:13:46.953219;1
2024-11-25 12:17:15.062851;1
2024-11-25 12:19:58.579262;1
2024-11-25 12:25:28.304051;1
2024-11-25 12:25:57.133274;1
2024-11-25 12:26:44.492601;1
2024-11-25 14:39:55.580482;1
2024-11-25 14:45:51.779769;1
2024-11-25 14:46:23.920767;1
2024-11-25 14:47:25.428153;1
2024-11-25 14:48:12.429568;1
2024-11-25 14:59:33.673806;1
2024-11-25 15:06:25.639718;1
2024-11-25 15:08:56.642679;1
2024-12-02 17:15:15.05653;1
2024-12-02 17:16:05.528612;1
2024-12-03 12:33:08.391115;1
2024-12-03 12:40:38.08858;1
2024-12-03 12:40:49.818732;1
2024-12-03 12:42:35.447385;1
2024-12-03 12:49:26.05005;1
2024-12-03 12:50:26.261359;1
2024-12-03 12:51:09.759903;1
2024-12-03 12:52:38.060649;1
2024-12-03 12:53:53.29971;1
2024-12-03 13:01:13.623534;1
2024-12-03 13:01:47.927881;1
2024-12-04 10:44:34.675514;1
2024-12-04 16:20:28.878613;1
2024-12-06 15:52:29.452048;1
2024-12-06 15:52:42.542128;1
2024-12-06 15:52:48.543046;1
2024-12-06 15:52:54.687149;1
2024-12-06 15:53:06.130825;1
2024-12-06 15:53:38.555582;1
2024-12-06 15:57:45.261902;1
2024-12-06 15:58:41.980636;1
2024-12-06 15:59:32.338377;1
2024-12-06 15:59:42.362074;1
2024-12-06 15:59:47.607765;1
2024-12-06 15:59:55.709798;1
2024-12-06 16:01:24.076792;1
2024-12-06 16:01:56.538084;1
2024-12-06 16:02:02.586956;1
2024-12-06 16:02:07.662456;1
2024-12-06 16:02:12.40901;1
2024-12-06 16:02:17.136351;1
2024-12-06 16:02:22.076245;1
2024-12-06 16:02:26.86951;1
2024-12-06 16:02:35.294829;1
2024-12-08 15:04:45.507662;2
2024-12-08 15:21:00.506499;1
2024-12-08 15:21:56.985977;1
2024-12-08 15:22:52.759318;1
2024-12-09 14:29:57.38217;1
2024-12-09 15:03:24.423235;2
2024-12-09 15:03:50.376867;2
2024-12-09 16:50:19.898286;1
2024-12-09 16:51:49.960017;1
2024-12-11 11:56:12.332038;1
2024-12-13 08:31:46.395621;2
2024-12-13 08:32:12.45335;2
2024-12-13 08:32:31.517204;2
2024-12-13 08:32:43.346431;2
2024-12-13 08:32:54.391016;2
2024-12-13 08:33:10.783945;2
2024-12-13 08:33:25.508788;2
2024-12-14 07:47:11.993248;1
2024-12-14 07:47:12.200079;1
2024-12-14 07:47:12.245957;1
2024-12-14 07:47:12.281305;1
2024-12-14 07:47:12.326291;1
2024-12-14 07:47:12.382964;1
2024-12-14 07:47:12.441134;1
2024-12-14 07:47:12.481527;1
2024-12-14 07:47:12.52105;1
2024-12-14 07:48:08.45069;1
2024-12-14 07:50:46.641402;2
2024-12-14 07:52:15.669624;1
2024-12-14 07:53:32.914992;1
2024-12-14 15:49:25.660321;1
2024-12-14 16:01:28.986618;2
2024-12-16 06:35:54.833086;1
2024-12-16 06:37:29.164288;1
2024-12-16 13:39:07.690918;2
2024-12-16 13:48:48.534086;1
2024-12-16 13:51:29.23457;1
2024-12-16 13:51:56.843955;1
2024-12-18 16:26:26.552542;1
2024-12-18 16:26:41.381671;1
2024-12-22 15:03:51.309506;1
2024-12-22 15:04:11.808402;1
2024-12-22 15:04:58.688771;1
2024-12-22 15:05:20.198024;1
2025-01-02 22:40:27.630604;1
2025-01-09 07:45:23.865814;1
2025-01-09 07:50:35.724136;1
2025-01-13 13:02:06.486335;1
2025-01-13 15:33:59.895692;1
2025-01-16 14:27:03.643737;1
2025-01-16 14:29:12.113107;1
2025-01-16 14:29:58.577574;1
2025-01-16 14:36:13.438767;1
2025-01-16 14:49:23.042705;1
2025-01-16 14:55:02.026828;1
2025-01-16 15:15:55.888505;1
2025-01-16 15:16:44.334206;1
2025-01-16 16:03:23.186603;1
2025-01-16 16:46:45.707015;1
2025-01-21 14:37:58.333558;1
2025-01-23 12:13:12.605034;1
2025-01-23 12:13:56.030919;1
2025-01-23 12:14:31.649941;1
2025-01-23 12:14:40.905007;1
2025-01-23 12:16:37.957228;1
2025-01-23 12:16:58.683231;1
2025-01-23 12:18:15.564619;1
2025-01-23 12:18:57.978722;1
2025-01-23 12:20:31.387112;1
2025-01-23 12:20:50.009147;1
2025-01-24 16:57:05.249585;1
2025-01-27 15:13:37.172598;1
2025-01-30 14:59:06.392365;1
2025-01-30 14:59:41.715275;1
2025-01-30 14:59:59.017817;1
2025-01-30 15:01:04.693799;1
2025-01-30 16:00:10.089993;1
2025-01-30 16:30:44.895351;1
2025-01-30 16:30:49.677903;1
2025-01-30 16:30:54.079818;1
2025-01-30 16:30:58.673515;1
2025-01-30 16:31:06.426133;1
2025-01-31 15:42:24.511951;1
2025-01-31 15:42:51.655505;1
2025-01-31 15:51:28.911636;1
2025-01-31 15:51:39.048655;1
2025-01-31 15:52:09.15855;1
2025-01-31 15:52:50.763735;1
2025-01-31 15:53:26.310622;1
2025-01-31 15:53:50.58731;1
2025-01-31 16:08:00.990863;1
2025-01-31 16:42:58.523325;1
2025-02-04 10:36:14.64305;1
2025-02-04 15:50:44.996505;1
2025-02-04 15:52:27.575936;1
2025-02-06 16:58:43.021538;1
2025-02-06 17:00:37.550041;1
2025-02-07 09:53:44.880877;1
2025-02-07 09:54:03.642904;1
2025-02-07 09:59:02.116087;1
2025-02-07 09:59:17.552243;1
2025-02-07 09:59:34.047481;1
2025-02-07 09:59:52.510701;1
2025-02-07 10:00:08.952154;1
2025-02-07 10:00:24.627275;1
2025-02-07 10:00:39.751584;1
2025-02-07 10:00:50.833774;1
2025-02-07 10:01:06.994519;1
2025-02-07 10:01:36.850384;1
2025-02-07 10:02:21.188022;1
2025-02-07 10:06:39.039066;1
2025-02-07 10:08:59.813136;1
2025-02-07 10:11:20.724981;1
2025-02-07 10:12:41.679734;1
2025-02-07 10:13:02.347791;1
2025-02-07 10:13:25.734203;1
2025-02-07 10:13:48.024539;1
2025-02-07 10:14:05.440769;1
2025-02-07 10:14:20.929035;1
2025-02-07 10:14:40.77822;1
2025-02-07 10:15:10.098499;1
2025-02-07 10:15:30.979728;1
2025-02-07 10:15:50.331667;1
2025-02-07 10:16:12.296984;1
2025-02-07 10:16:34.334955;1
2025-02-07 10:16:59.168133;1
2025-02-07 10:17:23.99372;1
2025-02-07 10:17:45.62402;1
2025-02-07 10:18:07.995416;1
2025-02-07 10:18:30.832478;1
2025-02-07 10:27:34.395653;1
2025-02-07 10:29:21.341424;1
2025-02-07 10:30:37.780765;1
2025-02-07 10:31:10.749847;1
2025-02-11 10:54:57.047386;1
2025-02-11 15:54:24.348203;1
2025-02-12 11:15:43.370843;1
2025-02-13 09:47:27.275998;1
2025-02-13 12:02:48.120947;1
2025-02-14 11:37:52.238163;1
2025-02-14 12:07:28.423115;1
2025-02-23 07:39:31.370964;1
2025-02-24 14:00:12.483255;1
2025-02-24 16:52:58.092128;1
2025-02-25 14:53:58.423152;1
2025-03-03 17:37:41.683326;1
2025-03-03 17:38:50.838888;1
2025-03-03 17:43:43.101511;1
2025-03-03 17:44:37.910195;1
2025-03-03 17:45:19.753796;1
2025-03-03 17:45:53.11584;1
2025-03-03 17:46:37.777803;1
2025-03-03 17:47:15.171996;1
2025-03-03 17:53:44.831174;1
2025-03-03 17:54:31.534071;1
2025-03-03 17:55:07.770106;1
2025-03-03 17:55:43.003329;1
2025-03-03 17:56:35.844095;1
2025-03-03 17:57:12.573838;1
2025-03-03 17:58:37.356213;1
2025-03-03 17:59:10.997521;1
2025-03-03 18:00:03.626093;1
2025-03-03 18:00:42.553196;1
2025-03-03 18:02:02.232251;1
2025-03-03 18:02:37.201094;1
2025-03-03 18:03:10.077514;1
2025-03-03 18:03:49.766217;1
2025-03-03 18:04:21.38545;1
2025-03-03 18:05:01.810829;1
2025-03-03 18:05:36.584469;1
2025-03-03 18:06:05.301653;1
2025-03-03 18:06:41.585406;1
2025-03-03 18:07:16.588738;1
2025-03-03 18:07:52.382464;1
2025-03-03 18:08:19.798826;1
2025-03-03 18:09:03.828993;1
2025-03-03 18:09:56.359056;1
2025-03-03 18:10:29.669366;1
2025-03-03 18:10:59.299135;1
2025-03-03 18:11:35.810915;1
2025-03-03 18:12:10.694331;1
2025-03-03 18:12:42.866285;1
2025-03-03 18:13:16.653839;1
2025-03-03 18:13:52.525246;1
2025-03-03 18:14:24.129947;1
2025-03-03 18:15:02.329275;1
2025-03-03 18:15:34.652791;1
2025-03-03 18:16:16.83162;1
2025-03-03 18:16:44.913516;1
2025-03-03 18:17:19.189931;1
2025-03-03 18:17:52.583753;1
2025-03-03 18:18:26.143834;1
2025-03-03 18:19:01.97819;1
2025-03-03 18:19:32.059105;1
2025-03-04 10:02:11.686688;1
2025-03-05 11:23:10.247098;1
2025-03-06 13:25:23.910618;1
2025-03-06 17:17:01.945486;1
2025-03-06 17:17:38.590968;1
2025-03-06 17:17:53.158477;1
2025-03-06 17:18:17.74795;1
2025-03-06 17:34:57.630222;1
2025-03-07 13:57:59.359163;1
2025-03-11 16:24:05.356156;1
2025-03-12 12:15:27.06619;1
2025-03-12 12:16:05.585848;1
2025-03-12 12:16:21.595501;1
2025-03-12 12:16:37.03099;1
2025-03-12 12:16:50.099389;1
2025-03-12 12:17:00.996838;1
2025-03-12 12:17:15.08498;1
2025-03-12 12:17:29.207654;1
2025-03-12 12:17:39.559124;1
2025-03-12 12:17:54.316857;1
2025-03-12 12:18:14.392887;1
2025-03-12 12:18:25.180447;1
2025-03-12 12:18:33.258887;1
2025-03-12 12:18:45.022173;1
2025-03-12 12:18:55.757652;1
2025-03-12 12:19:06.628269;1
2025-03-13 08:10:56.912265;1
2025-03-15 14:01:12.858626;1
2025-03-17 10:19:49.984843;2
2025-03-24 16:35:09.33718;1
2025-03-24 16:35:20.524417;1
2025-03-24 16:35:30.469462;1
2025-03-24 16:35:39.739291;1
2025-03-24 16:35:48.488421;1
2025-03-24 16:35:59.012511;1
2025-03-24 16:36:08.517777;1
2025-03-25 09:42:32.451321;1
2025-03-26 11:05:31.762059;2
2025-03-26 11:32:44.698541;1
2025-03-26 11:33:24.113706;1
2025-03-26 12:08:55.427421;1
2025-04-01 14:27:24.369299;1
2025-04-01 14:28:02.018439;1
2025-04-03 12:52:38.512575;1
2025-04-03 12:53:08.797422;1
2025-04-06 12:54:45.496862;1
2025-04-06 12:55:58.04618;1
2025-04-06 12:57:06.041873;1
2025-04-06 12:58:05.799566;1
2025-04-07 12:31:18.438305;3
2025-04-07 14:21:47.42858;1
2025-04-08 18:36:20.11204;1
2025-04-09 08:55:46.85916;1
2025-04-09 16:14:19.191597;1
2025-04-09 16:16:14.983351;1
2025-04-09 16:19:21.053818;1
2025-04-14 11:05:13.161036;1
2025-04-15 17:21:09.820537;2
2025-04-15 17:21:42.878328;1
2025-04-15 17:22:08.248467;2
2025-04-15 17:22:43.960611;1
2025-04-15 17:23:20.785966;1
2025-04-16 13:45:35.33077;1
2025-04-16 20:29:38.456944;1
2025-04-20 17:54:34.604641;1
2025-05-06 14:52:52.083612;1
2025-05-06 14:55:18.348047;1
2025-05-06 15:01:53.402037;1
2025-05-06 15:03:15.33727;1
2025-05-06 15:45:51.167421;1
2025-05-06 16:14:03.855448;2
2025-05-06 17:54:05.831444;1
2025-05-06 17:54:33.875305;1
2025-05-06 17:54:40.835757;1
2025-05-06 17:54:50.20891;1
2025-05-06 17:57:33.827931;1
2025-05-06 17:58:06.085526;1
2025-05-06 17:58:10.407579;1
2025-05-06 17:58:15.138747;1
2025-05-06 17:58:23.475403;1
2025-05-06 17:59:24.24423;1
2025-05-06 17:59:28.793619;1
2025-05-06 17:59:32.541287;1
2025-05-06 17:59:49.863343;1
2025-05-06 18:00:08.885643;1
2025-05-06 18:00:55.755628;1
2025-05-09 15:14:45.523126;1
2025-05-09 15:15:01.272894;1
2025-05-09 15:15:25.696903;1
2025-05-09 15:15:54.272108;1
2025-05-12 16:22:56.747947;1
2025-05-12 16:38:56.377466;2
2025-05-12 16:44:43.10832;3
2025-05-12 16:48:01.856458;2
2025-05-12 16:54:34.314251;2
2025-05-12 17:01:01.476831;2
2025-05-12 17:02:05.839625;1
2025-05-13 10:20:15.946479;1
2025-05-13 13:36:39.266744;2
2025-05-16 16:38:39.440448;1
2025-05-20 17:56:58.134821;1
2025-05-21 10:59:21.067985;1
2025-05-23 10:20:52.908786;1
2025-05-28 14:13:34.72255;1
2025-05-28 14:14:33.936435;1
2025-05-28 15:15:43.0507;1
2025-05-29 09:50:33.402828;1
2025-05-31 16:19:54.7625;1
2025-05-31 16:38:17.244377;1
2025-06-03 16:17:57.294889;1
2025-06-04 15:04:58.998113;1
2025-06-04 15:05:20.467787;1
2025-06-14 16:01:18.99891;1
2025-06-14 16:15:17.321561;1
2025-06-22 14:12:15.285219;1
2025-06-23 15:06:45.200665;1
2025-06-26 12:58:44.823301;1
2025-06-26 13:21:01.168197;1
2025-06-26 13:26:51.830043;1
2025-06-27 13:55:24.06285;1
2025-06-27 13:58:42.474546;1
2025-06-27 16:25:03.13467;1
2025-07-04 11:56:43.975873;1
2025-07-04 11:57:11.108773;1
2025-07-04 11:57:25.065029;1
2025-07-04 12:01:28.347157;2
2025-07-04 14:19:13.458686;2
2025-07-04 14:21:37.534966;1
2025-07-04 14:22:40.799812;1
2025-07-04 14:33:42.645786;1
2025-07-04 14:57:35.028869;1
2025-07-04 14:57:42.605065;1
2025-07-04 14:59:16.701035;1
2025-07-04 15:01:06.136739;2
2025-07-06 14:23:44.038653;1
