;43470
"
";1
 ;1
 A 334e;1
 A No. 4;1
 Architectleider Ferd. B. Jantzen, getekend J.L. Westerhuis juli 1944;1
"""De origineele Teekening wilde de Burgemeester niet afgeven, waarna ik deze copie gemaakt heb - W.S.""";1
"""Een overigens onbekend pand, vermoedelijk XVII A""";1
"""N.B. Vergelijk opmetingstekening van architectenbureau Prof. Ir. C. Wegener Sleeswijk""";1
"""Provinciaal Gerechtshof"", BH No. 4";1
"""naar opmeting Bur.eau Gemeentewerken""";1
"""naar opmeting Bureau Gemeentewerken""";2
"""waardeloze fantasie denkelijk van Mellingwerf copie naar een tekening bij Harko A van Sam van Zmet .... 1894""; A 343";1
"""zolderker""";1
'Bolletjeskaart' - Alleen digitaal beschikbaar (pdf-file);1
'Kaertzke' = F. Kaetzke ?;1
't Torentje van Pisa van Enkhuizen...  :-);1
't Vaartje 12;1
(Jirnsum, kerk bestaat niet meer, geen monument);1
(Onjuiste schets : grote streep dwars door de tekening heen)  -  Plaats op tekening: Nieswiller;1
(Oudega bij Drachten);2
(Vergelijk: neg.nr.: 44.280);1
(adres bestaat niet);1
(thans: Oudheidskamer);1
)-H-107 ROB;1
+ 2 tekeningen van Arch, bureau Feenstra en van Broekhuizen te Hengelo;1
+ 3 bouwkundige tekeningen (geen nummer);1
+ 5 schetsen van J. Jehee;1
+ opmeting restanten hagioscoop(?) en piscina(?) in zuidgevel van de kerk (L.G. Reker) datum 19-11-1983;1
+ schetsen van Walstraat 13, 13-15;1
+-;1
-  Kleur;1
001/A/02;1
003/A/03  -  kleur;1
006/A/06;1
008/A/01;2
01011880;1
01011891;2
01011923;2
01011924;2
01011927;1
01011930;17
01011939;2
01011941;1
01011970;1
01011971;5
01011982;1
01011983;1
01021976;4
01021977;1
01021978;1
01021982;4
01031968;1
01031974;2
01031978;1
01041971;1
01041973;6
01041975;3
01041982;1
01051974;1
01051975;3
01051982;2
01061969;1
01061973;1
01061975;1
01071968;1
01071974;3
01071982;1
01081973;1
01081978;1
01081983;3
01091941;2
01091967;1
01101915;1
01101961;1
01101968;1
01101979;1
01101981;1
01111974;1
01121907;1
01121932;1
015/A/02  -  kleur;1
015/A/03;1
015/A/04;1
015/A/05;1
015/A/05  -  kleur;1
015/A/06;1
015/A/13  -  kleur;1
015/A/15;1
018/A/09  -  kleur;1
02031967;1
029/A/56  -  kleur;1
03011972;9
03041984;1
03111975;2
039/A/05;1
05021973;1
05101983;2
05121975;1
06071977;4
064/A/03 - blad 1;1
064/A/03 - blad 3;1
064/A/04 - blad 2;1
064/A/06 - blad 4;1
068/A/09  -  kleur;1
068/A/10;1
069/A/11a;1
069/A/11b;1
07061974;1
07101976;1
08091956;1
086/A/13(1) - blad 1;1
086/A/13(2) - blad 2;1
086/A/13(3) - blad 3;1
09031983;1
09071980;2
09111983;2
093/A/01  -  kleur;1
1;9
"1
Deuteren";1
"1 / Plaat III
Provincie Zeeland";1
"1 Bouwkundige tekening van de heer 
Leo J. de Rijk uit 1964.";1
1 Tekening opgemeten: A. van Pernis en J. Bogaers (ROB - Amersfoort)(1951);1
1 blad 1;3
"1 blad 1
01021978";1
1 blad 1, werknummer 1050;1
1 blad 2;3
"1 blad 2
Nooit Volmaakt. Diemen, Venserpolder";1
1 blad 2, werknummer 1050;1
"1 blad 3
Nooit Volmaakt. Diemen, Venserpolder
01011880";1
1 blad 3, werknummer 1050;1
"1 blad 4
Nooit Volmaakt. Diemen, Venserpolder";1
1 briefkaart gericht aan de heer Scheepens;1
1 foto, zie BT-004549;1
1 schets;1
1 tekening van Min. van Binnenlandse Zaken met rechts onder nr. A 1053 / 5700 en 3 tekeningen van Arch. A. Baart;1
1 tekening van arch. buro Knuttel te Deventer;1
1 tekening van de noordmuur van koor, door A. van Pernis, 1 juni 1960;1
1 tekening van de voormalige pastorie;1
"1-Blad 2
";1
"1-Blad 2
Stiemenshuis of Penninghuis. Haartsestraat 1";1
"1-Blad 3
Stiemenshuis of Penninghuis. Haartsestraat 1";1
10;2
10-1;2
10-10;2
10-2;2
10-3;2
10-4;2
10-5;2
10-6;2
10-7;2
10-8;2
10-9;1
"10-9
Gatsedijk 12";1
"10-Blad 1
Oudesluis. Noord-Holland
01011932";1
"10-Blad 2
Oudesluis. Noord-Holland
01011932";1
10031972;2
10071974;2
101/A/06  -  Het betreft hier een niet voltooide tekening;1
10101980;1
10111983;1
1015/1904;1
"1015; kopie naar een tekening uit 1897/98";1
1016;1
1017;1
1018;1
1054;1
106a;1
107 schetsen;1
107/A/02;1
108;1
10a H;1
11;1
11-Blad 1;1
"11-Blad 1
Avendorp. Breekom. (vh K 58)";1
"11-Blad 2
Avendorp. Breekom. (vh K 58)";1
"11-Blad 3
Avendorp. Avendorp. Breekom. vh K 58, 1a. Noord-Holland";1
11-blad 2;1
1121;1
114 A;1
11403;1
"11424; kleur";1
11470;1
"115 - verbouw in 1922
naar UILK 59";1
116/A/01  -  kleur;1
"1164; blad 1";1
"11662a; gesloopt";1
"11662b; gesloopt";1
"1169; blad 6";1
11932;1
12;1
12-Blad 1;2
12-Blad 2;1
12-Blad 4;1
12-Blad 5;1
12-Blad 6;1
12-Blad 7;1
12-blad 2;1
12-blad 3;1
12-blad 8;1
12011982;1
12021982;1
12111981;1
1250;2
1255;1
1259;1
1268;1
1270;1
1276;1
1279;1
1281;1
1291;1
1293;1
1297;1
13 mei 1886 vreselijke regendag;1
13-Blad 1;1
"13-Blad 1
Boerderij van Ter Horst, Ter Horst";1
13-Blad 2;1
"13-Blad 2
Boerderij van Ter Horst, Ter Horst";1
131/A/04;1
13101980;1
133/A/07  -  kleur;1
1337;1
1340;1
1342;1
1344;1
1346;1
1348;1
1351;1
1353;2
1355;1
"1356; kleur";1
1357;1
1358;1
1359;1
1366;1
1387;1
1389;1
139/A/06;2
1391;1
1392;1
1393;1
1398;1
13c H;1
14;4
14 b;1
1400;1
1402;1
14031966;1
1404;1
14041975;1
1407;1
1409;1
1411;1
1413;1
1415;1
1419;1
1420;1
1426;1
1427;1
1429;1
1437;1
1438;2
1441;1
1442;1
1444;1
1452;1
1457;1
1459;1
1461;1
1462;1
1485;1
1487;1
1488;1
1491;1
1492;1
15;2
15 ha;1
15-Blad 1;1
15-Blad 2;1
"15-Blad 3
Wognum. Oude Gouw 16. Noord-Holland";1
15-blad 1;1
15-blad 2;1
15021197;2
15061982;2
15081945;1
16;1
"16
Bredeweg 136a";1
16 september 1876;1
1601;1
1603;1
1604;1
"1605; kleur";1
1607;1
16081975;1
16081982;3
16091969;1
162/65;1
164;1
"1649; kleur";1
1651;1
1655;1
1656;1
1657;1
1658;1
1659;1
"16:  2 gierkelders 12m3 en 20m3 ontbreken 34;  2 stuks; 12m3 en 20m3 38:  schuur: leem; ,achineloods en garage: beton 39:  pannen 40:  136m2 bedrijfszolder boven koestal en paardenstal 41:  1 put met pomp; ook 4 geslagen pompen 43:  met pomp 45:  8m 46:  ca. 30m 47:  Een lichtaggregator met 11 stuks accus t.b.v. woongedeelte. Verderì petroleum 58:  1 pekelbak en 1 bedrijfs WC";1
16:  2 kippenhokken, 1 wagenloods en 1 maisberging ontbreken 35:  1 st. 10m3 36:  30m3 met omheining en betonvloer 38:  102m2 beton in de schuur en 75m2 leem in de schuur 39:  pannen met stropoppen 40:  18m2 boven woonhuis 41:  1 welput met 2 pompen. 1 regenwaterput zonder pomp 47:  petroleum;1
16:  2 varkenshokken i.p.v 3 30/32:  32m steensfundering en 8m halfsteensfundering         46m2 steens metselwerk en 44m2 halfsteens metselwerk (muren) 34:  18m3 38:  Schuur 45m2 en stalvloer 44m2: beton 39:  Pannen 40:  Vrije ruimte op zolder woongedeelte 47:  Electriciteit in woning en stal 58:  Twee gemetselde meelbakken;1
16:  30/32:  31m steens- en 1/2 steensfundering 34:  45m3 36:  40m2 met betonvloer 38:  95m2 beton in de schuur 39:  pannen 41:  geslagen pomp en reservoir met hand- en zuigperspomp 43:  gietijzeren bakjes met kleppen 44:  52m 47:  electra vanaf eigen motor en dynamo  Zie ook bestek Well 125, het doen van herstellingen;1
16:  Aan de schuur waren wolfseinden.      Indeling: - in de paardenstal was een kafhok en een veulenbox.                - in de koestal was nog een paardenbox                - in de koestal was een bietenhok aan de taszijde open                - in wagenhuis waren 3 varkenshokken 36:  Mestbocht 38:  1 dorsvloer 45m2 klinkers. 1 dorsvloer 15m2 klinkers/ 30m2 hout 39:  Schuur afgedekt met Hollands riet 41:  Put met pomp, bron met pomp, 2 regenwaterputten 47:  Petroleum;1
16:  Achter de geut was nog een slaapkemaer (2,5*3m) 38:  Deel vloer achterhuis van beton. 39:  1/2 riet en 1/2 gedokte pannen 40:  Boven woning 41:  Pomp op put 44:  6m 47:  Petroleum 58:  Koelbak;1
16:  Bijschuur no.5 is varkensstal 34:  50m3 36:  64m2 38:  Deel klinkerbestrating 36m2 39:  Boerderij riet, Bijschuren stopriet met pannen 41:  Put met pomp, 3 regenwaterputten 44:  65m 47:  Petroleum 58:  Stooknis op de zgn. koegang, hooiopjaaginstallatie;1
16:  Bijschuur staat aan overzijde van de weg. Kippenhok niet opgenomen      (zie bijgaande reconstructie) 34:  30m3 35:  2 stuks, doorsnede 3m. Inhoud ca. 7,5m3 (geldt voor beide) 36:  12m2 38:  Bergruimte 85m2 en tasruimte 81m2: beton 40:  Boven zolder woonhuis ca. 64m2 41:  Welput met 2 pompen + regenput 43:  Met een buis onder de vloer vanaf de pomp in de voergoot 44:  15m bij achtergevel, boven 2 deuren aan voorgevel 6m 47:  Electriciteit 48:  Krachtstroom en 1 buitenlichtpunt 58:  Rookkast;1
16:  Bijschuur waarin paardenstal, varkenshok en wagenberging ontbreken. 30/32:  45m steensfundering en 90m2 steenswerk 36:  Overdekt 28m2 38:  169m2 beton in de bergruimte 40:  25m2 in de woning 41:  Welput met pomp en regenwaterput 44:  11.60m aan woning 47:  Electriciteit 48:  Krachtstroom en buitenlichtpunt  Datum vragenlijst niet vermeld.;1
16:  Bijschuur was groter en vrijstaand kippenhok niet aangegeven 34:  2 stuks: 1,5 en 2m3 38:  Deel achter woning: beton. Bijschuur ook beton 39:  Boerderij en kippenhok: pannen. Bijschuur: golfplaten. 41:  Put met pomp, geslagen pomp en regenwaterput zonder pomp 44:  12m aan bedrijf 46:  7m 47:  Electriciteit 48:  Electrisch koken en 1 buitenlichtpunt 58:  Gemetseld veevoederfornuis;1
16:  Er bevonden zich 4 kippenhokken op het terrein. Deze zijn niet opgenomen. 30/32:  Funderingen: 26m halfsteenswerk wagenberging                      22m halfsteenswerk kippenhok               Muren: 36m2 halfsteenswerk kippenhok 34:  In stal 38:  Dorsvloer en vloerberging: beton 40:  In de woning 47:  Petroleum;1
16:  Gierkelder, mestvaalt en kippenhok 34:  24m3 36:  ca. 45m2 38:  Deel: bestrating en beton      Deel schuur: cement tegels      Voederkamer-bergplaats en kookhuis: beton      Pinkenstal: beton      Wagenloods: bestrating 39:  Boerderij: riet, svhuur: riet met pannen 41:  Welput en regenwaterput met pomp 44:  10,6m 45:  42m 46:  10m 47:  Electriciteit;1
16:  Graanschuur waarin paardenstal 30/32:  12m fundering 34:  2m3 38:  Deel beton 39:  Stal: riet, schuur: golfplaten 41:  Welput met pomp 44:  Schuur 24m 47:  Petroleum;1
16:  Hoofdgebouw was 10.18m breed 33:  Onder opkamer 34:  9m3 38:  Beton 39:  Pannen 40:  Op woningzolder 41:  Pomp op put en regenwaterput 44:  11m 46:  2m;1
16:  Indeling schuur niet juist, zie schets. 30/32:  56m steensfunderingen 38:  Dorsvloer en tas: beton. Totaal 190m2. 48:  Krachtstroom  Datum niet vermeld.;1
16:  Inhoud van schuur is niet juist. Moet zijn: 873m3      Inhoud van woning is niet juist. Moet zijn: 483m3      Het aangebouwde gedeelte van de schuur is niet 4m breed, maar 7m.      De lengte van de schuur is 11,50m, zonder aangebouwd gedeelte.      Op dorsvloer van angebouwd gedeelte was een paardenstal aanwezig      Varkenshok is onherstelbaar beschadigd i.p.v. licht beschadigd. 36:  Met mestputsponde en 20m houten omhening. Vloer van verharde grond. 38:  Dorsvloer 18m2 en varkenshok 27m2: beton 39:  Asbestgolfplaten 40:  14m2 in woning 41:  Put met pomp, regenwaterput zonder pomp 44:  12m 46:  10m 47:  Petroleum;1
16:  Kippenhoek niet aangegeven 38:  Deel: 18m2 leem, ras: 24m2 leem 39:  Woning: ged. pannen ged. riet. Bedrijfsgebouw: riet. 40:  20m2 boven de woning 41:  Bron met pomp 47:  Petroleum;1
16:  Kippenhok 100m3 niet vermeld 34:  2 stuks bij de varkensschuur 35:  1 stuks voor het inkuilen van gras 38:  Klinkers op den deel 39:  Woonhuis: pannen, achterhuis: riet 41:  Welput met pomp 44:  Bij voorhuis 45:  50m2 bestrating 46:  Afvoeren met regenwaterput 47:  Electrische installatie 48:  Krachtstroom en 2 buitenlichtpunten;1
16:  Kippenhok 5*10m niet aangegeven 30/32:  70m steensfundering en 70m2 steensmuren 38:  Gehele schuur beton 47:  Electriciteit  Datum vragenlijst niet vermeld.;1
16:  Kippenhok had een oppervlakte van 8*3.5m;1
16:  Kippenhok niet aangegeven 34:  30.000l 38:  Tasruimte 52m2 beton, wagenloods leem, overige bergruimten beton 39:  1/2 riet, 1/2 gepopte Hollandsche pannen 40:  Op zolder woonhuis 41:  Put met pomp 47:  Electriciteit in woning, stal met aangebouwde schuur en bijschuur 48:  Krachtstroom;1
16:  Kippenhok niet opgenomen, zie schets 30/32:  Funderingen zijgevels op 8m na. 36:  Bij stal 38:  Dorsvloer 130m2 en tasruimte 128m2 beton 47:  Electriciteit 48:  Krachtstroom;1
16:  Kippenhok, karschop en noodschuur ontbreken  34:  30m3  35:  1 stuks 16m3  36:  Met omheining, 30m2 met betonvloer  38:  Beton: 54m2 in bergruimte en 64m2 in schuur en tasruimte  39:  Pannen  40:  28m2 boven woonhuis  41:  Welput met pomp  45:  38m  47:  Electra in alle gebouwen  48:  Krachtstroom;1
16:  Kippenhokken (3 stuks, 6*4m) niet aangegeven 34:  35m3 38:  Stalling 35m2, schuur 115m2, varkensstal 12,5m2: beton 39:  Woning, stalling en schuur: 1/3 pannen, 2/3 riet 40:  In woning in zolder 41:  Welput met pomp, reservoir zonder pomp 43:  Uit welput met losse buis naar voerbak 47:  In woning, stalling en schuur en wagenloods 48:  Krachtstroom;1
16:  Kippenhokken 34:  35m3 36:  Tussen muren, 36m2, zonder vloer 38:  8*12 betonvloer in de schuur 40:  24m2 op zolder woonhuis 41:  Welput met pomp, regenwaterput zonder pomp, aansluiting op waterleiding 43:  Gietijzeren drinkbakjes met lage druk, aangesloten op waterleiding viaì      vlotterbak 44:  Woning 8m, stal 15m 45:  Woning 8m, stal 5m 47:  Electriciteit 48:  Krachtstroom (dorsmachine), buitenlichtpunt (bijkeuken);1
16:  Kippenhokken, bijschuur niet opgenomen. Indeling stal: zie bijgaandeì      schets. 34:  28m3 35:  1 stuks 38:  Berging: 21m2 beton, tas: 54m2 leem 39:  1/2 pannen, 1/2 riet 41.  Put met pomp 47:  Electriciteit;1
16:  Koestal waarboven tasruimte tevens overkapte mestvaalt. Zie schets. 30/32:  70m steensfunderingen en 125m2 steensmuren 38:  Dorsvloer beton, tasruimte 45m2 en deel 70m2 beton 44:  20m 47:  Electra 48:  Krachtstroom  Datum vragenlijst niet vermeld.;1
16:  Koestal-jongveestal-paardenstal en schop: zie schets 30/32:  40m steenswerkfundering 38:  deel 165m2 beton 41:  Regenwaterput 47:  Electriciteit 48:  Krachtstroom  Datum vragenlijst niet vermeld.;1
16:  Lengte der schuur no. 2 is 48,98 i.p.v. 47,80m 30/ 32:  50m2 steenswerk funderingen. 36:  Mestbocht met omheining van palen en planken 38:  Dorsvloeren 162m2 beton, voedervloer 46m2 klinkerbestrating 39:  Schuur no. 2 276m2 riet, 174m2 golfplaten 40:  In schuur no. 2 boven boxen 48m2. In wagenberging no. 4 25m2. 41:  2 regenwaterputten waarvan 1 met pomp, 2 reservoirs met hand- enì      zuigperspomp 44:  Schuur no. 2 15m, wagenberging no. 4 32m 45:  50m lang, 2m20 breed. 46:  ca. 15m 47:  Electriciteit;1
16:  Lengte schuur is 44.35m ipv. 46.00m 30/32:  Funderingen: 72m 1.5 steenswerk en 25m steenswerk         Muren      : 71m2 1.5 steenswerk en 27m2 steenswerk 33:  In woonhuis. In bakkeet was bedrijfskelder 2*2m. 34:  10m3 36:  Mestbocht met houten omheining met 4 bochthekken. 38:  Tasruimte 215m2, 2 dorsvloeren 109m2: beton. 1 dorsvloer 54m2: leem 39:  Asbestgolfplaten 40:  In wagenhuis 41:  Put met pomp, regenwaterput zonder pomp. 44:  91m 47:  Petroleum mat stallantarens;1
16:  Loods 4*6m niet aangegeven 38:  Leem 39:  Riet 40:  In woning 41:  Put met pomp 45:  6m;1
"16:  Niet vermeld: koestal en woning + 2 open kapschuren (wagenberging); xieì      schets 30/32:  Funderingen van de gehele schuur 38:  Deel en wagenberging 240m2 beton 39:  Golfplaten 48:  Krachstroom";1
16:  Op de deel tegenover de koestal was een paardenstal ter breedte van 1.5m.      Boven de winkel op de 1e verdieping waren 2 slaapkamers, de overige ruimte      op de 1e verdieping en de gehele 2e verdieping waren hooi -en graanzolder      ten behoeve van het bedrijf. 34:  1m3 38:  Deel van bestrating 41:  Reservoir met electrisch aangedreven pomp 47:  Electriciteit 48:  Krachtstroom 58:  Koelbak;1
"16:  Op tekening zijn in de koestal varkenshokken opgenomen. Dit was echter      een jongveestal. Twee kippenhokken zijn niet opgenomen;       1 aan schuur 28m2, 1 aan bijschuur 24m2 30/32:  38m steensfundering en 8m halfsteensfundering en 66m2 steensmuren. 33:  Provisiekelder met opkamer 35:  Zie situatieschets 36:  Overdekt 25.50m2 38:  Schuur 260m2 beton 40:  15m2 in woning 41:  Welput met pomp, regenwaterput zonder pomp 45:  10.35m 47:  Electriciteit in woning, stal, schuur, bijschuur en kippenhok 48:  Krachstroom in de schuur en buitenlichtpunt 58:  Pekelbak, rookschouw, spekkast, 2 gemetselde meelbakken";1
16:  Paardenstal in de schuur (3*4.5m) niet opgenomen 38:  Deel van beton, 80m2;1
"16:  Paardenstal op Z.O. kant is jongveestal geweest. In paardenstal zijn 2ì      boxen geweest. Boven wagenhuis was pijzel. Rijtuighok is jongvee.      Naast rijtuighok was jongveestal. Bietenkelder was 1m verdiept.      Gierkelder onder tas en koestal. Maten zijn juist. 33:  In woning 34:  50m3 36:  Mestbocht 38:  Dorsvloeren 35m2 klinkers en 77m2 hout.      Voedervloer 45m2; Rijtuighok 12m2; Stalvloeren 30m2 klinkers. 39:  Schuur: riet 40:  80m2 in schuurboven wagenhuis, regenwaterput zonder pomp. 47:  Schuren petroleum, woning butagas.";1
16:  Schop 49m2 werde gebruikt voor wagenberging en turfhok.      Varkenshok 6*2,20m waarin 2 varkenshokken. 34:  30m3 36:  Potstal in de boerderij 38:  43m2 beton in de schuur 40:  Op zolder boven woongedeelte 41:  Welput met pomp en regenwaterbak 44:  8,80m aan woongedeelte 45:  17,6m 47:  Electriciteit 48:  Krachtstroom + 1 buitenlichtpunt 58:  Stookhok;1
16:  Schuur 17.65*12.8*7.3 m komt niet voor  30/ 32:  Funderingen: 2.50m halfsteenswerk & 47.00m steenswerk          Muren      : 95m2 halfsteenswerk & 48m2 steenswerk  34:  9m3  39:  Pannen  40:  28m2  41:  Welput met pomp  44:  35.3m aan landbouwschuur  47:  Petroleum;1
"16:  Schuur no. 5 was gedekt met pannen i.p.v. golfplaten. 36:  Mestbocht met 25m omheining van platen en planken. 38:  Dorsvloer 42m2 beton, kruisvloer 25m2 klinkers 39:  Schuur no. 5: dakbeschot gedekt met pannen 40:  In schuur boven paardenstal, kruisvloer en bieienkelder 48m2 41:  Welput mét- ; regenwaterput zonder pomp 44:  42m aan schuur 47:  Woning: steenkoolgasverlichting. Schuur: petroleum.";1
16:  Stal en bijschuur niet aanwezig 30/32:  40m steensfunderingen 38:  Deel van beton 41:  Welput  Datum vragenlijst niet vermeld.;1
16:  Stal en bijschuur: zie schets 38:  Deel 90m2 bestrating 39:  Pannen en stro 48:  Krachtstroom;1
16:  Totale schuurlengte is 35.25m i.p.v. 36.25m 34:  70m3 35:  20m3 36:  Overdekte mestput 38:  Machineloods 29m2 en dorsvloer leem , 64m2 beton 39:  Schuur, machineloods en wagemloods gedekt met pannen 40:  In woning 41:  Welput met pomp en regenwaterput zonder pomp 47:  Electriciteit 48:  Krachtstroom;1
16:  Tussen jongveestal en de brandmuur aan de westgevel bevond zich 3m      veestalling en een aardappelkelder ter lengte van 5m, diep 1m. 34:  4m3 38:  leem 39:  riet 41:  1 pomp 45:  10m;1
16:  Tussen paardenstal en rijtuighok was een varkensstal (1.6*5m) en een       kruisvloer (2.2*5m). 33:  In woning 36:  Mestbocht 38:  Dorsvloer 15m2: bestrating. Dorsvloer tevens 18m2 hout. 39:  Stopriet en pannen 40:  In woning ca. 5m2 41:  Put met pomp en regenwaterput met pomp. 44:  Zinken goten, 34m 46:  5m 47:  Petroleum;1
16:  Twee kippenhokken niet opgenomen. Zie situatieschets 6 en 7. 30/32:  Funderingen van de stal 36:  Overdekt 38:  Veldschuur middengedeelte beton, 40m2      Dorsvloer in schuur leem, 40m2      Tasruimte: een gebint met beton verhard, 18m2 40:  In woning 41:  Welput met pomp, regenwaterput zonder pomp 44:  Tussen woning en stal 12m 47:  Electriciteit in woning en stal 48:  1 buitenlichtpunt  Datum vragenlijst niet vermeld.;1
16:  Varkenshok 3*4m hout met pannen gedekt niet opgenomen. 38:  Dorsvloer 53m2 en tasruimte 112,5m2 beton 47:  Electriciteit 48:  Krachtstroom;1
16:  Varkenshok. Zie achterzijde reconstructietekening. 36:  Mestbocht met omheining van houten palen met gaas 38:  Dorsvloer 31m2 beton, jongveestal bestrating 25m2 39:  Stopriet 41:  Welput met pomp, regenwaterput zonder pomp 44:  28m 47:  Petroleum;1
16:  Varkenshokken, kippenhok en wagenberging. Zie bijgaande schets. 34:  12m3 38:  Dorsvloer 21m2 beton 39:  Woning dakbeschot, schuur rietdak, wagenhuis en kippenhok eternietì      golfplaten 40:  In de woning, 12m2 41:  Welput met pomp, regenwaterput zonder pomp, aansluiting op      waterleiding. 47:  Woning electriciteit, schuur petroleum 48:  1 buitenlichtpunt  Gegevens onvolledig wegens ontbreken bestek- en reconstructietekening.;1
"16:  Veestal (zie bijlage) 30/32:  45m steenswerk funderingen 33:  In de woning 34:  15m3 36:  Mestbocht met omheining 38:  Dorsvloeren   : 120m2 klinkers      Bergplaats    :  65m2 klinkers      Machineberging:  12m2 klinkers      Tasruimte     :  72m2 beton      Voedervloer   : 108m2 beton 39:  Veestal: eternietgolfplaten, schuur A-B-C: riet, 4 rijen pannen van onder      voor schuur B. 40:  85m2 in schuur A 41:  Welput met pomp; bron met pomp; 2 regenwaterputten met pomp 44:  Schuur 4: 36m, schuur B: 73m 47:  Petroleum  Zie ook Bestek Middelburg 158, definitief herstel van bestaande schuur.";1
16:  Vierroedige hooiberg (5*5*7m) ontbreekt. 34:  3m3 38:  Achterhuis beton 32m2 en bijschuur bestrating 30m2 41:  1 pomp op welput 45:  54m 47:  Electriciteit;1
16:  Vrijstaande bijschuur van hout niet vermeld 34:  10m3 38:  deel beton, wagenberging klinkerstraatwerk 39:  pannen 41:  welput met pomp, regenwaterput 44:  15,5m aan bedrijf 46:  14m 47:  electriciteit 48:  krachtstroom, electrisch koken;1
16:  Wagenberging en varkenshokken niet opgenomen. Zie schets. 30/32:  86m2 steensmuren 36:  Potstal 38:  Dorsvloer en machineberging beton. Resp. 47m2 en 16.5m2.;1
16:  Wagenberging niet weergegeven 38:  Op deel voor de voergang 27m2 beton 40:  12m2 boven woning 41:  Welput 47:  Petroleum en buta-gas in woonvertrekken;1
16:  Zie bijgaande reconstructietekening 38:  Deel en tasruimte: 53m2 leem, spoelplaats: 8m2 bestrating 39:  Riet. Stookhok: pannen 40:  25m2 in de woning 41:  Put met pomp 47:  Electriciteit, behalve in wagenloods en stookhok;1
16:  Zie gewijzigde reconstructie 33:  25m2 werd benut als aardappelkelder 34:  10m3 38:  Deel in schuur 1 en 3 was bestraat 40:  50m2 op zolder van woonhuis 41:  2 pompen op 1 welput 44:  Schuur 1: 20m, schuur 2: 17m, schuur 3: 20m 47:  Petroleum in alle gebouwen 58:  Cafébedrijf in voorhuis, koelbak in melkkamer;1
16:  Zie gewijzigde reconstructietekening 30/32:  25m steensfundering, 2,5m2 muur (1 zijmuur) 34:  30m3 38:  Deel betonvloer 39:  Riet 41:  1 gepulste pomp 45:  19m 47:  Petroleum;1
16:  Zie schets 34:  3m3 38:  Deel 156m2 beton. Tasruimte ged. beton 55m2 45:  26,60m 47:  Electra 48:  Krachtstroom en 1 buitenlichtpunt;1
16:  Zie verbeterde reconstructie 34:  3m3 36:  Met omheining 10*15m 38:  KLinkers 39:  Alle bijgebouwen met rieten dak, aan de onderzijden enkele vrije pannen. 40:  Korenzolder in woning, berging mogelijk 100 mud 41:  1 pomp op put, 2 geslagen pompen 45:  20m 47:  Electriciteit 48:  2 Krachtstroomcontacten en 2 buitenlichtpunten;1
16:  Zie verbeterde reconstructietekening 33:  Zie reconstructietekening 34:  4m3 36:  ca. 72m2 38:  Beton 39: Pannen 40:  Op woningzolder 41:  Vleugelpomp met reservoir, 1 geslagen pomp nij koelbak, regenwaterput. 44:  18m 45:  30m 47:  Electriciteit 48:  Krachtstroom, 1 buitenlichtpunt 58:  Zie verbeterde reconstructietekening;1
16:  Zie wijziging in rood op reconstructietekening 34:  24m3 36:  36m2 met betonnen schutting 38:  deel koestal 20m2, dorsdeel en voederruimte 60m2: beton. Tas: 50m2 leem 39:  pannen waaronder stropoppen 40:  30m2 op zolder boven stal 41:  bron met pomp 47:  electriciteit 48:  krachtstroom;1
"16:  Zie wijzigingen in rood op bijgaande reconstructie. 34:  35m3 35:  1 st. met 8m3 inhoud 38:  beton; 40m2 op koestal, 60m2 grote graanschuur, 63m2 kleine graanschuur.ì Leem; 104m2 grote graanschuur, 80m2 karschop. 39:  pannen waaronder strodokken 40:  25m2 in de grote graanschuur en 40m2 boven de woning 41:  2 pompen en putten 47:  krachtstroom 58:  gemetselde pekelbak";1
16:  Zie wijzigingen in rood op reconstructietekening 34:  5m3 38:  30m2 leem op deel koestal 39:  pannen waaronder strodokken 40:  ca. 24m2 boven de woning 41:  bron met pomp 47:  petroleum;1
16:  Zie wijzigingen op reconstructie 34:  8m3 36:  10m2 met omheining en betonvloer 39:  pannen met stropoppen 40:  34m2 boven woonhuis 41:  welput met pomp 47:  petroleum;1
16:  bijschuur 2 33:  onder gehele woning. rechts achter bevond zich een bietenkelder 34:  3m3 38:  klinkervloeren 40:  in woning 41:  2 pompen 44:  woning 24m, bedrijf 15m 45:  10m;1
"16:  het in het wagenschop ingebouwde kippenhok staat niet op reconstructie 34:  20m3 35:  1 st., groot 9m3 36:  met omheining en betonvloer; 30m2 39:  pannen 40:  18m2 boven woonhuis 41:  1 gepulste pomp 47:  petroleum";1
16:  in schuur no.3 bevond zich nog een paardenstal, afm. 4*4,5 m. 30/32:  29,5m steensfundering en 49m2 stalvloer 33:  provisiekelder en een bedrijfskelder 38:  deelvloer achterhuis 90m2 en schuur no3 240m2: beton 40:  84m2 boven woning 41:  Welput met pomp 47:  electriciteit in woning en bedrijfsgebouwen 48:  Krachtstroom en buitenlichtpunt;1
16:  kippenhok komt niet voor en voor stalindeling zie wijziging op de      reconstructie 34:  12m3 36:  24m2 met omheining en betonvloer 38:  leemvloer in de schuur 39:  pannen 40:  20m2 41:  welput met pomp 44:  28m 47:  petroleum;1
16:  open veldschuur ontbreekt 30/32:  alle funderingen 34:  50m3 36:  2m2 met omheining en etonvloer 38:  237m2 beton in de schuur 39:  pannen 41:  welput met 2 pompen, regenwaterput zonder pomp 47:  petroleum  Zie ook bestek Roermond 795, het bouwen van een korenschuur;1
16:  zie gewijzigde reconstructie 34:  40m3 38:  schuur 3: 75m2 leem en 75m2 beton. Schuur 5: 148m2 beton. 39:  pannen met stropoppen 40:  60m2 boven woonhus 41:  boorput met pomp en regenwaterput zonder pomp 44:  21m aan bedrijf 47:  petroleum;1
16:  zie gewijzigde reconstructietekening 34:  7,5m3 38:  veldschuur 73m2 beton, in wagenloods 90m2 bestrating 41:  hydrophoorinstallatie voor woning en bedrijf 47:  electriciteit in alle bedrijfsgebouwen;1
16:  zie situatieschets 34:  1m3 38:  schuur: beton en leem 39:  pannen met stropoppen 47:  electra  Zie ook bestek Roermond 250, het doen van herstellingen.;1
16:  zie wijz. in rood 34:  10m3 38:  70m2 leem 39:  pannen met poppem 40:  ca. 40m2 boven woning 41:  put met pomp 45:  ca. 5m 47:  butagas in woning en kippenhok;1
16:  zie wijz. in rood 34:  20m3 36:  24m3 met omheining en betonvloer 38:  karschop en schuur:  110m2 leem. Schuur ca. 33m2 beton 39:  pannen wo strodokken 40:  36m2 boven woning 41:  put met pom en regenwaterreservoir 44:  13m bij koe- en varkensstal 45:  ca. 14m 47:  woning en bedrijf petroleum;1
16:  zie wijzigingen in rood  33:  15m2 onder de woning 34:  20m3 onder koestal en 2m3 bij de paardenstal 35:  ca. 5m3 38:  80m2 beton in deel en 150m2 leem in schuur 39:  woonhuis en stallen: machinale pannen. Paardenstallen en schuur: pannenì met stropoppen 40:  50m2 boven de woning 41:  pomp met put 47:  electra 48:  2 buitenlichtpunten;1
16:  zie wijzigingen in rood 34:  ca. 20m3 38:  deel in stalling ca. 35m2 platte stenen in rand. Deel in varkenshuis      ca. 24m2 beton 39:  pannen waaronder strodokken. Boven woning: pannen aangestreken met      cement 40:  50m2 boven woning 41:  put met pomp 45:  35m 47:  electriciteit 48:  krachtstroom en buitenlichtpunt;1
16:  zie wijzigingen in rood op bijgaande rec. tekening 34:  ca. 4m3 35:  1 stuks, ca. 8m3 38:  deel in koestal 55m2 en deel in schuur 52m2 beton 39:  pannen waaronder strodokken 40:  70m2 boven de varkensstal 41:  2 bronnen met 2 pompen 47:  electriciteit 48:  krachtstroom en buitenlichtpunt 58:  pekelbak;1
16:  zie wijzigingen in rood op reconstructietekening 34:  5m3 36:  18m2 met omheining 38:  deel koestal ca. 20m2 beton en ca. 35m2 leem 39:  machinale pannen 40:  24m2 boven de woning 41: bron met pomp 47:  petroleum;1
16: varkenshok no.4 ontbreekt         39: schuur geheel gedekt met hollands riet 44: alleen dakgoten aan woning 47: petroleum  Bestek Oostburg 164 geldt voor Bouwnummers Aardenburg 54 en 72 Tevens bestek Middelburg (ongenummerd) voor bouwen varkensstal;2
17;1
"17-Blad 1
Noordeindermeer A 4";1
"17-Blad 2
Noordeindermeer A 4";1
170 - T. Brouwer  1990;1
1736;1
174/29;1
"1748; blad 5";1
"1754; kleur";1
1756;1
1757;1
1758;1
1760;1
1761;1
1762;1
1763;1
1764;1
1765;1
1766;1
1767;1
1768;1
18;1
18 - naar een tekening van J.F. Berghoef, met veldwerk uit 1899;1
"18-Blad 1
Woelwijkerlaan 11";1
"18-Blad 2
Woelwijkerlaan 11";1
"18-Blad 3
Woelwijkerlaan 11";1
"18-Blad 4
Woelwijkerlaan 11";1
18101962;1
188 - T. Brouwer  1990;1
1881;24
19 schetsen van woonhuizen aan de Voorstraat waarvan de huisnummers onbekend zijn;1
19-Blad 1 naar gegevens van D.W. Keessen Az;1
"19-Blad 2
Aalsmeer, Uiterweg 220-222. Noord-Holland";1
19041974;1
19081968;1
19091978;1
19121968;1
19121979;2
1918-1938;1
1926-08-02: W.A. Hemsing;1
"1948-02
Onnerweg 147";1
1948-1950;1
1951;1
1952;1
1953;1
1957-1959;1
198 - T. Brouwer - 110 (Brielle en Hellevoetsluis?);1
1985;48
19e eeuwse tekening: lijnen van de kraan opgetrokken;1
1: tekening naar figuur 185 uit : S. Clark & R. Engelbach, Ancient Egyptian Masonry, 1930;1
1b;1
1e blad;1
1e fase;2
2;4
"2
Op landgoed Voorburg, complexnummer: 521292";1
"2
Reduzum (= Roordahuzum)";1
2 / Plaat XII;1
2 Blad 1;1
2 Blad 1 - schaal 1:100;1
2 Blad 2;1
2 Blad 2 - schaal 1:100;1
2 Blad 3;1
2 Blad 3 - situatie - schaal 1:100;1
2 Blad 4;1
2 Bladen Blad 1;1
2 Bladen Blad 2;1
2 aparte tekeningen aan elkaar;2
2 bladen - blad 1 - schaal 1:100;1
2 bladen - blad 2;1
2 exemplaren aanwezig;1
2 gr. formaat van de Toren (arch. A. Baart);1
2 lichtdrukken uit september 1972 met aantekeningen van J. Jehee;1
2 namen op de index genoemd: van Hoogevest en de Waal Archifoto;2
2 panden onder één documentnummer, ;1
"2 plaatsen onder één nummer!!
Druten en Altforst";1
2 stuks te maken : tekening op ware grootte;1
2 tekeningen gescheurd;1
2 verschillende obecten op 1 tekening...;3
2 verschillende schaalaanduidingen op de tekening;1
"2, blad 1
";1
"2, blad 2
";1
20, naar gegevens van D.W. Keessen Az;1
20041974;1
20041984;1
20071976;2
20121972;1
"2023-07-12 toegevoegd:
1 losse opmetingsschets (maker onbekend)
Aantekeningen (8 vellen, aan elkaar geniet) met aantekeningen en opmetingsschetsen - maker niet bekend.";1
2038;1
2071;1
2073;1
"21 Blad 3 naar opmetingen van J. Brouwer (1942-1943), L. Brandts Buijs (1942) en S. de Jong (1966-SHBO 179)
Zuideinde 286";1
21 novmeber;1
"21-Blad 1 naar opmetingen van J. Brouwer (1942-1943), L. Brandts Buijs (1942) en S. de Jong (1966-SHBO 179)
Zuideinde 286";1
"21-Blad 2 naar opmetingen van J. Brouwer (1942-1943), L. Brandts Buijs (1942) en S. de Jong (1966-SHBO 179)
Zuideinde 286";1
21041982;1
2119;1
2196;1
22 foto's, waarschijnlijk originelen van de RDMZ later RCE + 4 fotootjes opgeplakt (niet v.d. RCE);1
"22-Blad 1
Huisnummer 343-345
01011973";1
"22-Blad 2
Huisnummer 343-345
01011973";1
"22-Blad 3
Huisnummer 343-345
01011973";1
22041981;2
22091943;1
2294;1
"23-1
Rippersma Zaethe";1
"23-2
Rippersma Zaethe";1
"23-Blad 1
Het Hof, bij de IJsselmeerdijk";1
"23-Blad 2
Het Hof, bij de IJsselmeerdijk";1
23041980;1
23061972;1
23091971;2
23111907;2
2334;1
2335;1
2341;1
23671;1
"24 - naar het Kadastrale Minuutplan Anno 1826
Dorpsweg en Gangwerf";1
240;1
24091984;1
2439;1
2441;1
2442;1
2467;1
2497;1
2498;1
"25 - Toestand 1941
Oosterleek 39. Hemdijk D47";1
25091913;4
2514;1
2515;1
257b;1
"26
Teugelaan. ,vh. D 90. 21
01011972";1
26051977;1
26081969;1
2621;1
2625;1
2681;1
2682;1
27;1
27 maart 1877;1
2700;1
27041970;1
272;1
2728;1
2745;1
276/A/03;1
276/A/04;1
2789;1
"28
";1
28091983;1
2811 GA;1
2866 - 2867;1
"29
Stroe, Noord-Holland";1
2902;1
292/A/01;1
292/A/02;1
2930 - 2931    -    toestand in 1988;2
2932 - 2933;2
2936;1
2937;1
2939 - 2941;3
2945 - 2946;2
2951 - 2951;2
2953 - 2955;3
296;1
2969 - 2971;3
2983 - 2984;2
2e blad;1
2e fase;2
3;7
"3
Horsik D 10";1
"3
Reduzum (= Roordahuzum)";1
3 / Plaat XV;1
3 Bladen Blad 1;1
3 Bladen Blad 2;1
3 Bladen Blad 3;1
3 groot formaat in slechte staat;1
3 jan. 1933  -  maart 1938;1
3 schetsen vermoedelijk van de heer Wolter architect te Riele;1
3 verschillende ramen afzondetrlijk ingekaderd, elk op gelijke grootte (= schaal);1
"30
Stroe, Noord-Holland";1
30/32:  1.2 steensmuurstroken 34:  15m3 35:  1 stuks 36:  75m3 boven gierkelder 38:  in veeschuur klinkerstraatweg, in achterhuis leemvloer 39:  Riet en pannen 40:  80m2 boven de woning 41:  2 pompen met put 45:  ca. 35m druipstraat 47:  Electriciteit 48:  Krachtstroom, aansluiting voor electrisch koken, 3 buitenlichtpunten.;1
30/32:  10m funderingen 39:  Pannen w.o. asphalt met gaas 47:  Petroleum;1
30/32:  10m halfsteens- en 90m steensfundering en 100m2 steensmuurwerk 34:  30m3 38:  Betonvloer in bergruimte 39:  Pannendak 40:  20m2 op vrije ruimte boven woongedeelte 41:  Welput met pomp, regenwaterbak, vlotterbak gecombineerd met koelbak 43:  5 stuks grèsdrinkbakjes 44:  19,5m aan bedrijfsgedeelte 47:  Electriciteit in woning, stal, en varkensstal. Kippenhokken met losseì      kabel 58:  Pekelbak;1
"30/32:  11m steensfunderingen en 100m2 steensmuren 34:  50m3 36:  Met omheining 38:  Dorsvloer 118m2, machineberging 25m2; stal, spoelkeuken en tasruimte:       40m2 beton 39:  Schuur met pannen gedekt 40:  In de woning 41:  Welput met pomp, regenwaterput, aansluiting op de waterleiding inì      spoelruimte 44:  Bij achtergevel mestplaat 11m 47:  Electriciteit in stalling en tasruimte 48:  Krachtstroom";1
30/32:  15m steensfundering en 6m halfsteensfundering. 38:  Deel 43m2 en tasruimte 34m2 leem 39:  Pannen waaronder asphalt met gaas 41:  Regenwaterput zonder pomp 44:  29m 46:  15m 47:  Petroleum;1
30/32:  20m halfsteensfundering en 50m2 halfsteensmuurwerk 34:  20m3 38:  deel koestal ca. 20m2 beton. Wagenloods en schuur ca. 54m2 leem. 39:  pannen waaronder strodokken 40:  24m2 boven de woning 41:  put met pomp 44:  ca. 3m 45:  ca. 12m 47:  petroleum voor woning en bedrijf;1
30/32:  20m steensfundering waarvan 16,5m verzwaard moet worden 38:  beton 39: pannen 40:  in woning 41:  1 pomp op puntstuk 44:  16m aan bedrijf 46:  10m 47:  Electriciteit;1
30/32:  24m steensfundering 34:  2m3 38:  beton 39:  pannen 41:  put met pomp 44:  aan 1 zijde 46:  5m 47:  electriciteit;1
30/32:  24m steensfundering 36:  24m2 beton 38:  11m2 leem in schuur 41:  Welput met pomp, regenwaterput 44:  14,70m 47:  petroleum 58:  Rookschouw, koelbak en pekelbak;1
30/32:  26m halfsteensfundering/ 26m steensfundering en 110m2 halfsteensmuren/ì 42m steensmuren 34:  30m3 35:  2 stuks. Inhoud 28m3 38:  klinkervloer in de karschop 39:  stal: pannen. Karschop: golfplaten 41:  welput met pomp 44:  11m 47:  petroleum;1
30/32:  27m steensfundering en schuurvloer geheel 34:  22m3 38:  ca. 45m2 leem in machineloods 39:  pannen 40:  ca. 50m2 boven woning 41:  put met pomp 47:  woning buta-gas, bedrijf petroleum;1
"30/32:  27m steensfunderingen 34:  24m3 36:  40m2 38:  beton 41:  ""Stork"" pompje met reservoir. Aftakking naar koestal, drinkbakjes.      communicerend. 43:  zie 41 44:  36m 47:  electriciteit 48:  krachtstroom";1
30/32:  28m steensfundering en 124m2 steensmuren 36:  30m2 zonder omheining met betonvloer 38:  Schop: 40m2 beton, schuur: 94m2 steen 39:  Pannen waaronder strodokken 40:  Boven de woning, ca. 40m2 41:  Aansluiting op waterleiding 43:  Vanaf tappunt met slang naar voedergoot 47:  Electriciteit voor de bedrijfsgebouwen 48:  2 buitenlichtpunten;1
30/32:  32m steensfunderingen en 25m2 steensmuren 34:  30m3 36:  18m2 met betonvloer 38:  52m2 beton in de schuur 39:  pannendak en stropoppen 47:  electriciteit;1
30/32:  40m steensfundering en 10m halfsteensfundering         56m2 steensmuurwerk en 40m2 halfsteensmuurwerk 34:  24m3 36:  52m2 met omheining en betonvloer 39: pannen 41:  1 welput met pomp en 1 gepulste pomp 44:  26m 47:  electra 48:  krachtstroom;1
30/32:  41m fundering 40:  In woning 41:  Put met pomp en motorpomp 44:  12,5m goot 45:  10m 47:  Electriciteit 48:  Krachtstroom en 1 buitenlichtpunt;1
30/32:  47m steensfunderingen en 87m2 steensmuren 34:  45m3 36:  48m2 met omheining 38:  93m2 beton in de schuur 39:  pannen 40:  28m2 boven woonhuis 41:  Regenwaterput met pomp, waterleiding in woonhuis en bedrijf 43:  Waterleiding tot in de voerbakken 44:  33m voor bedrijf 47:  Electra in alle gebouwen 48:  Krachtstroom en 2 buitenlichtpunten;1
"30/32:  48m steensfundering en 15m2 steensmuren (beiden van de keldermuren). 34:  5m3 38:  deel; 15m2 beton 41:  waterleiding 45:  6m 47:  verlichting";1
30/32:  51m 1,5 steensfundering 34:  12m3 38:  deel in stalling was van cement 41:  hydrophoorinstallatie 44:  36m 47:  in woning en alle bedrijfsgebouwen: electriciteit 48:  krachtstroom, aansluiting electrisch koken en 4 buitenlichtpunten.  Zie ook bestek Elst 84, het overkappen van een bestaande veldoven voor een teì maken graanschuur.;1
"30/32:  52m steensfundering en 72m2 steensmuren 34:  30m3 35:  1 stuks; groot 15m3 36:  45m2 met omheining en betonvloer 38:  166m2 beton in de schuur 39:  pannen 41:  3 stuks geslagen pompen 47:  butagas";1
30/32:  55m funderingen te verzwaren, 17m steensfundering, 44m2ì         steensmetselwerk 34:  20m3 39:  Schuur, stalling en bijschuur: pannen 41:  Welput met 2 pompen 43:  Uit welput met pomp en buis naar voerbak 44:  18m aan gevelzijde van stalling 47:  petroleum;1
30/32:  66m steensfundering en 85m2 steensmuren 34:  30m3 36:  45m2 met omheining en betonvloer 38:  schuur: 145m2 beton/ 140m2 leem. Karschuur:  58m2 leem 39:  muldenpannen 41:  put met pomp 47:  petroleum;1
30/32:  6m steensfundering 34:  1 van 13m3, 2 stuks totaal 8m3 35:  1 stuks 38:  Alle bedrijfsvloeren van beton 39:  Achterhuis en woning: riet. Schuur, wagenloods en hooiberg: stro. Bakhuis:ì      pannen. 40:  Op zolder van woning 36m2 41:  Pomp op nortonput 47:  Electra 48:  Krachtstroom en 1 buitenlichtpunt;1
30/32:  76m steenswerk fundering 34:  35m3 36:  Overdekt, vloerconstrucir: vaste grond. 38:  Dorsvloer: 80m2 beton 39:  Schuur Meeldenpannen 40:  In woning 41:  Welput met pomp 43:  uit welput met pomp met losse buizen naar voerbak. 47:  Electriciteit 48:  Krachtstroom;1
"30/32:  7m steensfundering vd achtergevel 34:  10m3 34:  10m3 35:  1 stuks; inhoud 20m3 36:  36m2 met omheining 39:  pannen 41:  1 welput met pomp 47:  petroleum";1
30/32:  83m steensfunderingen en 100m2 steensmuren 38:  gehele schuur betonvloer 47:  Electricitrit;1
30/32:  9m fundering en 65m muren 39:  Pannen 48:  Krachtstroom;1
30/32:  9m halfsteensfundering en 48m2 halfsteensmuren 34:  6m3 38:  48m2 beton in de schuur 39:  pannen met stropoppen 40:  28m2 boven woonhuis 41:  welput met pomp en geborde pomp 47:  petroleum;1
30/32:  Alle funderingen en muren behalve 85m2 steenswerk 38   :  Betonvloeren 39   :  Stal: riet en pannen, silo: gang hout met mastiek, woonhuis: riet,         5-roedige berg: riet, houten loods: pannen, 4-roedige hooiberg: riet,         veeschuur: pannen, hangar: golfplaten, wagenschuur: eternitgolfplaten,         kippenhok: hout met asphalt 41   :  Gepulste bron met pomp 47   :  Petroleum  Datum van de vragenlijst was niet vermeld.;2
30/32:  Alle funderingen en muren behalve achtergevel. 38:  Schuur: betonvloer 47:  Electriciteit 48:  Krachtstroom;1
30/32:  Fundering 43m steenswerk en 15.36m halfsteenswerk         Muren 75m2 steenswerk en 15m2 halfsteenswerk 34:  10m3 38:  Deel van beton 39:  Pannen en riet 44:  20m 47:  Electriciteit 48:  Buitenlichtpunt;1
30/32:  Funderingen: 30m steens en 8m halfsteens 33:  Gehele woning was onderkelderd 34:  45m3 36:  Overdekt 38:  Leem 39:  Achterhuis: riet, rest: pannen 40:  Graanzolder op gehele 3e verdieping van de woning 41:  Hydrophoorinstallatie 43:  Voor paardenstallen 5 stuks betonnen drinkbakjes 44:  50m 45:  30m 46:  50m 47:  Electriciteit 48:  Krachtstroom, electrisch koken, 4 buitenlichtpunten 50/51:  4 vaste wastafels plus 1 wasbakje. Badkuip. 52:  Over 2 woonlagen  Zie ook bestek Elst 40, het definitief herstel van een landarbeiderswoning.;1
30/32:  Funderingen: 6.5m halfsteenswerk, 208m 1,5 steenswerk, 18 gebintklippen 38:  Deel 390m2 beton, verder 1080m2 leem 39:  Woning: dakhout onder leien. Bedrijfsruimten: asphalt met gaas onderì      pannen 40:  50m2 in woning 41:  Regenwaterput met pomp, reservoir met hand- en zuigperspomp,ì      hydrophoorinstallatie 43:  Ieder dier een bakje. Lage druk. 44:  Woning 76m, bedrijfsruimte 176m, kilgoot 35m 46:  60m 47:  Electriciteit 48:  Krachtstroom (groot- en kleinkracht), aansluiting electrisch koken, 2ì      buitenlichtpunten. 50/51:  2 wastafels + 1 handwasbak, douche en badkuip 52:  plus warmwatervoorziening;1
30/32:  Funderingen: 8m halfsteenswerk en 41m steenswerk. Tevens 2.5m2ì         kelderwand 34:  13m3 38:  Beton in deel achterhuis 39:  Riet 41:  Welput met pomp 47:  Petroleum 58:  Rookkast op zolder;1
"30/32:  Gedeelte van de funderingen 38:  Deel 400m2; tasruimte grote schuur 582m2; garage 16m2 beton 39:  Woning: pannen w.o. dakhout, bedrijfsgebouwen: pannen w.o. asphalt met       gaas. 40:  25m2 in bedrijf 41:  3 regenbakken waarvan 2 met pomp + electrisch aangedreven hand-ì      zuigperspomp 43:  Geëmailleerde ijzeren bakjes met vlotterinstallatie 44:  184m en 60m plat tussen beide schuren 46:  50m 47:  Electriciteit overal 48:  Krachtstroom, aansluiting voor electrisch koken, 2 buitenlichtpunten 49:  Overal 50/51:  4 wastafels en 1 handwasbakje + badkuip en douche 52:  En warmwatervoorziening. 58:  Bedrijfs W.C.";1
30/32:  Geheel 34:  ca. 20m3 38:  leem 39:  pannen waaronder stropoppen 40:  30m2 boven de woning 41:  put met pomp 44:  ca. 20m 47:  electriciteit 48:  krachtstroom;1
30/32:  Gehele funderingen. Muren: 75m2 steenswerk en 30m2 halfsteenswerk. 34:  15m3 38:  Koestal & varkenshokken (45m2) en dorsvloer (23m2) :beton 39:  Woning, koestal en schuur: pannen 41:  Welput met pomp & regenwaterput zonder pomp 44:  10,5m 47:  Electriciteit;1
30/32:  Zie bestek en tekening 39:  Pannen en gedeeltelijk asphalt 44:  ca. 60m2 47:  Overal electriciteit 48:  Krachtstroom en buitenlichtpunt;1
30/32:  Zie tekening 38:  Deel: 330m2 beton en 322m2 geteerd leem      Tasruimte: 277m2 beton en 424m2 geteerd leem 39:  Dakpannen w.o asphalt met gaas 41:  Put met pomp, 2 regenwaterputten met pomp, reservoir met       hand- en zuigperspomp 43:  Automatisch met vlotterinstallatie 44:  90m 46:  56m 47:  Overal electriciteit 48:  Krachtstroom (dors- en kleinkracht), 1 buitenlichtpunt 58:  Bedrijfs W.C.;1
30/32:  achtergevel en zijgevel veldschuur 34:  1*40m3 en 1*10m3 35:  3 stuks 12m3 per silo 36:  met overkapping 38:  mestvaalt      : 80m2 bestrating      wagenberging/deel : 80m2/60m2 beton      veldschuur: 220m2 sintels       rijtuigenruimte: 25m2 beton 39:  woning: riet en panne, bedrijf: pannen 40:  boven mestvaalten berging voor gedorst graan. Eveneens boven melkkamer,ì spoelkeuken en bakhuis 41:  hydrophoorinstallatie met electrisch gedreven pomp op diepboring 43:  16 gietijzeren drinkbakjes 44:  16m varkenshuis en 48m zakgoot 45:  rondom gebouw was ca. 300m2 druipstraat en bestrating 47:  electriciteit 48:  krachtstroom en 1 buitenlichtpunt 58:  spekkast, pekelbak, koelbak (18 bussen), veevoederfornuis en bedrijfs WC.;1
30/32:  funderingen 18m hlfsteen, muren 155m steen 38:  beton 40:  20m2 in woning 41:  bron, hydrophoor, regenwaterput, 14 tappunten 44:  21m aan woning 45:  30m 47:  electriciteit 48:  krachtstroom en 2 buitenlichtpunten 50/51:  3 wastafels;1
30/32:  funderingen muren achterhuis: 32.2m steenswerk 33:  achter de keuken op de deel was een kelder met opkamer 34:  2m3 38:  leem 39:  gedokte pannen 41:  1 geslagen pomp en 1 regenwaterput 45:  24m;1
30/32:  funderingen: 70m steenswerk en 5m halfsteenswerk. Tevens 50m2ì steensmuurwerk 38:  klinkers 40:  in woning 41:  2 pompen 44:  rondom woning en 21m aan bedrijf 45:  9m 47:  electriciteit;1
30/32:  funderingen: 9m steenswerk van de wagenschop         muren: 22m2 steensmetselwerk        tevens benut: 2 bestaande spanten        , 18m gording van rondhout en 36m opleggers van rondhout 34:  30m3 35:  1 stuks, inhoud 19m3 38:  262m2 beton in de korenschuur 39:  pannen 41:  1 geslagen pomp 47:  electra 48:  krachtstroom;1
30/32:  zie tekening 34:  5m3 38:  straatwerk in schuur 40:  in woning en bestaande schuur 41:  1 pomp + hydrophoorinstallatie in verwoeste schuur 43:  12 drinkbakjes 47:  electriciteit 48:  krachtstroom en 1 buitenlichtpunt;1
"30/32:  zie tekening 38:  dorsvloer, tas 66m2 en bijschuur dorsvloer; beton 41:  welput met pomp en regenwaterput 43:  automatische drinkbakjes met leidingen 44:  50m 47:  electriciteit 48:  windcharger met aardleiding 50/51:  3 wastafels 58:  koelbak, rookkast, spekkast en veevoederfornuis";1
30/32: Funderingen : 36m halfsteenswerk en 29m steenswerk        Muren       : 51.6m2 halfsteenswerk en 37.5m2 steenswerk 34   : 20m3 36   : Boven de gierkelder 38   : Deel: 44m2 beton, tas: leem 26m2 39   : Pannen, gaas en asfalt 40   : ca. 20m2 boven woning 41   : Welput met pomp, regenwaterput zonder pomp 44   : Rondom, woning: 14.5m, bedrijf: 26.5m 47   : Petroleum;1
30/32: Stal 81m steenswerk funderingen        Woning 38m steenswerkfunderingen en 13m hafsteenswerk funderingen        Muren woning 17m2 steenswerk 33:  Provisiekelder onder opkamer 34:  2 stuks 35:  2 stuks 36:  30m2 met overkapping 38:  Dorsvloer 112m2 en wagenloods 25m2 beton. Machinerie- en wagenloods: 59m2 ì      straatwerk 40:  50m2 in woning 41:  Welput met pomp en regenwaterput met pomp 43:  Vanaf pomp in tank, daarna met leiding in de goten 44:  25m 45:  13.5m 58:  Pekelbak, koelbak, 4 gemetselde meelbakken;1
3001;1
30111967;3
3095;1
31 - situatie opgenomen door L. Brandts Buys en H. Bakker VII 1942 - getekend m.b.v. kadastrale gegevens;1
31011977;1
31101973;1
3121227;1
"32
01011941";1
329/A/01;1
329/A/02;1
33;1
33 - Blad 1 - opgemeten door Ir. G.E. Dijkstra (1932) en L. Brandts Buys (1941-1971). Getekend door L. Brandts Buys;1
33 - Blad 2 - opgemeten (1941-1971) en getekend door L. Brandts Buys;1
"33. 2 stuks  34. 10 m3  38. op deel 21m2 bestrating  39. stalling: pannen. Woning: pannen waaronder gepleisterde rietlatering  41. welput en bron; beiden met pomp, regenwaterput  47. electriciteit  48. 1 buitenlichtpunt";1
33. 30 m2  34. 50 m3  36. 45 m2 met overkapping en betonvloer  38. beton in schuur en melkhuis  39. pannen  40. 80 m2 boven woonhuis  41. welput met pomp, regenwaterput & reservoir met zuigperspomp  43. met betondrinkbakjes  44. 12m  47. ellectriciteit in alle gebouwen  48. krachtstroom & buitenlichtpunt;1
330/A/01;1
330/A/02;1
33091 Scheepjeserf 1;1
3349;2
335/A/03;1
3382a;1
3383;1
3385;1
3394;1
3395;1
3397;1
33:  10m2 onder woongedeelte 34:  ca. 10m3 35:  ca. 6m3 38:  130m2 leem in deel en bergplaats 39:  machinale pannen 40:  40m2 boven woongedeelte 41:  geslagen pomp 47:  petroleum 58:  pekelbak in de kelder;1
33:  2 stuks onder woonhuis, 1 stuks provisiekelder en 1 stuks bedrijfskelderì 28m2 34:  63m3 36:  met omheining en betonvloer, groot 36m2 38:  leem: 220m2 in schuur en 45m2 in berging 39:  pannen 40:  41m2 boven woonhuis 41:  welput met pomp 47:  electra in alle gebouwen 48:  krachtstroom en buitenlichtpunt 58:  pekelbak, spekkast, melkkoelbak, melkverkooplokaal (2*2m);1
33:  2e kelder was als fruitberging in gebruik 34:  6 stuks, 40m3 36:  Overdekte mestplaat 38:  Beton 40:  In woning 41:  3 pompen en 3 regenwaterputten 44:  Rondom woning. Bedrijf: 20m goot en 32m dakgoot 45:  20m 46:  20m 47:  Electriciteit 48:  4 Krachtstroomcontacten, aansluiting electrisch koken, 5 buitenlichtpunten;1
33:  Alsmede een aparte kolenkelder 34:  ca. 30m3 36:  40m2 met omheining en betonvloer 38:  deel koestal: 84m2 steen. Wagenschuur/ deel 80m2 leem. Karschuur 52mm2ì leem 39:  pannen waaronder strodokken. Varkensstal: machinale pannen 40:  40m2 boven de woning 41:  put met pomp en regenwaterput met pomp 44:  23m 45:  81m 46:  10m 47:  electriciteit 48:  krachtstroom;1
33:  Bedrijfsleider 30m3 in de schuur 34:  20m3 35:  2 stuks. Beiden inhoud van 8m3 38:  Schuur en overdekte plaats: 80m2 beton. Grote graanschuur + schop: 99m2ì      leem 39:  Pannen 40:  Boven woning en varkensstal ca. 50m2 41:  Put met pomp, regenwaterput met pomp, waterleiding met 6 tappunten 43:  5 grésdrinkbakken in koestal aangesloten op vlotterbak en waterleiding 44:  26m 47:  Electriciteit 48:  Krachtstroom, aansluiting voor electrisch koken, 1 buitenlichtpunt 50/52:  2 wasbakken op de slaapkamers 58:  gemetselde koelbak en gemetselde pekelbak;1
"33:  Diende niet als bedrijfskelder 36:  33m2 met overkapping 38:  Dorsvloer en bergruimte beton en/of stenen; totaal 134m2 40:  25m2 in de woning 41:  Welput met pomp 45:  Langs 1 zijde der stal 13.2m 47:  Electriciteit in woning en stal 48:  Krachtstroom in schuur en 1 buitenlichtpunt";1
33:  Er waren nog fruit- en bietenkelders tot een opp. van 60m2 38:  Veldschuur beton, varkensschuur steen 39:  Riet en pannen 40:  In woning 41:  Hydrophoorinstallatie 45:  50m 47:  Electriciteit 48:  Krachtstroom, 2 buitenlichtpunten;1
33:  Gehele woning was onderkelderd 34:  35m3 36:  100m2 met vloeren en ommuring van 1.60m 38:  Betonvloeren behalve veldschuur 39:  Achterhuis, veldschuur en varkenshuis: pannen. Veeschuur: pannen metì stopriet. 40:  20m2 op woningzolder 41  2* geslagen put met pomp 44:  39m 45:  16m 47:  Electriciteit 48:  Krachtstroom, 3 buitenlichtpunten;1
33:  Twee stuks 12m2 en 28m2 34:  Onder varkensstallen 30m3 35:  Drie stuks, ca 8m3 inhoud per stuk 36:  Overdekte mestplaat met leemvloer, oppvl. 35m2 38:  Deel: 45m2 beton , wagenloods: 38m2 leem , schuur: 123m2 beton 39:  Pannen w.o. strodokken 40:  Boven woonhuis, 40m2 41:  Put met pomp: 5m , reservoir: 2.5m3 , reservoir met elect.pomp 43:  Drinkbakjes aangesloten op electrische pomp 44:  Bij varkensstallen ca 10m 45:  Bij deel en koestal ca 10m 47:  Electriciteit in woning, stallen, schuur, hooizolder 48:  Krachtstroom in schuur, buitenlichtpunt bij schuur 58:  Twee pekelbakken in de kelder, drie blinden aan voorkant;1
33:  ca. 15m2 34:  11m3 38:  45m2 beton in schuur 39:  Pannen met poppen 40:  ca. 40m2 boven woning 41:  Put met pomp 47:  Electriciteit 48:  Krachtstroom in schuur;1
34 - Blad 1 - getekend naar een opmeting van R. Royaards-Ten Holt, 1972 (SHBO 332), door L. Brandts Buys 1973;1
34 - Blad 2 - getekend naar een opmeting van R. Royaards-Ten Holt, 1972 (SHBO 332), door L. Brandts Buys;1
34-Blad 3;1
34. 24 m3  38. dorsvloer : 25 m2 hout, wagenberging : 39,5 m2 bestraat  39. dakbeschot - pannen  40. 36 m2 in bedrijfsgedeelte  41. 2 regenwaterputten met 1 pomp  43. drinkbak boven de voerbak  44. 74 m  47. petroleum;1
34. gierkelder 2000 liter 38. dorsvloer:hout 22m2 , kleine tas:straatwerk 11m2 39: schuur no.3: golfplaten 40: 10m2 op zolder van woning 41: welput met pomp en een regenwaterput  45: langs schuur : 1m breed 47: electra in woning 58: 1 houten damhek  Kad. sectie : tevens E 841;1
3410;1
349;1
"34:  1 van 30m3 en 1 van 10m3 35:  2 stuks à 30m3 36:  Met 11m omheining en vaste grond vloerconstructie 38:  In schuur 111m2 beton 39:  Woning, stalling en schuur: 50% pannen, 50% riet 40:  55m2 op zolder woning 41:  2 welputten met pomp 43:  Uit welput naar koelbak en van daar met buizen naar voerbak 44:  Achterzijde boerderij 21m 47:  Electriciteit in woning, stalling en schuur 48:  Krachtstroom in de schuur 58:  Pekelbak van metselwerk halfsteens. Groot: 150*60*60      Koelbak   ""    ""   ""     ""    ""       ""    200*50*60      Spekkast  ""    ""   ""     ""    ""       ""    120*100*60";1
34:  1,5m3 38:  Deel 11m2 bestrating 39:  Riet met pannen 41:  Pomp op welput 45:  48m 47:  Petroleum;1
34:  1,5m3 38:  In tasruimte en deel: leem. Totaal 130m2 39:  Woonhuis: hout onder pannen. Bedrijfsgebouw: pannen met dokken 40:  45m2 in de woning 41:  Put met pomp, regenwaterput met pomp 44:  24m 45:  16,75m 47:  Electriciteit door de gehele boerderij 48:  Krachtstroom en 1 buitenlichtpunt;1
34:  1.5m3 38:  dorsvloer van hout, 21m2 39:  schuur: pannen waaronder stropoppen. Berghok: stro 40:  in woning 41:  welput en regenwaterput 44:  11,5m 47:  petroleum;1
34:  102m3 en 10m3 (2 stuks) 36:  60m2 met omheining 38:  deel achterhuis 70m2, machineloods 65m2 en karloods 55m2: beton 40:  14m2 boven woonhuis 41:  waterleiding, 1 pomp op welput en 1 pomp op puntstuk 44:  7m woning en 14m bedrijf 45:  16m 47:  Electriciteit 48:  Krachtstroom, electrisch gekookt en 2 buitenlichtpunten  Zie ook bestek Arnhem 7, bouw van een boerderij;1
34:  10m3 35:  1 st., 15m3 inhoud 38:  36m2 beton in de schuur 39:  pannen 40:  18m2 in woonhuis 41:  1 welput met pomp 47:  electra;1
34:  10m3 35:  2 stuks. Beiden 8m3 inhoud 38:  deel koestal: 20m2 steen, deel schuur: 30m2 beton, deel schuur 105m2 leem 39:  hoofdgebouw: muldenpannen. Schuur: pannen waaronder strodokken. 40:  30m3 boven de woning 41:  put met pomp 47:  petroleum;1
34:  10m3 36:  14m2 38:  leem 39:  achterhuis pannen, grote schuur riet, varkensschuur beschieting      met pannen, wagenloods riet. 40:  op woningzolder 41:  1 pomp op put, 1 geslagen pom 44:  22m 46:  5m 47:  electriciteit 48: krachtstroom;1
34:  10m3 36:  15m2 met betonvloer en omheining 38:  78m2 leem in de schuur 39:  Pannen 40:  20m2 boven woonhuis 47:  Butagas;1
34:  10m3 36:  20m2 38:  60m2 betonvloer in schuur 39:  1/2 pannen, 1/2 stro 40:  12m2 op zolder boven woongedeelte 41:  Welput met pomp 43:  Met buis van pomp naar voergoot 45:  7m lang en 3,5m breed langs bedrijfsgedeelte 47:  Electriciteit in woning, stal, varkenshokken, paardenstal en schuur 48:  Krachtstroomaansluiting voor 3 P.K. motor. 58:  Gemetselde pekelbak;1
34:  10m3 36:  28m2 mey omheining en betonvloer 38:  beton en leem in de schuur 39:  pannen met stropoppen 40:  40m2 boven het woonhuis 41:  1 welput met pomp 45:  38m 47:  petroleum;1
34:  10m3 36:  mestput met overkapping 38:  deelvloer in achterhuis bestraat, overige gedeelten geteerd 40:  in woning 41:  4 pompen 45:  90m 47:  electriciteit 48:  krachtstroom en 2 buitenlichtpunten;1
34:  10m3 38:  16m2 beton op deel 41:  welput met pomp 44:  7,5m 47:  electriciteit 48:  buitenlichtpunt;1
34:  10m3 38:  Deel bestrating 39:  Riet met pannen 41:  Pomp op put 45:  26m 47:  Petroleum;1
"34:  10m3 38:  Deel in schuur van beton; 20m2 39:  Bijschuur, karschuur en varkenshok: pannen 40:  20m2 in woning op zolder 41:  Welput en reservoir 47:  Petroleum";1
34:  10m3 38:  Deel: 168m2 leem 39:  Riet 40:  ca. 30m2 in woning 41:  Welput met pomp 47:  Electriciteit behalve in bijschuur en varkensstallen;1
34:  10m3 38:  Karschop ca. 22m2 beton en deel koestal ca. 10m2 steen 39:  woonhuis en stalling: pannen waaronder strodokken. Karschop en kippenhok:ì asbestcementgolfplaten 40:  20m2 boven de woning 41:  put met pomp 47:  petroleum;1
34:  10m3 38:  dorsdeel: 35m2 beton, tas: 40m2 leem 39:  pannen waaronder stropoppen 40:  24m2 boven de woning 41:  bron met pomp 47:  petroleum;1
34:  11m3 35:  2 stuks, elk 10m3 groot 38:  leem. 96m2 in schuur en 26m2 in berghok 39:  pannen met stropoppen 40:  24m2 boven woonhuis 41:  welput met pomp 47:  petroleum;1
34:  11m3 35:  8m3 inhoud 36:  met omheining 38:  deel bij koestal 30m2 en deel bij paardenstal 35m2: beton 39:  muldenpannen 40:  ca. 30m2 boven varkensstal 41:  put met pomp 47:  spiritus voor woning, petroleum voor bedrijf;1
34:  12,5m3 38:  80m2 leem in schuur en karschop 39:  pannen waaronder strodokken 40:  25m2 boven de koestal 41:  Put met ophaalinrichting 45:  36m 47:  petroleum;1
34:  12m3 36:  Zonder overkapping, met omheining. 80m2 38:  Vloeren van beton 44:  17m;1
34:  12m3 36:  met omheining en betonvloer, oppervlakte 30m2 38:  22m2 beton in tasruimte op koestal 39:  pannen met stropoppen 40:  32m2 boven woonhuis 41:  welput met pomp 45:  20m 47:  butagas in woonhuis en stalling;1
34:  12m3 38:  50m2 beton en 102m2 leem in de graanschuur 39:  pannen met stropoppen 40:  28m2 boven woonhuis 41:  welput met pomp 47:  petroleum;1
34:  13m3 35:  2 stuks. 18m3 inhoud per stuk 36:  44m2 zonder overkapping, met omheining en betonvloer 38:  145m2 beton in de schuur 39:  pannen 41:  1 welput met pomp 44:  18m aan varkensstallen 47:  petroleum;1
34:  14m3 35:  1 stuks, groot 7m3 38:  beton. 18m2 in machineberging en 25m2 in karschop 39:  pannen 40:  38m2 41:  2 welputten met pompen 47: petroleum;1
34:  14m3 36:  Met omheining en 30m2 betonvloer 38:  56m2 betonvloer in schuur A-3 39:  Pannen met stropoppen 41:  Welput met pomp, 1 geslagen pomp 47:  Electra in woonhuis, koestal en varkensstal van boerderij B. Boerderij A:ì petroleum;1
34:  15000l 38:  Betonvloeren in schuur en bijschuurtje groot 55m2 39:  1/2 riet, 1/2 pannen 40:  Op zolder van het woonhuis 41:  Put 43:  2 stuks grèspotten met gemetseld reservoir buiten bij de put 44:  14m 45:  13m 47:  Electriciteit in woning en stal;1
34:  15m3 35:  1 stuks met inhoud van 8m3 36:  25m2 met betonvloer 38:  deel koestal voor: 35m2 beton, achter: 45m2 beton. Karschuur: 50m2 steen. 39:  half riet half pannen. Varkensstal: pannen waaronder strodokken 40:  30m2 boven de woning 41:  put met pomp 44:  20m 45:  36m 47:  electriciteit 48:  krachtstroom 58:  2 gemetselde pekelbakken;1
34:  15m3 36:  18m2 met omheining en betonvloeren 38:  72m2 beton in verwoeste schuur 39:  Pannen 41:  Waterleiding in woonhuis en stal. Totaal 2 tappunten 47:  Electra in woonhuis, stal en schuur 48:  Krachtstroom;1
34:  15m3 38:  56m2 beton op dorsdeel, 48m2 leem in schuur 39:  pannen en stropoppen 40:  28m2 boven woonhuis 41:  welput met pomp 47:  petroleum;1
34:  15m3 38:  Stenen vloer 40:  Boven stallen 41:  Hydrophoor en Sihi pomp in woning 43:  Zelfvullers cementbakjes 44:  20m aan bedrijf 45:  10m 46:  12m 47:  Electriciteit 48:  2 buitenlichtpunten  Zie ook bestek Elst 58, het definitief herstellen van 2 woningen.;1
34:  15m3 38:  dorsdeel 46m2 beton 39:  half riet en half pannen. Onder de pannen stropoppen 41:  welput 47:  petroleum;1
34:  16,5m3 38:  Beton en straatwerk 39:  Pannen 40:  10m2 in woning 41:  3 Pompen en aansluiting op de waterleiding 44:  19m 45:  5m 46:  6m 47:  Electriciteit en gas 48:  3 Buitenlichtpunten 50/51:  2 Dubbele wastafels en 2 enkele wastafels;1
"34:  16.000l 36:  32m2 38:  Achterhuis leem; deelvloer half klinkers, half leem 40:  In woning 41:  2 geslagen pompen, 1 pomp op put 44:  22m aan bedrijf 45:  25m 47:  Electriciteit 48:  1 butenlichtpunt";1
34:  16000 l 38:  Deel: 28m2 en schuur: 32m3 =>betonvloer 40:  Vrije ruimte op zolder 41:  Welput met pomp 45:  23m 47:  Electriciteit;1
"34:  16m3 36:  met omheining en betonvloer; 24m2 38:  20m2 leem op de deel en 24m2 beton in tasruimte bij de koestallen 39:  pannen en stropoppen 40:  26m2 boven woonhuis, 20m2 boven varkensstallen 41:  Bergen 69 1 pomp met bron, Bergen 68 1 pomp met bron 47:  Bergen 69 petroleum, Bergen 68 electra";1
34:  16m3 38:  63m2 in schuur en dorsdeel en 28m2 op de deel: beton 39:  pannen met stropoppen 40:  28m2 boven woonhuis 41:  gepulste pomp en welput zonder pomp 47:  petroleum;1
34:  16m3 38:  Deel: klinkervloer 39:  Woonhuis: pannen, achterhuis: pannen en riet 41:  Bron met pomp 44:  17m voor woning 45:  51m 47:  Petroleum;1
34:  17m3 35:  Doorsnede 3m, diepte 2.30m 38:  Deelvloer en stallen: beton 39:  Voor- en achterhuis: riet, overige gebouwen pannen en golfplaten. 41:  Een nortonpomp 45:  15m2 47:  Petroleum;1
34:  18m3 36:  Met omheining, 18m2 38:  Deel klinkervloer, deel schuur betonvloer 39:  Riet 41:  Pomp op put, bron met pomp 45:  ca. 39m 47:  Petroleum;1
34:  1m3 35:  1 stuks, groot: 14m3 38:  leem op de deel 39:  pannen, met stro tussen de kepers onderlaten 41:  1 welput en 1 geslagen pomp 47:  petroleum;1
34:  2 stuks, 10m3 en 7m3 35:  Doorsnede 3m- diep 2m 36:  Zie reconstructietekening 38:  Deel van verwoeste schuur: beton 47:  In varkensschuur: electriciteit en 2 lichtpunten;1
34:  2 stuks, 10m3 en 7m3 36:  30m2 met omheining 38:  deel bestrating 41:  waterleiding 45:  29m 47:  electriciteit 48:  buitenlichtpunt;1
34:  2 stuks. Totaal 38m3 35:  2 stuks. Totaal 28m3 inhoud. 38:  Beton in schuur 39:  Pannen 41:  Welput met pomp 47:  Petroleum  Zie ook bestek Well 36, het definitief herstel van een boerderij.;1
34:  2000 l. 38:  6*3,20 beton en 10*3,20 leem 39:  Pannen en stro;1
34:  20m3 36:  15m2 met betonvloer 38:  80m2 beton in schuur 39:  pannendak en stropoppen  Zie ook bestek Well 123, het doen van herstellingen;1
34:  20m3 36:  Achter varkenshuis 38:  Alle gebouwen met beton. Straatwerk op tegels ( ook korenschuur) 39:  Woning pannen en gedeeltelijk beschoten, achterhuis en bijschuur ged.ì pannen gedokt, korenschuur asbestplaten, wagenberging rieten dak. 40:  Korenberging boven wagenberging 41:  Woning 2 pompen (1 geslagen, 1 op put). Bedrijf 4 geslagen pompen. Regenwaterput 45:  Langs alle gebouwen 47:  Electriciteit 48:  2 krachtstopcontacten en 2 buitenlichtpunten 50/51:  1 handwasbakje 58: koelbak, bedrijfs WC, spekkamer, gemetseld veevoederfornuis.;3
34:  20m3 36:  Mestput met overkapping 38:  Dorsvloer in schuur van beton 36m2 39:  Schuur gedekt met eternietgolfplaten 40:  In woning 41:  Welput zonder pomp, regenwaterput zonder pomp 47:  In woning en stalling;1
34:  20m3 36:  Op gierkelder 38:  Gedeeltelijk (30m2) bestrating in veldschuur 47:  2 Lichtpunten in stalling;1
34:  20m3 38:  30m2 beton en 46m2 leem 39:  pannen met stropoppen 41:  welput met pomp 47:  electra in graanschuur en paardenstal;1
34:  20m3 38:  Deel beton 34m2, tas beton 72m2, wagenloodsen: leem. 41:  Welput met pomp ringen 47:  Electriciteit 48:  Krachtstroom  Datum niet vermeld.;1
34:  20m3 38:  In schuur 57m2 van beton 39:  Woning, stalling en schuur voor 30% met pannen en 70% met riet gedekt.      Karschop voor 30% met pannen en 70% met stroo gedekt.      Drie stuks kippenhokken met pannen gedekt. 41:  Welput met pomp 44:  7m 47:  Electriciteit in de woning en stallingen 48:  Krachtstroom 58:  Gemetseld veevoederfornuis;1
34:  20m3 38:  Schuur 108m2 beton 39:  Schuur pannen 40:  In de woning op zolder 41:  Welput met pomp, regenwaterput zonder pomp 47:  Electriciteit 48:  Krachtstroom;1
"34:  20m3 38:  Schuur; 12m2 beton en 65m2 leem 39:  Stro met pannen 40:  Vrije ruimte op zolder 12m2 41:  Bron met pomp 47:  Electriciteit in woning en stal 48:  Krachtstroom 58:  Rookschouw";1
34:  20m3 38:  schuur 49m2 leem en 49m2 beton, kippenhok 24m2 beton 39:  muldenpannen zonder stropoppen 47:  petroleum;1
34:  21m3 36:  Potstal 38:  In tasruimte en deel betonvloer 120m2 40:  Vrije ruimte boven woongedeelte 15m2 41:  Welput met pomp 43:  Voor koeien een drinkgoot die de gehele dag gevuld was met water d.m.v.ì      buis vanaf pomp. 44:  2m boven achterdeur bedrijfsgedeelte 47:  Electriciteit 48:  Krachtleiding 58:  Pekelbak en rookschouw;1
34:  22m3 35:  1 silo, doorsnede 3m. Hoog: 1,5m 38:  deel in schuur: leem 47: electriciteit;1
34:  24m3 35:  1 st. inhoud 8m3 36:  40m2 met betonvloer 38:  schuur: 106m2 beton, karschop:  22m2 leem. 39:  Muldenpannen. Varkensstal: stopriet 40:  26m2 boven woning 41:  Bron met pomp en reservoir. Regenwaterput zonder pomp 43:  5 gresdrinkbakjes 45:  ca. 11m 47:  Petroleum;1
34:  24m3 38:  18m2 beton in schuur 3, 16m2 leem in schuur 4 39:  pannen met stropoppen 40:  18m2 41:  1 welput met pomp 47:  petroleum;1
34:  24m3 38:  64m2 beton in de schuur 40:  15m2 op zolder in de woning 41:  Welput met pomp 47:  Electriciteit 48:  Krachtstroom  Datum vragenlijst niet vermeld.;1
"34:  24m3 38:  leem in deel; steen in wagenhok 39:  riet 40:  24m2 boven woning 41:  welput met pom 43:  8 stuks betonnen drinkbakken in de koestal 45:  24m 47:  electriciteit 48:  krachtstroom, aansluiting electrisch koken, 1 buitenlichtpunt";1
34:  25m3 38:  438m2 beton in schuur 39:  woonhuis en stalling: pannen. Schuur: cement. 40:  20m2 boven woonhuis 41:  2 pompen op een welput 47:  petroleum;1
34:  25m3 38:  beton op den deel 39:  pannen 40:  25m2 boven het woonhuis 41:  1 welput met pomp 47:  petroleum;1
34:  2m3 36:  12m2 38:  beton 39:  riet en pannen 40:  in woning 41:  1 pomp op puntstuk 45: 10m 47:  electticiteit;1
34:  2m3 36:  3*4m 38:  Beton 39:  Pannen 40:  Op woningzolder 41:  1 geslagen pomp 45:  12m 47:  Electriciteit 48:  Aansluiting electrisch koken;1
34:  2m3 36:  42m2 38:  1/2 beton, 1/2 leem 39:  2/3 riet, 1/3 pannen 40: op woningzolder 41:  1 geslagen pomp en 1 perspomp met reservoir 45:  40m 47:  electriciteit 48:  krachtstroom;1
34:  2m3 36:  Mestput met vloer 3,80*5,50m 38:  Beton 39:  2/3 riet, 1/3 pannen 40:  op woningzolder 41:  2 geslagen pompen 45:  10m 47:  Electriciteit;1
34:  2m3 38:  Leem 39:  Riet 40:  In woning 41:  1 pomp op put 45:  5m;1
34:  2m3 38:  beton 39:  pannen 41:  1 pomp op put 47:  electriciteit geheel in grote schuur 48:  krachtstroom;1
34:  2m3 38:  geteerde leemvloer, in vrijstaand schuurtje betonvloer 40:  in woning 41:  pomp op put 45:  34m 47:  electriciteit 48:  1 buitenlichtpunt;1
34:  2m3 38:  leem 41:  pomp 45:  23m 47:  electriciteit;1
34:  2m3 39:  beschoten kap met pannen 41:  bron met pomp en regenwaterput zonder pomp 44:  13,6m 48:  buitenlichtpunt;1
34:  2m3 39:  pannen met stropoppen 41:  welput zonder pomp 47:  electra;1
34:  3 stuks 35:  Doorsnede 5m, 1,10m hoog 38:  Dorsvloer 38.4m2: leem 40:  In woning en boven paardenstallen in karnhuis met veestallen (nr. 2) 44:  24m aan karnhuis met veestalling (nr. 2) 47:  Petroleum;1
34:  3000 l. 38:  In schuur 77,5m beton 39:  1/2 riet, 1/2 pannen 40:  Op zolder woonhuis 41:  Welput met pomp, regenwaterput zonder pomp 44:  38m3 46:  35m 47:  Electriciteit in gehele boerderij 48:  Krachtstroom en buitenlichtpunt 58:  Pekelbak, koelbak, spekkast;1
"34:  30m3 35:  1 stuks; groot 15m3 36:  30m2 met betonvloer 38:  beton: 118m2 in schuur 3 en 136m2 in schuur 6 39:  pannen met stropoppen 41:  welput met pomp 43:  met gresdrinkbakjesen buisleiding vanaf de pomp 47:  electra 48:  krachtstroom";1
34:  30m3 35:  2 stuks 36:  In het gebouw ter plaatse van de koestal. 40m2 38:  Schuur 187m2 leem. Deel en varkensstal: 76m2 steen 39:  Pannen met strodokken 40:  ca. 50m2 boven varkensstal 41:  Put met pomp. Bron met pomp. 47:  Electra voor woning en bedrijf. 48:  Krachtstroom, aansluiting electrisch koken, buitenlichtpunt.;4
34:  30m3 36:  48m2 met betonvloer 38:  leem: 145m2 in graanschuur en 35m2 in karschuur. Beton: 80m2 op deel. 39:  Pannen en stropoppen 40:  28m2 boven woonhuis 41:  welput met pomp en regenwaterput zonder pomp 44:  14m 47:  petroleum;1
34:  30m3 36:  Met omheining 38:  Deel boerderij met klinkervloer, deel bijschuur met klinkervloer 39:  1/2 riet, 1/2 pannen 41:  1 pomp op put en 1 pomp op bron 44:  9m voor de woning 45:  ca. 47m 47:  Petroleum;1
34:  30m3 36:  Met omheining 38:  Deel vloer klinkerbestrating 39:  Woonhuis met aangebouwde stalling: half riet, half pannen      Varkensstal: half riet, half pannen      Wagenloods: riet 41:  Bron met pomp 47:  Electriciteit in de woning met aangebouwde stalling;1
34:  30m3 38:  18m3 leemvloer in de schuur 39:  Stro met pannen 40:  In woongedeelte op zolder 15m2 41:  Welput met pomp en regenwaterput zonder pomp 47:  Electriciteit in woning, stal en schuur 58:  W.C. in betsaand gedeelte van de varkensstallen;1
34:  35m3 38:  95m2 betonvloer in de schuur 39:  Riet met pannen, bijschuur: stro met pannen 40:  Vrije ruimte op zolder 16m2 41:  Welput met pomp, regenwaterput 43:  Grèsdrinkbakjes met vlotterbak 44:  11.40m aan varkenshokken 45:  7.40m langs bedrijfsgedeelte 47:  Electriciteit in woning, stal, schuur, varkenshokken en kippenhokken 48:  Krachtstroom 58:  Rookschouw en koelbak;1
34:  35m3 38:  Schuur 90m3 en bijschuur 28m3: beton 39:  Pannen op alle gebouwen 40:  In woning 41:  Welput met pomp, regenwaterput zonder pomp 43:  Uit welput met pomp met losse buizen naar de voergoot 44:  23m 47:  Electriciteit 48:  Krachtstroom in de schuur;1
34:  3m3 38:  39m2 leem in de schuur 39:  pannen met stropoppen 40:  18m2 boven het woonhuis 41:  1 welput zonder pomp 47:  electra in woonhuis;1
34:  3m3 40:  in woning 41:  2 pompen verwoest, regenput gehad 44:  aan weerszijden woning en stal 47:  electriciteit;1
34:  4m3;1
34:  4m3 38:  10m2 beton, 10m2 leem 39:  rieten dak met aan onderzijde 2 a 3 rijen pannen 41:  geslagen pomp 45:  40m 47:  electriciteit;1
34:  4m3 38:  Bestrating en beton 40: In woning 41:  1 pomp + electrische motorpomp 44:  11m 47:  ERlectriciteit 48:  Krachtstroom en 1 buitenlichtpunt;1
34:  4m3 39:  pannen met stropoppen 40:  20m2 41:  bron en boorpomp 45:  15m 47:  electriciteit;1
34:  4m338:  15m2 beton in bergplaats 39:  pannen 40:  18m2 boven woonhuis 41:  welput zonder pomp 47:  petroleum;1
34:  52m3 36:  Mestput met overkapping 38:  Dorsvloer in schuur en wagenloodsvloer: beton 39:  Schuur: 40% panen, 60% stro. Bijschuur: pannen. 40:  In woning 41:  Welput met pomp 47:  Electriciteit in woning, schuur en stal 48:  Krachtstroom in schuur;1
"34:  5m3 35:  1 stuks, 7m2 inhoud 36:  met omheining en betonvloer; 28m2 38:  76m2 in de schuur: beton 39:  pannen met stropoppen 40:  18m2 boven woonhuis 41:  welput met pomp 44:  8m 47:  petroleum";1
34:  5m3 36:  12m2 met betonvloer 38:  schuur: 26m2 leem en 26m2 beton 39:  pannen met stropoppen 41:  geboorde pomp 45:  14,5m 47:  petroleum;1
"34:  5m3 36:  70m2 met bestrating en betonwand rondom 38:  leem in achterhuis en schuur no.3; beton in kippenhok no.6: 40m2. 40:  54m2 in woning 45:  15m 47:  electriciteit in voor- en achterhuis, bijschuur, wagenloods en kippenhok. 48:  krachtstroom, aansluiting electrisch koken en 2 buitenlampen. 58:  rookkast en koelbak (4 bussen)";1
34:  5m3 36:  ca. 24m2 met stenen vloeren 38:  28m2 leem in schuur hoofdgebouw en 20m2 leem in deel koestal 39:  hoofdgebouw en karschuur: pannen waaronder strodokken      overige daken: Muldenpannen      kippenhok    : stopriet 40:  25m2 boven woning 41:  put met pomp 47:  petroleum;1
34:  5m3 38:  32m2 leem in de schuur 39:  pannen met stropoppen 41:  1 geslagen pomp 47:  electra;1
34:  5m3 38:  deel van leem 39:  riet en pannen 41:  put op pomp 45:  22m 47:  electriciteit in voor- en achterhuis;1
34:  60m3 35:  1 stuks, 15m3 inhoud 36:  30m2 met betonvloer 38:  leem. 158m2 in graanschuur, 80m2 in wagenloods 39:  pannen en stropoppen 41:  welput met pomp 43:  automatische drinkbakken van gietijzer 47:  electra 48:  krachtstroom;1
34:  63m3 36:  ingebouwd tussen de schuren. Vloer van straatwerk 38:  achterhuis beton, rest: beton en straatwerk 39:  achterhuis riet, overige gebouwen pannen met dokken 40:  op zolder woning 41:  1 geslagen pomp, 3 pompen op put 44:  66m 45:  16m 47:  electriciteit 48:  krachtstroom, 2 buitenlichtpunten;1
34:  6m3 36:  54m2 met bestraatte vloer 39:  dak van riet 41:  geslagen pom op puntstuk + hydrophoorinstallatie 47:  electriciteit 48:  krachtstroom;1
34:  6m3 38:  115m2 leem in de schuur 39:  pannen 41:  welput met pomp 47:  electra;1
34:  6m3 38:  Deel van verwoeste schuur van leem 45:  25m 47:  Electriciteit (1 lichtpunt);1
34:  7,5m3 38:  deel: 40m2 leem, deel koestal: 30m2 steen 39:  pannen waaronder strodokken 40:  30m2 boven de woning 41:  put met pomp 47:  electriciteit;1
34:  70m3 36:  40m2 met betonvloer 38:  rijtuigloods 14m2 en varkensstal 21m2: beton. Hokken: 90m2 steen 39:  pannen met stropopppen, de helft der schuine dakgedeelten waren beschoten      met idem hout 41:  pomp op welput 47:  electriciteit 48:  krachtstroom;1
34:  7m3 38:  96m2 leem in schuur 39:  pannen met stropoppen 40:  26m2 boven woonhuis 41:  welput zonder pomp 45:  16m 47:  petroleum;1
34:  7m3 38:  stallen, deel en bijschuur: klinkers 39:  pannen 41:  geslagen pomp 47:  electriciteit;1
34:  7m3 39:  cement dakplaten 40:  28m2 boven woonhuis 41:  welput met pomp 47:  petroleum;1
34:  8m3 36:  32m2 38:  49m2 leem op deel 39:  pannen met stropoppen 41:  welput met pomp 47:  electriciteit 48:  1 buitenlichtpunt;1
34:  8m3 36:  Oppervlak ca. 8m2 met betonvloer 38:  beton: deel koestal 10m2, deel schuur 20m2. Schuur: leem. 39:  pannen waaronder stropoppen 40:  24m2 boven de woning 41:  put met pomp 45:  19m 47:  petroleum;1
34:  8m3 38:  65m2 beton in lasr, deel en voorstal 39:  pannen 40:  25m2 boven woonhuis 41:  geslagen pomp 47:  petroleum;1
34:  8m3 38:  Klinkers 39:  Riet 40:  Op woningzolder 41:  1 geslagen pomp 45:  14m 47:  Electriciteit;1
34:  8m3 38:  deel achterhuis en wagenschuur: beton. Hooischuur: bestrating 41:  2 geslagen pompen. 1 reservoir 45:  25m 47:  Petroleum;1
34:  9m3 36:  24m2 met betonvloer 38:  60m2 leem in de berging van het hoofdgebouw 39:  hoofdgebouw: 1/2 pannen waaronder strodokken, 1/2 muldenpanne      vrijstaande schuur: muldenpannen 40:  30m2 boven koestal 41:  bron met pomp 47:  petroleum;1
34:  9m3 36:  24m2 met betonvloer 38:  60m2 leem in de berging van het hoofdgebouw 39:  hoofdgebouw: 1/2 pannen waaronder strodokken, 1/2 muldenpannen      vrijstaande schuur:  muldenpannen 40:  30m2 boven koestal 41:  bron met pomp 47:  petroleum;1
"34:  Bij de stal 38:  Dorsvloer; voor- en achterzijde leem, rest (65m2) beton 47:  Electriciteit 48:  Krachtstroom";1
34:  Bij stal aan de woning 48:  Krachtleiding;1
34:  Ca. 25m3  36:  25m2  38:  Ca. 70m2 leem  39:  Pannen met poppen  40:  Ca. 50m2 boven woning  41:  1 put met 2 pompen  47:  Electra  48:  Krachtstroom en aansluiting voor electrisch koken;1
34:  Inhoud: 10m3 36:  Betonvloer met omheining oppvl.20m2 38:  In schuur: 70m2 beton 39:  Pannen met stropoppen 40:  Boven woonhuis: 60m2 41:  Put met pomp 44:  Voor bedrijf: 15.5m 47:  Electra 48:  Krachtstroom;1
34:  ca. 15m3 38:  leem. 10m2 in schuur, 48m2 in bergplaats, 33m2 in wagenloods 39:  pannen 41:  welput met pomp 44:  13m aan woongedeelte 47:  electra 48:  ktachtstroom en buitenlichtpunt 58:  spoelkeuken;1
34:  ca. 20m3 35:  2 stuks elk met inhoud van ca. 8m3 36:  ca. 40m2 39:  pannen waaronder strodokken 40:  30m2 boven de woning 41:  put met 2 pompen 43:  d.m.v. een reservoir met een buisleiding naar de voedergoot 47:  woning: butagas, bedrijf petroleum 58:  gemetselde pekelbak in kelder;1
34:  ca. 27m3 35:  1 stuks, inhoud ca. 8m3 36:  35m2 met betonvloer en omheining 38:  koestal 20m2 en schuur 60m2 beton 39:  hoofdgebouw: pannen waaronder strodokken, varkensstal: muldenpannen 40:  25m2 boven de woning 41:  bron met pomp 47:  petroleum;1
"34:  ca.25m3 35:  1 stuks inhoud ca. 10m3 38:  schuur, berging, karschop en slachterij; ca. 110m2 beton beton. Karschop      ca. 44m2 leem. 39:  woonhuis en cafe: pannen die aan onderzijde waren aangestreken      garage          : asbestgolfplaten      stallingen, bijgebouwen en karschuur: muldenpannen 40:  ca. 40m2 boven de schuur 41:  bron met pomp en hydrophoorinstallatie 43:  met 10 drinkbakjes en 3 buitenlichtpunten 50/51:  3 wastafels 58:  2 stuks dubbele pekelbakken";1
34:  gierput 2m3 38:  leem 47:  electriciteit 48:  krachtstroom en 1 butenlichtpunt;1
"35 - opmeting Ir G.E. Dijkstra, 1932, L. Brandts Buys 1941, getekend oktober 1971
Westerlanderweg 52";1
3572;1
3590;1
35:  2 stuks 36:  Met overkapping 38:  Deel achterhuis tussen koestallen, paardenstallen en paardeenboxen: beton.      Wagenberging, machineberging en garage: bestrating      Schapenstal en kalverenstal: bestrating 40:  Boven varkenshokken 41:  Bron met zuiveringsinstallatie met electr. pomp met hydrophoorinstallatie 43:  41 drinkbakjes 44:  176m 47:  Electriciteit in beide woningen en bedrijfsgebouw 48:  Krachtstroom, aansluiting electrisch koken en 4 buitenlichtpunten. 50/51:  5 vaste wastafels, badkuip en bidet. 52:  In grote voorhuis 58:  Hooigrijpinstallatie, pekelbak en 2 bedrijfs WC's.;1
35:  2 stuks 38:  ca. 100m2 beton in de schuur 39:  muldenpannen 41:  pomp met put 47:  butagas in woning;1
36;1
36 - kadastraal sectie D 1e blad 1942, getekend door L. Brandts Buys;1
3604;1
3634;1
3663;1
36:  20m2 38:  48m2 leem 39:  Riet 41:  1 geslagen pomp 47:  Electriciteit;1
36:  24m2 38:  32m2 beton in schuur 39:  Pannen 40:  Op zolder woonruimte 41:  Put met pomp en regenwaterput 44:  14m 47:  Electriciteit;1
36:  46m2 met betonvloer en omheining 38:  in schuur 146m2 en in karschuur 47m2 leem 39:  pannen met stropoppen 41:  bron met gepulste pomp 47:  electra in astalling 48:  aansluiting electrisch koken;1
36:  Mestbocht met omheining, 34m, van platen en planken 38:  Machineberging: 15m2 klinkers, dorsvloer 35m2 beton 39:  Asbestgolfplaten 40:  In schuur 10m2 41:  Put met pomp, regenwaterput 45:  41m 47:  Petroleum;1
36:  Mestvaalt met houten omheining 38:  1 dorsvloer 39m2 en 1 dorsvloer 43m2: beton 39:  Geen rietlatering of dakbeschot 40:  2 graanbergingen in schuur no. 2, 25m2 en 27m2 41:  2 welputten waarvan 1 met pomp, 2 regenwaterputten zonder pomp 44:  Schuur 64m, wagenhuis 26m 46:  30m 47:  Schuur: petroleum;1
36:  Met omheining van houten palen 38:  Deel: 56m2 kinkers en 42m2 hout 39:  Riet 40:  45m2 41:  Welput zonder pomp 47:  Electriciteit 48:  Krachtstroom, aansluiting voor electrisch koken, 1 buitenlichtpunt aan      woning.;1
36:  Overdekte mestput 38:  Klinkers 30m2 en 110m2 leem 39:  Pannen 40:  Op woningzolder 41:  3 geslagen pompen 44:  19m 45:  5m 47:  Electriciteit;1
36:  ommuurd 8*11m 38:  achterhuis beton, schuur leem 39:  1/2 leem, 1/2 pannen 40:  op woningzolder 41:  3* pomp op put 45:  26m 46:  10m 47:  electriciteit 48:  krachtstroom, electrisch gekookt, 4 buitenlichtpunten;1
"37 - Westerland, Kadaster Sectie D No. 1630, opm. Ir. G.E. Dijkstra 1932, Brandts Buys 1941
Westerlanderweg";1
3768;1
38, Blad 2 -  1:2;1
38, blad 1 - opgemeten VIII 1941 - opgemeten en getekend door L. Brandts Buys;1
38:  125m2 betonvloer 39:  Woning, stalling en schuur: pannen. Bijschuur: pannen en stro. 40:  90m2 op zolder in de woning 41:  Welput 45:  13m van plavuizen 47:  Electriciteit in woning, stalling en schuur 48:  Krachtstroom en een buitenlichtpunt 58:  Gemetselde pekelbakken, rookkast in de schouw, veevoederfornuis;1
38:  132m2 beton 39:  Stro en een klein gedeelte pannen;1
38:  140m2 beton 39:  Schuur: pannen 44:  4m boven de deuren 45:  40m 47:  Electriciteit 48:  Krachtstroom in schuur;1
38:  26m2 leem op de deel 39:  pannen 40:  20m2 boven woonhuis 41:  welput zonder pomp 47:  petroleum;1
38:  33m2 beton in stropakschuur 39:  pannen met stropoppen 47:  petroleum;1
38:  34m2 leem en 34m2 beton in de schuur 39:  pannen met stropoppen 47:  47:  petroleum;1
38:  44m2 leem 39:  Woning + stal: 1/2 stro, 1/2 pannen. Schuur + wagenberging: pannen. 40:  Op zolder woonhuis 41:  Bron met pomp;1
38:  62m2 leem in de schuur 39:  pannen en stropoppen 40:  22m2 boven woonhuis 41:  welput met pomp 47:  petroleum;1
38:  Achterhuis beton, rest leem 39:  Pannen 41:  1 geslagen pom 45:  6m;1
38:  Beton 39:  Riet 41:  Geslagen pomp. Bron met motorpomp 45:  8m 47:  Electriciteit 48:  Krachtstroom;1
38:  Deel 53m2 beton 39:  Pannen en riet 48:  Krachtstroom;1
38:  Deel achterhuis: beton. 39:  Alle daken waren van riet. 41:  2 pompen op welput 47:  Petroleum 58:  Pekelbak;1
38:  Deel en berging 66m2 leem 39:  Strobedekking  Datum vragenlijst niet vermeld.;1
38:  Deel en tas beton 41:  Welput met pomp en regenwaterput 44:  17m bedrijf 47:  Butagas, 2 lichtpunten  Datum niet vermeld.;1
"38:  Deel: 247m2 beton, 120m2 bestrating, 84m2 geteerd leem.      Tasruimte: 1065m2 geteerd leem 39:  Buitendaken en de wolfseinden; dakpannen waaronder asphalt met gaas.      Beide binnendaken van asbest cement golfplaten. 41:  Regenwaterput met pomp 44:  89m en 46m plat tussen de beide schuren. 46:  64m 47:  Electriciteit in de woning 48:  Krachtstroom (dors- en kleinkracht) 49:  Overal";1
38:  Deel: 56m2 leem, spoelplaats: 96m2 beton 39:  Pannen en riet 40:  15m2 boven woning 41:  Welput met pomp, regenwaterput zonder pomp 44:  14m aan woonhuis 47:  Electriciteit;1
38:  Deel: 91m2 leem, spoelplaats: 4,5m2 steen 39:  Riet 40:  30m2 in de woning 41:  Put met pomp 45:  16m 47:  Electriciteit in woning en bedrijfsgedeelte;1
38:  Deelvloer 1/2 leem, 1/2 beton 41:  Welput op pomp 45:  6m 47:  Petroleum;1
38:  Dorsvloer 33m2 leem 39:  Woning gedekt 30% pannen, 70% stro      Schuur gedekt 30% pannen, 70% stro      Kapschuur gedekt 50% pannen, 50% stro      Bijschuur gedekt pannen 40:  In woning 41:  Welput zonder pomp 47:  Electriciteit in woning en stalling;1
38:  Dorsvloer 60m2 beton 40:  20m2 in woning 47:  Electriciteit in woning, stal, schuur en bijschuur (kalverenstal) 48:  Krachtstroom in schuur, buitenlichtpunt voor bedrijf 58:  Pekelbak, rookschouw, 2 gemetselde fornuizen, 2 gemetselde meelbakken;1
38:  Dorsvloer 70m2 van gestampt leem 45:  20m 47:  Petroleum 48:  Krachtstroom;1
38:  Dorsvloer met machineberging 144m2 beton 47:  pPetroleum 48:  Krachtstroom;1
38:  Graanschuur: 50m2 beton, 135m2 leem, 21m2 plavuizen 39:  Pannen met stroopoppen 44:  20m 47:  Looplamp in de schuur;1
38:  In deel van boerderij en een gedeelte van bijschuur: leem. Totaal 193m2. 39:  Riet op boerderij en bijschuur 40:  ca. 25m2 in de woning gelegen 41:  Welput met pomp 45:  47m 47:  Electriciteit;1
38:  In deel van de boedrderij en in tas van aangebouwde schuur: leem. Totaalì 134m2  39:  Riet 41:  Welput + pomp 45:  24m 47:  Electriciteit, behalve vrijstaande bijschuren;1
38:  Leem 39:  Pannen 41:  1 geslagen pomp 47:  Electriciteit;1
38:  Schuur 82m2 beton 39:  1/2 stro, 1/2 pannen 40:  Op zolder woonhuis 41:  Put met pomp 47:  Electriciteit in woning en koestal 48:  Krachtstroom  Datum niet vermeld.;1
38:  Schuur: 74m2 beton 39:  Pannen en stropoppen 40:  Boven woonhuis: 15m2 47:  Petroleum;1
38:  Schuur: half riet, half leem 39:  Rieten dak met enkele rijen pannen 41:  1 geslagen pomp 47:  Electriciteit in schuur 48:  Krachtstroom;1
38:  beton 40:  in woning 41:  welput met pomp en regenwaterput 44:  8m aan woning en 6m aan bedrijf 45:  5m 47:  electriciteit 48:  1 buitenlichtpunt;1
38:  ca. 70m2 betonvloer 39:  Pannen 47:  Electriciteit 48:  Krachtstroom;1
38:  deel achterhuis van leem 41:  2 pompen op welput 44:  19m 47:  petroleum;1
38:  deel schuur van leem 41:  pomp 44:  3,5m 47:  electriciteit 48:  krachtstroom;1
38:  deel van leem 41:  pomp op welput 45:  16m 47:  electriciteit in voor- en achterhuis;1
38:  deelvloer van beton 40:  in woning 41:  1 pomp + waterleiding 44:  rondom 47:  electriciteit 48:  1 buitenlichtpunt;1
38:  leem 41:  2 pompen 45:  9m 47:  electriciteit 48:  krachtstroom;1
38:  leem 41:  pom op put 45:  5m 47:  electriciteit;1
38: Leem 41:  1 geslagen pomp;1
"39
Krommeniesterweg West 2
01011967";1
39293;1
3945;1
3969;1
3978;1
39:  Alles riet. Stookhok: pannen 40:  ca. 15m2 41:  Welput met pomp 47:  Petroleum;1
39:  Dakpannen 44:  129m;1
39:  Golfplaten van eterniet 41:  Put 47:  Petroleum;1
39:  Stro;1
39:  pannen met stropoppen 40:  22m2 boven woonhuis 41:  welput met pomp 47:  petroleum;1
3e blad;1
3e fase;2
4;4
4 / Plaat XVI;1
"4 blad 2
Reduzum (= Roordahuzum)";1
"4 blad 3
Reduzum (= Roordahuzum)";1
"4-Blad 1
Y1061970";1
"40
01011971";1
4046;1
40:   In de beschadigde graanschuur 41:   Waterleiding in het gehele gebouwencomplex 43:   In de paardenstallen waren 8 drinkbakjes van gietijzer 44:   85m 46:   70m 47:   Electriciteit 48:   2 buitenlichtpunten 58:   In zuivelfabrieken waren 2 koelbakken, in bakkerij was       een gemetselde oven;1
40:  Boven koestal 47:  Petroleum;1
"41 - blad 1
Noord-Holland
01011973";1
"41 - blad 2
Noord-Holland
01011973";1
"41 - blad 3
Noord-Holland
01011973";1
4140;1
4154;1
41:  Put met pomp 47:  Petroleum;1
41:  Welput met pomp, regenwaterput zonder pomp 44:  9m woning en 17m bedrijf 47:  Electriciteit 48:  Krachtstroom  Datum vragenlijst niet vermeld.;1
4228;1
4251 - paraaf DV;1
43;1
431;1
43585;1
43ZN;1
"44
01011968";1
4411;1
"45 - Blad 1
De Buurt V 100";1
"45 - blad 2
De Buurt V 100";1
4520;1
4521;1
4521a;1
46;1
"47 - blad 1 - Kadastrale Kaart 1650-1823
01011974";1
"47 - blad 2 - Kadastrale Kaart 1943
01011974";1
47:  petroleum;1
"48 - door L. Brandts Buys en H. Bakker, 30-07-1942
01011942";1
4813;1
4814;1
4815;1
4816;1
4827;1
4828;1
4851;1
4852;1
4854;1
4860;1
4875;1
48759;1
4880;1
4882;1
4883;1
4884;1
4885;1
4899;1
"49 - toestand tot 1902
Groenvelderweg";1
4900;2
4931;1
4b;1
4e blad;1
4e fase;2
5;3
"5
Megen, gemeente Oss. Maasdijk 13?";1
"5
Reduzum (= Roordahuzum)";1
5 Bladen blad 1;1
5-Blad 1;1
5-Blad 3;1
5-Blad 4;1
"5-blad 2
Lindehoeve";1
"50 - blad 1
01011967";1
"50 - blad 2 
01011967";1
5012;1
5075;1
508;1
5082;1
5084;1
"51
Noord-Holland";1
51 B;1
5115;1
5116;1
5125;1
5133;1
5135;1
5136;1
5162;1
519;1
5192;1
"52
Westfriese Zeedijk";1
"52 - blad 2
Barsingerhorn. Westfriese Zeedijk C, 45-46-47. Noord-Holland";1
53 - voorheen 'Dijkzicht';1
5349;1
5350;1
5351;1
5352;1
5365;1
"54 - blad 1
Oudorperweg. vh B 12. 137
01011972";1
"54 - blad 2 - situatie 1941
Oudorperweg. vh B 12. 137
01011972";1
"542; afgebrand 1919";1
"55 - met hulp van kadastrale gegevens opgenomen door L. Brandts Buys en H. Bakker - sept. 1941 en aug. 1942
Groot Schermer
01011942";1
5576;1
5577;1
56;6
"56 - met hulp van kadastrale gegevens opgenomen door L. Brandts Buys en H. Bakker - sept. 1941 en aug. 1942
Groot Schermer
01011942";1
561;1
568;1
5688;1
5696;1
57 - naar het Kadastrale Minuutplan getekend;1
5709;1
58;1
58300;1
58325;1
58342;1
58343;1
58374;1
58399;1
58400;1
58417;1
5843;1
58430;1
58461;1
58475;1
58482;1
58488;1
58490;1
58491;1
58492;1
58493;1
58494;1
58495;1
58496;1
58497;1
58498;1
58515;1
58522;1
58524;1
58525;1
58564;1
58566;1
58569;1
58573;1
58574;1
58575;1
58576;1
58578;1
58579;1
58580;1
58582;1
58586;1
58587;1
58588;1
58589;1
58592;1
58595;1
58596;1
58598;1
58599;1
58600;1
58602;1
58603;1
58605;1
58606;1
58607;1
58608;1
58609;1
58616;1
58617;1
58618;1
58619;1
58621;1
58622;1
58624;1
58625;1
58628;1
58629;1
58631;1
58637;1
58638;1
58640;1
58663;1
58732;1
58788;1
58807;1
58811;1
58814;1
58846;1
58849;1
58850;1
58857;1
58858;1
58860;1
58861;1
58862;1
58901;1
58902;1
58907;1
58913;1
58919;1
58920;1
58921;1
58932;1
58933;1
58935;1
58936;1
58937;1
58971;1
59 - Schaal 1:100.000;1
5946  -  kleur;1
5956;1
5957;1
5958;1
5959;1
5993;1
5e fase;2
6;4
"6 Bouwkundige tekeningen i.b.v. Bureau voor Architectuur en Interieur - P.L. de Vrieze, Kruitgracht 13, Groningen en 2 bouwkundige tekeningen/schetsen van 
J. Bonnema.";1
6 schetsen;1
"6 schetsen in slechte staat; moeilijk te lezen";1
"6-Blad 1
";1
"6-Blad 2
Brandwijk. Sint Maartensbrug Grote Sloot C, 67. NH";1
"6-Blad 5
Y1101971";1
"6-Blad 6
Y1101971";1
"6-Blad 7
Y1101971";1
"6-Blad 8
Y1101971";1
"6-blad 4
Y1101971";1
60 - Schaal 1:100.000;1
60011982;1
6039;1
6042;1
6050;1
6051;1
6052;1
6053;1
6066;1
6068;1
6070;1
6078;1
6080;1
6082;1
6083;1
60831;1
60832;1
60835;1
60839;1
60871;1
60874;1
60876;1
60877;1
60879;1
60880;1
60881;1
60883;1
60895;1
60906;1
60907;2
60908;1
60909;1
60910;1
60912;1
60913;1
60917;1
"60918; blad 5a";1
60919;1
60920;1
"60922; blad 4";1
60923;1
60927;1
60930;1
60940;1
60941;1
60942;1
60944;1
60945;1
60946;1
60956;1
61 - Schaal 1:100.000;1
61013;1
61016;1
61040;1
61041;1
61042;1
61043;1
61045;2
61046;1
61047;1
61048;1
61049;1
61050;1
61054;1
61080 A;1
61202;1
61304;1
61311;1
61312;1
61336;1
61342;1
6137;1
6139;1
6142;1
"62 - Schaal 1:10
1967/71";1
626;1
6268;1
6269;1
6270;1
6286;1
6287;1
6296;1
"63 - Schaal 1:10
1967/71";1
6302;1
6304;1
631.3= UDC / 42034;1
6310;1
6312;3
6314;1
6315;1
6317;1
6319;1
6321;1
6323;1
6324;1
6336;1
6346;1
"6356; paraaf: vdB";1
6357;2
6358;1
6361;1
6362;1
64;1
6401;1
6415;1
6439;1
6449;1
6452;1
6460;1
65;1
6513;1
6594;1
6595;2
"66
Koegras. Polder Het Koegras. NH";1
66.380;1
"6601; 6";1
6643;1
6645;1
"67
De Belt. Waard en Groetpolder?. NH";1
67/07;1
67/08;1
67/09;1
67/10;1
67/11;1
67/12;1
67/14;1
67/15;1
67/16;1
67/4;1
67/5;1
67/6;1
670;1
672;1
678 - 679;1
"68
De Belt. Waard en Groetpolder?. NH";1
68/02;1
68/04;1
68/05;1
68/10;1
68/11;1
68/12;1
68/15;1
68/19;1
68/20;1
68/21;1
68/22;1
68/23;1
68/24;1
68/26;1
68/27;1
68/29;1
68/3;1
68/31;1
68/33;1
68/36;1
68/37;1
68/38;1
68/39;1
68/40;1
68/41;1
68/42;1
68/43;1
68/44;1
68/46;1
68/47;1
68/48;1
68/52;1
68/53;1
68/57;1
68/58;1
68/60;1
68/63;1
68/74;1
68/75;1
68/95;1
68/96;1
68/97;1
6839;1
"69
Starnmeer, Alkmaar. NH";1
69/01;1
69/03;1
69/04;1
69/08;1
69/09;1
69/10;1
69/11;1
69/12;1
69/13;1
69/14;1
69/15;1
69/16;1
69/17;1
69/18;1
69/19;1
69/43;1
69/44;1
69/45;1
69/46;1
69/47;1
69/48;1
69/49;1
69/5;1
69/50;1
69/51;1
69/52;1
69/53;1
69/54;1
69/55;1
69/6;1
69/7;1
6944;1
6e blad;1
6e fase;1
7;1
7 schetsen;1
7-Blad 1;1
7-Blad 2;1
7-Blad 3;1
7-Blad 4;1
70/02;1
70/03;1
70/04;1
70/05;1
7076 2;1
71/01;1
71/2;1
71/24;1
72/05;1
72/06;1
72/08;1
72/09;1
72/7;1
745a;1
7519, blad 1;1
76316;3
77/06;1
7741 A;1
7741 B;1
788;1
8;2
8 - naar een opmeting van A.A. Hoogzand - (1919 RDMZ);1
8 blad 1 - Naar deeltekeningen van Jan Jans aangevuld en in twee bladen gebracht door R. Oldhoff - schaal 1:10 m;2
8 blad 2 - Naar deeltekeningen van Jan Jans aangevuld en in twee bladen gebracht door R. Oldhoff - schaal 1:50 cm;1
81 NOP/NE81;2
822;1
"88
Venhuizen.  De Buurt 40. V 105. NH";1
9;2
9 oktober 1876;1
"9-Blad 1
Hoeve Honk. Noordzijperweg 1";1
"9-Blad 1
Rosenburgherlaan";1
"9-Blad 2
Hoeve Honk. Wieringerwaard. Noord Zijperweg 1. Noord-Holland";1
"9-blad 2
Rosenburgherlaan";1
9077;1
96;1
966;1
97-98;1
978;1
= BT-035032;1
?;1
? bij tekenaar;1
? drukwerk ?;1
? tekening door P.J.H. Cuypers ?   -   met potlood aantekeningen op de tekening gezet;1
A 100 - No. 210;1
A 101 - No. 211;1
A 1017  -  afgebroken: 1908;1
A 1018;1
A 102 - No. 212;1
A 103;1
A 1036   -   twee tekeningen op één blad geplakt...;1
A 1037;1
A 1038;1
A 105;1
A 1063;1
A 1064;1
A 1065;1
A 1066;1
A 1067;1
A 1083;1
A 1100;1
A 1151;1
A 1160 - No. 451;1
A 1163 - No. 456;1
A 1189 - No. 469;1
A 1201;1
A 1202;1
A 1204 - Y No. 248;1
A 1214;1
A 1225;1
A 1226;1
A 126;1
A 1283;1
A 13;1
A 1363;1
A 1388 - Nr. 284 Y;1
A 1389 - Nr. 285 Y;1
A 1402  -  No. 16 BZ  - kleur;1
A 1406 - BZ N 16;1
A 1409 - Y Nr. 416;1
A 1430 - Y No. 151;1
A 147;1
A 1509;1
A 1512;1
A 1514 - Y Nr. 353;1
A 1540;1
A 155    -    huisnummer 20 ?;1
A 1578;1
A 1579;1
A 1580;1
A 1581;1
A 1618;1
A 1625 - A No. 290;1
A 1650;1
A 1653;1
A 1654;1
A 1672;1
A 1681;1
A 1689 - Y No. 75;1
A 1690 - Y No. 76;1
A 1691 - Y No. 77;1
A 1699 - Nr. 44e BZ;1
A 1700 - Nr. 44f BZ;1
A 1704;1
A 1708;1
A 1715;1
A 1717 - Nr. 27 B;1
A 1718 - Nr. 28 B;1
A 1728   -   tekening opgeplakt   -   bijschrijven van Cuypers, 14 juni 1878;1
A 1731;1
A 1737;1
A 1738;1
A 1743;1
A 1745;1
"A 1767  -  A No. 282a
Architect B. Peteri heeft op de plaats van de in 1890 afgebroken havezate een boerderij ontworpen";1
A 1776 - A 370d;1
A 178;1
A 1789;2
A 1839;1
A 1924 - A No. 214a;1
A 1940;1
A 1954;1
A 1968;1
A 1970;1
A 1971;1
A 1973;1
A 1974;1
A 1978 - Y No. 152;1
A 1995 - A No. 269 g;1
A 1996 - A No. 269 f;1
A 1997;1
A 2008;1
A 2016;1
A 2017;1
A 2018;1
"A 2029; afgebroken januari 1903";1
A 2038;1
A 2040;1
A 2042;1
A 2044;1
A 2048;1
A 2061;1
A 222 - X No. 20;1
A 224  -  X No. 294;1
A 225  -  X No. 295;1
A 226  -  X No. 296;1
A 227  -  X No. 297;1
A 228  -  X No. 298;1
A 229  -  X No. 299;1
A 230  -  X No. 300;1
A 231  -  X No. 321;1
A 232  -  X No. 322;1
A 233  -  X No. 323;1
A 250 a;1
A 250 b;1
A 254 - kleur;1
A 255 - X No. 402;1
A 256 - X No. 403;1
A 257 - X No. 404;1
A 258 - X No. 406;1
A 259 - X No. 407;1
A 260 - X No. 408;1
A 262 - X No. 410;1
A 280;1
A 281;1
A 291;1
A 292;1
A 304;1
A 306-1;1
A 306-2;1
A 311;1
A 312;1
A 317;1
A 323c  A 1685;1
A 326;1
A 33;1
A 330a;1
A 331 a;1
A 334 b;1
A 334 c;1
A 334 d;1
A 347;1
A 349;1
A 353;1
A 355;1
A 359b;1
A 360;1
A 361;1
A 363 - A 1387;1
A 371 - X Nr. 733;1
A 372;1
A 372 - X Nr. 734;1
A 373 - X Nr. 735;1
A 375;1
A 378;1
A 386 a;1
A 386 b;1
A 390;2
"A 392 a - ""Uit baatzucht afgebroken en verdelgd in 1863"".";1
A 392 b;1
A 394;1
A 395;3
A 395 c;1
A 409;2
A 421;1
A 426;1
A 428;1
A 434  - No. 45 G;1
A 444;1
A 450;1
A 451;1
A 455;1
A 458;1
A 459 - A 374;1
A 475;1
A 476;1
A 497;1
A 507;1
A 508;1
A 514 - No. 14 BZ;1
A 540;1
A 567;1
A 593;1
A 607 - X No. 99;1
A 65 - kleur;1
A 66;1
A 68;1
A 68 a;1
A 684;1
A 688 - X No. 4;1
A 703;1
A 706;1
A 711 - X Nr. 359;1
A 712 - X Nr. 360;1
A 713 - X Nr. 361;1
A 714 - X Nr. 362;1
A 715 - X Nr. 363;1
A 736 - X Nr. 374;1
A 757;1
A 765 - A No. 207 a - kleur;1
A 769 - A No. 207 e;1
A 785 - X No. 134;1
A 787 - X No. 136;1
A 788 - X No. 137;1
A 789 - X No. 138;2
A 804 - X Nr. 166;1
A 853;1
A 952. Gesloopt in 1880;1
A 976;1
A 978;1
A 980;1
A N. 233-11 - kleur;1
A N. 233-12 - kleur;1
A N. 233-13 - kleur;1
A N. 233-4 - kleur;1
A N. 233-5 - kleur;1
A N. 233-8;1
A N0. 245;1
A No. 102;1
A No. 103;1
A No. 104;1
A No. 105;1
A No. 106;1
A No. 107;1
A No. 112  -  schaal 1 : 100;1
A No. 140 - klok is afkomstig van Warstiens;1
A No. 152  -  A 1184;1
A No. 152a;1
A No. 153a;1
A No. 158 b;1
A No. 158 c;1
A No. 159e;1
A No. 16;1
A No. 166;1
A No. 173;1
A No. 174;1
A No. 175;1
A No. 181;1
A No. 187;1
A No. 203;1
A No. 207 c - kleur;1
A No. 207 d;1
A No. 208;1
A No. 209;1
A No. 214;1
A No. 22 - A 1661;1
A No. 242 - kleur;1
A No. 245;1
A No. 251a - kleur;1
A No. 257a;1
A No. 257b;1
A No. 257c;1
A No. 257d;1
A No. 260;1
A No. 277 b;1
A No. 283a - A 1622;1
A No. 290i - A 1624;1
A No. 291;2
A No. 292;1
A No. 293, drie opgeplakte tekeningen;1
A No. 48;1
"A No. 49; een deel van de gegevens is overgenomen na vergelijking met het fotoarchief";1
"A No. 50; een deel van de gegevens is overgenomen na vergelijking met het fotoarchief";1
A No. 63 - A 1609;1
A No. 64 - A 1610;1
A No. 68b;1
A No. 7;1
A No. 71a - A 1334;1
A No. 76;1
A No. 81;1
A No. 89 - A 1640;1
A Nr. 164 g - A 1879;1
A Nr. 184;1
A Nr. 207 f - A 770;1
A. Warners en G.M.G. Bakker architecten;12
A. Warners en G.M.G. Bakker architecten  -  getekend : A. Salvatore;5
A. Warners en G.M.G. Bakker architecten  -  getekend : A. Salvatore, oktober '44;2
A. Warners en G.M.G. Bakker architecten  -  getekend : A.S. '45;1
A. Warners en G.M.G. Bakker architecten  -  getekend : A.W. '45;1
A. Warners en G.M.G. Bakker architecten  -  getekend A.S.;1
A. Warners en G.M.G. Bakker architecten  -  getekend A.S. januari 1945;6
A. Warners en G.M.G. Bakker architecten  -  getekend S. februari;1
A. Warners en G.M.G. Bakker architecten  -  getekend S. februari 1945;1
A. Warners en G.M.G. Bakker architecten  -  paraaf tekenaar rechtsonder, niet ontcijferd;1
A. Warners en G.M.G. Bakker architecten  mei 1945 -  getekend Jac. B. A.;1
A. Warners en G.M.G. Bakker architecten -  getekend . februari 1945;1
A. Warners en G.M.G. Bakker architecten -  getekend A.S.;2
A. Warners en G.M.G. Bakker architecten -  getekend A.S. januari 1945;2
A. Warners en G.M.G. Bakker architecten -  getekend S.W.;1
A. Warners en G.M.G. Bakker architecten -  getekend april 1945 Jac. B.A.;1
A. Warners en G.M.G. Bakker architecten - getekend A. Salvatore;3
A. Warners en G.M.G. Bakker architecten - getekend A. Salvatore juli 1944;3
A. Warners en G.M.G. Bakker architecten - getekend A.S.;6
A. Warners en G.M.G. Bakker architecten - getekend Jac. B.A.;1
A. Warners en G.M.G. Bakker architecten - getekend S.W.;2
A. Warners en G.M.G. Bakker architecten - getekend W.;1
A. Warners en G.M.G. Bakker architecten - getekend W.S.;3
A. Warners en G.M.G. Bakker architecten - getekend mei 1945, teken niet ontcijferd (paraaf of initiaal);1
A. Warners en G.M.G. Bakker architecten - getekend, A.S.;5
A. Warners en G.M.G. Bakker architecten - getekend, A.S. '44;1
A. Warners en G.M.G. Bakker architecten - getekend, A.S. '45;1
A. Warners en G.M.G. Bakker architecten - getekend, A.S. januari 1945;2
A. Warners en G.M.G. Bakker architecten - getekend, A.S. mei 1945;1
A. Warners en G.M.G. Bakker architecten - getekend, A.S. september;1
A. Warners en G.M.G. Bakker architecten - getekend, A.S. september '44;1
A. Warners en G.M.G. Bakker architecten - getekend, A.S.augustus 1944;1
A. Warners en G.M.G. Bakker architecten - getekend, A.S.januari '45;1
A. Warners en G.M.G. Bakker architecten - getekend, A.Salvatore;3
A. Warners en G.M.G. Bakker architecten - getekend, A.Salvatore 1944;1
A. Warners en G.M.G. Bakker architecten - getekend, A.Salvatore augustus'44;1
A. Warners en G.M.G. Bakker architecten - getekend, A.Salvatore augustus1944;3
A. Warners en G.M.G. Bakker architecten - getekend, A.Salvatore september 1944;1
A. Warners en G.M.G. Bakker architecten - getekend, A.W.;1
A. Warners en G.M.G. Bakker architecten - getekend, B. augustus 1944;1
A. Warners en G.M.G. Bakker architecten - getekend, B.S.;1
A. Warners en G.M.G. Bakker architecten - getekend, initialen rechtsonder niet ontcijferd;2
A. Warners en G.M.G. Bakker architecten - getekend, teken niet ontcijferd (paraaf of initiaal);2
A. Warners en G.M.G. Bakker architecten - getekend, teken rechtsonder niet ontcijferd;3
A. Warners en G.M.G. Bakker architecten - getekend, teken rechtsonder niet ontcijferd (paraaf of initiaal);2
A. Warners en G.M.G. Bakker architecten - maart 1945 getekend Jac. B.A.;1
A. Warners en G.M.G. Bakker architecten april '45  -  getekend Jac.B.A.;1
A. Warners en G.M.G. Bakker architecten april '45-  getekend Jac. B.A.;2
A. Warners en G.M.G. Bakker architecten april 44;1
A. Warners en G.M.G. Bakker architecten april 45 get. S.;1
A. Warners en G.M.G. Bakker architecten feb. 1945 get. Jac.B. A.;5
A. Warners en G.M.G. Bakker architecten feb. 1945 get. Jac.B.A.;2
A. Warners en G.M.G. Bakker architecten feb. 45 get. Jac.B.A.;1
A. Warners en G.M.G. Bakker architecten febr. '45  -  getekend Jac.B.A.;6
A. Warners en G.M.G. Bakker architecten febr. 1945 get. Jac.B.A.;1
A. Warners en G.M.G. Bakker architecten get A.S.;1
A. Warners en G.M.G. Bakker architecten get A.S. mei 1945;1
A. Warners en G.M.G. Bakker architecten get.  AS;1
A. Warners en G.M.G. Bakker architecten get. A & S;1
A. Warners en G.M.G. Bakker architecten get. A.S.;3
A. Warners en G.M.G. Bakker architecten get. A.S. juli 45;1
A. Warners en G.M.G. Bakker architecten get. D.S.;1
A. Warners en G.M.G. Bakker architecten get. W & AS;1
A. Warners en G.M.G. Bakker architecten jan. 1945 get. Jac.B. A.;5
A. Warners en G.M.G. Bakker architecten jan. 45;1
A. Warners en G.M.G. Bakker architecten jan. 45 get. S.;1
A. Warners en G.M.G. Bakker architecten jul. 1945 get. A.S.;1
A. Warners en G.M.G. Bakker architecten juli '45;1
A. Warners en G.M.G. Bakker architecten maart 44;1
A. Warners en G.M.G. Bakker architecten maart. '45  -  getekend Jac.B.A.;1
A. Warners en G.M.G. Bakker architecten mei '45-  getekend B.W.;1
A. Warners en G.M.G. Bakker architecten mei '45-  getekend Jac. B.A.;1
A. Warners en G.M.G. Bakker architecten oct.'44  -  getekend J.B.A.;1
A. Warners, Architect Amsterdam;8
A1027;1
A1595;1
A1596;1
"A1792; kleur";1
"A1794; kleur";1
"A1796; kleur";1
A2 - schaal n.v.t. ;1
A30;1
A918;1
AN 284b;1
AN 284c;2
Aalst gemeente Zaltbommel  (voorheen gemeente Poederooien);3
Aan de kerk vastgebouwd (zie plattegrond) een stal voor 8 paarden;1
Aan de onderkant is een deel weggesneden;1
Aan de onderkant is een deel weggesneden, waarop het historisch nummer, en mogelijk ook gegevens van een tweede vervaardiger;1
Aan de onderkant is een deel weggesneden, waarop vermoedelijk een historisch nummer stond en mogelijk ook nog een tweede vervaardiger;1
Aan de rechterkant is een deel van de tekening er af gehaald;1
Aan verso zijde: aantekeningen met potlood   -   Vergelijk: neg.nr.: 62.489;1
Aan wichelroede reacties ontleend;1
Aanduiding maten in kleur;1
Aanduiding van architectenbureau : werk 434, blad 5;1
Aangegeven neonverlichting : W. Bannink;1
Aangevuld: 4.5.1959;1
"Aantal schetsen in slechte staat. 
3 schetsen en 1 tekening van opgraving viering Herv. Kerk door R.E. Lutter en van Pernis.";1
Aantekening met potlood op tekening: doos: Alkmaar - diversen + Stadhuistoren...;1
"Aantekening rechts: ""De Vogel""";1
"Aantekening rechts: ""W. de Vogel / Eiken Kamer Studeerkamer""";1
"Aantekening: ""Freule Loudon""";1
Aantekening: voor verbetering zie bulletin K.N.O.B. 1961 kol. 161 - 162;1
Aantekening: webtekening zelf is kwijtgeraakt?;1
Aantekeningen in kleur;2
Aantekeningen met potlood gemaakt in de tekening;1
Aanvrager: Hr. Bos (is dit ook de vervaardiger?);1
Aanvullend tekenwerk op de tekeningen van Fritz Fremersdorf;1
Aanwezig in het NOM te Arnhem;1
Aanzicht achterzijde raadhuis met toren;1
Aanzicht, plattegrond, isometrisch perspectief;1
Abusievelijk wordt het adres van Trans 15 op de tekening vermeld. Dit betreft echter Trans 13 in Utrecht (RM 18361).;1
Adres onbekend;1
Adres ontbreekt...;1
Adres: Gronsvelder Kerkplein 6, 6247 CM;1
Adres: L.nwstraat e.o. (en omstreken???);1
Adresgegevens ontleend na vergelijking met het fotoarchief;1
Adresgegevens overgenomen van BT-008178;1
"Adressen op OS-01140-1 (voor zover leesbaar):

Boekholtstraat 20 – 22
Bergstraat of Boogstraat 67
Meipoortstraat 43
Waterstraat
Kloosterstraat 5

Adressen op OS-01140-2 (voor zover leesbaar):

Koepoortstraat 12
Roggestraat 15
Roggestraat 5
Roggestraat
Roggestraat 7 hoekhuis Kleine Kerksteeg
Koetsveldstraat 15
Kosterstraat 36
Herenstraat 2 (postkantoor?)
Koepoortstraat 31
Herenstraat 22
";1
Adressering op de tekeniong: Opstalweg 14-15;3
Afbeelding 2 : 20 %;1
Afbeelding 4 : 20 %;1
Afbeelding ontkoppelt op 29 mei 2020 - zie interne opmerking van Natascha Lensvelt...;1
Afgebrand;1
Afgebroken;1
Afgebroken april 1901;1
Afgebroken in 1904;2
Afgebroken sept. 1891;1
Afgebroken: april 1901;1
Afgekeurde tekening;3
Afkomstig uit Spuistraat 1, Edam;1
Afkomstig van  Restauratie-atelier Jelle Otter te Zutphen;1
Afkomstig van 19-e eeuwse restauratie;1
Afkomstig van de Ooster Oude Hoofdpoort te Rotterdam;1
Afkomstig van een boerenschuur uit Terstraten, overgeplaatst en nu behorende tot de collectie van het Nederlans Openlucht Museum (NOM) in Arnhem;1
Afkomstig van een huis aan de Oppert, Rotterdam, gesloopt in 1927.;1
Afkorting of initialen rechter benedenhoek : K.K.;8
Afkorting rechter benedenhoek : K.K.;31
Afkorting rechterbenedenhoek : K.K.;3
Afkorting rechts van het midden, boven de onderkant : P.J.S.;1
Afkorting rechtsonder : K.K.;1
Akkerbouwbedrijf type O - Woning type D;1
Akkerbouwbedrijf van dhr. A. Biesheuvel - formaat A2;1
Akkerbouwbedrijf van dhr. E.A. Boerhave - formaat A2 ;1
Algemeen Plan - Bewaarplaats voor pootaardappelen - schaal 1:50;1
Alle gegevens afkomstig  van tekeningen en uit bestek ,  bij ontbreken documenten .;1
Alle gegevens van complex afkomstig van situatieschets en taxatierapport . Gegevens bouwjaar boerderij van taxatierapport verschillen  van die op situatieschets .;1
Alle ingeschreven nummers der percelen zijn het eigendom van de diaconie der Roomsch-Katholieke gemeente te Assen;1
Alle peilmaten [berekend} t.o.v. N.A.P.;1
Alle tekeninggegevens zijn afkomstig van de situatietekening.;1
Alleen digitaal beschikbaar (pdf-file);133
"Alleen digitaal beschikbaar (pdf-file)
De bescherming van Huis Kloetinge is gesplitst in twee parken: Jachthuis Kloetinge en Huis Kloetinge";2
Alphen in 1874;1
Als plaats staat vermeld : Oosterend. Het is niet duidelijk of het betreft Oosterend op Texel, op Terschelling of in Friesland. Daarom provincie en plaats open gelaten.;7
Alternatief nummer tekening: 61176;1
Amersfoort, gemeente Amersfoort. 3811 MG;1
Amsterdam Dec. 1904 :[onleesbaar] architect Heerengracht 435;1
Amsterdam aug. 1944 get. A.J. IJland;3
Amsterdam sep. 44 get. A.J. IJland;1
Amsterdam sept. 1944 get. A.J. IJland;3
Anjum, B 299, 178;1
"Anno 1668; afgebroken 1909";1
Anno 1905;1
Anno 1929 aangeboden door de Nutsspaarbank - kleur;1
Anno 1992 [zijn deze ramen] aangeboden door de Nutsspaarbank bij de restauratie van het raadhuis;1
"Apart pand, wat achter stadhuis staat
Gemeentelijk monument: 0216/250";1
Aparte fragmenten;1
April 1918-W. Sprenger, architect;1
April 1919 : de architect der Rijksmuseumgebouwen, P.J.H. Cuypers (handtekening);1
Aquarel;1
Arch. Bob C. van Beek, Leiden;1
Arch. Bob C. van Beek, Leiden  -  datum tekening: 1-9-1978, gewijzigd: 13-6-1978;1
Arch. Bob C. van Beek, Leiden  -  datum tekening: 1-9-1978, gewijzigd: 13-6-1979;5
Arch. Bob C. van Beek, Leiden  -  datum tekening: 1-9-1978, gewijzigd: 13-6-1979, gewijzigd: 4-10-1979;1
Arch. Bob van Beek;9
Arch. Bob van Beek  -  Kopie van tekening, aangepast;1
Arch. Bur. Irs. A. Rothuizen & P.J. 't Hooft b.z. M'burg;1
Arch. Bureau A. Baart, Leeuwarden;1
Arch. Meffert - Zwollerkerspel;1
Arch. W. Stooker;1
Arch. W. Stooker, Govert Flinckstraat 11, Utrecht;1
Arch. bureau Sorée, Blerick;1
Arch. bureau van Hoogevest;1
Arch. de Kloot-Meijburg?;1
Arch. ir. P.H.N. Briët en P.C. van Uchelen;1
"Arch.: A.L. Oger ; get. C.v.d.V. (onbekend)";1
Archief nummer: 107   -   Gemaakt voor G.B. Voorne Putten;1
Archiefkasten van de firma Staal Interieur b.v. uit Rotterdam;1
Archiefnummer 1008 ;1
Archiefnummer 1009 ;1
Archiefnummer 1010;1
Archiefnummer 2055  - schaal 1:20;1
Archiefnummer 2751;1
Archiefnummer 3096 - Situatie melkstal bij Gebr. van Iersel Nederweert - schaal 1:100, 1:50 en 1:10 - formaat A2;1
Archiefnummer 3123 - schaal 1:50 - formaat A2;1
Archiefnummer 3573;1
Archiefnummer 3629 - schaal 1:50/100;1
Archiefnummer 3805;1
Archiefnummer 3812;1
Archiefnummer 4059;1
Archiefnummer: 1125 - schaal 1:100 ;1
Archiefnummer: 1136 - schaal 1:100;1
Archiefnummer: 1139 - schaal: 1:100;1
Archiefnummer: 1140 - schaal 1:100;1
Archiefnummer: 1154 - schaal 1:10;1
Archiefnummer: 1155 - schaal 1:10;1
Archiefnummer: 1156 - schaal 1:10;1
Archiefnummer: 1186 - schaal 1:50;1
Archiefnummer: 1205 - schaal 1:100;1
Archiefnummer: 1206;1
Archiefnummer: 1221 - schaal 1:10;1
Archiefnummer: 1240;1
Archiefnummer: 1241 - schaal 1:100;1
Archiefnummer: 1243 - boerderij dhr. J. Kraak te Langweer;1
Archiefnummer: 1244 - spantconstructie niet voldoende sterk;1
Archiefnummer: 1245;1
Archiefnummer: 1246 - schaal 1:100;1
Archiefnummer: 1247 - dhr. P.B. de Boer te Stiens - schaal 1:100;1
Archiefnummer: 1249 - dhr. P.B. de Boer te Stiens;1
Archiefnummer: 1250 - schaal 1:20;1
Archiefnummer: 1251 - schaal 1:100;1
Archiefnummer: 1253;1
Archiefnummer: 1256;1
Archiefnummer: 1257 - schaal 1:20;1
Archiefnummer: 1258 - schaal 1:100;1
Archiefnummer: 1260 - schaal 1:100;1
Archiefnummer: 1264 - Bergsestraat, Azewijn - schaal 1:100;1
Archiefnummer: 1270;1
Archiefnummer: 1298 - tek.nr.: 1474A - schaal 1:100;1
Archiefnummer: 1318 - schaal 1:100;1
Archiefnummer: 1329 - loopstal van dhr. F. Wiersema te Spijk - schaal 1:100;1
Archiefnummer: 1333 - schaal 1:50;1
Archiefnummer: 1334 - Boerderij van L.S. Miedema te Winsum - schaal 1:50;1
Archiefnummer: 1340 - schaal 1:50;1
Archiefnummer: 1341 - schaal 1:50;1
Archiefnummer: 1386 - schaal 1:50;1
Archiefnummer: 1387 - schaal 1:50;1
Archiefnummer: 1388 - schaal 1:50;1
Archiefnummer: 1389 - schaal 1:50;1
Archiefnummer: 1398 - schaal 1:10;1
Archiefnummer: 1428 - schaal 1:100;1
Archiefnummer: 1429 - plattegrond plan 1, zie tekening 1432 - schaal 1:50;1
Archiefnummer: 1430 - plan II - schaal 1:50;1
Archiefnummer: 1432 - plan I, zie tek. 1429 - schaal 1:50;1
Archiefnummer: 1437 - schaal 1:20;1
Archiefnummer: 1440 - onderdeel kalender;1
Archiefnummer: 1462 - schaal 1:100;1
Archiefnummer: 1463 - schaal 1:100;1
Archiefnummer: 1464 - schaal 1:100;1
Archiefnummer: 1465 - schaal 1:100;1
Archiefnummer: 1466 - schaal 1:100;1
Archiefnummer: 1467 - schaal 1:100;1
Archiefnummer: 1470;1
Archiefnummer: 1474 C - schaal 1:100;1
Archiefnummer: 1475 - schaal 1:100;1
Archiefnummer: 1484 - (1430) - schaal 1:50;1
Archiefnummer: 1484 - plattegrond - schaal 1:50;1
Archiefnummer: 1490 - schaal 1:50;1
Archiefnummer: 1491 - schaal 1:10;1
Archiefnummer: 1498 - schaal 1:200;1
Archiefnummer: 1499 - B.A. Völker, Allone 6, France - schaal 1:100;1
Archiefnummer: 1507 - koekalender;1
Archiefnummer: 1515 - ontwerp R.Z.C. voor boerenkaas;1
Archiefnummer: 1524 - schaal 1:200;1
Archiefnummer: 1529 - rundveebedrijf K - schaal 1:200;1
Archiefnummer: 1530 - spantconstructie Houtman, Dedemsvaart ;1
Archiefnummer: 1580 - schaal 1:200;1
Archiefnummer: 1599 - schaal 1:200;1
Archiefnummer: 1601 - schaal 1:100;1
Archiefnummer: 1602 - schaal 1:200;1
Archiefnummer: 1603 - schaal 1:100;1
Archiefnummer: 1606 - schaal 1:100;1
Archiefnummer: 1635 - schaal 1:200;1
Archiefnummer: 1639 - schaal 1:100;1
Archiefnummer: 1640 - schaal 1:200;1
Archiefnummer: 1646 - IIIB - Plan IV - schaal 1:200;1
Archiefnummer: 1649 - voor J.M. Verkley - schaal 1:100;1
Archiefnummer: 1654 - Proefboerderij Hoorn, Flevopolder - schaal 1:200;2
Archiefnummer: 1655 - voor dhr. A.F. de Kock - plattegrond I en II - schaal 1:100;1
Archiefnummer: 1658 - schaal 1:200;1
Archiefnummer: 1659 - schaal 1:100;1
Archiefnummer: 1660 - schaal 1:200;1
Archiefnummer: 1664 - Proefbedrijf Hoorn, Flevopolder - Rundveebedrijf Bedrijfseenheid L - schaal 1:200;1
Archiefnummer: 1665 - schaal 1:200;1
Archiefnummer: 1671 - voor C.J. Sondag - schaal 1:200;1
Archiefnummer: 1676 - schaal 1:200;1
Archiefnummer: 1677 - voor Th. Witte - schaal 1:100;1
Archiefnummer: 1678 - schaal 1:200;1
Archiefnummer: 1679 - schaal 1:200;1
Archiefnummer: 1687 - schaal 1:100;1
Archiefnummer: 1690 - schaal 1:200;1
Archiefnummer: 1692 - schaal 1:200;1
Archiefnummer: 1694 - schaal 1:50;1
Archiefnummer: 1695 - schaal 1:50;1
Archiefnummer: 1697 - voor H.B. Haanstra - schaal 1:100;1
Archiefnummer: 1701 - schaal 1:50 - formaat 30x110;1
Archiefnummer: 1705 - schaal 1:50 - formaat 50x120;1
Archiefnummer: 1706 - schaal 1:200 - formaat A2;1
Archiefnummer: 1716 - schaal 1:200;1
Archiefnummer: 1716 - schaal 1:200 - formaat A2;1
Archiefnummer: 1745 - voor dhr. P. Rooyackers, Cuykseweg te Oeffelt;1
Archiefnummer: 1748;2
Archiefnummer: 1749 - Voerligboxenstal voor dhr. P. Smits uitgevoerd in Multistal van Hordijk - schaal 1:100;1
Archiefnummer: 1764 - schaal 1:100;1
Archiefnummer: 1765 - schaal 1:100;1
Archiefnummer: 1771 - schaal 1:100;1
Archiefnummer: 1780 - schaal 1:200;1
Archiefnummer: 1783 - schaal 1:100;1
Archiefnummer: 1791 - schaal 1:100;1
Archiefnummer: 1819;1
Archiefnummer: 1820;1
Archiefnummer: 1821;1
Archiefnummer: 1822;1
Archiefnummer: 1827;1
Archiefnummer: 1854;2
Archiefnummer: 1857;1
Archiefnummer: 1861;1
Archiefnummer: 1863;1
Archiefnummer: 1864 I;1
Archiefnummer: 1865 II;1
Archiefnummer: 1866 III;1
Archiefnummer: 1868;1
Archiefnummer: 1872;1
Archiefnummer: 1887;1
Archiefnummer: 1888;1
Archiefnummer: 1889;1
Archiefnummer: 1890;1
Archiefnummer: 1895;1
Archiefnummer: 1901 (Artikel van de Friese Boerderijbouwspecialisten);1
Archiefnummer: 1902 (Artikel van de Friese Boerderijbouwspecialisten);1
Archiefnummer: 1903 (Artikel van de Friese Boerderijbouwspecialisten);1
Archiefnummer: 1910;1
Archiefnummer: 1923;1
Archiefnummer: 1931;1
Archiefnummer: 1948;1
Archiefnummer: 1963;1
Archiefnummer: 1963 B.;1
Archiefnummer: 1966;1
Archiefnummer: 1966 A;1
Archiefnummer: 1967;1
Archiefnummer: 1975;1
Archiefnummer: 1980;1
Archiefnummer: 1981;1
Archiefnummer: 1986;1
Archiefnummer: 1999;1
Archiefnummer: 2009 - schaal 1:10;1
Archiefnummer: 2011 - schaal 1:100;1
Archiefnummer: 2033 - Schetsontwerp voor dhr. J.K. van Weperen te Oosterwolde - schaal 1:200;1
Archiefnummer: 2034 - Schetsontwerp voor dhr. J.K. van Weperen te Oosterwolde - schaal 1:200;1
Archiefnummer: 2035 - schaal 1:100;1
Archiefnummer: 2072 - Finsterwolde - schaal 1:200;1
Archiefnummer: 2080 - bedrijf L. Potters, Boomdijk 1;1
Archiefnummer: 2089;1
Archiefnummer: 2111 - schaal 1:100;1
Archiefnummer: 2116 - schaal 1:100;1
Archiefnummer: 2121 - schaal 1:100;1
Archiefnummer: 2122;1
Archiefnummer: 2124 - schaal 1:200;1
Archiefnummer: 2127 - schaal 1:50;1
Archiefnummer: 2128 - schaal 1:200;1
Archiefnummer: 2129 - schaal 1:200;1
Archiefnummer: 2130 - schaal 1:200;1
Archiefnummer: 2148 - schaal 1:100;1
Archiefnummer: 2157 - schaal 1:50;1
Archiefnummer: 2158 - schaal 1:100;1
Archiefnummer: 2161 - schaal 1:200;1
Archiefnummer: 2163 - schaal 1:10;1
Archiefnummer: 2171;1
Archiefnummer: 2175 - schaal 1:100;1
Archiefnummer: 2176 - Melkveebedrijf voor dhr. J.R.J. Winters te Leende - schaal 1:200;1
Archiefnummer: 2181;1
Archiefnummer: 2182 - schaal 1:100;1
Archiefnummer: 2183 - schaal 1:100;1
Archiefnummer: 2185 - schaal 1:100;1
Archiefnummer: 2186;1
Archiefnummer: 2187 - schaal 1:50;2
Archiefnummer: 2188 - schaal 1:100;1
Archiefnummer: 2190 - schaal 1:200;1
Archiefnummer: 2191 - schaal 1:200;1
Archiefnummer: 2192 - schaal 1:200;1
Archiefnummer: 2193 - schaal 1:200;1
Archiefnummer: 2194 - schaal 1:200;1
Archiefnummer: 2195 - schaal 1:200;1
Archiefnummer: 2196 - schaal 1:200;1
Archiefnummer: 2197 - schaal 1:200;1
Archiefnummer: 2198 - schaal 1:100;1
Archiefnummer: 2199 - schaal 1:200;1
Archiefnummer: 2202 - schaal 1:100;1
Archiefnummer: 2204;1
Archiefnummer: 2215 - schaal 1:100;1
Archiefnummer: 2222 - schaal 1:100;1
Archiefnummer: 2229 - schaal 1:100;1
Archiefnummer: 2238 - schaal 1:100;1
Archiefnummer: 2239 - Schaal 1:100;1
Archiefnummer: 2240 - schaal 1:100;1
Archiefnummer: 2251 - schaal 1:50;1
Archiefnummer: 2260 - schaal 1:100;1
Archiefnummer: 2272;1
Archiefnummer: 2273;1
Archiefnummer: 2274;1
Archiefnummer: 2304 - schaal 1:200;1
Archiefnummer: 2305 - schaal 1:100;1
Archiefnummer: 2306 - schaal 1:200/1000;1
Archiefnummer: 2307 - schaal 1:100 ;1
Archiefnummer: 2308 - schaal 1: 200;1
Archiefnummer: 2310 - schaal 1:200;1
Archiefnummer: 2314 - schaal 1:100;1
Archiefnummer: 2315 - schaal 1:200;1
Archiefnummer: 2372 - voor dhr. Veldink te Gaanderen - schaal 1:100/50;1
Archiefnummer: 2381 - schaal 1:100;1
Archiefnummer: 2512 - schaal 1:400;1
Archiefnummer: 2513 - schaal 1:200;1
Archiefnummer: 2515;2
Archiefnummer: 2516;1
Archiefnummer: 2538 - schaal 1:200;1
Archiefnummer: 2563 - schaal 1:100;1
Archiefnummer: 2569;2
Archiefnummer: 2581;1
Archiefnummer: 2592 - schaal 1:100/50;1
Archiefnummer: 2610;1
Archiefnummer: 2612 - schaal 1:50;1
Archiefnummer: 2613 - schaal 1:100;2
Archiefnummer: 2617 - schaal 1:100;1
Archiefnummer: 2637;1
Archiefnummer: 2638 - schaal 1:200;1
Archiefnummer: 2640 - schaal 1:50;1
Archiefnummer: 2650 - schaal 1:100;1
Archiefnummer: 2651 - schaal 1:100;2
Archiefnummer: 2652 - schaal 1:100;1
Archiefnummer: 2653 - schaal 1:100;1
Archiefnummer: 2663 - schaal 1:100/50;1
Archiefnummer: 2671 - schaal 1:100;1
Archiefnummer: 2674 - groepsvoedering - schaal 1:200;1
Archiefnummer: 2675 - schaal 1:200;1
Archiefnummer: 2676 - schaal 1:200;1
Archiefnummer: 2677 - schaal 1:200;1
Archiefnummer: 2681 - schaal 1:200;1
Archiefnummer: 2685 - schaal 1:100;1
Archiefnummer: 2722 - schaal 1:200;1
Archiefnummer: 2750 - schaal 1:50;1
Archiefnummer: 2752 - schaal 1:50;1
Archiefnummer: 2766 - schaal 1:100;1
Archiefnummer: 2773 - schaal 1:100;1
Archiefnummer: 2799 - schaal 1:100;1
Archiefnummer: 2804;1
Archiefnummer: 2901 - schaal 1:100;1
Archiefnummer: 2906 - schaal 1:100;1
Archiefnummer: 2912 - schaal 1:100;1
Archiefnummer: 2917 - schaal 1:100/50;1
Archiefnummer: 2918 -  Ministry of Agriculture and Fisheries, Mansholtlaan 12, Wageningen;1
Archiefnummer: 2918 - schaal 1:100;1
Archiefnummer: 2919 - Ministry of Agriculture and Fisheries, Mansholtlaan 12, Wageningen;1
Archiefnummer: 2920 - Ministry of Agriculture and Fisheries, Mansholtlaan 12, Wageningen;1
Archiefnummer: 2921 - Ministry of Agriculture and Fisheries, Mansholtlaan 12, Wageningen;1
Archiefnummer: 2929 - schaal 1:100;1
Archiefnummer: 2951 - schaal 1:100;1
Archiefnummer: 2977 - schaal 1:50;1
Archiefnummer: 2978 - schaal 1:50;1
Archiefnummer: 2979 - schaal 1:50;1
Archiefnummer: 2983 - schaal 1:20;1
Archiefnummer: 3002 - schaal 1:100;1
Archiefnummer: 3016 - schaal 1:100;1
Archiefnummer: 3023;1
Archiefnummer: 3024 - schaal 1:50;1
Archiefnummer: 3025;1
Archiefnummer: 3026 - schaal 1:50;1
Archiefnummer: 3027;1
Archiefnummer: 3028 - schaal 1:50;1
Archiefnummer: 3029;1
Archiefnummer: 3030;1
Archiefnummer: 3031;1
Archiefnummer: 3032;1
Archiefnummer: 3032a;1
Archiefnummer: 3043 - schaal 1:200;1
Archiefnummer: 3058 - schaal 1:200;1
Archiefnummer: 3077 - afd. Exportbevordering - schaal 1:200;1
Archiefnummer: 3081 - zie ook tek. 3077 - schaal 1:100;1
Archiefnummer: 3082;1
Archiefnummer: 3085 - schaal 1:100;1
Archiefnummer: 3087 - formaat A2;3
Archiefnummer: 3089 - formaat A2;1
Archiefnummer: 3090 - schaal 1:200 en 1:50 - formaat A2;1
Archiefnummer: 3093 - schaal 1:100 - formaat A2;1
Archiefnummer: 3097;1
Archiefnummer: 3104;1
Archiefnummer: 3105 - schaal 1:50 ;1
Archiefnummer: 3107;1
Archiefnummer: 3118 - schaal 1:100;1
Archiefnummer: 3121;1
Archiefnummer: 3122 - schaal 1:50;1
Archiefnummer: 3139 - schaal 1:100;1
Archiefnummer: 3142 - schaal 1:100, formaat A2;1
Archiefnummer: 3148 - schaal 1:100;1
Archiefnummer: 3179;1
Archiefnummer: 3183;1
Archiefnummer: 3184;1
Archiefnummer: 3207;1
Archiefnummer: 3240;1
Archiefnummer: 3241;1
Archiefnummer: 3244 - schaal 1:10;1
Archiefnummer: 3248 - schaal 1:50;1
Archiefnummer: 3249 - schaal 1:50;1
Archiefnummer: 3250 - schaal 1:50;1
Archiefnummer: 3251 - schaal 1:50;1
Archiefnummer: 3252 - schaal 1:50;1
Archiefnummer: 3253 - schaal 1:50;1
Archiefnummer: 3270 ;1
Archiefnummer: 3271;1
Archiefnummer: 3271 A;2
Archiefnummer: 3276;1
Archiefnummer: 3277;1
Archiefnummer: 3278 - schaal 1:100;1
Archiefnummer: 3283 - schaal 1:50;1
Archiefnummer: 3290 - schaal 1:20;1
Archiefnummer: 3291 - schaal 1:10;1
Archiefnummer: 3292 - schaal 1:100;1
Archiefnummer: 3294 - schaal 1:100;1
Archiefnummer: 3298 - schaal 1:200;1
Archiefnummer: 3324 - schaal 1:100;1
Archiefnummer: 3337A;1
Archiefnummer: 3341 - schaal 1:100;1
Archiefnummer: 3344 (zie 3156) - schaal 1:50;1
Archiefnummer: 3345 (zie 3318) - schaal 1:200;1
Archiefnummer: 3346 (zie 3157) - schaal 1:50;1
Archiefnummer: 3347 (zie 3172) - schaal 1:50;1
Archiefnummer: 3360 - schaal 1:100;1
Archiefnummer: 3361 - schaal 1:100;1
Archiefnummer: 3366 - schaal 1:50;1
Archiefnummer: 3390;1
Archiefnummer: 3397 - schaal 1:50;1
Archiefnummer: 3416 - schaal 1:100;1
Archiefnummer: 3417 - schaal 1:100;1
Archiefnummer: 3418 - schaal 1:100;1
Archiefnummer: 3430 - schaal 1:200;1
Archiefnummer: 3464 A;1
Archiefnummer: 3472 A;1
Archiefnummer: 3482 A;1
Archiefnummer: 3486 - schaal 1:50;1
Archiefnummer: 3487 - schaal 1:50;1
Archiefnummer: 3488 - schaal 1:50;1
Archiefnummer: 3489 - schaal 1:50;1
Archiefnummer: 3490 - schaal 1:50;1
Archiefnummer: 3497 - schaal 1:200;1
Archiefnummer: 3547;1
Archiefnummer: 3555 A - schaal 1:50;1
Archiefnummer: 3572 - schaal 1:50;1
Archiefnummer: 3572 A;1
Archiefnummer: 3574 - schaal 1:50;1
Archiefnummer: 3575 - schaal 1:50;1
Archiefnummer: 3600;1
Archiefnummer: 3601 - M.J.M. Bouman-Sweers;1
Archiefnummer: 3602;1
Archiefnummer: 3603 - schaal 1:500;1
Archiefnummer: 3604 - schaal 1:500;1
Archiefnummer: 3605;1
Archiefnummer: 3606 - schaal 1:100;1
Archiefnummer: 3628;1
Archiefnummer: 3630 - schaal 1:10;1
Archiefnummer: 3631;1
Archiefnummer: 3638 - schaal 1:100;1
Archiefnummer: 3706 - schaal 1:200;1
Archiefnummer: 3796 - schaal 1:100 ;1
Archiefnummer: 3803;1
Archiefnummer: 3804;1
Archiefnummer: 3806;1
Archiefnummer: 3882;1
Archiefnummer: 3886 ;1
Archiefnummer: 3887;1
Archiefnummer: 3888;1
Archiefnummer: 3889 - Varkens;1
Archiefnummer: 3920 - ILB Nok 30°;1
Archiefnummer: 4070 - R - renovatie varkensproefbedrijf Sterksel;1
Archiefnummer: 4072 - Mestvarkens - Varkensproefbedrijf Sterksel;1
Archiefnummer: 4073 - Fokvarkens - varkensproefbedrijf Sterksel;1
Archiefnummer: 4077;1
Archiefnummer: 7955;1
Archiefnummer: 7958;1
Archiefnummer:1657 - schaal 1:200;1
Archiefnummer:1784 - schaal 1:10;1
Archiefnummer:2088 - schaal 1:100;1
Architect : J. Bongaerts, getekend : A.E. Schöne;1
Architect : J. Bongaerts, getekend : Tonny Bleys, gemeten : B. Nienhuis;2
Architect A.A. Kok, Amsterdam;3
Architect Adr. de Leeuw - Perre, Boxmeer. Raamcorrectie in het Z.W. torengevel etc.. Hiervan schetscopie verzonden dd 16 aug. 1935, Oger;1
Architect B. Peteri heeft op de plaats van de in 1890 afgebroken havezate een boerderij ontworpen;1
Architect BNA: A. Baart. jr., Leeuwarden;1
Architect J. Bongaerts, gemeten B. Nienhuis, getekend Tonny Bleys;1
Architect J.W. Janzen, Den Haag: Get. J.W.;1
Architect Offringa, copie naar ontwerpplan restauratieplan Phil. Bolt november 1951;1
Architect en gemeten : J. Bongaerts, getekend : Tonny Bleys;1
Architect en gemeten: J. Bongaerts, getekend : Tonny Bleys;3
Architect en verv.datum komen van reconstructie tekening .;1
Architect heeft  tekening nummer 792 meegegeven, werk 196;1
Architect heeft  werk nummer 196 meegegeven;4
Architect heeft  werknummer 196 gegeven;1
Architect heeft nummer 601 toegekend;1
Architect heeft nummer 605 toegekend;1
Architect heeft nummer 608 toegekend;1
Architect heeft nummer 610 toegekend;1
Architect heeft nummer 623 toegekend;1
Architect heeft nummer 625 toegekend;1
Architect heeft nummer 627 toegekend;1
Architect heeft nummer 628 toegekend;1
Architect heeft nummer 644 toegekend;1
Architect heeft nummer 645 toegekend;1
Architect heeft nummer 882 toegekend;1
Architect heeft nummer 883 toegekend;1
Architect heeft tekening nummer 469 gegeven, werk 196;1
Architect heeft tekening nummer 470 gegeven, werk 196;1
Architect heeft tekening nummer 475 gegeven, werk 196;3
Architect heeft tekening nummer 477 gegeven, werk 196;2
Architect heeft tekening nummer 717 gegeven, werk 196;1
Architect heeft tekening nummer 757 gegeven, werk 196;1
Architect heeft tekening nummer 793 gegeven, werk 196;1
Architect heeft tekening nummer 853 meegegeven;1
Architect heeft tekening nummer 854 meegegeven;1
Architect heeft tekening nummer 855 meegegeven;1
Architect heeft tekening nummer 859 meegegeven;1
Architect heeft tekening nummer 861 meegegeven;1
Architect heeft tekening nummer 864 meegegeven;1
Architect heeft tekening nummer 866 gegeven, werk 196;1
Architect heeft tekening nummer 869 gegeven, werk 196;1
Architect heeft tekening nummer 871 gegeven, werk 196;1
Architect heeft tekening nummer 872 gegeven, werk 196;1
Architect heeft tekening nummer 873 meegegeven;1
Architect heeft tekening nummer 880 meegegeven;1
Architect heeft tekening nummer 884 meegegeven;1
Architect heeft tekening nummer 893 meegegeven;1
Architect heeft tekening nummer 921 gegeven, werk 196;1
Architect leider Frans Mol Breda;5
Architecten B.N.A.: G. de Hoog Hz en N. Ramakers;2
Architecten B.N.A.: G. de Hoog Hz. en N. Ramakers, 's-Gravenhage - Sittard;6
Architecten D. Verheus en A. Schellevis;4
Architecten L. Streefkerk & W. Degooyer, Naarden - Bussum;2
Architecten: D. Hulshoff, Den Haag  /  H. Dethmers, Ootmarsum;1
Architectenbureau Baart, Leeuwarden;3
Architectenbureau Bob C. van Beek, Leiden;1
Architectenbureau: A. Baart. jr., Leeuwarden;1
Architectenburo Bob van Beek, Leiden. No. 7869-1   -   Kopie van tekening: aangepast;1
Architectenburo: Ir. J. de Vries b.v., Dordrecht;2
Architectleider  : G.M. Leeuwenberg, getekend oktober 1943 C. Nierstrasz;3
Architectleider  :G.M. Leeuwenberg, getekend C. Nierstrasz oktober 1943;1
Architectleider  en tekenaar G.M. Leeuwenberg;2
Architectleider :  G.M. Leeuwenberg, getekend oktober 1943 Th. Hermans;3
Architectleider : G.M. Leeuwenberg;7
Architectleider : G.M. Leeuwenberg, getekend A.J. Lisman oktober 1943;7
Architectleider : G.M. Leeuwenberg, getekend A.J.Lisman oktober 1943;2
Architectleider : G.M. Leeuwenberg, getekend C. Nierstrasz oktober 1943;14
Architectleider : G.M. Leeuwenberg, getekend Th. Hermans;1
Architectleider : G.M. Leeuwenberg, getekend Th. Hermans oktober 1943;18
Architectleider : G.M. Leeuwenberg, getekend Th. Hermans september 1943;1
Architectleider : G.M. Leeuwenberg, getekend Th. Hermans, oktober 1943;4
Architectleider : G.M. Leeuwenberg, getekend oktober 1943 A.J.Lisman;7
Architectleider : G.M. Leeuwenberg, getekend oktober 1943 C. Nierstrasz;12
Architectleider : G.M. Leeuwenberg, getekend oktober 1943 Th. Hermans;10
Architectleider : G.M. Leeuwenberg, getekend september 1943 C. Nierstrasz;2
Architectleider : G.M. Leeuwenberg, getekend september 1943 Th. Hermans;1
Architectleider :G.M. Leeuwenberg, getekend A.J. Lisman oktober 1943;3
Architectleider :G.M. Leeuwenberg, getekend A.J. Lisman september 1943;4
Architectleider :G.M. Leeuwenberg, getekend C. Nierstrasz;1
Architectleider :G.M. Leeuwenberg, getekend C. Nierstrasz oktober 1943;1
Architectleider :G.M. Leeuwenberg, getekend oktober 1943 A.J. Lisman;2
Architectleider :G.M. Leeuwenberg, getekend oktober 1943 C. Nierstrasz;3
Architectleider :G.M. Leeuwenberg, getekend oktober 1943 Th. Hermans;6
Architectleider Frans Mol, getekend december 1943 A.J.IJland;3
Architectleider Frans Mol, getekend december 1943 Jac. H.M. Priem;1
Architectleider Frans Mol, getekend februari 1944 Jac. H.M. Priem;2
Architectleider Frans Mol, getekend februari 1944 Jac.H.M.Priem;3
Architectleider Frans Mol, getekend januari 1944 Jac. H.M. Priem;4
Architectleider Frans Mol, getekend januari 1944 Jac.H.M.Priem;1
Architectleider Frans Mol, getekend junuari 1944 Jac. H.M. Priem;2
Architectleider Frans Mol, getekend november 1943 A.J.IJland;1
Architectleider Frans Mol, getekend november 1943 door A.J. IJland;3
Architectleider G.M. Leeuwenberg, getekend Th. Hermans oktober 1943;3
Architectleider J. Bongaerts, getekend A.E. Schöne, opmeting november 1943;3
Architectleider en tekenaar  Frans Mol;3
Architectleider en tekenaar :  G.M. Leeuwenberg;2
Architectleider en tekenaar : G.M. Leeuwenberg;14
Architectleider en tekenaar Frans Mol;7
Architectleider en tekenaar G.M. Leeuwenberg;11
Architectleider en tekenaar G.M. Leeuwenberg oktober 1943;4
B 2;1
B H 51;1
B H No. 1;1
B H No. 33;1
B H No. 43 bis;1
B. Ten Hoorn / Kleur;2
B.E. Blad 1;1
B.E. Blad 2;1
B.E. Blad 3;1
B.E. Blad 4;1
B.H. No. 46;1
B56;1
B59;2
B60;1
B62;4
B65;2
B67;3
B70;2
B75 - B76;1
B78;1
B79;1
BH 6;1
BH 7;1
BH 8a;1
BH No. 101a;1
BH No. 12;1
BH No. 23;1
BH No. 25, bevindt zich in de tuin van het Rijksmuseum te Amsterdam;1
BH No. 26;1
BH No. 35;1
BH No. 37 - kleur;1
BH No. 39. Kopie van calque, opgeplakt.;1
BH No. 42;1
BH No. 50 - gevel bouw Willem II;1
BH No. 94;1
BH No. 96;1
BH No. 98;1
BWB;3
BWB - 1/3 groen en 2/3 bouw;1
BWB - District Amersfoort;1
BWB - District Deventer;1
"BWB - District Dordrecht
Noordzicht. Dordrecht nr. 4";2
BWB - schaal 1:20 ;1
BWB - schaal 1:50;1
BZ  N1 mm   -   met rode pen ingetekend;1
BZ  N1 nn   -   met rode pen ingetekend;1
BZ  N1 oo   -   met rode pen ingetekend;1
BZ  N1 pp   -   met rode pen ingetekend;1
BZ 14  - kleur;1
BZ 14 - A 573;1
BZ 24u;1
BZ 41;1
BZ 51;1
BZ 65;1
BZ 65 b;1
BZ 66 - A 605;1
BZ 69 - A 1942;1
BZ 72;1
BZ 72 - kleur;1
BZ 75 - A 678;1
BZ 75 - A 679;1
BZ 75 - A 681;1
BZ 75 - A 682;1
BZ N 14 m;1
BZ N 57 - A 1972;1
BZ N 67a;1
BZ N 67b;1
BZ N 67c;1
BZ N 67d;2
BZ No 21 w;1
BZ No 44r;1
BZ No. 1;1
BZ No. 14 - A 510;1
BZ No. 14 - A 598;1
BZ No. 14 p - A 515;1
BZ No. 21;4
BZ No. 21 - kleur;1
BZ No. 21d;1
BZ No. 44 - A 1709;1
BZ No. 5 - A 680;1
BZ No. 66;1
BZ No. 66 b;1
BZ No. 80;1
BZ Nr. 44t - A 1710;1
BZ Nr. 44x;1
BZ Nr. 58a;1
BZ Nr. 58b;1
BZ Nr. 58d;1
BZ Nr. 58e;1
BZN 61a - A 2013;1
BZN 61b - A 2014;1
BZN 61c - A 2015;1
Bankenplan naar A. van Warendorp Jz. 15-3-1797;1
Barneveld, Topperweg;1
Bedoeld voor publicatie over Het Duitse Huis blad 01;1
Bedoeld voor publicatie over Het Duitse Huis blad 02;1
Bedoeld voor publicatie over Het Duitse Huis blad 04;1
Bedoeld voor publicatie over Het Duitse Huis blad 05;1
Bedoeld voor publicatie over Het Duitse Huis blad 06;1
Bedoeld voor publicatie over Het Duitse Huis blad 07;1
Bedoeld voor publicatie over Het Duitse Huis blad 08;1
Bedoeld voor publicatie over Het Duitse Huis blad 09;1
Bedoeld voor publicatie over Het Duitse Huis blad 10;1
Bedoeld voor publicatie over Het Duitse Huis blad 11;1
Bedoeld voor publicatie over Het Duitse Huis blad 12;1
Bedoeld voor publicatie over Het Duitse Huis blad 13;1
Bedoeld voor publicatie over Het Duitse Huis blad 14;1
Bedoeld voor publicatie over Het Duitse Huis blad 15;1
Bedoeld voor publicatie over Het Duitse Huis blad 16;1
Bedoeld voor publicatie over Het Duitse Huis blad 17;1
Bedoeld voor publicatie over Het Duitse Huis blad 18;1
Bedoeld voor publicatie over Het Duitse Huis blad 19;1
Bedoeld voor publicatie over Het Duitse Huis blad 20;1
Bedoeld voor publicatie over Het Duitse Huis blad 21;1
Bedoeld voor publicatie over Het Duitse Huis blad 22;1
Bedoeld voor publicatie over Het Duitse Huis blad 23;1
Bedoeld voor publicatie over Het Duitse Huis blad 24;1
Bedoeld voor publicatie over Het Duitse Huis blad 25;1
"Bedoeld voor publicatie over Het Duitse Huis blad 3; andere tekeningen voor deze publicatie zitten in doos I-1141";1
Bedstedewand afkomstig uit Friesland, hergebruikt;2
Beekbergen - Hervormde kerk - bouwgeschiedenis;1
Beemster, Oostmijzerweg. NH;1
Begane grond;1
Beglazing;1
Begrenzing van beschermd gebied van Raaphorst en Eikenhorst eveneens aangegeven;1
Behoorde tot de collectie van Het Mauristhuis, thans tot de collectie van Het Rijksmuseum;1
Behoorde tot de collectie van Huis De Voorst, thans tot de collectie van Huize Ruurlo;1
Behoort bij bestek No. 136. v.BenR. Arch.ten B.N.A., Dordrecht maart 1934;2
Behoort bij blad no. 873;2
Behoort bij blad no. 878;1
Behoort bij blad no. 880, 881, 884;1
Behoort bij blad no. 880, 881, 884, 896;1
Behoort bij brief nr. 1711 d.d. 11 augustus 1905 aan B. & W. van Delft;1
Behoort bij de memorie van toelichting d.d. [...] ingezonden door den architect van de restauratiewerken aan de  Groote- of Onze Lieve Vrouwe kerk te Breda;1
Behoort bij den brief van den Heer D.M. Meilink Borculo 27 november 1867  -  kleur;1
Behoort bij het bouwkundig onderzoek i.v.m. de behandeling van hegt beroepschrift tegen plaatsing op de monumentenlijst;1
Behoort bij het documentatierapport betreffende de afwerklagen en decoratieschilderingen van de Joriskerk in Amersfoort;1
Behoort bij het rapport van J. Roelewijn en D. Vos van 26 juni 1725 betreffende het herstel aan de daken van de Valkhofburcht (Gelders Archief, 0012 Gelderse Rekenkamer 815). Deze kopie is vrijwel zeker een voorstudie voor Plaat I van het manuscript 'De Valkhofburcht te Nijmegen' door J.J. Weve (1925);1
Behoort bij het schrijven van 13 december 1888, no. 812, betreffende N.H. St. Eusebiuskerk te Arnhem;1
Behoort bij missive dd 14 juni 1878 no. 292 aan de Commmissie van Rijksadviseurs v/d monumenten van geschiedenis en kunst : P.J.H. Cuypers;1
Behoort bij schrijven 1931-09-28;1
Behoort bij tekeningn a:50 door W.J. Berghuis nov. '82 - sept. '83;1
Behoort tot de verzameling van J.L. Schouten;1
Behoort zeer waarschijnlijk tot het werk wat W.J. Berghuis heeft vervaardigd voor de SHBO;10
Behorend bij nr.: 2344;1
Bekroning weergegeven in aanzicht vóór 1906, welke complete toestand bij de restauratie in 1980 is nagestreefd;1
Bemeubeling;1
Beneden Verlaat 40 en 40-1;1
Beneden Verlaat 53;1
"Berghum bij Denekamp
Naar deeltekeningen van Jan Jans, aangevuld en in een blad gebracht door R. Oldhoff";1
"Bergum, april, 1919 - Complexnummer 22909
Provincie Friesland";1
"Bergum, december, 1913 - Complexnummer 22908
Provincie Friesland";1
Beschadigd, opgeplakt op groot stuk karton;1
"Beschadigde tekening gerestaureerd te Helmond; moet nog te Kampen gedigitaliseerd worden.";1
Beschadigingen op de tekeningen (onderin ontbreekt een gedeelte van de tekening);1
Beschildering;1
Beschrijving gebaseerd op aannames;1
Bestaande toestand;4
Bestaande toestand hoekpand;1
"Bestaande toestand naar tekening uit 1889 en tekening archief Jac. van Gils ged.herzien en getekend Th. van Straalen ; opmeting opgegraven funderingen J. Walraad en Th. van Straalen";1
Bestaande toestand van de percelen, naar opmetingen van J. Bakker;1
Bestaande toestand van perceel Rokin 98 te Amsterdam 1912 naar opmeting van (volgt geen naam);1
Bestaat uit twee delen (PB-5a en PB-5b);1
Bestaat uit twee delen (PB-86a en PB-86b);1
Bestaat uit twee delen: PB-9a en PB-9b);2
Bestek 103, blad 2;1
Bestek 103, blad 3;1
Bestek 103, blad 4;1
Bestek 103, blad 5;1
Bestek Oostburg 45 is tevens bestemd voor : Aardenburg 70 Breskens    4 Oostburg    9 Philippine  1 Ijzendijke 10 Ijzendijke 34;1
Bestek Oostburg is het bestek voor het herstellen van twee woonhuizen met bijgebouwen en een schuur voor de bouwnummers : Aardenburg  11                  Aardenburg 114                  Sluis       15 Gegevens bouwjaar op taxatierapport verschillen van die op situatieschets .;1
Bestek no. 102 blad no. 5;1
Bestek nummer Arnhem 1 was geheel identiek aan Bestek Arnhem 130 en is derhalveì vernietigd.;1
Besteknr. 51093.;1
"Bestektekening 167; blad rest. 5";1
Bestektekening niet aanwezig .;1
Betimmeringen 19-2;1
Betonverhouding: 125 kg p.c. - 1.75 hl zand - 2.50 hl grind - schaal 1:20 - 1:5 - 1:2;1
Betreft de grafkapel, dat ingericht wordt tot archieflokaal;1
Betreft een boerderij : verder geen naam en/of adresgegevens bekend.;2
Betreft een gerestaureerde tekening, die bij de restuaratie in tweeën is gesneden: tekening BT-032420 is het andere deel. Deze tekening is het linkerdeel.;1
Betreft een gerestaureerde tekening, die bij de restuaratie in tweeën is gesneden: tekening BT-032421 is het andere deel. . Deze tekening is het rechterdeel.;1
Betreft een wijzigingstekening op 203 A, deze is verwijderd;1
Betreft het achterdeel van de kerk en de omgeving;1
Betreft plattegronden van twee verschillende NH-kerken;1
Beuningen, thans in het NOM;1
Bevat de tekening van de voor- en achterkant van de grenspaal bij het tolhek, respectievelijk verwijzend naar Heenvliet en naar Bernisse, én grenspalen bij Geervliet, verwijzend naar Putten en Bernisse;1
Bevat een uitgebreide legenda;1
Bevat een uitgebreide tekstuele uitleg;1
Bevat ook een situatieschets;2
"Bevat overzicht van eigenaren, over de jaren 469 t/m 1256; in de gehele periode was De Kerk der Hervormde Gemeente te Cornjum eigenaar";1
Bevat tevens de buigstaat bij blad 6;1
Bevat van diverse objecten en adressen een detail;2
Bevindt zich thans in het Nederlands Openlucht Museum te Arnhem;1
Bewerking naar J.G.N. Renaud in Gelre 1944;1
Bewerking van de bouwaanvraag d.d. 13 januari 1955 van architect Ir. S. van Ravesteyn.;1
Bewerking van de tekening van de bouwaanvraag d.d. 13 januari 1955 van S. van Ravesteijn;1
Bewerkt door de directeur der Waterwerken te Kampen 1879;1
Bewerkt naar de opmeting van G, de Hoog en N. Ramakers 1933 door H. van der Wal;1
Bewerkt naar een opmeting van Ad Mulder van 1893 H. van der Wal 1959;2
Bewerkt naar een tekening van dr. P.J.H. Cuypers 1863;1
Bewerkt naar opmeting A.J.N. Boosten, H.v.d. Wal 1959;1
Bewerkt naar opmeting Arch. Dingemans 1968. Get. H. van der Wal 1978;1
Bewerkt naar opmeting J.H.A. Huismans 1956 getekend H, van der Wal 1968;1
Bewerkt naar opmeting W. Sprenger 1915 door H. v.d. Wal 1968;1
Bewerkt naar opmeting technische dienst gemeente Nuth;1
Bewerkt naar opmetingen van John Pappers 1976;1
Bewerkt naar oude opmeting van H. van der Wal  -   A.W. 3-'84;1
Bewerkt naar tekening van architect Pluymen, situatie opgenomen in 1976 door H. van der Wal;1
Beyart kerk Maastricht;1
Bierum (GR) N.H. kerk te Krewerd;1
"Bij Prov. Museum Drenthe, 7-blad 1
Paterswolde";1
"Bij Prov. Museum Drenthe, 7-blad 2
Paterswolde";1
Bij het bezoek in oktober 1959 was het gehele interieur uitgebroken;1
"Bij torenkruis staat: ""Ligt op de grond"", en: ""Thans afgevoerd"".";1
Bijgeschreven helemaal rechtsonder: krt nr : 9;1
Bijgeschreven met potlood : reconstructie W. Stooker;1
Bijgeschreven opmerkingen: dienst Bouw-en Woningtoezicht gem. Waterland;1
"Bijgewerkt: november 1939.
Rechtsonder ontbreekt een gedeelte van de tekening. Het ontbrekende gedeelte is later teruggevonden en digitaal aan de tekening toegevoegd. ";1
Bijlage 12 jan. 1882, No. 179 K.W.   -   No. 1 BZ;1
Bijlage [bij brief?] 20 april 1878;1
Bijlage bij brief van 24 juni 1893;1
Bijlage bij een brief de dato 1940-10-15;1
Bijlage bij een brief de dato 1940-11-16;1
Bijlage van een ingezonden verzoek om rijkssubsidie voor herstelling der kerk van de Ned. Herv. Gemeente te Blokzijl dd 7 juni 1919;1
Bijlage: Inventarisatieformulier Boerderijen;2
Bijschrift met potlood: Afb. 5 Ravelijn te Bergen op Zoom n. d. opmeting der Gemeentewerken aldaar.   -   met maten in Rijnlandse roeden en meters;1
Bijzonderheden: Opmetingen : Marktstraat 39-41, G. v. Wezel, 1971  -  2-4-6 RDMZ, H.J. Botti, 1972   -   opgemeten: Architectenbureau Ruige, 1974   -   Geïllustreerde beschrijving Oostelijk Rijnland;1
Binnenburg B377;1
Binnenpad;1
Binnenplaats achter Davidshof;1
Blad 1;52
"Blad 1
";1
"Blad 1
Braakman";1
"Blad 1
Hoofdstraat Zuideinde C 8-56";1
"Blad 1
Marxveld en Ekkelenboom. Bisschopstraat 217, 218, 219";1
"Blad 1
Molkwerum 30,32,34,37,39,48,52";1
Blad 1 ;1
"Blad 1  
D 89, 97, 99";1
Blad 1 - Rijksmuseum voor Volkskunde, NOM, Arnhem - Documentatie Landelijke Bouwkunst;2
"Blad 1 - Rijksmuseum voor Volkskunde, NOM, Arnhem - Documentatie Landelijke Bouwkunst
RM 35918

Wadwerd, Eemsmond";1
Blad 1 - bedrijf: Akkerbouw - plattegrond - schaal 1:100 ;1
Blad 1 - schaal 1:100;2
Blad 1 - schaal 1:100 cm;1
Blad 1 A;1
Blad 1 en blad 2;1
Blad 1 van 11;2
Blad 1 van 2;1
Blad 1 van 4;1
"Blad 1 van Documentatie landelijke bouwkunst, Map 1. Deze boerderij viel in 1941 kadastraal onder Bedum, later onder Groningen. Afgebroken
";1
Blad 1-1 - schaal 1:20;1
Blad 1-2 - schaal 1:20 - in 1959 afgebrand;1
Blad 1/1;58
"Blad 1/1
Huisnummer 20 en 21";1
"Blad 1/1
Huisnummer 41";1
"Blad 1/2 - Rijksmuseum voor Volkskunde, NOM, Arnhem - Documentatie Landelijke Bouwkunst
v.m. Boerderij (gesloopt: circa 1943
Bad Nieuweschans, Oldambt. Hamdijk 14 9693 TD, voormalige gemeente Reiderland";1
Blad 1/2 - schaal 1:50;3
Blad 10;5
Blad 10 - schaal 1:20;1
Blad 10 van 11;2
Blad 11;4
Blad 11 - schaal 1:20;1
Blad 11 van 11;2
Blad 11, behorende bij blad 3 en 4;1
Blad 117;1
Blad 12;4
Blad 12 - schaal 1:1;1
Blad 12 - zie DR 72;1
Blad 120;1
Blad 126;1
Blad 127;1
Blad 128;1
Blad 13;5
Blad 137;1
Blad 138;1
Blad 139;1
Blad 14;2
Blad 14 - schaal 1:20;1
Blad 141;1
Blad 146;1
Blad 15;4
Blad 15 - 1:1;1
"Blad 15 - zie DR 81 - 2 bladen
Oud Schoonebeek, Europaweg 26 (A 245)";1
Blad 150;1
Blad 153;1
Blad 154;1
Blad 16;2
Blad 162;1
Blad 168;1
Blad 17;3
Blad 17 - schaal 1:20;1
Blad 170;1
Blad 173;1
Blad 18;4
Blad 19;1
Blad 2;32
"Blad 2
Braakman";1
"Blad 2
D 89, 97, 99";1
"Blad 2
Hoofdstraat D 28-85, 109, E 7";1
"Blad 2
Marxveld en Ekkelenboom. Bisschopstraat 217, 218, 219";1
"Blad 2
Molkwerum 30,32,34,37,39,48,52";1
"Blad 2
Warns 71-74";1
Blad 2 - Rijksmuseum voor Volkskunde, NOM, Arnhem - Documentatie Landelijke Bouwkunst;1
"Blad 2 - Rijksmuseum voor Volkskunde, NOM, Arnhem - Documentatie Landelijke Bouwkunst
Havenbuurt F 94-99";1
"Blad 2 - Rijksmuseum voor Volkskunde, NOM, Arnhem - Documentatie Landelijke Bouwkunst
RM 35918

Wadwerd, Eemsmond";1
Blad 2 - bedrijf: Akkerbouw - schaal 1:100;1
Blad 2 - naar deeltekeningen van Jan Jans aangevuld en in twee bladen gebracht door R. Oldhoff - schaal 1:50 cm;1
Blad 2 - perceel 22;1
"Blad 2 - schaal 1:10
Anjum, Stenen Pad B, 270-273, 287, 318";1
Blad 2 - schaal 1:100;1
Blad 2 - zie DR 71;1
Blad 2 A;1
Blad 2 van 11;2
Blad 2 van 2;1
Blad 2 van 4;1
Blad 2, Boerderij aan den weg Usquert - Uithuizen nr. 462 - schaal 1:20;1
"Blad 2/2 - Rijksmuseum voor Volkskunde, NOM, Arnhem - Documentatie Landelijke Bouwkunst
v.m. Boerderij (gesloopt: circa 1943
Bad Nieuweschans, Oldambt; Hamdijk 14 9693 TD voormalige gemeente Reiderland";1
Blad 20;3
Blad 205;1
Blad 206;1
Blad 207;1
Blad 21 - zie DR 79;1
Blad 215 - No. 2 - schaal 1:100;1
Blad 215 - No. 3 - Schaal 1:100;1
Blad 215 - No.1 - boerderij;1
Blad 215 - No.4;1
Blad 22;2
Blad 23;2
Blad 23 - zie DR 80;1
Blad 24;2
Blad 240 a;1
Blad 273 - No. 3 -  schaal 1:100;1
Blad 273 - No.2 - boerderij;1
Blad 28;1
Blad 29;4
Blad 3;26
"Blad 3
D 89, 97, 99";1
"Blad 3
Dwarsnoord E 23-28,31-43,46-54";1
"Blad 3
Molkwerum 29";1
Blad 3  ;1
"Blad 3 - Rijksmuseum voor Volkskunde, NOM, Arnhem - Documentatie Landelijke Bouwkunst
Havenbuurt F 86-88,90,100-106";1
Blad 3 - bedrijf: Akkerbouw - schaal 1:100;1
Blad 3 - perceel 20/21;1
"Blad 3 - schaal 1:10
Anjum, Stenen Pad B, 270-273, 287, 318";1
Blad 3 - schaal 1:100;1
Blad 3 - schaal 1:20;1
Blad 3 - zie DR 82-83;1
Blad 3 / 51 : teken rechtsonder niet ontcijferd;2
Blad 3 b;1
Blad 3 d;1
Blad 3 en blad 4;1
Blad 3 van 11;2
Blad 3 van 4;2
Blad 30;1
Blad 32;1
Blad 34;1
Blad 35;1
Blad 36;1
Blad 37;1
Blad 38;1
Blad 39;1
Blad 4;18
"Blad 4
Houtmolenstreekje G 63-72";1
Blad 4 - Boerderij te Vriezenveen, eigenaar dhr. L. Holland - schaal 1:100;1
Blad 4 - Rijksmuseum voor Volkskunde, NOM, Arnhem - Documentatie Landelijke Bouwkunst;1
Blad 4 - bedrijf: Gemengd - plattegrond - schaal 1:100;1
Blad 4 - perceel 19;1
"Blad 4 - schaal 1:10
De Lanen B, 304-306,315-318,287";1
Blad 4 - schaal 1:100;1
Blad 4 - schaal 1:20;1
"Blad 4 / zie DR 82-83
";1
Blad 4 A;1
Blad 4 van 11;2
Blad 4 van 4;1
Blad 40;1
Blad 45;1
Blad 46;1
Blad 47;1
Blad 49;1
Blad 49 / 128;1
Blad 5;11
Blad 5  ;1
Blad 5 - Rijksmuseum voor Volkskunde, NOM, Arnhem - Documentatie Landelijke Bouwkunst;1
Blad 5 - bedrijf: gemengd - schaal 1:100;1
"Blad 5 - perceel 15/16
Laaxum, Laaxum 15-16";1
Blad 5 - schaal 1:10;1
Blad 5 - schaal 1:20;1
Blad 5 - varianten op blad 3;1
"Blad 5 - zie DR 82-83
";1
Blad 5 a;1
Blad 5 van 11;2
Blad 5, behorende bij blad 3 en 4;1
Blad 5-1;1
Blad 5-2;1
Blad 50;1
Blad 52;1
Blad 56;1
Blad 58;2
Blad 59;1
Blad 6;15
"Blad 6
Hoofdstraat Zuid B 76-124";1
"Blad 6 - Rijksmuseum voor Volkskunde, NOM, Arnhem - Documentatie Landelijke Bouwkunst
De Laatste Stuiver, Havenbuurt 197-199";1
Blad 6 - Schema: Gescheiden Bouw - Bedrijf: Gemengd - schaal 1:100;1
Blad 6 - perceel 4 t/m 9;1
"Blad 6 - schaal 1:10
Molenbuurt B, 190, 191, 193-196
";1
Blad 6 - schaal 1:20 ;1
Blad 6 van 11;2
Blad 60;2
Blad 64;1
Blad 68;2
Blad 7;10
"Blad 7
Molenbuurt B, 190, 191, 193-196
";1
"Blad 7
Sielspad F 59-67";1
Blad 7 - perceel 10;1
Blad 7 behoort bij blad 2 - Rijksmuseum voor Volkskunde, NOM, Arnhem - Documentatie Landelijke Bouwkunst;1
Blad 7 van 11;2
Blad 70;1
Blad 72;1
Blad 74;1
Blad 8;6
"Blad 8
Het Pad B, 226, 229, 230";1
"Blad 8
Sielspad F 69-74, 76, 78-81";1
Blad 8 - perceel 2;1
Blad 8 - schaal 1:20;1
Blad 8 - zie DR 86 ;1
Blad 8 behoort bij blad 3 - Rijksmuseum voor Volkskunde, NOM, Arnhem - Documentatie Landelijke Bouwkunst;1
Blad 8 van 11;2
Blad 82 / 118;1
Blad 87;1
Blad 9;9
"Blad 9 
";1
Blad 9 - schaal 1:20;1
Blad 9 - zie DR 87 ;1
Blad 9 behoort bij blad 3 en blad 5 - Rijksmuseum voor Volkskunde, NOM, Arnhem - Documentatie Landelijke Bouwkunst;1
Blad 9 van 11;2
Blad 91;1
Blad 92;1
Blad 94;1
Blad 96;1
Blad 97;1
Blad 98;1
Blad 99;1
Blad A;3
Blad A 2, B 3 en B 4;1
Blad C (gewijzigd: december 1977);1
Blad C 7 a;1
Blad E;2
Blad E 18;1
Blad G-22 en blad E-11;1
Blad I;5
Blad II;7
Blad III;4
Blad IV;2
Blad J 23 en  A 1;1
Blad K. 26;1
Blad M 31, M 32, en C 7;1
Blad No. 6 van wand B;1
Blad Q 42, Q 43, Q 44;1
Blad Q-41 en blad Q-45;1
Blad R 46, R 47, E 17;1
Blad S 50. S 51 en S 53;2
Blad S 54, S 55, V 69;1
Blad T 56;1
Blad V;1
Blad V-68;1
Blad VI;1
Blad VII;1
Blad VIII;1
Blad VIII ontbreekt?;1
Blad W-71;1
Blad X;1
Blad XI;1
Blad XIII;1
Blad no. 1 - eigenaar E. ten Cate te Almelo;1
Blad no. R. 26;1
Blad no. R. 41;1
Blad nr 2;1
Blad nr. 1;1
Blad nr. 5 ontbreekt !;1
Blad nr.1;1
Blad nr.2;1
Blad nr.3;1
Blad nr.4;1
Blad nr.5;1
Blad nummer 1;1
Blad nummer 149, komt voor op straatbeeld 38;1
Blad nummer 202;1
Blad nummer 243;1
Blad nummer 25;1
Blad nummer 4;1
Blad nummer 8;1
Blad1/1;14
Blad: 0495;1
Bladno.: 2;1
Blekerij Gehrels aanwezig in het NOM, Arnhem;1
Bob C. van Beek, Leiden;1
Bob van Beek;2
"Boek ""Het Paleis van Hendrik III Graaf van Nassau te Breda"" (blz. 239)";1
Boerderij De Broenshof. Kreijel 16 te Nederweert (gem. Nederweert);1
Boerderij Wilms Boo van G.Wilms.	Nieuw-Schoonebeek. Emmen. Europaweg 76;1
Boerderij aan den weg Usquert-Uithuizen;1
Boerderij en geupel van Felix Willems;1
Boerderij gelegen in de Haar Polder aan de Bisschopsweg - Boerenerven project BSU (=Boerderijen Stichting Utrecht) mental map van respondent 1 - schaal 1:100;1
"Boerderij in het NOM, Arnhem
Boerderij De Stroet of 't Stroot"" in het Nederlands Openlucht Museum. Harreveld, gemeente Lichtenvoorde. Arnhem nr. 89 ";1
Boerderij no. 40;2
"Boerderij te Zwingelspaan, Tonsedijk 16, gemeente Fijnaart c.a. 
Blad 4  ";1
"Boerderij thans in het NOM, Arnhem
Boerderij De Stroet of 't Stroot"". Nederlands Openlucht Museum. Harreveld, Arnhem. Lichtenvoorde, Arnhem 89";1
"Boerderij van G. v.d. Lee
Voormalige gemeente Abcoude en Abcoude-Baambrugge";1
Boerderij, waarvan geen naam en/of adresgegevens verder bekend zijn;1
Boerderij: afgebroken in april 1909 - Zie ook Documentnummer 11.739 (opmetingsschets);1
Boerderijenbouw Staphorst;2
Boerderijonderzoeker Klaas Uilkema onderzocht deze boerderij in september 1923, De boerderij is in 1924 afgebroken. Bewoner was Olivier Boot, voorheen J. v.d. Wekken. De Kievitstraat was voorheen Hekelweg.;1
Boerenbuurt 4 is later Boerenbuurt 32 geworden;1
Boerenerven project  BSU (= Boerderijen Stichting Utrecht) - mental map van respondent 3-2 - schaal 1:100;1
Boerenerven project  BSU (= Boerderijen Stichting Utrecht) - mental-map  respondent 3-3 - schaal 1:100;1
Boerenerven project BSU (=Boerderijen Stichting Utrecht) - Geheugenkaart  respondent 5-9 - schaal 1:100;1
Boerenerven project BSU (=Boerderijen Stichting Utrecht) - mental map van respondent - schaal 1:100;1
Boerenerven project BSU (=Boerderijen Stichting Utrecht) - mental map van respondent 1 - schaal 1:100;1
Boerenerven project BSU (=Boerderijen Stichting Utrecht) - mental map van respondent 10 - schaal 1:100;1
Boerenerven project BSU (=Boerderijen Stichting Utrecht) - mental map van respondent 11 - schaal 1:100;1
Boerenerven project BSU (=Boerderijen Stichting Utrecht) - mental map van respondent 12;1
Boerenerven project BSU (=Boerderijen Stichting Utrecht) - mental map van respondent 2 - schaal 1:100;1
Boerenerven project BSU (=Boerderijen Stichting Utrecht) - mental map van respondent 2-2;1
Boerenerven project BSU (=Boerderijen Stichting Utrecht) - mental map van respondent 2-3 - schaal 1:100;1
Boerenerven project BSU (=Boerderijen Stichting Utrecht) - mental map van respondent 2-4 - schaal 1:100;1
Boerenerven project BSU (=Boerderijen Stichting Utrecht) - mental map van respondent 3;1
Boerenerven project BSU (=Boerderijen Stichting Utrecht) - mental map van respondent 3-1 - schaal 1:100;1
Boerenerven project BSU (=Boerderijen Stichting Utrecht) - mental map van respondent 3-10 - schaal 1:100;1
Boerenerven project BSU (=Boerderijen Stichting Utrecht) - mental map van respondent 3-11 - schaal 1:100;1
Boerenerven project BSU (=Boerderijen Stichting Utrecht) - mental map van respondent 3-12 - schaal 1:100;1
Boerenerven project BSU (=Boerderijen Stichting Utrecht) - mental map van respondent 3-13 - schaal 1:100;1
Boerenerven project BSU (=Boerderijen Stichting Utrecht) - mental map van respondent 3-4 - schaal 1:100;1
Boerenerven project BSU (=Boerderijen Stichting Utrecht) - mental map van respondent 3-5 - schaal 1:100;1
Boerenerven project BSU (=Boerderijen Stichting Utrecht) - mental map van respondent 3-6 - schaal 1:100;1
Boerenerven project BSU (=Boerderijen Stichting Utrecht) - mental map van respondent 3-7 - schaal 1:100;1
Boerenerven project BSU (=Boerderijen Stichting Utrecht) - mental map van respondent 3-9 - schaal 1:100;1
Boerenerven project BSU (=Boerderijen Stichting Utrecht) - mental map van respondent 4;2
Boerenerven project BSU (=Boerderijen Stichting Utrecht) - mental map van respondent 4-2 - schaal 1:100;1
Boerenerven project BSU (=Boerderijen Stichting Utrecht) - mental map van respondent 4-3 - schaal 1:100;1
Boerenerven project BSU (=Boerderijen Stichting Utrecht) - mental map van respondent 5 - schaal 1:100;2
Boerenerven project BSU (=Boerderijen Stichting Utrecht) - mental map van respondent 5-1 - schaal 1:100;1
Boerenerven project BSU (=Boerderijen Stichting Utrecht) - mental map van respondent 5-3 - schaal 1:100;1
Boerenerven project BSU (=Boerderijen Stichting Utrecht) - mental map van respondent 5-4 - schaal 1:100;1
Boerenerven project BSU (=Boerderijen Stichting Utrecht) - mental map van respondent 5-5 - schaal 1:100;1
Boerenerven project BSU (=Boerderijen Stichting Utrecht) - mental map van respondent 5-6 - schaal 1:100;2
Boerenerven project BSU (=Boerderijen Stichting Utrecht) - mental map van respondent 5-8 - schaal 1:100;1
Boerenerven project BSU (=Boerderijen Stichting Utrecht) - mental map van respondent 5-9 - schaal 1:100;1
Boerenerven project BSU (=Boerderijen Stichting Utrecht) - mental map van respondent 6 - schaal 1:100;1
Boerenerven project BSU (=Boerderijen Stichting Utrecht) - mental map van respondent 7;1
Boerenerven project BSU (=Boerderijen Stichting Utrecht) - mental map van respondent 9 - schaal 1:100;1
Boerenerven project BSU (=Boerderijen Stichting Utrecht) - mental map van van respondent 3;1
Boerenhuis : geen naam of adresgegevens bekend;1
Bolletjeskaart;2
Bomen, hekken en dergelijke zijn weggelaten;1
Borgharen L. ca 1500 naar tekening i h. Rijksarchief Maastricht;1
Borkeloo?;1
Borssesteeg, moet waarschijnlijk zijn Bossesteeg...;1
Boschhoven. Boschhoven 48;1
Bossuhuizen : drie gevels ieder met een fries van de slag op de Zuiderzee in 1573. (uit: Kunstreisboek voor Nederland);1
Bossuhuizen : drie gevels ieder met een fries van de slag op de Zuiderzee in 1573. (uit:Kunstreisboek voor Nederland);1
Bouwfase 1108;1
"Bouwhistorisch overzicht (getypt)
Aantekeningen bouwgeschiedenis
Aantekeningen met opmetingstekeningen
Kleurenfoto's met negatieven - in fotodoos opmetingstekeningen (circa 1989)
Aantekeningen Berghuis op gekopieerde bouwkundige tekeningen
";1
Bouwhistorische documentatie en tekening H. Hundertmark;3
Bouwjaar Woning is 1930 van stal 1900;1
Bouwjaar boerderij op situatieschets wijkt af van bouwjaar op taxatierapport;1
Bouwjaar boerderij op taxatierapport wijkt af van dat op situatie tekening .;1
Bouwjaar boerderij-woonhuis : 1898 De oudste bebouwing stamt uit 1870;1
Bouwjaar taxatierapport wijkt af van bouwjaar situatieschets .;1
Bouwjaar van complex vermeld op situatieschets 1780 tevens 1938;1
Bouwjaar van de gehele boerderij : 1890  , alleen schuur 1943;1
Bouwjaar van de woning, behorende bij dit complex, was : 1910;1
Bouwjaar woning : 1814;1
Bouwjaar woning is volgens situatieschets 1870, in afwijking van taxatierapport , waarop bouwjaar 1900 staat vermeld b;1
Bouwjaar woning was eveneens 1929  Zie ook bestek Oostburg 13, definitief herstel van 8 woonhuizen met bijgebouwen. Bouwnummers : Sluis 2               Aardenburg 23, 26, 52, 69, 123, 127 en 131;1
Bouwjaar woonhuis : 1870 bouwjaar stalling : 1900 bouwjaar schuur   : 1934;1
Bouwjaar woonhuis : 1919;1
Bouwkundige bijdragen, uitgegeven door de Maatschappij tot bevordering van de bouwkunst: Zevende deel, 1852;1
"Bouwkundige tekening gepubliceerd in ""Het Boerenhuis"" (1908), plaat III, afb. 1 t/m 5";1
Bouwnummer en besteknummer van tekening , bestek ontbreekt;1
Bouwnummer heeft drie architecten vermeld op bestek en bestek- tekening n.l.: J. Kayser                L. Sorée                G. Menkveld;1
Boven aan de tekening staat : 1921. Niet duyidelijk is of dat de datum van de tekening, danwel van de bouw van de kapel betreft.;1
Boven links : figuur naar foto van A.J.A. Lisman  -  Boven rechts : detail van ets van I. Moucheron;1
Boven rechterdeel met potlood geschreven: dit niet;1
"Bovenaan de tekening : Motto ""PAX""";3
Bovenaan de tekening : restauratie Grote- of Sint Janskerk: het Waaggebouw staat aan de kerk gebouwd;1
Bovenschot eiken delen;1
Bovenschrift op de tekening: Restauratie van de Grote- of Sint-Janskerk te Schiedam. Het Waaggebouw zit vast aan de kerk.;5
Braakman. Beerzerweg 18;1
Brug aan de Lingerzijde;1
Budschop 6;1
Bureau Ir. J.G. Deur, Bouwk. Ing. Architect;1
Bureau Rappange;1
"Bureau Wederopbouw Boerderijen - District Dordrecht
Bleskensgraaf No. 2 - Bestek 4a
";1
Bureau restauratie Temminck Groll, Utrecht;1
Bureau restauratie Temminck Groll, Utrecht  -  Kleur  (met blauw pen);1
Bureau voor restauratie Dr Ir C.L. Temminck Groll - Paul van Vliet, Utrecht;3
Buurtschap Stroe;1
C.Boschma-Aarnoudse e.a., Het Statenlogement in Hoorn, 2001, p.107;1
C.Boschma-Aarnoudse, e.a., Het Statenlogement in Hoorn, 2001, p.37-77.;1
C.Boschma-Aarnoudse/M.A. van der Eerden-Vonk, Het huis met de Zwaan, 1995;1
Calque op linnen;1
Calque van een plandruk naar een tekening van W. van der Pluim 1909;2
Calque van een plandruk naar een tekening van W. van der Pluim, 1909;1
Canneman?;1
Catharinastraat beginnend bij het Kasteelplein;1
Cedronhof;1
Cijfermodel en wijzermodel;1
Cingelstraat tussen Kraanstraat en Kasteelplein;1
"Clara's hoeve. Ankeveen, gemeente Wijdemeren. 
's-Gravelandseweg D 36.

Voorheen Weesperkarspel";1
Code 01;1
Collectie A. Beyer;20
Collectie A. Beyer, Eijsden;2
Collectie A. de Beyer;21
Collectie Architectenbureau Schipper - Zaandam;3
Collectie Gemeentelijke Monumentenzorg;1
Collectie H. Wijnman;5
Collectie H. Wijnman (het betreft diens eigen woning);1
Collectie Leeuwerik, Bussum.;4
Collectie M. Meines;3
Collectie Muurschilderingen;371
"Collectie Muurschilderingen

Tekening nummer 160K II hoort bij 160 A-X en 158 t/m 161

Tekening is bij de restauratie vanwege brandschade in twee delen gesneden.";1
Collectie Nationaal Openlucht Museum (NOM) arnhem;1
Collectie Nederlands Openlucht Museum (NOM) in Arnhem;1
Collectie Nederlands Openluchtmuseum Arnhem;2
Collectie Provinciaal Museum van Drenthe;1
Collectie Rijksdienst voor Archeologie, Cultuurlandschappen en Monumenten (RACM);5
Collectie Rijksmuseum Twente;4
Collectie Royaards;232
Collectie Royaards (zonder nummer);1
Collectie S. Brouwers;8
Collectie Slangen;1
Collectie Stadsontwikkeling;3
Collectie Stichting Monument & Materiaal;1
Collectie Streekmuseum Valkenburg (Limburg);7
Collectie Th. Steemers;13
Collectie Vic Laudy Sittard;1
Collectie gevelwanden;59
Collectie gevelwanden   -   architectleider  H.J. Cramer, getekend augustus1945 S. Wiggelaar;1
Collectie gevelwanden   -   architectleider  H.J. Cramer, getekend september 1945 S. Wiggelaar;1
Collectie gevelwanden   -   architectleider  en tekenaar H.J. Cramer;5
Collectie gevelwanden   -   architectleider H.J. Cramer,  getekend augustus 1945 S. Wiggelaar;4
Collectie gevelwanden   -   architectleider H.J. Cramer,  getekend september 1945 S. Wiggelaar;2
Collectie gevelwanden   -   architectleider H.J. Cramer, getekend augustus 1944 S. Wiggelaar;19
Collectie gevelwanden   -   architectleider H.J. Cramer, getekend augustus 1945 S. Wiggelaar;1
Collectie gevelwanden   -   architectleider H.J. Cramer, getekend juli 1944 S. Wiggelaar;3
Collectie gevelwanden   -   architectleider H.J. Cramer, getekend juli 1945 S. Wiggelaar;2
Collectie gevelwanden   -   architectleider H.J. Cramer, getekend juni 1944 S. Wiggelaar;3
Collectie gevelwanden   -   architectleider H.J. Cramer, getekend juni 1945 S. Wiggelaar;6
Collectie gevelwanden   -   architectleider H.J. Cramer, getekend september 1945 J.C.Spek;1
Collectie gevelwanden   -   architectleider H.J. Cramer, getekend september 1945 J.S. (=J.C.Spek);1
Collectie gevelwanden   -   architectleider H.J. Cramer, getekend september 1945 S. Wiggelaar;11
Collectie gevelwanden   -   architectleider H.J. Cramer, getekend september 1945 v.W. (verder niet bekend);1
Collectie gevelwanden   -   architectleider Jac. Bot, getekend augustus 1944 J.C. Spek;3
Collectie gevelwanden   -   architectleider Jac. Bot, getekend december 1944 v.W. (verder niet bekend);1
Collectie gevelwanden   -   architectleider Jac. Bot, getekend september 1944 J.C. Spek;6
Collectie gevelwanden   -   architectleider Jac. Bot, getekend september 1944 J.S. (verder niet bekend);4
Collectie gevelwanden   -   architectleider Jac. Bot, getekend september 1944 v.W. (verder niet bekend);1
Collectie gevelwanden   -   architectleider en tekenaar H.J. Cramer;12
Collectie gevelwanden   -   architectleider en tekenaar J. Bot;1
Collectie gevelwanden   -   architectleider en tekenaar Jac. Bot;3
Collectie gevelwanden   -   architectleider naar J. Bot, getekend J.C.Spek september 1944;2
Collectie gevelwanden   -   architectleider naar J. Bot, getekend september 1944 J.S.;1
Collectie gevelwanden   -   architectleider naar J. Bot, getekend september 1944 v.W. (verder niet bekend);1
Collectie gevelwanden ???;4
Collectie muurschilderingen;555
"Collectie muurschilderingen

Zie ook de volgende afbeeldingen over deze muurschildering: BT-026741 en 307.446.";1
"Collectie muurschilderingen

Zie ook de volgende afbeeldingen over deze muurschildering: BT-026742 en 307.446.";1
Collectie streekmuseum Valkenburg;12
Collectie streekmuseum Valkenburg (Limburg);41
Collectieonderdeel ook Bouwkundige Tekeningen;1
Collectieonderdeel ook Bouwkundige tekeningen;1
"Constructie spantdelen d.m.v. draadnagels aan elkaar bevestigd; geen telmerken";1
Consulentschap in algemene dienst voor boerderijbouw en -inrichting;1
Consulentschap in algemene dienst voor boerderijbouw en -inrichting (C.B.I.) - Formaat A1;22
Consulentschap in algemene dienst voor boerderijbouw en -inrichting (C.B.I.) - Formaat A1 - schaal 1: 5 / 1:10 en 1:50  ;1
Consulentschap in algemene dienst voor boerderijbouw en -inrichting (C.B.I.) - Formaat A1 - schaal 1: 50;1
Consulentschap in algemene dienst voor boerderijbouw en -inrichting (C.B.I.) - Formaat A1 - schaal 1: 50 en 1:5;1
Consulentschap in algemene dienst voor boerderijbouw en -inrichting (C.B.I.) - Formaat A1 - schaal 1:5 en 1:50;1
Consulentschap in algemene dienst voor boerderijbouw en -inrichting (C.B.I.) - Formaat A1 - schaal 1:50 en 1:10;1
Consulentschap in algemene dienst voor boerderijbouw en -inrichting (C.B.I.) - Formaat A1 - schaal 1:50 en 1:5;1
Consulentschap in algemene dienst voor boerderijbouw en -inrichting (C.B.I.) - Formaat A1 - schaal div.;1
Consulentschap in algemene dienst voor boerderijbouw en -inrichting (C.B.I.) - Formaat A1 - schaal n.v.t., 1:50 en 1:5;1
Consulentschap in algemene dienst voor boerderijbouw en -inrichting (C.B.I.) - Formaat A2;1
Consulentschap in algemene dienst voor boerderijbouw en -inrichting (C.B.I.) Formaat A1 - Gew. 80 kg - schaal diverse    ;1
Copie naar een restauratieplan van A.Mulder gedateerd november 1912;1
Copie naar een tekening uit het archief van het Ministerie van Binnenlandse Zaken;1
Copie naar eene potloodteekening van den kunstschilder Klein 1860-1862;1
"Copie naar tekening in ""Een kwarteeuw Bodemonderzoek in Nederland""";1
Copie tekening Arch. J. Schuitemaker...;1
Copie v. Beveren...;1
Copie van minuutplan van 1819, gemaakt door Jan Jehee, ten behoeve van Jaarboek;1
Copieen tekening en vragelijst aan bewoner verzonden 6 mrt. 1991.;4
Copyright RDMZ / CLTG???;1
Copyright???;1
"Corps de Logis (1685-1686);";1
D 100 t/m 103;1
D 89;1
D.;1
D. de V.;1
D.J. de Vries;2
D.d.V.;4
"Dagblad ""De Stem""";1
Dak rood ingekleurd;1
Datering : waarschijnlijk van na de stadsbrand in 1677;1
Datering aangegeven door de heer G. Berends (RDMZ);1
Datering en vervaardiger: opgemaakt uit extra aantekening op de tekening;1
Datering is aan de hand van aantekening...;1
Datum : 1400 (bouwjaar, de tekening is recenter);1
Datum afgeleid uit aantekening op de tekening...;1
Datum deels van de tekening afgesneden... nog te lezen: februari 190 ...;1
Datum en vervaardiger zijn tussen () gezet en een streepje erdoorheen: niet duidelijk of dat betekent dat het onjuiste informatie is.;1
Datum vervaardiging: 1932 ??? (kaartsysteem);1
De (verwoeste) bijschuur stond op grond die eigendom toebehoorde aan de Drentseì Kanaalmaatschappij. p/a hoofdopzichter Mulder te Schoonoord.;1
De Architect: N. Onnes;2
De Belt;1
De Beurs zelf is aan de rechterzijde van deze gevel;4
De Grutterij. Binnenpad 26;1
De Hervormde Kerk is in 1951 gesloopt. Van de kerk zijn de overgebleven zerkenvloer en de fundamenten uit de 17e eeuw rijksmonument (Rijksmonument 17068).;2
"De Hervormde Kerk is in 1951 gesloopt. Van de kerk zijn de overgebleven zerkenvloer en de fundamenten uit de 17e eeuw rijksmonument (Rijksmonument 17068).

Tekst: Venster spitsbogen buiten geprofileerd en west façade kerk
";1
De Kets, Kets;2
De Kevie;1
De Plak. Ooij. Kouwedijk 1;1
De T-boerderij aan de rechterzijde = Kattenburg 32. Deze woning stamde uit 1780. De nieuw geplaatste R.K. H. Ewaldenkerk is pal voor deze T-boerderij geplaatst, waardoor de voorgevel de zijgevel werd. De woning is in 1963 afgebroken.;1
De Wilbrinkshof. Wals. Munsterweg. vh Wals 5. Huisnummer 3;1
De Wittepoort... is nergens terug te vinden...;1
"De achterkant van deze tweezijdige tekeningen is een deel van een tekening van een verder onbekende kerk in Breda; de adresgegevens heben alle betrekking op de voorkant";1
De achtkantige toren bevindt zich aan de achterzijde van het raadhuis, zijde Voorstraat.;1
De architect : Alb. L. Oger;1
De balklagen zijn alle uitgebrand in 1840;1
"De boerderij bestaat niet meer; zij is gebombardeerd in de Tweede Wereldoorlog.";8
De datum van van vervaardiging van deze tekening kan helaas niet goed worden bepaald;1
De ijzeren roosters voor de beneden vensters zijn niet aangegeven;1
De ijzeren roosters voor de benedenvensters zijn niet aangegeven;1
De kerk is een gemeentelijk monument. Het orgel van de kerk is een Rijksmonument.;1
De lantaarns staan in de gehele Keizerstraat in Scheveningen;1
De latere (in 1860) gebouwde ijzeren spits is in stippellijnen weergegeven.;1
De legenda van de kaart is franstalig;1
De na het Beleg herstelde of meerendeels nieuwgebouwde Oude Friese Poort van binnen te zien, weinige dagen vóór hare slooping in de maanden February en Maart 1802;2
De naam van de kerk staat wel vermeld op de tekening, maar onleesbaar;1
De nieuw te maken en de te wijzigen gedeelten in overleg met de RDMZ nadet te detaileren;1
De nummers 1 en 2 staan tussen Elkenrade en Wylre (nr. 1) en in Elkenrade (nr. 2);1
De omschrijving op de tekening was niet helemaal leesbaar;1
De oneven nummers;1
De oorspronkelijke achttiende eeuwse zaalkerk is in 1892 verbouwd tot kruiskerk;1
De op het voorblad genoemde architect stond op het bestek vermeld.  Dit in tegenstelling tot de bestektekening, waar als architect  'Architectenbureau C.A.R., Riouwstraat 4a te Den Haag' wordt  vermeld.;1
"De originele deur heeft voorheen gezeten in de boerderij aan de Vrouwkensvaartsestraat 20 te Waspik (Rijksmonument 38349) en is later overgegaan naar de collectie van het Rijksmuseum Amsterdam (Inventarisatie nummer Bfr 273). 
Een foto van deze boerderij met deze deur is te zien op fotonummer 611 in de Beeldbank";1
De oudste plattegrond volgens de heer Cuypers;1
De pachter, J.C. Kikstra, is op 15-03-1948 eigenaar geworden.  De gegevens zijn onvolledig wegens het ontbreken van een bestek en een reconstructie/ -bestektekening.;1
De poort is na de sloop opnieuw opgebouwd in het Rijksmuseum in Amsterdam, waar het nog steeds staat;1
De profielen van onder-, tussen- en bovendorpel als de herstelde in den voorgevel;1
De rechterzijde van de Beurs zelf is aan de rechterkant van dit pand;1
De schetsen van A. Mulder heeft een eigen nummering (1 t/m 61).;1
De tekenaar is H.P. van Beveren of D. Verheus;1
De tekening is niet compleet, er zijn aan elkaar geplakte fragmenten die op een karton zijn geplakt,;1
De tekening is verwijderd en vervangen door BT-032278;1
De toren met de vermelding 'Vorden' is de toren van Vorchten;1
Deel kopie van andere tekening. Tekening lijkt niet af...;1
Deel op ware grootte;1
Deel tekening op ware grootte;1
Deel van de gegevens overgenomen uit het kaartsysteem;1
Deels (geel) ingekleurd;1
Deels (groen) ingekleurd;1
Deels bestaand uit gekleurde lijnen;5
Deels gearceerd en lijnen gekleurd;1
Deels in kleur;1
Deels in kleur  -  signering rechtsonder: 'D.V.';1
Deels ingekleurd;7
Deels naar tekening Th.van Straalen 1975.   -   Opgemeten 30-11-1989, Ben Kooij;1
Deels naar tekening architect J. Walraad;1
Deels naar tekening architect J.W. Jansen, Den Haag, 1932;1
Deels op ware grootte;1
Deels opgemeten: B. Kooij, 1988, getekend: B. Kooij, 1988, gewijzigd: 1991-11-11, b. Kooij;1
Deels rood gearceerd;2
Deels rood ingekleurd, in de muren;3
Derks Batenburg;1
Detail (westgevel en zuidgevel) met toestemming van SHBO afgedrukt in: Te hoog of te laag, dat is de vraag! : een fietstocht door de natuur van Beekbergen en Loenen / Gertjan Blankena en Gilles Gerth. - Apeldoorn : gemeente Apeldoon, sector milieu, stafeenheid milieu-educatie, -voorlichting en -onderzoek, [1992]. p. 17. (kopie aanwezig).;2
Detail in rechterbovenhoek blz. 30 verwijst naar tekening op blz. 92.;1
Detail op ware grootte;1
Detailblad 1;1
Details (deels) op ware grootte;1
Details op ware grootte;3
Deuren en luiken groen ingekleurd;2
Deurne, gemeente Deurne;1
Deurtrekker Kasteel IJsselstein (U) muurkastje (thans in Utrecht:Centraal Museum);1
Deurtrekker archiefkast uit Domkerk  (thans in Utrecht:Centraal Museum);2
Deze achtkantige toren is aan de achterzijde van het raadhuis, aan de Voorstraat.;1
Deze boerderij is gesloopt t.b.v. de wijk Zielhorst (Amersfoort)  -  oude adressen waaronder deze boerderij bekend is: Kokboersteeg C 77 en Emiclaereweg 6  -  Buurtschap De Brand;1
"Deze bouwkundige tekening is gemaakt t.b.v. de publicatie 'Monumenten in Nederland', deel Limburg (pagina 350). De tekening is gemaakt naar tekeningen van Architectenbureau Peutz Architecten B.V. te Heerlen (1989) en naar eigen waarnemingen van de tekenaar.

Informatie over de kerk, afkomstig uit de genoemde publicatie:
De R.K. St.-Amalbergakerk (Salvatorplein 1), voorheen een stiftskerk gewijd
aan St. Salvator, is een romaanse driebeukige kruisbasiliek met een uitwendige,
nauwelijks verdiept gelegen crypte uit de tweede helft van de 11de eeuw en een
westbouw met dubbele toren uit de 12de eeuw, gebouwd op de plaats van een oudere voorganger. In 1789 werd de kerk als parochiekerk in gebruik genomen nadat de - aan Amalberga gewijde - parochiekerk was afgebrand. Bij de ingrijpende restauratie in 1887-'91, onder leiding van L. von Fisenne en P.J.H. Cuypers, kreeg de kerk het huidige aanzicht. Bij het herstel van de oorlogsschade in 1948 is een nieuwe sacristie toegevoegd. ";1
Deze calque dient bewaard te blijven om er correcties op aan te brengen van de verbouwingen;1
Deze deur is later weer teruggeplaatst in de Sint Petruskerk in Sittard;1
Deze kerk is afgebroken, de huidige kerk dateert van 1858;1
"Deze nummers bij het nieuw aanmaken even vrijgelaten (voor het geval dat...)
Marco, 21 mei 2025";1
Deze overgebleven gevel van de Bredase muur is later onderdeel geworden van de buitenmuur van de Philipsvleugel van het Rijksmuseum Amsterdam (na de laatste verbouwing is deze buitenmuur een binnenmuur geworden).;1
Deze schetsen zijn NIET in te zien vanwege de slechte staat waarin ze verkeren.;1
Deze tekening is afkomstig van het Provinciaal Museum van Drenthe, bureau Monumentenzorg. Deze tekening heeft architect N. Boschma zeer waarschijnlijk gebruikt bij het vervaardigen van een restauratietekening van zijn bureau voor deze boerderij - zie BO-433. ;1
Deze tekening is een ;1
"Deze tekening is terug te vinden van het onderzoek document 'Onderzoek St.-Servaaskerk Maastricht 1983-1990' van G. Berends en met medewerking van M.F.A. Dickhout en A. de Vries. De tekening is terug te vinden in hoofdstuk 10 (op pagina 118) in een visie van de schrijver over de bouwgeschiedenis van de kerk en de kloostergang met de kloostervleugels daarlangs.
Dit onderzoek is uitgegeven in 1996 en is aanwezig in de bibliotheek van de Rijksdienst voor het Cultureel Erfgoed.";1
Deze tekening is zeer waarschijnlijk rond midden van de vorige eeuw vervaardigd door Henk van der Wal, bouwkundig tekenaar bij het Rijksbureau voor de Monumentenzorg;1
Deze tekening stond gekoppeld aan de 'Molen 15 van de Vier Noorder Koggen' te Medemblik. Dit is echter niet helemaal duidelijk.;1
Deze tekening van verschillende palen zijn vervaardigd ten behoeve van de eigen publicatie 'Grenspalen in Nederland' (T. Brouwer, 1978, De Walburgpers).;1
Dhr. E. Veenedaal - schaal 1:200 - 1:50 - get: c.t.b. - Formaat A2 - Arch. Nr. 7723;1
Dhr. v.d. Berg v. Saparoea;9
Dienst Openbare Werken Utrecht;1
Digitaal bestand, als pdf beschikbaar;1
Digitale scan van aquarelkaart  -  Deze kaart is onderdeel van de inventarisatie van de te beschermen stads en dorpsgezichten uitgevoerd door Jan Stapper in de periode 1948 - 1968;79
Digitale scan van aquarelkaart  -  Deze kaart is onderdeel van de inventarisatie van de te beschermen stads en dorpsgezichten uitgevoerd door Jan Stapper in de periode 1948 - 1969;2
Digitale scan van los document - document niet bewaard, alleen digitaal beschikbaar;1
Dijkerhoek;1
Dijkstra, H.;2
District Deventer;1
District Deventer - schaal 1:20;1
Dit Riksmonument is in 2013 afgevoerd van de lijst omdat het is gesloopt. Het adres Statenstraat 9 is nu van toepassing op monument 27560. Deze tekening betreft daarom voormalig Statenstraat 9 en voormalig rijksmonumentnummer 27559.;1
Dit betreft de in 1876 afgebroken kerk van Westwoud, het zogenaamde Heidense kerkje. Tekeningen zijn in 1875 gemaakt door Adolf Muller na een bezoek.;1
Dit dossiernummer betreft de bouw van 3 boerderijen, te weten bouwnummers Amerongen 23, Amerongen 25a en Amerongen 25b.  De gegevens zijn per boerderij even onvolledig, vandaar dat het hier '3 bouwnummers in 1' betreft;1
Dit is een kopie van de beschreven tekening;1
Dit is vermoedelijk een detailtekening voor de heropbouw van de gevel van het Beeldenhuis;1
Dit is zeer waarschijnlijk Prins Hendrikkade 155;1
Dit is zeer waarschijnlijk Prins Hendrikkade 155  -  Vervaardiger: C.W. Royaards???  -  omschrijving ???;1
Dit lijkt een kopie op calquemateriaal ...;1
Dit lijkt een kopie, op film ...;6
Dit lijkt op een kopie tekening waarin is gewijzigd...;1
Dit lijkt op een kopie tekening, geen origineel ...;1
Dit pand, met huisnummer 33, werd in 1966 aangewezen als monument en hernummerd naar 67/69. In 1974 werd de voorgevel van het pand naar de overzijde van de straat verplaatst en werd daarmee hernummerd naar huisnummer 36/38. Sinds 2021 is het pand geregistreerd op huisnummer 38.;2
Dit record is achteraf met beperkte gegevens en zonder afbeelding ingevoerd;3
"Dit record is achteraf met beperkte gegevens en zonder afbeelding ingevoerd
Waarschijnlijk betreft dit de Rooms-katholieke Kerk";1
Dit record is achteraf met beperkte gegevens ingevoerd vanwege fouten bij de conversie   -   Huidige standplaats kan hierdoor niet juist zijn!;3
Dit stuk loopt van de Ridderstraat tot de Korte Brugstraat;1
Dit was de eerste grote bovenas die sinds lange tijd nieuw werd gegoten, voor zover bekend is de destijds daartoe gemaakte mal intussen spoorloos verdwenen.;1
Diverse fragmenten;2
Diverse kleine tekeningen op een groot stuk dik papier geplakt;1
Diverse kleine tekeningen, niet duidelijk wat het precies is;1
Diverse steden;1
Doc. Blad IJzerwaren 39-2;1
Doc. Blad Ijzerwaren 26-2;1
Doc. Blad Ijzerwaren 27-2;1
Doc. Blad Ijzerwaren 29;1
Doc. Blad Ijzerwaren 32-3;1
Doc. Blad Ijzerwaren 33-3;1
Doc. Blad Ijzerwaren 37-2;1
Doc. Blad Ijzerwaren 40;1
Doc. Blad Ijzerwaren 41-2;1
Doc. Blad Ijzerwaren 42-2;1
Doc. Blad Ijzerwaren 48;1
Doc. Blad Waterput 02-3;1
Doc. Blad siersmeedwerk 09-2;1
Documentatie Moderne Boerderijen;1
Documentatie Moderne Boerderijen - schaal 1:100;3
Documentatie Stadsschoon Amsterdam - 'De Poorters' , zomer '46 ;1
Documentatie van Landelijke Bouwkunst;1
Documentatietekening I van IBID-'s-Hertogenbosch;1
Door beschadiging deels onleesbaar langs de randen.;1
Door oorlogshandelingen verwoest in 1944;2
Doormidden gevouwen. Aanvulling gemeten op vloer in het museum, de voor- en achtersteven en kiel, getekend week 5,6 en 9 van 1978, v.V. en V.d. Land;1
Doorsnede én gevelaanzicht aan alle zijden;2
Doorsneden;1
Dorpsstraat 65, 83-93, 108,146;1
Drie objectnamen en plaatsen op één tekening;1
Driessensstraat ongenummerd naast no. 39;1
Druk met wijzigingen;1
Druk?;1
Drukwerk: Photolith. van G.J. Thieme, Arnhem   -   aantekening meld datum van 9 juni 1894;1
Druten;1
Dubbele tekening op 1 blad  -  Baart, Leeuwarden;2
Dubbelzijdig digitaliseren svp : een kant met duidelijke tekening en tekst in spiegelbeeld, andere kant met onduidelijke tekening en tekst goed.;2
Dubbelzijdig getekend!   -   lijkt op voorschets...;1
Dubbelzijdige tekening;2
Dubbelzijdige tekening  -  verso doorgestreept   -   object gegevens matig!   -   schetsmatige tekening;1
"Dubbelzijdige tekening : op de recto staan schetstekeningen van de brug in de wal tussen Bloemendaal en Rozendaal, met als plaatsaanduiding tevens Monnikendam; op de verso staat de gevel van een huis  dat is gelegen aan de Hoppenhofstraat 1 in Batenburg;";1
Dubbelzijdige tekening. Let op: twee totaal verschillende plaatsen !;1
Dubbelzijdige tekening: achterzijde lijkt minder relevant voor catalogus BT;1
Duits;1
Duits?;1
Duitstalig;1
Dussendijk 7;1
Dwarsdoorsnede naar schets en foto's van G. Berends 1988-10-00;1
E 39;1
E 81 NOP/NE 81;1
E No. 16a;1
E-81;2
E-81 NOP;37
E.B.M. Lottman;1
E81 NOP NE81;1
E81 NOP/ NE81;1
E81 NOP/E81;3
E81 NOP/NE81;48
E81 NOP/NE81   (2);6
E81 NOP/NE81  (2);4
E81 NOP/NE81 (2);1
E81/NE81;1
E81NOP/NE81;1
Echten maakt deel uit van de plaats Ruinen;2
Een deel van de (formele) gegevens is verloren gegaan bij het snijden: dat is rechtsonder goed te zien!;1
Een deel van de formele gegevens is verloren gegaan bij een beschadiging in de rechterbenedenhoek;1
Een deel van de gegevens gevonden in het foto-archief.;1
Een deel van de gegevens in ontleend aan het kaartsysteem;5
Een deel van de gegevens is afkomstig uit het kaartsysteem;5
Een deel van de gegevens is afkomstig van het kaartsysteem en van het fotoarchief;2
Een deel van de gegevens is ontleend aan het kaartsysteem;9
Een deel van de gegevens is ontleend aan het oude kaartsysteem én aan het foto-archief;1
"Een deel van de gegevens is ontleend aan kaartsysteem.
Rechtsonder; paraaf ""HK"".";1
Een deel van de gegevens is overgenomen na vergelijking met het fotoarchief;2
Een deel van de gegevens is overgenomen uit en na vergelijking met het foto-archief;6
Een deel van de gegevens is overgenomen uit het Kunstreisboek en van het fotoarchief;1
"Een deel van de gegevens is overgenomen uit het Kunstreisboek en van het fotoarchief: tekening gemaakt t.b.v. het boek ""Hekken in Nederland"".";1
Een deel van de gegevens is overgenomen uit het foto-archief;26
Een deel van de gegevens is overgenomen uit het fotoarchief;83
Een deel van de gegevens is overgenomen uit het fotoarchief en uit Wikipedia;1
Een deel van de gegevens is overgenomen uit het fotoarchief en uit het oude kaartsysteem;1
Een deel van de gegevens is overgenomen uit het fotoarchief.;1
"Een deel van de gegevens is overgenomen uit het fotoarchief; tekenaar vermoedelijk W.A. Hemsing";2
Een deel van de gegevens is overgenomen uit het kaartsysteem;15
Een deel van de gegevens is overgenomen uit het oude kaartsysteem;25
Een deel van de gegevens is overgenomen uit het oude kaartsysteem : tekening is gedeeltelijk in kleur;2
Een deel van de gegevens is overgenomen uit het oude kaartsysteem en van Wikipedia;3
Een deel van de gegevens is overgenomen uit het oude kaartsysteem.  Tekening is gebruikt voor de Geïllustreerde Beschrijving van Maastricht;4
"Een deel van de gegevens is overgenomen uit het oude kaartsysteem; letters zijn moeilijk leesbaar";1
Een deel van de gegevens is overgenomen uit hetr fotoarchief;1
Een deel van de gegevens is overgenomen van het foto-archief;103
Een deel van de gegevens is overgenomen van het foto-archief en uit Wikipedia;1
Een deel van de gegevens is overgenomen van het foto-archief en uit het Kunstreisboek;2
Een deel van de gegevens is overgenomen van het foto-archief en van het Kunstreisboek;1
Een deel van de gegevens is overgenomen van het foto-archief: hierin worden 2 verschillende huisnummers genoemd.;1
Een deel van de gegevens is overgenomen van het fotoarchief;30
Een deel van de gegevens is overgenomen van het fotoarchief - Opmeting H.P. van Beveren, tekening W.J. Berghuis;1
Een deel van de gegevens is overgenomen van het fotoarchief.;3
Een deel van de gegevens is overgenomen van het internet. De toren maakt deel uit van de vroegere kazerne en is nu in gebruik als restaurant.;3
Een deel van de gegevens is overgenomen vanm het fotoarchief;1
Een deel van de gegevens ontleend aan het kaartsysteem;1
Een deel van de gegevens overgenomen uit het foto-archief;1
Een deel van de gegevens overgenomen uit het fotoarchief;7
Een deel van de gegevens overgenomen uit het kaartsysteem;1
Een deel van de gegevens overgenomen van het gemeentearchief Zaanstad;1
Een deel van de gegeves is overgenomen uit het fotoarchief;1
Een deel van de gegvens is overgenomen uit het fotoarchief;3
Een deel van de tekening is gearceerd;1
Een deel van de tekening is in kleuren gearceerd;2
Een deel van de tekening ontbreekt.;1
Een deel van de tekst op de gedenksteen is op de tekening weggevallen;1
"Een deel; van de gegevens is overgenomen uit het fotoarchief";1
Een detail is apart te zien in de tweede gekoppelde afbeelding van deze tekening.;1
Een fragment hiervan staat op BT-032799;1
Een klein deel is ingekleurd;2
"Een lijst van diverse panden in Dordrecht met notities van A. Mulder
 ";1
Een sluispijler opgeruimd;1
Eerste greppel NOP.;1
Eerste oude nummering:   B.Z. No. 34b    Tweede oude nummering:  No. 1;2
Eerste oude nummering:   B.Z. No. 34d    Tweede oude nummering:  No. 3;1
Eerste oude nummering:   B.Z. No. 34e    Tweede oude nummering:  No. 4;1
Eerste oude nummering:   B.Z. No. 34f    Tweede oude nummering:  No. 3;1
Eerste oude nummering: B.Z. No. 34 c. Tweede oude nummering: No. 2.;1
Eerste oude nummering: B.Z. No. 34g. Tweede oude nummering:  No. 6.;1
Eerste oude nummering: B.Z. No. 34h. Tweede oude nummering: No. 7.;1
Eerste plan;1
Eigen omschrijving, niets op de tekening;1
Eigenaar : Aannemersbedrijf Vic Laudy, Sittard;6
Eigenaar : aannemersbedrijf Viv Laudy, Sittard;1
Eigenaar G. Dirkx, werkzaam bij Kuypers;2
Eigenaar G. Dirkx, werkzaam bij Kuypers.;1
Eigenaar G. Dirkx, werkzaam bij Kuypers. Per oktober 1998 in bruikleen gegeven door de fa. Kuypers aan het Limburgs Museum in Venlo, ingeschreven onder nr. L.4.577;1
Eigenaar Silvrants, werkzaam bij Kuypers;1
Eigenaar Silvrants, werkzaam bij Kuypers.;2
Eigenaar Vossen, Lanterdweg 11, Kessel-Eik;2
Eigenaar Vossen, Lanterdweg 11, Kessel-Eik.;1
Eigenaar [van het pand?] B. Helmink;1
Eigenaar de familie Schoonbrood;1
"Eigenaar: RC Gesticht Vredenburgh, Amsterdam - 1 blad 1
Nooit Volmaakt. Diemen, Venserpolder";1
Eigenaar: dhr. R.M. van den Bergh van Saparoea - schaal 1:100;1
Eigenares Huize Weldam;1
Elspeet?;2
Engden;1
Engelstalige tekst, maten in mm.;2
Enkele details op ware grootte;1
Enkele schetsen ingekleurd;1
Enkele tekeningen in zeer slechte staat;1
Er is gebruik gemaakt van de tekeningen van architectenbureau Witteveen;2
Er is in Katwijk aan Zee ook nog een Nieuwe Kerk of Hervormde Kerk;2
Er is niet bekend om welke kerk het gaat;1
Er staan diverse handtekeningen op de tekening, deze zijn niet ontcijferd;4
Er staan rechtsonder nog initialen, niet ontcijferd;1
Er staan wel initialen, maar die zijn niet ontcijferd;1
Er staat een handtekening, deze is niet ontcijferd;1
Er staat een niet ontcijferde handtekening van de mede vervaardiger;1
Er staat nog een handtekening op deze tekening, deze is niet ontcijferd;1
Er staat nog een handtekening, die is niet ontcijferd;1
Er staat nog een teken rechtsonder, dat is niet ontcijferd bij de vervaardigers;2
Er staat tekst op de verso-zijde;1
Er straat nog een handtekening, die niet werd ontcijferd;3
Erg weiing gegevens op de tekening!;4
Erg weinig gegevens op de tekening!;1
Erve Reest;1
Eveneens aangegeven zijn de begrenzingen van Eikenhorst en Ter Horst;1
Exacte locatie onbekend;1
F.A. Ludewig (architect uit Nijmegen), herstelde het kasteel na de brand van 1906;15
F.A. Ludewig, architect uit Nijmegen, herstelde het kasteel na de brand van 1906;1
Fa. Jobse Middelburg;1
Fa. Schreuder, Wekerom, 1;1
Familie Kulle;2
Ferd. B. Jantzen F.Gzn Architect;50
Fig. 3 in: N.Boschma en H.van Koolbergen, Stolp of salon? SHBO 1985;1
Fig. C (opmerking links boven);1
Figuur 1;1
Figuur 2;1
Figuur 3;1
Figuur 4;1
Figuur 5;1
Figuur 6;1
Figuur 7;1
Flentrop orgelbouw Zaandam 324 A 2;1
Formele gegevens staan niet op de tekening, maar zijn aangenomen op grond van de andere tekeningen eerder en later, en na vergelijkingen met andere tekeningen en foto's.;1
Foto's uit : Guido Everaerd : Meesterlijke sloten van het Hotel d'Hane Steenhuijse in Gent (aldaar pag. 7 en 9);1
Foto's van de Geïllustreerde Beschrijving van Mw van Groningen met korte beschrijving.;1
Fotocatalogus: Nieuwstraat 12-14, op de tekening aangegeven met potlood: Nieuwstraat 10;1
Fotocatalogus: Plaats = Retersbeek;5
Fotocatalogus: plaats = Heeswijk-Dinther;3
Fotogrammetrisch vervaardigde tekening;2
Fotogrammetrische opmeting, NL 718 - Blad 6-0;1
Fotogrammetrische opmeting, NL 718 - Blad 6-1;1
Fotogrammetrische opmeting, NL 718 - Blad 6-10;1
Fotogrammetrische opmeting, NL 718 - Blad 6-11;1
Fotogrammetrische opmeting, NL 718 - Blad 6-12;1
Fotogrammetrische opmeting, NL 718 - Blad 6-2;1
Fotogrammetrische opmeting, NL 718 - Blad 6-4;1
Fotogrammetrische opmeting, NL 718 - Blad 6-5;1
Fotogrammetrische opmeting, NL 718 - Blad 6-6;1
Fotogrammetrische opmeting, NL 718 - Blad 6-7;1
Fotogrammetrische opmeting, NL 718 - Blad 6-8;1
Fotogrammetrische opmeting, NL 718 - Blad 6-9;1
Fotogrammetrische opmeting, NL 718 - Blad 9;1
Foutief staat op de tekening vermeld dat het om kasteel Kennenburg zou gaan!;1
Franeker is met vraagteken - geen enkel gegeven op de tekening!;1
"Frans Mol, architectenleider; opmeting Bas Wiercx";1
Fransum moet zijn Den Ham;1
G. de Hoog Hzn en N. Ramakers Architecten B.N.A.;1
G.B. Breda, De Baronie van Breda: Plaat IX;1
GAAT VERVALLEN;1
GB;150
GB   -   opgemeten: J. Jehee, 1992;1
GB  -  opgemeten: Alb. v. Essen, 1954;1
GB  -  opgemeten: E.A. Canneman, 1938;1
GB  -  opgemeten: Ir. R. Visser, 1980;1
GB  -  opgemeten: J. Jehee, 1995;1
GB  -  opgemeten: J.Jehee;2
GB  -  opgemeten: J.Jehee, 1989;1
GB  -  opgemeten: Kromhout, 1926;1
GB  -  opgemeten: R. Visser, 1981;1
GB  -  opgemeten: W. Kramer;1
GB  -  opgemeten: v.d. Boogert 1988 en J. Jehee, 1995;1
GB - Geïllustreede beschrijving Oostelijk Rijnland;5
GB - Geïllustreerde beschrijving Oostelijk Rijnland;45
GB - zilverwerkplaats;1
GB Kollumerland;10
GB Oostelijk Rijnland;8
GB Utrechtse Heuvelrug;7
"GEN WR 6
Wierum";1
"GL-13: niet op schaal; GL-14: 1:10 ; GL-15: 1:10 ; GL-16: 1:10 ; GL-19: 1:10";1
GWU, 1930   -   Kleur;1
GWU, 1935   -   Kleur;1
Geboortehuis van Klaas Uilkema,boerderijonderzoeker;1
Gebouwd 1618, gesloopt circa december 1971;1
Gebouwd in 1732 door Nicolas Cornhaire uit Luik;1
Gebruikt voor Kunstreisboek;30
Gebruikt voor Kunstreisboek - tekening is een kopie;4
Gebruikt voor Kunstreisboek / Geïllustreede beschrijving Utrechtse Heuvelrug;1
Gebruikt voor Kunstreisboek / Geïllustreerde Beschrijving;4
Gebruikt voor de Geïllustreerde Beschrijving;1
Gebruikt voor de Geïllustreerde Beschrijving (GB);17
Gebruikt voor de Geïllustreerde Beschrijving van de gemeente Maastricht;1
Gebruikt voor geïllustreerde beschrijving;2
Gebruikt voor het Kunstreisboek;4
Gecopieerd 1959 H. van der Wal;1
Gecorrigeerd: 28 september 1983;1
Gedeelte met potlood getekend;2
Gedeeltelijk bruin ingekleurd;1
Gedeeltelijk gearceerd;3
Gedeeltelijk in kleur;15
Gedeeltelijk ingekleurd;11
Gedeeltelijk kleur  -  Lijkt op slechts het bovenste gedeelte van de toren...;1
Gedeeltelijk kopie van tekeningen uit het gemeente-archief van Delft;1
Gedeeltelijk potloodtekening;1
Gedeeltelijk rood gearceerd;4
Gedeeltelijk rood ingekleurd;1
Gedeeltelijk verdwenen;1
Gedeeltelijk: kleur   -   geen banken in nieuwe toestand getekend: tekening niet af???   -   signering: A. Baart en zoon;1
Gedemonteerd juli 1940 en opgeborgen in de grafkelder van nicolaas Witsen - noordwest portaal;2
Geeft de voorgestelde- en de gewenste bebouwing;1
Geen aanduiding op de tekening van objectnaam en / of adresgegevens;1
Geen adres vermelding;1
"Geen adresgegevens bekend op de tekening, wel vermelding: ""bl. 224, Brielle"" (niet op blz. 224 van GB Voorne Putten...)";1
Geen adresvermelding...   -  stempel linksonder: 6291;1
Geen adresvermelding...  -  stempel linksonder: 6289;1
Geen bestektekening aanwezig architect vermeld op bestek;1
Geen exacte opmeting;1
Geen gegevens maker en datering op de tekening;1
Geen gegevens maker en datering...;2
Geen gegevens maker en datering...   -   kleur;1
Geen gegevens of omschrijving op de tekening!;1
Geen gegevens op de tekening gezet: mogelijk de toren van de Grote Kerk te Brielle, maar teveel afwijking ten opzichte van tekening BT-001857 om dit met zekerheid te kunnen zeggen;1
Geen gegevens op de tekening van naam gebouw en /of adres;1
Geen gegevens over naam en / of adres van het pand;1
Geen gegevens over naam en/of adres van het gebouw;1
Geen gegevens verder op tekening;1
Geen gegevens, maar vermoedelijk uit 2000.;1
Geen huisnummer bekend;1
Geen idee of de omschrijving juist is... staats niets op de tekening;1
Geen idee wat dit is...   -  Tekening met blauwe pen gemaakt;1
Geen idee welk detail getekend is ...;1
Geen informatie / gegevens op de tekening;1
Geen jaartal vermeld: ik schat rond 1985;1
Geen makelaar wel windschoren;1
Geen nadere informatie op de tekening te vinden;1
Geen nadere objectgegevens bekend;1
Geen nadere plaatsaanduiding;2
Geen obejct gegevens op de tekening aangegeven  -  gegevens van volgende tekening gehaald;1
Geen object en omschrijvingsgegevens op de tekening!;1
Geen objectgegevens verder bekend;1
Geen objectnaam en/of adresgegevens op de tekening;1
Geen omschrijving gegeven...;1
Geen orgineel!;1
Geen origineel : verkleining op calques papier!;2
Geen origineel, verwijderen uit de catalogus?;1
Geen tekeningen in dossier aanwezig behalve situatieschets .;1
Geen verder gegevens op de tekening;3
Geen verdere gegevens omtrent naam en of adres van het pand;2
Geen verdere gegevens op de tekening;11
Geen verdere gegevens van objectnaam en/of adres bekend;1
Geen vervaardiger of datum aangegeven;1
Gegevens betreft oude indeling en nog aanwezige onderdelen, zichtbaar tijdens de verbouwing;1
Gegevens boerderij afkomstig van taxatierapport en situatietekening.  Architect situatietekening : Bureau G.Steen en G. Tuinhof Vlissingen;1
Gegevens bouwjaar boerderij op taxatierapport verschillen  van die op situatieschets;1
Gegevens bouwjaar boerderij op taxatierapport verschillen  van die op situatieschets, verschillen groter dan 100 jaar .;1
Gegevens bouwjaar op taxatierapport komen niet overeen met  die van situatietekening .;1
Gegevens bouwjaar op taxatierapport verschillen van die  op situatieschets .;1
Gegevens bouwjaar op taxatierapport verschillen van die op situatieschets .;1
Gegevens deels afkomstig uit het kaartsysteem;1
Gegevens deels niet op tekening, maar afgeleid;1
Gegevens deels overgenomen uit het kaartsysteem;1
Gegevens deels uit het kaartsysteem;6
"Gegevens gebaseerd op vergelijking met tekening BT-013450; objectgegevens staan niet vermeld op de tekening!";1
Gegevens gedeeltelijk gehaald uit het kaartsysteem;8
Gegevens gedeeltelijk na vergelijking met het foto-archief;1
Gegevens gedeeltelijk ontleend aan het kaartsysteem;2
Gegevens gedeeltelijk ontleend aan kaartsysteem;3
Gegevens gedeeltelijk overgenomen uit het kaartsysteem;17
Gegevens gedeeltelijk uit het kaartsysteem;3
Gegevens gevonden op kaartsysteem;2
Gegevens grotendeels ontleend aan beschrijving fotoarchief;1
Gegevens incompleet door het ontbreken bestek & bestektekening;1
Gegevens incompleet wegens ontbreken bestek en reconstructie -en/of bestektekening.;1
Gegevens maker en datering van systeemkaart...;1
Gegevens naar foto's;1
Gegevens niet op tekening, via foto-archief gevonden;1
Gegevens nog aanvullen;4
Gegevens omtrent plaats ontbreken op de tekening en zijn niet via het kaartsysteem te achterhalen bij het ontbreken van een historisch nummer;1
Gegevens ontleend aan aannames;1
Gegevens ontleend aan opvolgende tekeningnummers, dus alle gegevens twijfelachtig;1
Gegevens ontleend aan vergelijking met foto 246.910;1
Gegevens onvolledig door het ontbreken taxatierapport & reconstr.tekening;1
Gegevens onvolledig door ontbreken bestek & bestektekening;1
Gegevens onvolledig door ontbreken bestek, bestektekening enì reconstructietekening.;1
Gegevens onvolledig door ontbreken bestek/ bestektekening;2
Gegevens onvolledig wegens ontbreken bestek & bestektekening;1
Gegevens onvolledig wegens ontbreken bestek, bestektekening en reconstructie- tekening.;1
Gegevens onvolledig wegens ontbreken bestek, bestektekening en/ ofì reconstructietekening.;2
Gegevens onvolledig wegens ontbreken bestek, bestektekening enì reconstructieiekening.;1
Gegevens onvolledig wegens ontbreken bestek/ bestektekening;2
Gegevens onvolledig wegens ontbreken receonstructie- en/of bestektekening.;1
Gegevens onvolledig wegens ontbreken van bestek, bestektekening en re- constructietekening;1
Gegevens op de tekening zeer summier...;2
Gegevens over architect zijn afkomstig van reconstructietekening . Bestek tekening niet aanwezig .;1
Gegevens overgenomen uit kaartsysteem;1
Gegevens overgenomen van de tekening : in Loenen staat Huis Leeuwendijk.;1
Gegevens overgenomen van de tekening : volgens het foto-bestand staat Sterreschans in Nieuwersluis.;1
Gegevens overgenomen van fotoarchief;2
Gegevens staan niet op de tekening, ontleend naar analogie van foto 84.679;1
Gegevens zijn onvolledeig door het ontbreken van een bestektekening en een bestek.;1
Geheel in kleur;1
Gehengetjes Beemster, thans in het Nederlands Openlucht Museum (NOM);1
Gekopieerd dec.1899 : origineel in de Universiteits Bibliotheek Leiden;1
Gekreukeld, vouwen en gescheurd.;1
"Gelegen in polder De Ruigenhil
";1
"Gelegen in polder De Ruigenhil
Zuidlangeweg 4";1
Gemaakt door Dirk Jan de Vries (destijds: stagiair);1
Gemaakt door Hundertmark : in opdracht van RACM? (Copyright);1
Gemaakt naar tekening van architect Ad. Mulder, 29 maart 1912;1
Gemaakt op grondslag van het kadasterplan;1
"Gemaakt t.b.v. ""Hekken in Nederland"" (?)";2
Gemaakt t.b.v. het Kunstreisboek (KRB);1
Gemaakt t.b.v.: N.Boschma en H.van Koolbergen, Stolp of salon, SHBO, Arnhem / Amsterdam 1985;1
Gemaakt ten behoeve van de geïllustreerde beschrijving;6
Gemaakt voor G.B.?;2
Gemaakt voor Monumanten In Nederland (MIN)/Een deel van de gegevens is overgenomen uit het fotoarchief / KE 6;1
Gemaakt voor Monumenten In Nederland (MIN) / naar tekening W.A. Hemsing 1925 / Pl. 1;1
Gemaakt voor Monumenten In Nederland (MIN) / naar tekening architect M.J.J. van Beveren, 1964 / KE 4;1
Gemaakt voor Monumenten In Nederland (MIN) / naar tekening architect M.J.J. van Beveren, 1973 / Blad 1;1
Gemaakt voor Monumenten In Nederland (MIN) / naar tekening architect M.J.J. van Beveren, 1973 / KE 7;1
Gemaakt voor Monumenten In Nederland (MIN) / naar tekening architect P. Cuypers, 1863 / Blad 1;1
Gemaakt voor Monumenten In Nederland (MIN) / naar tekening van architecten J. Schröders en H.J. Palmen 1963 / KE 18;1
Gemaakt voor Monumenten In Nederland (MIN) Noord-Holland / naar tekening van Hoogevest Architecten 2004 en eigen waarnemingen;1
Gemaakt voor Monumenten in Nederland (M.I.N.) Noord-Holland;2
Gemaakt voor Monumenten in Nederland (MIN)  Drenthe, naar tekening 4 architecten 1994, architectenbureau Tauber 1975, Bureau Monumentenzorg Drenthe 1960, en eigen waarneming. Blad 1;1
Gemaakt voor Monumenten in Nederland (MIN) Friesland, naar tekening P.J.H. Cuijpers;1
Gemaakt voor Monumenten in Nederland (MIN) Noord-Holland / Naar tekening H. P. van Beveren 1950;1
Gemaakt voor Monumenten in Nederland (MIN) Noord-Holland / Naar tekening H. v.d. Kloot Meijburg 1948;1
Gemaakt voor Monumenten in Nederland (MIN) Noord-Holland / Naar tekening J. Cuypers 1895-1930;1
Gemaakt voor Monumenten in Nederland (MIN) Noord-Holland / Naar tekening architectenbureau Prins b.v. 1985;1
Gemaakt voor Monumenten in Nederland (MIN) Noord-Holland / naar tekening 25477 van de RACM en eigen waarnemingen;1
Gemaakt voor Monumenten in Nederland (MIN), Zeeland / naar tekeningen van de A. Mulder 1900 en eigen waarneming;1
Gemaakt voor Monumenten in Nederland (MIN), Zeeland / naar tekeningen van de Rijksgebouwendienst 1951 en 1979, Cees Dam 1988, Rothuizen, Van Doorn en 't-Hooft 2000 en eigen waarnemingen 2002;1
Gemaakt voor Monumenten in Nederland, Zeeland / naar tekeningen architectenbureau Rothuizen en 't-Hooft 1981,;1
Gemaakt voor de Geïllustreerde Beschrijving;50
Gemaakt voor de Geïllustreerde Beschrijving (G.B.);3
Gemaakt voor de Geïllustreerde Beschrijving (GB) van de Utrechtse Heuvelrug;5
Gemaakt voor de Geïllustreerde Beschrijving - gesitueerd op minuut 1830;1
Gemaakt voor de Geïllustreerde Beschrijving / Archief 11;1
Gemaakt voor de Geïllustreerde Beschrijving / Archief 5 / naar G. de Hoogh Hz.;1
Gemaakt voor de Geïllustreerde Beschrijving / Archief 9 / naar A. Mulder;1
Gemaakt voor de Geïllustreerde Beschrijving Kollumerland;38
Gemaakt voor de Geïllustreerde Beschrijving Kollummerland;4
Gemaakt voor de Geïllustreerde Beschrijving Oost Rijnland;1
Gemaakt voor de Geïllustreerde Beschrijving Vijfheerenlanden;2
Gemaakt voor de publicatie 'De Monumenten van Geschiedenis en Kunst - Het Rijk van Nijmegen (Oostelijk gedeelte en de Duffelt) -door A.G. Schulte, 1983. N.B.: deze minuutplan is hierin niet afgebeeld wel een andere.;1
Gemaakt voor het Kunstreisboek;1
Gemaakt voor het Kunstreisboek Noord-Holland (1985);1
Gemaakt voor het Restauratie Vademecum;5
Gemaakt voor het Restauratie Vademecum (R.V.);4
Gemaakt voor het boek : Hekken in Nederland;3
Gemaakt voor publicatie 'Pieter de Swart: Architect van de achttiende eeuw' door F.H. (Freek) Schmidt;1
Gemaakt voor publicatie: Pieter de Swart : architect van de achttiende eeuw/ F.H. (=Freek) Schmidt;3
Gemeente Miil en Sint Hubert;4
Gemeente Mill en Sint Hubert;1
Gemeente-architect Kerkhof;1
Gemeenteweg 127 (G 120 en bis);1
Gemeenteweg 155 (G 112);1
Gemeentewerken Epe 1;1
Gemeentewerken Epe 2;1
Gemeentewerken Epe 3;1
Gemeentewerken Epe 4;1
Gemeentewerken Epe 5;1
Gemeentewerken Epe 6;1
Gemeentewerken Epe 7;1
Gemeten : T.M. Burgler, getekend R. Terpstra;1
Genaenhof Of Oudenhof. Schroefstraat;1
"Geneesheer L.J. Eshuis uit Glanerbrug deed in 1932 een verzoek tot gedeeltelijke
vernieuwing en uitbreiding van het pand zodat het geschikt zou worden als woning
en voor de uitoefening van een dokterspraktijk. De voorgenomen wijzigingen hadden
grotendeels op de achterzijde van het gebouw betrekking. Deze tekening heeft hier betrekking op.";1
Gescheurd en gekreukt.;1
Gescheurd langs de randen.;2
Gescheurd.;1
Gesigneerd (het slot) : Jacob Keesemaker;1
Gesloopt 1970;1
Gesloopt einde 1907 (nr. 19);1
Gesloopt in 1913;1
Gesloopt in 1990;1
Gestempeld: AUG. ALEXANDER / Beeldhouwer / 's-Gravenhage;264
Get. J.W. november 1956;1
Get. P. Wiersma, 7 maart 1966. Aangevuld dec. 1968;1
Get. W. Thoen en G.W.C. van Wezel, nov. 1970;1
Get. en opg. Th. v. Straalen;1
Get. en opg. Th. van Straalen, 1967 - 1971;1
Get. i.s.m. K. Vlierman. De sisters hebben inv. nrs. OB 71-265 a/b, collectie NISA.;1
Get. in mei 1966 door H.W. v.d. Voet, naar opm. 1937 door A.J. v.d. Steur;1
Getekend : v.d.V.;1
Getekend D. Zweers november 1986, gewijzigd december 1986 B. Kooij;1
Getekend H. v.d. Wal 1978, bijgewerkt B. Kooij juni 1982;1
Getekend R.E.O.;1
Getekend T.H. van Straalen naar het tekeningenarchief Van der Kloot Meijburg en Bolt en eigen waarnemingen;2
Getekend Th. van Straalen naar tekening [van de] architect Van der Kloot Meijburg, en eigen waarnemingen;1
Getekend door A.M. Snelleman naar de tekening van H.N. Karsemeijer;1
Getekend door P. Meijer naar tekeningen van Th.H.A. Benschop uit 1951;1
Getekend door P.Th. Cuypers?   -   opgeplakte tekening!;1
Getekend door R. Terpstra naar opmetingen van H. Janse en J.P. Staal;1
Getekend en globaal opgemeten Th. v. Straalen;1
Getekend en opgemeten : Th. van Straalen;2
Getekend en opgemeten Th. van Straalen;1
Getekend en opgemeten: Th. van Straalen;1
Getekend febr. 1987 W.J. Berghuis met gebruikmaking tekening gem.werken Kollumerland;1
Getekend in 1973;1
Getekend in samenwerking met Gemeentewerken 's-Hertogenbosch;1
Getekend met 3D pantograaf.;8
Getekend naar een bestaande maar ongedateerde tekening;1
Getekend naar een oude opmeting - pand is afgebroken in 1938;1
Getekend naar opmeting H. Onnes 1929, gecontroleerd in juni 1954 door H.W. van der Voet;1
Getekend naar opmeting architect P. Ytsma te Kollum;1
Getekend naar opmeting van J.G. Heineman, door H.W. v.d. Voet, 1956;1
Getekend naar opmetingstekening van H.P. van Beveren en eigen waarnemingen;2
Getekend october 1987 W.J. Berghuis naar tekening A.M. Doppegieter 1976;1
Getekend op achterzijde schoolpapier;2
Getekend op de achterkant van papier van de Middelbare Technische School - Leeuwarden;1
Getekend op de achterkant van schoolpapier ...;1
Getekend ten behoeve van Geïllistreerde Beschrijving Utrecht;2
Getekend ten behoeve van Geïllustreerde Beschrijving;1
"Getekend voor ""Monumenten in Nederland (MIN)"", Gelderland";1
"Getekend voor ; ""Hekken in Nederland / Peter Meijer """;9
"Getekend voor ; ""Hekken in Nederland / Peter Meijer "".";15
"Getekend voor ; ""Monumenten in Nederland (MIN)"", Drenthe";7
"Getekend voor ; ""Monumenten in Nederland (MIN)"", Friesland";13
"Getekend voor ; ""Monumenten in Nederland (MIN)"", Gelderland";8
"Getekend voor ; ""Monumenten in Nederland (MIN)"", Groningen";3
"Getekend voor ; ""Monumenten in Nederland (MIN)"", Overijssel";4
"Getekend voor ; ""Monumenten in Nederland (MIN)"", Zuid-Holland";1
"Getekend voor het boek : ""Hekken in Nederland"".";1
Getekend voor het boek Hekken in Nederland;1
Getekend: H. van der Wal 1979;1
Getekend: H.G. van Bennekom, architect: W. Stooker;1
Getekend: april 1963  -  gewijzigd: april 1967;1
"Getekend: april 1968 - G. Berends
gewijzigd: juni 1968 - G. Berends 
gewijzigd september 1970 (gewijzigd op film, te herkennen aan de zwartere gedeelten)

Het Sint Nicolaas Gasthuis is in 1970 afgebroken.
";1
Getekend: oct. 1963 - gewijzigd : 10 aug 1969;2
Getekend: sept. 1962  -  gewijzigd: jan. 1963;1
Gevel Binnenburg B 472;1
Gevelontwerpen voor de te verbouwen woning naast het raadhuis te Culemborg;1
Gevelopschrift : In de wijck tot Maestricht / MVIXV;1
Gevels met potlood bijgetekend. Kopie van tekening, aangepast;1
Gevelschets no. 102 komt voor op straatbeeld no. 23;1
Gevelschets no. 107 komt voor op straatbeeld no. 24 - 25;1
Gevelschets no. 63 komt voor op straatbeeld no. 8;1
Gevelschets no. 64 komt voor op straatbeeld no. 8;1
Gevelschets no. 66 komt voor op straatbeeld no. 10;1
"Gevelschets no. 67 komt voor op straatbeeld no. 11.

Veemarkt 21 - 23 is later Veemarktstraat 51 - 53 geworden.";1
Gevelschets no. 68 komt voor op straatbeeld no. 11;1
Gevelschets no. 86 komt voor op straatbeeld no. 20;1
Gevelschets no. 87 komt voor op straatbeeld no. 20;1
Gevelschets no. 92 komt voor op straatbeeld no. 21;1
Gevelschets no.186 komt voor op straatbeeld no. 51;1
Gevelschets no.71 komt voor op straatbeeld no. 15;1
Gevelschets no.72 en 73 komt voor op straatbeeld no. 15;1
"Geveltekening VII; blad 12";1
"Geveltekening XXV; blad 30";1
Geveltekening XXVIII;1
Geveltekening XXX;1
Geveltekening XXXI;1
Gevonden bij ontgraven binnenplaats;1
Gevonden in de Bijlandse Waard;1
Gevonden in voorhuis begane grond;1
Gevonden op 6 mei 1927;1
Gewijzigd, nieuwe toestand;1
Gewijzigd: 15-7-1958;3
Gewijzigd: A. Warffemius, juni 1982;1
Gewijzigd: H.N. Karsemeijer, februari 1979;1
Gewijzigd: febr. 1985;1
Gezien de gelijkenis met andere tekeningen is waarschijnlijk de vervaardiger bureau Meijburg en Bolt;1
Geïllustreerde Beschrijving;24
Geïllustreerde Beschrijving Alblasserwaard;2
Geïllustreerde Beschrijving Kollumerland;10
Geïllustreerde Beschrijving Oostelijk Rijnland;1
Geïllustreerde Beschrijving Utrechtse Heuvelrug;3
Geïllustreerde Beschrijving, Utrechtse Heuvelrug;1
Geïllustreerde Beschrijving, Utrechtse Heuvelrug (deel 1).;15
Geïllustreerde bechrijving van Zuid-Limburg;1
Geïllustreerde beschrijving;97
Geïllustreerde beschrijving Oostelijk Rijnland;29
Geïllustreerde beschrijving Utrechtse Heuvelrug;22
Geïllustreerde beschrijving Utrechtse heuvelrug;6
Geïllustreerde beschrijvingen Alblasserwaard;5
Geïlustreerde beschrijving;1
Giethoorn, Binnenpad. vh Wijk I-252  28;1
Gijbeland. Gijbelandsedijk 87;1
Gildehaus;1
Grachtarm gedempt en verdeeld over nrs. 69 - 71 - 73;1
Grachtarm gedempt en verdeeld over nrs. 71 - 73;1
Graveerwerk door poetsen afgesleten;2
Gravenplan naar schets van Jan Hertman, Anno 1761;1
"Greidhoek, Friesland
naar Jan Kops 27 (plaat 32)";1
Grijs - grijs-groen op rood fond;1
"Grijze vrouwenklooster te Midwolda (Oldambt) gesticht 1259 als afsplitsing van het dubbelklooster Campus Silvae te Menterwolde; dochterkloosters van de Abdij bvan Aduard";1
Groepsvoedering in de stal (L.G.);1
Groot formaat;10
Groot formaat.  Bestaat uit 3 delen (2 kaarten, nl. PB-202a en PB-202b  en 1 legenda PB-202c);3
Groot formaat. Bestaat uit 2 delen (PB-198a en PB-198b);1
"Groot formaat. Kaart is gewijzigd; datum onleesbaar (19??-05-00)";1
Groote Werf;3
Grootte of St. Eusebiuskerk te Arnhem, opgemeten in 1880 - schaal 1 á 100;1
Grote blauwe streep, dwars door de tekening...;1
H 107;2
H 107   O.FL.;5
H 107   OFL.;1
H 107  O.FL;1
H 107  O.FL.;29
H 107  O.FL. Praam;1
H 107 O.FL.;1
H 107/ O.FL.;1
H 107/O.FL.;1
H 107/O.fl.;1
H 61;1
H 61 /O.FL.;1
H No. 70;1
H v.d. Wal 1970 - 1972   -   A.W. 3-'84;1
H-107;55
H-107  O.FL.;3
H-107 .;1
H-107 O.FL;9
H-107 O.FL.;65
H-107 O.FL..;1
H-107/O.fl.;1
H. van der Wal;2
H.F. Jansen & Zonen, Hofleveranciers, Amsterdam;3
H107  O.FL.;1
H107  O.fl.;1
H107 O.FL.;12
H107 O.FL.   117 g-c;1
H107 O.Fl.;1
H107 O.fl;3
H107 O.fl.;26
H107. O.fl.;8
H107.O.fl;1
H107.O.fl.;27
H107/O.FL.;1
H107/O.fl.;7
HO.FL.;1
HO107;1
HO61-O.FL.;1
Haan in 1776 gemaakt door Dirk Lambertus Kranenburg uit Hoogezand, kruis vermoedelijk in datzelfde jaar;1
Handbewerkte lichtdruk!   -   Ingekleurd en gesigneerd;1
Handgeschreven op tekening: Hoeve;1
Handschrift G. Berends...;1
Handschrift W. Scheepens?;2
Handschrift erg onduidelijk leesbaar !!!   -   objectnaam: niet geheel zeker !!!;1
Handschrift lijkt van Canneman... -  aantekening met ondertekening van Oger, A.L.;1
"Handschrift rechtsonder : ""'s-Gravenhage: dec.'40 de architecten van de restauratie"". Vervolgens onontcijferde handtekening";1
Handschrift: Royaards???;1
Handtekenig: onbekend;1
Handtekening (van de opzichter) rechtsonder, niet ontcijferd, een deel hiervan is weggesneden.;1
Handtekening / paraaf rechtsonder, niet ontcijferd;1
Handtekening W.J. Berghuis rechtsonder;1
Handtekening cq paraaf rechtsonder niet ontcijferd;1
Handtekening en rest datering linksonder, niet ontcijferd;1
Handtekening goed gelezen???;1
Handtekening in het midden (vlak onder de afbeelding), niet ontcijferd;1
Handtekening in het midden, tussen de plattegrond en het aanzicht, niet verder ontcijferd;1
Handtekening linksonder : niet ontcijferd;1
Handtekening linksonder niet ontcijferd;1
Handtekening linksonder, niet ontcijferd;1
Handtekening niet geheel ontcijferd;1
Handtekening niet leesbaar   -  linksonder stempel: 6131;1
Handtekening niet leesbaar...;1
Handtekening niet leesbaar...   -   voornamelijk aantekeningen...;2
"Handtekening of initialen rechtsonder: G.N.Hz.; verder niet bekend";1
Handtekening onleesbaar;1
Handtekening onleesbaar  -  datum gedeeltelijk ook onleesbaar...;2
Handtekening rechter onderhoek : J.H. Jentman (?);1
Handtekening rechterbenedenhoek, niet ontcijferd;1
Handtekening rechtonder, niet ontcijferd;2
Handtekening rechts boven de schaal-meetlat, niet ontcijferd;1
Handtekening rechts, tekening een kwartslag gedraaid, dan rechts van het midden onder;1
Handtekening rechtsonder : achternaam is Meijer, initiaal niet ontcijferd;1
Handtekening rechtsonder : niet ontcijferd;5
Handtekening rechtsonder is niet ontcijferd;1
Handtekening rechtsonder niet ontcijferd;11
Handtekening rechtsonder niet ontcijferd  - rechtsboven staat als naam van het gebouw ook Infermerie;1
Handtekening rechtsonder niet ontcijferd, mogelijk Bart van den Berk;2
Handtekening rechtsonder niet verder ontcijferd;1
Handtekening rechtsonder, deels onder het BT-nummerstempel, niet ontcijferd;1
Handtekening rechtsonder, niet geheel ontcijferd, voorletters hier weggelaten;1
Handtekening rechtsonder, niet ontcijferd;29
Handtekening rechtsonder, niet verder ontcijferd;1
Handtekening rechtsonder, vermoedelijk Slinger, niet zeker;1
Handtekening rechtsonder: v.h. Schip;1
Handtekening van de architect rechtsonder, niet ontcijferd;1
Handtekening van de opzichter rechtsonder, niet ontcijferd;2
Handtekening vervaardiger niet herkenbaar...;1
Handtekening, links van het midden, boven, niet ontcijferd;1
Handtekening, links van het midden, onder : niet ontcijferd;1
Handtekening, niet ontcijferd;4
Handtekening, rechts boven het midden, niet ontcijferd;1
Handtekening, rechts van het midden, niet ontcijferd;1
Handtekening: G. van der Mark;2
Handtekening: architect ??? Zwolle;3
Handtekening: iets van W. Keulen???;1
"Handtekening: ik kan alleen ""Valk"" lezen...  -  Lijkt op kopie van (oude) tekening...";1
Handtekening: niet bekend;4
Handtekening: niet bekend   -   kleur;1
Handtekening: niet herkenbaar;1
Handtekening: niet herkenbaar   -   Kleur;4
Handtekening: niet herkenbaar...  -  kleur;1
Handtekening: onbekend;13
Handtekening: onbekend  -  Tekening van juli 1957, gewijzigd: december 1959;1
Handtekening: onbekend / onleesbaar;1
Handtekening: onherkenbaar;1
Hartebrugkerk;2
Heemkunde Stichting, Amerongen;1
Heikant;1
Hek van binnenuit gezien;1
Hemrik;1
Heraldiek : rechtsboven wapen;1
Herm. en L. v.d.Kloot.Meijburg en Bolt;1
Hervormde - of Joriskerk;1
Hervormde Kerk?  -  Architect niet leesbaar...;1
Hervormde Kerk???;2
Herziening plan van wederopbouw;1
Het Calloo of Konijnshol. Katwijk aan den Rijn, Nieuwe Duinweg;1
Het Nederlands Openluchtmuseum;1
"Het Rijksmuseum voor Volkskunde, NOM, Arnhem
Hoofdstraat 43-45, Kerkstraat 2";2
"Het Rijksmuseum voor Volkskunde, NOM, Arnhem
Kerkstraat 10-12";1
"Het Rijksmuseum voor Volkskunde, NOM, Arnhem - Q1062
Hoofdstraat 34-35";1
Het Sint Nicolaas Gasthuis is in 1970 afgebroken.;4
"Het Spiker bevindt zich op Landgoed ""De Molecaten"".";3
Het adres Dijkseinde 64 op de tekening klopt niet, dat is wellicht een oud adres.;2
Het adres is helaas niet overgenomen op de tekening zelf: het moet zijn Steenstraat 10-11-12 (i.p.v. nummer 4)  -  Op de tekening wordt genoemd de Geïllustreerde Beschrijving van Zuid-Limburg, pag. 371.;1
Het andere gedeelte bevindt zich op tekening BT-033511.;1
Het andere gedeelte bevindt zich op tekening BT-033512.;1
Het betreft de Kleine Kerk van Steenwijk, en de Hervormde kerk in de andere plaatsen;1
Het betreft een uit vier delen bestaande tekening waarvan de delen a,b en c technische aanduidingen zijn zonder dat het is gebonen aan een object: deel d betreft de toepassing in de Grote Kerk van Dordrecht;1
Het betreft een uitsnede van plaat XXIX behorende tot het in 1925 door J.J. Weve voltooide manuscript 'De Valkhofburcht te Nijmegen'. Zie ook BT-012028.;1
Het betreft één tekening waarop twee torens te zien zijn;1
Het eerste deel van het historisch nummer is weggevallen;1
Het gebied loopt van Asperen tot aan Everdingen;1
Het historisch nummer staat gestempeld op de achterzijde van de tekening!;1
Het huisnummer in 1941 was B 63.;1
Het is een boerderij waarvan naam en / of adres verder onbekend zijn;1
Het is niet duidelijk welke kerk dit is;1
Het is niet duidelijk welke toren dit is;3
Het kasteel getekend zoals het in het verleden geweest is, nu ziet het er anders uit.;1
Het object is volgens de tekening eigendom van het Rijksmuseum te Amsterdam en door het museum geplaatst in Ruinerwold;1
"Het onderste deel van deze tekening ontbreekt.
Vervaardiger is waarschijnlijk A. Baart.";1
Het oudste huis van Amsterdam;1
Het pand is gesloopt in 1881 en 1882;3
Het pand is nu in gebruik door de Hoge Raad;2
Het pand is verloren gegaan in mei 1940;1
Het toegangshek maakt nu deel uit van buitenplaats Vredenhoef;1
Het vermelde bouwjaar heeft betrekking op de stalling van dit complex. De woning, echter, dateert van 1770.;1
Het zijn 5 afzonderlijke kleine tekeningen op een vel geplakt;1
Hist nummer: 13582 ? (systeemkaart);1
Hist nummer: 13585 ? (systeemkaart);1
Hist. nr.: 24.802 ? (systeemkaart);1
Hist. nummer: 12861 ???;1
Historisch adres: Eerste Poellaan 102;2
Historisch adres: Kesselskade 20;1
Historisch adres: Molenstraat A 71 en A 72 (dit is ook op de tekening te lezen);1
Historisch gezien ook geschreven als Trompenburgh;3
Historisch nummer : 3980;1
Historisch nummer : 3981;1
Historisch nummer : 3983;1
Historisch nummer : 3984;1
Historisch nummer : 513;1
Historisch nummer is deels weggevallen;1
Historisch nummer valt deels weg achter stempel;1
Historisch nummer: vermoedelijk 22841 of 22842;1
Hoek van de tekening af, ik vermoed dat daar precies de index gegevens stonden;1
Hoeve Familie Nicolaye;1
Hofje te Naaldwijk, verder geen gegevens op de tekening;1
Holwinde C 1;4
Hoofdblad;2
Hooglicht  =  bovenlicht ???;1
Hoogstwaarschijnlijk afkomstig van Huis Walliën in Winterswijk;1
Hoogstwaarschijnlijke afkomst Zieuwent (plaats in Gelderland);1
Hoort bij brief van 12 juni 1880;1
Hoort bij brief van 30 april 1881;3
Houtgravure van Hartman Schopper;1
Houtmaas achter Stokstraat 1 - 18e eeuws;1
Huis Kemnade in de fotocatalogus onder plaats = Wijnbergen;5
Huis Kemnade in de fotocatalogus onder plaats = Wijnbergen   -   kopietekening;3
"Huis Molencaten bevindt zich op Landgoed ""De Molecaten"".";4
Huis door brand verwoest, herbouw;1
Huisnummer 1;1
Huisnummer 38 is nu 34;1
Huisnummer 46;1
Huisnummer niet zeker;1
Huisnummer zeer waarschijnlijk 36 - 38;1
Huisnummers 1401-221-1324-1325-25;1
Huisnummers 179-182-990-1011-1160;1
Huisnummers 437-684-439-1151-611;1
Huisnummers 63-65,58;1
Huisnummers 80-152-235-433-574;1
Huisnummers 84-85-279-275-431;1
Huisnummers: 94-98,106,121,139;1
I;1
II;2
III;6
IV;1
Ik denk vervaardiger: Ad. Mulder...;1
Ik denk: vervaardiger: Canneman...;2
Ik lees als jaartal 1907...;1
"In 1715 nieuw gemaakt door J.J. Slob, Edam ; in 1920 hersteld door W. Bogtman, Haarlem ; in 1933 hersteld door W. Bogtman, Haarlem";1
In 1890 afgebroken;1
In 1930 stond dit pand aan de Dokkade (nr. 31). In 1933-1934 is het gesloopt. De voorgevel is daarna opnieuw opgetrokken op een andere plaats, aan de Hendrikstraat.;1
"In 1968 op de lijst van beschermde rijksmonumenten geplaatst maar in 1982 door brand totaal verwoest. In historiserende stijl opnieuw gebouwd maar met verlies van de monumentenstatus. Huidige adres: Uliker 10, Nederweert-Ospel. Oudste in archiefbronnen te herleiden bewoning uit 1599. Bouwvorm uit tekening midden 18e eeuw.
Bron: Tijdmachine Nederweert; stichting Geschiedschrijving Nederweert.";1
In 1977 opgebaggerd uit de slotgracht;1
In Lelystad voor conservering.;1
In N.Boschma en H.van Koolbergen, Stolp of Salon, 1985;2
In beschrijving op tekening: get. J.W.;1
In de doorsneden A,B,D, en E zijn de vloerconstructies vereenvoudigd weergegeven;1
In de fotocatalogus staat Kemnaede onder de plaats Wijnbergen;3
In de linkerbovenhoek staat met kelurpotlood geschreven: Balgooi en Keent, gl.;1
In de rechterbovenhoek : blad R. 1;1
In de rechterbovenhoek staan 3 namen, niet ontcijferd;1
In de soette suikerbol;1
In de tekening wordt gesuggereerd dat ook molen Genezareth is afgebeeld, maar dat blijkt onjuist. Waar 'Genezareth' vermeld wordt is een boerderij, Zuidermiedweg 17, Hallum.;1
In de tekening zijn met potlood aantekeningen en detail tekeningen gemaakt;1
In de tekening zit een 'knak'...;1
"In een blad gebracht door R. Oldhoff
";1
In een der achterstraten aan de Waalzijde - M No. 220;1
In eikenhout uit te voeren;1
In handschrift bijgeschreven : mapje Deventer, voormalig Meester Geert-huis;1
In herstelde toestand;4
In het boekje 'Herleefde Schoonheid' van W. Martin uit 1943 staat dat de reconstructie van de top en pui onder leiding stond van D. Verheus (DV), van het Rijksbureau. Bouw- en Woningtoezicht van Amersfoort was verantwoordelijk voor de uitvoering in 1942.;1
In het foto-archief wordt de poort ook wel de Keldermanspoort genoemd, in het Kunstreisboek Bollewerkspoort;1
In het foto-archief wordt deze poort ook wel de Keldermanspoort genoemd, in het Kunstreisboek Bollewerkspoort;1
"In het fotoarchief staat hetzelfde gebouw als ""Boerderij Hodenpijl"" in Schipluiden";1
In kleur;75
In kleur (gedeeltelijk);1
In kleur (rood - zwart);1
In kleur (waterverf?);1
In kleur, No. 75;1
In kleur, No. 76;1
"In kleur; objectnaam staat niet op de tekening, is aangenomen in verband met kleurgebruikvergeliijking met de tekeningen BT-018683 en BT-018684";1
"In kopie: serie opmetingsschetsen (26 stuks), gestempeld : ""r.k. H.T.S. Hengelo""";1
In opdracht van de vereniging Hendrick de Keyser;1
In potlood (nog vaag zichtbaar) een decoratie met vlaggen en tekstbord op de poort;1
In rechterbovenhoek : 56;6
In verband met opsomming van de familienamen: alle objecten apart opgenoemd bij omschrijving ...;1
In verband met verbouwing archief- en museumruimten;1
In: C.Boschma-Aarnoudse en M.A. van der Eerden-Vonk, Het huis met de zwaan, 1995.;2
In: C.Boschma-Aarnoudse, Edam, behouden stad, 2007, p. 138-141;1
In: C.Boschma-Aarnoudse, Edam, behouden stad, 2007, p. 77-80.;2
In: C.Boschma-Aarnoudse, Sint-Pietershof te Hoorn, 1993, p. 73;1
In: C.Boschma-Aarnoudse, e.a. Het Statenlogement in Hoorn, 2001;6
In: N.Boschma en H.van Koolbergen, Stolp of salon, SHBO, 1985;4
Inboedel van A. van Oirschot in 1984;1
Inclusief de omgeving;1
Indeling van de indeling van de Hervormde kerk;1
Informatie bouwjaar verschillend op taxatieformulier en reconstructie- tekening.  34:  30m3 35:  25m3 36:  Zonder omheining, beton vloer oppvl.35m2 38:  Schuur: 90m2 beton, 60m2 leem 39:  Pannen 40:  Boven woonhuis: 40m2 41:  Put met pomp 47:  Electriciteit 48:  Krachtstroom in schuur;1
Informatie over architect en ver.datum van plantekening ,  bestektekening niet aanwezig .;1
Ingekleurd;17
Ingekleurd, met vondstnummers.;1
Ingetekend op tekening uit 1972, stamboeknr. 117995.;1
Initiaal midden beneden: D.;5
Initiaal midden-onder : D.;1
Initiaal of afkorting rechter onderhoek , niet ontcijferd;1
Initiaal of afkorting rechter onderhoek : D.;1
Initiaal rechtsonder : B.;2
Initiaal rechtsonder : D (= Dijkstra?);7
Initiaal rechtsonder : D.;6
Initiaal rechtsonder : D. (= Dijkstra ?);4
Initiaal rechtsonder : D. (=Dijkstra?);4
Initiaal rechtsonder : H.v.B.;1
Initiaal rechtsonder: D. (= Dijkstra?);3
Initiaal vervaardiger ontleend aan vergelijkbare tekening in fotoarchief;1
Initialen / Paraaf rechtsonder : T.K.;1
Initialen / paraaf rechtsonder : C.W.;1
Initialen / paraaf rechtsonder : F.K.;3
Initialen / paraaf rechtsonder, niet ontcijferd;1
Initialen : W.S. niet verder ontcijferd;1
Initialen F.K.;5
Initialen boven midden : J.S.S.;1
Initialen cq paraaf in de rechter benedenhoek, slecht leesbaar [R.ST.?];1
"Initialen cq paraaf linksboven : K.V. ; tekening is in kleur";1
Initialen cq paraaf rechtsonder : DK;1
Initialen in kader : R.B.;1
Initialen klinksonder : H.D.;1
Initialen links boven : d.H.;1
Initialen links van het midden, onder: M.V.E.;2
Initialen linksonder : B.J.F.K.;2
Initialen linksonder : C.J.B.;1
Initialen linksonder : G.H.;2
Initialen linksonder : J.d.P.;3
Initialen linksonder : v.d.V.;2
Initialen midden onder : C.B.;1
Initialen midden onder : V.Br.  -  tekening heeft twee onder-kanten;1
Initialen naast naam architect : H.G.;1
Initialen of afkorting rechter benedenhoek : K.K.;10
Initialen of paraaf rechtsonder : A.H.;1
Initialen rechter benedenhoek : K.K.;1
Initialen rechter benedenhoek : N.E.B.;2
Initialen rechter onderhoek : D.d.V.;1
Initialen rechter onderhoek: L.B.;1
Initialen rechtonder : v.d.W. (opmeting) en J.G. (getekend);1
Initialen rechts van het midden, onder : J.W.;1
Initialen rechtsonder : (HJW?);1
Initialen rechtsonder : C.W.;5
Initialen rechtsonder : E.D. of C.D.;1
Initialen rechtsonder : G.O., H.K.;1
Initialen rechtsonder : G.W.;75
Initialen rechtsonder : H.D.;2
Initialen rechtsonder : H.K.;3
Initialen rechtsonder : H.W. - H. v.d. Wal??;1
Initialen rechtsonder : J.V. (G.V.?);1
Initialen rechtsonder : L.B.;3
Initialen rechtsonder : L.D.K.;2
Initialen rechtsonder : M.J.P.D.;1
Initialen rechtsonder : M.J.P.D. en D.H.;1
Initialen rechtsonder : P.C.A.J.S.;1
Initialen rechtsonder : P.J.;1
Initialen rechtsonder : P.J.S.;1
Initialen rechtsonder : R.B.;6
Initialen rechtsonder : R.T.;2
Initialen rechtsonder : T.X.;1
Initialen rechtsonder : W.K.;1
Initialen rechtsonder : v.W.;1
Initialen rechtsonder : v.d. V.;2
Initialen rechtsonder : v.d. V. ( = Voet, van der ?);2
Initialen rechtsonder : v.d.H.;1
Initialen rechtsonder : v.d.V.;8
Initialen rechtsonder, niet ontcijferd;2
Initialen rechtsonder: G.W.;1
Initialen rechtsonder: L.D.K.;1
Initialen rechtsonder: R.B.;1
Initialen rechtsonder: v.d.V. : blad 4;1
Initialen vervaardiger Schaik niet ontcijferd;1
Initialen vervaardiger niet ontcijferd;1
Initialen, rechtsonder en middenonder (2 verschillende) niet ontcijferd;1
Initialen: R.T.: onbekend;1
Initialen: R.T.: onbekend   -   kopie tekening?;1
Initialen: W.B.;4
"Inventarisatie - blad A - tek.nr. 2
Houthem-Sint Gerlach";1
"Inventarisatie - blad B - tek.nr. 2
Houthem-Sint Gerlach";1
Inventarisatie Nederlands Stedeschoon;17
Inventarisatie Nederlands Stedeschoon - Gemeten B. Nienhuis, architect J. Bongaerts, getekend Tonny Bleys;2
Inventarisatie Nederlands Stedeschoon - Gemeten J. Bongaerts, architect - getekend Tonny Bleys;12
Inventarisatie Nederlands Stedeschoon : Naarden;3
Inventarisatie Nederlands Stedeschoon : Zutphen;16
Inventarisatie Nederlands Stedeschoon Naarden;9
Inventarisatie Nederlands Stedeschoon, Zutphen;3
Inventarisnummer 1819;3
"Inventarisnummer 1954-11; afkomstig van een oin 1951 gesloopte boerderij in Gasselternijveen";1
Inventarisnummer 2298;2
"Inventarisnummer H 1982-139 (gekocht op een veiling in Eext); nummer 1958-45 (afkomstig van boerderij Westdorp 10, gemeente Borger, welke werd gesloopt in 1958)";1
"Inverntarisnummers H 1897 A (deze is afkomstig van het Scholtenhuis, Roden, dat werd gesloopt in 1897); H 1920-3; H 1959-240";1
Is afgebroken jan/febr. 1889;1
Is deze tekening wel compleet? Niet recht afgesneden, doorlopende lijnen van het papier af!;1
Is dit op de Levenseweg (vergelijk: neg.nr.: 190.948);1
Is een fragment van BT-032796;1
Is een kopie-calque;1
Is het geboortehuis van Herman Boerhaave;1
Ivalidenhuis - Pesthuis?   -   bijlage 1628/1913;1
J. de Lint architect Breda;1
J. de Lint architect Breda  aug. 1946 get. H. Rynja;1
J. de Lint architect Breda  dec. 1946 get. H. Rynja;1
J. de Lint architect Breda  jan. 1953 get. H. Nuyten;1
J. de Lint architect Breda  juni 1944;5
J. de Lint architect Breda  oct. 1951;1
J. de Lint architect Breda aug. 1946 get. H. Wynja;1
J. de Lint architect Breda aug. opmeting juni 1944 get. A.W. van den Meiracker;2
J. de Lint architect Breda jan. 1947 get. H. Rynja;1
J. de Lint architect Breda opmeting juni 1944 get. A.W. van den Meiracker;1
J. de Lint architect Breda.   -   Hoekpand, op te maken uit adresgegeven op de tekening...;1
"J. de Lint, architect; getekend H. Rynja";1
J.W. Forma... of Wormal... ?;1
Jaartal afgescheurd: Volgens het kaartsysteem voldoet tek.nr. 53829 aan de omschrijving: die tekening is uit 1962;1
Jubbega-Schurega;1
Juni 1942, gewijzigd: maart 1943   -   Kleur;1
K 47 / Z.FL. tekeningnr. 7;1
K 47/Z.FL. tekeningnr. 12;1
K No. 1 b - kleur;2
K No. 1 c;1
K. 47/ Z.FL,  tekening 11;1
K. 47/Z.FL. tekening 10;1
K.47 / Z.FL.  tekeningnr. 8;1
K.47 /Z.FL  tekeningnr. 6;1
K.47/Z.FL.  tekeningnr. 10;1
K12;1
K14;1
K15;1
K17;1
K47  Z.FL.  tekning 7;1
K47 / Z.Fl.  tekn,nr 9;1
K47/Z.FL  tekeningnr.2;1
K47/Z.FL.  tekening 1;1
K47/Z.FL.  tekening 5;1
K47/Z.FL.  tekeningnr. 4;1
K47/Z.FL. tekeningnr 5;1
K47/Z.FL. tekeningnr. 11;1
K9;1
KZ 47 tekening nummer 6;1
Kaart bestaat uit twee delen (PB-109a en PB-109b);1
Kad. sectie : A 584 en tevens 313;1
Kad. sectie : C 754 en tevens 818;1
Kad. sectie : D 948 en tevens 949;1
Kad. sectie nummer van de overzichtstekening wijkt af van het  kad. sectie nummer van het bestek . tekening : E 585 bestek   : A 585;1
Kad. sectie: tevens E 847;1
Kadaster van Zuid-Holland te Zoetermeer;1
Kadastraal bekend : A 253 en tevens 355;1
Kadastraal bekend : A 699-712;2
Kadastraal bekend : D 1018 , D 1019 , D 1245 Naam bewoner verschillend gespeld : F. de Taeye , F.A. de Taaije  16 : in schuur no.5 was paardenstal en runderstal 34 : 3 stuks gierkelder per stuk 3m3 36 : wel mestbochtomheining van hout , 15m lang 38 : dorsvloer van beton , opp. 21m2 39 : dakbedekking woning : dakbeschot met pannen 40 : boven varkenshokken en W.C. van bergplaats aan de       woning no.1 41 : 2 welputten met pomp , 1 regenwaterput zonder pomp 44 : druipstraat 12m 47 : electriciteit in woning en varkenshokken en koestal no.4 48 : krachtstroom en i buitenlichtpunt;1
Kadastraal bekend : D 303-578;1
Kadastraal bekend sectie C nummer 2102;6
Kadastraal tevens bekend : B 1106 , B 1792;1
Kadastrale ligging;1
Kadastrale ligging sectie A no. 953;1
Kadastrale nummers  2306 - 2307 - 2308 - 2309;2
Kadastrale sectie : C 869 & 904;1
Kadastrale sectie : D 237/361;1
Kadastrale sectie : D 469-445;1
Kadastrale sectie : D 644,645,646,647,98  Gegevens onvolledig door ontbreken bestek/ bestektekening;1
"Kadastrale sectie : H 1162/63  Zie ook bestek Breda 71;   Het bouwen van 7 kippenhokken type A";1
Kadastrale sectie : H 906/1019;1
Kadastrale sectie : voorheen D 1068-1069;1
Kadastrale sectie: A 586-532;1
Kadstrale sectie : D 1625 t/m 1025;1
Kapconstructie is schetsmatig;1
Kapel naar opmeting Ad. Mulder 1884. Kruisgang naar opmeting H. van der Wal, 1960   -   Kopie van tekening: aangepast;1
Kapel van het voormalige klooster van de Heilige Geest Zusteren te Delft;1
Kapel van het voormalige klooster van de Heilige Geest Zusteren te Delft : herstelde toestand;3
Karnisse;1
Kasteel IJsselstein (U) muurkastje (thans in Utrecht:Centraal Museum);1
Kasteel Walburg of kasteel Het Goedje???;1
Kasteel Wijk bij Duurstede?      -       Collectie Parken en Buitenplaatsen?;1
Kasteel heeft meerdere benamingen;1
Kastscharnier Kasteel IJsselstein (U) muurkastje (thans in Utrecht:Centraal Museum);1
Kastslot Kasteel IJsselstein (U) muurkastje (thans in Utrecht:Centraal Museum);1
Kastslot archiefkast uit Domkerk  (thans in Utrecht:Centraal Museum);1
Kelder naar opmeting B. Kooij en eigen waarneming;1
Kerk Winsum geen rijksmonument;1
Kerk in Graftdijk?;1
Kerk is afgebroken in 1892;2
Kerk is in 1904 afgebroken;1
Kerk is in 1908 afgebroken.;1
Kerk is tussen 1908 en 1912 afgebroken;1
Kerk naar opmeting W. Scheepens - toren opmeting W.J. Berghuis 1950;1
"Kerk opgemeten in april 1892 door Adolf Mulder ; toren en sacristie met aanbouwen in aug. 1926 door W.A. Hemsing del.";1
Kerk te Barneveld naar eene opmeting van G. Haanschoten E.J. zn. zie arch. R.C. 1905 no. 132;1
Kerk van de v.m. abdij van Kloosterrade, thans van het R.K. Klein - Seminarie te Rolduc, Gem. Kerkrade (L.);1
Kerk van voor 1903;1
Kerkbuurt 116-118, 74;1
Kerkbuurt, Kets, Fort;1
Kerkbuurt, Kets, Rozenwerf;1
Kerkgebouw gesloopt in 1888;1
Kerkstraat;1
Kerkstraat 14;1
Klaar;7
Klaas Uilkema heeft de namen Klein- en Groot Dassenath verwisseld;3
Klein gedeelte in kleur;1
Kleur;686
"Kleur
";1
"Kleur
Vervaardiger is H.P. van Beveren, of D. Verheus";1
"Kleur
Vervaardiger waarschijnlijk D. Verheus, circa 1938-1939";1
Kleur ;5
Kleur  ;2
Kleur   -;2
Kleur   -    Stempel linksonder: 85   -   Zeer weinig gegevens op de tekening en zelfs plaatsnaam onduidelijk: Halsteren???;1
Kleur   -    lijkt op een calque opgeplakt op (lompen)papier...;1
Kleur   -   (Oudega bij Drachten);1
Kleur   -   A No. 215a   -   aantekeningen op de tekeningen met reden van de tekening;1
Kleur   -   A No. 215b;1
Kleur   -   Chemisch Physisch Laboratorium is ook bekend als Kamerlingh Onnes Laboratorium. Bij de grote buskruitramp van 1807 is het gebied verwoest.;1
Kleur   -   Copyright?;1
Kleur   -   Datum opgemaakt uit aantekeningen op de tekening;1
Kleur   -   Handtekening niet leesbaar...;9
Kleur   -   Handtekening: niet bekend;1
Kleur   -   Kopie van tekening (Peter Meijer) : ingekleurd;1
Kleur   -   Kopie van tekening, ingekleurd;1
Kleur   -   Lijkt (kopie van) calquetekening opgeplakt;1
Kleur   -   Objectgegevens en datum uit kaartsysteem gehaald;1
Kleur   -   Opgemeten en getekend: J.W. van de Weert WJZ en L. de Beste WZ, Goes, februari 1875;1
Kleur   -   Paraaf niet herkenbaar...;1
Kleur   -   Paraaf: H.O.;1
Kleur   -   Paraaf: niet bekend;1
"Kleur   -   Signering rechtsonder: ""P.V.""";1
Kleur   -   Straatnaam = Groeneplaats ???;1
Kleur   -   Tekening op soort kunststofachtig papier;1
Kleur   -   Tekening op soort kunststofpapier;6
Kleur   -   Tekening: C.W. Royaards, Schoorl;1
Kleur   -   Tekst rechtsonder met enkele namen, niet verder ontcijferd;1
Kleur   -   VE-371-4;1
Kleur   -   VE-371-8;1
Kleur   -   VE-371-9;1
"Kleur   -   Vervaardiger = ""v.d. B."" (?)";1
"Kleur   -   Vervaardiger: ""D.V.""";1
Kleur   -   Vervaardiger: paraaf onbekend;1
Kleur   -   Weinig gegevens op de tekening...;2
Kleur   -   aantekeningen op tekening moeilijk leesbaar...;1
Kleur   -   dubbelzijdige tekening!;1
Kleur   -   lijkt een calquetekening op lompenpapier geplakt...;1
Kleur   -   nummer rechtsonder: 17   -   met potlood aantekeningen op de tekening;1
Kleur   -   nummer rechtsonder: 174;1
Kleur   -   nummer rechtsonder: 220  -   aantekeningen op de tekening;1
Kleur   -   nummer rechtsonder: 52  -   aantekeningen op de tekening;1
Kleur   -   nummer rechtsonder: 90  -   aantekeningen op de tekening;1
Kleur   -   nummer rechtsonder: G7;1
Kleur   -   rechtsonder: 100;1
Kleur   -   rechtsonder: 192;1
Kleur   -   rechtsonder: 90 A;1
"Kleur   -   rechtsonder: stempel: ""J.W. Boerbooms, Architect  Arnhem""";1
Kleur   -   reliëffiguur rechts onder: een sphinx;1
Kleur   -   stempel linksonder: 1266;1
Kleur   -   stempel linksonder: 3128;1
Kleur   -   tekening lijkt niet af...;1
"Kleur   -   vervaardiger: ""D.V.""...";1
Kleur   -   voor rapport dr. Kalf;4
Kleur   -  Tekening op soort kunststofpapier;1
Kleur   -  VE-371-10;1
"Kleur   -  Vervaardiger: ""v.d. V."" (van der Voet?)";1
Kleur  -;2
Kleur  -   Tekening op soort kunststofpapier;1
Kleur  -  (Oudega bij Drachten);1
Kleur  -  (Oudega, gemeente Smallingerland);1
Kleur  -  Architect BNA: A. Baart. jr., Leeuwarden;1
Kleur  -  Architecten B.N.A.: G. de Hoog Hz en N. Ramakers;1
Kleur  -  Architecten D. Verheus en H. Korswagen;1
Kleur  -  Architecten Verheus en Schulte;4
Kleur  -  BZ 72;1
Kleur  -  Dit lijkt een kopie, ingekleurd;1
Kleur  -  F.A. Ludewig (architect uit Nijmegen), herstelde het kasteel na de brand van 1906;1
Kleur  -  Geen idee wat er getekend is: omschrijving: ???   -   Zeer weinig gegevens op de tekening;1
Kleur  -  H. Onnes?;1
Kleur  -  Handtekening: onbekend;1
Kleur  -  Huis Kemnade in de fotocatalogus onder plaats = Wijnbergen;3
Kleur  -  Kerk lijkt niet de N.H. kerk te zijn??? (vergeleken met fotocatalogus);1
Kleur  -  Lichtdruk, ingekleurd;1
Kleur  -  Lijkt op slechts het bovenste gedeelte van de toren...;1
Kleur  -  N.B.: getekenend op achterzijde van een afdruk van een tekening, bijgesneden;1
Kleur  -  Naar opmeting C. Franssen 1903 en opgraving J.A. de Reus 1964;1
Kleur  -  Objectnaam niet duidelijk leesbaar...;1
Kleur  -  Omschrijving niet duidelijk...;1
Kleur  -  Ondertekening onder andere door Victor de Stuers;1
Kleur  -  P.M. Buit: onbekend  -  jaartal op tekening moet verwijzing naar die periode zijn;1
Kleur  -  Paraaf van ???  -  Stempel rechtsboven: 3938;1
Kleur  -  Paraaf: H.B. onbekend, architect: Oger, A.L.;1
Kleur  -  Paraaf: H.B., onbekend;1
Kleur  -  Paraaf: H.O.;1
Kleur  -  Paraaf: onbekend;2
Kleur  -  Plaats niet duidelijk leesbaar !;1
Kleur  -  Plaatsvermelding op de tekening: Nijswijlre;1
Kleur  -  Potloodtekening;2
Kleur  -  Schetstekening met stift  -  omschrijving overgenomen van tekening...;1
Kleur  -  Schetstekening. Met aantekeningen en maten;1
Kleur  -  Signering: handtekening, niet te herkennen...;1
Kleur  -  Stempel linksonder met nummer: 6563;1
Kleur  -  Stempel linksonder: 2912  -  Handtekening niet herkenbaar...;1
Kleur  -  Stempel rechtsonder: 4849   -   Omschrijving niet duidelijk...;1
Kleur  -  Stempel rechtsonder: 877;1
Kleur  -  Tekening op een soort kunststofachtig papier...;2
Kleur  -  Tekening op soort kunststofachtig papier;2
Kleur  -  Tekening op soort kunststofpapier;4
Kleur  -  Tekening op soort kunststofpapier...;2
Kleur  -  Tekening opgeplakt op (dik) karton;1
Kleur  -  VE-371-11;1
Kleur  -  VE-371-12;1
Kleur  -  Vervaardiger waarschijnlijk D. Verheus of H.P. van Beveren;1
"Kleur  -  Vervaardiger: ""D.V.""...";2
"Kleur  -  Vervaardiger: ""G.W.""";2
"Kleur  -  Vervaardiger: ""HO""";1
"Kleur  -  Vervaardiger: ""W.J""???";1
Kleur  -  Vervaardiger: D.V. ?;1
Kleur  -  Vervaardiger: handtekening onleesbaar;1
Kleur  -  Weinig gegevens vermeld op de tekening!;1
Kleur  -  Zeer weinig gegevens op de tekening!  -  omschrijving: ???;4
Kleur  -  Zeer weinig vermeld op de tekening!;1
Kleur  -  aantal zitplaatsen aangegeven op de tekening???;1
Kleur  -  bruin papier, lijkt een kopie waarop met kleur is ingetekend;1
Kleur  -  datum tekening 1831 ???;1
Kleur  -  kopie van tekening (BT-013467), aangepast;1
Kleur  -  kopie van tekening: ingekleurd;1
Kleur  -  lichtdruk van tekening: ingekleurd;1
Kleur  -  lichtdruk, ingekleurd  -  dezelfde tekening als BT-021070?;1
Kleur  -  linksonder stempel: 6131;1
Kleur  -  linksonder: 422;1
Kleur  -  linksonder: Y No. 241b;2
Kleur  -  maten in de tekening aangegeven;1
Kleur  -  omschrijving niet duidelijk...;1
Kleur  -  opgeplakte tekening, ingekleurd;1
Kleur  -  paraaf: HB, onbekend;1
Kleur  -  plaats: Kuilenburg;1
Kleur  -  raar zwart stickertje rechtsonder op de tekening...;1
Kleur  -  signering rechtsonder: 'D.V.';1
Kleur  -  stempel linksonder: 3952;1
Kleur  -  stempel linksonder: 4134;1
Kleur  -  stempel linksonder: 4625  -  Assen ,dec. 1937. Architect J. Boelens kzn.;1
Kleur  -  stempel linksonder: 5652;1
Kleur  -  tekening meer voor collectie Prenten en Oude tekeningen (POT) ?;1
Kleur  -  tekening op kunststofachtig papier...;1
Kleur  -  tekening op soort kunststofachtig papier...;1
Kleur  -  vervaardiger zeer waarschijnlijk: BOLT, Phil.;1
Kleur  -  vervaardiger: D. Verheus???;1
Kleur  -  vervaardiger: waarschijnlijk Onnes, H.;1
Kleur  -  voortekening voor BT-009616?;1
Kleur  -  weinig objectgegevens op de tekening aangegeven...;1
Kleur  -  zeer onduidelijk geschreven...;1
Kleur  - Paraaf of handtekening: Identex ??? Onbekend;1
Kleur (aanduiding vernieuwde gedeelten);1
Kleur (aantekeningen)  -  Aantekening: opmeting onjuist, zie bestektekeningen;1
Kleur (bijna niet meer zichtbaar);1
Kleur (bovenraam en deur);1
Kleur (bovenraam);1
Kleur (bruinig...);1
Kleur (deels);2
Kleur (deels)   -   A No. 93   -   gevlekte tekening...;1
Kleur (deels)   -   A No. 94   -   gevlekte tekening...;1
Kleur (deels)   -   A No. 95   -   gevlekte tekening...;1
Kleur (deels)   -   A No. 96   -   gevlekte tekening...;1
Kleur (deels)   -   BZ 72;1
Kleur (deur);2
Kleur (deuren);1
Kleur (geaquareleerd);1
Kleur (gedekte aquarel kleuren);1
Kleur (klein stukje);2
Kleur (klein stukje, onderaan);1
Kleur (klein stukje...);1
Kleur (loodlijn);1
Kleur (meetlijn en hartlijnen);1
Kleur (meetlijnen);1
Kleur (moeilijk zichtbaar, maar rechterzijde: vaag blauw);1
Kleur (nummering);2
Kleur (nummers);1
Kleur (objectnaam)  -  A.J.C. van Gemund, architect: Haarlem, 1883;2
Kleur (periode aanduiding, gedeeltelijk);1
Kleur (piepklein gedeelte: rood);1
Kleur (piepklein stukje);1
Kleur (plattegrond);1
Kleur (spiegellijnen);1
Kleur (steensoort aanduiding);1
Kleur (zeer vaag);1
Kleur (zeer weinig: onderstrepingen letters);1
Kleur - Tekening op soort kunststofachtig papier... - veel vlekken op de tekening;1
"Kleur : herstellingstekening. bruin wordt vernieuwd; mei 1914, architect LJP (?)";1
Kleur : originele tekening (pen / potlood), later ingekleurd (geaquarelleerd)  -  gewijzigd: 25-1-1946;1
Kleur : potloodtekening, gedeeltelijk ingekleurd;1
Kleur zwart op eikenhout;1
Kleur, No. 5, B.H. No. 11;1
Kleur, O.W. No. 37;1
Kleur, O.W. No. 88;1
Kleur. Kopie van tekening, aangepast;1
Kleur. Kopie van tekening, ingekleurd;1
Kleur. O.W. No. 29;1
Kleur. Plaat IX;1
Kleur. Plaat No. I;1
Kleur. Plaat No. II;1
Kleur. Plaat No. III;1
Kleur. Plaat No. IV;1
Kleur. Plaat No. XIII;1
Kleur. Plaat No. XV, behoort bij bestek No. 27;1
Kleur. Plaat No. XVII, behoort bij bestek No. 27;1
"Kleur. Plaat VI. Opmerking in blauw handschrift ""Behoort bij bestek No. 27""";1
"Kleur. Plaat X. Opmerking in blauw en grijs handschrift ""Behoort bij bestek No. 27""";1
"Kleur. Plaat XII. Opmerking in rood handschrift ""Behoort bij bestek No. 27""";1
"Kleur. Plaat XIV. Opmerking in rood handschrift ""Behoort bij bestek No. 27""";1
Kleur. Plaat XVI, Behoort bij bestek No. 27;1
Kleur. Ter oriëntatie doorsnede, zie documentnummer BT-006405;2
Kleur: deels ingekleurd;1
Kleur`;1
"Kleuren aquarel   -   tekening opgeplakt op karton   -   Nummer rechtsonder: A 1763    -    sticker op de achterzijde : Tentoonstelling Arnhem ""De Grote Kerk van Arnhem"", 14 mei - 15 juni 1953";1
Klijn;1
Klinklichterplaat Oud-Beijerland: Hoeve  Schilmanstede, thans in het Nederlands Openlucht Museum (NOM);1
Knipsluiting Oud-Beijerland: Hoeve  Schilmanstede, thans in het Nederlands Openlucht Museum (NOM);1
Kollektie H. Jansen Wijchen   -   zie 1129;1
Komt overeen met kasjes uit de Sint Walburgskerk in Zutphen;1
Komt uit lade D.J. de Vries, niet helemaal zeker of dit ook de vervaardiger is, dat staat niet op de tekening;1
Komt voor op straatbeeld 24 - 25;1
Komt voor op straatbeeld 34;1
Komt voor op straatbeeld 36;1
Komt voor op straatbeeld 49;1
Komt voor op straatbeeld No. 40;1
"Kooij zette op de tekening: B. Kooij, naar...; hij vulde zijn bron echter niet in.";1
Kopie;1
Kopie  tekening van lompenpapier?;1
Kopie ( van een lompenpapierentekening?) met aanpassingen;1
Kopie (van een lompenpapieren tekening) met aanpassingen;1
Kopie (van een lompenpapieren tekening?) met aanpassingen;5
Kopie (van een lompenpapierentekening?) met aanpassingen;14
Kopie (van een lompenpapierentekening?) met5 aanpassingen;1
Kopie (van lompenpapieren tekening?) met aanpassingen;4
Kopie (van lompenpapierentekening?) met aanpassingen;13
Kopie (van lompentekening?);3
Kopie ???;1
Kopie G. de Hoog naar vogelvlucht W. Scheepens;1
Kopie bouwaanvraag tekening;1
Kopie de dato 1980-12-22 door J. van Aalst;1
Kopie kaart: gegevens 'uitgekrast', maar ook aangebracht;1
Kopie met aanpassingen;8
Kopie met aanpassingen van BT-015037;1
Kopie naar een origineel, dat in het bezit is van de huidige eigenaar;1
Kopie naar opmeting H.B.O., B.v.d. Bergh, M. Klijnstra 1943 : v.d. Wal;1
Kopie naar opmeting H.Onnes 1928, bijgewerkt H. v.d. Wal 1948;2
Kopie naar opmeting van H.J. Cramer ( op de tekening staat: H.J. Kramer) 1945;1
Kopie naar tekening van bij vervaardiger genoemde mensen;4
Kopie op calque, daarop aanpassingen gemaakt.;1
Kopie op film, aangepast   -   origineel: BT-025562 (vindplaats: X-1003);1
Kopie op film, géén originele tekening!  Tekening gemaakt in samenwerking met Karin van der Waarde.  -  Originele tekening waarschijnlijk in het gemeentearchief Deventer (HCO);1
Kopie opmeting H.J. Cramer 1945, bijgewerkt 1951 H. van der Wal;1
Kopie tekening;3
Kopie tekening  -  Vervaardiger: W.A. Hemsing?;1
Kopie tekening op film;3
Kopie tekening van BT-006797 ...?;1
Kopie tekening van College Regenten;3
Kopie tekening, aangepast;4
Kopie tekening, aangevuld;6
Kopie tekening, gewijzigd;3
Kopie tekening, gewijzigd / aangepast;8
Kopie tekening: (zeer sporadisch) aangepast...;2
Kopie tekening: aangepast;6
Kopie tekening: zie ook BT-006263;1
Kopie tekening: zie ook BT-009265;1
Kopie tekening?;10
Kopie van Tekening: aangepast;1
Kopie van bestaande tekening: aangepast / aangevuld;1
Kopie van de opmetingstekening berustend bij de RDMZ;1
"Kopie van de tekening door Hugo P.A. Poortman tuinarchitect; Goor; ontwerp 1894";1
Kopie van de tekening van Marres, V.F. & Sandhövel, W.J.  (1920-09-00);1
Kopie van een bestektekening van het Flehite museum, getekend door W.H. Kam, okt. 1889;1
Kopie van een lompenpapiertekening?;7
Kopie van een opmeting onder leiding van P. Bondam (1861) en opgravingen onder leiding van G.D. van derheide getekend door H.v.d. Wal;1
Kopie van een tekening!;7
Kopie van een tekening, aangepast;2
Kopie van een tekening, met de hand ingekleurd;1
Kopie van lompenpapierentekening ?;1
Kopie van lompenpapiertekening ?;5
Kopie van lompenpapiertekening?;4
Kopie van lompepapier tekening?;4
Kopie van lompepapiertekening?;7
Kopie van lompepier tekening?;3
Kopie van opmetingen in het gemeentearchief;1
Kopie van tekening;4
Kopie van tekening (druk?);1
Kopie van tekening (origineel niet aanwezig...);3
Kopie van tekening (zie ook BT-021778);1
Kopie van tekening : aangepast;1
Kopie van tekening BT-012333 ? Uitsnede plaat XXXV behorende tot het in 1925 door ir. J.J. Weve voltooide manuscript 'De Valkhofburcht te Nijmegen'. Zie ook BT-012333.;1
Kopie van tekening op calque : gegevens index aangevuld;1
Kopie van tekening!;1
Kopie van tekening, aangepast (fundering);1
Kopie van tekening, bijgewerkt;1
Kopie van tekening, geen origineel;2
Kopie van tekening, gewijzigd;2
Kopie van tekening, ingekleurd;1
Kopie van tekening, met stempel linksonder;2
Kopie van tekening: aangepast (electriciteit plan);1
Kopie van tekening: aangepast (electriciteitsplan);1
Kopie van tekening: had wellicht niet in de collectie BT opgenomen moeten worden!;1
Kopie van tekening: met potlood ingetekend;1
Kopie van tekening: opgeplakt op linnen;5
Kopie van tekening?;1
Kopietekening;1
Kopietekening!   -   Kleine tekening !!!;3
Kopietekening, aangepast met potlood;1
Kopietekening, geen origineel;1
Kopietekening, maar belangrijk genoeg om toch op te nemen in catalogus...;1
Kopietekening, met potlood gewijzigd;4
Kopietekening...;1
Kopietekening?;2
Koudekerkseweg 37;2
"Kozijnen en ramen op te sluiten met eiken toognagels ; kozijnen van oud-grenen, ramen vamn eerste soort vuren blokhout. Al het timmerwerk uit den hand op te schaven";1
Krabbel rechtsonder, niet ontcijferd;1
Kraloo, Drenthe;1
Kruk van koets;1
Kunstreisboek;7
Kwetsbaar;1
LET OP: Deze tekening is compleet doormidden gescheurd en bestaat daarom uit twee losse delen: BT-034014 A en BT-034014 B !;1
LZ-1  Z.FL.;1
LZ-1 Z.FL.;2
LZ-1 ZFL.;1
LZ.1  Z.FL.;1
LZ.1 Z.FL.;1
LZ1;6
LZ1  Z.FL.;2
LZ1 O.FL.;2
LZ1 Z.FL;5
LZ1 Z.FL,;1
LZ1 Z.FL.;34
LZ1 Z.Fl.;1
LZ1 ZFl.;1
LZ1. Z.FL.;1
LZ1Z.FL.;1
Laaksum 3;1
Landgoed Twickel - Naar deeltekeningen van Jan Jans aangevuld en in een blad gebracht door R. Oldhoff - schaal 1:10 m;1
Landgoed overange?;1
Landhuis = RM: 507195;1
Landkaart 1850 - I;1
Landkaart 1850 - II;1
Langbroek  december 1977  E.A. Canneman  M.E. Canneman-Philipse;1
Langs de randen gescheurd.;1
Later bijgeschreven onderschrift: waarschijnlijk v. Straalen, object? lag op tekening van Kasteel Nederhorst - Den Berg;1
Legenda (scan van kopie, origineel ontbreekt) als afbeelding toegevoegd.;1
Legenda volgens J.H.A. Mialaret.  Een deel van de gegevens is overgenomen uit het fotoarchief;1
Lengte volgens opmeting architect Goodijk te Sneek, hoogte volgens verhouding op de foto uit 1886 (Ad Mulder?)voor de gedeeltelijke afbraak, en foto'suit de collectie W.T. v.d. Ley te Zuid Laren.;1
Let op: beschrijving identiek aan BT-32109, één van beide verwijderen;1
Letters op de tekening waren nier duidelijk, er kan een verkeerde interpretatie zijn gegeven;3
Letters op de tekening waren niet duidelijk, er kan een verkeerde interpretatie zijn gegeven;1
Lettertekens op de tekening slecht leesbaar, het kan zijn dat objectnaam, naam vervaardiger enigszins afwijken;1
Lezing Boerderijen - schaal 1:50;2
Lezing Boerenwoningen - M3 Typen - schaal 1:50;2
Lezing materiaal - schaal 1:50;2
Lichtdruk  -  origineel: BT-017145;1
Lichtdruk in de collectie Lichtdrukken SHBO-BT;4
Lichtdruk op papier, mogelijk een kopie;3
Lichtdruk op papier, mogelijk een kopie, ingekleurd;1
Lichtdrukken uit 1973 met aantekeningen van J. Jehee;1
Lichte potloodtekening;1
Ligboxenstal voor dhr. W.N. Pon te Leusden - schaal 1:100;1
Ligt even ten noorden van Maarssen, aan de Straatweg naar Breukelen, nummer 33 (Google);1
Lijkt calquetekening opgeplakt...   -   met aantekeningen historie kerk op de tekening;1
Lijkt een dubbelpand... (zie ook :neg.nr.: 44.062);1
Lijkt een kopietekening...;1
Lijkt een voorschets voor echte tekening...;1
Lijkt een voorschets...;1
Lijkt een weergave te zijn van een raam;1
Lijkt geen afgemaakte tekening...;3
Lijkt meer een repro van oude tekening...  -  C. van der Kamp Wzn. get. en opgemeten, Kampen, juli 1905;1
Lijkt op een voorschets...;1
Lijkt op opmetingsschets, veel aantekeningen met pen bijgeschreven!;1
Lijkt op slechts het bovenste gedeelte van de toren...;1
Lijnen gedeeltelijk in rood;1
Lijst met namen, geboorte-, sterf- en bijzettingsdatum van de betreffende personen;1
Links boven : blad I;1
Links boven : blad VIII;1
Links boven: blad XI;1
Links boven: blad XII;1
Links boven: blad XIV;1
Links boven: blad XVII;1
Links onder: (doorgesneden) stempel. Waarschijnlijk heeft deze tekening eerst in het archief in Utrecht gelegen...;1
Linksboven : blad I;2
Linksboven : blad II;2
Linksboven : blad III;2
Linksboven : blad IV;2
Linksboven : blad V;2
Linksboven : blad VI;2
Linksboven : blad VII;1
Linksboven : blad VIII;1
Linksboven : ontwerp + paraaf (AE?);1
Linksonder 2504  -  signering rechtsonder: 'H.O.';1
Linksonder : No. 10 BZJ;1
Linksonder is een schematische plattegrond, en een tekening van het gebouw in respectievelijk  1572, 1582 en 1598 opgeplakt.  Niet zeker is of dit van dezelfde vervaardiger is.;1
Linksonder stempel: 1267;1
Lips opleg dag- en nachtslot no. 798;1
Litho: v:  A. Kroon, Amst.;1
Lithografie, BH No. 92;1
Lithografie, No. 14. Behoort bij bestek No. 27;1
Lithografie, No. 15. Behoort bij bestek No. 27;1
Lithografie, No. 16. Behoort bij bestek No. 27;1
Lithografie, No. 17. Behoort bij bestek No. 27;1
Lithografie, No. 19. Behoort bij bestek No. 27;1
Lithografie, No. 21. Behoort bij bestek No. 27;1
Lithografie, No. 22. Behoort bij bestek No. 27;1
Lithografie, No. 23. Behoort bij bestek No. 27;1
Lithografie, No. 25. Behoort bij bestek No. 27;1
Lithografie, No. 8. Behoort bij bestek No. 27;1
Lithografie, No. 9. Behoort bij bestek No. 27;1
Lithografie. Behoort bij bestek No. 27;5
Lithografie. Behoort tot bestek No. 27;1
Locatieaanduiding op de tekening alleen provincie Gelderland;1
Locatieaanduiding op de tekening alleen provincie Groningen;1
Luikwervel Hoeve Midlum, thans in het Openluchtmuseum Arnhem;1
Lunchroom anno 1825;1
M 23820;1
M No. 103;1
M No. 224;1
M No. 225;1
M No. 226 - kleur;2
M No. 227 bis;1
M No. 228;1
M No. 229;1
M No. 230;1
M No. 234;1
M No. 262;1
M No. 278 - 36479;1
M No. 279;1
M No. 287;1
M No. 291;1
M No. 3;1
M No. 4 a;1
M No. 4 g;1
M No. 4 i;1
M No. 4e;1
M No. 4k;1
M No. 52;1
M No. 53;1
M No. 6-7 - kerk is gesloopt;1
M No. 7;1
M No. 95;1
M Nr. 265-269 - afgebroken in 1868;1
M Nr. 266   -   Afgebroken in het jaar 1868;1
M Nr. 267   -  Afgebroken in het jaar 1868;1
M Nr. 268 - afgebroken in 1868;1
M Nr. 269 - afgebroken in 1868;1
M nr. 84 en M nr. 83;1
M55953;1
MIN Zeeland;1
Maakt deel uit van de Geïllustreerde Beschrijving van de Alblasserwaard;3
Maakt onderdeel uit van de Geïllustreerde Beschrijving van de Alblasserwaard;2
Maarssen of Den Haag?;1
Maatvoering in Rhijnlandse Voeten;1
Maken van roche d'euville;1
"Manuscript : Lot bij de poort van Sodom, +/- 1340. Praag : Universiteitsbibliotheek; Ms. XXXIII C 124 folio 188";1
Map: Pompen;6
Maquettetekening behorend bij nr.: 2344;1
Mariakapel = RM 34881;1
Marken, Kerkbuurt;1
Markt  55 hoek Hoenderstraat;1
Markt 70 - 71, zijgevel aan de Heilige Geest;1
Maten in Rhijnlandse Voeten;1
Materiaal: film;5
Mattheüskerk is de officiële naam, De Oude Jan is de volks-naam;2
Mede naar tekening Fa. M.J.J. Versteeg & zn. 1960;1
Meer een tekening voor de collectie Prenten en Oude Tekeningen (POT)?;1
Meer objecten op één tekening;1
Meer objecten op één tekening : in Den Haag bij een antiquair gevonden, en één uit een niet nader benoemde particuliere collectie;1
Meerdere beschrijvingen van nummer 1 en nummer 3;1
Meerdere data;1
Meerdere objecten op 1 vel;39
Meerdere tekeningen op 1 vel;12
Meetlijn niet vastgelegd in absolute coördinaten.;1
Meipoortstraat 57-59;1
Meipoortstraat 59, hoek Bergstraat;1
"Melding rechter benedenhoek : ""een blauwe afdruk"".";1
Melkveebedrijf voor dhr. J.R.J. Winters te Leende;1
Mensumaweg C 113;1
Merkteken rechter benedenhoek : niet ontcijferd;1
Merkteken rechter benedenhoek, niet ontcijferd;5
Merkteken rechter onderhoek : niet ontcijferd;1
Merkteken rechter onderhoek, J.S. of S.J.;1
Merkteken rechter onderhoek, mogelijk C.W.;1
Merkteken rechter onderhoek, niet ontcijferd;2
Merkteken rechterbenedenhoek : niet ontcijferd;2
Merkteken rechteronderhoek, niet ontcijferd;1
Merkteken rechts onder : niet ontcijferd;1
Merktekeningen;1
Met aanduiding vondsten tijdens de restauratie;1
Met aanwijzing van de bouwperiodes;1
Met de hand ingekleurde en gesigneerde kopie van een lichtdruk;7
Met details;1
Met diverse tabellen;1
Met eindgevel D. 277;1
Met gebruikmaking tekening Ir. J.J.M. Vegter 1943;1
Met gevelaanzicht;1
Met name de begraafplaats, kerk en omgeving;1
Met plaatsbepaling meubilair, muurschilderingen, glas in lood en beelden;1
Met potlood aantekeningen op de tekening geschreven;1
Met potlood bijgeschreven: getekend door arch. de Wolf;1
Met potlood diverse stukje op de tekening doorgestreept  (betekenis: niet op de publicatie laten zien?);1
"Met potlood erbij geschreven ""Brummen, N.H. Kerk""";1
Met potlood extra aantekeningen op de tekening gemaakt;1
"Met potlood op de tekening: ""fout!""";1
Met potlood zijn aantekeningen op de tekening geschreven;1
Met potlood: aantekeningen op de tekening;1
Met rapport (zie dossier);4
Met renvooi;1
Met tekst in het Duits;1
Met vondsten tijdens restauratie 1980;2
Met vulling in siersmeedwerk;1
Met waarnemingen van Th. van Straalen.  -  Opgemeten: Bureau R. Visser, 1961;1
"Midwolde - Tolbert. Provinciale Planologische Dienst Groningen 3-1
";1
"Midwolde - Tolbert. Provinciale Planologische Dienst Groningen 3-2
";1
Mijlstraat 27;1
Modellen stammen uit 1622 en 1623;1
Mogelijk betreft het de Hervormde Kerk;1
Mogelijk dat de lampen van een ander object afkomstig zijn : op de tekening staat Domkerk-Sacristie te Utrecht doorgekrast, en Langerak heel klein en vaag geschreven.;1
Mogelijk gaat het om Kasteel Doornenburg;1
Mogelijk gaat het om de Grote- of Hervormde kerk;1
Mogelijk gaat het om de Hervormde kerk;2
Mogelijk is de vervaardiger Jehee, Jan;1
Mogelijk isde vervaardiger Jan Jehee;1
Mogelijk wordt bedoeld : Oude Waalse Kerk;1
Mogelijke vervaardiger : J. van de Voort;1
Mon.nr.: 41894;1
Mon.nr.: 515015;1
Monogram rechtsonder niet ontcijferd;2
Monument is opgericht in 1539;1
Monumenten in Nederland (MIN);31
Moskou en Siberië;1
Moskou, Siberië;1
Moulure: sierlijst of sierband;1
Mulder?;1
N 115 A;1
N 116 A;1
N 121 A;1
N 44 B;1
N.B. (kerk afgebroken in 19110) achterzijde geeft aantekeningen van de Kerk van Lobith, verder aantekeningen over Heeze.;1
N.B. : '1945' moet waarschijnlijk 1940 zijn...;1
N.B. het houten binnenportaal is niet getekend.;1
N.B. in fotocatalogus :  Kaai 49 (zie 117.453);1
"N.B.: ""op eerste verdieping moeten van zeslicht kozijn"" is geen schrijffout...";1
N.B.: Het bovenste gedeelte van deze schetsbladen is nog het laatste gedeelte tekst wat gaat over de Hervormde Kerk van Suawoude, een vervolg van bladzijden SB-17-36 en SB-17-37_38.;1
N.B.: druk! (met de hand ingekleurd);2
N.B.: in fotocatalogus is dit object de R.K. Kerk...;2
N.B.: kaart lijkt niet af... geen 'bolletjes'...;1
N.B.: tekening gemaakt op achterzijde van (afgescheurde) tekening met stempel van Middelbare Technische School Utrecht : binnenkozijn (tek.: 1938-12-14);1
N.B.: tekening lijkt niet voltooid!;1
N.B.: tekening rechtsboven aangevreten door papiervisjes...;1
N.B.: vergelijk : OF-04059 (foto);1
N.H. Kerk ???;1
N.H. Kerk verwoest in 1944 slag om de Betuwe;1
N.H. Kerk???;1
N.H.M. Liesker  Gew. A. Middelhoek;2
N.N. 460 A;1
N.O.M.-collectie;20
N.O.M.Arnhem, collectie bouwkundige afdeling, inventarisnummer 118;1
N.O.M.Arnhem, collectie bouwkundige afdeling, inventarisnummer 128;1
N.O.M.Arnhem, collectie bouwkundige afdeling, inventarisnummer 1667;1
N.O.M.Arnhem, collectie bouwkundige afdeling, inventarisnummer 204;1
N.O.M.Arnhem, collectie bouwkundige afdeling, inventarisnummer 382;1
N.O.M.Arnhem, collectie bouwkundige afdeling, inventarisnummer 519;1
N.O.M.Arnhem, collectie bouwkundige afdeling, inventarisnummer ?;1
N.V. Thabur (Nederlandse Ornamentenfabriek) Den Haag;2
N0. 1 BZ;1
NB 6;21
NB scheur linksboven;1
NB: Wachau - Oostenrijk;1
NB: beschadigd: naar restauratie Helmond;2
NB: ook: Haarlem : Ursulakapel;1
NB: ook: Toldijk;1
NB: scheur;1
NH 49;12
NH71/72;1
NISA RBM Romeinse brug Maastricht;1
NM 107;5
"NOM Arnhem
Scholten Erve, Hooidijk G 14 ";1
NQ83;3
Na foto van H.J. van Capelleveen1994;1
Na verwijdering van pijlers en bogen;1
Naam (?) linksonder, niet ontcijferd;1
Naam aan de hand van een moeilijk leesbare handtekening uit de lijst gekozen, kan afwijken;1
Naam en adresgegevens van het pand staan niet op de tekening;2
Naam linksboven, niet ontcijferd;1
Naam midden onder : niet ontcijferd;1
Naam ontcijferd uit een moeilijk leesbare handtekening, kan enigszins afwijken;1
Naam ontleend aan handtekening, initiaal niet ontcijferd;1
"Naam ontleend aan handtekening. Plaat XI. Opmerking in grijs handschrift ""Behoort bij Bestek No. 27""";1
"Naam ontleend aan handtekening. Plaat XVIII. Opmerking in blauw handschrift ""Behoort bij bestek No. 27""";1
Naam ontleend aan initialen en gerelateerde tekeningen;2
Naam ontleend aan lijst naar aanleiding van handtekening : niet 100 % zeker;1
Naam ontleend aan onduidelijke handtekening- initialen niet 100% zeker;1
"Naam vervaardiger en datum staan niet op de tekening, maar na vergelijking met tekening BT-022654 opgenomen: tekening gemaakt t.b.v. het boek ""Hekken in Nederland"".";3
Naam vervaardiger is er (later?) met potlood bijgeschreven;1
Naam vervaardiger is er met potlood (later?) rechtsonder bijgeschreven;1
Naam vervaardiger overgenomen van onduidelijk handschrift, niet 100 % zeker;1
Naam vervaardiger staat niet op de tekening, aangenoman aan de hand van handschriftvergelijking.;1
Naam vervaardiger staat niet op de tekening, maar aan de hand van vergelijkingsmateriaal aangenomen!;1
Naar : Hans Schönberger : Römische Vorhängeschlösser mit Maskendeckel, 1956;1
Naar A. van Pernis (opgraving);1
Naar Arch. Ad. Mulder op 14 juni 1901;1
Naar Cat. no H317A Westfries Museum;1
Naar F. Ludewig, 1909;2
Naar H. Korswagen;1
Naar H.C. v.d. Leur 1959;1
Naar H.J.M. Hanssen in één blad gebracht door R.Oldhoff;3
Naar Hundertmark;1
Naar J.H. Gallee in 1908;1
Naar Oudh. Med. I-10;2
Naar S, v.d. Pauw, ongeveer 1820;2
Naar Van Deventer;1
Naar aantekeningen op opmetingstekening van de Directie Publieke Werken, te Roermond in 1914;1
Naar afbeelding en tekst in: Frater Modestus Looyaards O.F.M., St. Josefskerk te Delft (1928);1
Naar afbeelding in: afbeeldingen van oude bestaande gebouwen;1
Naar architect A. Mulder in januari 1910;1
Naar architect A. Mulder in juni 1889;1
Naar bestek 1851 en ark te Sittard 1853;1
Naar de originele opname voor de restauratie anno 1921-1922;1
Naar de verzameling W.J. van den Heuvel;1
"Naar deeltekeningen van H.J.M. Hanssen in een blad gebracht door R. Oldhoff 

Maasdijk 13?";1
Naar deeltekeningen van H.J.M. Hanssen in een blad gebracht door R. Oldhoff - schaal 1:10 m;1
"Naar deeltekeningen van Jan Jans aangevuld en in een blad gebracht door R. Oldhoff
Berghum, Bergham, Berghem	 ";1
"Naar deeltekeningen van Jan Jans aangevuld en in een blad gebracht door R. Oldhoff - schaal 1:10 m
Erve Scholten of Erve Schutte. 20 D Postelhoek";1
"Naar deeltekeningen van Jan Jans aangevuld en in een blad gebracht door R. Oldhoff - schaal 1:4 m
Nijenhaerweg 3";1
Naar deeltekeningen van Jan Jans aangevuld en in een blad gebracht door R. Oldhoff - schaal 1:8 m;2
Naar deeltekeningen van Jan Jans aangevuld en in twee bladen gebracht door R. Oldhoff;2
Naar deeltekeningen van Jan Jans aangevuld en in één blad gebracht door R. Oldhoff - schaal 1:10 m;1
Naar deeltekeningen van Jan Jans aangevuld en in één blad gebracht door R. Oldhoff - schaal 1:5 m;1
Naar deeltekeningen van Jan Jans aangevuld en in één blad gebracht door R. Oldhoff - schaal 1:5 m ;1
Naar deeltekeningen van Jan Jans, aangevuld  en in een blad gebracht door R. Oldhoff;1
Naar deeltekeningen van Jan Jans, aangevuld en in blad gebracht door R. Oldhoff;1
Naar deeltekeningen van Jan Jans, aangevuld en in een blad gebracht door R. Oldhoff;3
"Naar deeltekeningen van Jan Jans, aangevuld en in twee bladen gebracht door R. Oldhoff
Blad 1";1
"Naar deeltekeningen van Jan Jans, aangevuld en in twee bladen gebracht door R. Oldhoff
Schuur in 1944 gesloopt";1
Naar deeltekeningen van Jan Jans, aangevuld en in één blad gebracht door R. Oldhoff;5
"Naar deeltekeningen van Jan Jans, aangevuld en in één blad gebracht door R. Oldhoff
Erve Scholten of Erve Schutte. Goudkampsweg 20 D (Postelh)";1
Naar documentatietekening 7.1.19 RACM 1962, L.B.( Boot, L.H. ?);1
Naar een afbeelding uit : F.E.Halliday : An illustrated history of England, London, 1981;1
Naar een bouwtekening van J. Stuyt, Den Haag 1929;1
Naar een foto uit 1922;1
Naar een foto uit 1972;1
Naar een foto uit 1984;1
Naar een foto uit 1988;8
Naar een foto uit : Ugo Muccini : Palazzo Vecchio, Scala, 1989 (aldaar pag. 35);1
Naar een foto van Architectenbureau Schinkel-Benning, Vaals;1
Naar een foto van D. Moelker uit 1977;1
Naar een foto van H.J. van Capelleveen;7
Naar een foto van Jan Hovinga 1980;1
Naar een foto van Victoria & Albert Museum, Londen;1
Naar een foto van de RACM (negatief 31.9120) uit 1958;1
Naar een foto van mei 1985;1
Naar een lichtdruk;1
Naar een opmeting van Ad. Mulder;1
Naar een opmeting van C. Sterke;1
Naar een opmeting van Scheepens, RDMZ;1
Naar een opmeting van Tetar van Elven getekend door J.D. Meijsing;2
Naar een opmeting van W. Alkema;1
Naar een opmeting van architect P. Bondan 1861;1
Naar een opname van E.J. Nusselder;1
Naar een schets van Joseph Cuijpers en foto's van voor de restauratie;1
Naar een schilderij van C. Engelbrechtz (1468-1533) : Christus bij Maria en Martha;1
Naar een tekening uit : Alan McWhirr : Roman crafts and industries. Shire Publications, 1982;1
Naar een tekening uit : Alexander Gaheis : Das römische Tür- und Kastenschloss. Wien, 1930;1
"Naar een tekening uit : Ch.Sinfer c.s. : A history of technology; Oxford, 1972";1
"Naar een tekening uit : Eric Monk: Keys, their history and collections; Shire Publications 1974";2
Naar een tekening uit : L. Jacobi : Das Römerkastell Saalburg. Homburg v.d. Höhe, 1897;1
Naar een tekening uit : L. Jacobi : Das Römerkastell Saalburg. Homburg v.d. Höhe, 1897 (aldaar tafel XXXXV, figuren 23 - 24 - 25 - 29;1
Naar een tekening uit : L. Jacobi : Das römerkastell Saalburg bei Homburg vor der Höhe, 1897;1
Naar een tekening van B.V. van den Bergh en anderen (z.j.) en eigen waarneming;1
Naar een tekening van B.V. van den Bergh uit 1940 en eigen waarneming;1
Naar een tekening van J.Jans volgens de situatie in 1930;1
Naar een tekening van P. Conolly, Pompeji, 1979;1
Naar een tekening van Sprenger uit 1907;1
Naar een tekening van T.J. Nieuwenhuis;2
Naar een tekening van Th.H.A. Benschop 1951;1
Naar een tekening van W. Stooker en een opmeting van R.C. van Beusekom;1
Naar een tekening van architectenteam H.W. van Kempen, G. Lankhorst, getekend door W. Antonisse, 24-08-1982, Rijksdienst voor de Monumentenzorg (RACM) mei 1983, L.M. de Klein;1
Naar een tekening van de Rijksgebouwendienst februari 1978 en verder;1
"Naar foto ""Bell""";4
Naar foto 5745 uit 1922 van J.P. Antonietti;1
Naar foto uit tijdschrift 'Buiten', aug. 1915.  Hek en stoep zijn onjuist gerestaureerd. Naar waarneming in 1985;1
Naar foto van B. Raangs;1
Naar foto van F. Ellens;1
Naar foto van Ir. L.W. Barneveld;1
Naar foto van Jan Hovinga, mei 1995 / archief Stichting Oude Groninger Kerken;1
Naar foto van Piet Boonstra, 1968;2
Naar foto's en kadaster tekening. Getekend door Th. van Straalen;1
Naar foto's uit 1983;1
Naar foto's van B. Raangs;1
Naar foto's van B. Raangs, 1979;1
Naar foto's van Coen Eggen uit 1974;10
Naar foto's van S.O.G.K. 1995 en 1998, Jan Hovinga, Zuid-Laren;1
Naar foto: RDMZ  ( = neg.nrs: 306.397 - 306.399);1
Naar gegevens en opgave ir. G. Berends;1
Naar gegevens en opgave van ir. G. Berends;1
Naar gegevens van Arch. P.A. Schols;1
Naar gegevens van G. Berends;1
Naar gegevens van Gemeentelijk Bureau voor Monumentenzorg (H. Goedegebure), nov. 1978;1
Naar gegevens van T.H. van Straalen;1
Naar gegevens van de Rijks-Monumentenzorg en overste W.H. Schukking;1
Naar gegevens van gemeentelijk bureau voor Monumentenzorg (H. Goedegebure), nov. 1978;1
Naar globale opmeting d.d. 18 oktober 1900;1
Naar niet geheel volledige opmetingen (augustus 1931) in tekening gebracht door A.L. Oger;1
Naar o.a. Mulder;1
Naar ontwerptekening tot herstel Jos Cuypers;1
Naar onvolledige gegevens;1
Naar opm. Architectenbureau De Koning en Siezen, Hoofddorp;2
Naar opm. H.v.d. Wal 1943;1
"Naar opm. Heineman. Getekenend door H.W. v.d. Voet, 1954   -   Plaats op de tekening: ""Deutekom"" (- Doetinchem)";1
Naar opm. arch.bur. A.S. Galis en eigen detailmetingen reconstructie en tekening G. Berends '67;1
"Naar opmeting  H. van der Wal 1944, W.J. Berghuis 1961, R.O.B. 1962; getekend oktober 1982 W.J. Berghuis";1
Naar opmeting 1937 door A.J. v.d. Steur;2
"Naar opmeting 1956 H. v.d. Wal ; Kerk naar opmeting Jos. Cuypers 1943 - 1946";1
Naar opmeting A. Lemmens 1954;1
Naar opmeting A. Swinkels 1933;1
Naar opmeting A.A. Kok, 1930;1
Naar opmeting A.H. Zinsmeister, Arch. en naar eigen opmetingen;1
Naar opmeting Ad Mulder 1893 H. v.d. Wal 1959;1
Naar opmeting Ad. Mulder 1889 en H. v.d. Wal 1976;1
Naar opmeting Ad. Mulder, 1897 en tekening arch. bureau P.B. Offringa, 1976;1
Naar opmeting Arch. D.F. Slothouwer 1945;1
Naar opmeting Architectenbrueau Roebbers en Klein Douwel N.V. en enige eigen waarnemingen;1
Naar opmeting Bart van Kasteel 1975, gegevens van opmeting C.H.Peters 1890, gegevens van opmeting 1840 en vondsten tijdens de restauratie 1977;2
"Naar opmeting Bureau Ir. De Wilde, en H. v.d. Wal monumentenzorg; fundering en opgraving R.O.B. H. Bokma";1
Naar opmeting Buro Prins;1
Naar opmeting C. v.d. Veken 1941.  L.H. Bollen 1961 en H. v.d. Wal 1962;1
Naar opmeting C. v.d. Veken 1945, uitgewerkt H. Dijkstra bewerkt H. v.d. Wal 1959;1
Naar opmeting Cuypers 1899 en Peutz 1945, H. van der Wal 1958;1
Naar opmeting Diocesaan Bouwbureau;1
Naar opmeting G. Formijne;1
Naar opmeting G. Prins;1
Naar opmeting G. Prins, 1973;1
Naar opmeting G. Prins, gemeentearchitect te Culemborg, 1881;1
Naar opmeting G.W. Snelder, 1966;1
Naar opmeting Gemeente Werken 1916;1
Naar opmeting Gemeentewerken 1949 en H. v.d. Wal 1968;1
Naar opmeting H. v.d. Voet en eigen waarnemeningen;1
Naar opmeting H. v.d. Voet en eigen waarnemingen;6
Naar opmeting H. v.d. Wal;1
"Naar opmeting H. v.d. Wal 1943 ; na restauratie in 1965-1966 bijgewerkt en getekend door W.J. Berghuis, febr. 1975";1
Naar opmeting H. v.d. Wal 1943 bijgewerkt tijdens restauratie 1965-1966, getekend oct. 1982 W.J. Berghuis;1
Naar opmeting H. v.d. Wal 1944;2
"Naar opmeting H. v.d. Wal 1944 ; getekend en aangevuld tijdens restauratie 1961-'62 door W.J. Berghuis";1
"Naar opmeting H. v.d. Wal 1944; getekend W.J. Berghuis oktober 1982; toestand na restauratie 1961";1
Naar opmeting H. v.d. Wal, 1941;1
Naar opmeting H. van der Voet en eigen waarnemingen;1
Naar opmeting H. van der Wal 1944 getekend 1975 W.J. Berghuis, toestand na restauratie;1
Naar opmeting H. van der Wal, okt. 1944;1
Naar opmeting H.v.d. Voet en eigen waarnemingen;1
Naar opmeting IJsbrand Kok, 1950;1
Naar opmeting Ir. P.A.M. Mertens, Hoensbroek;1
Naar opmeting Ir. Schoenmaekers;1
Naar opmeting J. Brouwers (Nedermaas, 1941);1
Naar opmeting J. Brouwers (zie Nedermaas, 1941);1
Naar opmeting J. Jeuring, K. Stel en H. van Bon voor S.H.B.O.;1
Naar opmeting J.C. de Groot, 1890   -   Bijgewerkt W.J. Berghuis, jan. 1950;1
Naar opmeting J.P. Staal 1964 en H. v.d. Wal 1966 gerestaureerd 1966, 12-81 AW(=Ab Warffemius);1
Naar opmeting John Pappers 1976 en H. van der Wal 1977;1
Naar opmeting K.T. Meindersma;1
Naar opmeting L. Boot 1965 en H. van der Wal 1967;1
Naar opmeting Oranje Nassau mijnen 1957;1
Naar opmeting P.C. Meijer en eigen metingen;1
Naar opmeting R.O.B. 1962;1
Naar opmeting SHBO 1977 en waarnemingen in 1983;1
Naar opmeting T. Brouwer en eigen waarnemingen;1
Naar opmeting T.H. de Haan 1967 getekend door W.J. Berghuis 1975;1
Naar opmeting Wegener Sleeswijk en eigen waarnemingen 1979;1
Naar opmeting Wegener Sleeswijk, 1977;2
"Naar opmeting Zeegers Veekens; onduidelijk of het om twee personen gaat, of dat het om een dubbele achternaam gaat of de naam van een vrouw na huwelijk";1
Naar opmeting arch. C.W. Royaards;1
Naar opmeting arch. D.F. Slothouwer, juni '61 W.J. Berghuis;1
Naar opmeting arch. D.F. Slothouwer, juni 1961 W.J. Berghuis;1
Naar opmeting arch. W. Scheepens en foto's bureau A. Mulder sept. 1910. Opm toren W.J. Berghuis, sept. 1951;1
Naar opmeting arch. W. Scheepens en foto's bureau A. Mulder, sept. 1910  -  tekening lijkt later (opvallend) bijgewerkt;1
Naar opmeting architect Baart en opgraving R.O.B. 1955;1
Naar opmeting architect D.F. Slothouwer;1
Naar opmeting architect H.M.J.Palmen;1
Naar opmeting architect Phil. Bolt in 1959 H.W. v.d. Voet;2
Naar opmeting bureau Teering;1
Naar opmeting buro Prins.;1
Naar opmeting door H. Janse;1
Naar opmeting en ontwerp van bureau F.P.J. Peutz getekend H. v.d. Wal 1968;1
Naar opmeting en tekening P. Wiersma;1
Naar opmeting en tekeningen van B.V. v.d. Bergh, H. v.d. Wal en R.O.B. 1942 - '44. Gecontroleerd en aangevuld door W.J. Berghuis;2
Naar opmeting en tekeningen van H. v.d. Wal & ir. J.J.M. Vegter 1944;1
Naar opmeting gem. w. Middelburg;3
Naar opmeting heer Van Druten van Architectenbureau H.F. Rapange;1
Naar opmeting technische dienst Kerkrade en opgraving J.G.N. Renaud 1946 H.v.d. Wal 1960;1
Naar opmeting van 1886;2
Naar opmeting van Ad. Mulder (1905);1
Naar opmeting van Ad. Mulder 1886 en J.E. Prins 1946;1
Naar opmeting van Architectenbureau Schinkel-Benning uit Sittard;2
Naar opmeting van C.J. Spreeuwenberg;1
Naar opmeting van C.W. Royaards en A. Mulder;1
Naar opmeting van G. de Hoog en anderen 1917 getekend H. v.d. Wal 1956;2
Naar opmeting van G. de Hoog, deze aangenomen als vervaardiger;1
Naar opmeting van Ir. M.C.A. Meischke  -  Paraaf vervaardige onherkenbaar...;1
Naar opmeting van J. Schröders en G. Witte, 1952;1
Naar opmeting van Joh. Veldhuis, 1976;1
Naar opmeting van P. Niesten, architect en eigen detailmetingen. Tekening: december 1965, L.B., gewijzigd: juli 1977, G.B.;1
Naar opmeting van S.H.B.O. 1877, Jan Jehee;1
Naar opmeting van S.H.B.O. 1877, Jan Jehee en waarneming tijdens restauratie 1983;1
Naar opmeting van T.H.Haakma Wagenaar en eigen waarnemingen;1
Naar opmeting van arch. V.J. Polman van Hoorn anno 1946;1
Naar opmeting van architect A. Vermeulen november 1951;1
Naar opmeting van architectenbureau E. Jansen en ir. J. Schakel, en waarnemingen van ir. G. Berends;1
Naar opmeting van het Provinciaal Museum van Drenthe, bureau Monumentenzorg (1970);1
Naar opmeting van van Beveren, getekend door H.W. v.d. Voet;1
Naar opmeting van: kerk, W. Sprenger 1907, klooster gem. werken, vóór 1926 - v.v. get. H. v.d. Wal 1968;1
Naar opmeting vanb G. de Jong;1
Naar opmetingen H. v.d. Voet en eigen waarnemingen;1
Naar opmetingen K.T. Meindersma;1
Naar opmetingen T.H. van Straalen 1965;1
Naar opmetingen architectenbureau Roebbers én eigen waarnemingen;1
Naar opmetingen architectenbureau W.A. Heineman;1
Naar opmetingen architectenbureau's J. Brouwers en Meys & Daams, en eigen waarnemingen;1
Naar opmetingen bureau Kruger en eigen waarnemingen;1
Naar opmetingen bureau Pouderoyen, Cremers, Velthuijzen;1
Naar opmetingen en tekeningen W.J. Berghuis getekend door L.H. Boot;1
Naar opmetingen van Adolph Mulder;1
Naar opmetingen van B.V. van den Bergh 1942, H. v.d. Wal 1944 en 1947, W.J. Berghuis 1977;2
Naar opmetingen van B.V. van den Bergh, H. v.d. Wal en Rijksdienst Oudheidkundig Bodemonderzoek 1942 - 1944;1
Naar opmetingen van Bureau Ramakers 1973 en H. v.d. Wal 1974 del. Mon.-Zorg;1
Naar opmetingen van C. Molman getekend J.J.;1
Naar opmetingen van H. v.d. Voet;1
Naar opmetingen van Hr. Offermans en H. v.d. Wal Mon'zorg  1965;1
Naar opmetingen van Ir. Peutz, bewerkt door H. v.d. Wal 1960-1964;1
Naar opmetingen van architectenbureau Kruger en waarnemingen van H. Wetermans en J. Jehee.;5
Naar opmetingen van architectenbureau Kruger en waarnemingen van H.Wetermans en J. Jehee;3
Naar opmetingen van architectenbureau Wijma;1
Naar opmetingen van de Technische Kringdienst Land van Maas en Waal, Rijk van Nijmegen;1
Naar opmetingen van de gemeente Kerkrade;1
Naar opmetingen van de gemeente Middelburg;3
Naar opmetingen én tekeningen van B.V. v.d. Bergh, H. v.dd. Wal en R.O.B., 1942-'44. Gecontroleerd en aangevuld door W.J. Berghuis (del.) Getekend Oktober 1975.;1
Naar opmetingstekening architect Th. Ausems en W.J. Berghuis getekend juni 1963 W.J.B.;1
Naar opmetingstekening architect Th. Ausems en W.J. Berghuis getekend maart 1963 W.J.B.;1
Naar opmetingstekening architect Th. Ausems maart 1963 W.J.B.;1
Naar oude profielen uitgevoerd;1
Naar restauratie tekening 1962 - 1963;1
Naar revisie tekening van Rijksgebouwendienst, RGD, 1943;1
Naar revisietekeningen van de Rijksgebouwendienst;1
Naar schets H.P. van Beveren 1970;1
Naar schets H.P. van Beveren en opmeting arch. bureau P.B. Offringa, Leeuwarden, juni 1975;1
Naar schets bij beroepschrift door H.P. van Beveren, sept. 1973;1
Naar schetsen van Baas & Wieringa;1
Naar schetsen van Bureau Joseph Cuypers;1
Naar schetsmatige opmeting van G. Berends, april 1968. Gewijzigd: mei 1970, G. Berends;1
Naar schetsopmeting van H.P. van Beveren;2
Naar teek. te Riele 1903 door H.W. v.d. Voet;1
Naar tek. (revisie) st. Utr.Mon.Fonds;1
Naar tek. Buro Oosting 19  -  Tekening: K.W. Chenh, 18 nov. 1985, K. Terhorst, 4-4-'86;1
Naar tek. arch J. Klok, Oostvoorne en eigen waarnemingen;1
"Naar tek. arch. A. vd Zwan '84, Middelharnis en eigen waarneming, '87 ; gewijzigd: 1991-11-11";1
Naar tek. van R. van den Hout / W. de Wit '82 archg. buro te Utrecht en eigen waarnemingen;1
Naar tek. van rest. jaren '70 - '80 arch-buro T. van Hoogevest b.v. Amersfoort;1
Naar tekening 114-2 arch. J. Walraad, 1969, opgemeten: fund. naar Th. v. Straalen, 1989;1
Naar tekening A. Mulder (1907);1
Naar tekening Arch. Ferd. B. Jantzen.;1
Naar tekening Arch. a. Baart;1
"Naar tekening Arch. bureau Wijma; H. v.d. Voet en eigen waarnemingen";1
Naar tekening Arch.buro v/d Lee;1
Naar tekening B.A.I. Groningen;1
Naar tekening B.V. van den Bergh 1941;1
Naar tekening Bisschoppelijk Bouwbureau 's-Hertogenbosch en eigen waarnemingen;1
Naar tekening De Bruijn & van Asbeck;1
Naar tekening H. v.d. Voet;2
"Naar tekening H. v.d. Wal, 1947  ;  bijgewerkt april 1970 en getekend maart 1984, W.J. Berghuis";1
Naar tekening H. van der Voet en eigen waarnemingen;1
Naar tekening H. van der Wal (1947) bijgewerkt 1970;1
Naar tekening H.F. Rappange 1965, tekening toren J,. Walraad 1984;1
Naar tekening H.W. v.d. Voet, 1957 en 1963;1
Naar tekening Otto ter Stege, Vianen / R.O.V.U. B. Klück;1
Naar tekening P.H.N. Briët, 1952;1
Naar tekening R.O.B.;1
Naar tekening R.O.B., 1954  -  Resultaat opgravingen ingetekend binnen de plattegrond van  de in 1874 naar ontwerp van Alfred Tepe gebouwde en in 1944 verwoeste kerk.;1
Naar tekening R.O.V.U., No. 13770-1, '82;1
Naar tekening W. Scheepens 1920, gecontroleerd en bijgewerkt door W. Berghuis 1958;1
Naar tekening arch. A. Baart;1
Naar tekening arch. H. van de Kloot Meijburg, 1930 - 1931;1
Naar tekening arch. J.D. v.d. Molen te Sneek - Gecontr., bijgewerkt en getekend W.J. Berghuis juni 1976;1
Naar tekening arch. bureau P.B. Offringa, Leeuwarden, oktober 1975;1
Naar tekening arch. buro Temminck Groll;1
Naar tekening architect H. v.d. Kloot Meyburg;1
Naar tekening architect H.A. en ingenieur G. Pothoven te Amersfoort, bewerkt;1
Naar tekening architect P. Bolt, Den Haag;1
Naar tekening architecten L. v/d Laan en Ir. Jan v/d Laan, Leiden, 1930;1
Naar tekening architectenbureau Hermen en L. (Leendert) v/d Kloot Meijburg en Bolt, 's-Gravenhage, 1942;1
Naar tekening architectenbureau J. de Wilde met de tijdens de restauratie gevonden vondsten;1
"Naar tekening architectenbureau Kruger; wijzigingen op 24 mei en 12 oktober 1971";1
Naar tekening architectenbureau T. v. Hoogevest;1
Naar tekening bur. Ir. J. de Wilde;2
Naar tekening bureau Cuypers en eigen waarnemingen;1
Naar tekening bureau M.C.A. Meischke, Rotterdam;1
Naar tekening bureau M.C.A. Meischke, Rotterdam 1965;2
Naar tekening ir. J.J. Vegter;1
Naar tekening ir. Kleikamp 1987 en eigen waarneming;1
Naar tekening no. 12-'79 arch. E.B. Dubourcq;1
Naar tekening op het kasteel;1
Naar tekening uit archief Abdij, gekopieerd H. van der Wal 1959;1
Naar tekening uit: J. Konig : slotenmakerskunst.   -   Amsterdam, 1840, tafel XXIX fig. 3;1
Naar tekening uit: L. Jacobi : Das römer Kastell Saalburg bei Homburg vor der Höhe, 1897  en naar tekening uit: Alexander Gaheis : Das römische Túr- und Kastenschloss. in: Jahrbuch des Östenreichische archäologischen Institutes. Wien, 1930;1
"Naar tekening uit: P. Faure : La ferronnerie d'art (deel 1); Editions Eyrolles, Paris, 1978";1
Naar tekening van A. Oosting en van Architectenbureau Meulenbelt;1
Naar tekening van Anke Colijn en eigen waarnemingen;1
Naar tekening van B. Raangs, 1973;1
Naar tekening van C. Oosterbaan : opzichter bij de bouw van de nieuwe kerk met toren - Den Helder 1881;1
Naar tekening van C.J. Bardet, 1947;1
Naar tekening van H. Korswagen '64 kerkstraat 1 te Batenburg get. B. Kooij maart 1983;1
Naar tekening van H. v.d. Kloot-Meijburg;1
Naar tekening van H.N. Karsemeijer, mei 1979;2
Naar tekening van R.O.V.U. Bureau Monumenten, en eigen waarnemingen;1
Naar tekening van Rijksgebouwendienst 1963-1968, en eigen waarnemingen;1
Naar tekening van Rijksuniversiteit Utrecht / ROVU Bureau Monumenten;1
Naar tekening van T.J. Nieuwenhuis;1
Naar tekening van T.v. Hoogevest;2
Naar tekening van W.A. Hemsing 1912;1
Naar tekening van arch. bureau M.J.J. van Beveren;1
Naar tekening van architectenbureau Westerhof augustus 1984;1
Naar tekening van de R.O.V.U. dienst bouwen en wonen;1
Naar tekening van de Rijksuniversiteit Utrecht;1
Naar tekeningen Arch. Bur. van Pothoven Ao. 1925 en 1953  .  W.J. Berghuis   -   Bijgewerkt juli 1965, L.H. Boot;1
Naar tekeningen Bolt 1954-55 en v. den Broek en Bakema 1954 uit het RDMZ archief;1
"Naar tekeningen d.d. januari 1944 van Centre de Recherches sur les Monuments Historiques, Ministère d'Etat-Affaires Culturelles; Paris, met aanvullingen van K.T.M.";3
Naar tekeningen uit : Alftred Mutz : Römische Schmiedehandwerk, Römermuseum Augst, Augster Museumheft 1, 1976 (aldaar pag. 35, afbeelding 29);1
Naar tekeningen van  Aannemersbedrijf Vic Laudy, Sittard;2
Naar tekeningen van Aannemersbedrijf Vic Laudy, Sittard;3
Naar tekeningen van Architectenbureau Nieman, Steeneken,Tangerman bv Assen (1980);1
Naar tekeningen van Bouw- en woningtoezicht van de gemeente Utrecht, 1952;1
Naar tekeningen van Bureau voor de Monumentenzorg van de Provincie Drenthe (1981);1
Naar tekeningen van F. Kipp;1
Naar tekeningen van Het Bureau voor de Monumentenzorg van de Provincie Drenthe (1983);1
Naar tekeningen van Provinciaal Museum van Drenthe, Het Bureau voor de Monumentenzorg van de Provincie Drenthe (1963);2
Naar tekeningen van Provinciaal Museum van Drenthe, Het Bureau voor de Monumentenzorg van de Provincie Drenthe (1979);6
Naar tekeningen van W. Stooker, Gem. Archief en Prof. A.E. van Giffen. H.v,d, Wal, del. 1952;1
Naar tekeningen van architect Mart van Schijndel, mei 1976  -  Getekend: K.W. Cheng, 7 feb. 1986  -  Bureau Monumenten R.O.V.U.;1
Naar tekeningen van architectenbureau J. Kruger;2
Naar tekeningen van de Rijksuniversiteit Utrecht;1
Naar tekeningen van het Provinciaal Museum van Drenthe / Bureau van de Monumentenzorg (RACM), 1973;3
Naar tekeningen van het Provinciaal Museum van Drenthe / Bureau van de Monumentenzorg (RACM), 1976;2
Naar tekeningen van het Provinciaal Museum van Drenthe / Bureau van de Monumentenzorg (RACM), 1982;2
Naar tekeningen van het Provinciaal Museum van Drenthe en Bureau voor de Monumentenzorg 1872;2
Naar één plan gebouwd, inwendige van woonhuis geheel verbouwd;1
"Naar: E. Viollet-le-Duc: Dictionnaire raisonné de l'architecture Francaise du XIe au XVIe siecle; Serrurerie, 1875";3
Namen van vervaardigers zijn er met potlood (later?) bijgeschreven;1
Namen vervaardigers zijn er (later?) met potlood bijgeschreven.;1
Nar een foto van de RACM;1
Nederweert;1
Niet aangegeven welke toren dit is...;1
Niet duidelijk of het om de gemeentetoren of de toren van de Rooms Katholieke- of Sint Martinuskerk gaat, of wellicht nog een andere toren;1
Niet duidelijk of het om een doorsnede danwel een aanzicht gaat;3
Niet duidelijk om wat voor details het gaat;1
Niet duidelijk om welke brug het gaat, er zijn er meerdere in Overschie;1
Niet duidelijk om welke kerk het gaat;2
Niet duidelijk om wie van de Van Wezels het gaat;1
Niet duidelijk wat de tekening voorstelt;3
Niet duidelijk wat deze tekening voorstelt;1
Niet duidelijk wat er op deze tekening staat;1
Niet duidelijk welk in Gorinchems museum deze kist zich bevindt.;2
Niet duidelijk welke 'Oosterend' dit is...  gegokt op Friesland;1
Niet duidelijk welke kerk dit is;1
Niet duidelijk welke kerk het betreft;1
Niet geheel duidelijk wat de tekening voorstelt;1
Niet helemaal duidelijk wat de tekening voorstelt;1
Niet op de tekening te vinden, maar waarschijnlijk gaat het om een huis (winkel, andere bestemming) op De Grote Makt in Hulst (Zeeland)!;1
Niet uitgevoerd;3
Niet uitgevoerd ontwerp;3
"Niet uitgevoerd ontwerp voor de Gasthuiskerk te Doesburg

N.B.: Op de tekening staat abusievelijk 'Raadhuis Doesburg'.";1
Niet uitgevoerd plan;19
Nieuwdorp;1
Nieuwe Ebbingestraat hoek Spilsluizen;1
Nieuwe tekening van het Provinciaal Museum van Drenthe, Bureau voor de Monumentenzorg 1968;5
Nieuwe tekening van het Provinciaal Museum van Drenthe, Bureau voor de Monumentenzorg 1971;1
Nieuwe toestand;3
Nieuwe toestand, blad 1;1
Nieuwe toestand, blad 2;1
Nieuwe wand;1
Nieuwedijk 4 C;1
Niezijl en Visvliet horen bij Grijpskerk;1
No-. 96 - A 209;1
No. 1 BZ;3
No. 1 BZ    -    kleur;1
No. 1 BZ   -   met rode pen ingetekend;1
No. 1 BZ - kleur;1
No. 1 t/m no. 11;1
No. 1, 2 en 4 naar foto's van W.J. Meeuwes, 1986;1
No. 10;1
No. 10 B;1
No. 10 BZ;2
No. 10 e;1
No. 10 f  -  BZ;1
No. 11 (linksboven genoteerd);1
No. 11 BZ e;1
No. 11 g  -  A 1476;1
No. 117 A;1
No. 118 A;1
No. 119 A;1
No. 12;1
No. 12 D;1
No. 120 A;1
No. 124 - 128;1
No. 125;1
No. 126;2
No. 127;1
No. 13;1
No. 13 D;1
No. 133;1
No. 134;1
No. 14;1
No. 144;1
No. 14a = H;1
No. 15 e H;1
No. 157;1
No. 16 BZ;1
"No. 16 D; kerk is afgebroken in 1861";1
No. 1676, 1 blad 2 ;1
No. 16c BZ;1
No. 17a BZ;1
No. 17c BZ;1
No. 189 - A 1617;1
No. 19;1
No. 19 a;1
No. 190;1
No. 191;2
No. 192;1
No. 193;1
No. 194;1
No. 195;1
No. 196;1
No. 1d  BZ   -   gedeeltelijk kleur;1
No. 207 b - kleur;1
No. 208;1
No. 208 - A 98;1
No. 22 H - kleur;1
No. 228   -  A 1010;1
No. 23 a H;1
No. 23 b H;1
No. 23 c H;1
No. 23 d H;1
No. 24 G;1
No. 240 blad 1;1
No. 240 blad 2;1
No. 240 blad 3;1
No. 24b BZ;1
No. 24d BZ;1
No. 24e BZ;1
No. 24f BZ;1
No. 24g BZ;1
No. 24i BZ;1
No. 24k;1
No. 24o BZ;1
No. 24u BZ;1
No. 24w BZ;1
No. 24x BZ;1
No. 25;1
No. 255;1
No. 257;1
No. 26 e - A 252;1
No. 26 g. - A 254;1
No. 26 h - A 253;1
No. 277c - A 891;1
No. 27b G  -  A1663;1
No. 281;1
No. 282;1
No. 283;1
No. 283  -  A 216;1
No. 284;1
No. 285;1
No. 286;2
No. 287;1
No. 288;2
No. 289;3
No. 29 BZ - kleur;1
No. 290;2
No. 291;3
No. 292;1
No. 293;2
No. 294;1
No. 295;1
No. 296;1
No. 297;1
No. 298;1
No. 299;1
No. 3 H;1
No. 312;1
No. 313;1
No. 33 B;1
No. 33 G;1
No. 337;1
No. 34;1
No. 34 H - kerk is in 1857 afgebroken;1
No. 348;1
No. 35;2
No. 35 B;1
No. 35 H - Kerk is afgebroken;1
No. 36 B;1
No. 36 H;1
No. 37 G;1
No. 37 g H;1
No. 37a H;1
No. 37b H;1
No. 37c H;1
No. 37d H;1
No. 37e H;1
"No. 37f H; kleur";1
No. 38 G;1
No. 381  -  A 214;1
No. 382  -  A 215;1
No. 384  -  A 217;1
No. 385  -  A 218;1
No. 387  -  A 220;1
No. 390  -  A 1219;1
No. 391  -  A 1220;1
No. 4 BZ d;1
No. 41 B;1
No. 41 H;1
No. 41 h BZ;1
No. 41i BZ;1
No. 428 - A 1513;1
No. 42h BZ;1
No. 43 G;1
No. 44;1
No. 44 G - A 433;1
No. 440;1
No. 440  -  A 207;1
No. 444  -  A 208;1
No. 447  -  A 1228;1
No. 45 B;1
No. 471 - A 615;1
No. 472 - A 614;1
No. 47a G;1
No. 48 BZ   -  ingezonden bij brief No. 1788 d.d. 15 december 1882;1
No. 48 H;1
No. 50 - A 106  -  Model berust in het Nederlands Museum voor Geschiedenis en Kunst - op spits staat: Vechelen;1
No. 50 B;1
No. 50 H;1
No. 51 G;1
No. 51. Objectnaam- en adresgegevens met vraagtekens op tekening, echter vertonen geregistreerde bouwsporen sterke overeenkomsten met die zichtbaar zijn op documentnummer OF-11713 ;1
No. 52 H;1
No. 52 e - A 914;1
No. 53 b;1
No. 53 c;1
No. 53 d;1
No. 53a G;1
No. 53b G - kleur;1
No. 55 H;1
No. 55 b H;2
No. 56 B;1
No. 58a G - X No. 140  -  kleur;1
No. 6 B;1
No. 6 a BZ - kleur;1
No. 6 b BZ - kleur;1
No. 6 c BZ - kleur;1
No. 6 d BZ;1
No. 6 e BZ;1
No. 6 f BZ;1
No. 6 g BZ - kleur;1
No. 63 f;1
No. 66;1
No. 66 a G;1
No. 66b G;1
No. 67;1
No. 68 b G;1
No. 68a G;1
No. 69;1
No. 69 G;1
No. 70;1
No. 72 H;1
No. 76 H;1
No. 79 H;1
No. 85 H;2
No. 86 H;1
No. 886  -  A 219;1
No. 89 H - kleur - het orgel bevindt zich thans in het Rijksmuseum te Amsterdam;1
No. 9 B;1
"No. 91d H; kleur";1
No. 99;1
No.1676, 1 blad 1;1
Noor K. Emmens   -   afb. 31;1
"Noord-Holland
01011942";1
Nr 1;1
Nr 1 BZ;1
Nr 100;1
Nr 101;1
Nr 101 A;1
Nr 101 B;1
Nr 11;1
Nr 12;1
Nr 194;1
Nr 195;1
Nr 197;1
Nr 198;1
Nr 199;1
Nr 2;1
Nr 205;1
Nr 206;1
Nr 207;1
Nr 208;1
Nr 209;1
Nr 210;1
Nr 211;1
Nr 212;1
Nr 213;1
Nr 214;1
Nr 215;1
Nr 231;1
Nr 24;1
Nr 24 A;1
Nr 25;1
Nr 26;1
Nr 26 A;1
Nr 26 B;1
Nr 26 C;1
Nr 26 D;1
Nr 26 E;1
Nr 27;1
Nr 27 A;1
Nr 28;1
Nr 29;1
Nr 29 A;1
Nr 45;1
Nr 45 A;1
Nr 45 B;1
Nr 46;1
Nr 48;1
Nr 73;1
Nr 93;1
Nr 94;1
Nr 95;1
Nr 96;1
Nr 97;1
Nr 98;1
Nr 99;1
Nr, 14 - Naar deeltekeningen van Jan Jans aangevuld en in één blad gebracht door R. Oldhoff;1
Nr. 1 - eigenaar J. Stam Wijdewormer;1
Nr. 10 - Naar deeltekeningen van Jan Jans aangevuld en in één blad gebracht door R. Oldhoff;1
"Nr. 10 - Naar deeltekeningen van Jan Jans aangevuld en in één blad gebracht door R. Oldhoff
Erve De Zweer, Dijkerhoek";1
Nr. 100;1
Nr. 10a BZ;1
Nr. 11 - Naar deeltekeningen van Jan Jans aangevuld en in één blad gebracht door R. Oldhoff;1
Nr. 12/13 - 7, naar deeltekeningen van Jan Jans aangevuld en in één blad gebracht door R. Oldhoff;1
Nr. 12/13 blad 1 -Naar deeltekeningen van Jan Jans aangevuld en in één blad gebracht door R. Oldhoff;1
"Nr. 12/13, blad 2 - Naar deeltekeningen van Jan Jans aangevuld en in één blad gebracht door R. Oldhoff - schaal 1:4 m
Nijenhaerweg 3";1
Nr. 12e Y;1
Nr. 14 - Naar deeltekeningen van Jan Jans aangevuld en in één blad gebracht door R. Oldhoff;1
Nr. 15 - Landgoed Twickel - Naar deeltekeningen van Jan Jans aangevuld en in één blad gebracht door R. Oldhoff - schaal 1:10 m ;1
Nr. 16a BZ;1
Nr. 18a BZ;1
Nr. 3;2
Nr. 32 BZ;1
Nr. 32a BZ;1
Nr. 32b BZ;1
Nr. 32d BZ;1
Nr. 32e BZ;1
Nr. 32f BZ;1
Nr. 32g BZ;1
Nr. 32h BZ;1
Nr. 32i BZ;1
Nr. 349 - A 1165;1
Nr. 350 - A 1166;1
Nr. 351 - A 1167;1
Nr. 4 blad 1 - Naar deeltekeningen van Jan Jans aangevuld en in twee bladen gebracht door R. Oldhoff;2
Nr. 4 blad 2 - Naar deeltekeningen van Jan Jans aangevuld en in twee bladen gebracht door R. Oldhoff;1
Nr. 4 blad 2. Naar deeltekeningen van Jan Jans aangevuld en in twee bladen gebracht door R. Oldhoff;1
Nr. 44a BZ;2
Nr. 5 - Naar deeltekeningen van Jan Jans aangevuld en in een blad gebracht door R. Oldhoff - schaal 1:10 m;1
Nr. 5311;1
Nr. 6;1
Nr. 6 - Naar deeltekeningen van Jan Jans aangevuld en in een blad gebracht door R. Oldhoff - schaal 1:10 m;2
Nr. 60 H;1
Nr. 62a H;2
Nr. 63a G;1
Nr. 63b G;1
Nr. 64 H;1
Nr. 67a G;1
Nr. 7 - Naar deeltekeningen van Jan Jans aangevuld en in één blad gebracht door R. Oldhoff;1
"Nr. 7 - Naar deeltekeningen van Jan Jans aangevuld en in één blad gebracht door R. Oldhoff
Erve Goselink (De Huurde)";1
Nr. 75 H;1
Nr. 79;1
Nr. 82 B;1
Nr. 86;1
Nr. 88;1
Nr. 9 - Naar deeltekeningen van Jan Jans aangevuld en in één blad gebracht door R. Oldhoff;2
Nr. 93;1
Nr. 94;1
"Nr.5 - Naar deeltekeningen van Jan Jans aangevuld en in een blad gebracht door R. Oldhoff - schaal 1:10 m
Erve Timmers";1
Nr.: 2 blad 1 - schaal 1:100;1
Nr.: 2 blad 2 - schaal 1:100;1
Nummer 13 is blijkbaar in nummer 11 opgegaan...;1
Nummer 166;1
Nummer 180;1
Nummer 188 ontbreekt, mogelijk staat nummer 187 waar 188 behoort te staan;1
Nummer 7720-1;1
Nummering linksonder: No. 2a H;1
Nummering linksonder: No. 2b H (potlood);1
Nummering linksonder: No. 2c H;1
Nummering linksonder: No. 2d H;1
Nummering loopt van 1 t/m 7 en vervolgens van 21a t/m 27;1
Nummering op de plattegrond niet duidelijk waar deze van zijn;1
O.H. 107. ROB;1
O.W. No. 34;1
OB13;7
OB19;6
OB51;5
OC18;2
OH 107;4
OH 107  O.FL.;2
OH 48;74
OH 61;14
OH 61   O.FL.;1
OH 61  O.FL.;2
OH 61  O/FL;1
OH 61 -  O.FL.;1
OH 61 - O.FL.   VNO81;1
OH 61 /  O.FL.;2
OH 61 / O.FL;2
OH 61 / O.FL.;3
OH 61 /O.FL;1
OH 61 /O.FL.;1
OH 61 O.FL;1
OH 61 O.FL.;3
OH 61 OFL;1
OH 61-O.FL;1
OH 61-O.FL.;18
OH-61;1
OH-61  O.FL.;1
OH-61/.O.FL.;1
OH107;9
OH107 O.fl.;1
OH107.;1
OH107/118;1
OH107/119, 120, 125, and 281;1
OH61-O.FL.;2
OS-00976-07B is Opheusden;1
OZ 36;20
Object gegevens : ???;1
Object gegevens zeer vaag! - vervaardiger gegevens?;2
Object is met potlood gewijzigd in schip OH49.;1
Object is vermoedelijk Kasteel IJsselmonde... !;1
"Object vermoedelijk Boerderij ""De Eenhoorn""";1
Object:  Grote- of O.L.Vr. Kerk ???   -   Varvaardiger: T. Brouwer ???;1
Objectgegeven via kaartsysteem...;1
Objectgegevens aanname ivm vergelijking andere tekeningen;1
Objectgegevens en tekeninggegevens aanname na vergelijking met tekening BT-032392;1
Objectgegevens en vervaardiger staan niet op de tekening, maar aan de hand van vergelijkingsmateriaal aangenomen!;1
Objectgegevens niet aangegeven : aangenomen is dat het hier Dalfsen betreft!;2
Objectgegevens niet geheel duidelijk: Brecklenkamp, Brekelenkamp, Breklenkamp. en als plaats of als object...  -  Signering vervaardiger niet duidelijk;1
"Objectgegevens ontleend aan tekening BT-000476 ; wel stijlovereenkomsten, geen vaste gegevens op tekening gevonden";2
Objectgegevens overgenomen na vergelijking met foto's uit het fotoarchief;1
Objectgegevens van BT-001832, tekeningnr. serie identiek...;1
Objectnaam / adres: Pausdam???   -   Kopie van tekening...;2
Objectnaam aangenomen, na vergelijking met tekening BT-011655;1
Objectnaam aanname na vergelijking met BT-033468;1
Objectnaam en gegevens staan niet op de tekening, dit zijn aangenomen gegevens;1
Objectnaam en/of adresgegevens zijn niet bekend;1
Objectnaam is aanname, staat niet vermeld op de tekening;1
Objectnaam is een aanname op basis van andere tekeningen;1
Objectnaam kent 2 verschillende schrijfwijzen;1
Objectnaam kent verschillende schrijfwijzen;1
Objectnaam na vergelijking met het fotoarchief geconstateerd;2
Objectnaam niet ontleend aan de tekening,;1
Objectnaam opgenomen na vergelijking met het fotoarchief;1
Objectnaam overgenomen uit het fotoarchief;1
Objectnaam toegekend na vergelijking met het foto-archief;1
Objectnaam wordt op meerdere wijzen geschreven;4
Oktober 1966  J.P. St. (en G.B.);1
Omdat  op de tekening nummer 11 bij twee naast elkaar gelegen panden elk gegeven is, zou kunnen dat de nummers 13 en 15 in werkelijkheid 15 en 17 zijn.;1
Omgeving Orvieto;1
Omlijning in rood, tekening zelf niet in kleur;1
Omschrijving en objectnaam (en dus ook het adres) zijn aangenomen na vergelijking met een foto uit het fotoarchief;1
Omschrijving gedeeltelijk van kaartsysteem;1
Omschrijving is een aanname na vergelijking met foto exemplaar 2938;1
Omschrijving niet duidelijk...;2
Omschrijving niet helemaal duidelijk ...   -   schetstekening?;2
Omschrijving niet helemaal duidelijk...;1
Omschrijving niet helemaal duidelijk.....;2
Omschrijving onduidelijk...;1
Omschrijving op de tekening zelf: Aanwezige resten van doophek;1
Omschrijving van kaartsysteem;4
Omschrijving: geen vermelding op de tekening.;2
Omschrijving: onbekend...   -   met pen aantekeningen op de tekening...;1
Omschrijving: van systeemkaart;1
Omschrijving???;1
Onbekend waar de lezenaar zich bevindt;1
Onbekend waar de zandloper zich bevindt binnen Delden, mogelijk in de Hervormde Kerk;1
Onbekend wat de tekening voorstelt;4
Onbekend welke toren dit betreft.;1
"Onder aan de tekening staat: ""Amsterdam Rijksmuseum No. 1260"". Het schilderij heeft bij het Rijksmuseum nu (2012) nr. SK-A-1584.";1
Onder andere naar tekening Architecten Bureau Ir. J. de Wilde, Breda;1
Onder datum (rechterbovenhoek) : D.;1
"Onderdeel van dossier ""Afsluithek kleine ruïne en het monument op de grote ruïne : 1 "".";1
Onderschrift 'R.K. koor' is onjuist;1
Onderste tekening uit : C.H. Peeters, Oud-Groningen Stad en Lande, 1921. Afb. 436;1
"Onderstestraat
6-11-1990 Copie gezonden: J.R.Renzenbrink, H.v.Rijkenlaan 10, 2612 JR Delft";1
Ondertekend als:  J.P. + M.† St.  april '82  okt. '86;1
"Ondertekening: ""De Bouwkundige""";1
Ondertekening: Amersfoort juni 1930, De directeur C.C. Beekmans (?);1
Ondertekening: D.;1
Onderwerp niet te lezen: staat onder randstrookje... (losgesneden);1
Onderwerp: Buitenplaats Het Genhoes (datum tekening: juli 1999, Ineke van der Burg);1
Onduidelijk waar deze details van zijn. Ik vermoed van een grafmonument in de kerk...;1
Onduidelijk wat de tekening voorstelt;1
Onjuiste oriëntatie van opgemeten plattegrond;1
Ontw. en get. te Roermond in Aug. 1895, get. Weber archt.;1
Ontwerp;1
Ontwerp 1663 Willem van der Helm;1
Ontwerp : P. Adams;2
Ontwerp C;1
Ontwerp Laarman 1880;2
Ontwerp Laarman 1882  -  is dit wel Prinsengracht 499 ?;1
Ontwerp bebouwing Rapenburg hoek Kayserstraat;1
Ontwerp nieuw conferentie-oord in- en bij Kasteel Well;12
Ontwerp van een gevel voor de heer J. Maertens;1
Ontwerp van het praalgraf is van Hendrik de Keyser 1614 - 1622;4
Ontwerp verbouwing;1
Ontwerp voor de herbouw;2
Ontwerp voor een consistoriekamer aan de kerk der Nederlands Hervormde Gemeente te Breukelen;2
Ontwerp voor herstelling en vergroting;3
Ontwerp voor herstelling van den toren der Herv. Kerk te Bedum;1
Ontwerp voor verbouwing;1
Ontwerp vor herstelling der Broerkerk te Bolsward;1
Ook afbeelding van kaart uit 1821;1
Ook afbeelding van kaart uit 1827;1
Ook bekend als : Huis Piloursema of Hamsterborg;2
Ook de belendende percelen Sigarenmagazijn en groentenhandel zijn opgenomen op deze tekening;1
Ook een tekening van De Waal Archifoto?? (vergelijk: BT-005741);1
Ook gedateerd op 08-08-1950.;1
Ook gedateerd op september 1950.;4
Ook schetsen van Rokin 154;1
Ook te zien RM 17477, RM 17476, RM 17472, RM 17473, RM 17881 en RM 17650;1
Oorspronkelijk de kerk van het Heilige Sacramentsgasthuis, sinds 1635 Waalse Kerk, in 1840 herbouwd;1
Oorspronkelijke kaart: juni 1997  -  Initialen rechtsonder: A.B.;1
Oorspronkelijke tekening, met potlood gewijzigd!;1
Oosterend;1
Oosterlaantje A 67;1
Oosthuizerweg is Oudhuijzerweg;3
"Oosthuizerweg is Oudhuijzerweg; niet uitgevoerd plan";1
Ootmarsum ongeveer 1830;1
Op 26 okt. 1990 afdruk en een copie vragenlijst aan de eigenaar en bewonerì gezonden.;5
Op 6-10-1981 is de plank omgewaaid t.g.v. een wervelstorm en daarbij ernstig beschadigd en gebroken.;1
Op Stroe op het voormalig eiland Wieringen in Gelderland heeft tot 1878 een Romaanse kapel gestaan, in de volksmond ‘De Heidense Kapel’ genoemd. ;1
Op de gevel: Date Caesari quae sunt Caesaris  - Anno Domini 1635;1
"Op de lichtdruk van deze tekening staat een stempel met nummer 33935.
Het is niet duidelijk om welke (katholieke) kerk het hier gaat: op de lichtdruk van deze tekening staat vermeld: 'Vlaardingen R.K. Kerk'.";1
Op de tekening : figuur 1 (koor kerk Heukelum) en figuur 5 (koor kerk Vianen);1
Op de tekening geen gegevens over de naam en/of het adres van het gebouw, vergelijking met tekeningen eerder leverden geen resultaat.;1
Op de tekening geen objectnaam en / of adresgegevens. Vermoedelijk een kerk;1
Op de tekening heet de plaats Harig.;1
Op de tekening heet de plaats nog Kuilenburg;4
"Op de tekening heet de plaats nog Kuilenburg; het pand is tegenwoordig een museum";1
Op de tekening heet de stad nog Kuilenburg;1
Op de tekening heet het gebouw Portugese Synagoge;1
Op de tekening heet het object : Huis Ten Dijke;1
Op de tekening heet het object Terborg, naam verbeterd na onderzoek in het foto-archief;1
Op de tekening is de term altaar doorgehaald en vervangen door de term graf, ten onrechte;1
Op de tekening ook een POT-nummer: VE-517;1
Op de tekening staan als gegevens Engels-Luthersche Kerk in de Jacob Canisstraat. Dat is op de hoek met de Prins Hendrikstraat.;2
"Op de tekening staan geen gegevens over adres of naam van het gebouw, het is hoogst waarschijnlijk een kerk; de genoemde plaatsnaam kan ook zijn de plaats waar de tekenaar of de architect zijn werkruimte had";1
Op de tekening staan geen verdere aanwijzingen over het wat of waar;2
Op de tekening staan verder geen gegevens;4
Op de tekening staat 1847, dit is niet het jaar dat de tekening gemaakt is;1
Op de tekening staat : Huis Clingendaal - 's-Gravenhage. In de fotocatalogus staat echter: Wassenaar, Huis Clingendael;1
Op de tekening staat : India. Niet duidelijk of dit het land van vervaardiging is en/of waar zich het slot nu bevindt;1
Op de tekening staat Birkelpoort, objectnaam gewijzigd na vergelijking foto-archief;1
"Op de tekening staat O. Kerk (Oude Kerk); twijfel aan de correctheid hiervan";1
Op de tekening staat Plein 1813?, Plaats?, maar het gaat inderdaad om Plaats 33, een ontwerp van P.F.W. Mouton;1
Op de tekening staat Slokkerveer als plaats genoemd;1
Op de tekening staat abusievelijk dat het om de kerk in Twello zou gaan;1
Op de tekening staat abusievelijk huisnummer 35;1
Op de tekening staat als adres 'Boterstraat 41 te Dokkum'  -  Dit plan is niet zo uitgevoerd: de top is rechthoekig geworden en de gevel op de begane grond is anders ingedeeld (raam, deur, raam) met roedeverdeling als op de boven verdieping;1
Op de tekening staat als objectnaam Laag Wolfheze, als gemeente Doorwerth met een pijl om aan te geven dat deze twee gegevens verwisseld zouden zijn. Laag Wolfheze als plaats bestaat niet.;1
Op de tekening staat als plaats Eelde, dit moet zijn : gemeente Eelde;1
Op de tekening staat als plaats Epen (Limburg);1
Op de tekening staat als plaats Maastricht, Wyck is dat feitelijk;1
Op de tekening staat als plaats Maastricht, volgens het foto-archief staat het pand in Wijck, een deel van Maastricht.;1
Op de tekening staat als plaats Terwolde, moet zijn Twello!;1
Op de tekening staat als plaats Voorburg, dat is onjuist;1
Op de tekening staat als straat Vischmarkt vermeld met een doorhaling en erboven Haven. Straatnaam hier genomen naar analogie met het fotoarchief;1
Op de tekening staat de oude benaming Huys Loenresloet;2
Op de tekening staat de plaats verkeerd gespeld als Weel;1
Op de tekening staat het adres genoteerd van Dam 203, dat is thans Kleine Dam 2.;1
Op de tekening staat met potlood 'Gouda Lage Gouwe?'  geschreven. Dat is onjuist, het gaat hier om een bouwkundige tekening van het pand Naaierstraat 6 te Gouda.;1
Op de tekening staat niet aangegeven om welk object het gaat, in welke plaats en/ of provincie het staat, wie het vervaardigd heeft en wanneer;1
Op de tekening staat ook als plaats : Schinnen;2
Op de tekening staat ook dat het de Grote Kerk in Gouda is, dat is doorgestreept;1
Op de tekening staat ook: Veere;1
Op de tekening staat ten onrechte : aanzicht wand van de noordelijke kruisgang;1
Op de tekening styaat als plaats : Klein Dochteren;1
Op de tekening styaat als plaats Spickerhof;1
Op de tekening weinig informatie.  -  Vervaardiger: waarschijnlijk J.J. Jehee   -   Ziesenis = B.W.H. Ziesenis;1
Op de tekening wordt de Jacobijnenkerk te Leeuwarden genoemd;1
Op de tekening wordt de term fundering gebruikt naast het synoniem ondervanging;1
Op de tekening zijn 2 van de 3 slotoverslagen gecompleteerd;1
Op de tekening zijn later wijzigingen aangebracht (zichtbaar: rechtsonder);1
Op de verso-zijde staat de naam Berkhout met een niet ontcijferde initiaal, onduidelijk of dit de maker is;1
Op deze tekening zijn is de wegering verwijderd.;1
"Op een duplicaat (kopie) van deze tekening staat nog een historisch nummer: 17203.
Deze duplicaat afdruk is vernietigd.";1
Op het moment van het beschrijven was deze tekening fysiek onvindbaar. Tekening nog omnummeren. Vergelijk BT-32109, één van de records verwijderen.;1
Op tekening : Catharinengasthuis;1
Op tekening abusiefelijk : Vrijthof;1
"Op tekening genoteerd : ""niet volledig""";1
Op tekening staat Amsterdam, moet zijn : Diemen;1
Op tekening staat Kapel te Kloosterzande!;2
Op tekening staat als plaats Nieuwe Sluis: dit maakt tegenwoordig deel uit van Heenvliet;9
"Op tekening staat: Dalerveen 20, Lichtenburg; mogelijk is de straatnaam Noorderakker, dat stemt overeen met beschrijving in het fotoarchief";2
Op tekening: Catharinengasthuis;7
Op tekening: plaats = Rheden...;1
Opdracht eerder aan Verheijen;1
Opdrachtgever C. Driesprong, Willemstad;1
Opdrachtgever W. v. Dis, Willemstad;1
"Opdrachtgever W.A. Dane, Willemstad
Noord Langeweg 15";1
Opdrachtgever: RDMZ - Smook en Ligtenberg  -  Werk nr.: W48;1
Openbare Werken, Blad 2;1
Opg. H.Th.D. Dijkstra en F.J.H. Deltrap. Get. Th. van Straalen   -  Kopie van tekening: aangepast;1
Opgegraven door A. van Pernis van de R.O.B.;1
Opgegraven fundering naar P. Glazema;1
Opgem. en get. in 1966 door H.W. v.d. Voet;1
Opgem. in juli 1957 door H.W. v.d. Voet;1
Opgemeten 1850  -  vergelijk: foto 4.538;1
Opgemeten 1900;1
Opgemeten 1943 door H. v.d. Wal, getekend 1981 W.J. Berghuis;1
Opgemeten 1950;2
Opgemeten 1950 - '61 - '74;1
Opgemeten 1950, bijgewerkt tijdens restauratie 1972-1963 en aangevuld met resultaten opgraving R.O.B. Amersfoort.;1
Opgemeten 1952. Getekend 1961 W.J. Berghuis;1
"Opgemeten 1958-01
Pothaarsweg 8, vh Loo 91";1
Opgemeten 1960 H. v.d. Wal en naar oude opmeting;1
Opgemeten 1964 H. v.d. Wal, tijdens opgravingen o.l.v. Halbersma, R.O.B.;1
Opgemeten 1964 H. van der Wal;1
Opgemeten 1966;3
Opgemeten 1968 L.H. Boot;1
Opgemeten 1968 L.H. Boot, getekend maart 1971 A.W. (=Ab Warffemius);1
Opgemeten 1970 - 1972 H. van der Wal;1
Opgemeten 1974;1
Opgemeten 1976 (Jan Jehee)   -   G.B.;1
Opgemeten 1976 H. van der Wal;1
Opgemeten 1977;1
Opgemeten 1978 H. v.d. Wal, A.W. mei 1982;2
Opgemeten 1978 H. v.d. Wal, woning naar opmeting Vic. Laudy 1976;1
Opgemeten 1978 H. v.d. Wal. Bijgewerkt naar situatie 1978;1
Opgemeten 21 december 1910 door Bureau Mulder   -   Vergelijk: neg.nr.: 35.423;1
Opgemeten 28 t/m 30-3-1977, getekend april 1977;2
Opgemeten : 1967, W.J. Berghuis;1
Opgemeten : D.J. de Vries, R. Kluytmans, 2-5-1989;1
Opgemeten : Henri Reek, 1918;1
Opgemeten : Kadaster te Utrecht, dec. 2000;1
Opgemeten : Kadaster te Zoetermeer;1
Opgemeten : Kadaster van Gelderland, juni 1998;1
Opgemeten : januari 1972;1
"Opgemeten G. de Hoog dd 1909 ; getekend : H.N. Karsemeijer dd 1987";1
Opgemeten G. de Hoog, mei 1910.  J.D. Meising;2
Opgemeten H. v.d. Wal 1970;1
Opgemeten H. v.d. Wal juli 1945 E.J.G. Kuipers del;1
Opgemeten H. v.d. Wal, getekend C.J.M. v.d. Vreken, naar een ontwerp van D. Marot;1
Opgemeten H. van der Wal juli 1946 E.J.G. Kuipers;1
Opgemeten H.J. Palmen 1968;1
Opgemeten H.Th.D. Dijkstra en F.J.H. Deltrap. Getekend Th. van Straalen.   -   Kopie tekening: aangepast   -   Tekening: maart 1961, gewijzigd: jan. 1964;1
Opgemeten H.Th.D. Dijkstra en F.J.H. Deltrap. Getekend Th. van Straalen.   -   Kopie tekening: aangepast-   Tekening: maart 1961, gewijzigd: jan. 1964;1
"Opgemeten Kusters, 1945 en H. v.d. Wal 1968. ; A.W. 12-'81";1
Opgemeten M. Göbel, getekend J.J.Jehee;1
Opgemeten P. Meijer - J. Jehee, jan. 1970;1
Opgemeten Ph. J.W.C. Bolt Den Haag 1957-09-00;1
Opgemeten Sept. 1950;1
Opgemeten W. Kuyper, 1953 en H. v.d. Wal, 1962;1
Opgemeten W.A. Hemsing mei 1936. H. v.d. Wal;1
Opgemeten april 1938 H. v.d. Wal;1
Opgemeten april 1970;1
Opgemeten april-mei 1969 door J.J. Jehee, P. Wiersma, A.A.M. Warffemius;1
Opgemeten aug. 1926 W.A. Hessing del;1
Opgemeten aug. 1932 W.A. Hemsing   -   Dit is een kopie van BT-000352...;1
Opgemeten aug. 1932 W.A. Hemsing  -  Dit is dezelfde tekening als BT-000351 (hist. nr.: stempel: 6414);1
Opgemeten aug. 1932 W.A. Hemsing del  -  BT-001266 is een kopie van deze tekening...;1
Opgemeten aug. 1932 W.A. Hemsing del  -  Dit is dezelfde tekening als BT-001264 (hist. nr.: stempel: 2519);1
Opgemeten aug. 1949 H. v.d. Wal;1
Opgemeten aug. 1960;1
Opgemeten aug. 1962;1
Opgemeten augustus 1977, getekend mei 1979 W.J. Berghuis met gebruikmaking tekening A.M.E. Doppegieter;1
"Opgemeten december 1913; herstellingstekening mei 1914 de architect (volgt teken dat niet is ontcijferd)";1
Opgemeten door A. Mulder / J.D. Meijsing (zonder datumvermelding);1
Opgemeten door A. Warffemius en J. Jehee;1
Opgemeten door Arch. Ad. Mulder op 31 mei, 1 en 2 juni 1898;1
Opgemeten door E. Jans en A. Westenberg;1
Opgemeten door F.A.C. Haans en H.J. van Capelleveen ('95)  -  Gebruikt voor Kunstreisboek;1
Opgemeten door G. de Hoog;1
Opgemeten door G. de Hoog Hz oct.1908. J.D. Meijsing del.;1
Opgemeten door G. de Hoog Hz.;2
"Opgemeten door G. de Hoog Hz. mei 1910 ; J.D. Meijsing del.";1
Opgemeten door G. de Hoog. Hz mei 1909.  J.D. Meijsing. Del.;1
Opgemeten door G. de hoog Hzn. mei 1908 J.D. Meijsing;1
Opgemeten door G.W. van Arragon, getekend door B. vv.d. Wal;1
Opgemeten door Gemeentewerken Enkhuizen;1
Opgemeten door H. Berkhoff en H.R. ten Dam;1
Opgemeten door H. Onnes, juli 1924;1
Opgemeten door H. Wijsbek;1
Opgemeten door HUB v. Beveren Den Haag april 1941;1
Opgemeten door Hub v Beveren Den Haag april 1941;1
Opgemeten door J. Jans, Almelo, 1942 - Getekend door R. Oldhoff, Arnhem, in één blad, 1975;1
Opgemeten door J.F.L. Frowein.  -  originele tekening?;1
Opgemeten door J.P. Staal oktober 1966, getekend G.W.C. van Wezel, juni 1970;1
Opgemeten door L.H. Boot, A. Warffemius en G. Berends;1
Opgemeten door M. Maus en F. Kaetzke;4
Opgemeten door M. Maus en F. Kaetzke   -   geen adresgegevens op de tekening...;1
Opgemeten door W. Scheepens (?) in 1916;1
Opgemeten door W. Sprenger 1897 : G. de Hoog [zonder datum!];1
Opgemeten door W.A Hemsing;1
Opgemeten door W.A. Hemsing (?) in december 1914 tot september 1922;1
Opgemeten door W.A. Hemsing april 1912;1
Opgemeten door W.A. Hemsing, april 1917;3
Opgemeten door W.A. Hemsing, mei 1910;1
Opgemeten door arch. Ad Mulder maart 1903, een maand later afgebroken.;1
Opgemeten door arch. Ad. Mulder in juli 1895;1
Opgemeten door architect Ad Mulder in februari 1896, afgebroken in maart;1
Opgemeten door architect Ad. Mulder, april 1905;1
Opgemeten en bewerkt naar oude opmeting;1
Opgemeten en gesloopt in 1889, tekening ook van 1889?;1
Opgemeten en gesloopt in 1894;3
Opgemeten en getekend 1960 en aug. 1961, Th. van Straalen  -  adres gegevens niet kunnen achterhalen...;1
"Opgemeten en getekend G.W.C. van Wezel, oktober 1971 ;  getekend: A. Warrfemius, november 1971";1
Opgemeten en getekend L.H. Boot;1
Opgemeten en getekend Th. v. Straalen gem. 1961-61, toestand voor restauratie 1961-63;1
Opgemeten en getekend door B. v.d. Wal;1
Opgemeten en getekend door G.W. van Arragon;3
Opgemeten en getekend door S.J. van Embden en H. Kammer;2
Opgemeten en getekend door W.J. Berghuis;2
Opgemeten en getekend in oct. 1956 door H.W. v.d. Voet;1
Opgemeten en getekend juli 1952 W.J.Berghuis, bijgewerkt juli 1965 L.H. Boot;1
Opgemeten en getekend sept. '61  febr. 1962;1
Opgemeten en getekend sept. 1961 - febr. 1962;1
Opgemeten en getekend, najaar 1968, T.H. de Haan;1
Opgemeten en in tekening gebracht door den opzichter J. van Gent, 1883;1
Opgemeten febr. 1910 W.A. Hemsing del;1
Opgemeten gemeentewerken 1977;1
Opgemeten in 1879   -   nummer rechtsonder: A 1597;1
Opgemeten in 188 .. (ontbreekt cijfer);1
Opgemeten in 1881, tekening ook van 1881?;1
Opgemeten in 1881.;1
Opgemeten in 1882;1
Opgemeten in 1883;1
Opgemeten in 1883. Tekening ook van 1883?;1
Opgemeten in 1884;1
Opgemeten in 1884. Datum tekening ook 1884?;1
Opgemeten in 1887 door Ad. Mulder, herzien in 1925 door W.A. Hemsing en in 1950 door H. v/d Wal   -   Tekening is geplakt op linnen ondergrond...;1
Opgemeten in 1890;2
Opgemeten in 1890, tekening ook van 1890 ?;1
Opgemeten in 1895;1
Opgemeten in 1896, tekening ook van 1896 ?;1
"Opgemeten in 1899; tekening ook van 1899?";1
Opgemeten in aug. 1952, H.W. van der Voet;1
Opgemeten in aug. 1952, H.W. van der Voet  -  Tekening heeft opgeplakt gezeten...;1
Opgemeten in augustus 1957 door H.W. v.d. Voet;1
Opgemeten in juli 1955;1
Opgemeten in september 1959 door H.W. van der Voet;1
Opgemeten januari 1972, getekend juni 1883;1
Opgemeten juist voor de sloop in sept. 1969 door A. Warffemius en P. Wiersma;1
"Opgemeten juli 1944 H. v.d. Wal ; Get. Febr. 1976 W.J. Berghuis";1
Opgemeten juli 1947 E.J.G. Kuipers del;1
"Opgemeten juli 1952; getekend 1955 door W.J. Berghuis";1
Opgemeten juni 1931 W.A. Hemsing del;1
Opgemeten juni 1931 W.A. Hemsing del.;1
Opgemeten juni 1944. Get. H. van der Wal. Opgegraven fundering naar D. Glazema;1
"Opgemeten juni 1948, getekend 1948 H.P. van Beveren, bijgewerkt december 1956 W.J. Berghuis; H.W. v.d. Voet 1957";1
Opgemeten juni 1948, getekend 1949 H.P. van Beveren. Bijgewerkt dec. 1956, W.J. Berghuis + H.W. v.d. Voet 1957   -   Kopie tekening!;1
Opgemeten juni 1955;1
Opgemeten juni 1978;1
Opgemeten maart 1945 H. van der Wal, getekend januari 1976 W.J.Berghuis en gekopieerd juni 1980 W.J.Berghuis;1
Opgemeten maart 1967, getekend oktober 1972;2
"Opgemeten maart 1972; getekend mei 1976 door W.J. Berghuis; met gebruikmaking opmeting H. v.d. Wal 1944";1
Opgemeten mei 1950;1
Opgemeten mei 1970;1
Opgemeten mei 1971, J. Jehee;1
"Opgemeten meij 1940 H. van der Wal; getekend E.J.K.";1
Opgemeten november 1969;1
Opgemeten november 1969   -   Paraaf: C. St. (Staal, C. ?);1
Opgemeten oct. 1912 W.A. Hemsing del;1
Opgemeten oktober 1931 W.A. Hemsing. toren en fundering naar W. Scheepens;1
Opgemeten oktober 1943 door H. v.d. Wal, getekend februari 1984 W.J. Berghuis;1
Opgemeten sept. '50  -  tekening lijkt later (opvallend) bijgewerkt;1
Opgemeten sept. 1935, W.A. Hemsing;1
Opgemeten september 1949;1
Opgemeten september 1961, getekend 1975 W.J. Berghuis, toestand na restauratie;1
Opgemeten september 1961, getekend oktober 1982 W.J. Berghuis;2
Opgemeten tijdens afbraak januari 1969 H.v.d. Wal;2
Opgemeten tijdens de herbouw van het verbrande huis;1
Opgemeten tijdens de herbouw van het verbrande huis, 1976;1
"Opgemeten tijdens de restauratie 1961-1962; getekend juni 1983 W.J. Berghuis";1
Opgemeten tijdens verbouwing;1
Opgemeten tijdens verbouwing serptember 1965 door Th. van Straalen;1
Opgemeten vóór afbraak achterhuis;1
Opgemeten: 1887;2
Opgemeten: 1901;1
Opgemeten: 1950;1
Opgemeten: 1967;2
Opgemeten: 21 februari 1977 - 29 februari 1977;1
Opgemeten: 24/1 - 1/2 - 1977, Getekend 18-3-1977;1
Opgemeten: 28-06-1989, B. Kooij;1
"Opgemeten: A. Aanstoot; Arch. Lemmens, 1982";1
Opgemeten: A. Warffemius, 1969;1
Opgemeten: A. Warffemius, 1976;1
Opgemeten: A. Warffemius, 1986;1
Opgemeten: A. Warffemius, 1987;3
Opgemeten: A. Warffemius, 1989;1
Opgemeten: A. Warffemius, 1992;1
Opgemeten: A. Warffemius, 1998;1
Opgemeten: Albert Reinstra, 1998;1
"Opgemeten: Arch. Boosten-Ritzen, '20  ;  A. Warffemius, 3-'87";1
Opgemeten: Arch. Boosten-Ritzen, 1922;2
"Opgemeten: Arch. Theunissen, 1972 ; A. Warffemius, 1987";1
Opgemeten: Arch.Bur. R. Visser, 1984;1
Opgemeten: Arch.Bur. R. Visser, 1986;1
Opgemeten: B. Kooij en deels M. Verweij;1
Opgemeten: B.V. van den Bergh en H.P. van Beveren;1
Opgemeten: Bureau Kruger, 1964   -   Geïllustreerde beschrijving Oostelijk Rijnland;1
Opgemeten: Bureau Mulder, Oldenzaal, 1937;1
"Opgemeten: Bureau van Beek, 1982  ;  A.W., 1994";1
Opgemeten: Bureau van Hoogevest         A.W.     1980-97;1
Opgemeten: Bureau van Hoogevest         A.W.     1995;1
Opgemeten: Bureau van Hoogevest, 1975;1
Opgemeten: C. Magry, ± 1870;1
Opgemeten: G. Berends, 5 okt. 1989;1
Opgemeten: G. Berends, 5 oktober 1989;1
Opgemeten: G. Berends, februari 1990;1
Opgemeten: G.H. Stam (Gemeente werken Rotterdam, afd. Oudheidkundig Onderzoek);1
"Opgemeten: Gebr. van Gerven 1967 ; A.W., 1987";1
Opgemeten: H. van der Wal 1968;1
"Opgemeten: H.J. van Bon, J.C.S., E.S. Baerselman, mei 1944
Gemeenteweg. (vh G 44), nr. 72";1
"Opgemeten: H.J. van Bon, J.C.S., E.S. Baerselman, mei 1945
Gemeenteweg 72 (vh G 44)";1
Opgemeten: H.W. Nout, 1910   -   Geïllustreerde beschrijving Oostelijk Rijnland;1
Opgemeten: Het kadaster in Utrecht te Utrecht;1
Opgemeten: Hoogevest, 1962;1
Opgemeten: Ir. R. Visser, 1976;1
Opgemeten: J. Jehee, 1991;1
Opgemeten: J. Jehee, 1993;1
Opgemeten: J. Jehee, 2001-03   -   Getekend t.b.v. aanvraag mon. lijst;1
Opgemeten: J.J. Jehee 1993;1
Opgemeten: J.J. Jehee, 1993;1
Opgemeten: J.J.Jehee, 1999;1
Opgemeten: J.M. van Es, december 1987  -  Tekening voor GB gemaakt;1
Opgemeten: Jan Jehee, 11-1986;1
Opgemeten: Jan Jehee, 1987;1
Opgemeten: Jan Jehee, oktober 1987;1
Opgemeten: Jan Jehee, sept. 1987;1
Opgemeten: Kadaster Amsterdam, dec. 1998;1
Opgemeten: Kadaster Groningen;1
Opgemeten: Kadaster Noord-Holland, Amsterdam : 19-01-2000;1
Opgemeten: Kadaster te Arnhem, sept. 2000;1
Opgemeten: Kadaster te Zwolle;1
Opgemeten: Kadaster van Gelderland te Arnhem, 1997;1
Opgemeten: N. Vroman, 1986   -   Geïllustreerde beschrijving Oostelijk Rijnland;1
Opgemeten: P. Don  -  B. Kooij, 25-4-'90;1
Opgemeten: P. v.d. Sterre, 1968;1
Opgemeten: P. van der Sterre, 1949   -   Naar tekening Arch. P. v.d. Sterre;1
"Opgemeten: R. Bertels 1967 ; A.W. 1987";3
Opgemeten: R. Visser, 1975;1
Opgemeten: R. Visser, 1979;1
Opgemeten: R. Visser, 1984;1
Opgemeten: Rijksgebouwendienst, 1969;1
"Opgemeten: Rooimans, A.H. en Ensdorff, A. - Provinciale Planologische Dienst Groningen 13
Bij de Beijumerweg";1
Opgemeten: T. Hoogevest, 1964;1
Opgemeten: T. v. Hoogevest, 1972;1
Opgemeten: T. van Hoogevest, 1954;2
Opgemeten: Th. van Straalen, 1971;1
"Opgemeten: W. Sprenger, 1902; A. Warffemius, 1986";1
"Opgemeten: W. sprenger, 1902; A. Warffemius, 1986";1
Opgemeten: W.A. Hemsing, 1930;1
Opgemeten: W.J. Berghuis;1
Opgemeten: W.J. Berghuis 1988, Jehee, 1995   -   Geïllustreerde beschrijving Oostelijk Rijnland;1
Opgemeten: april 1938;9
Opgemeten: april 1965;1
Opgemeten: april 1987;1
Opgemeten: april 1991  -  Tekening ten behoeve van Restauratie Vademecum;1
Opgemeten: februari 1982;1
Opgemeten: juli 1944, H. v.d. Wal;1
Opgemeten: mei 1967;1
Opgemeten: oktober 1954 en getekend dec. 1955, W.J. Berghuis. Bijgewerkt: juli 1965, L.H. Boot;1
Opgemeten: september 1969;1
Opgemeten: v. Beveren, 1941;1
Opgemeten: v. Dam v.d. Sterre, 1975   -   Geïllustreerde beschrijving Oostelijk Rijnland;1
Opgemeten: v. Hoogevest, 1947;1
Opgemeten: van Hoogevest, 1946;1
Opgemeten: zomer 1985.  -   Geen originele tekening, copy op film van tekening SHBO;2
Opgemeting H. v.d. Wal, 1944;2
Opgenomen 1969 H. v.d. Wal gewijzigd A.W. '87;1
Opgenomen 1969, H. van der Wal. Gew. '87, A.W.;1
Opgenomen 1978 tijdens sloop achterbouw;1
Opgenomen door  ir. G. Berends;1
Opgenomen door G. Berends;1
Opgenomen door architect Ad. Mulder, 18 aug. 1894;1
Opgenomen door architect Ad. Mulder, 5 oktober 1898  -  paraaf: onbekend;1
Opgenomen door buro Mulder, 5 juli 1910;1
Opgenomen tijdens de verbouwing;1
Opgenomen voor afbraak mei 1967;1
Opgeplakte calquetekeing (zeer dun) op papier;1
Opgeplakte tekening;1
Opgeplakte tekening   -   met potlood aantekeningen op de tekening gemaakt;1
Opgetekend naar een opmeting van Pastoor Schmeitz;1
Opgraving tekening door A. van Pernis en Drs Halbertsma;1
Opgravingen ROB en Historische Kring Dongen;1
Opgravingen naar tekeningen R.O.B. juli 1949 en juli 1951;1
Opm. : C.Eggen, A. Warffemius, H. Karsemeyer   -   tekeninge deels met potlood (schets?);1
Opm. H. v.d. Wal 1944;1
Opm. en get. H.J. van der Borgh, april 1982;2
Opm. gecontr. in aug. 1955, door H.W. v.d. Voet;1
"Opm. pl.grond H.v.d.Wal 1943 ; bodemvondsten A. v. Pernis 1973 ; opm. doorsnede W.J. Berghuis 1981-'82";1
Opmeet. van gem. werken Ermelo;1
Opmerking : zie voor details blad 2;1
Opmerking architectenbureau : werk 444, blad 10;1
Opmerking architectenbureau : werk 444, blad 4;1
Opmerking architectenbureau : werk 444, blad 5;1
Opmerking architectenbureau : werk 444, blad 6;1
Opmerking architectenbureau : werk 444, blad 7;1
Opmerking architectenbureau : werk 444, blad 8;1
Opmerking architectenbureau : werk 444, blad 9;1
Opmerking in potlood van E.H. ter Kuile: Deze tekening is niet juist! Hier is aan weerszijden een gedichte spitsboogopening, die in de bovenruimte aan Noord- en Zuidzijde thans nog een nis vormt.;1
Opmerking midden onder : is niet af;1
Opmerking op tekening : behoort bij blad 941 / 4;1
Opmerking op tekening : behoort bij tekening 742 (opmerking van architect);1
Opmerking op tekening: Volgens Ir. G. Berends;1
Opmerking rechterbovenhoek : Kerkje onbeduidend;1
Opmerking rechtsonder : Avondmaal;1
Opmerking rechtsonder : blad 5;1
"Opmerking van de tekenaar van deze tekening: 
Door vergelijking met een opmeting heb ik uitgerekend, dat de hoogtematen (ongeveer) 1,375 maal te groot zijn ten opzichte van de breedtematen. (G. Berends, 19 maart 2024)";1
Opmerking(en) test;1
Opmerkingen: 646 - schaal 1:50;1
Opmeting;3
Opmeting 1950;1
Opmeting 1951. Getekend febr. 1975 W.J. Berghuis. Reconstructie verdwenen gedeelten naar foto's bur. A. Mulder, anno 1910  -  opgeplakte strook met maataanduiding;1
Opmeting 1966, bijgewerkt na restauratie 1974;1
"Opmeting 26 - Provinciale Planologische Dienst Groningen 6-1
Haren, Meerweg 217-219";1
Opmeting : jan. 1958;1
Opmeting A.D. Mulder 1988;2
Opmeting E.J. Kuipers;1
Opmeting E.J. Kuipers getekend W.J. Berghuis 1967;1
Opmeting E.J. Kuipers, getekend W.J. Berghuis;1
Opmeting G. Berghuis 1952;1
Opmeting G. Berghuis 1952, getekend door W.J. Berghuis febr. 1984;1
Opmeting G. de Jong, december 1970;1
Opmeting G. de Jong, oktober 1970;1
Opmeting H. v.d. Wal 1943 en W.J. Berghuis 1943, getekend W.J. Berghuis 1980;1
Opmeting H. v.d. Wal 1943, bijgewerkt en getekend W.J. Berghuis februari 1976;1
Opmeting H. v.d. Wal 1943, herzien tijdens de restauratie en getekend door W.J. Berghuis;1
Opmeting H. v.d. Wal 1943. Getekend 1974 W.J. Berghuis;1
"Opmeting H. v.d. Wal 1943; bijgewerkt na restauratie, getekend W.J. Berghuis september 1981";2
"Opmeting H. v.d. Wal 1943; getekend juni 1981";1
Opmeting H. v.d. Wal 1944, W.J. Berghuis en R.O.B. 1973, getekend W.J. Berghuis 1974;1
Opmeting H. v.d. Wal 1944, getekend W.J. Berghuis 1977;1
Opmeting H. v.d. Wal 1944. Getekend 1974 W.J. Berghuis;1
"Opmeting H. v.d. Wal 1944; herzien na restauratie 1962 en getekend door W.J. Berghuis 1977";1
Opmeting H. v.d. Wal juli 1944;1
Opmeting H. v.d. Wal, 1944;2
Opmeting H. v.d. Wal, 1945 en W.J. Berghuis 1977;1
Opmeting H. v.d. Wal, 1947;1
Opmeting H. van der Wal 1943;1
Opmeting H.H. Kramer 1872, hoofdafmeting gecontroleerd juli 1978;1
Opmeting H.J. Cramer 1945, gekopieerd en bewerkt;1
Opmeting H.v.d. Wal, 1943;1
"Opmeting H.v.d. Wal; opgraving nov. 1979. Getekend october '82 W.J. Berghuis";1
Opmeting H.v/d Wal   -   kleur;1
Opmeting H.v/d Wal en B.J.F. Kamphuis. tekening: B.J.F. K.   -   klauer;1
Opmeting J.P. Staal;8
Opmeting R.C. van Beusekom;1
Opmeting aug. 1959 W.J. Berghuis. Reconstructie spits en fries naar R. savrij;1
Opmeting augustus 1944 arch. W.J. Bunnik Breda;1
Opmeting bestaande toestand;1
Opmeting bestaande toestand september 1952;2
Opmeting bestaande toestand, donjon van kasteel Rhijnestein te Cothen (Utrecht);1
Opmeting boerderij;1
Opmeting boerderij - schaal 1:100;1
Opmeting der Nederduitsch-Hervormde kerk;2
"Opmeting der te sloopen K.K. Kerk te Born (Limburg); plattegrond schaal 1 a 50";1
Opmeting en tekening W.J. Berghuis;1
Opmeting en tekening W.J. Berghuis, 1974;1
Opmeting en tekening: mej. T. v.d. Brug en G. Elzinga, oktober 1971;3
Opmeting gemeente Valkenburg 1952 getekend H. van der Wal 1976;1
Opmeting gevels hoek Blauwehandsteeg- andere straat wordt niet vermeld;1
Opmeting in verband met restauratie;1
Opmeting juni 1944 architect leider P. Elling Hilversum;1
Opmeting na ontpleistering;1
Opmeting nr. 26 - Blad R - eenig blad - Schaal situaties: 1:2500 en 1:500 - 1:100 en details: 1:10 en 1:2;1
Opmeting pand aan de Groenhazengracht hoek Oude Varkenmarkt;1
Opmeting pand aan de Groenhazengracht hoek Oude Varkensmarkt;1
"Opmeting pl.grond en dwarsdoorsn. H. v.d. Wal 1943; langsdoorsn. W.J. Berghuis '74; get. jan. 1982 W.J. Berghuis";1
Opmeting september 1961 tot februari 1962, getekend 1975 W.J.Berghuis volgens de toestand na de restauratie;1
"Opmeting torengedeelte W.J. Berghuis 1950 ; schip en koor W. Schaapens 1910";1
Opmeting van 1969   -   Vergelijk: neg.nr.: 203.676;1
Opmeting van L. van Valkenburg;2
Opmeting van Van Beek;1
Opmeting van de herstelde fundering van de noordgevel, contrefort tussen 4e en 5e travee uit de westzijde. De herstelling is gemaakt ongeveer 1875, opgemeten in 1925;1
Opmeting van een boerderij te Hoorn op Terschelling;1
Opmeting van het kerkgebouw der nederlands Hervormde Gemeente in Barsingerhorn;1
Opmeting van het nog aanwezige muurwerk sept. 1974, W.J. Berghuis  -  Met gebruikmaking van foto's augustus 1900, Bureau Mulder e.a.;1
Opmeting van het raam voor de consistorie van de Koorkerk te Bergen;1
"Opmeting was door mw. Jet van Langeveld tijdelijk aan SHBO ter beschikking gesteld om kopie voor het archief te maken;  Jet van Langeveld, Riouwstraat 61, 2585 GV  Den Haag.";1
Opmeting, Blad 1/1;35
"Opmeting, Blad 1/1
Plaats: Bantega";1
"Opmeting, Blad 1/1
Plaats: Het Klooster";1
Opmeting, Blad 1/1 ;1
Opmeting: 1968. Getekend: 1979 H. v.d. Wal  /  A. W. 12-'81;1
"Opmeting: Erven Jansen;
Blad II
Doorsnede B.B.";1
Opmeting: G. Berghuis, 1952;1
Opmeting: H. v.d. Wal, aug. 1944;1
Opmeting: H. van der Wal, 1944;1
Opmeting: J. Stapper, tekening P. Meijer;1
Opmetingen : W.J. Berghuis, 1952 - '60;1
Opmetingen door leerlingen aan de Academie van Bouwkunst Amsterdam 1949 en H. van der Wal (getekend 1976);1
Opmetingschets van A. Mulder? ...;1
Opmetingsschets  -  met aantekeningen;1
Opmetingstekening, vervaardigd voor de Geïllustreerde Beschrijving van Voorne-Putten (1992);1
Opn. dec. 1978;1
Opschrift : Hardinxveld's eynde;1
Opschrift boven deur : Praestantaterna Caducis;1
Opschrift op de tekening: 'basiliek van Monulphus' (de stichter van de Sint-Servaasbasiliek).;1
Opschrift op pui : Showroom Studebaker;1
Opschrift op pui : Studebaker;1
Opschrift: Midden 16e eeuw;10
"Opschrift: Plan tot restauratie van het woonhuis te Midsland no. 109 op het eiland Terschelling.
Collectie Royaards";1
Opschrift: viering, 1848;1
Opschriften : 17e eeuw;1
Opschriften: (rechtsonder), de andre helft is gelijk aan deze, doch dermate uitgewischt en uitgekalct dat de doortrek daarvan niets dan onsamenhangende lijnen zou gegeven hebben;1
Opschriften: A.N. 47, Barbiersgilde Rotterdam;1
"Opschriften: A.N. 47, Weversgildebord, geschilderd op kalk tegen een der pijlers van het koor van de Grotote Kerk te Rotterdam. Opgenomen 17 sept '79; kleuraanduidingen";1
"Opschriften: A.N. 47, inscr. 1573; kleuraanduidingen";1
"Opschriften: A.N. 47;   Barbiersgilde Rotterdam";1
"Opschriften: Gildebord Groote Kerk Rotterdam, (koor), (bovengedeelte), muurschilderingen A.No. 47.  Rotterdam; Diverse kleuraanduidingen";1
Opschriften: Weversgilde, A.N. 47, kleuraanduidingen;1
Opschriften: apostelfiguren Ned.Herv.Kerk te Muiden, De Bilt september 1924;1
Opschriften: inscriptie I Corinth, A.N. 47, Rotterdam, kleuraanduidingen;1
Opschriften: kleuraanduidingen;3
"Opschriften: weversgilde Rotterdam, A. No. 47; Diverse kleuraanduidingen";1
Origineel of (licht)druk?;3
Originele tekening ?;1
Originele tekening ???;1
Originele tekening?;1
Originele tekening?  -  N.B.: hooimaand = juli;1
Originele tekening?  -  objectgegevens??? Op tekening aantekening: Bergen (L) en kasteel Blijenbeek?;1
Originele tekening?  -  tekening van de RDMZ?;1
Originele tekening?...;1
Originele tekening???;3
Oud Schoonebeek A 249;1
Oud adres: B 137;1
Oud adres: F 146;1
Oud nummer : A 1101;1
Oud nummer : A 1156;1
Oud nummer : A 1159. Gevonden tekening 26  aug. 1902 aan den Heer Roodenburg.;1
Oud nummer : A 1167;1
Oud nummer : A 133;1
Oud nummer : A 1739;1
Oud nummer A-110;1
Oud nummer A-111;1
Oud nummer M 101;1
Oud nummer: A-128;1
Oude Delft tussen Boterbrug en Nieuwstraat;1
"Oude Turfmarkt 127-129 is RM 5780
Oude Turfmarkt 139 is RM 5782";1
Oude nummering, rechtonder: A 1007;1
Oude situatie (zie ook foto nummer OF-00117);1
Oude straataanduiding: A 95;1
Overdruk met wijzigingen;1
Overgenomen door H.W. v.d. Voet  -  Kleur;1
Overgenomen en getekend naar tekeningen van H.v.d. Wal en T.v. Elven in october 1954 door H.W. v.d. Voet;1
Overgenomen van andere tekening;3
Overgenomen van een opmeting van architect A.L. Oger, W.A. Hemsing en E.A. Canneman;1
Overgenomen van een tekening van Gemeentewerken Gaasterland;1
"Overgenomen van een tekening van het Alg. Rijksarchief, 's-Gravenhage. ""H 421 Fort IV"" ""Plans van vestingen litt. H.No. 236""";1
Overgenomen van het R.O.B., G.J. de Vries;1
Overgenomen van opmeting W.A. Hemsing;1
Overgenomen van opmetingstekening van W.J. Berghuis, februari 1950;1
Overgenomen van tekening Gemeente Werken Gaasterland;2
Overgenomen van tekening van H.P. van Beveren;1
Overgetekend door B.V. van den Bergh, 5 mei 1942;1
Overgetekend van een opmeting van Rijksgebouwendienst door B.V. van den Bergh, aug. '43;1
Overgetrokken uit : L. Jacobi, Das Römer Castell. Saalburg, Homberg v.d. Höhe, 1897   -   fig. 73, nr. 21, 22, 23, 27, 28;1
P No. 102;1
P No. 106 - kleur;1
P No. 118 b;1
P No. 118 c;2
P No. 118 d;2
P No. 118a;1
P No. 119;1
P No. 120;1
P No. 121;1
P No. 122;1
P No. 124 - kleur;1
P No. 127 - pand behoorde vroeger tot het Preekherenklooster;1
P No. 128;1
P No. 2;1
P No. 3;1
P No. 4, kleur;1
P No. 5, kleur;1
P No. 67;1
P No. 85;1
P No. 88;1
P. Wiersma, w.n. dir. van gemeentewerken  -  geen adres bekend...;1
PN 55a 1;1
PN 55a 2;1
PN 55a 3;1
PN 55a 4;1
PN 55a 5;1
PN 55a 6;1
Pachter: G.H. Peters - Aantal bladen 2 - blad no 1 - Schaal 1:100;1
Pand gesloopt 1911. Vgl. BT-003047;1
Pand gesloopt in februari 1896;1
Pand is afgebroken in 1900;1
Pand is afgebroken in 1900  -  Hoekpand Damstraat 20 - hoek Pieter-Jacobdwarsstraat;1
Pand is afgebroken in 1908;1
Pand is gesloopt in 1876, stond op de aardappelmarkt hoek Haven;1
Pand is gesloopt in 1942;2
Pand is in de nacht van 26 op 27 mei 1879 door brand geheel verwoest;1
Pand verbrand en daarna gesloopt juni 1908;1
Panden 3 en 5: adres?????;1
"Paraaf  ""HD""  -  maten in de tekening aangegeven";1
"Paraaf 'H.O."" niet bekend...  -  stempel linksonder: 911";1
Paraaf (?): D;2
Paraaf / initialen rechtsonder, niet ontcijferd;1
Paraaf ?;1
Paraaf J.P.  Staal?;1
Paraaf J.P. Staal?;4
Paraaf LB ???;1
Paraaf W.S.;1
Paraaf W.S. ? (slecht leesbaar, maar indien: Scheepens??);1
Paraaf c.q. handtekening rechtsboven, niet ontcijferd;1
Paraaf herken ik niet...;1
Paraaf linker benedenhoek : D.V.;1
Paraaf linksonder : H.D.;1
Paraaf linksonder, niet ontcijferd;1
Paraaf niet bekend...;1
Paraaf niet duidelijk...;1
Paraaf niet herkenbaar;4
"Paraaf niet herkenbaar  -  ""Haringbuis Bloemendaal"". Onderaan: Aerdenhout: de Haringbuis ... ??????";1
Paraaf niet herkenbaar...;10
Paraaf niet herkenbaar...  -  Weinig gegevens op de tekening...;1
Paraaf onbekend;2
Paraaf onbekend. Opgemeten door Arch. Ad. Mulder, maart 1911;1
Paraaf onbekend...;1
Paraaf onherkenbaar...;1
Paraaf rechter beneden hoek : niet goed leesbaar;1
Paraaf rechts onder : J.P.St.;1
Paraaf rechtsonder : AW;13
Paraaf rechtsonder : C.W.;1
Paraaf rechtsonder : CBR;1
Paraaf rechtsonder : EV ?;1
Paraaf rechtsonder : F.K.;11
Paraaf rechtsonder : FK;2
Paraaf rechtsonder : K;1
Paraaf rechtsonder : L.B.;1
Paraaf rechtsonder : T.K.;3
Paraaf rechtsonder : V;2
Paraaf rechtsonder : W.S. of S.W.;3
Paraaf rechtsonder : niet verder ontcijferd;1
Paraaf rechtsonder : onbekend;1
Paraaf rechtsonder niet ontcijferd;1
Paraaf rechtsonder niet ontcijferd,;1
Paraaf rechtsonder, niet ontcijferd;5
Paraaf rechtsonder, niet verder ontcijferd;5
Paraaf rechtsonder, vermoedelijk J.R.W.;1
Paraaf rechtsonder, vermoedelijk KRW;1
Paraaf rechtsonder: AW;3
Paraaf rechtsonder: TK (slecht leesbaar);2
Paraaf rechtsonderhoek : W.J.B. '52;1
Paraaf tekenaar ?;1
Paraaf van J.P. Staal?;4
Paraaf vervaardiger niet leesbaar...   -   Originele tekening, of kopie op film???;1
Paraaf vervaardiger onbekend...;3
Paraaf vervaardiger onbekend... (Dirk-Jan de Vries?);1
Paraaf, niet ontcijferd;2
Paraaf, onbekend (Royaards?);1
Paraaf, rechts van het midden, onder : onbekend, B.;1
"Paraaf: ""H.B.""? (Phil. Bolt???)   -   Kleur";1
"Paraaf: ""v.Br."" : onbekend";1
Paraaf: ?;4
Paraaf: ?   -   Kleur;1
Paraaf: ???;1
Paraaf: C.d.W., onbekend;1
Paraaf: Chr.D.W., onbekend;1
Paraaf: D;2
Paraaf: D, niet bekend;5
Paraaf: D, onbekend;4
Paraaf: D, onbekend  -  Kleur;4
Paraaf: D.;9
Paraaf: D. , niet bekend;1
Paraaf: D. , niet bekend   -   Vergelijk: BT-006487;1
Paraaf: D. ?;1
Paraaf: D. onbekend   -   Panden van Van Haren;1
Paraaf: D.J. de Jong ?;2
Paraaf: D.V.;3
Paraaf: D.V.   -   Kleur;2
Paraaf: D.V.  -  Kleur;1
Paraaf: D.V.  -  kleur;1
Paraaf: D.V. ?;1
Paraaf: D: niet bekend;1
Paraaf: F.D, niet bekend   -   Architecten bureau Jos & Pierre Cuypers,  F.D.;5
Paraaf: F.T., Rotterdam;2
Paraaf: G.W.;3
Paraaf: G.W.   -   Kleur;1
Paraaf: G.W., onbekend;2
Paraaf: H. v.d. S.;1
Paraaf: H.B.;1
Paraaf: H.B. ?;2
Paraaf: H.B. niet bekend;3
Paraaf: H.B., onbekend;2
Paraaf: H.D.;7
Paraaf: H.D., onbekend;1
Paraaf: H.E.;1
Paraaf: H.K.;2
Paraaf: H.K. (H.N. Karsemeijer???);1
Paraaf: H.M., onbekend  -  Inspectie Kunstbescherming;1
Paraaf: H.O., onbekend;1
Paraaf: H.d.J., onbekend;6
Paraaf: HJB;11
Paraaf: HJB, onbekend;1
Paraaf: HJW, onbekend  -  Opgemeten door arch. Ad. Mulder in juli 1906;1
Paraaf: HK (Karsemeijer???);1
Paraaf: I.J. ?;1
Paraaf: J S (JP Staal?);1
Paraaf: J.A.L.B. ?;1
Paraaf: J.A.L.B. ?  -  Kleur;1
Paraaf: J.B. ???;1
Paraaf: J.H. v.d. S. (?);1
Paraaf: J.O.P.;2
Paraaf: J.R.W ?;1
Paraaf: J.R.W. ?;1
Paraaf: J.S.;3
Paraaf: J.S.   -   Bulletin K.N.O.B., 1965, artikel R. Meischke;1
Paraaf: JO, onbekend;1
Paraaf: JRW? niet herkenbaar;2
Paraaf: K.S. ?;1
Paraaf: L.B. = L.H.Boot;1
Paraaf: L.B. ???;1
Paraaf: LB, onbekend;1
Paraaf: N.v.d. S., onbekend;1
Paraaf: R.T.;1
Paraaf: Royaards?;5
Paraaf: W.S. (Scheepens, W.?);1
Paraaf: W.S., onbekend;1
Paraaf: W.T.,  onbekend  -  naar opmeting van g. Berends, mei 1969;1
Paraaf: nier bekend  -  Opgemeten door A.D. Mulder, nov. 1902;1
Paraaf: niet bekend;14
Paraaf: niet bekend   -   gemeten juni 1964, getekend augustus 1964, mei 1965;1
Paraaf: niet bekend   -   kleur;1
Paraaf: niet bekend   -   opgenomen door arch. Ad. Mulder in july 1886 (schetsboekje 36);1
Paraaf: niet bekend   -   tekening met stift gemaakt;1
Paraaf: niet bekend  (Van 't Schip?);1
Paraaf: niet bekend  -  Gemeten juni en december 1964;2
Paraaf: niet bekend  -  Gemeten juni september 1964;1
Paraaf: niet herkenbaar;3
Paraaf: niet herkenbaar   -   Kleur;2
Paraaf: niet herkenbaar   -   kleur;3
Paraaf: onbekend;40
Paraaf: onbekend    -    Eemnes (B) ???;1
Paraaf: onbekend   -   Kleur;1
Paraaf: onbekend  -  Adres: Vlist 95: niet te traceren in fotocatalogus;1
Paraaf: onbekend  -  Naar gegevens van K. Wolthuis sr. en jr., Harkstede;1
Paraaf: onbekend  -  kleur;1
Paraaf: onbekend  -  naar tekening H. v.d. Wal;1
Paraaf: onbekend  -  tekening bijgewerkt: augustus 1967;1
Paraaf: onbekend (Royaards???);1
Paraaf: onbekend.;1
Paraaf: onleesbaar, dus onbekend;2
Paraaf: v.H. , onbekend;3
Paraaf: v.H., onbekend;1
Paraaf: v.d.B2 (???)   -   Kleur;1
Parkstraat;1
Partiele restauratie;1
Pastorie;1
Penning, C.A., nr. 1-blad 1;1
Per abuis staat op de tekening een andere kerk genoemd (H. Agatha Kerk);1
Perceel Van Hasseltkade hoek Raamstraat;1
Periode 1880-1890 (gesloopt: mei 1989);1
Perspektief, nr. 3112;1
Pl. 1;1
Pl. 10;1
Pl. 11;1
Pl. 12;1
Pl. 13;1
Pl. 14;1
Pl. 15;1
Pl. 16;1
Pl. 2;1
Pl. 3;1
Pl. 4;1
Pl. 5;1
Pl. 6;1
Pl. 7;1
Pl. 8;1
Pl. 9;1
Plaat I behorende tot het in 1925 door ir. J.J. Weve voltooide manuscript 'De Valkhofburcht te Nijmegen'.;1
Plaat I behorende tot het in 1925 door ir. J.J. Weve voltooide manuscript 'De Valkhofburcht te Nijmegen'. Zie ook BT-012338.;1
Plaat II behorende tot het in 1925 door ir. J.J. Weve voltooide manuscript 'De Valkhofburcht te Nijmegen'.;1
Plaat III behorende tot het in 1925 door ir. J.J. Weve voltooide manuscript 'De Valkhofburcht te Nijmegen'.;1
Plaat IV behorende tot het in 1925 door ir. J.J. Weve voltooide manuscript 'De Valkhofburcht te Nijmegen'.;1
Plaat IX behorende tot het in 1925 door ir. J.J. Weve voltooide manuscript 'De Valkhofburcht te Nijmegen'.;1
Plaat V behorende tot het in 1925 door ir. J.J. Weve voltooide manuscript 'De Valkhofburcht te Nijmegen'.;1
Plaat VI behorende tot het in 1925 door ir. J.J. Weve voltooide manuscript 'De Valkhofburcht te Nijmegen'.;1
Plaat VII behorende tot het in 1925 door ir. J.J. Weve voltooide manuscript 'De Valkhofburcht te Nijmegen'.;1
Plaat VIII behorende tot het in 1925 door ir. J.J. Weve voltooide manuscript 'De Valkhofburcht te Nijmegen'.;1
Plaat X behorende tot het in 1925 door ir. J.J. Weve voltooide manuscript 'De Valkhofburcht te Nijmegen'.;1
Plaat XI behorende tot het in 1925 door ir. J.J. Weve voltooide manuscript 'De Valkhofburcht te Nijmegen'.;1
Plaat XII behorende tot het in 1925 door ir. J.J. Weve voltooide manuscript 'De Valkhofburcht te Nijmegen'.;1
Plaat XIII behorende tot het in 1925 door ir. J.J. Weve voltooide manuscript 'De Valkhofburcht te Nijmegen'.;1
Plaat XIV behorende tot het in 1925 door ir. J.J. Weve voltooide manuscript 'De Valkhofburcht te Nijmegen'.;1
Plaat XIX behorende tot het in 1925 door ir. J.J. Weve voltooide manuscript 'De Valkhofburcht te Nijmegen'.;1
Plaat XIX, behoort bij bestek 17;1
Plaat XL behorende tot het in 1925 door ir. J.J. Weve voltooide manuscript 'De Valkhofburcht te Nijmegen'.;1
Plaat XLI behorende tot het in 1925 door ir. J.J. Weve voltooide manuscript 'De Valkhofburcht te Nijmegen'.;1
Plaat XV behorende tot het in 1925 door ir. J.J. Weve voltooide manuscript 'De Valkhofburcht te Nijmegen'.;1
Plaat XVI behorende tot het in 1925 door ir. J.J. Weve voltooide manuscript 'De Valkhofburcht te Nijmegen'.;1
Plaat XVII behorende tot het in 1925 door ir. J.J. Weve voltooide manuscript 'De Valkhofburcht te Nijmegen'.;1
Plaat XVIII behorende tot het in 1925 door ir. J.J. Weve voltooide manuscript 'De Valkhofburcht te Nijmegen'.;1
Plaat XX behorende tot het in 1925 door ir. J.J. Weve voltooide manuscript 'De Valkhofburcht te Nijmegen'.;1
Plaat XX, behoort bij bestek 17;1
Plaat XXI behorende tot het in 1925 door ir. J.J. Weve voltooide manuscript 'De Valkhofburcht te Nijmegen'.;1
Plaat XXII behorende tot het in 1925 door ir. J.J. Weve voltooide manuscript 'De Valkhofburcht te Nijmegen'.;1
Plaat XXIII behorende tot het in 1925 door ir. J.J. Weve voltooide manuscript 'De Valkhofburcht te Nijmegen'.;1
Plaat XXIV behorende tot het in 1925 door ir. J.J. Weve voltooide manuscript 'De Valkhofburcht te Nijmegen'.;1
Plaat XXV behorende tot het in 1925 door ir. J.J. Weve voltooide manuscript 'De Valkhofburcht te Nijmegen'.;1
Plaat XXVI A behorende tot het in 1925 door ir. J.J. Weve voltooide manuscript 'De Valkhofburcht te Nijmegen'.;1
Plaat XXVII behorende tot het in 1925 door ir. J.J. Weve voltooide manuscript 'De Valkhofburcht te Nijmegen'.;1
Plaat XXVIII behorende tot het in 1925 door ir. J.J. Weve voltooide manuscript 'De Valkhofburcht te Nijmegen'.;1
Plaat XXX behorende tot het in 1925 door ir. J.J. Weve voltooide manuscript 'De Valkhofburcht te Nijmegen'.;1
Plaat XXXI behorende tot het in 1925 door ir. J.J. Weve voltooide manuscript 'De Valkhofburcht te Nijmegen'.;1
Plaat XXXII behorende tot het in 1925 door ir. J.J. Weve voltooide manuscript 'De Valkhofburcht te Nijmegen'.;1
Plaat XXXIII behorende tot het in 1925 door ir. J.J. Weve voltooide manuscript 'De Valkhofburcht te Nijmegen'.;1
Plaat XXXIV behorende tot het in 1925 door ir. J.J. Weve voltooide manuscript 'De Valkhofburcht te Nijmegen'.;1
Plaat XXXV behorende tot het in 1925 door ir. J.J. Weve voltooide manuscript 'De Valkhofburcht te Nijmegen'. Zie ook BT-012331.;1
Plaat XXXVI behorende tot het in 1925 door ir. J.J. Weve voltooide manuscript 'De Valkhofburcht te Nijmegen'.;1
Plaat XXXVII behorende tot het in 1925 door ir. J.J. Weve voltooide manuscript 'De Valkhofburcht te Nijmegen'.;1
Plaat XXXVIII behorende tot het in 1925 door ir. J.J. Weve voltooide manuscript 'De Valkhofburcht te Nijmegen'.;1
Plaat is gebruikt voor de Geïllustreerde Beschrijving van Maastricht;2
Plaat uit : Joannes van Liefland (schilder) : Kronijk van Utrechts beeldende kunst (1860);1
Plaats : Hal bij Brummen;5
Plaats = Maren;1
Plaats Driehuis is onjuist, dit moet zijn Velsen-Zuid;1
Plaats Rossum: niet helemaal duidelijk leesbaar...;1
Plaats heet op de tekening : Rhijnland;1
Plaats is aanname, lag tussen andere tekeningen van die plaats;1
Plaats is wat vreemd: Willige-Langerak bestaat, Zevender ook...;1
Plaats niet duidelijk leesbaar !;1
Plaats op de tekening : Rugge, de naam van een polder ten zuiden van Brielle;1
Plaats op tekening : Nieuwe Sluis, is thans onderdeel van Heenvliet;1
Plaats volgens Meindersma: Zwolle (gemeente Eibergen);1
Plaats waarschijnlijk Sambeek;1
Plaats: Kapelle Huisnummer 1. Provincie Zeeland;1
"Plaatsaanduiding op de tekening: ""Deutekom"" (= Doetinchem)  -  Tekening opgeplakt op karton";1
Plaatsaanduiding op de tekening: Den Briel (= Brielle);1
Plaatsbepaling na vergelijking met een foto uit het foto-archief;2
Plaatsbepaling na vergelijking met een foto uit het foto=archief;5
Plaatsen meubilair, mozaieken, muurschilderingen, glas in lood, beelden en kruiswegstaties aangegeven;1
Plaatsnaam op de tekening : Meerser (Bisdom Roermond);1
"Plaatsnaam op de tekening is ""Groote Lindt"". Volgens VUGA is dit een vervallen benaming (1881) en valt dit tegenwoordig onder Zwijndrecht";1
Plaatsnaam op tekening foutief gespeld: Ekkelrade;1
Plaatsnaam volgens tekening : Dorestad;1
Plaatsvermelding op de tekening: Deutekom;1
Plaatsvermelding op tekening: Boven Caumer, gemeente Heerlen;1
Plaggen-Klintsje, Rinze Kooi, Hege Seis;1
Plan A;1
Plan B;1
"Plan Bruinisse Kerk, aangevangen 10 februari '89 : schetsen en opmetingen medegegeven aan de heren Lokhond, Cuyper, Hijmans en Frederiks toen zij daarheen gingen; wie houdt dan nu de opmetingen?";1
Plan I;1
Plan II;1
Plan V;1
Plan tot restauratie bij het koetshuis van buitenplaats Overholland;2
Plan volgens bespreking met de burgemeester van Dussen;1
Plan voor de hoofdingang;1
Plan voor herstelling : bestaande toestand, herstelling;1
Plan voor herstelling van perceel Choorstraat 54 te Delft;1
Plan voor het bouwen van een nieuwe kerk;1
Plan voor het maken van een secretarie;1
Plan voor restauratie;6
Plan voor verbouwing;2
Plan voor verbouwing van het gemeentehuis met bebouwing van de grond van de bewaarschool;4
Plandruk van een tekening door W. v.d. Pluim 1912, gewijzigd in 1924 door W.A. Hemsing, gereviseerd in 1952 H. v.d. Wal;2
Plandruk van een tekening door W. v.d. Pluim 1912-gewijzigd in 1924 door W.A. Hemsing, gereviseerd 1952 H. v.d. Wal;1
Plannen gelijkvloers en plan verdieping;1
Plattegrond (ingekleurd) in slechte staat;1
Plattegrond in kleur;1
Plattegrond inclusief omgeving;2
Plattegrond naar architect J. Grunstra (1961), fundering opgemeten januari 1962, tekening W.J. Berghuis;1
Plattegrond naar opmeting Openbare Werken, gevels opm. H. v.d. Wal 1960;1
Plattegrond van de kerk van de H. Lambertus te Etten in 1610 volgens opmeting door mr. Jan Goossens, schilder te Breda;1
Plattegronden : J. Bieze, 1984;1
Plattegronden bewerkt naar opmeting P. Satijn, opstand naar opmeting H. van der Wal, 1972;2
Pomeinse Brug Maastricht;1
Poptahuis? Of: Popta slot - Popta Gasthuis... ?;2
Postcode 3811 MG;2
"Potlood op lompenpapier, deels met potlood gekleurd
Potlood en inkt op lompenpapier
Correspondentie
Tekeningen zijn waarschijnlijk van H. van der Wal
";1
Potlood-schetsen;1
Potloodlijnen op deze kaart zijn vermoedelijk wegen. Alleen ter ondersteuning van de naverkenning getekend.;1
Potloodschets;15
Potloodschetsen;4
Potloodtekening;31
Potloodtekening met aantekeningen  -  aanduiding object gegegevens enigszins vaag...;1
Potloodtekening met bijgeschreven opmerkingen;4
Potloodtekening, met aantekeningen op de tekening;1
Potloodtekening, schets;1
Potloodtekening, voorschets ?;1
Potloodtekeningen;2
"Praaf: ""D""?";2
Praaf: H.B.  -  Kleur (gedeelte: doorsnede)  -  vergelijk: foto, neg.nr. 30.571;1
Praatschets voor de heer Y.M. Heeg te Spannum;2
Proeve van reconstructie;1
Prof. F.A. Eschauzier, F. Eschauzier jr., B. van Kasteel.  Bussum juni 1952;1
Prof. F.A. Eschauzier, F. Eschauzier jr., B. van Kasteel.  Bussum juni 1952   -   Kleur;1
Profiel afkomstig van de herenbank uit de voormalige hervormde kerk te Graft (Noord Holland), nu toegepast in de hervormde kerk te Willemstad (Noord Brabant);1
Profilering van de zijkanten van de deuromlijsting en teenstukjes van de andere profileringen gereconstrueerd.;1
Project: Romeinse Brug Maastricht;1
Project: Romeinse Brug Maastricht 2000;2
Project: Romeinsr Brug Maastricht 2000;1
"Provinciale Planologische Dienst Groningen 10
Beneden Verlaat 58";1
Provinciale Planologische Dienst Groningen 11;1
"Provinciale Planologische Dienst Groningen 6-2
Haren, Meerweg 217-219";1
Provinciale Planologische Dienst Groningen 7;1
Provinciale Planologische Dienst Groningen 8;1
Publicatie in: Bossche Bladen 2000, jrg. 2.;4
Publicatie: N.Boschma en H.van Koolbergen, Stolp of salon, SHBO, 1985;2
Publicatie: Pieter de Swart : architect van de achttiende eeuw (F.H. Schmidt)  -  opgemeten: G. Lankhorst, 1989;1
Publicatie: Pieter de Swart : architect van de achttiende eeuw (F.H. Schmidt)  -  opgemeten: Ir. R. van Basten, 1997;1
"Publicatie: Pieter de Swart : architect van de achttiende eeuw (F.H. Schmidt)  -  opgemeten: R.G.D.

Hier zetelde de Hoge Raad (tot 2016).";1
Publicatie: Stolp of salon, artikel SHBO 1988 - door N. Boschma en H. van Koolbergen;1
R 3;1
R 44;1
R.K. Kerk te Bokhoven, ontwerp verbouwing grafkamer;2
R.O.V.U. Bureau Monumenten;7
R.O.V.U. Bureau Monumenten  -;1
R.O.V.U. Bureau Monumenten  -  Naar tek. aann. bedr. M. Th. v.d. Voorn B.V. en eigen waarneming;1
R.O.V.U. Bureau Monumenten  -  Naar tekening van bureau Oosting, '79;1
R.O.V.U. Bureau Monumenten  -  Tek.: R de Gast, K.W. Cheng, 8 oktober 1986;1
R.O.V.U. Bureau Monumenten, G. Bolander, 9 mei 1985;1
R.O.V.U. Bureau Monumentenzorg;4
R.O.V.U. Bureau Monumentenzorg  -   lijkt op kopie tekening...;1
"R.O.V.U. Bureau Monumentenzorg  -  Naar tekening en opmeting van garagehouder; eigen opmetingen en waarnemingen";1
R.O.V.U. Bureau Monumentenzorg  -  Naar tekeningen van Monumentenfonds, Buro Oosting 1965. Aangevuld met eigen waarnemingen, B.Kooij, feb. 1986;1
R.T. = Rienk Terpstra, destijds documentalist bij de Rijksdienst;1
RDMZ Den Haag, december 1951 : overgenomen van tekeningenarchief Monumentenzorg 1878 door H.W. v.d. Voet;1
RDMZ, Afdeling Molens;9
ROVU Bureau Monumenten;1
Raam, gemeente Haaren. Hoge Raam 3;2
Raamdetails nader te verstrekken;1
Ramen toren zuid-zijde;1
Rand deels afgescheurd.;2
"Rapport ""De Kalf""";3
Rec.auteur naar foto en schets voorgevel met ged.doorsnede waarschijnlijk van J.H.A. Mialaret;1
Rechtboven : blad 1;1
Rechtboven : blad 2;1
Rechtboven : blad II;1
Rechtboven : blad III;1
Rechtboven : blad IV;2
Rechtboven : blad V;1
Rechten RACM ?;1
Rechterbovenhoek : blad no. 35;1
Rechterbovenhoek : blad nummer 31;1
Rechterbovenhoek afgescheurd;1
Rechteronderhoek melding : D 74;1
Rechterzijde: strip met gaatjes aangebracht (t.b.v. ophangkast);1
Rechts beneden in rood-bruin : 53;1
Rechts- en linksboven twee stadsgezichten van (of naar) Jan de Beyer uit 1740;1
Rechtsboven : 30 / 75;1
Rechtsboven : 44 / 85;1
Rechtsboven : 50 / 80;1
Rechtsboven : 53 / 58;1
Rechtsboven : 57 / 67;1
Rechtsboven : blad 2;1
Rechtsboven : blad 4;1
Rechtsboven : blad nummer 15;1
Rechtsboven : blad nummer 17;1
Rechtsboven : blad nummer 4;1
Rechtsboven : blad nummer 5;1
Rechtsboven : blad nummer 7;1
Rechtsboven : blad nummer 9;1
Rechtsonder : D.;2
Rechtsonder : D.V.;1
Rechtsonder : Megen - De Bouwkundige;1
Rechtsonder : S.H. Berg : naam tekenaar of afkorting plaats?;1
Rechtsonder : Tek. D.;1
Rechtsonder bij de formele gegevens : werknummer 198;2
Rechtsonder bij de formele gegevens : werknummer 199;1
Rechtsonder een merkteken, niet ontcijferd;7
Rechtsonder gesigneerd, handtekening onleesbaar;4
Rechtsonder handgeschreven doch onleesbare tekst;1
Rechtsonder handtekening (Jan van Gies?);3
Rechtsonder handtekening (Meijburg?);1
Rechtsonder handtekening van de architect, vermoedelijk J.M.M. Valk;7
Rechtsonder handtekening, niet herkend;2
Rechtsonder handtekening, niet verder ontcijferd;1
Rechtsonder initialen, niet ontcijferd;1
Rechtsonder met potlood: bl. 90;1
Rechtsonder onduidelijk geschreven initialen [B.St.? / R/St.?];1
Rechtsonder op de tekening: VE-475;1
Rechtsonder paraaf / initialen niet ontcijferd;1
Rechtsonder paraaf : (J.R.W.?);1
Rechtsonder paraaf : L.B.;1
Rechtsonder paraaf: v.H.;5
Rechtsonder staat nog een naam, niet ontcijferd;1
"Rechtsonder staat: ""Behoort bij brief van den Heer R.E.J. Roeterink Veendam 22 November 1868";1
"Rechtsonder staat: ""Behoort bij brief van den Heer R.E.J. Roeterink [...] Veendam 13 Maart 1869""";1
Rechtsonder, bij de formele gegevens het nummer 196;5
Rechtsonder: A 1081   -   Originele tekening?;1
"Rechtsonder: paraaf ""HK""";1
Rechtstreeks overgenomen;3
Reconstructie;3
Reconstructie 1977;1
Reconstructie XVII a naar aanleiding van vondsten tijdens restauratie 1983;2
"Reconstructie gevels midden 17e eeuw naar ""Caertboeck"" van 1693";1
Reconstructie met behulp van aanwezige slotdelen;1
Reconstructie met gebruikmaking van tekeningen door Arch. de Bruijn en van Asbeck 1946 en foto's genomen tijdens afbraak in 1949.;1
Reconstructie naar opmeting bouwfragmenten mei 1987;1
Reconstructie op grond van schetsen van J. Finckenbaum;1
Reconstructie toestand begin 19e eeuw;1
Reconstructie toestand van voor 1536;1
Reconstructie van de volgroeide kloosterplattegrond, XVI c : van de muren zonder getrokken lijnen is het beloop niet met zekerheid bekend : de plaats van de andere binnenmuren, doorgangen en vensters dan de getekende is onbekend;1
Reconstructie van vóór 1536;1
Reconstructie volgens C. Hoek;1
Reconstructie-tekening;1
Reconstructietekening;1
Reconstructietekening van het ontwerp van Van Ravesteyn van 1959 - 1960 voor het benzinestation met daarachter liggende dokterswoning met praktijk;1
Rehabilitaite van de bovenwoning;3
Replica (?);1
Restantenmotief in dodekop op zijkanten van ribben;1
Restauratie Oude Kerk te Delft;1
"Restauratie Oude Toren te Bergen L. ; smeedijzeren poort";1
Restauratie pand Koogerstraat Den Burg, Texel;2
Restauratie schetsontwerp;1
Restauratie van de ruine;1
Restauratie van de ruïne;1
Restauratie van het raadhuis te Brielle;1
Restauratie verdieping woning nummer 73;1
Restauratie- en uitbreidingsplan;2
Restauratie-m en uitbreidingsplan;2
Restauratie-tekening;3
Restauratieplan;1
Restauratieplan - blad 1;1
Restauratieplan - blad 2;1
Restauratieplan - blad 3;1
Restauratieplan - blad 4;1
Restauratieplan G. de Hoog Hz;1
Restauratieplan pand Slotstraat 10 Culemborg;3
Restauratieplan pand slotstraat 10 Culemborg;1
Restauratietekening;3
Revisietekening;3
Revisietekening : plan voor de restauratie;2
Rijksmuseum van Volkskunde, NOM, Arnhem - Documentatie van Landelijke Bouwkunst;7
"Rijksmuseum van Volkskunde, NOM, Arnhem - Documentatie van Landelijke Bouwkunst
";2
"Rijksmuseum van Volkskunde, NOM, Arnhem - Documentatie van Landelijke Bouwkunst
Kerkhof en Lijnbaan 2-8,17-18";1
"Rijksmuseum van Volkskunde, NOM, Arnhem - Documentatie van Landelijke Bouwkunst
Lageweg/Vogelzangsteeg";1
"Rijksmuseum van Volkskunde, NOM, Arnhem - Documentatie van Landelijke Bouwkunst
Opterborg";1
"Rijksmuseum van Volkskunde, NOM, Arnhem - Documentatie van Landelijke Bouwkunst
Oude Sluis 2-5, Langestreek 1";1
"Rijksmuseum van Volkskunde, NOM, Arnhem - Documentatie van Landelijke Bouwkunst
Rijksstraatweg 126";1
"Rijksmuseum van Volkskunde, NOM, Arnhem - Documentatie van Landelijke Bouwkunst
Straat: Fraeylemaborg";1
"Rijksmuseum van Volkskunde, NOM, Arnhem - Documentatie van Landelijke Bouwkunst
Zijlvestweg 5";1
"Rijksmuseum van Volkskunde, NOM, Arnhem - Documentatie van Landelijke Bouwkunst - Blad 10 behoort bij 6e blad
Havenbuurt G 197-199";1
"Rijksmuseum van Volkskunde, NOM, Arnhem - Documentatie van Landelijke Bouwkunst - Blad F4 - Veldwerk: H.J. van Bon, sept. 1945
Sielspad F 49-58";1
"Rijksmuseum van Volkskunde, NOM, Arnhem - Documentatie van Landelijke Bouwkunst - In 11 bladen, Blad 11 behoort bij 6e blad
Havenbuurt G 197-199";1
Rijksmuseum van Volkskunde, NOM, Arnhem - Documentatie van Landelijke Bouwkunst - schaal 1:100;1
Rijksmuseum voor Volkskunde, NOM, Arnhem;75
"Rijksmuseum voor Volkskunde, NOM, Arnhem
A 101+102,43,102,B59,C49,B54";1
"Rijksmuseum voor Volkskunde, NOM, Arnhem
A 106, 86, 103, 88, 54";1
"Rijksmuseum voor Volkskunde, NOM, Arnhem
A 117";1
"Rijksmuseum voor Volkskunde, NOM, Arnhem
A 142";1
"Rijksmuseum voor Volkskunde, NOM, Arnhem
A 53 en 86, 93";1
"Rijksmuseum voor Volkskunde, NOM, Arnhem
A 74-86, A 53-62";2
"Rijksmuseum voor Volkskunde, NOM, Arnhem
A 97";1
"Rijksmuseum voor Volkskunde, NOM, Arnhem
Acht is meer dan Duizend. Leidsestraatweg 75";1
"Rijksmuseum voor Volkskunde, NOM, Arnhem
B 25";1
"Rijksmuseum voor Volkskunde, NOM, Arnhem
B 52, 59 en 54";1
"Rijksmuseum voor Volkskunde, NOM, Arnhem
Berkendreef 6. B 33";1
"Rijksmuseum voor Volkskunde, NOM, Arnhem
Beulakerweg 51 Giethoorn";1
"Rijksmuseum voor Volkskunde, NOM, Arnhem
Boogaardsweg";2
"Rijksmuseum voor Volkskunde, NOM, Arnhem
Boven Westerdiep. vh A 52, 168";1
"Rijksmuseum voor Volkskunde, NOM, Arnhem
C 10
";1
"Rijksmuseum voor Volkskunde, NOM, Arnhem
C 46-50,66-69,48,53";1
"Rijksmuseum voor Volkskunde, NOM, Arnhem
D 62";1
"Rijksmuseum voor Volkskunde, NOM, Arnhem
De Kevie. Kievitsweg 11";1
"Rijksmuseum voor Volkskunde, NOM, Arnhem
Doolhof 1-9, 10-12, 15, 16, 19";1
"Rijksmuseum voor Volkskunde, NOM, Arnhem
Dril 75-85, 13,3 Meerzijde";1
"Rijksmuseum voor Volkskunde, NOM, Arnhem
Elspeet";1
"Rijksmuseum voor Volkskunde, NOM, Arnhem
G 125";1
"Rijksmuseum voor Volkskunde, NOM, Arnhem
Gaast, Gaast nr. 47-53, 84-96";1
"Rijksmuseum voor Volkskunde, NOM, Arnhem
Gaast, Gaast nr. 48-57, 86-89-96";1
"Rijksmuseum voor Volkskunde, NOM, Arnhem
Gaast, Gaast nr. 58-59,70-76,81-83";1
"Rijksmuseum voor Volkskunde, NOM, Arnhem
Gaast, Gaast nr. 69-79, 80-83";1
"Rijksmuseum voor Volkskunde, NOM, Arnhem
Gaast, Gaast nr. 77-79,81,84,85";1
"Rijksmuseum voor Volkskunde, NOM, Arnhem
Groeneweg";1
"Rijksmuseum voor Volkskunde, NOM, Arnhem
Groot Welsden 12";2
"Rijksmuseum voor Volkskunde, NOM, Arnhem
Huisnummer: 87-103";1
"Rijksmuseum voor Volkskunde, NOM, Arnhem
Huisnummers 52,54,100";1
"Rijksmuseum voor Volkskunde, NOM, Arnhem
Huisnummers 81-83, 89";1
"Rijksmuseum voor Volkskunde, NOM, Arnhem
Huisnummers 85-97-100";1
"Rijksmuseum voor Volkskunde, NOM, Arnhem
Huizen. Voorbaan 48";1
"Rijksmuseum voor Volkskunde, NOM, Arnhem
Jagershuis. Havenplein 5-7. B 4 ";4
"Rijksmuseum voor Volkskunde, NOM, Arnhem
Kalverstraat, de Tuinen, C 89";2
"Rijksmuseum voor Volkskunde, NOM, Arnhem
Kalverstraat, de Tuinen, C, 89";2
"Rijksmuseum voor Volkskunde, NOM, Arnhem
Kerkbuurt, Botsteeg";1
"Rijksmuseum voor Volkskunde, NOM, Arnhem
Linthorst. Nr.C, 42b";1
"Rijksmuseum voor Volkskunde, NOM, Arnhem
Muiden, bij Herengracht
Sardientjes in blik";1
"Rijksmuseum voor Volkskunde, NOM, Arnhem
Oosterweg 68";1
"Rijksmuseum voor Volkskunde, NOM, Arnhem
Oud Schoonebeek A 213";1
"Rijksmuseum voor Volkskunde, NOM, Arnhem
Oud Schoonebeek. Middendorp A nr. 208";1
"Rijksmuseum voor Volkskunde, NOM, Arnhem
Pottere of Conyershuisjes";1
"Rijksmuseum voor Volkskunde, NOM, Arnhem
RM 22174
A 74-86, A 53-62";1
"Rijksmuseum voor Volkskunde, NOM, Arnhem
RM 22189
Nieuwstad A, 2 Meenscharswijk";1
"Rijksmuseum voor Volkskunde, NOM, Arnhem
Rukkerweg 6";2
"Rijksmuseum voor Volkskunde, NOM, Arnhem
Schellingwoude. Schellingwouderdijk 301-305";1
"Rijksmuseum voor Volkskunde, NOM, Arnhem
Schellingwouderdijk 301-305";1
"Rijksmuseum voor Volkskunde, NOM, Arnhem
Spakenburg";1
"Rijksmuseum voor Volkskunde, NOM, Arnhem
Straat nr. C. Huisnummer: 72 (op Kappert)";1
"Rijksmuseum voor Volkskunde, NOM, Arnhem
Straat nr.C. Huisnummer: 72 (op Kappert)";1
"Rijksmuseum voor Volkskunde, NOM, Arnhem
Straat: Turfwal, Oude Haven, Oude Schans";1
"Rijksmuseum voor Volkskunde, NOM, Arnhem
Straat: Wijk II-. Huisnummer: 20";1
"Rijksmuseum voor Volkskunde, NOM, Arnhem
Ter Hansouwe. De Horst";1
"Rijksmuseum voor Volkskunde, NOM, Arnhem
Terstraeten";1
"Rijksmuseum voor Volkskunde, NOM, Arnhem
Vliethoven Farsum, gemeente Delfzijl, Farmsumerweg 41";1
"Rijksmuseum voor Volkskunde, NOM, Arnhem
Volendam. Doolhof. NH";1
"Rijksmuseum voor Volkskunde, NOM, Arnhem
Weg Zierikzee / Brouwershaven";2
"Rijksmuseum voor Volkskunde, NOM, Arnhem
Weijerswold. vh I 83, nr 16";1
"Rijksmuseum voor Volkskunde, NOM, Arnhem
Zeeland";1
"Rijksmuseum voor Volkskunde, NOM, Arnhem
Zuid-Scharwoude Dorpsstraat 217";1
"Rijksmuseum voor Volkskunde, NOM, Arnhem
Zuideinde";1
"Rijksmuseum voor Volkskunde, NOM, Arnhem
bij Alberda Heerd";1
"Rijksmuseum voor Volkskunde, NOM, Arnhem
dorpsgezicht";1
"Rijksmuseum voor Volkskunde, NOM, Arnhem
dorpsgezichten";1
"Rijksmuseum voor Volkskunde, NOM, Arnhem
huisnummer 58-61,63-65,10";1
"Rijksmuseum voor Volkskunde, NOM, Arnhem
situatie op het NOM-terrein";1
"Rijksmuseum voor Volkskunde, NOM, Arnhem
{Boerderij, Boerderij van C.P. de Vlieger 1923). Kerkwerve, Schouwen-Duiveland. Verseputseweg 104";1
"Rijksmuseum voor Volkskunde, NOM, Arnhem 
Pellersplein, Kloosterbuurt
Sardientjes in blik";1
"Rijksmuseum voor Volkskunde, NOM, Arnhem (1)
D.J. Koldewe E 9
H. de Kloet";1
"Rijksmuseum voor Volkskunde, NOM, Arnhem (5)
H. de Kloet";1
"Rijksmuseum voor Volkskunde, NOM, Arnhem - (2)
D.J. Koldewe E 9
H. de Kloet";1
"Rijksmuseum voor Volkskunde, NOM, Arnhem - (4)
H. de Kloet";1
Rijksmuseum voor Volkskunde, NOM, Arnhem - Blad 1/2;1
"Rijksmuseum voor Volkskunde, NOM, Arnhem - Blad 1/2
D 85";1
"Rijksmuseum voor Volkskunde, NOM, Arnhem - Blad 1/2 
Schoonebeek,Nieuw-Schoonebeek,Vlieghuis. Emmen,Schoonebeek. Europaweg,Europaweg,Beekweg 42,10";1
Rijksmuseum voor Volkskunde, NOM, Arnhem - Blad 2/2;3
"Rijksmuseum voor Volkskunde, NOM, Arnhem - Blad 2/2
D 85";1
"Rijksmuseum voor Volkskunde, NOM, Arnhem - Blad II
Schoonebeek,Nieuw-Schoonebeek,Vlieghuis. Emmen,Schoonebeek. Europaweg,Europaweg,Beekweg 42,10";1
Rijksmuseum voor Volkskunde, NOM, Arnhem - Documentatie Landelijke Bouwkunst;13
"Rijksmuseum voor Volkskunde, NOM, Arnhem - Documentatie Landelijke Bouwkunst
";1
"Rijksmuseum voor Volkskunde, NOM, Arnhem - Documentatie Landelijke Bouwkunst
Bedum Wolddijk 58 9781 TK";1
"Rijksmuseum voor Volkskunde, NOM, Arnhem - Documentatie Landelijke Bouwkunst
Beijumerweg
Blad 1 van Documentatie landelijke bouwkunst, Map 1. Deze boerderij viel in 1941 kadastraal onder Bedum, later onder Groningen. Afgebroken";1
"Rijksmuseum voor Volkskunde, NOM, Arnhem - Documentatie Landelijke Bouwkunst
Ds. Koppiusweg 1";1
"Rijksmuseum voor Volkskunde, NOM, Arnhem - Documentatie Landelijke Bouwkunst
Ederveen";1
"Rijksmuseum voor Volkskunde, NOM, Arnhem - Documentatie Landelijke Bouwkunst
Erve Kössink. Kremerweg 1-3. F 93-94";1
"Rijksmuseum voor Volkskunde, NOM, Arnhem - Documentatie Landelijke Bouwkunst
Hoge Heerenweg 5-7";1
"Rijksmuseum voor Volkskunde, NOM, Arnhem - Documentatie Landelijke Bouwkunst
Kerkstraat A";1
"Rijksmuseum voor Volkskunde, NOM, Arnhem - Documentatie Landelijke Bouwkunst
Kopieën foto's en tekening verzonden aan bewoner 6 maart 1991";1
"Rijksmuseum voor Volkskunde, NOM, Arnhem - Documentatie Landelijke Bouwkunst
Krawinkel";1
"Rijksmuseum voor Volkskunde, NOM, Arnhem - Documentatie Landelijke Bouwkunst
Nieuwe Schoolweg 8";1
"Rijksmuseum voor Volkskunde, NOM, Arnhem - Documentatie Landelijke Bouwkunst
RM 20297";1
"Rijksmuseum voor Volkskunde, NOM, Arnhem - Documentatie Landelijke Bouwkunst
Torenstraat";1
"Rijksmuseum voor Volkskunde, NOM, Arnhem - Documentatie Landelijke Bouwkunst
Veldpape";1
"Rijksmuseum voor Volkskunde, NOM, Arnhem - Documentatie Landelijke Bouwkunst
Veluwe";1
"Rijksmuseum voor Volkskunde, NOM, Arnhem - Documentatie Landelijke Bouwkunst
Vogelzangsteeg 1";1
"Rijksmuseum voor Volkskunde, NOM, Arnhem - Documentatie Landelijke Bouwkunst
Voorstraat 71";1
"Rijksmuseum voor Volkskunde, NOM, Arnhem - Documentatie Landelijke Bouwkunst
Warns 71-74";1
"Rijksmuseum voor Volkskunde, NOM, Arnhem - Documentatie Landelijke Bouwkunst
Woold. 't Woold";1
"Rijksmuseum voor Volkskunde, NOM, Arnhem - Documentatie Landelijke Bouwkunst
Zuiderstraat 4-6-8";1
"Rijksmuseum voor Volkskunde, NOM, Arnhem - Documentatie Landelijke Bouwkunst
http://data.cultureelerfgoed.nl/semnet/a59e8ce3-df4c-4415-928a-18348dfcc7e5
Papier";1
"Rijksmuseum voor Volkskunde, NOM, Arnhem - Documentatie Landelijke Bouwkunst 
Ds. Koppiusweg C 46";1
"Rijksmuseum voor Volkskunde, NOM, Arnhem - Documentatie Landelijke Bouwkunst (afgebroken in 1960)
Paterswoldseweg 113-115";1
"Rijksmuseum voor Volkskunde, NOM, Arnhem - Documentatie Landelijke Bouwkunst (zie ook Gr7)
Vliethoven Farmsum, gemeente Delfzijl, Farmsumerweg 41";1
Rijksmuseum voor Volkskunde, NOM, Arnhem - Documentatie Landelijke Bouwkunst - Blad 1;1
Rijksmuseum voor Volkskunde, NOM, Arnhem - Documentatie Landelijke Bouwkunst - Blad 2;1
Rijksmuseum voor Volkskunde, NOM, Arnhem - Documentatie Landelijke Bouwkunst - in 1945 door bom verwoest;1
Rijksmuseum voor Volkskunde, NOM, Arnhem - Documentatie van Landelijke Bouwkunst;22
"Rijksmuseum voor Volkskunde, NOM, Arnhem - Documentatie van Landelijke Bouwkunst
";2
"Rijksmuseum voor Volkskunde, NOM, Arnhem - Documentatie van Landelijke Bouwkunst

";1
"Rijksmuseum voor Volkskunde, NOM, Arnhem - Documentatie van Landelijke Bouwkunst
Baljuwstraat 55";1
"Rijksmuseum voor Volkskunde, NOM, Arnhem - Documentatie van Landelijke Bouwkunst
Boerderij 'De Grutterij', Binnenpad, vh Wijk-250, nr. 26";2
"Rijksmuseum voor Volkskunde, NOM, Arnhem - Documentatie van Landelijke Bouwkunst
Boerderij 'De Grutterij', Binnenpad, vh Wijk-250, nr. 26
";1
"Rijksmuseum voor Volkskunde, NOM, Arnhem - Documentatie van Landelijke Bouwkunst
Boogaardseweg";1
"Rijksmuseum voor Volkskunde, NOM, Arnhem - Documentatie van Landelijke Bouwkunst
Burg. Van Houtstraat 28";1
"Rijksmuseum voor Volkskunde, NOM, Arnhem - Documentatie van Landelijke Bouwkunst
Dorpsplein";1
"Rijksmuseum voor Volkskunde, NOM, Arnhem - Documentatie van Landelijke Bouwkunst
Hout, gemeente Geldrop-Mierlo";1
"Rijksmuseum voor Volkskunde, NOM, Arnhem - Documentatie van Landelijke Bouwkunst
Huisnummer C, 42 b";1
"Rijksmuseum voor Volkskunde, NOM, Arnhem - Documentatie van Landelijke Bouwkunst
Koldewe";4
"Rijksmuseum voor Volkskunde, NOM, Arnhem - Documentatie van Landelijke Bouwkunst
Oude Rijksweg 2 (F 66)";1
"Rijksmuseum voor Volkskunde, NOM, Arnhem - Documentatie van Landelijke Bouwkunst
Schoolstraat 6";1
"Rijksmuseum voor Volkskunde, NOM, Arnhem - Documentatie van Landelijke Bouwkunst
Telegraafplein 13/Zeedijk 15""";1
"Rijksmuseum voor Volkskunde, NOM, Arnhem - Documentatie van Landelijke Bouwkunst
Urk. Huisnummers 20-93-105-118";1
"Rijksmuseum voor Volkskunde, NOM, Arnhem - Documentatie van Landelijke Bouwkunst
Wijk II-50 en II-52";1
"Rijksmuseum voor Volkskunde, NOM, Arnhem - Documentatie van Landelijke Bouwkunst
nr. H, 186-187";1
Rijksmuseum voor Volkskunde, NOM, Arnhem - Documentatie van Landelijke Bouwkunst - Blad 1;1
"Rijksmuseum voor Volkskunde, NOM, Arnhem - Documentatie van Landelijke Bouwkunst - Blad 1
F 12";1
"Rijksmuseum voor Volkskunde, NOM, Arnhem - Documentatie van Landelijke Bouwkunst - Blad 1
Oirschotseweg, E 117,102 . E 102";1
"Rijksmuseum voor Volkskunde, NOM, Arnhem - Documentatie van Landelijke Bouwkunst - Blad 1/1 - links onder Blad 24
Oud Schoonebeek 15";1
Rijksmuseum voor Volkskunde, NOM, Arnhem - Documentatie van Landelijke Bouwkunst - Blad 1/1 - links onder Blad 7;1
Rijksmuseum voor Volkskunde, NOM, Arnhem - Documentatie van Landelijke Bouwkunst - Blad 1/2;1
"Rijksmuseum voor Volkskunde, NOM, Arnhem - Documentatie van Landelijke Bouwkunst - Blad 1/2
De Noordhoeve";1
"Rijksmuseum voor Volkskunde, NOM, Arnhem - Documentatie van Landelijke Bouwkunst - Blad 1/2
E 7-8";1
"Rijksmuseum voor Volkskunde, NOM, Arnhem - Documentatie van Landelijke Bouwkunst - Blad 1/2
Huisnummer 19";1
"Rijksmuseum voor Volkskunde, NOM, Arnhem - Documentatie van Landelijke Bouwkunst - Blad 1/2 - Opgemeten: H.J. van Bon, J.C.S, E.S. Baerselman, mei '44
";1
"Rijksmuseum voor Volkskunde, NOM, Arnhem - Documentatie van Landelijke Bouwkunst - Blad 1/2 - Opgemeten: H.J. van Bon, J.C.S, E.S. Baerselman, mei '44
Muldersweg. (vh G 5), nr.6";1
Rijksmuseum voor Volkskunde, NOM, Arnhem - Documentatie van Landelijke Bouwkunst - Blad 1/2 - links onder Blad 14;1
Rijksmuseum voor Volkskunde, NOM, Arnhem - Documentatie van Landelijke Bouwkunst - Blad 1/2 - links onder Blad 18;1
Rijksmuseum voor Volkskunde, NOM, Arnhem - Documentatie van Landelijke Bouwkunst - Blad 1/3;1
Rijksmuseum voor Volkskunde, NOM, Arnhem - Documentatie van Landelijke Bouwkunst - Blad 1/4;1
"Rijksmuseum voor Volkskunde, NOM, Arnhem - Documentatie van Landelijke Bouwkunst - Blad 1/4
Groteweg. vh E 20 en 21, nummer 12";1
Rijksmuseum voor Volkskunde, NOM, Arnhem - Documentatie van Landelijke Bouwkunst - Blad 2/2;1
"Rijksmuseum voor Volkskunde, NOM, Arnhem - Documentatie van Landelijke Bouwkunst - Blad 2/2
De Noordhoeve";1
"Rijksmuseum voor Volkskunde, NOM, Arnhem - Documentatie van Landelijke Bouwkunst - Blad 2/2
E 7-8";1
"Rijksmuseum voor Volkskunde, NOM, Arnhem - Documentatie van Landelijke Bouwkunst - Blad 2/2 - Opgemeten: H.J. van Bon, J.C.S, E.S. Baerselman, mei '44
";1
"Rijksmuseum voor Volkskunde, NOM, Arnhem - Documentatie van Landelijke Bouwkunst - Blad 2/2 - Opgemeten: H.J. van Bon, J.C.S, E.S. Baerselman, mei '44
Muldersweg. (vh G 5), nr.6";1
Rijksmuseum voor Volkskunde, NOM, Arnhem - Documentatie van Landelijke Bouwkunst - Blad 2/2 - links onder blad 13;1
Rijksmuseum voor Volkskunde, NOM, Arnhem - Documentatie van Landelijke Bouwkunst - Blad 2/2 - links onder blad 17;1
Rijksmuseum voor Volkskunde, NOM, Arnhem - Documentatie van Landelijke Bouwkunst - Blad 2/3;1
Rijksmuseum voor Volkskunde, NOM, Arnhem - Documentatie van Landelijke Bouwkunst - Blad 2/4;1
"Rijksmuseum voor Volkskunde, NOM, Arnhem - Documentatie van Landelijke Bouwkunst - Blad 2/4
Groteweg. vh E 20 en 21, nummer 12";1
Rijksmuseum voor Volkskunde, NOM, Arnhem - Documentatie van Landelijke Bouwkunst - Blad 3/3;1
Rijksmuseum voor Volkskunde, NOM, Arnhem - Documentatie van Landelijke Bouwkunst - Blad 3/4;1
"Rijksmuseum voor Volkskunde, NOM, Arnhem - Documentatie van Landelijke Bouwkunst - Blad 3/4
Groteweg. vh E 20 en 21, nummer 12";1
Rijksmuseum voor Volkskunde, NOM, Arnhem - Documentatie van Landelijke Bouwkunst - Blad 4/4;1
"Rijksmuseum voor Volkskunde, NOM, Arnhem - Documentatie van Landelijke Bouwkunst - Blad 4/4
Groteweg. vh E 20 en 21, nummer 12";1
"Rijksmuseum voor Volkskunde, NOM, Arnhem - Documentatie van Landelijke Bouwkunst - Blad F2 - Veldwerk H.J. van Bon, sept. 1943
Sielspad F 29-31-37";1
"Rijksmuseum voor Volkskunde, NOM, Arnhem - Documentatie van Landelijke Bouwkunst - Blad F3 - Veldwerk H.J. van Bon
Sielspad F 40-46";1
"Rijksmuseum voor Volkskunde, NOM, Arnhem - Documentatie van Landelijke Bouwkunst - In 2 bladen - Blad 2/2
Huisnummer 19";1
Rijksmuseum voor Volkskunde, NOM, Arnhem - Documentatie van Landelijke Bouwkunst - Opgemeten: E.S. Baerselman, juli 1944;1
Rijksmuseum voor Volkskunde, NOM, Arnhem - Documentatie van Landelijke Bouwkunst - Opgemeten: H.J. van Bon, J.C.S, E.S. Baerselman, juni 1944;1
Rijksmuseum voor Volkskunde, NOM, Arnhem - Documentatie van Landelijke Bouwkunst - Opgemeten: H.J. van Bon, J.C.S, E.S. Baerselman, mei 1944;2
"Rijksmuseum voor Volkskunde, NOM, Arnhem - Documentatie van Landelijke Bouwkunst - Opgemeten: H.J. van Bon, J.C.S, E.S. Baerselman, mei 1944
Oude Rijksweg 463. B 35";1
"Rijksmuseum voor Volkskunde, NOM, Arnhem - Documentatie van Landelijke Bouwkunst - Opgemeten: H.J. van Bon, J.C.S., E.S. Baerselman, mei 1944
";1
Rijksmuseum voor Volkskunde, NOM, Arnhem - Documentatie van Landelijke Bouwkunst - Opgemeten: H.J. van Bon, juli 1944;1
"Rijksmuseum voor Volkskunde, NOM, Arnhem - Documentatie van Landelijke Bouwkunst - Opgemeten: J.H. Jensma
Leppert";1
"Rijksmuseum voor Volkskunde, NOM, Arnhem - Documentatie van Landelijke Bouwkunst - Opmeting: A.C. Kammeyer
Wijk 3 353-356-364-368. Historische adres 3";1
"Rijksmuseum voor Volkskunde, NOM, Arnhem - Documentatie van Landelijke Bouwkunst - Opmeting: A.C. Kammeyer - 6 Bladen
Huisnummers 807-810-626-300";1
Rijksmuseum voor Volkskunde, NOM, Arnhem - Documentatie van Landelijke Bouwkunst - Opmeting: D.J. Istha;5
"Rijksmuseum voor Volkskunde, NOM, Arnhem - Documentatie van Landelijke Bouwkunst - Opmeting: D.J. Istha
De Buren 36";1
Rijksmuseum voor Volkskunde, NOM, Arnhem - Documentatie van Landelijke Bouwkunst - Opmeting: H.J. van Bon, H. de Vries, E.S. Baerselman;1
Rijksmuseum voor Volkskunde, NOM, Arnhem - Documentatie van Landelijke Bouwkunst - Opmeting: P. v.d. M;1
Rijksmuseum voor Volkskunde, NOM, Arnhem - Documentatie van Landelijke Bouwkunst - Opmeting: P. v.d. M.;1
"Rijksmuseum voor Volkskunde, NOM, Arnhem - Documentatie van Landelijke Bouwkunst - Opmeting: S.A.
Huisnummers 657-658-1490-1652-127-128";1
"Rijksmuseum voor Volkskunde, NOM, Arnhem - Documentatie van Landelijke Bouwkunst - Opmeting: S.A. - 6 Bladen
Huisnummers 600-1234-665-163-1598";1
"Rijksmuseum voor Volkskunde, NOM, Arnhem - Documentatie van Landelijke Bouwkunst - Opmeting: S.A. - 6 Bladen
Wijk 4 142-167-168-286-736. Historisch adres 4";1
"Rijksmuseum voor Volkskunde, NOM, Arnhem - Documentatie van Landelijke Bouwkunst - Veldwerk: H.J. van Bon, 1943
B 53-55";1
"Rijksmuseum voor Volkskunde, NOM, Arnhem - Documentatie van Landelijke Bouwkunst - meerdere huisnummers - gevelankers Korte Streek nr. 25
Lange Streek Lijnbaan 19 - 23";1
"Rijksmuseum voor Volkskunde, NOM, Arnhem - Documentatie van Landelijke Bouwkunst - naar opmeting van H.J. van Bon, J.C.S. en E.S. Baerselman, mei 1944
Gemeenteweg 5, G 202";1
"Rijksmuseum voor Volkskunde, NOM, Arnhem - Documentatie van Landelijke Bouwkunst - naar opmeting van H.J. van Bon, J.C.S. en E.S. Baerselman, mei 1944
Gemeenteweg 71 (G 128-129)";1
"Rijksmuseum voor Volkskunde, NOM, Arnhem - Documentatie van Landelijke Bouwkunst - naar opmeting van H.J. van Bon, J.C.S. en E.S. Baerselman, mei 1944
Gemeenteweg 71, G 128-129";1
"Rijksmuseum voor Volkskunde, NOM, Arnhem - Hengstepad, Wiltjesklinten en Houwswijk
Huisnummers 1,5,6,7,11,12 B 12-15,93,74";1
"Rijksmuseum voor Volkskunde, NOM, Arnhem - Molenaarswijk, Houwswijk en Kattenbrug
Huisnummers 1,5,6,7,11,12 B 12-15,93,74";1
"Rijksmuseum voor Volkskunde, NOM, Arnhem - Molenaarswijk, Houwswijk en Thomasbrug
Huisnummers 1,5,6,7,11,12 B 12-15,93,74";1
"Rijksmuseum voor Volkskunde, NOM, Arnhem - Nieuwe Weide, Weide Wijk en Werfje
A 64-69, A 63 en A 71";1
"Rijksmuseum voor Volkskunde, NOM, Arnhem - landarbeiderswoning nr. 129
";1
"Rijksmuseum voor Volkskunde, NOM, Arnhem - meerdere huisnummers
Kerkepad 7, 11-13, 17";1
Rijksmuseum voor Volkskunde, NOM, Arnhem - schaal 1:10;4
Rijksmuseum voor Volkskunde, NOM, Arnhem - schaal 1:500;1
"Rijksmuseum voor Volkskunde, NOM, Arnhem - zie Blad nr.: 11B
Berkendreef 6. B 33";1
Rijksmuseum voor Volkskunde, NOM, Arnhem, blad 1 - Documentatie Landelijke Bouwkunst;1
Rijksmuseum voor Volkskunde, NOM, Arnhem, blad 2 - Documentatie Landelijke Bouwkunst;1
Rijksstraatweg F;1
Ring op de deuren van de kerk der N.H. Gemeente te Barneveld;1
Romeinse Brug Maastricht;6
Romeinse Brug Maastricht 1999 en 2000;1
Romeinse Brug Maastricht 2000;1
Romeinse brug Maastricht;1
Romeinse gebouwen tussen Stokstraat en Havenstraat naar opmetingen van A. van Pernis;1
Ronde toren voorzijde;1
Rood op geel fond;1
Rood op geel-witte ondergrond;1
Rotterdam, Het Park;1
Rozenwerf;2
Ruinerwold;1
Römer tof;1
S.K. Blad 1;1
"S.K. Blad 2
Piksenweg 5";1
S.K. Blad 3;1
SHBO 28;1
Samengesteld naar diverse tekeningen en eigen waarneming en opmeting;1
Samengesteld naar gegevens der directie van de restauratie toren der Ned.Herv. kerk te Bedum;1
Samengesteld uit opmetingen Archief Bouw- en Woningtoezicht;1
Sassenheim (OS-00982-05B), de kerk staat op achterzijde schets van Eelde.;1
Scan van kopie van de tekening: origineel niet vindbaar - Vervaardiger: LB;1
Scan van kopie van de tekening: origineel niet vindbaar - Vervaardiger: LB  -  Naar opmeting van het Provinciaal Museum van Drente te Assen, afd. Monumenten;1
"Schaal 1:10
Bathinge
werk van ir. Th.Brouwer";1
Schaal 1:10 en schaal 1:20;1
Schaal 1:100;27
"Schaal 1:100
Barradeel. Oude Zeedijk 183";1
"Schaal 1:100
Beuckenswijkstraat 40";1
"Schaal 1:100
Boerderij, Boerderij van F.P. van der Velde (1930). Lekkum, Leeuwarden. Pollepaed	5-7. Snakkerburen 77";1
"Schaal 1:100
Hiddingerzijl";1
"Schaal 1:100
Hoofdstraat 15";1
"Schaal 1:100
Oudebildtdijk, Oude Bildtdijk";1
"Schaal 1:100
Vledderveen. Vledderweg 27";1
"Schaal 1:100
Waerdenhoeve";1
"Schaal 1:100
Wartena 123";1
"Schaal 1:100
blad 3 en 4 zijn van een ander";1
Schaal 1:100 ;1
Schaal 1:100 - 3 bladen, blad no.3;1
Schaal 1:100 - blad 1;1
Schaal 1:100 cm;1
Schaal 1:100/200;1
Schaal 1:20;12
Schaal 1:20 en 1:1;1
Schaal 1:20, blad no. 2;1
Schaal 1:250;1
Schaal 1:50;6
Schaal 1:50 - Formaat A2;1
Schaal 1:50 - formaat A2;1
Schaal 1:50, nummer 1050, blad 4;1
Scharnier archiefkast uit Domkerk  (thans in Utrecht:Centraal Museum);2
Scheepswrak K 47 Z.FL;17
"Schellerbergweg
24061978";1
Schellingwoude;1
Schellingwoude, Schellingwouderdijk;1
Schema - schaal 1:100;1
Schema V bij het rapport van 24 - 27 april 1933;1
Schematische weergave van de inhoud;1
Schenking;11
Schenking : De Vries, 2003;8
Schenking : De Vries, 2003   -   kleur (getallen);1
Schenking : De Vries, 2003   -   kleur (maten);2
Schenking : de Vries, 2003;2
Schenking De Vries;2
Schenking De Vries 2003;13
Schenking De Vries, 2003;27
Schenking Gem.Werken Rheden;1
Schenking de Vries, 2003;5
Schenking gem. werk. Vleuten;2
Schets;2
Schets 1;1
Schets II;1
Schets is vervaagd;1
Schets op de achterkant, niet ontsloten, niet relevant;2
Schets-plan in verband met het maken van een afdak achter de woning;1
Schetsboekje 18;1
Schetsboekje 7, bladzijden 81 en 82;1
"Schetsen in slechte staat.
Zie ook nr.
OS-01050";1
"Schetsen in slechte staat.
Zie ook nr. OS-01049";1
Schetsen zijn genummerd;1
Schetsmatige tekening;2
Schetsmatige tekening  -  Mulder?;1
Schetsmatige tekening, maataanduidingen in tekening genoteerd;1
Schetsontwerp C;1
Schetsontwerp orgel Groenlo, orgelopstelling ontwerl Legéne, getekend J.Jans (architect);1
Schetsontwerp voor restauratie;1
Schetstekening;11
Schetstekening  -  Tekening A. Mulder?;3
Schetstekening met stift;1
Schetstekening?   -   tekening niet af?;1
Schettekening. Tekening niet helemaal af?   -   Omschrijving staat niet aangegeven op de tekening ...;1
Scheur aan zijkant.;1
Scheur en vouwen aan de rand.;1
Scheur in de kaart;1
Scheuren aan de rand.;6
Scheuren aan randen.;1
Scheurtjes en vouwen aan de randen.;1
Schiere was een leerling van Royaards...;2
Schouw afkomstig uit Jelsum (Friesland);1
Schouw in de Kapel;1
Schuifgrendel Giethoorn: Hoeve, thans in het Nederlands Openlucht Museum (NOM);1
Schuifgrendel Oud-Beijerland: Hoeve  Schilmanstede, thans in het Nederlands Openlucht Museum (NOM);1
Schuur gesloopt;1
Sectie B : nos. 979 en 1361;1
Sectie E N1339;1
Sectie G nummer 71;1
September 1955 gemeten en getekend;3
Serie windwijzers: op 3 bladen: 2855 - 2856 - 2857;3
Siberië, Havenbuurt, Kets, Fort;1
Signatuur A.M. of A.U.;1
Signatuur rechtsonder : V.;1
Signatuur staat middenbovenaan in reliëfdruk, onleesbaar...;1
Signatuur: S.F.  of  F.S.;7
Signering rechts onder, niet duidelijk leesbaar;1
Signering rechtsonder niet leesbaar;2
"Signering rechtsonder: ""L.B."" ?";2
Signering rechtsonder: 'AW' (v.d. Wal?);1
Signering rechtsonder: H.B. ?   -   kleur;1
Signering rechtsonder: niet leesbaar / onbekend;1
Signering: J.W.B. ?;1
Sint Geertruid: R.K.Kerk naar opmeting G. de Hoog Hz. 1911 bewerkt H. vd. Wal Jz. 1959;1
Sisters hebben inv. nrs. OB 71-265 a/b, collectie NISA.;1
Situatie Zandwijker Molen te Almkerk opgemeten d.d. 14 oktober 1966;1
Situatie uit Gedenkboek Geleen 1912;1
Situatie van de oude kerk, voor de afbraak van schip en toren in 1872-1873.;1
"Situatie: reconstructie???  Wat is ""Per I en II "" ?";1
"Situatie: reconstructie???  Wat is ""Per III "" ?";1
"Situatie: reconstructie???  Wat is ""Per V"" ?";1
Slagtersrijge;1
Slecht leesbare omschrijving op de tekening;1
Slechte omschrijving op de tekening...;1
Slechte staat, plakband.;3
Slechte staat: scheuren en plakband.;1
Slot zeer verroest.;1
Spant 1;1
Spant 3;1
St. Pieterspoort afgebroken 1868/ Juli 1884;1
"Staat thans in het Rijksmuseum voor Volkskunde, NOM, Arnhem
't Wold
Radmakerij";1
Staat verkeerd gedateerd op de tekening;1
Stamboeknummer 283;2
Steensoorten : rode steen en groen-geglazuurde steen;1
Stempel BT-nummer staat op achterkant;1
Stempel en beschrijving linksboven en ondersteboven geplaatst;1
Stempel en objectaanduiding linksboven, ondersteboven;1
Stempel historisch nummer deels weggevaagd;1
Stempel linksondeR: 2147;1
Stempel linksonder 3579;1
Stempel linksonder met nummer 4817;1
Stempel linksonder met nummer: 1959  -  rechtsonder: 106   -   'Cranstoren'???;1
Stempel linksonder met nummer: 6044;1
Stempel linksonder:  5428;1
Stempel linksonder: 1242;1
Stempel linksonder: 1248;1
Stempel linksonder: 1250;1
Stempel linksonder: 1252;1
Stempel linksonder: 1265;1
Stempel linksonder: 1341;1
Stempel linksonder: 1352;1
Stempel linksonder: 1467   -   handtekening vervaardiger niet leesbaar...;1
Stempel linksonder: 1653;1
Stempel linksonder: 2595;1
Stempel linksonder: 2695;1
Stempel linksonder: 2722;1
Stempel linksonder: 2827;1
Stempel linksonder: 2835;1
Stempel linksonder: 2837;1
"Stempel linksonder: 4136  -  Paraaf ""D.V.""onbekend...";1
Stempel linksonder: 4410;1
Stempel linksonder: 4878;1
Stempel linksonder: 506;1
Stempel linksonder: 5152;1
Stempel linksonder: 5424   -   zie ook BT-002265!;1
Stempel linksonder: 5425   -   zie ook BT-002264!;1
Stempel linksonder: 593;1
Stempel linksonder: 597;1
Stempel linksonder: 6030;1
Stempel linksonder: 6034;1
Stempel linksonder: 6035;1
Stempel linksonder: 6810   -   voormalig adres Rijksbureau voor de Monumentenzorg;1
Stempel linksonder: 860;1
Stempel linksonder: 861;1
Stempel linksonder: 862   -   kleur (heel licht!);1
Stempel linksonder: 877A;1
Stempel linksonder: 881   -   kleur;1
Stempel linksonder: nummer onder randje, niet te lezen;1
Stempel op tekening in groen: REVISIE;1
Stempel rechtsboven : Gemeentewerken Bergen op Zoom;1
Stempel rechtsonder: 2952   -   Kleur;1
Stempel rechtsonder: 3332;1
Stempel rechtsonder: 3931;1
Stempel rechtsonder: 4847   -   Omschrijving niet duidelijk...;1
Stempel rechtsonder: 4848   -   Omschrijving niet duidelijk...;1
Stemple linksonder: 1247;1
Stephanus;1
"Stichting Historisch Boerderij Onderzoek Arnhem
";1
Stiepelhuis. Kloosterstraat 1 (Keerweer);1
Stoutenburg, gemeente Leusden;2
Straat volgens tekening Noorddijk, gecorrigeerd na vergelijking met het foto-archief;2
Straatbeeld 38;1
Straatnaam is niet bekend, mogelijk Oosteinde;1
Straatnaam kent enkele varianten in de schrijfwijze : Nieuwenhuyzenplein, Nieuwenhuijsenplein;1
Straatnaam op de tekening: West;1
Straatnaam op tekening gespeld als Zuupmarkt;1
Straatnaam op tekening: West;1
Straatwand N 1;1
Straatwand T;1
Straatwand T1;1
Straatwand T2;1
Straatwand U noordzijde over de gracht;1
Studieprijsvraag;4
Stuk geborgen 6-9-1996.;1
Stuk van de tekening afgescheurd, rechtsonder, met vermoedelijk de datum van de tekening;1
Sumiere gegevens op de tekening...;1
Summiere object gegevens op de tekening!;1
"Systeemkaart: ""Details .  waar?""  -  N.B.: vergelijk: tekening BT-020547, linker bovengedeelte...";1
T.b.v. nieuwsbrief Tiel.;1
T.b.v. publicatie 'middeleeuwse toestanden'?;1
T.b.v. publicatie in 'Middeleeuwse toestanden'.;4
T.b.v. publicatie in 'middeleeuwse toestanden'.;1
T.b.v.: N.Boschma en H.van Koolbergen, Stolp of Salon, 1985;1
Tbv: N.Boschma en H.van Koolbergen, Stolp of salon, SHBO, 1985;2
Techniek:;1
Techniek: 06;1
Techniek: 1:20;1
Techniek: Calque;164
Techniek: Calque Lichtdruk;81
Techniek: Calque lichtdruk;9
Techniek: Lichtdruk;17
Techniek: Loodblok, vondst nr.;1
Techniek: Origineel;1498
Techniek: Origineel (detailopname inktversie nr. 121457);1
Techniek: Origineel + calque;1
Techniek: Origineel?;1
Techniek: Overzichtstekening;2
Techniek: Potlood;1
Techniek: Velddoorsneden;1
Techniek: aqute + calque + lichtdruk;2
Techniek: aqute + calque + lichtdruk gekleurd;2
Techniek: calque;60
Techniek: calque (aqute) + lichtdrukken;1
Techniek: calque + lichtdruk;73
Techniek: calque + lichtdruk + aqute;2
Techniek: calque + witdruk;7
Techniek: celluloid film + lichtdruk;5
Techniek: detailopname (inktversie);1
Techniek: detailtekening;2
Techniek: druk;21
Techniek: druk-zwart/wit;1
Techniek: druk/gekleurd;4
Techniek: fotocopie;1
Techniek: kleurendruk;30
Techniek: kleurpotlood;1
Techniek: lichtdruk;103
Techniek: lichtdruk gekleurd;1
Techniek: origineel;1
Teekening van de Ginnekenpoort met wachthuizen te Breda;1
Teekening van de Haagpoort met wachthuizen te Breda;1
Teekening van de Weschpoort met wachthuizen te Breda;1
Tegenover Kasteel Schaloen;1
Tegenwoordig gebruikt door de Raad van State;1
Tegenwoordig het Historisch Museum;1
Tegenwoordig is het de kerk van de Remonstrantse Gemeenschap;1
Tek. 2 : J. Martin;1
Tek. no. 10.;1
Tek. no. 11.;1
Tek. no. 12.;1
Tek. no. 13.;1
Tek. no. 14.;1
Tek. no. 18.;1
Tek. no. 9.;1
"Tek. nr. 46, hoort bij 47 (BT-026576/BT-026577) en 48 (BT-026578 t/m BT-026581); opschriften : gewelfbeschildering op eikenhout zwart met grijs, banden rood, Den Haag, juni 1920";1
"Tek. nr. 47.1; hoort bij 47.2, 46 en 48; opschriften: muurstijl eikenhout";1
"Tek. nr. 47.2; hoort bij 47.1, 46 en 48; opschriften: muurschildering kapiteel en wand kleur zwart en rood; Den Haag juni 1920, kleuraanduidingen";1
"Tek. nr. 48.1; hoort bij 48.1 - 4, 46 en 47; opschriften: muurschildering, kleuraanduidingen";1
"Tek. nr. 48.2; hoort bij 48.1 - 4, 46 en 47; opschriften: muurschildering, kleuraanduidingen";1
"Tek. nr. 48.3; hoort bij 48.1 - 4, 46 en 47; opschriften: muurschildering, kleuraanduidingen";1
"Tek. nr. 48.4; hoort bij 48.1 - 4, 46 en 47; opschriften: muurschildering, Den Haag juni 1920; kleuraanduidingen";1
Tek. nr. 49.1 hoort bij 49.1 - 10;1
Tek. nr. 49.10, hoort bij 49.1 - 10;1
Tek. nr. 49.2 hoort bij 49.1 - 10;2
Tek. nr. 49.3 hoort bij 49.1 - 10;1
Tek. nr. 49.4 hoort bij 49.1 - 10;2
Tek. nr. 49.5 hoort bij 49.1 - 10;1
Tek. nr. 49.6 hoort bij 49.1 - 10;1
Tek. nr. 49.7 hoort bij 49.1 - 10;1
Tek. nr. 49.8 (I), hoort bij 49.1 - 10;1
Tek. nr. 49.8 (II), hoort bij 49.1 - 10;1
Tek. nr. 49.9 (I), hoort bij 49.1 - 10;1
Tek. nr. 49.9 (II), hoort bij 49.1 - 10;1
"Tek. nr.: K11; opschriften: schets schilderwerk gewelf Kloosterkerk. schaal 1:10";1
"Tek. nr.: K12; opschriften: wijngaardmotief; diverse";1
Tek.: H. Jansen...;1
"Tek.nr. 12.1, hoort bij 12.1 t/m 12.4, 13 26 en misschien bij 27;  Opschriften: A. NO 47, Barbiersgilde Rotterdam, kleuraanduidingen";1
"Tek.nr. 12.2, hoort bij 12.1 t/m 12.4, 13,  26 en misschien bij 27;  Opschriften: kleuraanduidingen";1
"Tek.nr. 12.3, hoort bij 12.1 t/m 12.4, 13,  26 en misschien bij 27;  Opschriften: kleuraanduidingen";1
"Tek.nr. 12.4, hoort bij 12.1 t/m 12.4, 13,  26 en misschien bij 27;  Opschriften: kleuraanduidingen";1
Tek.nr. 27.1, hoort bij 27.1-4, 12, 13, 20 en 26;1
Tek.nr. 27.3, hoort bij 27.1-4, 12, 13, 20 en 26;1
"Tek.nr. K 27; opschriften : diverse: detailblad 1, hoort bij K 10, K 11, K 12 en K 28";1
"Tek.nr. K 28; opschriften : diverse: detailblad 2, hoort bij K 10, K 11, K 12 en K 27";1
"Tek.nr.: 151.1 Hoort bij 151.2 en 72 t/m 76; Opschriften: muurschildering";1
Tek.nr.: 151.2 Hoort bij 151.1 en 72 t/m 76;1
Tekeining is te vinden in de rode map Ov. 2;4
Teken (paraaf) rechtsonder, niet ontcijferd;2
Teken - paraaf - initiaal rechtsonder, niet ontcijferd;1
Teken achter datering, initiaal of paraaf, niet ontcijferd;1
Teken of paraaf rechtsonder, niet ontcijferd;1
Teken rechtsonder : GB;1
Teken rechtsonder : T.B.R. - verder onbekend;2
Teken rechtsonder : niet ontcijferd;1
Teken rechtsonder : onbekend;1
Teken rechtsonder niet ontcijferd;7
Teken rechtsonder niet verder ontcijferd;3
Teken rechtsonder, J.S. door elkaar;1
Teken rechtsonder, bestaande uit een doorelkaar geschreven J en S;2
Teken rechtsonder, een v en een S door elkaar heen;1
Teken rechtsonder, een v en een S door elkaar, verder niet bekend;1
Teken rechtsonder, een v en een S door elkaar.;1
Teken rechtsonder, initiaal of paraaf, niet ontcijferd;1
Teken rechtsonder, naast de datering, niet verder ontcijferd;1
Teken rechtsonder, niet onmtcijferd;1
Teken rechtsonder, niet ontcijferd;31
Teken rechtsonder, niet ontcijferd,;1
Teken rechtsonder, niet ontcijferd, lijkt op Huys;1
Teken rechtsonder, niet ontcijferd, mogelijk T.K. of F.K.;3
Teken rechtsonder, niet ontcijferd, zou kunnen zijn van Van der Veken;1
Teken rechtsonder, niet verder ontcijferd;1
"Teken rechtsonder, onbekend ; een deel van de objectgegevens achterhaald na vergelijking met foto uit het foto-archief";3
Teken rechtsonder, v met onderstreep, niet bekend wie dat is;1
Teken rechtsonder, voor datering, initiaal of paraaf, niet ontcijferd;1
Teken-paraaf rechtsonder, niet ontcijferd;1
Tekenaar Wim Neefjes;2
Tekenaar niet bekend;1
Tekenaar onbekend;5
Tekenaar zeer waarschijnlijk Peter Meijer    -   Tekening niet compleet afgemaakt?;1
Tekening (kopie) zit in de rode A3 map;1
Tekening 1 :J. Martin      -      Tekening 2: reconstructie K.T. Meindersma;1
Tekening 1 naar foto Rijksmuseum Amsterdam: Meindersma;1
Tekening 135 (code architecten);1
Tekening 197 (code architecten);1
Tekening 856 van werk 249 (gegevens Korswagen);1
Tekening : H. Goedegebure), Gem. Bureau Monumentenzorg Zierikzee, 1979;1
Tekening : H.A. Meyer, Amsterdam.;1
Tekening B. van Beynum, 1896 - Collectie RDMZ;1
Tekening Canneman (lijkt zijn handschrift)   -   stempel met handtekening van Oger, A.L.;1
Tekening D.7;1
Tekening No. 6, B.H. No. 8, kleur. Kopie van tekening, aangepast;1
Tekening PHB? (Geen 'bolletjeskaart'...);1
Tekening RDMZ?;1
"Tekening Temminck Groll ; copyright ?";1
Tekening aanwezig in rode map Ov 2;1
Tekening afkomstig uit een ladevan D.J. de Vries. Hij lijkt ook de vervaardiger te zijn, maar dat is niet zeker!    -   Geen datering o.i.d. op de tekening !;1
Tekening architect G. Veenstra 1921, aangevuld W.J.Berghuis mei 1990;3
Tekening behoorlijk gekreukt...;1
Tekening bestaat uit twee delen : het voorblad (doorzichtig) is een detailuitwerking en plaatsbepaling ten opzichte van het achterblad dat een plattegrond van de grote en van de kleine crypte is;1
Tekening blz. 92 hoort bij detail op blz. 30.;1
Tekening deels op ware grootte;2
Tekening en beschrijving vaag;1
Tekening enigszins gekreukt...;1
Tekening gebaseerd op bestektekening van ir. S. van Ravesteyn;1
Tekening gebruikt in brochure nummer 19   -   12 juli 2000;1
Tekening gebruikt voor het Kunstreisboek, tevens overgenomen uit: Publications 1949, deel LXXXV;1
Tekening gegevens overgeomen van andere tekeningen uit de serie waar deze tekening deel van uit maakt.;1
"Tekening gemaakt ""in herstelden toestand""";1
Tekening gemaakt door de Gemeente Architect A.W. Weis(z)man (?);1
Tekening gemaakt naar C. Pronck, 1726;1
Tekening gemaakt om te gebruiken voor het Kunstreisboek voor Nederland;187
Tekening gemaakt t.b.v. Geïllustreerde Beschrijving Rijnland Oost;1
"Tekening gemaakt t.b.v. het boek ""Hekken in Nederland"".";5
Tekening gemaakt ten behoeve van het Kunstreisboek voor Nederland, achtste druk;2
Tekening gemaakt voor de Geïllustreerde Beschrijving;1
Tekening gemaakt voor de Geïllustreerde Beschrijving (G.B.);3
Tekening gemaakt voor de Geïllustreerde Beschrijving Rijnland Oost;2
Tekening gemaakt voor het Kunstreisboek;98
Tekening gemaakt voor publicatie;2
Tekening gemaakt voor publicatie: nummer vermeldingen;1
Tekening globaal gemaakt naar div. tek. en foto's en eigen opmetingen;1
Tekening grotendeels ingekleurd;3
"Tekening heeft op de tekening trapgevels. Die zijn niet overal bestaand.
N.B.: Vermelding onderaan 'poort Rijnesteyn Langbroek' is onjuist.";1
Tekening hersteld door Restauratieatelier Helmond;1
Tekening hoort bij Rapport 543, Swalemn, Molenstraat 14-16-18-20;1
Tekening in : Rijksarchief Groningen : 29-Zc-4 ged.;1
Tekening in het midden beschadigd (en zo goed mogelijk hersteld door Rest. Atelier Helmond);1
Tekening in rood;1
Tekening is aan de bovenzijde gevouwen !;1
Tekening is gebruikt voor publicatie in 1995.;1
Tekening is in kleur;1
Tekening is niet af;1
Tekening is onderdeel van RDMZ document van Nijkerk, Bunschoterweg 32 uit 1975;2
Tekening is onvoltooid;1
Tekening is opgeplakt op linnen ondergrond...;2
Tekening is te vinden in rode map Ov. 2;7
Tekening is te vinden in rode map Ov.2;23
Tekening is zeer waarschijnlijk vervaardigd t.b.v. het afstudeerwerk van G. Berends over Kasteel Waardenburg, getiteld “’t Hoog Adelijk Huijs tot Hiern, Waardenborg genaampt”. De scriptie is uitgekomen in 1963 (ex.nr. A.R. 14) en aanwezig bij de Bibliotheek onder  documentatienummer 65219.;32
Tekening komt uit map D.J. de Vries;8
Tekening komt uit map D.J. de Vries    -   kopie van calque, op calque, aangepast;2
Tekening lijkt geen origineel, maar een kopietekening...;1
Tekening lijkt niet af ...;1
Tekening lijkt niet af ...  bovendien: met potlood bijgetekend ...;1
Tekening lijkt niet af, deels nog met potlood...;1
Tekening lijkt niet af...;5
Tekening lijkt niet af...  -  maker en datering niet aangegeven: summiere gegevens!;1
Tekening lijkt niet af...  -  voorgevel?;1
Tekening lijkt niet af: rechtsonder nog in potlood...;1
Tekening lijkt niet helemaal af...;1
Tekening linksboven beschadigd: slecht gerepareerd!;1
Tekening maakt deel uit van Geïllustreerde beschrijving Oost Rijnland;1
Tekening maakt deel uit van de Geïllustreerde beschrijving;2
Tekening maakt deel uit van de Geïllustreerde beschrijving Oost Rijnland;17
Tekening maakt deel uit van de Geïllustreerde beschrijving Oostelijk Rijnland;27
Tekening maakt deel uit van de Geïllustreerde beschrijving Utrechtse Heuvelrug;54
Tekening maakt deel uit van de Geïllustreerde beschrijving van de Utrechts Heuvelrug;1
Tekening maakt deel uit van de Geïllustreerde beschrijving van de Utrechtse Heuvelrug;4
Tekening maakt deel uit van de geïllustreerde beschrijving;4
Tekening maakt deel uit van de geïllustreerde beschrijving Alblasserwaard;1
Tekening maakt deel uit van de geïllustreerde beschrijving Utrechtse Heuvelrug;19
Tekening maakt deel uit van de geïllustreerde beschrijving van Alblasserwaard;1
Tekening maakt deel uit van de geïllustreerde beschrijving van de Alblasserwaard;1
Tekening maakt deel uit van de geïllustreerde beschrijving van de Utrechtse Heuvelrug;2
Tekening maakt deel uit van het Zuid-Hollands Molenboek;1
Tekening maakt deel uit ven de Geïllustreerde beschrijving Oost Rijnland;1
Tekening maakt deel uit ven de geïllustreerde beschrijving Oostelijk Rijnland;1
Tekening merkwaardig afgesneden...;1
Tekening naar afbeelding van onbekende herkomst;1
Tekening naar een foto uit 1970;1
Tekening naar een foto uit 1980;1
Tekening naar een foto uit 1981;1
Tekening naar een foto uit 1984;1
Tekening naar een foto uit 1988;3
"Tekening naar een foto uit : Henry René dÁllemagne : Decorative antique ironworks; New York, 1968";1
Tekening naar een foto uit : V.J.M. Eras : Sloten en sleutels door de eeuwen heen. Dordrecht, 1941;1
Tekening naar een foto van D. Moelker, vóór 1977;1
Tekening naar een foto van D.J.K. Zweers;1
Tekening naar een foto van D.J.K. Zweers, 2003;3
Tekening naar een foto van D.J.K. Zweers, 2005;1
Tekening naar een foto van H.G. de Olde (2005);2
Tekening naar een foto van H.G. de Olde, 2005;2
Tekening naar een foto van H.J. van Capelleveen;1
Tekening naar een foto van Jan Hovinga, Zuid-Laren, november 1998;1
Tekening naar een foto van S. den Daas;1
Tekening naar een lichtdruk;1
Tekening naar een opname uit 1922 (?) van de RACM (?);2
Tekening naar een opname uit 1969;1
Tekening naar een schilderij in The Museum of Fine Arts, Boston, U.S.A.;1
Tekening naar een tekening uit : R. Lecoq : Ferronnerie Ancienne, Paris, 1961 en uit: Serrurerie Ancienne, Paris, 1973;1
Tekening naar een tekening van een onbekende maker;1
Tekening naar figuur uit : K. Sluijterman : Huisraad en binnenhuis in Nederland (1925) (aldaar figuur 73);1
Tekening naar figuur uit : K. Sluijterman : Huisraad en binnenhuis in Nederland (1925)( aldaar figuur 38);1
Tekening naar figuur uit: K. Sluijterman : Huisraad en binnenhuis in Nederland (1925);1
Tekening naar foto 32292/15 van het Liturgisch Instituut van de Rijksuniversiteit Groningen (RUG);1
Tekening naar foto B 23798/166 van het Instituut voor Liturgiewetenschap van de Rijksuniversiteit Groningen (RUG);1
Tekening naar foto B 23798/65 van het Instituut voor Liturgiewetenschap van de Rijksuniversiteit Groningen (RUG);1
Tekening naar foto KO-900 van de foto-dienst van de gemeente Utrecht;1
Tekening naar foto Rijksmuseum te Amsterdam;2
Tekening naar foto aldaar verkrijgbaar;1
Tekening naar foto uit 1981;1
Tekening naar foto uit 1988;7
Tekening naar foto uit 1989;2
Tekening naar foto uit : Ada van Deijk : In de voetsporen van Emo en Menko, 1993;1
Tekening naar foto uit : Heinrich Pankofer : Schlüssel und Schloss, Linz, 1974;1
Tekening naar foto uit : Heinrich Pankofer : Schlüssel und Schloss, München, 1974;3
"Tekening naar foto uit : Otfried Kästner : Handgeschmiedet; Linz, 1967";3
Tekening naar foto uit van RACM;1
Tekening naar foto van Gemeente Monumenten Bureau Amsterdam.  -  Arch.nr. KB 83, 20-4-'78, foto: Han van Gool;1
Tekening naar foto van Hist. Museum Rotterdam, febr. 1990;1
Tekening naar foto van Jan Hovinga, Zuidlaren;1
Tekening naar foto van Lips Slotenmuseum, 1941 ?;1
Tekening naar foto van RACM;2
Tekening naar foto van: Gemeente Bureau Monumentenzorg Amsterdam.  Foto: Han van Gool, d.d. 1 '80 . Archnr. 1325-3 & 1325-2;1
Tekening naar foto van: Gemeente Bureau Monumentenzorg Amsterdam.  Foto: Han van Gool, d.d. 1979;1
Tekening naar foto van: Gemeente Bureau Monumentenzorg Amsterdam.  Foto: Han van Gool, d.d. 9 '79 . Archnr. 1350-2 & 3;1
Tekening naar foto van: Gemeente Bureau Monumentenzorg Amsterdam. Arch.nrs 1348 -829, 9 '79. Foto: Han van Gool;1
Tekening naar foto van: Gemeente Bureau Monumentenzorg Amsterdam. Foto: Han van Gool, d.d. 9 '79. Archnr. 1384-12 & 1349-1;1
Tekening naar foto's uit 1969;1
Tekening naar foto's uit 1988;2
"Tekening naar foto's uit: Henry René d'Allemagne : Decorative antique ironwork ; New York, 1968";1
"Tekening naar foto's uit: Henry René d'Allemagne : Decorative antique ironwork ; New York, 1968; oorspronkelijk in : Ferronnerie Ancienne, Paris, 1924";1
Tekening naar foto's uit: Henry René d'Allemagne : Les Anciens maîtres Serrurrier et leurs Meilleurs Travaux, Planche XCX, Paris 1943;1
Tekening naar foto's van D. Moelker, 1977;1
Tekening naar foto's van H.G. de Olde;1
Tekening naar foto's van H.G. de Olde (2005);3
"Tekening naar foto's; geen opmeting";2
Tekening naar gegevens W. Bloemink en A.H.M. Glaudemans;1
Tekening niet af;6
Tekening niet af ?;1
Tekening niet af!;1
Tekening niet af...?  -  Ook op de achterzijde is getekend..., lijkt op schetstekeningen;1
Tekening niet af?   -   originele tekening?;1
Tekening niet af???;1
Tekening niet af???  -  schets?;3
Tekening niet compleet afgemaakt?;2
Tekening niet compleet,:gerestaureerd;1
Tekening niet duidelijk omschreven;1
Tekening niet geheel af: bovenste geleding met potlood geschetst;1
Tekening niet in de doos: alleen digitaal beschikbaar (pdf);1
Tekening niet in de doos: alleen digitaal beschikbaar (pdf-file);1
Tekening niet in de doos: tekening is alleen digitaal beschikbaar (pdf-file);4
Tekening niet in de doos: tekening is alleen digitaal beschikbaar! (pdf-file);3
Tekening niet in doos : alleen digitaal beschikbaar (PDF);4
Tekening niet in doos: alleen digitaal beschikbaar (PDF);1
Tekening niet volledig af: legenda niet compleet ingetekend;1
Tekening nnummer 92.1 hoort bij 83 tot en met 92;1
Tekening nnummer 92.2 hoort bij 83 tot en met 92;1
Tekening nummer 1387 van werk 193 (aanduidingen van Korswagen);1
Tekening nummer 84.1 hoort bij 83 tot en met 92;1
Tekening nummer 85.1 hoort bij 83 tot en met 92;1
Tekening nummer 85.2 hoort bij 83 tot en met 92;1
Tekening nummer 86 hoort bij 83 tot en met 92;1
Tekening nummer 865, werk: 249;1
Tekening nummer 87.1 hoort bij 83 tot en met 92;1
Tekening nummer 87.2 hoort bij 83 tot en met 92;1
Tekening nummer 88.1 hoort bij 83 tot en met 92;1
Tekening nummer 88.2 hoort bij 83 tot en met 92;1
Tekening nummer 89.1 hoort bij 83 tot en met 92;1
Tekening nummer 89.2 hoort bij 83 tot en met 92;1
Tekening nummer 90.2 hoort bij 83 tot en met 92;2
Tekening nummer 91.1 hoort bij 83 tot en met 92;1
Tekening nummer 91.2 hoort bij 83 tot en met 92;1
Tekening nummer 916, werk: 249;1
Tekening nummer volgens architect : 440, werknummer 196;1
Tekening nummer volgens architect : 689, werknummer 196;1
Tekening onderdeel van een serie, gemaakt voor tentoonstelling in Amerika?  -  Wat zijn de objectgegevens?;7
Tekening ontbreekt in eigen collectie: dit is een bouwkundige tekening van het Nederlands Openlucht Museum;1
Tekening op basis van de tekening van architect ir. S. van Ravesteijn van 1952-08-25;1
Tekening op basis van tekening architect ir. S. van Ravesteyn;1
Tekening op basis van tekening architect ir. S. van ravesteyn, datum 03-06-1957;1
Tekening op een soort kunststofachtig papier;3
Tekening op een soort kunststogachtig papier;1
Tekening op een soort stof-achtig papier;5
Tekening op film;1
Tekening op karton geplakt...;1
Tekening op linnen geplakt;1
Tekening op soort kunststof;2
Tekening op soort kunststof achtig papier (tekening dus kopie waarschijnlijk!);2
Tekening op soort kunststofachtg papier;3
Tekening op soort kunststofachtig papier;17
Tekening op soort kunststofachtig papier...;8
Tekening op soort kunststofpapier;1
Tekening op soort kunststofpapier...;2
Tekening op soort kunststogachtig papier... - veel vlekken op de tekening;1
Tekening op ware grootte;9
Tekening opgeplakt op dik papier / karton...;1
Tekening opgeplakt op karton;2
Tekening opgeplakt op linnen ondergrond...;2
Tekening rechterzijde: aangeplakte strook, deel van de tekening...   -   Geïllustreerde Beschrijving Utrechtse Heuvelrug;1
Tekening rechts afgescheurd!!!  -  Kleur;1
Tekening stoep Koopmansstraat;1
Tekening te vinden in rode map OV 2;2
Tekening ten behoeve van Rapport 532;1
Tekening ten behoeve van Restauratie Vademecum;2
Tekening uit : Centre de recherches sur les Monument Historiques, vol. 7, vantaux (portes fortes), 6113, 6614, 6115 (1954);1
Tekening uit : Theordor Krauth und Franz Sales Meyer : Die Kunst- und Bauschlosserei. Karlsruhe, 1897 und Hannover, 1981 (aldaar figuren 253 - 254);1
Tekening van 2 gebouwen;1
Tekening van Canneman?;1
Tekening van Peter Meijer?;1
Tekening van Peter Meijer?   -   Tekening niet compleet afgemaakt?;3
Tekening van Royaards???;2
Tekening van circa 1880-1890  -  Deze overgebleven gevel van de Bredase muur is later onderdeel geworden van de buitenmuur van de Philipsvleugel van het Rijksmuseum Amsterdam (na de laatste verbouwing is deze buitenmuur een binnenmuur geworden).;1
Tekening van de RDMZ?   -   aantekeningen in rood;1
Tekening van de begane grond uit 1904, voordat het oude huis was afgebroken;1
Tekening van de eerste etage uit 1904, voordat het oude huis was afgebroken.;1
Tekening van de kelder uit 1904, voordat het oude huis was afgebroken;1
Tekening van een schetsplan van de boerderij van Architect A. Baart Jr.;1
"Tekening van makelaar - 8250-6 - 60/168
Mijn Genoegen, Rijksstraatweg 184-186";1
Tekening van makelaar met details - schaal 1:1 - K173-174 - 7082-18 - 60 x 140;1
Tekening van twee aan elkaar grenzende gebouwen;2
Tekening vervaardigd ten behoeve van G.B.;3
Tekening vervaardigd ten behoeve van G.B. Oostelijk Rijnland;2
Tekening vervaardigd voor G.B. Oostelijk Rijnland;41
Tekening vervaardigd voor G.B. Oostelijk Rijnland  -  Opgemeten: W.J. Berghuis, 21-1-'88;1
Tekening voor tekeningen Herengracht. Maar of dit ook herengracht is??? 'Amsterdam' zelfs gegokt...;1
Tekening voorstudie van BT-000450?;2
Tekening vrij naar een dia van T.B. Juk;1
Tekening vrij naar foto uit : Deutsches Schloss- und Beschläge-Museum;1
Tekening waarschijnlijk van Adolph Mulder;1
Tekening zit in Parken en Buitenplaatsen. Vraag is of dit wel juist is ...;1
Tekening zit in de rode A3 map;1
Tekening zou kunnen zijn van J.P. Staal;1
Tekening, gemaakt voor het Kunstreisboek;1
"Tekening, vrij naar H. Portheine; koorgewelf reconstructie  -  kopie tekening, aangepast";1
Tekening: 24-12-1965, gewijzigd: 9-3-1966;1
Tekening: G. Bolander, 11-06-'85  -  B. Kooij, 2/'86  -  ROVU Bureau Monumenten;1
Tekening: G. Bolander, 25 april 1985  -  R.O.V.U. Bureau Monumenten;1
Tekening: K. Cheng / B. Kooij;1
Tekening: K.W. Cheng, 29 jan. 1986   -   R.O.V.U. Bureau Monumenten;1
Tekening: Techn. Hoogeschool, afdeling der Bouwkunde. 2e Studiejaar 1934/35;1
Tekening: maart 1965, geweijzigd: G. Berends, september 1970;1
Tekening: maart 1965, gewijzigd: sept. 1970, G. Berends;1
Tekening: op film;1
Tekeningen in slechte staat;1
Tekeningen naar : A.H. Sohn : American wrought iron. New York, 1867 / 1936 (aldaar platen 153 - 155 - 157 - 158 - 160 - 161 - 162);1
Tekeningen naar figuren uit : Diderot et d'Alembert: L'encyclopie Serrurerie, 1751, plaat VII, figuren 50 - 51 - 52;1
"Tekeningnr.: 111
NH";1
"Tekeningnr.: 112
Boerderij De Vogelkooy. Boerderij van J.Kramer (1923). Bergermeer Alkmaar, Bergen. NH";1
"Tekeningnr.: 113
Boerderij De Vogelkooy. Boerderij van J.Kramer (1923). Bergermeer Alkmaar, Bergen. NH";1
"Tekeningnr.: 114
Groet. NH";1
"Tekeningnr.: 116
Noord-Holland";1
"Tekeningnr.: 117
Noord-Holland";1
"Tekeningnr.: 118
Noord-Holland";1
"Tekeningnr.: 119
Het Hof. Wijdenes. Bij de IJsselmeerdijk. Noord-Holland";1
"Tekeningnr.: 120
't Weiver. V 419. Noord-Holland";1
"Tekeningnr.: 121
Keinsmerbrug. Hoek Grote Sloot Keinsmerweg. Noord-Holland";1
Tekeningnr.: 70;1
Tekeningnr.: 71;1
"Tekeningnr.: 72
Boerderij van Jacob de Groot (1921 ,""Boerderij van H.M. de Groot-Smal (1974)";1
"Tekeningnr.: 73
Boerderij van G. Bot (1921) Hem, Venhuizen. Elba H, 53. NH";1
"Tekeningnr.: 74
Boerderij, Boerderij van D. Koorn Jzn. (1921) Aartswoud. Opmeer, Hoogwoud. NH";1
"Tekeningnr.: 75
Boerderij, Boerderij van L. Hameka (1923. Schellinkhout. Drechterland, Schellinkhout A 29. NH";1
"Tekeningnr.: 76
Boerderij. Assendelft. Zaanstad, Assendelft. Dorpsstraat 147. NH";1
"Tekeningnr.: 77
Boerderij, Boerderij van W. de Vos (1929). Middelie. Zeevang, Middelie. NH";1
"Tekeningnr.: 78
Hoogkarspel A 252. NH";1
"Tekeningnr.: 79
Tolke K 13. NH";1
"Tekeningnr.: 80
Ransdorp. NH";1
"Tekeningnr.: 81
Ransdorp. NH
01011825";1
"Tekeningnr.: 82
Ransdorp. NH";1
"Tekeningnr.: 83
Tolke. NH";1
"Tekeningnr.: 84
Sint Maarten"". Tolke C, 163. NH
01011942";1
"Tekeningnr.: 85
Tolke. NH
01011942";1
"Tekeningnr.: 86
Tolke. NH";1
"Tekeningnr.: 87
Noorderburen. NH
01011941";1
"Tekeningnr.: 91
Groenveld. NH";1
"Tekeningnr.: 92
Sint Maarten. Groenveld. NH";1
"Tekeningnr.: 93
Nieuw Gawijzend. Gawijzend. NH";1
"Tekeningnr.: 94
Halfweg. Spaardammerdijk 615. NH";1
"Tekeningnr.: 95
Boerderij De Vogelkooy. Boerderij van J.Kramer (1923). Bergermeer Alkmaar, Bergen. NH";1
Tekeningnummer 783 van werk 196 (codes architectenbureau);1
Tekeningnummer op zijn kop... (sorry);1
Tekeningnummer: 1272 - schaal 1:100;1
Tekeningnummer: 1277 - schaal 1:100;1
Tekeningnummer: 1289;1
Tekst boven de deur : Griffie van Delfland;1
Tekst boven deur : Soli Deo Gloria;2
"Tekst boven tekening, ""Geervliet 1758"", betreft jaar van vervaardiging van de doopboog";1
Tekst op de tekening nauwelijks leesbaar, niet geheel ontcijferd;1
Tekst op gevel : Burmann;1
"Tekst op tekening : schetsontwerp voor woning te Warmeloo: Warmeloo komt niet voor in de Vuga lijst, wel is in het fotoarchief bekend een Kasteek Warmelo in Diepenheim; beschrijving gemaakt op basis van deze gegevens";1
"Tekst op voorblad: ""Plan bij Jh de Stuers""? No 219";1
Tekst rechtsonder met enkele namen, niet verder ontcijferd;1
Tekst rechtsonder, mogelijk met naam vervaardiger, niet ontcijferd;2
"Tekst van Wirdum, Herv. Kerk. 
Mon.nr. 26270";1
"Tekst voor ""werkje"" onleesbaar";1
Tekst: In Duustren Oorlogstied Kwam Disse Watermöl, van Older Half Vergoan, Hier Weer as Niej te Stoan;1
Teksten in het Frans;1
Ten behoeve van G.B.;1
Ten dienste van de begraafplaats;1
Ten tijde van het maken van de tekening was het gebouw reeds afgebroken.;1
Tentoonstelling E.55 te Rotterdam;1
Terpstra & Jonker;1
Tevens aanwezig bestek nr. 17: Herstel woning  16:  Zie schets 38:  Wagenhuis 4 dorsvloer: 28m2 bestrating , dorsvloer: 43m2 klinkers 39:  Schuur 2: dakbeschot met pannen 40:  Boven wagenhuis en bakkeet: 75m2 41:  Welput met pomp , regenwaterput met pomp  44:  61.80 meter 46:  15 meter 47:  Petroleum;1
Tevens gevelaanzicht;1
Tevens kadastraal bekend : D 1357;1
Tevens plattegronden van voormalige kantoor van het Comptoir-Generaal van de Staten van Holland en bebouwing achter het voormalig ministerie van Koloniën;1
Texel;1
Thans Collectie Bureau voor de Monumentenzorg van de provincie Drenthe;1
Thans Collectie Bureau voor de Monumentenzorg van de provincie Drenthe in Assen;1
Thans Collectie Priovinciaal Museum van de provincie Drenthe in Assen;1
Thans Museum Elburg en VVV;2
Thans het Historisch Museum;1
Thans in gebruik als Rooms-Katholiek Klein Seminarie;2
Thans in het Rijksmuseum voor Volkskunde, NOM, Arnhem;1
Thans kunstatelier;1
Thans verdwenen;1
Tijdens de restauratie;1
"Tijdens de restauratie ; naar opmeting hr. Van Druten van Architectenbureau H.F. Rapange 1961 en H. v.d. Wal 1962";3
Toen de tekening gemaakt werd behoorde Waddeneiland Vlieland nog bij Noord-Holland, vandaar dat deze provincie op de tekening wordt vermeld.;2
Toestand 1632;1
Toestand 1909;1
Toestand 1931;1
Toestand 1950;1
Toestand 1970;2
Toestand 1977;1
Toestand in 1766 naar an de Beyer;1
Toestand in februari 1949;4
Toestand na 1931 tot 1984-86;1
Toestand van voor de afbraak uit 1886;1
Toestand voor de restauratie;2
Toestand voor de restauratie, aangevuld met de gegevens gevonden tijdens de retsauratie;1
Toestand voor de verbouwing;1
Toestand voor de verplaatsing, naar opmeting van architectenbureau W.H. Morsink, 1948 - 1956;1
Toestand voor verbouwing. Opgemeten sept. 1957. Getekend 1959, W.J. Berghuis. Gedeelte van 1859 naar tekening J. Kort;1
Toestand vóór 1674;1
Toetsbedrijf v.d. pluimveeteelt - Krachtighuizerweg, Putten - schaal 1:100/200;1
Toevoeging bij panden (2) Vleesmarkt : Achtergevel over 't water;1
Tonkenburg of Toutenburg. Dorpsweg;1
"Topografische Kaart, 123 Veldwerk
01011939";1
Topografische tekening???;1
Toren der N.H. kerk te Berchem, bestaande toestand;1
Toren van de St. Vituskerk Winschoten gem. Oldambt;1
"Toren: toestand voor 1948; kerk tijdens restauratie 1962-1966";1
Torendoorsnede met torenstoel;1
Torenfundering opgegraven mei 1959;1
"Torenhoeve/Torenberg
Plein 38";1
Totaal onbekend wie, wat, waar ...;1
Trap en Trede;2
"Tuinderswoning
Deurne, gemeente Deurne";1
Twee bestekken aanwezig : Bestek Groningen 97 , Het bouwen van een landbouwschuur . Bestek Groningen  3 , Het bouwen van een kap op een veestal . Architect en verv.datum afkomstig van bestek Groningen 97 .;1
Twee foto's aan elkaar gehecht met plakband.;1
Twee plattegronden met de bovenkanten tegen elkaar aan gezet, waar tussen de situatieschets;1
Twee tekening op één vel...;1
Twee tekeningen op een groot stuk dik papier geplakt;1
Tweede afbeelding: verso;1
Tweede delen aan elkaar geplakt...;1
Tweede naam onder de tekening: H.W. Valk;1
Tweede naam onderaan vermeld: Getekend: H.v.B. (van Beveren?);1
Tweede plan;1
Tweezijdige tekening;1
Tweezijdige tekening!!;1
Twente-Akademie, Enschede - Blad 1;1
U Nr. 433;1
UDC 69.024.8;2
"Uit : F.A.J. Vermeulen : De monumenten in de Bommeler- en Tielerwaard; Den Haag, 1932 (aldaar afbeelding 12)";1
"Uit : F.A.J. Vermeulen : De monumenten in de Bommeler- en Tielerwaard; Den Haag, 1932 (aldaar afbeelding 254)";1
Uit : Fritzremersdorf : Zwei wichtige Frankengräber aus Köln, IPEK-Jahrbuchfür prähistorische und etnographische Kunst, 1942-1943 (Band 15 - 16);1
"Uit : J. Kalf : De monumenten in de voormalige Baronie van Breda ; Utrecht, 1912 (aldaar afbeelding 223)";2
"Uit : J. Kalf : De monumenten in de voormalige Baronie van Breda; Utrecht, 1912 (aldaar afbeelding  157)";1
"Uit : J. Kalf : De monumenten in de voormalige Baronie van Breda; Utrecht, 1912 (aldaar afbeelding  293)";1
"Uit : J. Kalf : De monumenten in de voormalige Baronie van Breda; Utrecht, 1912 (aldaar afbeelding  333)";1
"Uit : J. Kalf : De monumenten in de voormalige Baronie van Breda; Utrecht, 1912 (aldaar afbeeldingen 14 en 15)";1
Uit : J. Starkie Gardner : Ironwork, part I : From earliest times to the end of the medieval period. Victoria and Albert Museum, London, 1927;1
Uit de collectie van het Museum Princessehof in Leeuwarden;6
Uit de tekening valt niet op te maken om welke kerk het gaat;1
Uit het (persoonlijk) archief van P. Wiersma 1972;2
Uit: Bertil Almgren, bronsnyclar och djurornamentik. Uppsala 1955.;1
Uit: C.L. Temminck Groll : Het Sint Peters Gasthuis te Arnhem, Bulletin KNOB 6e serie, jaargang 10 (1957), pag. 193-212;1
Uit: D.J. de Vries : Houten en ijzeren bouwfragmenten van de voorst. Zwolle, Het Kasteel de Voorst, 1983, pag. 67-78;1
Uit: Descriptions des arts et métiers : art du serrurier par Duhamel du Monceau.;8
"Uit: Diderot et D'Alembert ; L'Encyclopédie : serrurerie. 1751   -   Pl. XXXIII";1
Uit: Duhamel du Monceau, L'Art du Serrurier, 1767 , plaats XXVIII & XXXIV;1
Uit: Duhamel du Monceau, l'art du serrurier.;2
"Uit: Duhamel du Monceau, l'art du serrurier; 1767.";1
Uit: Gerhart Egger, Beschläge und Schlösser an alten Möbel.;1
Uit: Gert Ljungberg et al., smiddabeslag.;1
"Uit: J. Kalf : De monumenten in de voormalige Baronie van Breda; Utrecht, 1912 (aldaar afbeelding 257 en plaat XXX)";1
"Uit: J. Kalf : De monumenten in de voormalige Baronie van Breda; Utrecht, 1912 (aldaar afbeelding 47)";1
Uit: J. Starkie Gardner : Ironwork London, 1927, deel 1;1
Uit: J. Starkie Gardner, Ironwork, deel 1 (1927)   -   Blz. 56 + 58  -  fig. 18-23;1
Uit: J. Starkie Gardner, Ironwork. Deel 1, 1927   Blz. 54 en 55, figuur 15, 16 en 17;1
"Uit: J.G.N. Renaud : Oude ambachtskunst; 1943 (aldaar afbeelding 106)";1
Uitgave V.V.V.Ouddorp voor '40;1
Uitsnede plaat XXIX behorende tot het in 1925 door ir. J.J. Weve voltooide manuscript 'De Valkhofburcht te Nijmegen'. Zie ook BT-012025 (Dom te Aken) en BT-012716 (Munster te Essen (Westbouw)).;1
Uitsnede plaat XXIX behorende tot het in 1925 door ir. J.J. Weve voltooide manuscript 'De Valkhofburcht te Nijmegen'. Zie ook BT-012028 en BT-012025 (Dom te Aken).;1
Uitsnede plaat XXXIX 'Noordwestelijke muurtoren met aansluitenden ringmuur' behorende tot het in 1925 door ir. J.J. Weve voltooide manuscript 'De Valkhofburcht te Nijmegen'. Zie BT-012030.;1
Uitsnede plaat XXXIX behorende tot het in 1925 door ir. J.J. Weve voltooide manuscript 'De Valkhofburcht te Nijmegen'.;1
Universiteitsgebouw;2
V;1
V.m. Tijns huisje te Batenburg [ kasteeltoegang] get. B. Kooij mei '83;1
VE-118;1
VE-119;1
VE-1372 (maar dat is in de catalogus Prenten en Oude Tekeningen iets heel anders...);1
VE-371-1   -   Kleur;1
VE-487;1
VE-493;1
VE-501;1
VE-507;1
VE-515;1
VE-543;1
VE-552;1
VE-560;1
VE-564;1
VE-569;1
VE-570;1
Vaalsbroek, naar opmeting van F.P.J.Peutz, P.A.M. Mertens, en J.H.A. Huysmans (Hoeve), getekend H.v.d.Wal 1978, B.Kooij 12-3-1982;1
Van het onderste deel van de tekening niet duidelijk wat het voorstelt, vermoedelijk een doorsnede;1
Van het pand zijn geen naam en of adresgegevens bekend;1
Van het rechterdeel van de tekening was niet te achterhalen om welk deel van het gasthuis het gaat;1
Vanaf +/- 1985 in Paleis 't-Loo;2
"Vanaf +/- 1985 in Paleis 't-Loo; daarvoor in Kasteel Zoelen.";1
Vanaf 1794 tot februari 1943 was in dit pand het Portugees Israëlitisch Oude Mannenhuis Mishenet Zekeeniem (Steun aan Ouden) gevestigd met o.a. een huissynagoge en een loofhut;1
Vanaf no. 2 t/m no. 36;1
Variant 1;1
Variant 2;1
Variant 3;1
Variant C;1
Variante B;1
Veel aantekeningen en maataanduidingen op de tekening...  -  op de achterzijde staat de datering;1
Veel aantekeningen op de tekening...;1
Veldwerk 123;1
Veldwerk van C.Wijnberg;2
Velp (G), Jan. 1941, J.G.A. Heineman, Architect;3
Veneweg;1
Ver.datum afkomstig van Plantekening , bestektekening niet aanwezig .;1
Verantwoording A. Vos.;1
Verbeterde stallen van de boerderij van den heer D. Reinders - schaal 1:100;1
Verbindingen volgens bestaande toestand;1
Verbouwd tot twee wooneenheden;1
Verbouwing tot bioscoop;1
Verbouwing van het kasteel tot raadhuis;2
Verbouwing van het rentmeestershuis a.d. Rijnkade in opdracht van de familie Boezeman-Kamp;1
Verbouwing van het voormalig Doelenhotel tot burgemeesterswoning;3
Verbouwingsontwerp consistoriekamer;1
Verbouwingsplan;2
Verbrand in 1947;1
Verbreding tredes;1
Verder geen gegevens gezet op de tekening;1
Verder geen gegevens op de tekening;1
Verder geen gegevens over objectnaam en plaats en andere relevante zaken op de tekening;1
Verder geen gegevens te ontlenen aan de tekening;1
"Verder niet duidelijk om welk gebouw in welke plaats het gaat.      -       bijgeschreven onderaan: ""Voorburg 1:20  1:1"" (waarschijnlijk Monumentenzorg, toen te Voorburg) en ""te Werven - Gld"" Hier is wenig van te vinden. N.B.: Huis De Werve is in wel in Voorburg..., maar dat is geen Gelderland";1
Vergelijk opmetingstekening;1
Vergelijk: BT-0028860;1
Vergelijk: BT-005053 (idem?)  -  2 tekening op één karton geplakt, een van de tekeningen gedraaid opgeplakt...;1
Vergelijk: BT-006487;1
Vergelijk: BT-006789;1
Vergelijk: BT-009977;1
Vergelijk: BT-012438;1
Vergelijk: Neg.nr. 60.365;1
Vergelijk: Neg.nr.: 273.949;1
Vergelijk: foto's: 58.873 t/m 58.877;1
Vergelijk: foto, neg. nr.: OF-01148;1
Vergelijk: foto, neg.nr. 34.566;1
Vergelijk: foto, neg.nr.: 223.258;1
Vergelijk: neg.nr.: D-09381;1
Verkleining originele tekening?;1
Vermelding op de kaart 'Gebroeck'.  Dit moet waarschijn zijn 'Huis Genbroek';1
Vermoedelijk de Hervormde Kerk, in de Van Harenstraat;1
Vermoedelijk een bankenplan van een- of van de kerk;1
Vermoedelijk gebruikt in : Hekken in Nederland / Peter Meijer (Bib.plaats : X9.752);1
Vermoedelijk geldt het de Nederlands Hervormde kerk;1
Vermoedelijk van een wand;1
Vermoedelijke vervaardiger: W.C.L.A. Scheepens, 1912;1
Vermoeden: Vervaardiger = A. Mulder;2
Veronderstelde oudste (17e eeuwse) fase (links), huidige fase sinds 1653 (rechts);1
Verschillende vervaardigingsdata;1
Verspreid over twee bladen, blad 1: [MA]T-134326.;1
Verspreid over twee bladen, blad 2: [MA]T-134327.;1
Vervaardegingsdatum van tekening komt van plantekening , bestektekening niet aanwezig;1
Vervaardigd in het kader van de Geïllustreerde Beschrijving Voorne-Putten;1
Vervaardigd in verband met geïllustreerde beschrijving;1
Vervaardigd t.b.v. publicatie Geïllustreerde Beschrijving 'Nederlandse Monumenten - De Betuwe' (R.F.P. de Beaufort, Herma M. van den Berg, 1968);1
Vervaardigd ten behoeve van de geïllustreerde beschrijving;3
Vervaardigd ten behoeve van het Kunstreisboek;1
Vervaardigd voor architect Boxman;1
Vervaardigd voor de Geïllustreerde Beschrijving van de Krimpenerwaard, pagina 123;1
Vervaardigd voor de publicatie 'Noordelijk Oostergo, Dantumadeel' (Herma van den Berg, 1984);1
Vervaardigd voor een Geïllustreerde Beschrijving of voor het  Kunstreisboek van Zuid-Holland. Afbeelding is hierin niet gebruikt. ;1
Vervaardiger : Herm. en L. v.d. Kloot Meijburg en Bolt;1
Vervaardiger : Vermeulen was de opzichter;2
Vervaardiger = A. Mulder???;2
Vervaardiger = Royaards???;1
Vervaardiger E.A. Canneman?;1
Vervaardiger N. Onnes?  -   linksonder: stempel met No. 2505;1
Vervaardiger Peter Meijer ???;1
Vervaardiger en datum aan de hand van aantekening met potlood op detekening...  -  stempel linksonder: 5160;1
Vervaardiger en datum overgenomen van andere tekeningen uit dezelfde serie;2
Vervaardiger genoteerd na vergelijking handschrift tekening BT-015858;1
Vervaardiger is aanname na vergelijking met tekening BT-017130;1
Vervaardiger niet helemaal duidelijk te lezen op de tekening...   -   tekening zeer bros!!!;2
Vervaardiger onbekend;1
Vervaardiger ontcijferd uit een moeilijk leesbare handtekening,;2
Vervaardiger ontcijferd uit twee moeilijk leesbare handtekeningen,;1
Vervaardiger ontcijferd van handtekening;1
Vervaardiger ontleend aan een moeilijk leesbare handtekening;2
Vervaardiger overgenomen uit lijst aan de hand van een moeilijk leesbare handtekening,;1
Vervaardiger overgenomen van moeilijk leesbare handtekening;3
Vervaardiger staat niet op de tekening vermeld;1
Vervaardiger staat niet op de tekening, aan de hand van handschriftvergelkijking gevonden;1
Vervaardiger staat niet vermeld op de tekening, is aangenomen aan de hand van vergelijkbaar handschrift tekening BT-013207;1
Vervaardiger staat niet vermeld op de tekening, is een aanname op basis van andere tekeningen van het zelfde gebouw;1
Vervaardiger vermoedelijk A. Warffemius;1
Vervaardiger vermoedelijk A.A.Kok;1
Vervaardiger vermoedelijk Cuypers, vergelijk tekeningen BT-011642 en BT-011643;1
Vervaardiger volgens tekening Architectenbureau v.d. Kloot Meijburg;1
Vervaardiger waarschijnlijk D. Verheus of H.P. van Beveren, rond 1938 - 1940;2
Vervaardiger zeer waarschijnlijk Phil. bolt.   -  Voorschets???;1
Vervaardiger(s): Herm: en L.v.d. Kloot Meijburg en Bolt;1
"Vervaardiger: ""D.V.""   -   Kleur";2
"Vervaardiger: ""G.W.""";1
"Vervaardiger: ""v. Br"" ???";1
Vervaardiger: A. Mulder ?;1
Vervaardiger: A. Stoffels???;1
Vervaardiger: C.W. Royaards?;8
Vervaardiger: D.V. (?);1
Vervaardiger: D.d.V. (Dirk-Jan de Vries?);1
Vervaardiger: Dick Berends?;1
Vervaardiger: G.D. (?);1
Vervaardiger: Handtekening niet bekend (en niet goed herkenbaar te lezen);1
"Vervaardiger: Ik denk te lezen ""W.S."" Dat zou dan Scheepens, W. zijn...";1
Vervaardiger: J.P. Staal?;1
Vervaardiger: J.P. Staal???;1
Vervaardiger: Jan Jehee?;1
Vervaardiger: Jan Jehee???;1
Vervaardiger: N. Onnes ?;1
Vervaardiger: N. Onnes ?  -  linksonder: stempel met No. 2660;1
Vervaardiger: T. Brouwer???;1
Vervaardiger: Th. Brouwer ???;1
Vervaardiger: W.A. Hemsing???;1
Vervaardiger: alleen initialen bekend: J. Br.;1
Vervaardiger: handtekening niet bekend;4
Vervaardiger: iets van J. Siegen ???;1
Vervaardiger: in kaartsysteem staat Cuypers, maar op de tekening staat I. Gosschalk als architect;2
Vervaardiger: naam niet bekend (en niet goed te ontcijferen...);1
Vervaardiger: niet ontcijferd   -   Tekening opgeplakt;1
Vervaardiger: paraaf niet bekend;1
Vervaardiger: vermoedelijk Thomas van Straalen;1
Vervaardiger: voorletters overgenomen van een moeilijk leesbare handtekening, kan afwijken;1
Vervaardiger: waarschijnlijk D. Verheus of H.P. van Beveren, rond 1938 - 1939;1
Vervaardiger: waarschijnlijk Teun Brouwer (RDMZ);3
Vervaardiger: waarschijnlijk Th. van Straalen;1
Vervaardiger: zeer waarschijnlijk A. Mulder, maar niet zeker...;1
"Vervaardigers : eerste en tweede uit moeilijk leesbaar handschrift, derde uit moeilijk leesbare handtekening ""ontcijferd"".";2
Vervaardigers zijn diegenen die de opmetingen hebben verricht;1
Vervaardigingsdatum tekening niet vermeld.;1
Vervallen;1
Vervallen benaming: Plaats = Oost, onderdeel gemeente Eijsden;2
"Vervallen benaming: Plaats = Oost, onderdeel gemeente Eijsden  -  paraaf: ""D"" niet herkenbaar";1
Vervallen, zie tekening 1958-11-17;1
Verwerstraat 13 ?;1
"Verwoest: 1944
Nieuwedijk 4 C";1
Verzameling Decoratieve Kunst van de T.U.Delft;1
Vevaardiger gedestilleerd uit kaartsysteem;1
Vevaardiger zou kunnen zijn : Liebeth Vermeulen;1
Vier panden onder één documentnummer, ;1
Vleeschhal volgens gedane opmeting in 1875;1
Vlekken op de tekening!;1
Vlg. opmeting voor verbouwing keuken uit 1880;1
Vogel, menselijk gezicht en barok-achtige tierlantijnen;1
Volgens de tekening ligt Grasbroek in Born, volgens het Kunstreisboek aan de Zuidkant van de weg Limbicht-Born, in het fotoarchief staat het in Cuttecoven en in Heerlen.;1
Volgens foto-archief is het huis in Windesheim, volgens de tekening in Zwolle;1
Volgens foto-archief is het landgoed in Breda, volgens de tekening in Ginneken.;1
Volgens het foto-archief is de Kerk van Sint Jeroen een Rooms-Katholieke Kerk;3
Volgens het foto-archief is de Kerk van Sint Jeroen van oorsprong een Rooms-Katholieke Kerk;1
Volgens het foto-archief is er een Nicolaaskerk in Eemnes buiten, aan de Kerkstraat 16, en in Eemnes binnen, aan de Wakkerendijk  58 t/m 62 a.;3
"Volgens het fotoarchief is het de doopvont in de boomgaard van wethouder Bok, op de foto staat achterop dat het de doopvont van de NH-kerk betreft; de foto is onmiskenbaar buiten gemaakt.";1
"Volgens het oude kaartsysteem zou het óók in Het Bildt staan; het Kunstreisboek geeft aan dat Sint-Annaparochie staat in Het Bildt, het foto-archief geeft aan deze kerk beide plaatsnamen aan.";1
Volgens mij een lichtdruk (van BT-021771)...;1
Volgens mij staat er 1915 als jaartal ....;1
Volgens mij: tekenaar: Canneman;1
Volgens omschrijving op tekening : 't-Loo;1
Volgens tekening gelegen in Elburg en/of Doornspijk;1
Volledige naam : N.H. kerk Heilige Johannes de Evangelist;1
Vondsten tijdens de restauratie van 1983 naar opmetingen van Temminck Groll en van Van Vliet;2
Vondstentekening  tijdens restauratie 1983 naar opmeting Temminck Groll en Van Vliet;1
Vondstentekening tijdens restauratie 1983 naar opmeting Temminck - Groll en Van Vliet;2
Vondstentekening toren m.b.v. opmeting arch. bureau Basters en De Vries;1
Voor G.B. Oostelijk Rijnland;1
Voor de grote restauratie 1890 (waarschijnlijk afgebroken);1
Voor de restauratie;1
Voor details zie BT-004094;1
Voor en tijdens de restauratie;1
Voor tekening: zie rode A3 map NB-2 (onder Woensdrecht);1
Voor toelichting zie bulletin K.N.O.B. 1968, blz. 44;2
Voor verbetering zie Bulletin K.N.O.B. 1961, kol. 167 - 168;2
"Voor- en achteraanzicht frynen; bovenaanzicht zoeken; merk 3 buitenmantel zoeken";1
Voor- en zijgevel garage vernieuwbouw;1
Voorgevels uit respectievelijk 1733, 1815, 1837, 1882;1
Voorheen Kippenheuvel of Kiebeukel (straatnaam);1
Voorheen Weststraat 73;4
Voorheen: Windesheim;3
Voorletter niet duidelijk, zou J kunnen zijn.;1
Voorletter vervaardiger niet helemaal zeker;1
Voorletters na bestudering moeilijk leesbare handtekening: kan afwijken;1
Voorlopig restauratieplan;1
Voormalig Kerkpad 4;2
Voormalig molenaarshuis van de molen van Banning;1
Voormalig raadhuis, thans [...] herstellen en voor museum;1
"Voormalige Sint Bernardusstichting; 58597";1
Voormalige dolhuis;1
Voormalige kapel van het Sint Joris Gasthuis;1
Voormalige leerlooierij;1
Voormalige vierschaar;1
Voornaam van vervaardiger niet ontcijferd;1
Voorschets;1
Voorschets ?;4
Voorschets voor BT-006595 ?;1
Voorschets voor BT-006787 ???;1
Voorschets voor BT-006824 ?;1
Voorschets?;7
Voorschets???;3
Voorschets???  -  zeer weinig gegevens op de tekening...;1
Voorstel;2
Voorstel 1;1
Voorstel 2;1
Voorstel restauratie april 1964 : besproken met hr. Prins 6-4-1964;1
Voorstel tot verbouw van het woonhuis van de heer K. Admiraal te Hasselt;1
Voorstel voor een gewijzigd restauratieplan;1
Voorstel voor wijziging;1
Voorstraat?;1
Voorwerp afgevoerd.;1
Voorwerp in nov. 1976 naar lab W.A. voor conservering.;1
Voorwerp in nov. 1976 voor conservering naar lab W.A.;1
Vossenhof;1
Vouw in de kaart;1
Vouw in rechterhoek;1
Vouwen aan de randen en fikse scheur.;1
Vouwen aan de randen.;2
Vouwen en scheuren, geplakt met plakband.;1
Vouwen en scheuren, plakband.;1
Vouwen en scheuren.;4
Vouwen en scheurtjes, plakband.;2
Vouwen en scheurtjes.;2
Vouwen.;5
Vparaaf niet herkenbaar   -   stempel linksonder: 1339;1
Vrekwijk;1
Vriezenveen. Vriezenveenseweg 10(I 107-108);1
Vrij naar een foto B 32292/46 van Liturgisch Instituut van de Rijksuniversiteit van Groningen (RUG);1
Vrij naar een tekening uit : Elisabeth Heinsius : Ein Schapschloss mit Pressfederriegel aus Haithabu. Das Archeologische Fundmat II der Ausgrab Haithabu, Neumunster, 1973;1
Vrij naar tekening van W. Fokker, 1975;1
Vrijdagmorgen 23 november;1
Vrijwel geen info op de tekening!. Tekening zat in het mapje St. Catharina Gasthuis...;1
Vóór de restauratie van 1959;1
Vóór de restauratie van 1968;1
"W. Sprenger 1902; A. Warffemiuw 11 - 1986 en 1-1987";1
W.J. Bunnik Architect Breda. Jan. 1953 Get. H. Nuyten;4
W.J. Bunnik architect te Breda, jan. 1953, get. H. Nuyten;3
"W: 164-1
Veltmaat. Bremweg 3";1
Waaigat, 112, 113, 115, 116;1
Waar woonde meneer Vinke???;2
Waarschijnlijk gemaakt ten behoeve van GB Krimpenerwaard;1
Waarschijnlijk het Trompmuseum...  -  summiere omschrijving op de tekening!;1
"Waarschijnlijk is deze tekening van het hekwerk van Terra Nova in Loenen aan de Vecht.

Tekening zou vervaardigd kunnen zijn als voorwerk voor de publicatie ""Hekken in Nederland"" van Peter Meijer.";1
Waarschijnlijk: A. Mulder;1
Wand afkomstig uit Friesland;1
Wand nieuw gemaakt;1
Wapserveensetraat 105;1
Ware grootte;2
Was get. Weber archt;1
Was oorspronkelijk een buitenplaats;4
Wederopbouw en restauratie St. Stevenstoren te Nijmegen - Tekening IX.;1
Wederopbouwtekening;1
Weergave tijdens sloopwerkzaamheden en gedeeltelijk gereconstrueerd : opgemeten april 1970 getekend september 1971;1
Weert;1
Weerwille. vh C 19;1
Weidebedrijf - type K - arch. Jans en Henneke;1
Weidebedrijf - type T - woning - type G - schaal 1:100;1
Weiereind;1
Weinig gegevens;1
Weinig gegevens op de tekening;1
Weinig gegevens op de tekening!;3
Weinig gegevens op de tekening...;1
Weinig gegevens vermeld op de tekening!;2
Weinig info op de tekening;1
Weinig informatie op de tekening ...;1
Weinig object gegevens op de tekening...   -   Stempel linksonder met no. 1264;1
Weinig object- en omschrijvingsgegevens op de tekening!;1
Welke kerk ??? (niet de N.H. Kerk, ook niet de R.K. Kerk) ...;1
Weltevreden. Waalseweg 84, Tull;1
Werk 111 ( aanduiding H. Korswagen);2
Werk 111 (aanduiding architect);9
Werk 193 (aanduiding van Korswagen);1
Werk 246, tekening 742 a (gegevens Korswagen, H.);1
Werk 246, tekening 743 (gegevens Korswagen, H.);1
Werk 246, tekening 807 (gegevens Korswagen, H.);1
Werk 246, tekening 816 (gegevens Korswagen, H.);1
Werk 246, tekening 841 (gegevens Korswagen, H.);1
Werk 246, tekening 842 (gegevens Korswagen, H.);1
Werk 246, tekening 842 a  (gegevens Korswagen, H.);1
Werk 246, tekening 842 b (gegevens Korswagen, H.);1
Werk 246, tekening 843 (gegevens Korswagen, H.);1
Werk 246, tekening 843 a (gegevens Korswagen, H.);1
Werk 246, tekening 844 (gegevens Korswagen, H.);1
Werk 246, tekening 986 (gegevens Korswagen, H.);1
Werk 246, tekening 993 (gegevens Korswagen, H.);1
Werk 249 (gegevens Korswagen);4
Werk 249, tekening 430 (opmerking Korswagen);1
Werk 249, tekening 442 (opmerking Korswagen);1
Werk 249, tekening 857;1
Werk 295, tekening 1;1
Werk 295, tekening 2;1
Werk 295, tekening 3;1
Werk 6931;4
Werk 7994, blad 1 (opmerkingen Bob C. van Beek);1
Werk 7995, blad 1 (codes architectenbureau);1
Werk 7995, blad 2 (codes architectenbureau);1
Werk 7995, blad 4 (codes architectenbureau);1
Werk 7995, blad 5 (codes architectenbureau);1
Werk Cuypers aan de H. Michaëlkerk: 1876, 1880-1896. In 1876 advies onder Rijksadviseurs. Opstellen restauratieplan en tussen 1880 en 1896 met L.C. Hezenmans adviezen bij de restauratie, uitvoering door gemeentearchitect F.C. Koch. Onder meer adviezen over kleurstelling en herstel muurschilderingen door Cuypers en Co.;1
Werkno. 190 blad 1;1
Werkno. 190 blad 2;1
Werkno. 190 blad 3;1
"Werkno. 7971
http://data.cultureelerfgoed.nl/semnet/24681d2a-2f2d-40fe-8257-25a35525ae92
Molenmakershuis";1
Werknummer 198 (van de architecten);1
Werknummer 199 (van de architecten);3
Werknummer van de architect : 196;1
"Werknummer van de architect : 196; tekening 415";1
"Werknummer van de architect : 196; tekening 472";1
"Werknummer van de architect : 196; tekening 687";1
"Werknummer van de architect : 196; tekening 690";1
"Werknummer van de architect : 196; tekening 699";1
"Werknummer van de architect : 196; tekening 894";1
Werknummer volgens architect : 310;1
Werktekeningen.;6
"Werktekeningen; slechte staat, gescheurd en gekreukt.";3
West-Batterij, Oranje Bolwerk, Nassau Bolwerk, Zuidpoort, Zeeland bolwerk, Schuttershof Bolwerk, Magdalena Bolwerk, Oostpoort,Galge Bolwerk, Steene beer;1
Wiarda state afgebroken 1882;1
Wijchen;1
Wijk I- 131;1
Wijk II- 60;1
Wijnhandel anno 1795;1
Wijziging B. Kooij;1
Windas - Blad 1 - schaal 1:20;1
Windwijzers paarden: 2 bladen : 2861 - 2862;2
Wittewerf;1
Wolter te Riele, Architect;1
Woning 114;1
"Woongedeelte opm. W.J. Berghuis ; schuur opm. v. Manen & Zwart ; situatie volgens opm. Landm.kundige Dienst";1
Woonhuis afgebroken. Zie ook de Beeldbank, Documentnr.: 14.615;1
Woonhuis boerderij is verbouwd in 1932  Achterhuis boerderij is verbouwd in 1940;1
Woonhuis, inwendig laat-gotisch;1
Woonhuisje;5
Wordt afgebroken;1
Wordt hier bedoeld: Het Oude Loo?;1
Workum, Sielspad 32, Noord A 93;1
X No. 105;1
X No. 106;1
X No. 107;2
X No. 108;1
X No. 109;1
X No. 110;1
X No. 111;1
X No. 112;1
X No. 113;1
X No. 114;1
X No. 131;1
X No. 132;1
X No. 133;1
X No. 135;1
X No. 139;1
X No. 16;1
X No. 17;1
X No. 18;1
X No. 216;2
X No. 217;1
X No. 234;1
X No. 235;1
X No. 301;1
X No. 305;1
X No. 306;1
X No. 307;1
X No. 331;1
X No. 332;1
X No. 333;1
X No. 334;1
X No. 335;1
X No. 336;1
X No. 337;1
X No. 338;1
X No. 339;1
X No. 340;1
X No. 341;1
X No. 342;1
X No. 343 - A 817;1
X No. 389 - A 263;1
X No. 390 - A 264;1
X No. 391 - A 265;1
X No. 392 - A 266;1
X No. 393;1
X No. 394;1
X No. 395;1
X No. 396;1
X No. 397;1
X No. 398;1
X No. 400;1
X No. 401;1
X No. 405;1
X No. 409 - A 261;1
X No. 415;1
X No. 416;1
X No. 417;1
X No. 418;1
X No. 419;1
X No. 420;1
X No. 421;1
X No. 422;1
X No. 423;1
X No. 424;1
X No. 441;1
X No. 444;1
X No. 445;1
X No. 446;1
X No. 64;1
X No. 76;1
X No. 88;1
X No. 93;1
X Nr. 161 - A 799;1
X Nr. 162 - A 800;1
X Nr. 163;1
X Nr. 164;1
X Nr. 165;1
X Nr. 167;1
X Nr. 168;1
X Nr. 183;1
Y N0. 24;1
Y No. 105;1
Y No. 111;1
Y No. 121;1
Y No. 137;1
Y No. 138;1
Y No. 139;1
Y No. 140;1
Y No. 142;1
Y No. 15 - kerk is afgebrand in 1878;1
Y No. 150;1
Y No. 153;1
Y No. 154a;1
Y No. 16 - kerk is uitgebrand in 1878;1
Y No. 176;1
Y No. 184;1
Y No. 186;1
Y No. 187;1
Y No. 22;1
Y No. 223;1
Y No. 224;1
Y No. 229;1
Y No. 233;1
Y No. 28;1
Y No. 31;1
Y No. 32;1
Y No. 323;1
Y No. 325;1
Y No. 346;1
Y No. 35;1
Y No. 36;1
Y No. 367;1
Y No. 380;1
Y No. 43 - A 474;1
Y No. 442 - A 1328;1
Y No. 443 - A 1362;1
Y No. 445 - A 1364;1
Y No. 48;1
Y No. 58;1
Y No. 59;1
Y No. 66;1
Y No. 72 - A 571;1
Y No. 73 - A 572;1
Y No. 91 - A 674;1
Y No. 94 - A 677;1
Y Nr. 216 - A 1616;1
Y Nr. 277;1
Y Nr. 278;1
Y Nr. 279;1
Y Nr. 368;1
Y Nr. 369;1
Y Nr. 370;1
Y Nr. 371;1
Y Nr. 435;1
Y Nr. 436;1
Y Nr. 437;1
Y Nr. 438;1
Y1101971;3
Z No. 274;1
Z No. 313;1
Z No. 587;1
Z No. 649 b - poort afgebroken in 1864;1
ZH 43;1
ZIE OOK: OS-01122;1
ZL1;28
ZL1                    oud nr 121281  B1;1
ZL1      oud nr 120611;1
ZL1    bijl.5;1
ZL1   410;1
ZL1  Bi 5;1
ZL1  O.FL.;1
ZL1 Oostelijk Flevoland  Bijlage 1;1
ZM6;1
ZN 26;1
ZN 290;1
ZN 42/2;16
ZN 43;90
ZN42/2;4
Zal nader gedetailleerd worden;1
Zanddijk Binnen. Dorpsstraat 59;1
Zeer grote tekening !;1
Zeer slechte staat, gescheurd;1
Zeer summiere gegevens op de tekening...;1
Zeer summiere objectgegevens op de tekening!;1
Zeer summiere omschrijving op de tekening! --> Vergelijk foto OF-02352...;2
Zeer summiere omschrijving op de tekening!. --> Vergelijk foto OF-02352...;1
Zeer waarschijnlijk een voorschets van H. Onnes voor BT-006952;1
Zeer weinig gegeens op de tekening!;1
Zeer weinig gegevens aangegeven op de tekening!;2
Zeer weinig gegevens object en beschrijving op de tekening aanwezig!;1
Zeer weinig gegevens op de tekening;4
Zeer weinig gegevens op de tekening !;1
Zeer weinig gegevens op de tekening vermeld!;1
Zeer weinig gegevens op de tekening!;15
Zeer weinig gegevens op de tekening!  -  omschrijving: ???;1
Zeer weinig gegevens op de tekening...;5
Zeer weinig gegevens op detekening!;1
Zeer weinig gegevens!;1
Zeer weinig vermeld op de tekening!;1
Zeer weining gegevens op de tekening!;1
Zelfde afbeelding als op T-133498.;1
Zie B0-195;1
Zie B0-205;1
Zie BO-064;1
Zie BO-071;1
Zie BT-004492;1
Zie aantekening en tekening zaathout 31-07-1987.;1
Zie aantekeningen en tekening zaathout, d.d. 31-07-1987. Slechte staat: scheuren en plakband langs de randen.;1
Zie blad VI,;1
Zie neg.nrs.: OF-02853  -  17.929  -  41.152 en 41.153;1
Zie ook 108 + 33...;1
Zie ook 2270  -  ( = BT-029599);1
Zie ook : neg.nr.: 44.048;1
Zie ook : neg.nr.: 44.883;1
Zie ook BT-000505;1
Zie ook BT-031486 (plattegrond);1
Zie ook BT-033451;1
"Zie ook Bestek Apeldoorn 87; de bouw van een wagenschuur.";1
Zie ook Bestek Breda 114, het definitief herstellen van een boerderij metì daarbij behorende werken.;1
"Zie ook Bestek Breda 71;  Het bouwen van 7 kippenhokken type A";1
Zie ook Bestek Oostburg 35, het doen van hestellingen en het verrichten vanì andere werkzaamheden.;1
Zie ook Bestek Oostburg 44 : Het herstellen van 4 woonhuizen te Aardenburg. Bouwnummers : Aardenburg 119, 140, 141 en 143;1
Zie ook Bouwkundige Tekeningen;1
Zie ook D-03462;1
Zie ook Neg.nr.: 237.440;1
Zie ook OS-00601;1
"Zie ook OS-00993 / 
OPM-035
Let op: OS-01122-12B is een andere plaats: Wieringen, Boerderij van J. Snooy !!";1
Zie ook afbeelding SHBO-F-KU220-1278  -  Boerderijonderzoeker Klaas Uilkema onderzocht deze boerderij in september 1923, De boerderij is in 1924 afgebroken. Bewoner was Olivier Boot, voorheen J. v.d. Wekken. De Kievitstraat was voorheen Hekelweg.;1
Zie ook afbeelding SHBO-F-KU220-1489  -  Boerderijonderzoeker Klaas Uilkema onderzocht deze boerderij in september 1923, De boerderij is in 1924 afgebroken. Bewoner was Olivier Boot, voorheen J. v.d. Wekken. De Kievitstraat was voorheen Hekelweg.;1
Zie ook bestek : Oostburg 1;1
"Zie ook bestek Apeldoorn 37a; het bouwen van een loods met daarbij behorendeì werken.";1
"Zie ook bestek Breda 295;   Definitief herstel en gedeeltelijk herbouwen boerderij";1
Zie ook bestek Breda 34, herstellen van een boerderij.;1
"Zie ook bestek Den Bosch 838;  Bouwen schuur";1
Zie ook bestek Hummelo 61,Bouw open veldschuur    kad. sectie op  bestek en taxatieformulier luidde : E 4362 , dit in afwijking van formulier bedrijfsgegevens , welke op het voorblad vermeld is .;1
Zie ook bestek Middelburg 267, het bouwen van een landbouwschuur.;1
Zie ook bestek Middelburg 316 : Bouw van een landbouwschuur                                 met veestalling,                                  kadastrale sectie : D 315-316;1
"Zie ook document nr.:
OS-00951";1
"Zie ook document nr.:
OS-01069";1
Zie ook documentnummer BT-019377;1
Zie ook documentnummer BT-020537;1
Zie ook foto neg.nr. 13.459;1
Zie ook foto: Neg.nr.: 316.217;1
Zie ook fotonummer 126.021;1
Zie ook neg. nr.: 44.031;1
Zie ook neg. nr.: 6.830 en ST-1.783;1
Zie ook neg.nr. 38.661;1
Zie ook neg.nr.: 42.008;1
Zie ook neg.nr.: 44.029;1
Zie ook neg.nr.: 85.050;1
Zie ook neg.nr.: 87.500;1
"Zie ook nummer:
OS-00539";1
"Zie ook nummer:
OS-00550";1
Zie ook tekening BT-004093;1
Zie ook tekening BT-008421 (dat is de originele lompenpapier tekening...);1
Zie ook tekening BT-008422 (kopie tekening...);1
Zie ook tekening langsdoorsnede hart schip.;1
Zie ook: 44.059;1
Zie ook: 44.060;1
Zie ook: 97.192;1
Zie ook: BT-016685 (aanzicht met makelaar in beeld);1
Zie ook: Bestek Hummelo 84 Bouw van een open veldschuur.;1
Zie ook: neg.nr. 298.716;1
Zie ook: neg.nr.: 44.050;1
Zie ook: neg.nr.: 44.057;1
Zie ook: neg.nr.: 97.157;1
Zie ook: neg.nrs.: OF-02853  -  17.929  -  41.152 en 41.153;1
Zie rol 19 van collectie lichtdruk tekeningen SHBO - vindplaats Klein Depot (lijst: Jelle vd Veer);2
Zie schets Jh Hv V. de Stuers;1
Zie tekening (kopie) in de rode A3 map;1
Zie tevens Bestek Middelburg 412A voor het bouwen van een Maalderij .;1
Zie voor deze tekening: rode A3 map (map 3, Zuidwolde);2
Zie voor uitgewerkte tekening: BT-003924;1
Zie: C.Boschma-Aarnoudse, Sint Pietershof te Hoorn, 1993;1
Zit met een vouw in de doos, zonder vouw past deze tekening er niet in;1
Zonder opschrift! In 1988 aangetroffen in doos met tekeningen Hervormde Kerk Oudenhoorn;1
Zou een onderdeel kunnen zijn van Sjuksma State, vergelijk fotoarchief;1
Zou eigenlijk uit deze verzameling verwijderd moeten worden...;1
Zuid-Hollandse boerderij;1
Zuidgevel van de zuidvleugel : reconstructie toestand weergegeven door Jan de Beijer 1744;1
Zwaagwesteinde L 521, 330, 351, 445;1
Zwaagwesteinde, Harddraversbaan L, 375;1
Zwart en rood op geel fond;1
Zwart op rood-bruin fond;1
Zwart op wit fond;1
Zwolle, H. Michaël. 1876, 1880-1896. In 1876 advies onder Rijksadviseurs. Opstellen restauratieplan en tussen 1880 en 1896 met L.C. Hezenmans adviezen bij de restauratie, uitvoering door gemeentearchitect F.C. Koch. Onder meer adviezen over kleurstelling en herstel muurschilderingen door Cuypers en Co.;1
aanbouw van de consistoriekamer;1
aantekening op de tekening met potlood: Barneveld... ???;1
aantekening: Drostestraat of Drostehuis.   -   Lijkt op globale voorschets voor later...;1
aantekening: Drostestraat of Drostehuis.   -   Lijkt op globale voorschets voor later...   -   Lijkt op handschrift van Peter Meijer;1
aanwijzing van het project eener Beurs;1
aanzicht van het bovenste deel van de toren;2
achterzijde schets van vakantiehuisje;1
adres luidt in 2006: Asserstraat 78;1
afgebrand in 1878;1
afgebrand: 31 okt 1890;1
afgebroken;2
afgebroken 10 mei 1909;1
afgebroken 1902;1
afgebroken april 1901;1
afgebroken februari 1906;1
afgebroken in 1953;1
afgebroken november 1970;1
afkomstig van Eysingahuis;3
afkomstig van Waspik;6
afkomstig van de Kerk van Sint Petrusstoel van Antiochië;2
afkomstig van de Wiardastate te Goutum;1
anno 1614;1
"anno 1750; zijgevel Zwaanstraat 7-7a";1
anno 1810;2
anno 1830;1
anno 1847;1
april 1965 - november 1968;1
architectleider Ferd. B. Jantzen;5
architectleider Ferd. B. Jantzen, getekend J.L. Westerhuis juli 1944;6
architectleider Ferd. B. Jantzen, getekend J.L.Westerhuis juli 1944;2
architectleider Ferd. B. Jantzen, getekend J.L.Westerhuis juli 1945;1
architectleider Ferd. B. Jantzen, getekend augustus 1944 J.L. Westerhuis;1
architectleider Ferd. B. Jantzen, getekend juli 1944 J.L. Westerhuis;1
architectleider Ferd. B. Jantzen, getekend september 1944 J.S. (verder niet bekend);1
architectleider Ferd.B. Jantzen, getekend J.L. Westerhuis;5
architectleider Ferd.B. Jantzen, getekend J.W. v.d. Burgt;1
architectleider Ferd.B.Jantzen;15
architectleider Ferd.B.Jantzen, get. D. Jantzen, september 1943;39
architectleider Ferd.B.Jantzen, get. W.F.J. Oomen, september 1943;1
architectleider Ferd.B.Jantzen, getekend C.J.B. Nierstrasz, september 1943;2
architectleider Ferd.B.Jantzen, getekend C.J.B.Nierstrasz september 1943;5
architectleider Ferd.B.Jantzen, getekend C.J.B.Nierstrasz, september 1943;22
architectleider Ferd.B.Jantzen, getekend J.L. Westerhuis;26
architectleider Ferd.B.Jantzen, getekend J.W. v.d. Burgt;13
architectleider Ferd.B.Jantzen, getekend W.F.J. Oomen, september 1943;50
"architectleider Ferd.B.Jantzen, getekend W.F.J. Oomen, september 1943 - in de kop staat ""Kerktoegang"",-straatnaam of objectnaam?";1
"architectleider Ferd.B.Jantzen, getekend W.F.J. Oomen, september 1943- in de kop staat ""kerktoegang"": objectnaam of straatnaam?";1
architectleider Ferd.B.Jantzen, getekend W.F.J.Oomen, september 1943;14
architectleider Ferd.B.Jantzen, tekenaar J.L. Westerhuis;17
architectleider Ferd.B.Jantzen, tekenaar J.W. v.d. Burgt;5
architectleider Ferd.B.Jantzen, tekenaar J.W. van den Burgt;2
architectleider Frans Mol, getekend A.J IJland,  december 1943;1
architectleider Frans Mol, getekend A.J. IJland december 1943;12
architectleider Frans Mol, getekend A.J. IJland november 1943;2
architectleider Frans Mol, getekend A.J. IJland, december 1943;3
architectleider Frans Mol, getekend Jac. H.M. Priem december 1943;2
architectleider Frans Mol, getekend Jac. H.M. Priem januari 1944;2
architectleider Frans Mol, getekend februari 1944 Jac. H.M. Priem;1
architectleider Frans Mol, getekend januari 1944 Jac. H.M. Priem;5
architectleider H.J. Cramer, getekend H.J. Cramer;1
architectleider Jac. Bot, getekend J.S. (verder niet bekend);1
architectleider Jac. Bot, getekend september 1944 J.S. (verder niet bekend);3
architectleider Jac. Bot, getekend v. W. (verder niet bekend);1
architectleider P. Elling Hilversum nov. 1944 get. W. Kroon;5
architectleider P. Elling Hilversum oct. 1944 get. W. Kroon;7
architectleider P. Elling Hilversum sept. 1944 get. P.E.;4
architectleider P. Elling Hilversum sept. 1944 get. S.J.;4
architectleider en tekenaar Ferd. B. Jantzen augustus 1944;2
architectleider en tekenaar Ferd. B. Jantzen, getekend augustus 1944;4
architectleider en tekenaar Frans Mol  december 1943;3
architectleider en tekenaar Frans Mol, december 1943;13
architectleider en tekenaar Frans Mol, januari 1944;3
architectleider en tekenaar Jac. Bot;18
aug. 1944 get. B.J.J.M. Stevens;3
aug. 44 get. B.J.J.M. Stevens;3
aug. 45 get. B.J.J.M. Stevens;1
augustus 1944 getekend  B.J.J.M. Stevens tevens architect leider;1
augustus 1944 getekend A.J. IJland, architectleider B.J.J.M. Stevens;5
augustus 1944 getekend B.B. Westerhuis, architectleider P. Elling;21
augustus 1944 getekend Jac. B.A.;1
augustus 1944 getekend Jac. B.A., architectleider  B.J.J.M. Stevens;3
augustus 1944 getekend Jac. B.A., architectleider B.J.J.M. Stevens;1
augustus 1944 getekend Jac. B.A., architectleider, B.J.J.M. Stevens;1
augustus 1944 getekend tevens architectleider P. Elling;1
augustus 1944 getekend, tevens architectleider P. Elling;3
augustusi 1944 getekend A.J.IJland, B.J.J.M. Stevens was de architect leider;1
beelden met potlood ingetekend   -   drukwerk ?;1
"behoort bij schrijven van 2 febr '42 No 152; kleur";1
beschrijving gedeeltelijk van systeemkaart;1
bestaande toestand;1
bestek 167 D, blad rest 3;1
bestek 167 D, blad rest. 2;1
bestek nr 82;1
bestektekening;5
bewerking van een tekening van H. Rode uit 1961;1
bij Huize Meer en Berg;1
bijlage II;1
bijlage IV;1
bijschrift: opgemeten juli 1949, H. .d. Wal;1
bl. I;1
bl. II;1
bl. III;2
bl. V;1
bl. VI;1
bl. VII;1
blad 015;1
blad 016;1
blad 017;1
blad 018;1
blad 019;1
blad 026;1
blad 027;1
blad 028;1
blad 1;67
blad 1 - paraaf: WJB;1
blad 1 en 2;1
blad 1 van 2;2
blad 1 van 3;1
blad 1 van 4;1
blad 10;11
"blad 10
Ware grootte";1
blad 102;1
blad 11;7
"blad 11
Ware grootte";1
blad 119;1
blad 12;7
blad 12  -  kleur;1
blad 13;5
blad 130;1
blad 131;2
blad 132;1
blad 14;6
"blad 14
Ware grootte";1
blad 140;1
blad 143;1
blad 15;6
blad 156;1
blad 159;1
blad 15a;1
blad 15b;1
blad 15d;1
blad 15e;1
blad 15f;1
blad 16;7
blad 161;1
blad 166;1
blad 167;1
blad 17;5
blad 172;2
blad 177;1
blad 178;1
blad 179;1
blad 18;5
blad 180;1
blad 182;1
blad 183;3
blad 184;1
blad 185;1
blad 186;1
blad 187;1
blad 188;3
blad 189;1
blad 19;4
blad 190;1
"blad 19; paraaf DV";1
"blad 1; 5074";1
blad 1A;2
blad 2;77
"blad 2
Oorspronkelijke omschrijving: zijgevel";1
"blad 2
Tekenaar: D. Verheus of H.P. van Beveren";1
"blad 2
Y1061970";1
blad 2  -  paraaf: DV;1
blad 2 is in 1982 getekend;2
blad 2 van 2;3
"blad 2 van 2; restauratieplan";1
blad 2 van 3;1
blad 2 van 4;1
blad 2 werd in 1973 getekend;2
blad 20;1
"blad 20; paraaf DV";1
blad 21;5
blad 22;9
blad 23;6
blad 23a;1
blad 24;3
blad 25;4
blad 26;1
blad 263;1
blad 264;1
blad 27;4
blad 28;5
blad 29;2
blad 29  ;1
"blad 2; 3530";1
"blad 2; 583";1
blad 2a -  paraaf: DV;1
blad 3;58
blad 3 en 4 zijn van een ander;3
blad 30;2
blad 31  -  paraaf: DV;1
blad 32a;1
blad 33;1
blad 34;3
blad 35;2
blad 36;2
blad 37;2
"blad 37
Schaal 1 op 20 en ware grootte";1
blad 38;1
blad 39;2
"blad 3; restauratieplan";1
blad 3a;2
blad 3b;1
blad 4;35
blad 4 van 4;2
blad 40;3
blad 41;3
blad 42;2
blad 43;5
blad 45;4
blad 46;2
blad 47;1
blad 48;1
blad 4a;1
blad 5;20
"blad 5
Tekenaar: D. Verheus, of H.P. van Beveren";1
blad 50;2
blad 51;4
blad 52;1
blad 53;2
blad 54;1
blad 55;3
"blad 55; kerk vernietigd door zware windhoos";1
blad 56;1
blad 57;1
blad 58;2
blad 59;3
"blad 5; 60932";1
"blad 5; 6302";1
blad 5a;1
blad 5b;1
blad 6;17
blad 60;1
blad 61;3
blad 67;1
blad 68;1
blad 7;16
blad 73;1
blad 79;1
"blad 7; kleur";1
blad 8;23
"blad 8
Schaal 1 à 20";1
blad 80;1
blad 9;14
blad A;1
blad B;1
blad B 5, T2 60, T2 64;1
blad C;1
blad E;1
blad F 19, J 24;1
blad G;1
blad I;3
blad II;5
blad III;3
blad IIIa;1
blad IIa;2
blad IV;1
blad Ia;1
blad O.1;1
blad O.2;1
blad R 10;1
blad R.1;1
blad R.2;1
blad T 56;1
blad T2 61, T1 59, S 49;1
blad U 67, M 29, M 30;1
blad V;2
blad VI;1
blad VII;1
blad VIii;1
blad X;1
blad no 5;1
bladnr 27;1
bladnr. B 17;1
boerderij Bovenberg 54 - 56?;4
bouwjaar woonhuis : 1910 bouwjaar schuur   : 1870 bouwjaar stal     : 1920;1
cellebroeders;1
centraal magazijn voor de opslag van militaire kleding en uitrusting;1
collectie A. Beijer;23
collectie J. Ypey;1
collectie Jan Battjes;1
collectie Jan Jans;1
collectie Jansen;15
collectie Overdiep;16
collectie RDMZ;7
collectie Th. Steemers;3
collectie bureau monumentenzorg van de provincie Drenthe;68
copie tek, vragenlijst gestuurd aan: J.J.van Buuren, Doelstraat 14, 3155 AAì Maasland op 30 okt. 1990. RAP.;6
copie tek, vragenlijst gestuurd aan: J.J.van Buuren, Doelstraat 14, 3155 AAì Maasland. op 30 okt. 1990. RAP.;7
dakkapel goede benameing???;1
de kerktoren is van de Gemeente Hilvarenbeek;1
dec. 1944 architect-leider P. Elling Hilversum;3
december 1944 getekend, tevens architectleider P. Elling;4
deel gegevens ontleend aan kaartsysteem;1
deel van de tekening op ware grootte;1
deels gearceerd;4
deels in kleur  -  signering rechtsonder: 'D.V.';5
deels kleur  -  lijkt schetstekening, er staan aantekeningen bij, en ook 'grappige' schetsjes...;1
deels met een soort waterverf ingekleurd;1
deels rood gearceerd;3
denkbeeldig gerestaureerd;1
detailblad 16;1
detailblad 18;1
"detailblad 20; kleur";1
digitale tekening;6
"divers schetsen 20ste eeuw.
Vervaardiger onbekend; 2 tekeningen met een alternatief nummer 9563 en 9564.";1
door brand verwoest 7 mei 1962;1
druk met de hand ingekleurd;2
drukkerij kleermakerij;1
een deel van de gegevens is afkomstig uit het kaartsysteem;2
een deel van de gegevens is overgenomen uit het fotoarchief;2
een deel van de gegevens is overgenomen uit het oude kaartsysteem;1
een deel van de gegevens is overgenomen van het fotoarchief;1
eiken houtskelet;1
er zijn 2 stuks;1
er zijn meer Rooms-Katholieke Kerken in Eysden, niet duidelijk welke kerk hier bedoeld is;1
film van tekening;1
foutieve stempel 'origineel in archief' onderop (doorgestreept);1
"fruithandel anno 1725; ijzerwaren anno 1750";1
gebouw bevat een bibliotheek, een jeugdbibliotheek en een leeszaaltje;1
gebouw gesloopt einde 1907;1
gebouwd 1540, verhoogd 1649;1
gedaanteveranderingen van het gebouw;1
gedeeltelijk in kleur;1
gedeeltelijk met rode pen ingekleurd;1
gedeeltelijk roze gearceerd;1
geen adres of objectnaam bekend;1
geen adresgegevens op de tekening!;1
geen explicatie bijgeschreven;1
geen gegevens op de tekening!;1
geen idee waar dit een doorsnede van zou kunnen zijn;1
geen locatiegegevens op de tekening;1
geen object gegevens op de tekening;1
geen omschrijving op de tekening opgegeven...;1
geen verdere gegevens op de tekening;1
geen werk van Uilkema;1
gegevens controleren!!!;2
gegevens gedeeltelijk overgenomen uit het kaartsysteem;2
gegevens op de tekening buitengewoon summier...;1
gegevens voor een deel gehaald uit het kaartsysteem;2
gekleurd;1
gemaakt op een soort stof-achtig papier;1
gemaakt voor GB Friesland?;1
gemaakt voor KNOB bulletin;1
geschatte datering (vergelijk BT-003491);1
gesloopt in 1888;1
gesloopt in 1898;1
gesloopt in 1964;1
gesloopt januari 1974;1
gesloopt juli 1969;1
gesloopt maart 1961;1
gesloopt woonhuis;1
get. A.S.;2
get. J.B.A.;10
get. S.;2
get. W.S.;1
getekend Maart 1955, W.J. Berghuis. Naar tekening van S.G. Walinga;1
getekend in opdracht van de SHBO;1
getekend naar gegevens R.O.B. en eigen waarneming;2
getekend voor eigenaar J.J. de Gelder;1
"geveltekening 36; straatwand O";1
geïllustreerde beschrijving;6
gravure door Ate Gadsma;1
h-107;1
handtekening rechtsonder niet ontcijferd;1
huis de Rooij;1
huis van Balthasar Huydecoper;1
huisnr. 32 is een poortdoorgang;1
huisnummer niet bekend!;1
in slechte staat;1
in te richten als CV-ketelhuis hervormde kerk;1
informant H. Steinmeijer;1
ingekleurd;2
ingeleverd;7
initialen rechtsonder: v.H.;1
initialen rechtsonder: v.d.T.;1
initialen: W.B.;1
is in werkelijkheid 1 blad;4
juli 1944 architect-leider P. Elling Hilversum;8
juli 1944 getekend A.J. IJland, architectleider B.J.J.M. Stevens;8
juli 1944 getekend B.J.J.M. Stevens, tevens architect leider;13
juli 1944 getekend Jac. B.A. - architect leider B.J.J.M. Stevens;1
juli 1944 getekend Jac. B.A., architectleider B.J.J.M. Stevens;15
juli 1944 getekend Jac. B.A., architectleider, B.J.J.M. Stevens;2
juni 1944 architect-leider P. Elling Hilversum;7
juni 1944 getekend  B.J.J.M. Stevens tevens architect leider;3
juni 1944 getekend , tevens architectleider, B.J.J.M. Stevens;1
juni 1944 getekend A.J. IJland, architectleider B.J.J.M. Stevens;2
juni 1944 getekend B.J.J.M. Stevens, tevens architect leider;6
juni 1944 getekend Jac. B.A., architectleider  B.J.J.M. Stevens;1
k47/Z.FL. tekeningnr. 3;1
kLEUR;1
"kantoor anno 1720; woonhuis anno 1715";1
kapper café;1
kavn = Koninklijke Academie van Wetenschappen?;1
kerk;1
"kerk niet te traceren: ""Parochie kerk van de H. Joannes Bapt.""";1
kleermakerij anno 1780;1
kleermakerij anno 1835;1
kleine potlood aantekeningen op de tekening  -  Is dit een originele tekening van Cuypers?;1
kleur;284
kleur  -  N 21 b BZ;1
kleur  -  ZN 312;1
kleur (blauw);1
kleur (zeer licht);1
kleur - A 1810;1
kleur - A 2009 - A 371a;1
kleur - H Nr. 68 bis;1
kleur - M No. 4b;1
kleur - No. 10 l;1
kleur - Nr. 62d H;1
kleur - Y Nr. 372b;1
kleur - Y Nr. 372c;1
kleur - paraaf: DV;1
kleur, O.W. Nr. 36;1
"kleur; 4";1
"kleur; 4842";1
"kleur; 4862";1
"kleur; 4863";1
"kleur; 4865";1
"kleur; 4872";1
"kleur; 5694";1
"kleur; A 1793";1
"kleur; A 1795";1
"kleur; A 1862";1
"kleur; I";1
"kleur; II";1
"kleur; J. van Nes in 't Vergulde ABC";1
"kleur; No. 17b BZ";1
"kleur; architect J. Heijman?";1
"kleur; blad 4";1
"kleur; blad 5a";1
"kleur; numero II";1
"kleur; numero III";1
"kleur; numero IV";1
"kleur; numero IX";1
"kleur; numero V";1
"kleur; numero VI";1
"kleur; numero VII";1
"kleur; numero VIII";1
"kleur; paraaf: v";1
"kleur; schets B";1
klokgevel;1
kopie;7
kopie met aanpassing;1
kopie met aanpassingen;15
"kopie met aanpassingen; revisietekening";2
kopie naar een kaart van Waterstaat mei 1825;1
kopie van tekening van A.P. Cuijpers d.d. 1875-10-18;1
kopie van tekening van A.P. Cuijpers d.d. aug./sept. 1875;1
kopie, tekening aangepast;4
kruidenier;1
kruis is afkomstig van de grote kerk te Breda en bevindt zich in het Museum van Kunstnijverheid;1
laatste fase;1
lederwaren patisserie;1
lijkt op een pen tekening...;1
links onder: A No. 261;1
links onder: B.Z. No. 55 f;1
links onder: K977 : drukwerk? En dus 'lichtdruk' i.p.v. 'lompenpapiertekening'?;1
linksboven: bl. I;1
linksboven: bl. II;1
linksboven: bl. III;1
linksboven: bl. IV;1
linksboven: bl. V;1
linksboven: bl. VI;1
linksboven: bl. VII;1
linksonder in potlood: 16529/04 ?;1
linksonder stempel en nummer: 6417;1
linksonder: 2934;1
linksonder: Y No. 236    -   opgemeten in 1898;1
linksonder: Y No. 237;1
linksonder: Y No. 238;1
linksonder: Y No. 239;1
linksonder: Y No. 240;1
linksonder: Y No. 241 a;1
linksonder: druk P.W. v.d. Wijer, Utrecht;1
litho;1
losse tekening, geen nadere gegevens bekend;1
luxe artikelen;1
"maker: ""D.V."" ?";4
"maker: ""D.V."" ?   -  kleur";1
maten en aantekeningen met potlood in de tekening genoteerd;1
maten in de tekening aangegeven;1
maten in de tekening aangegeven...;2
"materiaal in slechte staat; veel scheuren";1
mede naar opmeting van publieke werken;1
meerdere tekeningen op 1 vel;1
mei 1900 nr. 23452;2
met J.van Engelen opgemeten;3
met materialen- en afmetingen tabel;1
met potlood is de top van de kerk bijgetekend;1
met potlood: aantekeningen op de tekening;1
met viltstift getekend;2
muziekhandel;1
naam vervaardiger in reliëf op het papier;1
naar A. Rademaker;1
naar C. Pronk 1735;1
naar Jan Kops 27 (plaat 32);1
naar M. van Beerendrecjt d.d. 15-3-1797;1
naar NOM 1-11-2006;32
naar arch. Ad. Mulder dec. 1904;1
naar een plan van G.Kiers;2
"naar een tekening van B. Klotz; A 259";1
naar een tekening van C.B. Posthumus Meyes;2
naar een tekening van J.H. Reijgers 1818;1
naar opmeting van H, v.d. Voet en eigen qwaarnemingen;1
naar tekening d.d. 24 mei 1826;1
naar tekening uit 1916;1
naar tekening van Z. Hoek en J. Th. Wouters;1
nieuwe opmetingen door Kok en van der Wal  -  in 1949 verbeterd;1
nitialen rechtsonder : W.S. of S.W.;1
nov. 1944 architect-leider P. Elling Hilversum;5
nr 3;1
nr. 21855;1
nr. 412;1
nr. 43 opgraving;1
nr. 441;1
nr. 60.740 het historisch nummer?;1
nr. 713;1
nr. 714;1
nr. 718;1
nr. 758;1
nr. 761;1
nr. 765;1
nr. 773;1
nr. 784;1
nu zwembad, wordt woning;1
objectnaam of adres onbekend...;2
okt-95;1
oktober 1944 getekend W. Kroon architectleider P. Elling;1
ommezijde ook gebruikt;1
omschrijving beetje gegokt... staat niet op tekening;1
omschrijving gegokt: staat niet op de tekening!;1
omschrijving staat niet op de tekening!;1
omschrijving tekening ????;3
omschrijving van systeemkaart;1
omschrijving: gedeeltelijk van systeemkaart;3
ondertekend met onleesbare handtekening, 's-Hertogenbosch 1932;3
onderzocht december 1976;1
onduidelijk waarvan deze details zijn;1
onduidelijk wat dit voorstelt...;1
ontwerp nieuwe dakruiter op de kruising;2
ook : 2926;1
ook in jrvl 1992;3
"oorspronkelijke toestand; kleur";1
op de achterzijde: ook getekend, geen betekenis voor BT catalogus...;1
"op de tekening staat een stemepl: ""Van Riemsdijk""";1
opg. en get. mei-juni 1961 v. S.;1
opgemeten 1976;1
opgemeten J.P. Staal. Praaf en datering okt. '67... paraaf niet herkenbaar;1
opgemeten anno 1889  -  potloodtekening;1
opgemeten april 1938 H. v.d. Wal;2
opgemeten april 1938, H. v.d. Wal;1
"opgemeten door Ad. Mulder 15, 26 en 27 okt. 1890 ; afgebrand: 31 okt. 1890";1
opgemeten door Paters, 1886  -  vlekken linksbovenaan de tekening;1
opgemeten en gesloopt 1898;1
opgemeten in 1884;1
opgemeten in 1884  -  niet goed te zien of dit een origineel of lichtdruk / kopie is...;1
opgemeten in 1890, de tekening ook uit 1890?;1
opgemeten juli 1955;1
opgemeten juni 1931 W.A. Hemsing del.;1
opgemeten maart 1967;1
opgemeten: 1889, getekend waarschijnlijk ook 1889;1
opgemeten: 7 sept. 1989, Ben Kooij;1
opgemeten: Bureau Hoogevest, 1977;2
opgemeten: V. Laudy en eigen waarneming, 2000;3
opgemeten: V. Laudy en eigen waarneming, 2002;1
opgeplakt tekening van twee figuren die op de schoorsteen staan;1
opgraving van resten van Stadsmuur;1
opm. arch. C.W. Royaards en W.J. berghuis. Tek. W.J.B. febr. 1963;1
opmerking met potlood: opgemeten H. v.d. Wal   -   linksonder: stempel met nummer 6130;1
opmerking op BT-000131: thans in het Rijksmuseum;2
opmerking: thans in het Rijksmuseum;1
"opmeting Jos. Cuyper; afgebroken 1908";1
opmeting: dec. 1970;1
opschrift: 1634;1
origineel vernietigd;2
p/o: J.W. Hanrath  -  J. W. Dekker;1
pakhuis garage;1
pand gesloopt;1
pand is afgebroken;1
panden oude groenmarkt 14 en  1  Damstraat 5, 13 en 15 worden genoemd;1
paraaf J.P. Staal?;1
paraaf niet herkenbaar...;1
paraaf vervaardiger: niet herkenbaar;1
paraaf: ?;1
paraaf: CL;2
paraaf: CST;1
paraaf: D;30
paraaf: D  -  blad 1;1
paraaf: D  -  blad 2;1
paraaf: D.;1
paraaf: DJ;10
paraaf: DV;4
paraaf: DV  -  blad 3;1
paraaf: DdV;14
paraaf: GB;2
paraaf: GW;9
paraaf: HB;1
paraaf: HD;7
paraaf: HJB;1
paraaf: HK;4
paraaf: HW;1
paraaf: HvB;1
paraaf: JALB;1
paraaf: JS;17
paraaf: LDK;4
paraaf: M.V.E.;1
paraaf: M.v.E.;10
paraaf: MV;1
paraaf: PCS;1
paraaf: R;1
paraaf: SW of WS;3
paraaf: St;4
paraaf: T.H.;2
paraaf: V;5
paraaf: V.Br;6
paraaf: VS of SV;1
paraaf: WJB;4
paraaf: js;1
paraaf: niet bekend (Berghuis???);1
paraaf: onbekend;1
paraaf: vBr;2
paraaf: vH;1
paraaf: vS;1
paraaf: vdB;5
paraaf: vs;1
"perceel sectie B nr. 629

Deze tekening laat een gevelwijziging zien van het pakhuis dat voor 1940 aan de Tuingracht stond en werd gesloopt voor melkfabriek 'De Nieuwe Beemster' met het adres Tuingracht 32. Deze melkfabriek is inmiddels ook verdwenen.";1
pilaster kapiteel  -  pilaster basement  -  kroonlijst  -  kleur;1
pl.grond, drsn, 1:50, gevels, 1:100 pl.grond, aanzicht kelder situatie, 1:100;1
pl.grond, kelder, drsn, gevels, 1:100 kad.sit. 1:2500 bakspiker;1
plafond anno 1855;1
plan 3;1
"plan A; kleur";1
plan B;1
"plan B; kleur";2
"plan C; kleur";1
"plan D; kleur";2
"plan E; kleur";1
plan nr 2;1
plan voor herstelling;1
politiebureau;1
poort is gesloopt in 1874;3
potlood schetsen verso;1
praaf: JS;1
prentenverzameling Gemeentelijk Archief Leiden nr. 24277;1
rechter benedenhoek : tekening van Beek of Van Beck;1
rechter boven hoek : blad 10;1
rechts onder: A 1105   -  vervaardiger waarschijnlijk A. Mulder;1
rechts onder: A 1106;1
rechts onder: Stempel monumentenzorg, met nummer 517;1
rechts-onder in blauw 89 A;1
rechtsboven : blad nummer 25;1
rechtsboven : blad nummer 26;1
rechtsboven : blad nummer 27;1
rechtsboven : blad nummer 35;1
rechtsboven : blad nummer 36;1
rechtsboven : blad nummer 42;1
rechtsboven : blad nummer 49;1
rechtsboven : blad nummer 54;1
rechtsboven : blad nummer 56;1
rechtsboven noot : R.28-blad CV-I;1
rechtsboven: 10;1
rechtsboven: 1a;2
rechtsonder met potlood geschreven:  45.632  (geen negatiefnummer!);1
rechtsonder met potlood geschreven:  45.633  (geen negatiefnummer!);1
rechtsonder met potlood geschreven:  45.634  (geen negatiefnummer!);1
rechtsonder met potlood geschreven:  45.635  (geen negatiefnummer!);1
rechtsonder noot : R.47;1
rechtsonder: A 1028;1
rechtsonder: A 1504 of 1604 (deels weggevallen);1
rechtsonder: A 1506 (deels weggevallen);1
rechtsonder: A 1594;1
rechtsonder: A 1605 (deels weggevallen);1
rechtsonder: No. 3;1
rechtsonder: no. 3;1
reconstructie;2
reconstructie 1623 - 1626;1
reconstructie naar Th. Haakma Wagenaar;1
repro uit boek;1
restauratie;1
restauratieplan;6
restauratieplan blad 1;1
restauratieplan blad 2;1
revisietekening;1
samen met G.J.van der Ende;3
samen met M.L. Koopman;2
sanitair kleermaker sigaren;1
schaal 1 : 20;1
schaal 1:100;2
schaal 1:20;1
schaalverdeling aangegeven in de tekening;1
schenker: Huub Ruiter;1
schenking;32
schenking De Vries 2003;10
schenking Gem. Voerendaal;1
schenking Gemeente Boekel;1
schenking Grijseels;6
schenking Jelle de Jong;1
schenking John R. Stevens, New York;1
schenking W. Olsman;3
schenking arch.bureau;3
schenking architect;13
schenking bewoner;2
schenking bewoners;8
schenking: B.C. van Beek;1
schenking: ELW Steenbergen;1
schenking: EP de Boer, Kapel-Avezaath;1
schenking: Everhard Jans;2
schenking: Fred Coolen, gem. Wijchen;2
schenking: G.J. van den Berg, Arnhem;1
schenking: Gem. Wijchen;3
schenking: Gem. Wijchen, Fred Coolen;11
schenking: Gemeente Wijchen;5
schenking: Gemeente Wijchen, Fred Coolen;1
schenking: J.L. Hartgers, Laren;18
schenking: J.L. Hartgers, Laren    Tekening is te vinden in rode map OV.2;1
schenking: Maarten Enderman;1
schenking: Monumentenhuis Limburg, Coen Eggen;9
schenking: Tineke Scholtens;6
schenking: W.S. Ros, Zwanebloem 16, Maartensdijk;1
schenking: bewoner;2
schenking: gemeente Wijchen, Fred Coolen;1
schenking: heer P.Bransen;1
schenking: mw. N vd Langenberg, Esch;4
schets A;1
schets B;1
schets C;1
schets?;2
schetsen van het Dinghuis;1
schetsen zaten in 1 map onder Diversen;1
schetsmatige tekening;1
"scheuren: L. boven;  R. onder";1
scheurtjes aan zijkanten.;1
sep. 1944 architect-leider P. Elling Hilversum;2
sep. 1944 get. Jac.B.A.;1
sep. get. Jac.B.A.;1
sept.  1944 get. Jac. B.A.;1
sept. 1944 get. Jac. B.A.;5
september 1944 getekend B.B. Westerhuis, architectleider P. Elling;1
september 1944 getekend, tevens architectleider P. Elling;2
"sigenring rechtsonder: ""D"" ?";1
"signering rechtsonder: ""J.P. St."" ?";3
"signering rechtsonder: ""W.G.""";1
signering rechtsonder: niet duidelijk;1
signering rechtsonder: niet leesbaar;1
signering: D.V.;1
"situatie op 4 oktober 1924; nr. 21853";1
sommige opmetingen verkeren in slechte staat;1
steendruk?;1
stempel links onder met 1166   -   geen tekening RDMZ?;1
stempel links onder met 1167   -   geen tekening RDMZ?;1
stempel links onder met 1171   -   geen tekening RDMZ?;1
stempel links onder met 1172   -   geen tekening RDMZ?;1
stempel links onder met 1173   -   geen tekening RDMZ?;1
stempel links onder: monumentenzorg, 6289;1
stempel linksonder met nummer 5039   -   geen origineel?;1
stempel linksonder met nummer: 6556;1
stempel linksonder: 2658;1
stempel linksonder: 2683;1
stempel linksonder: 3.474;1
stempel linksonder: 518;1
stempel linksonder: 6046;1
stempel linksonder: 6063;1
stempel linksonder: 6293;1
stempel staat op de achterzijde...;1
"stempel: ""J. Korteweg A. Czs.. Aannemer"".  -  linksboven: bijlage No. 1828";1
straatbeeld nr. 26;1
straatbeeld nr. 39;1
straatbeeld nr. 44;1
straatwand C;1
straatwand G;1
straatwand H;1
straatwand J;1
straatwand K;1
straatwand M1;1
straatwand N;1
straatwand S;1
straatwand W;1
studieblad 1;1
studieblad 2;1
summiere beschrijving op de tekening...;1
summiere gegevens op de tekening!;1
summiere gegevens...;1
t.b.v. Flevobericht 408;38
t.b.v. Restauratie Vademecum;1
tabaksgroothandel anno 1775;1
te gebruiken voor 'Kleine bootjes'.;1
tegenover de Westermarkt;1
tek zoek;1
tek. van bouwbedr. J.Hiemstra;1
tek: L.M. de K.;1
tek: LDK;1
teken rechtsonder niet ontcijferd;1
teken rechtsonder niet verder ontcijferd;2
teken rechtsonder, niet ontcijferd;5
tekenaar Janszen Spitman?;1
tekenaar Kurpershoek?;1
tekenaar mogelijk Wentzel - M Nr. 264;1
tekenaar v.d. B;1
tekenaar: (groep TH Delft);1
tekenaar: A. Baart???   -   tekening met blauwe pen / stift...;1
tekenaar: D;1
tekenaar: G.W.;2
tekenaar: H.D.;1
tekenaar: J.R.;1
tekenaar: J.v.L.;1
tekenaar: J.v.L. (groep TH Delft);2
tekenaar: J.v.L., M.G.S. (groep TH Delft);1
tekenaar: L.D.K.;1
tekenaar: P.E. (groep TH Delft);1
tekenaar: W.F.W. ( groep TH Delft);1
tekenaar: W.F.W. (groep TH Delft);1
tekenaar: Wim. F. Weve ( groep TH Delft);1
tekenaar: groep TH Delft;1
tekening 1;1
tekening W.J. Berghuis, vrij naar H. Portheine;2
tekening arch. G. Veenstra. Aangevuld W.J. Berghuis, mei 1990;2
tekening deels op ware grootte;4
"tekening gemaakt t.b.v. het boek ""Hekken in Nederland"".";9
"tekening gemaakt t.b.v. het boek ""Hekken in Nederland"".(?)";3
tekening gemaakt ten behoeve van G.B.;1
tekening in grijstinten 'geaquarelleerd';1
tekening is in slechte staat;1
tekening is nagenoeg identiek aan BT-005434;1
tekening met uitklapvelletjes;1
tekening niet in doos wegens restauratie door atelier Helmond;1
tekening op soort kunststofachtig papier...  -  veel vlekken op de tekening;3
tekening op soort kunststofachtig papier...  -  vlekken op de tekening;1
tekening op ware grootte;11
tekening opgeplakt;2
tekening van Peter Meijer?;1
tekening zoek;1
tekening: augustus 1985 - gewijzigd: september 1985  -  vergelijk: BT-012457;1
tekeningen in NOM-album 1;2
tekeningen in rood - zwart;1
tekst op hek : Requiescat in pace;1
teksten in het Frans;9
ter vergelijking is een tekening van de Bovenkerk in Kampen afgebeeld;1
terpstra & Jonker;1
thans in Openluchtmuseum;1
top ingestort april 1912;1
topografische tekening??? Kopie van BT-001403, gewijzigd;1
"tweezijdig; bladzijde uit schetsboek gescheurd";12
tweezijdige tekening;1
uit 1938-1940 opgetrokken raadhuis als kopie van vroeger stins. Kelder en fundamenten nog intact.;1
"uit : J.G.N. Renaud : Oude ambachtskunst; 1943 (aldaar afbeelding 107)";1
uit: Emil Voigt : Die ältesten Schlüssel. Germania 15, 1931;1
uit: H. Diels : Antike Technik;1
"v.m. boerderij gesloopt circa 1943
Bad Nieuweschans, gemeente Oldambt - Hamdijk 14 9693 TD
voormalige gemeente Reiderland";2
van RACM, Zeist;7
vanwege tentoonstelling in KB 2000;2
variant A;3
variant B;3
variant C;2
variant D;3
variant E;2
variant F;1
veldwerk bij ptt zoek geraakt;4
vergelijk ook: BT-035121;1
vergelijk: foto 8.007;1
vergelijk: neg.nr.: 204.073;1
vergelijk: neg.nr.: 279.473;1
vermoedelijk uit Nederland;4
verplaatst naar Huis Zwanenburg te Beugt (NB);1
verso: tekeningen van melkvee;1
vervaardiger : naam ontleend aan handtekening, initialen niet helemaal zeker;2
vervaardiger is de naam van een Steenhouwerij;1
vervaardiger: T. Brouwer???;1
vervallen;3
vervallen ontwerp;1
vervolg doorsnede koor met vensters, gewelf en draagbalken;1
verworven van: Onbekend;4
verzameling RDMZ;5
verzameling bäcker;6
volgens mij (MRM) geen origineel maar een lichtdruk...;3
vondst in de grond t.o. Lutherse Kerk;1
voor het ADC, Amersfoort;16
voorheen 1461A;1
voorheen: Windesheim;1
voormalig Lamme van Diesehuis en Heer Florishuis;1
voormalige gevangenis;1
voormalige kapel van het Sint Ursulaklooster;1
voorstel D;1
vrij naar : Josef Speck : Schloss und Schlössel zur späten Pfahlbauzeit, 1981 en naar : Helmut Luley : Urgeschichtlicher Hausbau in Mitteleuropa, 1992;1
vrijwel geen gegevens op de tekening vermeld...;1
waar is deze tekening?;1
waarschijnlijk: Rooms-katholieke Kerk;1
waarschijnlijk: W.A. Hemsing, circa maart 1910;1
waarvan 16 schetsen van Bierkade 6-7;1
waarvan 4 schetsen van Drs. H.A. Heidinga, 1971 (eigenaar);1
was getekend Adolf Mulder;1
weergave van welke Koninklijke Hoogheid waar is bijgezet;1
weg ?;1
weinig adresgegevens aangegeven;1
weinig gegevens op de tekening;2
weinig gegevens op de tekening!;3
weinig gegevens op de tekening...;6
werk arch. C.A.Swart, Midsland;2
werk van C.D.Bakker, Nw Ginnek;1
werk van Prov.Sch.Dienst,Assen;2
wijnhandel;1
wijziging d.d. 1991-11-14;2
wijziging van blad Xa;1
wijziging van mei 1964;1
wijziging van tekening van april 1964;1
wijziging van tekening van mei 1964;1
woningbureau schoenenmagazijn;1
woonhuis, voorheen spaarbank;1
wordt gesloopt;1
zat in mapje met tekeningen van de Waag te Oudewater, maar onzeker of het hiertoe behoort;1
zeer schematisch;2
zeer slechte staat, scheuren en tape;1
zeer summiere gegevens op de tekening...;1
zeer weinig gegevens op de tekening!;4
zeer weinig gegevens op de tekening!   -   lijkt op voorschets voor echte tekening...;1
zeer weinig gegevens op de tekening!  -  vergelijk: neg.nr.: 145.520;1
zeer weinig gegevens op de tekening...;2
zeer weinig gegevens!;1
zeer weining gegevens op de tekening!;1
zie BT-006130;1
zie Beeldbank BT-004836;1
zie Beeldbank BT-004844;1
zie DR 71;1
zie DR 84;1
zie Verheul aq. nr. 103;2
zie Verheul aq. nr. 119;2
zie Verheul aq. nr. 159;2
zie Verheul aq. nr. 180;2
zie Verheul aq. nr. 22;2
zie Verheul aq. nr. 229;2
zie Verheul aq. nr. 32;2
zie Verheul aq. nr. 349;3
zie Verheul aq. nr. 73;2
zie Verheul aq. nr. 92;2
zie foto: neg.nr.: 6.670;1
zie foto: neg.nrs.: 6.670 & 118.791;1
zie ook 2887  ( = BT-030340);1
zie ook : RACM Documentatiebladen 7.1.40-A/B/C;1
zie ook OS-00576;1
zie ook OS-00697;1
zie ook OS-00771;1
zie ook OS-00772;1
zie ook OS-00944 (Driel);1
zie ook OS-01044 voor meerdere beschrijvingen ;1
zie ook detailtekeningen;1
zie ook foto 180.577!;1
zie ook nummer OS-01018;1
zie opmerking in map;1
zondag 18 november;1
{Boerderij, Boerderij van D. Vriend Venhuizen,Twijver Westeinde,V	15,458;1
