;0
2018-03-02 23:00:00+00:00;6
2016-03-28 22:00:00+00:00;11
2007-01-21 23:00:00+00:00;4
2005-11-07 23:00:00+00:00;3
2021-10-31 23:00:00+00:00;30
2014-05-11 22:00:00+00:00;11
2027-02-02 23:00:00+00:00;10
2011-06-14 22:00:00+00:00;2
2009-11-10 23:00:00+00:00;3
2017-11-05 23:00:00+00:00;8
2024-11-14 00:00:00+00:00;1
2020-03-10 23:00:00+00:00;4
2017-04-05 22:00:00+00:00;11
2011-05-10 22:00:00+00:00;6
2012-02-16 23:00:00+00:00;7
2025-01-12 23:00:00+00:00;6
1993-03-31 22:00:00+00:00;1
2027-07-02 12:47:07.236000+00:00;1
2023-05-25 22:00:00+00:00;23
2019-05-01 22:00:00+00:00;11
2008-11-15 23:00:00+00:00;12
2006-11-27 23:00:00+00:00;2
2017-07-25 22:00:00+00:00;11
2027-06-17 11:43:51.602000+00:00;1
2025-09-04 22:00:00+00:00;8
2009-10-13 22:00:00+00:00;3
2012-12-19 23:00:00+00:00;3
2007-01-26 23:00:00+00:00;4
2002-01-24 23:00:00+00:00;3
2003-08-21 22:00:00+00:00;2
2010-08-19 22:00:00+00:00;11
2007-11-22 23:00:00+00:00;10
2007-09-20 22:00:00+00:00;9
2007-08-30 22:00:00+00:00;5
2021-09-01 22:00:00+00:00;13
2015-09-02 22:00:00+00:00;9
2006-03-29 22:00:00+00:00;7
2019-05-24 22:00:00+00:00;4
2015-07-15 22:00:00+00:00;15
2006-11-10 23:00:00+00:00;7
2001-10-04 22:00:00+00:00;10
2010-03-20 23:00:00+00:00;21
2016-06-04 22:00:00+00:00;10
2024-03-21 23:00:00+00:00;19
2012-02-09 23:00:00+00:00;10
2026-04-25 22:00:00+00:00;14
2013-12-26 23:00:00+00:00;3
2019-11-13 23:00:00+00:00;9
1994-08-01 22:00:00+00:00;1
2010-01-10 23:00:00+00:00;13
2001-06-27 22:00:00+00:00;1
2023-08-18 22:00:00+00:00;2
2022-11-08 23:00:00+00:00;9
2012-06-23 22:00:00+00:00;17
2022-02-18 23:00:00+00:00;3
2014-12-06 23:00:00+00:00;16
2010-06-09 22:00:00+00:00;15
2027-07-21 08:53:58.693000+00:00;1
2007-03-04 23:00:00+00:00;7
2025-10-18 22:00:00+00:00;12
2019-11-28 12:50:11.490879+00:00;1
2018-01-20 23:00:00+00:00;2
2007-02-16 23:00:00+00:00;13
2001-02-16 23:00:00+00:00;1
2006-06-19 22:00:00+00:00;3
2012-05-31 22:00:00+00:00;12
2005-01-15 23:00:00+00:00;5
2004-12-22 23:00:00+00:00;3
2002-01-04 23:00:00+00:00;3
2026-03-26 23:00:00+00:00;8
2027-05-20 00:00:00+00:00;8
2009-02-23 23:00:00+00:00;15
2027-05-14 15:49:42.072000+00:00;1
2025-03-28 23:00:00+00:00;3
2024-12-07 23:00:00+00:00;7
2014-09-22 22:00:00+00:00;5
2007-08-16 22:00:00+00:00;8
2024-04-29 22:00:00+00:00;35
2020-03-29 22:00:00+00:00;11
2006-01-30 23:00:00+00:00;7
1994-10-28 23:00:00+00:00;1
2024-11-21 23:00:00+00:00;10
2024-05-28 22:00:00+00:00;2
2003-09-11 22:00:00+00:00;1
2010-05-30 22:00:00+00:00;11
2026-12-09 23:00:00+00:00;16
1998-05-20 22:00:00+00:00;1
2024-04-09 22:00:00+00:00;7
2006-12-21 23:00:00+00:00;4
2027-02-12 00:00:00+00:00;2
2021-10-04 22:00:00+00:00;7
1988-07-30 22:00:00+00:00;1
2003-07-17 22:00:00+00:00;3
2004-04-07 22:00:00+00:00;1
2006-11-12 23:00:00+00:00;6
1997-06-02 22:00:00+00:00;1
2013-09-13 22:00:00+00:00;7
2008-02-20 23:00:00+00:00;11
1982-06-03 22:00:00+00:00;1
2012-05-18 22:00:00+00:00;14
2020-02-24 23:00:00+00:00;7
2008-03-22 23:00:00+00:00;10
2015-04-26 22:00:00+00:00;7
2030-03-17 23:00:00+00:00;2
2006-02-04 23:00:00+00:00;6
2019-10-30 08:46:18.736158+00:00;1
2024-03-23 23:00:00+00:00;3
1986-10-17 23:00:00+00:00;1
2023-04-24 22:00:00+00:00;8
2015-02-25 23:00:00+00:00;6
2011-07-20 22:00:00+00:00;10
2005-01-05 23:00:00+00:00;18
1995-03-16 23:00:00+00:00;2
2025-11-07 00:00:00+00:00;1
2019-01-06 23:00:00+00:00;3
2005-05-23 22:00:00+00:00;3
2018-09-20 22:00:00+00:00;14
2001-07-21 22:00:00+00:00;1
2018-07-24 22:00:00+00:00;5
1988-06-15 22:00:00+00:00;1
2022-08-20 22:00:00+00:00;2
1996-07-24 22:00:00+00:00;1
2022-02-04 23:00:00+00:00;4
2024-06-25 22:00:00+00:00;1
2008-06-22 22:00:00+00:00;11
2026-06-14 22:00:00+00:00;1
2005-05-24 22:00:00+00:00;2
2015-02-02 23:00:00+00:00;4
2014-06-16 22:00:00+00:00;2
2007-09-18 22:00:00+00:00;2
2027-06-12 15:11:14+00:00;1
2013-07-05 22:00:00+00:00;11
2020-01-31 10:04:28.902865+00:00;1
2011-09-02 22:00:00+00:00;13
1996-09-14 22:00:00+00:00;2
2022-08-12 22:00:00+00:00;2
2027-06-02 10:16:17.771000+00:00;1
2026-05-14 22:00:00+00:00;19
2009-11-22 23:00:00+00:00;18
2013-09-05 22:00:00+00:00;2
2009-08-06 22:00:00+00:00;5
2010-04-19 22:00:00+00:00;11
2003-10-10 22:00:00+00:00;2
2005-02-13 23:00:00+00:00;5
2015-02-16 23:00:00+00:00;3
2011-10-19 22:00:00+00:00;7
2015-12-13 23:00:00+00:00;18
2019-06-17 22:00:00+00:00;2
2004-10-04 22:00:00+00:00;2
2021-04-09 22:00:00+00:00;7
2015-03-28 23:00:00+00:00;13
2015-02-23 23:00:00+00:00;2
2007-07-23 22:00:00+00:00;4
2013-10-16 22:00:00+00:00;1
2025-04-17 22:00:00+00:00;13
2014-10-17 22:00:00+00:00;12
2009-02-22 23:00:00+00:00;18
2026-08-22 00:00:00+00:00;1
2004-09-28 22:00:00+00:00;4
2023-05-05 22:00:00+00:00;2
2021-12-12 23:00:00+00:00;6
2022-03-22 23:00:00+00:00;9
2011-08-24 22:00:00+00:00;8
2006-12-04 23:00:00+00:00;5
2026-02-13 23:00:00+00:00;10
2020-02-28 23:00:00+00:00;17
2011-03-11 23:00:00+00:00;16
2027-07-21 13:06:56.535000+00:00;1
2002-04-10 22:00:00+00:00;1
2020-02-20 13:28:17.550450+00:00;1
2012-05-16 22:00:00+00:00;3
2008-09-20 22:00:00+00:00;6
2011-11-10 23:00:00+00:00;11
2027-07-08 00:00:00+00:00;7
2012-11-06 23:00:00+00:00;5
2023-11-24 23:00:00+00:00;4
2016-08-25 22:00:00+00:00;10
2018-01-12 23:00:00+00:00;5
2019-11-25 23:00:00+00:00;4
2009-04-16 22:00:00+00:00;5
2019-07-29 22:00:00+00:00;9
2006-08-21 22:00:00+00:00;2
2027-06-25 13:34:22.885000+00:00;1
2001-11-13 23:00:00+00:00;1
2005-12-08 23:00:00+00:00;4
2019-07-31 22:00:00+00:00;10
2016-10-12 22:00:00+00:00;16
1959-12-31 23:00:00+00:00;1
2027-07-31 13:31:41.136000+00:00;1
2027-06-17 12:54:18.561000+00:00;1
2020-02-20 12:21:12.070246+00:00;1
2017-11-28 23:00:00+00:00;4
2027-02-26 23:00:00+00:00;9
2020-05-01 22:00:00+00:00;10
2023-01-14 23:00:00+00:00;1
2024-12-19 00:00:00+00:00;1
2008-09-18 22:00:00+00:00;7
2025-12-21 22:00:00+00:00;1
2017-05-13 22:00:00+00:00;13
2016-09-30 22:00:00+00:00;8
1998-08-11 22:00:00+00:00;5
2022-03-14 23:00:00+00:00;6
2006-07-15 22:00:00+00:00;5
2008-11-25 23:00:00+00:00;3
2002-09-06 22:00:00+00:00;3
2017-06-21 22:00:00+00:00;4
2006-05-02 22:00:00+00:00;7
2013-07-11 22:00:00+00:00;11
2002-08-03 22:00:00+00:00;1
2021-01-12 23:00:00+00:00;7
2010-05-11 22:00:00+00:00;3
2024-06-10 22:00:00+00:00;2
1986-12-19 23:00:00+00:00;1
1997-05-25 22:00:00+00:00;1
1991-04-21 22:00:00+00:00;1
2005-12-16 23:00:00+00:00;1
2015-01-31 23:00:00+00:00;8
2011-08-19 22:00:00+00:00;7
2004-07-12 22:00:00+00:00;1
2019-03-02 23:00:00+00:00;2
2003-11-11 23:00:00+00:00;3
2024-11-22 23:00:00+00:00;2
2013-07-29 22:00:00+00:00;4
2027-01-01 23:00:00+00:00;2
2019-10-16 09:27:14.098675+00:00;1
2014-03-13 23:00:00+00:00;14
2009-12-11 23:00:00+00:00;11
2008-09-13 22:00:00+00:00;19
2023-02-26 23:00:00+00:00;1
2011-09-08 22:00:00+00:00;9
1968-01-05 23:00:00+00:00;1
2011-01-26 23:00:00+00:00;19
2009-11-24 23:00:00+00:00;5
2008-04-24 22:00:00+00:00;10
2000-01-07 23:00:00+00:00;1
2017-05-22 22:00:00+00:00;16
1998-09-11 22:00:00+00:00;1
2005-07-07 22:00:00+00:00;5
2010-01-05 23:00:00+00:00;2
1998-11-25 23:00:00+00:00;1
2013-07-18 22:00:00+00:00;9
2021-08-31 22:00:00+00:00;23
2006-01-24 23:00:00+00:00;4
2004-08-31 22:00:00+00:00;10
2026-04-09 22:00:00+00:00;15
2010-01-28 23:00:00+00:00;11
2001-03-19 23:00:00+00:00;2
2016-02-16 23:00:00+00:00;6
2016-11-14 23:00:00+00:00;28
2004-03-22 23:00:00+00:00;2
2027-03-06 23:00:00+00:00;10
2020-01-31 11:41:15.051856+00:00;1
2018-08-13 22:00:00+00:00;9
2025-07-12 00:00:00+00:00;2
2006-03-23 23:00:00+00:00;1
2027-03-25 13:22:05.262072+00:00;1
2017-06-26 22:00:00+00:00;8
1988-09-28 23:00:00+00:00;1
2012-09-17 22:00:00+00:00;17
2017-09-22 22:00:00+00:00;1
2009-11-26 23:00:00+00:00;12
2010-08-20 22:00:00+00:00;11
2006-04-16 22:00:00+00:00;9
2025-06-19 22:00:00+00:00;6
2007-07-05 22:00:00+00:00;4
2027-07-07 15:34:46.868000+00:00;1
1994-08-26 22:00:00+00:00;1
2030-06-17 22:00:00+00:00;3
2022-06-07 22:00:00+00:00;9
2006-12-12 23:00:00+00:00;3
2007-04-06 22:00:00+00:00;6
1988-02-23 23:00:00+00:00;1
2003-02-12 23:00:00+00:00;1
1987-12-31 23:00:00+00:00;3
2023-03-15 23:00:00+00:00;6
2006-01-08 23:00:00+00:00;6
2020-10-10 22:00:00+00:00;2
2025-04-21 22:00:00+00:00;2
2023-05-19 22:00:00+00:00;2
2025-10-26 23:00:00+00:00;7
1998-08-29 22:00:00+00:00;1
2003-06-23 22:00:00+00:00;1
2021-06-14 22:00:00+00:00;11
2017-10-01 22:00:00+00:00;12
2019-10-22 09:20:42.271655+00:00;1
2022-05-20 22:00:00+00:00;7
1995-09-12 22:00:00+00:00;2
2020-03-24 23:00:00+00:00;4
2018-10-26 22:00:00+00:00;5
2012-04-21 22:00:00+00:00;9
2008-04-13 22:00:00+00:00;16
1993-06-02 22:00:00+00:00;1
2002-12-14 23:00:00+00:00;2
2010-09-08 22:00:00+00:00;12
2023-01-26 23:00:00+00:00;24
2027-04-22 11:53:07.981000+00:00;1
2008-08-03 22:00:00+00:00;8
1990-11-27 23:00:00+00:00;1
2021-08-07 22:00:00+00:00;2
1984-09-30 23:00:00+00:00;1
2020-07-07 22:00:00+00:00;5
2013-12-10 23:00:00+00:00;2
2011-01-31 23:00:00+00:00;5
2026-05-13 00:00:00+00:00;1
2019-08-30 22:00:00+00:00;38
2017-11-17 23:00:00+00:00;4
2003-03-14 23:00:00+00:00;2
2004-05-17 22:00:00+00:00;1
1983-12-31 23:00:00+00:00;2
2023-07-31 22:00:00+00:00;11
2011-03-30 22:00:00+00:00;13
2005-06-29 22:00:00+00:00;5
1998-03-07 23:00:00+00:00;1
2004-12-05 23:00:00+00:00;2
2027-04-22 00:00:00+00:00;6
2020-02-21 09:28:15.923431+00:00;1
2016-05-08 22:00:00+00:00;9
2009-08-12 22:00:00+00:00;5
1999-03-13 23:00:00+00:00;1
2027-06-26 08:25:01.404000+00:00;1
2005-07-20 22:00:00+00:00;2
2027-07-03 12:25:10.295000+00:00;1
2027-08-04 07:31:00.976000+00:00;1
2011-11-20 23:00:00+00:00;13
2027-04-08 00:00:00+00:00;9
2005-07-29 22:00:00+00:00;6
2005-08-05 22:00:00+00:00;4
2025-02-24 23:00:00+00:00;3
2000-08-02 22:00:00+00:00;1
2021-01-29 23:00:00+00:00;12
2009-08-07 22:00:00+00:00;13
2019-11-27 23:00:00+00:00;15
2006-03-12 23:00:00+00:00;3
2000-03-11 23:00:00+00:00;1
2007-12-21 23:00:00+00:00;7
2006-07-03 22:00:00+00:00;2
2022-11-09 23:00:00+00:00;7
2016-05-15 22:00:00+00:00;14
2006-08-11 22:00:00+00:00;5
2003-05-02 22:00:00+00:00;1
2024-04-15 22:00:00+00:00;4
2018-01-01 23:00:00+00:00;7
2007-03-25 22:00:00+00:00;6
2007-12-10 23:00:00+00:00;5
2006-03-31 22:00:00+00:00;18
2014-03-27 23:00:00+00:00;18
2018-06-20 22:00:00+00:00;5
1999-11-30 23:00:00+00:00;7
1996-09-25 22:00:00+00:00;1
1994-09-10 22:00:00+00:00;4
2020-08-04 22:00:00+00:00;6
2007-02-25 23:00:00+00:00;6
2014-08-01 22:00:00+00:00;6
2024-04-14 22:00:00+00:00;11
2011-09-20 22:00:00+00:00;9
1996-11-28 23:00:00+00:00;1
1995-06-30 22:00:00+00:00;2
1990-06-19 22:00:00+00:00;2
2025-09-08 22:00:00+00:00;1
2012-02-05 23:00:00+00:00;15
2010-10-14 22:00:00+00:00;13
2008-07-18 22:00:00+00:00;7
2007-02-10 23:00:00+00:00;8
2024-05-26 22:00:00+00:00;3
2001-07-08 22:00:00+00:00;1
2014-11-24 23:00:00+00:00;2
1999-05-25 22:00:00+00:00;1
2010-12-20 23:00:00+00:00;1
2014-05-18 22:00:00+00:00;5
2021-07-13 22:00:00+00:00;5
1991-02-22 23:00:00+00:00;1
2017-11-02 23:00:00+00:00;12
2000-11-10 23:00:00+00:00;1
1993-09-29 23:00:00+00:00;2
2017-10-02 22:00:00+00:00;7
2020-03-11 23:00:00+00:00;10
2003-02-05 23:00:00+00:00;6
2018-01-10 23:00:00+00:00;7
2013-08-09 22:00:00+00:00;7
2010-04-26 22:00:00+00:00;9
2011-02-15 23:00:00+00:00;5
2008-07-10 22:00:00+00:00;10
1995-06-06 22:00:00+00:00;1
2022-03-15 23:00:00+00:00;6
1999-05-18 22:00:00+00:00;1
2004-02-03 23:00:00+00:00;3
2022-01-04 23:00:00+00:00;6
2000-03-02 23:00:00+00:00;1
2022-05-27 22:00:00+00:00;6
2004-09-04 22:00:00+00:00;1
2007-05-08 22:00:00+00:00;2
2023-06-09 22:00:00+00:00;6
2020-08-29 22:00:00+00:00;12
2004-08-13 22:00:00+00:00;2
2024-06-15 22:00:00+00:00;6
2014-03-17 23:00:00+00:00;3
2015-11-26 23:00:00+00:00;13
2023-05-30 22:00:00+00:00;41
2023-10-17 22:00:00+00:00;7
2020-01-29 23:00:00+00:00;9
2010-08-31 22:00:00+00:00;6
2025-01-11 00:00:00+00:00;1
2027-01-15 23:00:00+00:00;10
2019-11-29 23:00:00+00:00;30
2015-06-02 22:00:00+00:00;3
1997-04-17 22:00:00+00:00;2
2012-11-11 23:00:00+00:00;16
2020-09-06 22:00:00+00:00;8
2016-06-01 22:00:00+00:00;7
1987-11-26 23:00:00+00:00;1
2017-09-16 22:00:00+00:00;5
2015-09-22 22:00:00+00:00;11
2014-11-30 23:00:00+00:00;10
2027-05-27 00:00:00+00:00;8
2013-10-13 22:00:00+00:00;12
2012-08-28 22:00:00+00:00;3
2009-10-08 22:00:00+00:00;16
2017-06-11 22:00:00+00:00;5
2013-01-21 23:00:00+00:00;9
2011-07-02 22:00:00+00:00;8
2027-02-05 00:00:00+00:00;1
2003-07-05 22:00:00+00:00;1
2022-10-12 22:00:00+00:00;8
2019-06-16 22:00:00+00:00;1
2034-08-13 22:00:00+00:00;1
2024-01-21 23:00:00+00:00;2
2018-10-21 22:00:00+00:00;7
1993-01-01 23:00:00+00:00;1
2003-07-18 22:00:00+00:00;3
2011-02-07 23:00:00+00:00;1
2022-08-27 22:00:00+00:00;1
2012-04-18 22:00:00+00:00;2
2008-12-03 23:00:00+00:00;5
2005-01-21 23:00:00+00:00;3
2013-12-16 23:00:00+00:00;9
2026-09-13 22:00:00+00:00;1
2016-12-11 23:00:00+00:00;17
2010-04-02 22:00:00+00:00;11
2009-04-05 22:00:00+00:00;6
2020-05-11 22:00:00+00:00;13
2017-09-04 22:00:00+00:00;7
2015-08-30 22:00:00+00:00;21
2012-04-05 22:00:00+00:00;6
2019-09-05 22:00:00+00:00;12
2016-11-04 23:00:00+00:00;13
2027-03-29 22:00:00+00:00;1
2025-03-01 23:00:00+00:00;6
2026-06-23 22:00:00+00:00;6
2015-10-21 22:00:00+00:00;10
2012-05-27 22:00:00+00:00;7
2023-06-30 22:00:00+00:00;24
2025-09-28 22:00:00+00:00;14
2024-04-19 22:00:00+00:00;14
2006-01-09 23:00:00+00:00;5
2017-10-11 22:00:00+00:00;8
2016-12-20 23:00:00+00:00;11
2012-03-18 23:00:00+00:00;12
2021-07-11 22:00:00+00:00;6
2025-10-01 22:00:00+00:00;5
2024-06-16 22:00:00+00:00;9
2001-12-12 23:00:00+00:00;4
2011-04-25 22:00:00+00:00;7
1989-03-25 23:00:00+00:00;1
2008-06-16 22:00:00+00:00;12
2026-11-05 23:00:00+00:00;15
1992-06-30 22:00:00+00:00;1
2017-12-05 23:00:00+00:00;10
2026-06-15 22:00:00+00:00;3
2016-07-21 22:00:00+00:00;12
2012-12-14 23:00:00+00:00;8
2021-01-02 23:00:00+00:00;3
2019-10-30 12:49:03.521308+00:00;1
2021-10-10 22:00:00+00:00;3
2011-12-23 23:00:00+00:00;7
2024-09-29 22:00:00+00:00;23
2027-06-02 06:54:59.329000+00:00;1
2021-02-07 23:00:00+00:00;15
2017-12-31 23:00:00+00:00;26
2013-02-07 23:00:00+00:00;6
2005-09-04 22:00:00+00:00;4
1990-07-31 22:00:00+00:00;1
2019-12-14 23:00:00+00:00;2
2019-03-20 23:00:00+00:00;11
2000-08-25 22:00:00+00:00;1
2008-09-10 22:00:00+00:00;1
2012-01-13 23:00:00+00:00;7
1997-07-21 22:00:00+00:00;1
1990-09-26 22:00:00+00:00;3
2004-01-31 23:00:00+00:00;6
2017-01-31 23:00:00+00:00;22
2024-10-16 22:00:00+00:00;8
2015-08-01 22:00:00+00:00;11
2012-08-14 22:00:00+00:00;5
2026-10-24 22:00:00+00:00;10
2019-03-28 23:00:00+00:00;23
2008-06-15 22:00:00+00:00;14
2017-03-29 22:00:00+00:00;15
2018-06-12 22:00:00+00:00;8
2027-12-19 23:00:00+00:00;1
2020-02-06 23:00:00+00:00;10
2024-01-29 23:00:00+00:00;3
2010-05-16 22:00:00+00:00;13
1996-07-03 22:00:00+00:00;1
2024-11-04 23:00:00+00:00;2
1998-07-10 22:00:00+00:00;1
2011-04-17 22:00:00+00:00;13
2015-06-10 22:00:00+00:00;9
2006-09-11 22:00:00+00:00;8
2007-05-05 22:00:00+00:00;3
2024-03-07 23:00:00+00:00;19
2012-06-13 22:00:00+00:00;3
2010-05-15 22:00:00+00:00;13
2015-10-14 22:00:00+00:00;14
1997-01-25 23:00:00+00:00;1
2011-03-08 23:00:00+00:00;4
2011-03-16 23:00:00+00:00;15
2021-05-25 22:00:00+00:00;8
2021-04-18 22:00:00+00:00;8
2009-02-01 23:00:00+00:00;12
2007-10-21 22:00:00+00:00;11
2006-02-10 23:00:00+00:00;15
2019-01-18 23:00:00+00:00;12
2005-11-05 23:00:00+00:00;7
2011-08-20 22:00:00+00:00;10
2027-06-27 00:00:00+00:00;4
2015-07-21 22:00:00+00:00;4
1977-05-31 23:00:00+00:00;2
2006-02-09 23:00:00+00:00;7
2008-02-10 23:00:00+00:00;13
1999-02-09 23:00:00+00:00;1
2019-11-18 23:00:00+00:00;4
2004-07-05 22:00:00+00:00;1
1999-07-13 22:00:00+00:00;1
2000-01-21 23:00:00+00:00;1
1989-04-20 22:00:00+00:00;1
2013-07-07 22:00:00+00:00;8
2019-12-04 13:48:31.875191+00:00;1
2018-05-02 22:00:00+00:00;7
2006-10-28 22:00:00+00:00;6
2022-07-02 22:00:00+00:00;1
2007-06-09 22:00:00+00:00;7
2025-06-20 22:00:00+00:00;7
2006-01-22 23:00:00+00:00;4
2008-08-27 22:00:00+00:00;5
2027-07-23 00:00:00+00:00;2
2007-08-23 22:00:00+00:00;11
2014-01-18 23:00:00+00:00;15
2011-09-04 22:00:00+00:00;14
2010-10-19 22:00:00+00:00;2
2009-05-12 22:00:00+00:00;3
2020-01-13 23:00:00+00:00;9
2005-01-04 23:00:00+00:00;2
2021-11-16 23:00:00+00:00;8
2012-05-15 22:00:00+00:00;2
2027-05-23 12:26:31.447000+00:00;1
2006-09-09 22:00:00+00:00;7
2027-07-02 12:12:23.174000+00:00;1
2005-08-27 22:00:00+00:00;5
2021-07-23 22:00:00+00:00;4
2010-06-30 22:00:00+00:00;13
2024-04-01 22:00:00+00:00;5
2011-10-01 22:00:00+00:00;14
2027-06-26 12:00:06.918000+00:00;1
2008-07-13 22:00:00+00:00;7
2023-01-05 23:00:00+00:00;13
2011-10-13 22:00:00+00:00;8
2016-09-17 22:00:00+00:00;9
2009-03-18 23:00:00+00:00;3
2024-11-18 23:00:00+00:00;2
2005-03-09 23:00:00+00:00;5
2009-06-22 22:00:00+00:00;10
1992-12-10 23:00:00+00:00;1
1995-04-10 22:00:00+00:00;1
2014-10-21 22:00:00+00:00;3
2010-12-01 23:00:00+00:00;11
2006-08-28 22:00:00+00:00;1
2015-03-25 23:00:00+00:00;12
2015-06-26 22:00:00+00:00;20
2001-08-03 22:00:00+00:00;3
2015-10-08 22:00:00+00:00;19
2009-08-16 22:00:00+00:00;12
1993-01-31 23:00:00+00:00;1
2007-09-07 22:00:00+00:00;6
2027-06-10 13:21:44.601000+00:00;1
2004-09-27 22:00:00+00:00;2
2028-09-02 22:00:00+00:00;1
2025-04-03 22:00:00+00:00;10
2024-05-14 22:00:00+00:00;4
1976-01-05 23:00:00+00:00;5
2004-10-24 22:00:00+00:00;4
2024-08-01 22:00:00+00:00;1
2023-04-21 22:00:00+00:00;5
2016-05-19 22:00:00+00:00;14
2002-03-03 23:00:00+00:00;1
2016-10-15 22:00:00+00:00;11
2009-09-20 22:00:00+00:00;8
2025-05-16 22:00:00+00:00;6
2022-01-12 23:00:00+00:00;7
2002-04-02 22:00:00+00:00;6
2027-07-16 14:11:59.703000+00:00;1
2024-01-05 23:00:00+00:00;3
2013-12-31 23:00:00+00:00;4
2007-06-17 22:00:00+00:00;11
2023-01-25 23:00:00+00:00;9
2013-07-24 22:00:00+00:00;1
2021-02-22 23:00:00+00:00;8
2019-10-16 22:00:00+00:00;11
2010-06-03 22:00:00+00:00;7
2013-05-30 22:00:00+00:00;9
2020-09-22 22:00:00+00:00;8
2024-07-28 22:00:00+00:00;2
2022-12-18 23:00:00+00:00;4
2020-11-15 23:00:00+00:00;3
2011-07-22 22:00:00+00:00;15
2009-12-05 23:00:00+00:00;9
2007-11-07 23:00:00+00:00;4
2010-09-24 22:00:00+00:00;18
2019-01-08 23:00:00+00:00;7
1997-09-04 22:00:00+00:00;1
2027-07-23 11:34:12.174000+00:00;1
2004-07-26 22:00:00+00:00;1
2015-11-09 23:00:00+00:00;18
2027-05-19 00:00:00+00:00;3
1998-09-19 22:00:00+00:00;1
2015-10-27 23:00:00+00:00;10
2022-04-15 22:00:00+00:00;4
2022-03-17 23:00:00+00:00;14
2004-03-18 23:00:00+00:00;2
1982-04-27 22:00:00+00:00;1
2018-09-19 22:00:00+00:00;6
2007-04-26 22:00:00+00:00;9
2020-11-20 23:00:00+00:00;5
2019-08-31 22:00:00+00:00;7
2016-10-06 22:00:00+00:00;20
2014-02-02 23:00:00+00:00;10
2024-11-16 23:00:00+00:00;3
2007-05-24 22:00:00+00:00;9
2024-11-19 23:00:00+00:00;5
2011-10-09 22:00:00+00:00;11
2013-06-17 22:00:00+00:00;6
2007-04-10 22:00:00+00:00;6
1969-05-22 23:00:00+00:00;1
2009-10-24 22:00:00+00:00;13
2023-05-24 22:00:00+00:00;9
2010-05-13 22:00:00+00:00;6
2002-07-31 22:00:00+00:00;19
2009-07-13 22:00:00+00:00;10
2024-06-19 22:00:00+00:00;9
2023-07-21 22:00:00+00:00;6
2017-03-16 23:00:00+00:00;15
2021-12-13 23:00:00+00:00;6
2018-05-12 22:00:00+00:00;5
2006-01-27 23:00:00+00:00;4
1976-06-01 23:00:00+00:00;1
2017-09-19 22:00:00+00:00;10
2005-12-09 23:00:00+00:00;5
2021-05-20 22:00:00+00:00;18
2016-10-11 22:00:00+00:00;9
2005-01-28 23:00:00+00:00;3
2003-04-30 22:00:00+00:00;30
2014-11-03 23:00:00+00:00;3
2025-01-09 23:00:00+00:00;11
1984-04-30 22:00:00+00:00;1
2018-06-30 22:00:00+00:00;8
2007-12-02 23:00:00+00:00;17
2018-11-16 23:00:00+00:00;7
2021-01-23 23:00:00+00:00;3
1997-08-13 22:00:00+00:00;1
2025-06-05 22:00:00+00:00;8
2010-11-24 23:00:00+00:00;11
2013-12-03 23:00:00+00:00;2
2015-04-20 22:00:00+00:00;7
1965-01-05 23:00:00+00:00;1
2024-03-24 23:00:00+00:00;4
2020-08-17 22:00:00+00:00;5
1996-12-04 23:00:00+00:00;1
2018-02-14 23:00:00+00:00;9
2027-05-01 08:57:06.423000+00:00;1
1971-01-05 23:00:00+00:00;5
2020-08-27 22:00:00+00:00;29
2005-08-21 22:00:00+00:00;1
2025-05-22 22:00:00+00:00;11
2011-12-09 23:00:00+00:00;20
2021-12-03 23:00:00+00:00;10
2018-12-04 23:00:00+00:00;6
2013-11-11 23:00:00+00:00;7
2019-05-26 22:00:00+00:00;5
1991-01-02 23:00:00+00:00;2
1998-02-25 23:00:00+00:00;1
2005-02-27 23:00:00+00:00;2
2006-03-11 23:00:00+00:00;4
2004-05-26 22:00:00+00:00;4
2017-08-27 22:00:00+00:00;6
2009-07-05 22:00:00+00:00;8
2006-05-09 22:00:00+00:00;5
2025-01-14 23:00:00+00:00;11
2011-03-05 23:00:00+00:00;13
2026-05-23 22:00:00+00:00;12
2027-07-22 00:00:00+00:00;5
1996-03-08 23:00:00+00:00;1
1994-01-01 23:00:00+00:00;1
2007-12-06 23:00:00+00:00;9
2019-07-27 22:00:00+00:00;1
2011-01-27 23:00:00+00:00;11
2020-08-12 22:00:00+00:00;3
2004-09-13 22:00:00+00:00;2
1989-04-05 22:00:00+00:00;1
2019-11-07 08:33:18.181719+00:00;1
2027-05-08 14:37:52.348000+00:00;1
2026-07-21 22:00:00+00:00;4
2005-04-30 22:00:00+00:00;10
2024-06-23 22:00:00+00:00;3
2026-01-07 23:00:00+00:00;4
2020-12-10 23:00:00+00:00;21
2024-12-30 23:00:00+00:00;66
2007-08-12 22:00:00+00:00;9
2013-06-26 22:00:00+00:00;2
2025-01-26 15:34:27.552606+00:00;1
2006-04-14 22:00:00+00:00;13
2017-07-26 22:00:00+00:00;7
2014-08-09 22:00:00+00:00;8
2012-08-25 22:00:00+00:00;12
2004-12-31 23:00:00+00:00;13
2004-05-10 22:00:00+00:00;5
2018-03-22 23:00:00+00:00;12
2022-08-31 22:00:00+00:00;28
2011-09-07 22:00:00+00:00;13
2026-07-02 22:00:00+00:00;8
2013-01-10 23:00:00+00:00;12
2023-01-30 23:00:00+00:00;52
2025-05-30 22:00:00+00:00;14
2022-09-12 22:00:00+00:00;7
2022-05-24 22:00:00+00:00;8
2009-01-10 23:00:00+00:00;11
1996-06-13 22:00:00+00:00;1
2019-10-24 12:24:46.046177+00:00;1
1990-12-30 23:00:00+00:00;1
2015-11-29 23:00:00+00:00;24
2019-01-31 23:00:00+00:00;14
2018-10-24 22:00:00+00:00;8
2014-01-17 23:00:00+00:00;9
2009-11-01 23:00:00+00:00;8
2000-04-20 22:00:00+00:00;1
2018-04-07 22:00:00+00:00;4
2017-07-16 22:00:00+00:00;2
2018-11-29 23:00:00+00:00;62
2014-01-11 23:00:00+00:00;13
2013-10-07 22:00:00+00:00;7
2024-02-27 23:00:00+00:00;13
2004-04-01 22:00:00+00:00;5
2002-03-12 23:00:00+00:00;1
2022-05-28 22:00:00+00:00;3
2015-09-27 22:00:00+00:00;12
2023-06-08 22:00:00+00:00;9
2000-02-04 23:00:00+00:00;1
2019-11-19 23:00:00+00:00;4
2015-03-07 23:00:00+00:00;9
2002-11-01 23:00:00+00:00;2
2019-11-28 13:19:05.921817+00:00;1
2004-07-09 22:00:00+00:00;1
2025-11-26 23:00:00+00:00;8
2031-09-14 22:00:00+00:00;2
2023-09-10 22:00:00+00:00;2
2027-03-20 23:00:00+00:00;7
2018-11-07 23:00:00+00:00;7
2020-03-21 23:00:00+00:00;3
2011-07-23 22:00:00+00:00;13
2025-06-26 00:00:00+00:00;1
2021-04-16 22:00:00+00:00;4
2017-06-24 22:00:00+00:00;2
2027-06-25 15:02:36.854000+00:00;1
2020-03-18 23:00:00+00:00;5
2000-05-17 22:00:00+00:00;3
2017-02-21 23:00:00+00:00;7
2025-07-17 22:00:00+00:00;9
2027-06-10 00:00:00+00:00;7
2021-10-11 22:00:00+00:00;8
2005-09-22 22:00:00+00:00;5
2033-06-01 22:00:00+00:00;1
2019-07-07 22:00:00+00:00;5
2025-10-14 22:00:00+00:00;1
2007-02-14 23:00:00+00:00;3
2014-04-29 22:00:00+00:00;7
2005-02-07 23:00:00+00:00;1
2024-09-20 22:00:00+00:00;8
2022-03-21 23:00:00+00:00;11
2020-03-28 23:00:00+00:00;7
2018-03-05 23:00:00+00:00;6
2020-11-13 23:00:00+00:00;6
2010-04-28 22:00:00+00:00;13
2018-07-10 22:00:00+00:00;4
2022-03-28 22:00:00+00:00;4
2018-06-19 22:00:00+00:00;10
2014-02-15 23:00:00+00:00;11
2023-03-20 23:00:00+00:00;5
2014-08-21 22:00:00+00:00;4
1989-05-19 22:00:00+00:00;1
2010-01-15 23:00:00+00:00;18
2030-11-08 23:00:00+00:00;1
2000-11-11 23:00:00+00:00;2
2020-02-18 23:00:00+00:00;9
2026-10-29 23:00:00+00:00;7
2023-01-01 23:00:00+00:00;7
2018-03-21 23:00:00+00:00;7
2002-05-31 22:00:00+00:00;15
2019-11-07 08:56:57.490748+00:00;1
2018-01-19 23:00:00+00:00;2
2022-02-05 23:00:00+00:00;5
2019-11-28 11:00:38.195144+00:00;1
2015-02-04 23:00:00+00:00;6
2027-06-16 10:25:45.417000+00:00;1
2014-03-22 23:00:00+00:00;12
2024-05-12 22:00:00+00:00;5
2022-05-11 22:00:00+00:00;13
2007-07-29 22:00:00+00:00;4
2005-12-12 23:00:00+00:00;7
2026-03-31 22:00:00+00:00;4
2021-06-08 22:00:00+00:00;6
2027-07-24 13:40:58.873000+00:00;1
2004-09-24 22:00:00+00:00;2
2024-12-28 23:00:00+00:00;2
2025-10-08 22:00:00+00:00;7
2021-04-13 22:00:00+00:00;10
2023-04-12 22:00:00+00:00;8
2001-04-22 22:00:00+00:00;1
2005-11-18 23:00:00+00:00;6
2005-10-10 22:00:00+00:00;7
2004-02-06 23:00:00+00:00;2
2018-03-10 23:00:00+00:00;6
2019-07-23 22:00:00+00:00;11
2006-10-29 23:00:00+00:00;5
1996-02-08 23:00:00+00:00;1
2010-09-01 22:00:00+00:00;12
2007-04-21 22:00:00+00:00;11
2019-11-28 11:08:30.963431+00:00;1
2014-11-12 23:00:00+00:00;10
2027-06-18 14:28:01.979000+00:00;1
2018-09-21 22:00:00+00:00;1
2011-09-21 22:00:00+00:00;9
2021-01-31 23:00:00+00:00;12
2004-07-07 22:00:00+00:00;1
2009-02-04 23:00:00+00:00;2
2001-01-24 23:00:00+00:00;2
2021-01-01 23:00:00+00:00;1
2023-06-11 22:00:00+00:00;6
2018-06-13 22:00:00+00:00;6
2003-08-13 22:00:00+00:00;3
1955-01-05 23:00:00+00:00;1
2005-11-16 23:00:00+00:00;3
2022-11-27 23:00:00+00:00;5
2009-11-12 23:00:00+00:00;11
1992-09-30 23:00:00+00:00;4
2023-12-30 23:00:00+00:00;176
2016-12-08 23:00:00+00:00;7
1998-02-12 23:00:00+00:00;1
2013-04-03 22:00:00+00:00;3
2013-01-02 23:00:00+00:00;1
2027-05-30 00:00:00+00:00;5
2019-10-24 10:44:34.197982+00:00;1
2018-01-14 23:00:00+00:00;9
2017-08-30 22:00:00+00:00;54
2005-10-17 22:00:00+00:00;4
2003-04-17 22:00:00+00:00;1
2026-05-24 22:00:00+00:00;2
2013-04-02 22:00:00+00:00;5
2027-05-19 12:19:08.126000+00:00;1
1991-05-21 22:00:00+00:00;1
2020-10-27 23:00:00+00:00;1
2010-12-13 23:00:00+00:00;7
2012-02-20 23:00:00+00:00;5
2026-08-23 22:00:00+00:00;1
2019-10-28 13:59:35.224759+00:00;1
2004-09-15 22:00:00+00:00;2
2009-03-09 23:00:00+00:00;6
2021-01-11 23:00:00+00:00;4
1996-09-04 22:00:00+00:00;1
2023-12-29 23:00:00+00:00;11
2005-10-13 22:00:00+00:00;6
2027-05-28 13:21:38.706000+00:00;1
2008-02-25 23:00:00+00:00;2
2018-04-11 22:00:00+00:00;14
2006-01-18 23:00:00+00:00;4
2019-11-22 14:19:10.829226+00:00;1
2021-09-14 22:00:00+00:00;8
2020-01-04 23:00:00+00:00;2
2018-10-02 22:00:00+00:00;7
2024-08-14 22:00:00+00:00;6
2007-06-23 22:00:00+00:00;9
2027-02-19 00:00:00+00:00;4
2035-03-31 22:00:00+00:00;1
2007-04-28 22:00:00+00:00;8
2020-04-29 22:00:00+00:00;66
2013-03-11 23:00:00+00:00;13
2012-06-17 22:00:00+00:00;8
2008-05-15 22:00:00+00:00;5
2020-02-04 23:00:00+00:00;6
2008-06-29 22:00:00+00:00;12
2027-04-30 17:26:48.222000+00:00;1
2022-08-21 22:00:00+00:00;7
2013-08-14 22:00:00+00:00;2
1990-12-10 23:00:00+00:00;1
2011-07-06 22:00:00+00:00;4
2018-04-16 22:00:00+00:00;5
2007-03-05 23:00:00+00:00;1
2016-03-06 23:00:00+00:00;16
2008-07-04 22:00:00+00:00;12
2014-06-06 22:00:00+00:00;11
2020-08-22 22:00:00+00:00;3
2014-10-16 22:00:00+00:00;16
2004-02-29 23:00:00+00:00;3
2022-10-02 22:00:00+00:00;6
2005-11-19 23:00:00+00:00;5
2013-04-24 22:00:00+00:00;3
2025-03-29 23:00:00+00:00;7
2020-06-18 22:00:00+00:00;14
2017-05-06 22:00:00+00:00;7
2025-08-05 22:00:00+00:00;2
2023-11-22 23:00:00+00:00;8
2012-07-10 22:00:00+00:00;2
2005-01-16 23:00:00+00:00;6
2006-09-23 22:00:00+00:00;4
2009-04-21 22:00:00+00:00;4
2018-05-11 22:00:00+00:00;2
2002-07-11 22:00:00+00:00;2
2026-01-16 23:00:00+00:00;9
2019-02-01 23:00:00+00:00;6
2012-01-18 23:00:00+00:00;7
2011-04-15 22:00:00+00:00;12
2002-11-10 23:00:00+00:00;1
1995-02-28 23:00:00+00:00;4
2022-02-06 23:00:00+00:00;8
1989-06-29 22:00:00+00:00;1
2007-06-24 22:00:00+00:00;11
2006-12-07 23:00:00+00:00;5
2004-12-30 23:00:00+00:00;3
1994-09-15 22:00:00+00:00;3
2020-06-08 22:00:00+00:00;7
2000-02-11 23:00:00+00:00;8
2017-02-15 23:00:00+00:00;10
2010-12-07 23:00:00+00:00;3
1989-05-07 22:00:00+00:00;1
2020-01-16 23:00:00+00:00;7
2021-06-30 22:00:00+00:00;26
2022-05-30 22:00:00+00:00;53
2018-05-13 22:00:00+00:00;6
2005-05-28 22:00:00+00:00;2
2001-10-10 22:00:00+00:00;1
2024-07-21 22:00:00+00:00;6
2017-03-03 23:00:00+00:00;12
2005-11-28 23:00:00+00:00;1
1995-06-25 22:00:00+00:00;1
2025-02-12 23:00:00+00:00;5
2026-10-02 22:00:00+00:00;8
2020-01-28 23:00:00+00:00;7
2021-09-16 22:00:00+00:00;17
2021-03-06 23:00:00+00:00;5
2023-05-09 22:00:00+00:00;6
2020-09-17 22:00:00+00:00;10
1990-04-12 22:00:00+00:00;1
2016-06-17 22:00:00+00:00;8
2026-04-01 22:00:00+00:00;5
2033-09-11 22:00:00+00:00;1
2027-03-20 00:00:00+00:00;2
2023-12-10 23:00:00+00:00;2
2025-06-23 22:00:00+00:00;4
2026-07-12 22:00:00+00:00;2
2005-05-01 22:00:00+00:00;4
2027-05-06 12:03:55.240000+00:00;1
2022-05-31 22:00:00+00:00;23
1985-06-24 22:00:00+00:00;1
2021-06-05 22:00:00+00:00;3
2012-09-07 22:00:00+00:00;8
2013-02-10 23:00:00+00:00;14
2010-02-07 23:00:00+00:00;13
2024-04-27 22:00:00+00:00;9
2006-02-24 23:00:00+00:00;8
2027-05-16 00:00:00+00:00;4
2004-11-06 23:00:00+00:00;3
1995-09-21 22:00:00+00:00;1
2025-11-28 23:00:00+00:00;15
2027-01-16 00:00:00+00:00;1
2025-05-19 22:00:00+00:00;2
1979-10-17 23:00:00+00:00;1
2024-05-24 22:00:00+00:00;3
2004-12-24 23:00:00+00:00;1
2015-03-10 23:00:00+00:00;8
2001-03-31 22:00:00+00:00;6
2004-04-04 22:00:00+00:00;3
2035-01-01 23:00:00+00:00;1
2001-08-31 22:00:00+00:00;20
2018-10-23 22:00:00+00:00;12
2025-03-08 00:00:00+00:00;1
2013-04-08 22:00:00+00:00;16
2027-07-16 07:38:03.686000+00:00;1
2004-05-18 22:00:00+00:00;2
2022-12-01 23:00:00+00:00;11
1994-01-09 23:00:00+00:00;1
2022-03-19 23:00:00+00:00;4
2019-10-16 07:53:01.648325+00:00;1
2008-01-27 23:00:00+00:00;14
2026-02-02 23:00:00+00:00;4
1995-08-25 22:00:00+00:00;1
2026-11-29 23:00:00+00:00;1
1992-05-02 22:00:00+00:00;1
2012-10-12 22:00:00+00:00;7
2016-07-12 22:00:00+00:00;6
2025-09-11 22:00:00+00:00;9
2016-02-12 23:00:00+00:00;10
2015-08-20 22:00:00+00:00;17
2019-08-18 22:00:00+00:00;4
2010-01-16 23:00:00+00:00;12
2015-02-14 23:00:00+00:00;11
2003-10-28 23:00:00+00:00;6
2012-04-14 22:00:00+00:00;11
2005-11-04 23:00:00+00:00;4
2027-05-28 12:34:26.842000+00:00;1
2002-09-17 22:00:00+00:00;3
1998-07-26 22:00:00+00:00;1
1986-01-31 23:00:00+00:00;1
2010-01-24 23:00:00+00:00;13
2010-07-26 22:00:00+00:00;2
2018-12-20 23:00:00+00:00;40
2008-01-21 23:00:00+00:00;4
2013-07-13 22:00:00+00:00;7
2009-04-08 22:00:00+00:00;2
2007-01-27 23:00:00+00:00;8
2020-02-07 23:00:00+00:00;3
2010-12-09 23:00:00+00:00;23
2024-04-21 22:00:00+00:00;8
2011-07-11 22:00:00+00:00;3
2009-02-12 23:00:00+00:00;12
2016-09-11 22:00:00+00:00;10
2015-09-08 22:00:00+00:00;7
2019-02-11 23:00:00+00:00;3
2018-12-09 23:00:00+00:00;8
2009-08-08 22:00:00+00:00;12
2015-07-27 22:00:00+00:00;7
2022-11-01 23:00:00+00:00;7
2010-12-11 23:00:00+00:00;10
2009-10-18 22:00:00+00:00;15
2008-07-24 22:00:00+00:00;12
2025-06-28 22:00:00+00:00;3
2024-12-19 23:00:00+00:00;10
2016-02-05 23:00:00+00:00;15
2009-06-05 22:00:00+00:00;12
2023-12-18 23:00:00+00:00;3
2021-02-18 23:00:00+00:00;17
2008-09-14 22:00:00+00:00;13
2026-07-18 22:00:00+00:00;3
2010-05-20 22:00:00+00:00;15
2014-03-10 23:00:00+00:00;4
2007-09-14 22:00:00+00:00;12
2005-02-26 23:00:00+00:00;3
1991-01-12 23:00:00+00:00;1
2014-10-09 22:00:00+00:00;11
2002-08-31 22:00:00+00:00;10
2004-12-07 23:00:00+00:00;1
2025-06-12 22:00:00+00:00;8
1999-06-15 22:00:00+00:00;1
2010-01-20 23:00:00+00:00;2
2002-05-03 22:00:00+00:00;2
2000-04-30 22:00:00+00:00;4
2027-06-26 08:02:12.506000+00:00;1
2018-11-20 23:00:00+00:00;9
2024-12-08 23:00:00+00:00;6
2027-05-08 00:00:00+00:00;9
1999-02-04 23:00:00+00:00;2
2006-06-09 22:00:00+00:00;3
2021-03-12 23:00:00+00:00;4
2019-03-22 23:00:00+00:00;3
2006-09-16 22:00:00+00:00;7
2002-11-21 23:00:00+00:00;2
2008-04-25 22:00:00+00:00;15
2021-04-26 22:00:00+00:00;1
2026-06-10 22:00:00+00:00;8
2017-06-28 22:00:00+00:00;17
2013-11-27 23:00:00+00:00;4
2025-09-05 22:00:00+00:00;4
2025-08-17 22:00:00+00:00;7
2021-12-17 23:00:00+00:00;5
2009-07-10 22:00:00+00:00;15
2023-10-27 22:00:00+00:00;3
2019-03-11 23:00:00+00:00;7
2026-09-27 22:00:00+00:00;1
2020-06-07 22:00:00+00:00;7
2019-07-16 22:00:00+00:00;11
2008-08-02 22:00:00+00:00;7
2024-10-07 22:00:00+00:00;3
2006-07-08 22:00:00+00:00;5
2012-11-30 23:00:00+00:00;16
2006-10-04 22:00:00+00:00;6
2015-05-30 22:00:00+00:00;11
2008-10-28 23:00:00+00:00;5
2022-06-02 22:00:00+00:00;15
2010-09-26 22:00:00+00:00;7
2004-06-20 22:00:00+00:00;1
2024-12-22 23:00:00+00:00;10
2006-07-27 22:00:00+00:00;4
2005-08-10 22:00:00+00:00;1
2008-01-22 23:00:00+00:00;1
2008-03-26 23:00:00+00:00;2
2006-10-30 23:00:00+00:00;1
2004-11-28 23:00:00+00:00;1
2013-04-27 22:00:00+00:00;10
2016-06-29 22:00:00+00:00;18
2012-04-04 22:00:00+00:00;2
2004-07-21 22:00:00+00:00;4
2006-02-16 23:00:00+00:00;7
2010-12-08 23:00:00+00:00;14
2015-07-28 22:00:00+00:00;4
2019-01-15 23:00:00+00:00;6
2027-05-12 00:00:00+00:00;12
2002-01-14 23:00:00+00:00;1
2025-05-09 14:50:03.795852+00:00;1
2014-03-12 23:00:00+00:00;5
2012-08-31 22:00:00+00:00;10
2013-03-29 23:00:00+00:00;14
2006-05-21 22:00:00+00:00;3
2019-11-20 10:57:03.092715+00:00;1
2015-04-08 22:00:00+00:00;5
2005-10-20 22:00:00+00:00;1
2005-07-23 22:00:00+00:00;3
2008-06-27 22:00:00+00:00;11
2021-01-20 23:00:00+00:00;2
2011-03-06 23:00:00+00:00;11
2015-08-03 22:00:00+00:00;5
2016-01-07 23:00:00+00:00;17
2018-12-02 23:00:00+00:00;4
2008-02-22 23:00:00+00:00;14
2027-02-06 23:00:00+00:00;15
2020-02-20 12:33:00.381872+00:00;1
2015-01-18 23:00:00+00:00;10
2015-07-31 22:00:00+00:00;12
2013-05-04 22:00:00+00:00;15
2020-03-15 23:00:00+00:00;5
2017-05-23 22:00:00+00:00;11
2008-10-19 22:00:00+00:00;11
2007-06-27 22:00:00+00:00;3
1994-09-29 23:00:00+00:00;1
2012-11-09 23:00:00+00:00;7
2020-06-16 22:00:00+00:00;9
2012-12-11 23:00:00+00:00;1
2022-03-30 22:00:00+00:00;77
2011-06-19 22:00:00+00:00;17
2012-06-09 22:00:00+00:00;22
2007-03-16 23:00:00+00:00;11
2018-08-21 22:00:00+00:00;6
1967-01-05 23:00:00+00:00;1
2013-05-23 22:00:00+00:00;7
2033-12-16 23:00:00+00:00;1
2023-02-09 23:00:00+00:00;9
2016-10-24 22:00:00+00:00;20
2009-01-25 23:00:00+00:00;11
1996-06-18 22:00:00+00:00;2
2021-10-16 22:00:00+00:00;3
2014-08-31 22:00:00+00:00;10
2027-06-17 00:00:00+00:00;7
2005-11-06 23:00:00+00:00;1
1993-02-28 23:00:00+00:00;3
2027-04-25 12:31:17.201000+00:00;1
2008-06-03 22:00:00+00:00;4
1996-12-05 23:00:00+00:00;1
2017-05-02 22:00:00+00:00;2
1993-07-14 22:00:00+00:00;1
2000-10-18 22:00:00+00:00;1
2016-03-12 23:00:00+00:00;17
2004-07-16 22:00:00+00:00;3
2019-07-28 22:00:00+00:00;2
2017-07-11 22:00:00+00:00;5
2013-12-27 23:00:00+00:00;1
2012-05-14 22:00:00+00:00;3
2008-01-03 23:00:00+00:00;10
1998-04-28 22:00:00+00:00;1
2012-10-06 22:00:00+00:00;13
2027-05-06 14:53:45.340000+00:00;1
2020-09-10 22:00:00+00:00;16
2001-05-19 22:00:00+00:00;2
1994-06-30 22:00:00+00:00;2
2017-12-17 23:00:00+00:00;4
1998-11-27 23:00:00+00:00;1
1993-05-30 22:00:00+00:00;1
2027-03-14 00:00:00+00:00;3
2010-10-10 22:00:00+00:00;11
2019-08-26 22:00:00+00:00;1
2020-07-29 22:00:00+00:00;11
2010-12-18 23:00:00+00:00;6
2027-07-23 13:11:12.067000+00:00;1
2027-06-11 08:38:14.076000+00:00;1
2027-04-23 00:00:00+00:00;12
1985-07-31 22:00:00+00:00;1
2027-05-25 13:14:30.621000+00:00;1
2018-07-26 22:00:00+00:00;19
2014-12-01 23:00:00+00:00;5
2026-09-01 22:00:00+00:00;4
2020-09-26 22:00:00+00:00;5
2008-08-24 22:00:00+00:00;17
2009-05-22 22:00:00+00:00;18
1995-08-03 22:00:00+00:00;1
2004-09-09 22:00:00+00:00;3
2007-10-15 22:00:00+00:00;3
2012-09-26 22:00:00+00:00;17
2004-07-14 22:00:00+00:00;2
2006-11-19 23:00:00+00:00;6
2011-11-29 23:00:00+00:00;5
2023-06-16 22:00:00+00:00;4
2026-08-14 22:00:00+00:00;10
2019-01-11 23:00:00+00:00;3
2016-11-01 23:00:00+00:00;6
2025-07-14 23:00:00+00:00;2
2024-07-23 22:00:00+00:00;5
2020-01-30 23:00:00+00:00;52
2001-06-07 22:00:00+00:00;1
2008-06-23 22:00:00+00:00;8
2006-09-20 22:00:00+00:00;5
2024-06-28 22:00:00+00:00;2
2009-03-13 23:00:00+00:00;12
2016-11-11 23:00:00+00:00;11
2001-09-07 22:00:00+00:00;4
1998-04-30 22:00:00+00:00;5
2024-11-20 23:00:00+00:00;5
2016-08-12 22:00:00+00:00;7
2006-11-26 23:00:00+00:00;6
2015-03-17 23:00:00+00:00;2
2027-01-11 23:00:00+00:00;1
2024-12-13 23:00:00+00:00;6
2006-04-25 22:00:00+00:00;5
2008-01-08 23:00:00+00:00;5
1988-08-25 22:00:00+00:00;1
2013-07-09 22:00:00+00:00;2
2035-11-11 23:00:00+00:00;1
2026-02-04 23:00:00+00:00;7
2004-10-31 23:00:00+00:00;7
2012-07-06 22:00:00+00:00;5
2002-01-18 23:00:00+00:00;1
2005-06-18 22:00:00+00:00;4
2015-01-05 23:00:00+00:00;1
2012-12-21 23:00:00+00:00;9
2010-02-10 23:00:00+00:00;1
2005-02-23 23:00:00+00:00;2
2007-11-24 23:00:00+00:00;11
1986-06-24 22:00:00+00:00;1
2025-05-29 22:00:00+00:00;6
2006-11-02 23:00:00+00:00;11
1998-09-28 22:00:00+00:00;1
2001-02-21 23:00:00+00:00;1
2014-01-16 23:00:00+00:00;4
2008-04-10 22:00:00+00:00;12
2025-12-30 23:00:00+00:00;27
1996-02-09 23:00:00+00:00;1
2027-01-21 23:00:00+00:00;20
2025-02-11 23:00:00+00:00;2
2025-02-27 23:00:00+00:00;23
2022-06-16 22:00:00+00:00;18
1994-09-27 23:00:00+00:00;2
2010-05-21 22:00:00+00:00;10
2013-05-16 22:00:00+00:00;7
2005-10-29 22:00:00+00:00;5
2005-02-20 23:00:00+00:00;3
2014-01-02 23:00:00+00:00;6
2038-09-03 22:00:00+00:00;1
2016-12-15 23:00:00+00:00;16
2005-06-23 22:00:00+00:00;5
2010-06-02 22:00:00+00:00;5
2014-09-21 22:00:00+00:00;5
2025-03-11 23:00:00+00:00;3
2018-11-06 23:00:00+00:00;4
2019-04-17 22:00:00+00:00;5
2008-07-03 22:00:00+00:00;6
2002-09-11 22:00:00+00:00;3
2027-05-14 14:08:56.361000+00:00;1
2020-08-16 22:00:00+00:00;6
2017-10-31 23:00:00+00:00;14
2019-04-20 22:00:00+00:00;2
2009-07-01 22:00:00+00:00;2
2025-04-02 22:00:00+00:00;7
2002-07-04 22:00:00+00:00;1
2018-10-04 22:00:00+00:00;5
2018-10-27 22:00:00+00:00;1
2017-04-01 22:00:00+00:00;17
2008-02-23 23:00:00+00:00;9
2015-04-22 22:00:00+00:00;8
2016-09-19 22:00:00+00:00;23
2024-05-02 22:00:00+00:00;9
2025-08-08 22:00:00+00:00;6
2012-02-18 23:00:00+00:00;8
2003-10-16 22:00:00+00:00;1
1986-11-30 23:00:00+00:00;2
2024-10-08 22:00:00+00:00;4
2021-10-13 22:00:00+00:00;18
2023-01-07 23:00:00+00:00;1
2013-06-29 22:00:00+00:00;8
1997-05-30 22:00:00+00:00;1
2013-07-20 22:00:00+00:00;5
2007-04-08 22:00:00+00:00;17
2009-05-16 22:00:00+00:00;15
2025-02-16 23:00:00+00:00;9
2019-11-02 23:00:00+00:00;6
2011-08-27 22:00:00+00:00;7
1992-05-31 22:00:00+00:00;1
2005-03-31 22:00:00+00:00;13
2007-07-08 22:00:00+00:00;12
2012-06-27 22:00:00+00:00;8
2016-03-01 23:00:00+00:00;5
2007-04-14 22:00:00+00:00;9
2000-07-17 22:00:00+00:00;1
2016-08-11 22:00:00+00:00;6
2009-05-30 22:00:00+00:00;5
2001-05-30 22:00:00+00:00;3
2012-01-28 23:00:00+00:00;14
2026-06-20 22:00:00+00:00;14
2016-12-31 23:00:00+00:00;16
2010-05-17 22:00:00+00:00;5
2019-10-16 06:14:52.610351+00:00;1
2012-04-22 22:00:00+00:00;15
1997-04-02 22:00:00+00:00;9
2012-11-02 23:00:00+00:00;7
2025-02-21 23:00:00+00:00;6
2042-07-18 22:00:00+00:00;1
2011-10-28 22:00:00+00:00;5
2009-08-05 22:00:00+00:00;4
2027-02-16 23:00:00+00:00;6
2019-05-16 22:00:00+00:00;13
2017-11-21 23:00:00+00:00;4
2021-04-06 22:00:00+00:00;3
2005-01-07 23:00:00+00:00;3
2019-09-28 22:00:00+00:00;3
2012-09-05 22:00:00+00:00;6
2003-07-31 22:00:00+00:00;23
1995-12-22 23:00:00+00:00;1
2016-03-09 23:00:00+00:00;7
2015-07-10 22:00:00+00:00;6
2017-08-29 22:00:00+00:00;4
2008-03-24 23:00:00+00:00;12
1994-11-08 23:00:00+00:00;1
2020-12-27 23:00:00+00:00;12
2019-08-05 22:00:00+00:00;7
2027-06-25 15:10:32.030000+00:00;1
2004-11-02 23:00:00+00:00;1
2017-04-06 22:00:00+00:00;12
2014-07-17 22:00:00+00:00;5
2000-03-31 22:00:00+00:00;6
1998-10-22 22:00:00+00:00;1
2008-04-08 22:00:00+00:00;2
1999-05-27 22:00:00+00:00;1
2018-05-07 22:00:00+00:00;7
2013-09-23 22:00:00+00:00;7
2005-09-09 22:00:00+00:00;6
2008-11-26 23:00:00+00:00;2
2001-08-29 22:00:00+00:00;1
2026-05-04 22:00:00+00:00;2
2007-01-17 23:00:00+00:00;8
2011-12-04 23:00:00+00:00;12
2024-07-17 22:00:00+00:00;5
1992-07-31 22:00:00+00:00;1
2011-07-10 22:00:00+00:00;15
1999-12-02 23:00:00+00:00;4
2011-02-25 23:00:00+00:00;4
1990-10-04 23:00:00+00:00;1
2022-04-29 22:00:00+00:00;51
1999-03-23 23:00:00+00:00;1
2023-09-08 22:00:00+00:00;4
2027-02-17 23:00:00+00:00;9
2001-07-27 22:00:00+00:00;2
2004-01-10 23:00:00+00:00;5
2007-07-13 22:00:00+00:00;7
2008-07-11 22:00:00+00:00;9
1994-12-01 23:00:00+00:00;1
2023-06-14 22:00:00+00:00;8
2025-07-31 22:00:00+00:00;11
2027-03-24 23:00:00+00:00;14
2018-11-05 23:00:00+00:00;3
2022-01-01 23:00:00+00:00;4
2021-03-17 23:00:00+00:00;10
2020-11-08 23:00:00+00:00;5
2010-09-13 22:00:00+00:00;2
2009-07-12 22:00:00+00:00;11
2011-10-17 22:00:00+00:00;5
2018-08-26 22:00:00+00:00;3
2020-02-27 09:09:13.072302+00:00;1
2015-03-05 23:00:00+00:00;9
2007-03-19 23:00:00+00:00;2
2013-09-30 22:00:00+00:00;8
1988-05-31 22:00:00+00:00;1
2023-10-14 22:00:00+00:00;4
2015-03-02 23:00:00+00:00;2
2012-08-08 22:00:00+00:00;2
2019-01-21 23:00:00+00:00;4
1991-03-14 23:00:00+00:00;1
2012-11-28 23:00:00+00:00;6
2026-01-09 23:00:00+00:00;6
2017-05-24 22:00:00+00:00;2
2017-01-05 23:00:00+00:00;7
2008-02-27 23:00:00+00:00;8
2026-01-21 23:00:00+00:00;11
2010-07-14 22:00:00+00:00;9
2026-10-08 22:00:00+00:00;11
2009-01-29 23:00:00+00:00;5
2021-06-13 22:00:00+00:00;6
2005-08-11 22:00:00+00:00;5
2020-12-31 23:00:00+00:00;27
2012-10-04 22:00:00+00:00;14
2020-12-08 23:00:00+00:00;1
2011-01-17 23:00:00+00:00;2
2003-11-25 23:00:00+00:00;6
2027-03-27 13:03:33.870173+00:00;1
2022-12-26 23:00:00+00:00;3
2007-11-12 23:00:00+00:00;5
2022-01-18 23:00:00+00:00;6
1972-01-05 23:00:00+00:00;1
2013-05-06 22:00:00+00:00;7
2013-03-06 23:00:00+00:00;3
2007-06-15 22:00:00+00:00;12
2025-10-31 00:00:00+00:00;1
2026-02-28 23:00:00+00:00;12
2023-09-05 22:00:00+00:00;4
2012-10-22 22:00:00+00:00;12
2013-05-13 22:00:00+00:00;10
2019-03-18 23:00:00+00:00;2
2023-08-20 22:00:00+00:00;2
2012-10-07 22:00:00+00:00;13
2010-08-15 22:00:00+00:00;7
2027-03-25 23:00:00+00:00;17
2019-01-01 23:00:00+00:00;7
2011-04-06 22:00:00+00:00;9
2007-10-03 22:00:00+00:00;12
2005-07-21 22:00:00+00:00;1
1987-03-22 23:00:00+00:00;1
2021-05-08 22:00:00+00:00;4
2022-08-16 22:00:00+00:00;7
2026-10-23 22:00:00+00:00;16
2002-10-01 22:00:00+00:00;1
1987-08-31 22:00:00+00:00;1
2006-06-18 22:00:00+00:00;5
2012-08-06 22:00:00+00:00;26
2016-08-22 22:00:00+00:00;13
2025-10-22 22:00:00+00:00;8
2019-09-20 22:00:00+00:00;4
2005-10-06 22:00:00+00:00;3
2004-01-15 00:00:00+00:00;1
2024-08-27 22:00:00+00:00;5
2013-05-05 22:00:00+00:00;8
2027-07-18 10:28:48.467000+00:00;1
2021-05-17 22:00:00+00:00;3
2019-03-04 23:00:00+00:00;8
2033-05-17 22:00:00+00:00;4
2015-11-13 23:00:00+00:00;15
2009-11-02 23:00:00+00:00;15
2012-04-19 22:00:00+00:00;12
2011-04-24 22:00:00+00:00;15
2026-04-15 00:00:00+00:00;2
2018-03-23 23:00:00+00:00;4
2013-03-17 23:00:00+00:00;14
2027-06-23 11:56:33.840000+00:00;1
1994-08-16 22:00:00+00:00;3
2019-11-20 23:00:00+00:00;4
2016-11-24 23:00:00+00:00;9
2020-02-25 23:00:00+00:00;3
2016-09-14 22:00:00+00:00;11
1984-02-27 23:00:00+00:00;1
2019-04-29 22:00:00+00:00;35
2004-12-09 23:00:00+00:00;3
2008-02-13 23:00:00+00:00;10
2008-06-26 22:00:00+00:00;8
2013-08-03 22:00:00+00:00;6
2027-06-18 06:09:30.541000+00:00;1
1987-04-08 22:00:00+00:00;2
2027-05-27 13:26:20.549000+00:00;1
1998-02-13 23:00:00+00:00;1
2016-04-07 22:00:00+00:00;13
2019-11-27 10:40:15.406762+00:00;1
2006-03-01 23:00:00+00:00;24
2017-11-24 23:00:00+00:00;5
2010-08-26 22:00:00+00:00;17
2008-06-06 22:00:00+00:00;9
2020-03-02 23:00:00+00:00;8
2019-04-19 22:00:00+00:00;6
2018-08-02 22:00:00+00:00;9
2019-08-29 22:00:00+00:00;28
2024-05-29 22:00:00+00:00;19
2024-06-22 22:00:00+00:00;4
2012-12-03 23:00:00+00:00;11
1991-09-30 23:00:00+00:00;2
1990-08-18 22:00:00+00:00;1
2009-05-18 22:00:00+00:00;3
2009-03-04 23:00:00+00:00;3
2017-04-25 22:00:00+00:00;7
2011-12-29 23:00:00+00:00;4
1999-03-04 23:00:00+00:00;1
2025-02-06 23:00:00+00:00;9
2002-05-17 22:00:00+00:00;2
2021-09-22 22:00:00+00:00;12
2027-06-18 06:15:17.889000+00:00;1
2015-12-09 23:00:00+00:00;20
2011-01-15 23:00:00+00:00;16
1995-03-15 23:00:00+00:00;2
2026-01-28 23:00:00+00:00;11
1989-10-15 23:00:00+00:00;1
2001-09-20 22:00:00+00:00;1
2022-04-28 22:00:00+00:00;35
2020-02-20 07:39:19.743365+00:00;1
2000-05-18 22:00:00+00:00;2
2027-07-01 12:36:10.195000+00:00;1
2008-12-23 23:00:00+00:00;1
2006-08-01 22:00:00+00:00;6
2013-02-16 23:00:00+00:00;18
2008-11-03 23:00:00+00:00;17
2019-10-13 22:00:00+00:00;3
2014-12-07 23:00:00+00:00;6
2027-07-11 00:00:00+00:00;4
2011-01-18 23:00:00+00:00;2
2002-02-09 23:00:00+00:00;1
1997-05-17 22:00:00+00:00;1
2026-09-12 22:00:00+00:00;8
2012-11-23 23:00:00+00:00;17
2019-12-31 23:00:00+00:00;21
2016-08-13 22:00:00+00:00;11
1995-11-07 23:00:00+00:00;1
2022-06-15 22:00:00+00:00;11
2012-01-22 23:00:00+00:00;8
2041-12-31 23:00:00+00:00;1
1995-01-31 23:00:00+00:00;4
2023-10-06 22:00:00+00:00;1
2018-07-05 22:00:00+00:00;15
2019-11-19 14:24:11.348330+00:00;1
2014-04-22 22:00:00+00:00;5
2013-03-22 23:00:00+00:00;13
1979-12-30 23:00:00+00:00;3
2020-08-06 22:00:00+00:00;9
2027-07-20 12:16:24.084000+00:00;1
1993-01-22 23:00:00+00:00;1
2006-10-03 22:00:00+00:00;1
2025-02-01 00:00:00+00:00;2
2005-05-27 22:00:00+00:00;3
2014-07-09 22:00:00+00:00;5
2025-03-13 00:00:00+00:00;1
2017-09-13 22:00:00+00:00;10
2009-01-15 23:00:00+00:00;9
2014-10-23 22:00:00+00:00;6
2026-05-11 22:00:00+00:00;1
2027-03-05 23:00:00+00:00;13
2015-08-08 22:00:00+00:00;6
2019-08-08 22:00:00+00:00;5
1997-11-22 23:00:00+00:00;1
2027-06-10 11:46:04.854000+00:00;1
2022-11-14 23:00:00+00:00;3
2020-02-21 09:22:23.536715+00:00;1
2007-08-31 22:00:00+00:00;11
2010-05-01 22:00:00+00:00;2
2027-05-27 10:05:54.546000+00:00;1
2016-04-02 22:00:00+00:00;22
2020-02-21 12:22:11.910871+00:00;1
2010-04-25 22:00:00+00:00;23
2027-03-26 23:00:00+00:00;9
1998-12-31 23:00:00+00:00;50
2027-07-22 10:09:17.158000+00:00;1
2027-05-11 00:00:00+00:00;1
2015-03-14 23:00:00+00:00;9
2014-08-05 22:00:00+00:00;3
2003-05-18 22:00:00+00:00;1
2020-06-04 22:00:00+00:00;12
2005-03-22 23:00:00+00:00;4
2003-02-25 23:00:00+00:00;1
2026-04-24 22:00:00+00:00;19
2015-08-29 22:00:00+00:00;12
1995-11-02 23:00:00+00:00;2
2024-03-19 23:00:00+00:00;5
2007-03-07 23:00:00+00:00;8
2008-01-17 23:00:00+00:00;10
2024-01-26 23:00:00+00:00;4
2011-01-30 23:00:00+00:00;8
2024-03-06 23:00:00+00:00;10
2024-09-10 22:00:00+00:00;2
2007-08-28 22:00:00+00:00;4
2023-08-17 22:00:00+00:00;5
2010-11-03 23:00:00+00:00;8
1990-05-20 22:00:00+00:00;1
2025-03-02 23:00:00+00:00;5
2013-01-26 23:00:00+00:00;7
2002-02-15 23:00:00+00:00;1
2006-11-05 23:00:00+00:00;6
2026-01-02 23:00:00+00:00;2
2025-09-21 22:00:00+00:00;8
2020-12-24 23:00:00+00:00;13
2024-01-31 23:00:00+00:00;16
2009-11-07 23:00:00+00:00;9
2022-02-25 23:00:00+00:00;2
2017-07-02 22:00:00+00:00;11
2012-10-08 22:00:00+00:00;10
2010-09-23 22:00:00+00:00;11
1999-02-13 23:00:00+00:00;1
1997-04-22 22:00:00+00:00;1
2023-07-27 22:00:00+00:00;17
2006-06-07 22:00:00+00:00;8
2011-04-08 22:00:00+00:00;25
2024-10-06 22:00:00+00:00;6
2022-07-14 22:00:00+00:00;26
2003-11-28 23:00:00+00:00;3
2016-03-19 23:00:00+00:00;12
2021-07-15 22:00:00+00:00;15
2000-12-06 23:00:00+00:00;1
2017-01-09 23:00:00+00:00;6
2006-07-01 22:00:00+00:00;16
2000-07-27 22:00:00+00:00;1
2016-12-12 23:00:00+00:00;18
2010-06-24 22:00:00+00:00;14
2019-09-24 22:00:00+00:00;7
1998-08-18 22:00:00+00:00;1
2025-04-09 22:00:00+00:00;1
2006-10-08 22:00:00+00:00;6
2008-03-05 23:00:00+00:00;2
2000-12-31 23:00:00+00:00;23
2010-04-21 22:00:00+00:00;7
2009-12-25 23:00:00+00:00;1
2025-04-12 22:00:00+00:00;6
2023-01-06 23:00:00+00:00;7
2019-11-13 12:55:42.331768+00:00;1
2012-12-17 23:00:00+00:00;6
2011-02-08 23:00:00+00:00;3
1996-12-18 23:00:00+00:00;1
2024-03-13 23:00:00+00:00;9
2014-09-08 22:00:00+00:00;1
2006-10-15 22:00:00+00:00;9
2017-08-10 22:00:00+00:00;2
2024-06-21 00:00:00+00:00;1
1992-12-20 23:00:00+00:00;1
2026-05-30 22:00:00+00:00;7
2025-10-29 00:00:00+00:00;3
2007-03-17 23:00:00+00:00;14
2020-01-15 23:00:00+00:00;8
2018-02-13 23:00:00+00:00;9
2003-07-16 22:00:00+00:00;3
2016-07-30 22:00:00+00:00;13
2014-07-05 22:00:00+00:00;18
2026-12-14 23:00:00+00:00;1
2016-11-07 23:00:00+00:00;20
2011-02-18 23:00:00+00:00;8
2009-09-30 22:00:00+00:00;1
2004-09-16 22:00:00+00:00;2
2006-09-08 22:00:00+00:00;1
2009-11-25 23:00:00+00:00;3
2003-01-29 23:00:00+00:00;2
2016-01-13 23:00:00+00:00;9
2014-07-14 22:00:00+00:00;3
2016-10-30 23:00:00+00:00;32
2024-03-17 23:00:00+00:00;4
2024-01-11 23:00:00+00:00;11
2025-06-30 22:00:00+00:00;30
2023-06-27 22:00:00+00:00;7
2025-04-12 00:00:00+00:00;2
2023-10-24 22:00:00+00:00;7
2027-01-14 23:00:00+00:00;11
2001-06-16 22:00:00+00:00;1
2008-12-29 23:00:00+00:00;1
2005-04-21 22:00:00+00:00;2
1995-04-29 22:00:00+00:00;2
1999-06-02 22:00:00+00:00;1
2020-03-17 23:00:00+00:00;6
2021-12-15 23:00:00+00:00;14
2018-07-06 22:00:00+00:00;2
2016-12-29 23:00:00+00:00;17
2010-08-13 22:00:00+00:00;9
2004-03-03 23:00:00+00:00;4
2018-02-07 23:00:00+00:00;9
2008-07-14 22:00:00+00:00;12
2006-09-07 22:00:00+00:00;5
2027-06-05 13:56:45.118000+00:00;1
2014-06-09 22:00:00+00:00;2
2021-04-19 22:00:00+00:00;6
2013-12-06 23:00:00+00:00;11
2018-06-04 22:00:00+00:00;16
2018-01-09 23:00:00+00:00;5
2027-06-26 07:59:00.885000+00:00;1
2025-04-30 22:00:00+00:00;14
2027-04-03 22:00:00+00:00;1
2027-07-23 11:17:23.730000+00:00;1
2024-11-15 23:00:00+00:00;9
2009-12-14 23:00:00+00:00;7
2001-01-14 23:00:00+00:00;1
2025-06-10 22:00:00+00:00;2
2022-05-29 22:00:00+00:00;10
2023-04-06 22:00:00+00:00;16
2015-05-21 22:00:00+00:00;9
2011-12-02 23:00:00+00:00;14
2020-08-02 22:00:00+00:00;4
2026-05-15 22:00:00+00:00;12
1980-01-05 23:00:00+00:00;5
2007-07-26 22:00:00+00:00;6
2004-07-28 22:00:00+00:00;1
2016-11-28 23:00:00+00:00;10
2010-04-10 22:00:00+00:00;12
2008-02-18 23:00:00+00:00;1
2000-06-20 22:00:00+00:00;3
2008-08-12 22:00:00+00:00;4
2007-02-15 23:00:00+00:00;6
2004-03-24 23:00:00+00:00;2
2013-09-25 22:00:00+00:00;4
2006-06-22 22:00:00+00:00;6
2019-07-08 22:00:00+00:00;4
2019-08-14 22:00:00+00:00;6
2006-10-20 22:00:00+00:00;12
2023-06-24 22:00:00+00:00;3
2022-11-05 23:00:00+00:00;6
2004-02-19 23:00:00+00:00;1
1974-12-30 23:00:00+00:00;1
2019-10-04 22:00:00+00:00;2
1988-02-29 23:00:00+00:00;1
2017-12-01 23:00:00+00:00;3
2006-05-26 22:00:00+00:00;8
2024-12-12 23:00:00+00:00;8
2021-11-13 23:00:00+00:00;3
2017-08-19 22:00:00+00:00;6
2007-06-11 22:00:00+00:00;5
2016-02-28 23:00:00+00:00;17
2022-05-14 22:00:00+00:00;4
2018-08-16 22:00:00+00:00;6
2015-04-02 22:00:00+00:00;7
2026-10-28 23:00:00+00:00;19
2022-04-19 22:00:00+00:00;19
2007-05-10 22:00:00+00:00;9
2015-05-26 22:00:00+00:00;6
2022-12-16 23:00:00+00:00;2
2020-02-05 23:00:00+00:00;8
2023-09-12 22:00:00+00:00;9
2025-11-30 23:00:00+00:00;16
2023-02-03 23:00:00+00:00;5
2022-10-04 22:00:00+00:00;2
2007-04-01 22:00:00+00:00;21
2027-06-02 13:24:14.875000+00:00;1
2026-11-13 23:00:00+00:00;7
2003-12-07 23:00:00+00:00;2
2023-06-06 22:00:00+00:00;7
2007-03-14 23:00:00+00:00;5
2019-02-19 23:00:00+00:00;29
1999-02-18 23:00:00+00:00;1
2021-10-29 22:00:00+00:00;13
2015-07-25 22:00:00+00:00;12
2017-08-07 22:00:00+00:00;3
2022-07-15 22:00:00+00:00;6
2027-03-17 23:00:00+00:00;13
2010-06-10 22:00:00+00:00;11
2021-02-03 23:00:00+00:00;15
2013-02-24 23:00:00+00:00;13
2011-05-30 22:00:00+00:00;4
2007-04-20 22:00:00+00:00;13
2015-01-10 23:00:00+00:00;15
2008-09-21 22:00:00+00:00;12
2000-09-15 22:00:00+00:00;1
2009-12-26 23:00:00+00:00;2
2003-06-08 22:00:00+00:00;1
2021-01-27 23:00:00+00:00;12
2013-04-18 22:00:00+00:00;4
2005-06-16 22:00:00+00:00;4
2020-02-09 23:00:00+00:00;4
2025-05-13 22:00:00+00:00;3
2020-03-26 23:00:00+00:00;24
2013-04-17 22:00:00+00:00;3
1999-01-05 23:00:00+00:00;10
2013-06-16 22:00:00+00:00;14
2027-06-19 00:00:00+00:00;3
2013-11-14 23:00:00+00:00;18
2004-08-02 22:00:00+00:00;1
2005-09-02 22:00:00+00:00;2
2020-03-19 23:00:00+00:00;11
1988-01-05 23:00:00+00:00;5
2008-01-31 23:00:00+00:00;11
2017-12-08 23:00:00+00:00;6
2023-08-23 22:00:00+00:00;10
2012-08-09 22:00:00+00:00;8
2020-06-17 22:00:00+00:00;6
2010-05-31 22:00:00+00:00;1
2008-12-24 23:00:00+00:00;4
2005-01-17 23:00:00+00:00;4
2014-07-16 22:00:00+00:00;6
2026-03-20 23:00:00+00:00;9
1995-03-02 23:00:00+00:00;1
2009-02-10 23:00:00+00:00;2
2026-02-20 23:00:00+00:00;9
2011-09-26 22:00:00+00:00;1
2022-05-02 22:00:00+00:00;8
2019-07-11 22:00:00+00:00;19
2025-01-18 23:00:00+00:00;6
2009-05-07 22:00:00+00:00;10
2006-04-18 22:00:00+00:00;6
2019-11-27 12:52:00.292276+00:00;1
2027-03-28 00:00:00+00:00;7
2022-07-31 22:00:00+00:00;10
2013-06-18 22:00:00+00:00;2
2011-02-12 23:00:00+00:00;8
2005-05-26 22:00:00+00:00;2
1998-10-10 22:00:00+00:00;2
2024-11-30 23:00:00+00:00;13
2022-06-29 22:00:00+00:00;88
2011-09-15 22:00:00+00:00;12
2003-10-14 22:00:00+00:00;2
2024-02-04 23:00:00+00:00;4
2019-12-10 23:00:00+00:00;9
2024-12-05 23:00:00+00:00;8
2012-03-28 22:00:00+00:00;3
2031-05-17 22:00:00+00:00;3
2015-02-28 23:00:00+00:00;16
2016-10-17 22:00:00+00:00;10
2008-06-25 22:00:00+00:00;1
2022-06-04 22:00:00+00:00;4
2006-02-20 23:00:00+00:00;4
2023-07-16 22:00:00+00:00;4
1992-08-21 22:00:00+00:00;1
2020-05-19 22:00:00+00:00;6
1993-08-24 22:00:00+00:00;1
2008-01-19 23:00:00+00:00;8
2026-09-10 22:00:00+00:00;10
2002-02-16 23:00:00+00:00;1
2025-03-22 00:00:00+00:00;2
2022-01-07 23:00:00+00:00;3
1996-01-05 23:00:00+00:00;6
2011-02-22 23:00:00+00:00;1
2026-07-22 22:00:00+00:00;7
1985-06-25 22:00:00+00:00;1
2005-03-20 23:00:00+00:00;4
2023-04-23 22:00:00+00:00;4
2026-05-13 22:00:00+00:00;13
2026-08-07 22:00:00+00:00;8
2008-01-12 23:00:00+00:00;10
2026-08-19 22:00:00+00:00;4
2013-02-05 23:00:00+00:00;7
1998-12-14 23:00:00+00:00;1
2018-12-24 23:00:00+00:00;1
2008-12-01 23:00:00+00:00;10
2024-03-05 23:00:00+00:00;6
2005-04-13 22:00:00+00:00;1
2020-11-01 23:00:00+00:00;6
2026-02-19 23:00:00+00:00;11
2012-05-28 22:00:00+00:00;12
2003-01-24 23:00:00+00:00;2
2010-01-08 23:00:00+00:00;9
2025-08-16 22:00:00+00:00;8
2013-10-18 22:00:00+00:00;3
2003-10-31 23:00:00+00:00;14
2016-01-08 23:00:00+00:00;7
2019-06-12 22:00:00+00:00;9
2017-10-22 22:00:00+00:00;5
2016-07-15 22:00:00+00:00;8
2016-08-17 22:00:00+00:00;9
2014-08-22 22:00:00+00:00;13
2020-02-27 07:25:33.027758+00:00;1
2015-11-16 23:00:00+00:00;5
2003-10-04 22:00:00+00:00;1
1991-10-29 23:00:00+00:00;1
2027-06-19 13:45:13.222000+00:00;1
2021-08-11 22:00:00+00:00;6
2023-11-14 23:00:00+00:00;5
2009-11-18 23:00:00+00:00;3
2026-09-14 22:00:00+00:00;4
2014-07-02 22:00:00+00:00;3
2025-04-18 22:00:00+00:00;8
2023-04-15 22:00:00+00:00;4
2007-05-15 22:00:00+00:00;3
2010-10-22 22:00:00+00:00;7
2022-01-31 23:00:00+00:00;22
2019-11-10 23:00:00+00:00;4
2019-10-22 13:24:19.516269+00:00;1
2017-01-25 23:00:00+00:00;6
2026-07-11 22:00:00+00:00;9
2027-06-11 07:23:52.619000+00:00;1
2021-11-18 23:00:00+00:00;21
2014-03-29 23:00:00+00:00;13
2015-04-29 22:00:00+00:00;7
2024-09-13 22:00:00+00:00;4
2036-03-15 23:00:00+00:00;6
1991-05-10 22:00:00+00:00;1
2027-11-29 23:00:00+00:00;1
2024-07-10 22:00:00+00:00;6
2022-09-10 22:00:00+00:00;2
2008-11-18 23:00:00+00:00;4
2025-09-19 22:00:00+00:00;10
2026-12-05 00:00:00+00:00;1
2014-03-01 23:00:00+00:00;15
2016-07-24 22:00:00+00:00;15
2012-09-25 22:00:00+00:00;5
2014-07-12 22:00:00+00:00;19
2022-06-05 22:00:00+00:00;3
2008-10-24 22:00:00+00:00;11
2026-12-02 23:00:00+00:00;6
2024-02-29 23:00:00+00:00;28
2026-11-10 23:00:00+00:00;8
2027-07-02 07:11:49.136000+00:00;1
2027-07-21 16:01:06.274000+00:00;1
2014-10-14 22:00:00+00:00;1
2019-04-03 22:00:00+00:00;5
2012-01-07 23:00:00+00:00;15
2008-12-17 23:00:00+00:00;1
2022-06-09 22:00:00+00:00;15
2020-02-20 12:49:21.311403+00:00;1
2011-07-09 22:00:00+00:00;9
2027-06-26 08:13:08.919000+00:00;1
2013-08-12 22:00:00+00:00;9
2011-05-11 22:00:00+00:00;14
2006-03-06 23:00:00+00:00;3
2001-03-08 23:00:00+00:00;2
2027-02-21 23:00:00+00:00;1
2012-11-19 23:00:00+00:00;11
2007-07-18 22:00:00+00:00;7
1969-05-07 23:00:00+00:00;1
2013-01-20 23:00:00+00:00;16
2001-12-06 23:00:00+00:00;1
2002-12-13 23:00:00+00:00;2
2010-09-02 22:00:00+00:00;11
2010-12-14 23:00:00+00:00;5
2018-10-07 22:00:00+00:00;8
2026-09-03 22:00:00+00:00;8
2020-02-27 08:14:43.671557+00:00;1
2003-08-29 22:00:00+00:00;1
2025-10-02 22:00:00+00:00;5
2004-01-08 23:00:00+00:00;1
2005-07-24 22:00:00+00:00;7
1995-07-28 22:00:00+00:00;1
2006-02-06 23:00:00+00:00;6
2021-09-24 22:00:00+00:00;5
2020-01-02 23:00:00+00:00;6
2005-06-06 22:00:00+00:00;6
2007-09-22 22:00:00+00:00;7
2013-06-30 22:00:00+00:00;13
2014-04-12 22:00:00+00:00;13
1996-12-30 23:00:00+00:00;2
2018-07-16 22:00:00+00:00;7
2019-11-27 13:33:33.753317+00:00;1
2027-03-21 00:00:00+00:00;4
2017-03-01 23:00:00+00:00;7
2019-12-04 23:00:00+00:00;10
2006-02-19 23:00:00+00:00;4
2005-07-27 22:00:00+00:00;4
2023-06-28 22:00:00+00:00;11
2017-07-20 22:00:00+00:00;7
2004-02-21 23:00:00+00:00;1
2024-07-26 22:00:00+00:00;1
2015-12-24 23:00:00+00:00;4
2010-10-11 22:00:00+00:00;4
1991-04-02 22:00:00+00:00;1
2021-05-21 22:00:00+00:00;7
2009-05-21 22:00:00+00:00;11
1998-10-08 22:00:00+00:00;1
2026-05-07 22:00:00+00:00;8
2004-06-15 22:00:00+00:00;1
2027-05-13 11:50:52.705000+00:00;1
2023-11-26 23:00:00+00:00;4
2021-12-27 23:00:00+00:00;2
2015-06-01 22:00:00+00:00;4
2011-04-07 22:00:00+00:00;13
2012-01-17 23:00:00+00:00;1
2010-08-23 22:00:00+00:00;3
2026-04-08 22:00:00+00:00;10
2023-05-11 22:00:00+00:00;13
2021-10-22 22:00:00+00:00;10
2015-02-10 23:00:00+00:00;2
1997-06-08 22:00:00+00:00;1
2022-09-02 22:00:00+00:00;3
2012-05-26 22:00:00+00:00;13
2025-03-15 23:00:00+00:00;4
2010-06-25 22:00:00+00:00;15
2023-03-09 23:00:00+00:00;15
2005-06-24 22:00:00+00:00;2
2006-11-23 23:00:00+00:00;11
2025-04-04 22:00:00+00:00;6
2006-06-24 22:00:00+00:00;7
2011-01-05 23:00:00+00:00;7
2020-06-21 22:00:00+00:00;7
2026-02-05 23:00:00+00:00;6
2014-12-30 23:00:00+00:00;4
2006-07-06 22:00:00+00:00;8
2016-06-26 22:00:00+00:00;20
2020-06-20 22:00:00+00:00;4
2001-01-31 23:00:00+00:00;9
2027-05-24 17:32:23.895000+00:00;1
2014-07-28 22:00:00+00:00;2
2011-04-13 22:00:00+00:00;6
2024-02-25 23:00:00+00:00;2
2026-05-01 22:00:00+00:00;14
2014-10-10 22:00:00+00:00;27
2002-10-08 22:00:00+00:00;2
1998-03-10 23:00:00+00:00;2
2023-03-25 23:00:00+00:00;5
2014-05-10 22:00:00+00:00;16
2011-09-24 22:00:00+00:00;17
2019-11-26 23:00:00+00:00;6
2006-08-22 22:00:00+00:00;3
1988-10-27 23:00:00+00:00;1
2019-10-25 10:20:44.841968+00:00;1
2002-04-04 22:00:00+00:00;3
2027-05-13 12:05:48.285000+00:00;1
2016-09-13 22:00:00+00:00;6
2018-04-26 22:00:00+00:00;15
2008-05-01 22:00:00+00:00;7
2019-01-07 23:00:00+00:00;1
2021-12-29 23:00:00+00:00;11
2013-03-04 23:00:00+00:00;10
2015-11-08 23:00:00+00:00;17
2011-11-06 23:00:00+00:00;13
2020-02-23 23:00:00+00:00;2
2005-12-19 23:00:00+00:00;1
2016-05-01 22:00:00+00:00;29
2027-04-25 12:16:03.276000+00:00;1
2013-12-19 23:00:00+00:00;10
1989-02-18 23:00:00+00:00;1
2005-09-25 22:00:00+00:00;2
2019-06-11 22:00:00+00:00;7
2010-09-22 22:00:00+00:00;8
2008-12-06 23:00:00+00:00;17
2010-01-03 23:00:00+00:00;7
1985-03-06 23:00:00+00:00;1
2001-08-26 22:00:00+00:00;1
2026-05-02 22:00:00+00:00;5
2031-02-10 23:00:00+00:00;1
2024-06-11 22:00:00+00:00;3
2022-06-03 22:00:00+00:00;4
2006-12-15 23:00:00+00:00;8
2000-08-09 22:00:00+00:00;1
2027-12-01 00:00:00+00:00;1
2027-07-22 11:48:21.802000+00:00;1
2027-06-16 06:38:00.295000+00:00;1
2001-06-08 22:00:00+00:00;2
2016-04-19 22:00:00+00:00;6
2024-01-19 23:00:00+00:00;9
1981-02-15 23:00:00+00:00;1
2017-05-15 22:00:00+00:00;13
2022-03-26 23:00:00+00:00;3
2013-07-26 22:00:00+00:00;8
2021-04-12 22:00:00+00:00;4
2023-06-15 22:00:00+00:00;18
2015-08-16 22:00:00+00:00;11
2014-12-02 23:00:00+00:00;3
2026-05-15 00:00:00+00:00;4
2025-02-09 23:00:00+00:00;4
2026-02-21 23:00:00+00:00;8
2026-01-10 23:00:00+00:00;5
2018-01-18 23:00:00+00:00;10
2017-05-31 22:00:00+00:00;27
1999-02-25 23:00:00+00:00;1
1989-05-31 22:00:00+00:00;1
2018-06-08 22:00:00+00:00;6
2013-11-02 23:00:00+00:00;15
1987-01-05 23:00:00+00:00;2
2006-01-06 23:00:00+00:00;4
2013-01-12 23:00:00+00:00;11
2014-01-06 23:00:00+00:00;13
2009-07-29 22:00:00+00:00;4
2003-10-05 22:00:00+00:00;2
2014-09-15 22:00:00+00:00;2
2013-03-21 23:00:00+00:00;11
2005-11-20 23:00:00+00:00;5
1994-01-12 23:00:00+00:00;2
2027-07-10 07:27:53.636000+00:00;1
1998-02-04 23:00:00+00:00;2
2006-05-22 22:00:00+00:00;3
2013-07-31 22:00:00+00:00;1
2025-01-17 23:00:00+00:00;6
2006-09-13 22:00:00+00:00;6
2018-06-09 22:00:00+00:00;4
2006-07-29 22:00:00+00:00;10
2027-07-23 14:40:32.149000+00:00;1
2005-04-18 22:00:00+00:00;2
2024-12-04 23:00:00+00:00;10
2017-06-18 22:00:00+00:00;1
2023-02-14 23:00:00+00:00;12
2001-12-30 23:00:00+00:00;3
2027-06-18 00:00:00+00:00;9
2019-11-06 13:31:36.972025+00:00;1
2002-06-22 22:00:00+00:00;1
2013-03-26 23:00:00+00:00;3
2014-11-14 23:00:00+00:00;14
2012-07-01 22:00:00+00:00;14
2007-04-18 22:00:00+00:00;7
2025-04-15 22:00:00+00:00;2
2025-03-30 22:00:00+00:00;19
2026-10-28 00:00:00+00:00;1
2020-08-31 22:00:00+00:00;14
2007-08-07 22:00:00+00:00;1
2015-11-30 23:00:00+00:00;21
2001-07-14 22:00:00+00:00;4
2010-11-30 23:00:00+00:00;4
2025-11-19 23:00:00+00:00;9
2013-09-24 22:00:00+00:00;3
2009-09-14 22:00:00+00:00;11
2014-10-24 22:00:00+00:00;12
2024-01-01 23:00:00+00:00;6
2020-05-12 22:00:00+00:00;9
2015-04-01 22:00:00+00:00;9
2004-05-13 22:00:00+00:00;1
1998-03-31 22:00:00+00:00;6
2020-02-27 07:59:35.076258+00:00;1
2025-08-20 22:00:00+00:00;6
2024-02-23 23:00:00+00:00;8
2012-11-26 23:00:00+00:00;13
2003-01-22 23:00:00+00:00;1
2012-06-28 22:00:00+00:00;16
2026-05-14 00:00:00+00:00;1
2008-11-16 23:00:00+00:00;9
2022-12-15 23:00:00+00:00;20
2021-06-22 22:00:00+00:00;7
2020-04-04 22:00:00+00:00;3
1995-07-13 22:00:00+00:00;1
2025-10-29 23:00:00+00:00;9
2022-09-20 22:00:00+00:00;7
2007-03-08 23:00:00+00:00;4
1999-03-16 23:00:00+00:00;1
2003-09-23 22:00:00+00:00;1
2024-11-11 23:00:00+00:00;2
2016-12-28 23:00:00+00:00;4
2013-07-01 22:00:00+00:00;13
2020-05-28 22:00:00+00:00;25
2025-03-05 23:00:00+00:00;3
2013-12-23 23:00:00+00:00;3
2011-12-19 23:00:00+00:00;3
1984-12-31 23:00:00+00:00;4
2027-05-20 12:07:31.968000+00:00;1
2020-10-09 22:00:00+00:00;6
2012-03-23 23:00:00+00:00;10
2019-01-04 23:00:00+00:00;5
2012-09-21 22:00:00+00:00;7
2027-06-19 06:12:44.370000+00:00;1
2015-06-09 22:00:00+00:00;4
2012-04-16 22:00:00+00:00;21
1986-05-24 22:00:00+00:00;2
2026-03-25 23:00:00+00:00;12
2024-06-30 22:00:00+00:00;16
2014-04-10 22:00:00+00:00;8
2007-08-01 22:00:00+00:00;12
2017-01-11 23:00:00+00:00;6
2011-06-27 22:00:00+00:00;7
2027-07-09 09:56:11.575000+00:00;1
2020-07-11 22:00:00+00:00;1
2015-06-27 22:00:00+00:00;7
2010-09-12 22:00:00+00:00;12
2024-10-01 22:00:00+00:00;2
2017-12-07 23:00:00+00:00;13
2019-08-01 22:00:00+00:00;11
2026-09-24 22:00:00+00:00;6
2009-02-14 23:00:00+00:00;11
2004-08-21 22:00:00+00:00;2
2026-03-14 23:00:00+00:00;9
2016-10-18 22:00:00+00:00;9
2001-02-19 23:00:00+00:00;3
2019-02-14 23:00:00+00:00;10
2006-03-16 23:00:00+00:00;10
2012-04-15 22:00:00+00:00;19
2000-06-10 22:00:00+00:00;3
2016-01-02 23:00:00+00:00;3
2019-10-22 22:00:00+00:00;5
2009-04-17 22:00:00+00:00;11
2020-09-25 22:00:00+00:00;2
2026-07-25 22:00:00+00:00;6
1981-12-30 23:00:00+00:00;1
2006-08-07 22:00:00+00:00;2
2022-09-09 22:00:00+00:00;5
2002-08-06 22:00:00+00:00;1
2010-03-30 22:00:00+00:00;6
2015-06-08 22:00:00+00:00;12
2010-09-29 22:00:00+00:00;19
1994-03-22 23:00:00+00:00;1
2005-05-19 22:00:00+00:00;4
2001-08-05 22:00:00+00:00;1
2019-12-07 23:00:00+00:00;2
2004-08-28 22:00:00+00:00;3
2016-12-17 23:00:00+00:00;14
2012-01-23 23:00:00+00:00;2
2024-05-19 22:00:00+00:00;10
2016-10-13 22:00:00+00:00;10
2015-07-02 22:00:00+00:00;6
2022-02-16 23:00:00+00:00;16
2011-06-13 22:00:00+00:00;3
2010-06-19 22:00:00+00:00;19
2005-06-30 22:00:00+00:00;15
2017-05-25 22:00:00+00:00;10
2027-07-29 06:48:25.138000+00:00;1
2027-05-08 13:44:48.654000+00:00;1
2021-10-20 22:00:00+00:00;5
2004-01-09 23:00:00+00:00;2
2008-10-29 23:00:00+00:00;1
2013-02-08 23:00:00+00:00;17
2013-02-25 23:00:00+00:00;13
2006-07-25 22:00:00+00:00;1
2009-12-20 23:00:00+00:00;10
2008-08-17 22:00:00+00:00;5
2016-02-19 23:00:00+00:00;8
2014-09-01 22:00:00+00:00;10
2006-02-18 23:00:00+00:00;6
2014-03-21 23:00:00+00:00;13
2023-03-21 23:00:00+00:00;11
2014-10-01 22:00:00+00:00;12
2021-08-24 22:00:00+00:00;4
2022-02-26 23:00:00+00:00;9
2011-11-04 23:00:00+00:00;13
2027-07-21 13:54:30.917000+00:00;1
2008-06-20 22:00:00+00:00;9
2022-06-18 22:00:00+00:00;2
2013-09-19 22:00:00+00:00;7
2013-01-13 23:00:00+00:00;9
2009-04-01 22:00:00+00:00;1
2006-09-04 22:00:00+00:00;2
2024-05-23 22:00:00+00:00;22
2020-02-20 11:38:00.183056+00:00;1
2002-12-18 23:00:00+00:00;2
2013-09-06 22:00:00+00:00;8
2011-01-02 23:00:00+00:00;3
2027-02-10 23:00:00+00:00;10
2017-12-21 23:00:00+00:00;16
2019-12-22 23:00:00+00:00;4
2021-10-19 22:00:00+00:00;12
2020-07-24 22:00:00+00:00;4
1987-04-24 22:00:00+00:00;1
2019-10-10 22:00:00+00:00;17
2034-11-25 23:00:00+00:00;1
2003-12-04 23:00:00+00:00;6
2004-12-08 23:00:00+00:00;1
1999-08-11 22:00:00+00:00;1
2021-03-13 23:00:00+00:00;2
2008-05-31 22:00:00+00:00;11
2019-03-29 23:00:00+00:00;13
2009-02-21 23:00:00+00:00;11
2004-05-11 22:00:00+00:00;2
2015-06-20 22:00:00+00:00;11
2016-05-16 22:00:00+00:00;13
2006-08-16 22:00:00+00:00;2
2010-11-01 23:00:00+00:00;2
2021-11-27 23:00:00+00:00;9
2012-04-20 22:00:00+00:00;8
2016-07-16 22:00:00+00:00;16
2021-06-02 22:00:00+00:00;8
2014-09-13 22:00:00+00:00;15
2019-02-26 23:00:00+00:00;6
1994-03-25 23:00:00+00:00;1
2027-07-16 10:14:41.365000+00:00;1
2027-05-12 14:05:19.554000+00:00;1
2018-10-14 22:00:00+00:00;6
2009-01-03 23:00:00+00:00;2
2023-08-28 22:00:00+00:00;1
2019-07-06 22:00:00+00:00;6
2012-02-14 23:00:00+00:00;3
2019-10-21 22:00:00+00:00;4
1995-06-12 22:00:00+00:00;1
2022-01-09 23:00:00+00:00;6
2021-05-13 22:00:00+00:00;10
2008-07-21 22:00:00+00:00;10
1996-07-12 22:00:00+00:00;1
2007-08-20 22:00:00+00:00;2
2009-08-20 22:00:00+00:00;18
1990-06-12 22:00:00+00:00;1
2027-02-28 00:00:00+00:00;1
2019-03-03 23:00:00+00:00;7
2017-05-29 22:00:00+00:00;12
2019-06-23 22:00:00+00:00;9
2001-12-11 23:00:00+00:00;1
2014-03-02 23:00:00+00:00;13
2013-08-31 22:00:00+00:00;8
2019-10-25 22:00:00+00:00;7
2008-03-02 23:00:00+00:00;11
2026-11-08 23:00:00+00:00;2
2017-05-14 22:00:00+00:00;9
2026-11-27 11:33:01.518153+00:00;1
2023-10-21 22:00:00+00:00;4
2003-02-07 23:00:00+00:00;2
2017-06-07 22:00:00+00:00;9
2006-05-18 22:00:00+00:00;8
2022-02-23 23:00:00+00:00;7
2010-06-06 22:00:00+00:00;21
2027-06-28 00:00:00+00:00;2
2004-07-20 22:00:00+00:00;1
2025-08-24 22:00:00+00:00;2
2018-02-15 23:00:00+00:00;11
2025-12-06 23:00:00+00:00;9
2027-04-28 08:55:48.262000+00:00;1
2014-12-14 23:00:00+00:00;15
2019-01-10 23:00:00+00:00;9
2006-03-05 23:00:00+00:00;3
2004-01-15 23:00:00+00:00;4
2023-04-29 22:00:00+00:00;46
2010-04-11 22:00:00+00:00;9
2020-09-30 22:00:00+00:00;20
2020-07-02 22:00:00+00:00;15
2011-04-30 22:00:00+00:00;6
2010-02-24 23:00:00+00:00;3
2026-05-31 22:00:00+00:00;4
2024-04-12 22:00:00+00:00;2
2024-09-04 22:00:00+00:00;2
2021-01-10 23:00:00+00:00;10
2017-11-20 23:00:00+00:00;11
2004-04-06 22:00:00+00:00;1
2017-09-11 22:00:00+00:00;7
2006-05-13 22:00:00+00:00;11
2023-09-01 22:00:00+00:00;6
2021-11-03 23:00:00+00:00;10
2015-05-03 22:00:00+00:00;15
2017-07-27 22:00:00+00:00;21
2020-08-01 22:00:00+00:00;2
2017-04-12 22:00:00+00:00;12
2009-08-15 22:00:00+00:00;13
2007-11-23 23:00:00+00:00;13
2023-05-07 22:00:00+00:00;4
2009-02-06 23:00:00+00:00;11
2009-06-24 22:00:00+00:00;3
2026-03-07 23:00:00+00:00;11
2006-04-05 22:00:00+00:00;7
2011-04-01 22:00:00+00:00;18
2021-04-27 22:00:00+00:00;9
2008-08-21 22:00:00+00:00;3
2021-08-21 22:00:00+00:00;4
2009-09-03 22:00:00+00:00;3
2027-07-09 07:19:21.565000+00:00;1
2026-03-04 23:00:00+00:00;10
2022-11-28 23:00:00+00:00;3
2012-12-15 23:00:00+00:00;12
2020-05-10 22:00:00+00:00;5
2012-07-27 22:00:00+00:00;12
2007-07-27 22:00:00+00:00;5
2024-01-27 23:00:00+00:00;4
2026-08-06 22:00:00+00:00;6
2018-07-11 22:00:00+00:00;10
2018-05-06 22:00:00+00:00;4
2008-03-11 23:00:00+00:00;4
2027-05-28 14:43:06.289000+00:00;1
2019-11-30 23:00:00+00:00;9
2027-05-15 11:35:22.731000+00:00;1
2019-10-27 23:00:00+00:00;7
2023-10-02 22:00:00+00:00;3
2027-02-20 00:00:00+00:00;3
2019-02-10 23:00:00+00:00;2
2006-04-29 22:00:00+00:00;5
2023-05-04 22:00:00+00:00;8
2011-05-23 22:00:00+00:00;4
2003-04-04 22:00:00+00:00;2
2014-04-11 22:00:00+00:00;16
2021-06-16 22:00:00+00:00;6
2019-09-10 22:00:00+00:00;12
2005-08-17 22:00:00+00:00;2
2027-07-28 00:00:00+00:00;1
2007-09-05 22:00:00+00:00;3
2009-06-25 22:00:00+00:00;9
1990-01-10 23:00:00+00:00;1
2023-03-26 22:00:00+00:00;2
2022-07-17 22:00:00+00:00;5
2027-01-20 23:00:00+00:00;12
2011-04-05 22:00:00+00:00;2
2009-03-08 23:00:00+00:00;6
2008-06-09 22:00:00+00:00;13
2025-02-04 23:00:00+00:00;5
1988-10-31 23:00:00+00:00;1
2025-01-19 23:00:00+00:00;12
2027-03-04 23:00:00+00:00;19
2003-01-13 23:00:00+00:00;1
1997-09-30 22:00:00+00:00;1
2027-02-25 23:00:00+00:00;15
2016-01-10 23:00:00+00:00;13
2026-08-11 22:00:00+00:00;5
2004-01-30 23:00:00+00:00;5
2005-03-11 23:00:00+00:00;4
2022-05-09 22:00:00+00:00;5
2016-10-03 22:00:00+00:00;12
2016-06-11 22:00:00+00:00;5
2016-02-13 23:00:00+00:00;13
2006-05-19 22:00:00+00:00;2
2023-10-26 22:00:00+00:00;15
2019-10-31 23:00:00+00:00;21
2012-11-10 23:00:00+00:00;16
2004-01-29 23:00:00+00:00;1
2022-12-12 23:00:00+00:00;7
1997-02-28 23:00:00+00:00;8
1976-10-05 23:00:00+00:00;1
2009-10-06 22:00:00+00:00;4
2007-06-26 22:00:00+00:00;2
2010-01-06 23:00:00+00:00;2
2006-05-04 22:00:00+00:00;4
2014-07-27 22:00:00+00:00;11
2012-12-05 23:00:00+00:00;8
2006-01-17 23:00:00+00:00;2
2019-08-23 22:00:00+00:00;2
2007-08-10 22:00:00+00:00;7
1997-06-25 22:00:00+00:00;2
2008-05-14 22:00:00+00:00;12
2012-02-24 23:00:00+00:00;12
2016-03-20 23:00:00+00:00;19
2016-02-08 23:00:00+00:00;11
2011-03-12 23:00:00+00:00;13
2019-04-28 22:00:00+00:00;3
2013-06-27 22:00:00+00:00;12
2021-09-21 22:00:00+00:00;5
2009-11-03 23:00:00+00:00;1
2009-05-15 22:00:00+00:00;15
2016-05-14 22:00:00+00:00;13
2024-05-04 22:00:00+00:00;6
2027-06-27 13:13:40.817000+00:00;1
2024-03-28 23:00:00+00:00;13
2026-06-28 00:00:00+00:00;1
2011-02-28 23:00:00+00:00;11
2012-06-15 22:00:00+00:00;15
2005-10-19 22:00:00+00:00;3
2006-05-30 22:00:00+00:00;4
2014-03-28 23:00:00+00:00;8
2024-05-22 22:00:00+00:00;8
2011-01-14 23:00:00+00:00;20
2008-12-20 23:00:00+00:00;10
2018-04-03 22:00:00+00:00;6
2017-05-09 22:00:00+00:00;14
2014-11-21 23:00:00+00:00;13
2021-02-04 23:00:00+00:00;17
2020-09-12 22:00:00+00:00;7
2019-12-19 23:00:00+00:00;29
1998-11-30 23:00:00+00:00;7
2020-11-17 23:00:00+00:00;9
2025-09-06 22:00:00+00:00;4
2006-02-23 23:00:00+00:00;8
1991-02-20 23:00:00+00:00;1
2033-09-15 22:00:00+00:00;3
2021-05-03 22:00:00+00:00;10
2024-01-07 23:00:00+00:00;5
2013-08-22 22:00:00+00:00;7
2023-05-10 22:00:00+00:00;4
2017-09-27 22:00:00+00:00;11
2019-12-18 23:00:00+00:00;5
2022-07-16 22:00:00+00:00;4
2019-09-14 22:00:00+00:00;3
1989-02-22 23:00:00+00:00;1
2024-09-26 22:00:00+00:00;14
2022-10-06 22:00:00+00:00;14
2024-07-04 22:00:00+00:00;9
2017-02-19 23:00:00+00:00;22
2005-03-14 23:00:00+00:00;1
2013-02-28 23:00:00+00:00;8
2019-03-13 23:00:00+00:00;5
1980-09-27 22:00:00+00:00;1
2022-10-10 22:00:00+00:00;4
2021-02-01 23:00:00+00:00;5
2007-04-12 22:00:00+00:00;8
2023-06-03 22:00:00+00:00;6
2023-12-14 23:00:00+00:00;16
1998-12-15 23:00:00+00:00;2
2008-02-06 23:00:00+00:00;6
2020-08-07 22:00:00+00:00;9
1996-12-09 23:00:00+00:00;1
2007-11-18 23:00:00+00:00;5
2001-12-31 23:00:00+00:00;59
2023-09-26 22:00:00+00:00;6
2024-03-30 23:00:00+00:00;25
2000-07-20 22:00:00+00:00;2
2027-07-16 19:05:53.058000+00:00;1
1998-03-04 23:00:00+00:00;1
1994-09-28 23:00:00+00:00;5
2021-01-22 23:00:00+00:00;6
2013-09-18 22:00:00+00:00;4
1910-08-13 23:00:00+00:00;1
2013-10-05 22:00:00+00:00;10
2020-10-26 23:00:00+00:00;5
2022-03-09 23:00:00+00:00;8
2002-02-25 23:00:00+00:00;1
2020-10-01 22:00:00+00:00;13
2019-02-13 23:00:00+00:00;6
2027-06-05 00:00:00+00:00;7
2012-07-11 22:00:00+00:00;5
2027-07-09 11:44:31.094000+00:00;1
2012-01-11 23:00:00+00:00;10
2017-05-26 00:00:00+00:00;1
2018-01-30 23:00:00+00:00;53
2015-10-11 22:00:00+00:00;17
2015-03-30 22:00:00+00:00;3
2010-07-20 22:00:00+00:00;2
2004-10-28 22:00:00+00:00;2
2019-10-08 22:00:00+00:00;8
2007-11-28 23:00:00+00:00;4
2005-04-05 22:00:00+00:00;1
2018-06-21 22:00:00+00:00;14
2026-08-15 22:00:00+00:00;3
2018-01-29 23:00:00+00:00;6
1997-01-22 23:00:00+00:00;3
1987-05-31 22:00:00+00:00;1
1992-04-14 22:00:00+00:00;1
2026-04-26 22:00:00+00:00;2
2007-04-03 22:00:00+00:00;1
2013-07-25 22:00:00+00:00;1
2033-10-16 22:00:00+00:00;4
2023-09-04 22:00:00+00:00;8
2010-10-17 22:00:00+00:00;7
2010-07-05 22:00:00+00:00;2
2021-09-03 22:00:00+00:00;6
2019-10-24 12:07:24.917195+00:00;1
2010-10-24 22:00:00+00:00;9
2024-11-08 23:00:00+00:00;3
2008-05-13 22:00:00+00:00;1
2026-07-16 22:00:00+00:00;9
2015-05-08 22:00:00+00:00;8
2012-09-22 22:00:00+00:00;13
2011-05-09 22:00:00+00:00;2
2026-02-06 23:00:00+00:00;10
2018-12-29 23:00:00+00:00;6
1990-05-31 22:00:00+00:00;1
2027-07-17 00:00:00+00:00;8
1994-03-04 23:00:00+00:00;1
2017-01-29 23:00:00+00:00;15
2014-09-12 22:00:00+00:00;11
2025-07-27 00:00:00+00:00;1
2022-05-04 22:00:00+00:00;15
2027-06-09 00:00:00+00:00;2
2023-07-22 22:00:00+00:00;2
2026-10-10 22:00:00+00:00;2
2027-07-03 06:34:41.267000+00:00;1
2024-04-07 22:00:00+00:00;3
2012-10-19 22:00:00+00:00;14
2023-01-29 23:00:00+00:00;8
2027-05-23 09:10:15.554000+00:00;1
2026-05-06 00:00:00+00:00;1
2013-10-10 22:00:00+00:00;10
2003-11-16 23:00:00+00:00;1
2023-01-18 23:00:00+00:00;6
2016-10-20 22:00:00+00:00;11
2037-11-21 23:00:00+00:00;1
2000-01-01 23:00:00+00:00;1
2005-01-13 23:00:00+00:00;2
2012-10-24 22:00:00+00:00;3
2005-09-01 22:00:00+00:00;10
2009-11-13 23:00:00+00:00;12
2004-01-19 23:00:00+00:00;10
2027-01-29 23:00:00+00:00;11
2012-05-17 22:00:00+00:00;11
2007-03-31 22:00:00+00:00;7
2025-12-05 23:00:00+00:00;5
2005-05-17 22:00:00+00:00;2
2031-08-21 22:00:00+00:00;2
2025-07-21 22:00:00+00:00;1
2024-12-20 23:00:00+00:00;2
2019-12-02 23:00:00+00:00;4
2010-04-15 22:00:00+00:00;11
2014-06-26 22:00:00+00:00;9
2013-01-24 23:00:00+00:00;7
2023-07-29 22:00:00+00:00;5
2001-04-01 22:00:00+00:00;3
2027-07-23 14:07:13.773000+00:00;1
2021-06-03 22:00:00+00:00;18
2006-05-23 22:00:00+00:00;7
1996-04-01 22:00:00+00:00;1
2024-09-11 22:00:00+00:00;4
2003-01-12 23:00:00+00:00;2
2020-03-31 22:00:00+00:00;16
2013-12-11 23:00:00+00:00;2
2017-04-07 22:00:00+00:00;8
1982-03-17 23:00:00+00:00;1
2018-06-23 22:00:00+00:00;1
2016-05-31 22:00:00+00:00;28
2014-02-23 23:00:00+00:00;6
2021-11-28 23:00:00+00:00;10
2021-08-14 22:00:00+00:00;1
2020-02-10 23:00:00+00:00;5
2011-02-10 23:00:00+00:00;14
2003-10-02 22:00:00+00:00;7
2026-08-14 00:00:00+00:00;1
2012-12-22 23:00:00+00:00;8
2026-04-15 22:00:00+00:00;3
2023-08-02 22:00:00+00:00;6
2010-09-04 22:00:00+00:00;17
1994-01-14 23:00:00+00:00;1
2020-02-01 23:00:00+00:00;5
2016-03-27 22:00:00+00:00;8
2020-04-30 22:00:00+00:00;27
2016-05-02 22:00:00+00:00;13
2017-06-30 22:00:00+00:00;9
2012-10-28 23:00:00+00:00;8
2014-06-14 22:00:00+00:00;12
2014-07-26 22:00:00+00:00;13
2022-07-29 22:00:00+00:00;4
2004-06-17 22:00:00+00:00;1
2005-09-28 22:00:00+00:00;1
2004-01-11 23:00:00+00:00;2
2009-11-30 23:00:00+00:00;15
2014-09-29 22:00:00+00:00;8
2011-08-29 22:00:00+00:00;5
2008-08-05 22:00:00+00:00;3
2004-07-01 22:00:00+00:00;5
2014-08-16 22:00:00+00:00;6
2007-05-02 22:00:00+00:00;5
2021-10-08 22:00:00+00:00;6
2001-06-05 22:00:00+00:00;1
2024-07-03 22:00:00+00:00;3
2021-05-14 22:00:00+00:00;6
1997-09-16 22:00:00+00:00;1
2017-06-14 22:00:00+00:00;5
2014-10-04 22:00:00+00:00;10
2014-02-22 23:00:00+00:00;7
1991-12-31 23:00:00+00:00;6
2027-06-03 13:32:17.502000+00:00;1
2017-05-21 22:00:00+00:00;20
2001-11-30 23:00:00+00:00;7
2024-12-01 23:00:00+00:00;6
2007-05-23 22:00:00+00:00;9
2021-07-31 22:00:00+00:00;11
2019-02-07 23:00:00+00:00;12
2005-02-25 23:00:00+00:00;5
2022-09-18 22:00:00+00:00;3
2010-08-11 22:00:00+00:00;9
2027-06-13 00:00:00+00:00;4
2020-02-02 23:00:00+00:00;6
2003-05-12 22:00:00+00:00;1
2003-10-29 23:00:00+00:00;1
1995-12-30 23:00:00+00:00;1
2027-05-28 13:11:12.305000+00:00;1
2005-11-23 23:00:00+00:00;2
2021-10-18 22:00:00+00:00;9
2021-04-04 22:00:00+00:00;9
2013-09-03 22:00:00+00:00;3
1986-03-16 23:00:00+00:00;1
2002-06-08 22:00:00+00:00;2
2012-03-04 23:00:00+00:00;16
2018-12-19 23:00:00+00:00;18
2027-07-03 12:23:11.965000+00:00;1
2008-03-28 23:00:00+00:00;9
2027-01-10 23:00:00+00:00;1
2006-05-25 22:00:00+00:00;3
2002-04-01 22:00:00+00:00;3
2026-09-03 00:00:00+00:00;1
2017-11-12 23:00:00+00:00;12
2012-10-25 22:00:00+00:00;15
2023-03-16 23:00:00+00:00;8
2020-09-02 22:00:00+00:00;4
2006-10-24 22:00:00+00:00;2
2019-12-04 12:43:30.714224+00:00;1
2025-12-11 23:00:00+00:00;8
2018-09-01 22:00:00+00:00;4
2004-12-18 23:00:00+00:00;2
2007-06-20 22:00:00+00:00;5
2034-07-15 22:00:00+00:00;2
2021-05-01 22:00:00+00:00;3
1998-04-18 22:00:00+00:00;1
2027-01-01 00:00:00+00:00;1
2012-03-31 22:00:00+00:00;17
2007-08-11 22:00:00+00:00;7
2011-02-11 23:00:00+00:00;21
2010-11-10 23:00:00+00:00;13
2105-10-17 22:00:00+00:00;1
1993-01-15 23:00:00+00:00;1
2023-03-13 23:00:00+00:00;8
1991-07-31 22:00:00+00:00;2
1998-07-31 22:00:00+00:00;5
2008-09-27 22:00:00+00:00;17
2006-09-05 22:00:00+00:00;5
2023-04-09 22:00:00+00:00;4
2025-09-25 22:00:00+00:00;13
1986-10-02 23:00:00+00:00;1
2014-03-24 23:00:00+00:00;4
2001-05-26 22:00:00+00:00;1
2008-09-19 22:00:00+00:00;16
2006-06-29 22:00:00+00:00;6
1999-11-24 23:00:00+00:00;4
1984-12-01 23:00:00+00:00;1
2018-12-28 23:00:00+00:00;2
2024-11-03 23:00:00+00:00;4
2008-01-18 23:00:00+00:00;13
2023-12-28 23:00:00+00:00;41
2015-07-17 22:00:00+00:00;14
2010-05-14 22:00:00+00:00;7
1994-09-30 23:00:00+00:00;12
2025-11-08 11:01:58.170974+00:00;1
2016-11-03 23:00:00+00:00;11
2027-02-25 00:00:00+00:00;2
2007-05-14 22:00:00+00:00;4
2023-09-18 22:00:00+00:00;2
2004-01-25 23:00:00+00:00;2
2020-11-18 23:00:00+00:00;7
2022-06-10 22:00:00+00:00;6
2014-09-07 22:00:00+00:00;11
2018-07-21 22:00:00+00:00;1
2018-10-06 22:00:00+00:00;2
2017-03-06 23:00:00+00:00;20
2007-01-25 23:00:00+00:00;5
2008-07-28 22:00:00+00:00;13
2001-10-11 22:00:00+00:00;1
2010-02-12 23:00:00+00:00;14
2001-11-07 23:00:00+00:00;2
2023-04-18 22:00:00+00:00;4
2019-08-21 22:00:00+00:00;21
2016-07-27 22:00:00+00:00;10
2010-10-18 22:00:00+00:00;6
1993-10-20 23:00:00+00:00;1
2013-09-11 22:00:00+00:00;6
1991-07-27 22:00:00+00:00;1
1997-09-03 22:00:00+00:00;2
2020-05-17 22:00:00+00:00;9
2026-05-22 00:00:00+00:00;2
2019-05-20 22:00:00+00:00;2
2012-06-10 22:00:00+00:00;8
2015-04-27 22:00:00+00:00;1
2001-05-31 22:00:00+00:00;41
2025-11-12 23:00:00+00:00;8
2003-10-18 22:00:00+00:00;2
2010-03-10 23:00:00+00:00;16
2008-07-16 22:00:00+00:00;2
1999-08-17 22:00:00+00:00;4
2027-06-27 16:11:40.138000+00:00;1
2023-11-01 23:00:00+00:00;9
2015-03-09 23:00:00+00:00;3
2006-06-30 22:00:00+00:00;8
2020-09-24 22:00:00+00:00;20
2001-04-12 22:00:00+00:00;2
2026-09-23 22:00:00+00:00;14
1993-08-26 22:00:00+00:00;1
2020-07-26 22:00:00+00:00;6
2017-08-11 22:00:00+00:00;2
2017-11-06 23:00:00+00:00;5
2018-01-07 23:00:00+00:00;9
2013-03-24 23:00:00+00:00;12
2022-05-05 22:00:00+00:00;12
2021-10-28 22:00:00+00:00;40
2016-08-02 22:00:00+00:00;9
2027-06-18 08:08:28.088000+00:00;1
1996-06-30 22:00:00+00:00;1
2027-05-21 22:00:00+00:00;1
2024-06-01 22:00:00+00:00;5
2010-09-17 22:00:00+00:00;14
2010-08-07 22:00:00+00:00;15
2000-05-14 22:00:00+00:00;7
2008-10-02 22:00:00+00:00;9
2006-09-01 22:00:00+00:00;15
2013-01-06 23:00:00+00:00;13
2007-12-22 23:00:00+00:00;5
2006-12-23 23:00:00+00:00;6
2002-04-24 22:00:00+00:00;8
2005-10-30 00:00:00+00:00;1
2023-11-16 23:00:00+00:00;11
2013-12-02 23:00:00+00:00;7
2009-03-19 23:00:00+00:00;9
2005-09-03 22:00:00+00:00;6
2009-02-07 23:00:00+00:00;9
2026-11-06 10:02:17.726228+00:00;1
2014-05-23 22:00:00+00:00;9
1998-05-05 22:00:00+00:00;7
2018-08-04 22:00:00+00:00;2
2005-11-25 23:00:00+00:00;9
2015-09-12 22:00:00+00:00;19
2001-04-06 22:00:00+00:00;1
2007-08-03 22:00:00+00:00;9
2017-05-20 22:00:00+00:00;16
2024-10-04 22:00:00+00:00;6
2007-04-04 22:00:00+00:00;13
2022-07-07 22:00:00+00:00;13
2020-03-30 22:00:00+00:00;31
2018-07-02 22:00:00+00:00;6
2003-01-08 23:00:00+00:00;1
2012-07-02 22:00:00+00:00;16
2018-03-28 22:00:00+00:00;9
2008-05-23 22:00:00+00:00;10
2001-03-07 23:00:00+00:00;5
2020-09-14 22:00:00+00:00;6
2011-01-28 23:00:00+00:00;14
2003-09-10 22:00:00+00:00;1
2025-07-13 22:00:00+00:00;3
2028-03-06 23:00:00+00:00;1
2021-04-29 22:00:00+00:00;55
2015-02-15 23:00:00+00:00;10
2018-04-22 22:00:00+00:00;3
2006-07-31 22:00:00+00:00;3
2019-07-20 22:00:00+00:00;4
2012-03-22 23:00:00+00:00;16
2013-06-03 22:00:00+00:00;5
2006-09-12 22:00:00+00:00;2
2022-04-02 22:00:00+00:00;3
2027-05-05 00:00:00+00:00;1
2024-03-20 23:00:00+00:00;9
2009-05-03 22:00:00+00:00;13
2024-09-03 22:00:00+00:00;4
2024-05-05 22:00:00+00:00;9
2001-09-16 22:00:00+00:00;3
2007-03-24 23:00:00+00:00;10
2019-12-04 13:34:46.784451+00:00;1
2017-10-05 22:00:00+00:00;19
2010-05-07 22:00:00+00:00;7
2023-04-27 22:00:00+00:00;22
1995-04-21 22:00:00+00:00;1
2027-10-31 23:00:00+00:00;2
2009-06-04 22:00:00+00:00;9
2008-07-29 22:00:00+00:00;2
1995-03-21 23:00:00+00:00;1
2000-03-16 23:00:00+00:00;3
2026-12-11 23:00:00+00:00;13
2009-03-15 23:00:00+00:00;14
2026-06-16 22:00:00+00:00;9
2015-12-06 23:00:00+00:00;8
2001-06-28 22:00:00+00:00;1
2001-06-30 22:00:00+00:00;6
2012-05-02 22:00:00+00:00;4
2013-08-30 22:00:00+00:00;8
2027-04-30 06:46:15.636000+00:00;1
2005-04-16 22:00:00+00:00;2
1996-06-08 22:00:00+00:00;1
2026-07-14 22:00:00+00:00;12
2013-10-08 22:00:00+00:00;1
1994-02-26 23:00:00+00:00;1
2023-08-27 22:00:00+00:00;2
2015-12-28 23:00:00+00:00;1
2022-11-23 23:00:00+00:00;15
2012-06-06 22:00:00+00:00;3
2024-05-06 22:00:00+00:00;11
2018-10-18 22:00:00+00:00;14
2022-10-30 23:00:00+00:00;45
1998-03-03 23:00:00+00:00;2
2027-05-26 12:09:57.016000+00:00;1
2022-02-09 23:00:00+00:00;15
2023-05-27 22:00:00+00:00;4
2005-01-12 23:00:00+00:00;2
2007-01-12 23:00:00+00:00;7
2025-08-13 22:00:00+00:00;3
2021-09-09 22:00:00+00:00;9
2001-08-10 22:00:00+00:00;1
2010-07-21 22:00:00+00:00;6
1994-10-30 23:00:00+00:00;2
2013-12-13 23:00:00+00:00;9
2016-08-07 22:00:00+00:00;11
2025-11-24 23:00:00+00:00;1
2016-11-19 23:00:00+00:00;5
2007-04-11 22:00:00+00:00;9
2006-01-19 23:00:00+00:00;4
2012-05-12 22:00:00+00:00;10
2026-12-12 23:00:00+00:00;10
2027-05-28 11:27:57.027000+00:00;1
2027-06-18 13:21:52.739000+00:00;1
2027-04-05 00:00:00+00:00;2
2016-01-18 23:00:00+00:00;10
2015-10-13 22:00:00+00:00;5
2020-02-19 23:00:00+00:00;10
2014-01-15 23:00:00+00:00;3
2017-03-20 23:00:00+00:00;15
2016-08-03 22:00:00+00:00;6
2027-06-03 11:18:25.051000+00:00;1
2020-10-02 22:00:00+00:00;2
2026-03-27 23:00:00+00:00;10
2013-12-22 23:00:00+00:00;8
1999-12-30 23:00:00+00:00;5
2010-02-01 23:00:00+00:00;17
2004-07-06 22:00:00+00:00;2
2006-01-11 23:00:00+00:00;5
1991-10-31 23:00:00+00:00;3
2008-02-16 23:00:00+00:00;8
2004-02-11 23:00:00+00:00;3
2022-07-21 22:00:00+00:00;10
2011-07-19 22:00:00+00:00;6
2020-10-17 22:00:00+00:00;6
2015-10-06 22:00:00+00:00;9
2013-03-03 23:00:00+00:00;13
1994-12-10 23:00:00+00:00;1
2005-11-10 23:00:00+00:00;12
2025-08-29 22:00:00+00:00;13
1990-02-08 23:00:00+00:00;1
2012-10-01 22:00:00+00:00;7
2011-03-29 22:00:00+00:00;8
2025-05-03 22:00:00+00:00;6
1980-05-30 22:00:00+00:00;1
2027-06-13 12:49:06.273000+00:00;1
2015-12-12 23:00:00+00:00;15
2003-10-12 22:00:00+00:00;3
1999-03-10 23:00:00+00:00;1
2017-03-15 23:00:00+00:00;20
2013-02-21 23:00:00+00:00;9
2009-12-03 23:00:00+00:00;7
2002-09-27 22:00:00+00:00;1
2018-02-12 23:00:00+00:00;6
2024-03-11 23:00:00+00:00;3
2019-04-07 22:00:00+00:00;8
2016-08-24 22:00:00+00:00;5
2003-08-01 22:00:00+00:00;1
2022-03-06 23:00:00+00:00;3
2020-01-22 23:00:00+00:00;8
2019-12-24 23:00:00+00:00;2
2023-01-31 23:00:00+00:00;18
2002-10-24 22:00:00+00:00;2
2024-04-10 22:00:00+00:00;5
2008-03-30 22:00:00+00:00;10
2021-01-16 23:00:00+00:00;5
2009-09-06 22:00:00+00:00;16
1993-01-14 23:00:00+00:00;26
2017-09-24 22:00:00+00:00;4
2019-12-04 09:39:19.819614+00:00;1
2004-05-20 22:00:00+00:00;1
1951-08-30 23:00:00+00:00;1
2016-01-28 23:00:00+00:00;9
1992-11-13 23:00:00+00:00;1
2009-03-06 23:00:00+00:00;9
2007-10-22 22:00:00+00:00;5
2011-05-28 22:00:00+00:00;7
1997-11-19 23:00:00+00:00;1
2024-09-05 22:00:00+00:00;5
1994-02-03 23:00:00+00:00;1
2026-12-11 00:00:00+00:00;1
2016-08-27 22:00:00+00:00;9
2022-10-17 22:00:00+00:00;5
2027-05-14 00:00:00+00:00;8
2024-07-18 22:00:00+00:00;13
2018-11-14 23:00:00+00:00;12
1999-04-20 22:00:00+00:00;2
2015-10-01 22:00:00+00:00;25
2005-12-06 23:00:00+00:00;1
2027-07-10 11:37:03.333000+00:00;1
2010-10-06 22:00:00+00:00;12
2006-11-24 23:00:00+00:00;5
2018-08-07 22:00:00+00:00;8
2039-05-17 22:00:00+00:00;1
2024-09-12 22:00:00+00:00;5
2005-06-14 22:00:00+00:00;2
2019-11-05 23:00:00+00:00;6
2004-12-21 23:00:00+00:00;1
2027-07-16 14:20:49.798000+00:00;1
2006-04-27 22:00:00+00:00;6
2013-06-06 22:00:00+00:00;12
2011-10-16 22:00:00+00:00;10
2008-12-28 23:00:00+00:00;2
2004-04-29 22:00:00+00:00;1
2018-09-05 22:00:00+00:00;7
2006-05-16 22:00:00+00:00;3
2009-04-06 22:00:00+00:00;8
2021-09-12 22:00:00+00:00;4
2027-07-03 12:09:37.309000+00:00;1
2000-10-04 22:00:00+00:00;2
2019-05-06 22:00:00+00:00;3
2004-12-03 23:00:00+00:00;2
1999-09-13 22:00:00+00:00;1
2015-01-30 23:00:00+00:00;9
2019-10-22 12:41:28.460252+00:00;1
2011-10-14 22:00:00+00:00;41
2027-03-18 15:54:23.539903+00:00;1
1999-08-03 22:00:00+00:00;1
2024-09-30 22:00:00+00:00;21
2012-02-29 23:00:00+00:00;6
2020-04-22 22:00:00+00:00;4
2016-05-26 22:00:00+00:00;24
2002-07-30 22:00:00+00:00;2
2020-08-11 22:00:00+00:00;6
2025-02-03 23:00:00+00:00;5
2008-12-07 23:00:00+00:00;13
2015-06-06 22:00:00+00:00;9
2013-01-19 23:00:00+00:00;20
2008-07-12 22:00:00+00:00;13
2010-08-30 22:00:00+00:00;7
2015-06-03 22:00:00+00:00;13
2008-01-14 23:00:00+00:00;6
2003-04-12 22:00:00+00:00;2
2001-10-31 23:00:00+00:00;9
2004-04-16 22:00:00+00:00;2
2015-10-29 23:00:00+00:00;19
2019-07-15 22:00:00+00:00;6
2015-06-13 22:00:00+00:00;13
1995-04-25 22:00:00+00:00;1
2020-09-19 22:00:00+00:00;3
2020-08-24 22:00:00+00:00;2
2009-08-29 22:00:00+00:00;16
2008-12-10 23:00:00+00:00;3
2027-05-26 06:31:38.282000+00:00;1
2012-12-12 23:00:00+00:00;6
2008-08-29 22:00:00+00:00;7
2012-03-03 23:00:00+00:00;12
2007-01-03 23:00:00+00:00;4
2021-01-06 23:00:00+00:00;5
2019-06-13 22:00:00+00:00;16
1991-09-09 22:00:00+00:00;1
2019-01-20 23:00:00+00:00;7
2020-11-10 23:00:00+00:00;10
2018-09-04 22:00:00+00:00;5
2027-05-22 00:00:00+00:00;12
2023-12-06 23:00:00+00:00;7
2021-02-13 23:00:00+00:00;2
2017-10-24 22:00:00+00:00;5
2025-03-25 23:00:00+00:00;6
2026-09-30 00:00:00+00:00;1
2024-10-30 23:00:00+00:00;33
2019-12-16 23:00:00+00:00;5
2018-01-05 23:00:00+00:00;1
2021-03-14 23:00:00+00:00;5
2015-04-15 22:00:00+00:00;9
1992-04-30 22:00:00+00:00;1
2012-09-24 22:00:00+00:00;5
2024-08-25 22:00:00+00:00;4
2027-02-09 23:00:00+00:00;7
2018-01-27 23:00:00+00:00;1
2002-09-03 22:00:00+00:00;2
2013-10-11 22:00:00+00:00;7
2013-04-09 22:00:00+00:00;3
1999-06-01 22:00:00+00:00;3
2010-04-27 22:00:00+00:00;2
2018-08-17 22:00:00+00:00;8
2025-12-06 00:00:00+00:00;1
2024-02-01 23:00:00+00:00;9
2011-01-19 23:00:00+00:00;10
2004-01-27 23:00:00+00:00;1
2018-04-17 22:00:00+00:00;5
1999-08-31 22:00:00+00:00;6
1998-05-19 22:00:00+00:00;5
2003-10-25 22:00:00+00:00;1
2026-08-04 22:00:00+00:00;1
2016-03-16 23:00:00+00:00;9
2004-04-30 22:00:00+00:00;18
2009-12-15 23:00:00+00:00;5
2022-09-28 22:00:00+00:00;10
2027-02-25 07:16:13.504757+00:00;1
2001-09-30 22:00:00+00:00;15
1990-10-09 23:00:00+00:00;1
1983-04-01 22:00:00+00:00;1
2001-04-20 22:00:00+00:00;1
2006-04-07 22:00:00+00:00;15
2027-06-23 12:57:26.436000+00:00;1
1996-08-31 22:00:00+00:00;5
2014-01-26 23:00:00+00:00;12
2007-08-21 22:00:00+00:00;3
2026-12-31 00:00:00+00:00;3
2007-10-29 23:00:00+00:00;6
2002-10-04 22:00:00+00:00;2
2022-09-23 22:00:00+00:00;5
1997-01-02 23:00:00+00:00;2
1996-12-31 23:00:00+00:00;90
2012-06-22 22:00:00+00:00;14
2004-10-22 22:00:00+00:00;2
1997-05-28 22:00:00+00:00;1
2001-08-28 22:00:00+00:00;1
1991-10-12 23:00:00+00:00;1
1985-10-11 23:00:00+00:00;1
2016-05-18 22:00:00+00:00;9
2023-07-08 22:00:00+00:00;3
2024-10-10 22:00:00+00:00;10
2016-05-07 22:00:00+00:00;11
2014-12-13 23:00:00+00:00;10
2017-09-01 22:00:00+00:00;2
2014-03-23 23:00:00+00:00;12
2010-09-21 22:00:00+00:00;5
2002-08-16 22:00:00+00:00;2
2021-04-15 22:00:00+00:00;6
2027-07-30 10:28:28.854000+00:00;1
2006-02-17 23:00:00+00:00;2
2027-05-26 18:57:43.782000+00:00;1
1995-11-09 23:00:00+00:00;1
2025-07-26 22:00:00+00:00;3
2012-01-14 23:00:00+00:00;9
2007-03-13 23:00:00+00:00;4
2018-06-26 22:00:00+00:00;4
2013-06-12 22:00:00+00:00;4
2008-02-15 23:00:00+00:00;10
1977-03-31 23:00:00+00:00;1
2003-10-15 22:00:00+00:00;4
2023-12-15 23:00:00+00:00;3
2015-01-20 23:00:00+00:00;4
2027-07-03 12:57:33.106000+00:00;1
2001-12-10 23:00:00+00:00;1
2019-12-04 09:52:37.003835+00:00;1
2027-01-09 23:00:00+00:00;13
2019-05-29 22:00:00+00:00;8
2011-07-27 22:00:00+00:00;14
2018-12-16 23:00:00+00:00;11
2014-06-27 22:00:00+00:00;15
2017-02-20 23:00:00+00:00;14
2027-02-24 23:00:00+00:00;9
2015-07-07 22:00:00+00:00;5
2018-09-18 22:00:00+00:00;9
2004-04-19 22:00:00+00:00;1
2025-08-20 00:00:00+00:00;1
2008-12-21 23:00:00+00:00;10
2023-06-26 22:00:00+00:00;5
2008-07-06 22:00:00+00:00;8
2005-07-11 22:00:00+00:00;3
1990-03-30 22:00:00+00:00;1
2023-09-09 22:00:00+00:00;4
2004-05-16 22:00:00+00:00;1
2020-05-30 22:00:00+00:00;25
2010-09-28 22:00:00+00:00;2
1988-10-23 23:00:00+00:00;1
2018-04-19 22:00:00+00:00;14
2014-11-10 23:00:00+00:00;5
2026-03-29 22:00:00+00:00;4
2021-01-08 23:00:00+00:00;3
2006-05-15 22:00:00+00:00;3
2016-05-21 22:00:00+00:00;13
2007-02-11 23:00:00+00:00;6
2007-07-09 22:00:00+00:00;3
2008-07-17 22:00:00+00:00;13
2027-03-27 00:00:00+00:00;9
2027-03-09 23:00:00+00:00;8
1994-07-29 22:00:00+00:00;1
2007-12-04 23:00:00+00:00;2
2024-09-23 22:00:00+00:00;4
2020-07-08 22:00:00+00:00;4
1995-01-10 23:00:00+00:00;1
1990-12-05 23:00:00+00:00;1
2021-05-11 22:00:00+00:00;7
2015-07-06 22:00:00+00:00;6
2003-04-02 22:00:00+00:00;1
1992-08-28 22:00:00+00:00;1
2008-09-04 22:00:00+00:00;13
2017-12-02 23:00:00+00:00;2
2022-09-25 22:00:00+00:00;2
2017-04-02 22:00:00+00:00;22
2006-05-27 22:00:00+00:00;5
2017-06-13 22:00:00+00:00;1
2016-04-16 22:00:00+00:00;17
2008-09-16 22:00:00+00:00;1
2008-08-26 22:00:00+00:00;7
2022-12-19 23:00:00+00:00;6
2015-08-06 22:00:00+00:00;14
2023-09-25 22:00:00+00:00;3
2020-11-12 23:00:00+00:00;20
2019-12-01 23:00:00+00:00;1
2023-12-22 23:00:00+00:00;11
2012-07-22 22:00:00+00:00;11
2012-05-25 22:00:00+00:00;7
2006-07-28 22:00:00+00:00;5
2024-10-06 00:00:00+00:00;1
2019-11-21 13:44:55.086176+00:00;1
2007-09-29 22:00:00+00:00;9
2020-12-20 23:00:00+00:00;19
2015-10-26 23:00:00+00:00;9
2014-08-10 22:00:00+00:00;13
2007-02-04 23:00:00+00:00;8
2018-02-20 23:00:00+00:00;7
2006-11-14 23:00:00+00:00;2
1990-08-09 22:00:00+00:00;1
2027-04-25 00:00:00+00:00;7
2006-09-24 22:00:00+00:00;6
2007-04-25 22:00:00+00:00;11
2017-08-18 22:00:00+00:00;2
2007-10-04 22:00:00+00:00;10
2015-11-23 23:00:00+00:00;11
2015-02-09 23:00:00+00:00;5
2011-06-01 22:00:00+00:00;12
2005-10-18 22:00:00+00:00;5
2027-01-27 23:00:00+00:00;11
2024-01-15 23:00:00+00:00;6
2008-07-25 22:00:00+00:00;4
2027-07-07 12:25:31.545000+00:00;1
2009-09-25 22:00:00+00:00;13
2026-10-30 23:00:00+00:00;16
2003-05-30 22:00:00+00:00;3
2026-12-22 23:00:00+00:00;4
2019-03-07 23:00:00+00:00;6
2015-02-22 23:00:00+00:00;10
2004-05-27 22:00:00+00:00;7
2022-12-04 23:00:00+00:00;5
2007-12-17 23:00:00+00:00;4
2019-10-26 22:00:00+00:00;4
2018-09-25 22:00:00+00:00;8
2020-02-27 23:00:00+00:00;25
2016-07-06 22:00:00+00:00;6
2002-10-06 22:00:00+00:00;1
2023-10-07 22:00:00+00:00;3
2016-09-04 22:00:00+00:00;17
2014-07-31 22:00:00+00:00;9
2021-04-02 22:00:00+00:00;7
2006-02-21 23:00:00+00:00;3
2027-04-01 22:00:00+00:00;7
2023-10-12 22:00:00+00:00;14
2011-05-02 22:00:00+00:00;1
1991-01-31 23:00:00+00:00;2
2013-07-08 22:00:00+00:00;12
2011-08-23 22:00:00+00:00;3
2013-09-15 22:00:00+00:00;16
2014-02-20 23:00:00+00:00;15
2022-01-06 23:00:00+00:00;17
2015-11-07 23:00:00+00:00;13
2011-02-05 23:00:00+00:00;8
2014-08-06 22:00:00+00:00;6
2020-02-27 08:19:05.666418+00:00;1
2006-12-30 23:00:00+00:00;2
2027-07-28 14:17:45.742000+00:00;1
2027-07-22 10:25:03.752000+00:00;1
2001-01-18 23:00:00+00:00;1
2005-03-15 23:00:00+00:00;2
2025-09-17 22:00:00+00:00;2
2016-11-06 23:00:00+00:00;15
2021-12-20 23:00:00+00:00;7
2023-03-17 23:00:00+00:00;5
1992-08-31 22:00:00+00:00;2
2027-07-29 17:12:10.382000+00:00;1
2018-07-19 22:00:00+00:00;10
2002-04-11 22:00:00+00:00;1
2022-04-09 22:00:00+00:00;4
2007-07-03 22:00:00+00:00;4
1998-06-23 22:00:00+00:00;1
1998-10-30 23:00:00+00:00;1
2013-12-09 23:00:00+00:00;15
2018-06-25 22:00:00+00:00;3
1986-07-09 22:00:00+00:00;1
2006-06-27 22:00:00+00:00;2
1996-04-30 22:00:00+00:00;1
2014-02-26 23:00:00+00:00;3
2005-02-14 23:00:00+00:00;2
2020-07-21 22:00:00+00:00;3
1998-06-18 22:00:00+00:00;1
2011-11-01 23:00:00+00:00;5
2002-09-15 22:00:00+00:00;2
2013-10-20 22:00:00+00:00;12
2007-11-02 23:00:00+00:00;10
1998-11-17 23:00:00+00:00;1
2019-03-17 23:00:00+00:00;2
2017-04-11 22:00:00+00:00;11
2027-05-13 13:32:51.130000+00:00;1
2013-10-25 22:00:00+00:00;12
2010-07-23 22:00:00+00:00;15
2013-06-13 22:00:00+00:00;4
2026-06-20 00:00:00+00:00;1
2022-07-22 22:00:00+00:00;4
2027-12-30 23:00:00+00:00;1
2004-04-11 22:00:00+00:00;1
2009-06-30 22:00:00+00:00;4
2025-01-18 00:00:00+00:00;1
2025-01-28 23:00:00+00:00;4
2005-07-04 22:00:00+00:00;2
2025-09-13 22:00:00+00:00;9
2010-06-27 22:00:00+00:00;19
2027-07-29 00:00:00+00:00;1
2006-06-13 22:00:00+00:00;1
2004-02-25 23:00:00+00:00;1
2012-09-12 22:00:00+00:00;3
2013-10-09 22:00:00+00:00;1
2017-08-14 22:00:00+00:00;4
2025-10-26 00:00:00+00:00;1
2024-03-03 23:00:00+00:00;5
2014-05-06 22:00:00+00:00;3
2010-10-09 22:00:00+00:00;15
2009-04-02 22:00:00+00:00;13
2005-05-11 22:00:00+00:00;1
2022-06-01 22:00:00+00:00;9
2009-04-13 22:00:00+00:00;17
2008-12-04 23:00:00+00:00;9
2024-08-07 22:00:00+00:00;8
2012-10-26 22:00:00+00:00;14
2003-05-13 22:00:00+00:00;3
2000-01-29 23:00:00+00:00;1
2026-10-21 22:00:00+00:00;13
2012-06-16 22:00:00+00:00;14
2001-11-23 23:00:00+00:00;1
2022-10-03 22:00:00+00:00;6
2011-07-28 22:00:00+00:00;7
2023-06-02 22:00:00+00:00;2
2007-03-28 22:00:00+00:00;2
2005-02-10 23:00:00+00:00;3
2006-02-13 23:00:00+00:00;2
2012-10-03 22:00:00+00:00;9
2005-11-14 23:00:00+00:00;3
2024-10-27 23:00:00+00:00;3
2025-03-28 08:57:05.629904+00:00;1
2018-04-23 22:00:00+00:00;3
2009-08-04 22:00:00+00:00;7
2023-08-15 22:00:00+00:00;10
2019-04-15 22:00:00+00:00;4
1998-02-05 23:00:00+00:00;1
2015-04-24 22:00:00+00:00;7
1986-06-25 22:00:00+00:00;1
2022-02-02 23:00:00+00:00;5
2011-09-03 22:00:00+00:00;9
2025-03-18 23:00:00+00:00;2
2016-12-06 23:00:00+00:00;6
2023-03-30 22:00:00+00:00;68
2010-03-26 23:00:00+00:00;14
2018-08-22 22:00:00+00:00;10
2019-12-09 23:00:00+00:00;4
2005-09-17 22:00:00+00:00;10
2010-10-07 22:00:00+00:00;8
2009-02-18 23:00:00+00:00;2
2021-04-07 22:00:00+00:00;11
2007-01-29 23:00:00+00:00;1
2022-01-05 23:00:00+00:00;12
2009-03-12 23:00:00+00:00;10
2024-01-06 23:00:00+00:00;1
2009-07-24 22:00:00+00:00;14
2006-05-24 22:00:00+00:00;10
2027-07-14 11:12:11.107000+00:00;1
2023-02-16 23:00:00+00:00;14
2009-01-23 23:00:00+00:00;7
2020-11-09 23:00:00+00:00;5
2011-08-31 22:00:00+00:00;13
2017-02-24 23:00:00+00:00;18
2006-10-27 22:00:00+00:00;8
2017-10-18 22:00:00+00:00;6
2017-02-02 23:00:00+00:00;14
2004-07-23 22:00:00+00:00;1
1999-02-14 23:00:00+00:00;1
2018-05-27 22:00:00+00:00;4
1998-01-31 23:00:00+00:00;1
2008-11-01 23:00:00+00:00;26
2022-11-03 23:00:00+00:00;12
2014-06-13 22:00:00+00:00;16
2008-05-05 22:00:00+00:00;13
2005-10-27 22:00:00+00:00;5
2026-03-28 22:00:00+00:00;1
2011-02-24 23:00:00+00:00;11
2004-10-11 22:00:00+00:00;2
2015-12-21 23:00:00+00:00;8
2015-09-25 22:00:00+00:00;7
2018-11-21 23:00:00+00:00;7
1999-07-06 22:00:00+00:00;1
2007-08-24 22:00:00+00:00;8
2025-04-23 22:00:00+00:00;3
2011-10-21 22:00:00+00:00;13
2003-09-12 22:00:00+00:00;2
2015-11-24 23:00:00+00:00;6
2000-07-09 22:00:00+00:00;1
2013-11-09 23:00:00+00:00;18
1997-03-14 23:00:00+00:00;1
2006-03-19 23:00:00+00:00;2
2017-04-09 22:00:00+00:00;13
2023-08-26 22:00:00+00:00;4
2005-06-11 22:00:00+00:00;6
2002-07-18 22:00:00+00:00;2
2016-05-28 22:00:00+00:00;15
2025-07-02 22:00:00+00:00;4
2024-10-29 23:00:00+00:00;6
2015-04-23 22:00:00+00:00;14
2012-05-09 22:00:00+00:00;1
2005-01-31 23:00:00+00:00;10
2006-09-14 22:00:00+00:00;4
2003-02-26 23:00:00+00:00;2
2014-09-04 22:00:00+00:00;4
2018-05-01 22:00:00+00:00;6
2007-07-21 22:00:00+00:00;4
2018-11-27 23:00:00+00:00;7
2013-11-18 23:00:00+00:00;12
1997-10-05 22:00:00+00:00;1
2022-06-14 22:00:00+00:00;11
2012-01-05 23:00:00+00:00;6
2013-05-09 22:00:00+00:00;5
1996-11-03 23:00:00+00:00;1
2022-08-19 22:00:00+00:00;1
2024-02-28 23:00:00+00:00;42
2003-11-15 23:00:00+00:00;3
2003-06-29 22:00:00+00:00;2
2027-04-16 00:00:00+00:00;14
2000-03-29 22:00:00+00:00;1
2013-08-21 22:00:00+00:00;2
1999-09-14 22:00:00+00:00;1
2022-02-19 23:00:00+00:00;4
2020-08-08 22:00:00+00:00;2
2022-06-21 22:00:00+00:00;8
2021-06-01 22:00:00+00:00;5
2008-06-08 22:00:00+00:00;13
2008-04-14 22:00:00+00:00;14
2024-02-15 23:00:00+00:00;16
2031-08-18 22:00:00+00:00;1
2000-06-25 22:00:00+00:00;1
2020-06-09 22:00:00+00:00;6
2018-09-14 22:00:00+00:00;4
2015-03-18 23:00:00+00:00;8
2011-07-03 22:00:00+00:00;17
2025-01-22 23:00:00+00:00;4
2019-09-11 22:00:00+00:00;12
2010-03-16 23:00:00+00:00;1
2014-01-30 23:00:00+00:00;4
2027-07-30 08:45:16.097000+00:00;1
2004-11-10 23:00:00+00:00;2
2009-04-19 22:00:00+00:00;9
2014-07-21 22:00:00+00:00;2
2000-10-02 22:00:00+00:00;1
2011-09-29 22:00:00+00:00;21
2005-02-01 23:00:00+00:00;6
1925-01-10 23:00:00+00:00;1
2011-10-04 22:00:00+00:00;3
2017-04-17 22:00:00+00:00;13
2003-02-19 23:00:00+00:00;3
2021-02-24 23:00:00+00:00;11
2006-07-23 22:00:00+00:00;11
2023-07-15 22:00:00+00:00;7
2027-05-22 09:53:07.753000+00:00;1
2010-03-31 22:00:00+00:00;9
2016-07-09 22:00:00+00:00;6
2013-11-30 23:00:00+00:00;18
2019-10-24 12:12:07.882336+00:00;1
2019-10-22 12:52:33.914430+00:00;1
2019-09-30 22:00:00+00:00;13
2014-04-27 22:00:00+00:00;8
2012-04-28 22:00:00+00:00;14
2003-05-23 22:00:00+00:00;4
2010-01-01 23:00:00+00:00;3
2025-07-01 22:00:00+00:00;1
2023-03-10 23:00:00+00:00;3
2000-05-27 22:00:00+00:00;1
2007-02-01 23:00:00+00:00;7
2023-05-18 22:00:00+00:00;9
2011-08-01 22:00:00+00:00;10
2025-03-10 23:00:00+00:00;2
2007-01-01 23:00:00+00:00;16
2014-10-02 22:00:00+00:00;9
2000-05-10 22:00:00+00:00;1
2020-11-28 23:00:00+00:00;11
1992-06-26 22:00:00+00:00;1
2014-11-08 23:00:00+00:00;12
2001-04-29 22:00:00+00:00;1
2014-11-29 23:00:00+00:00;7
2012-06-30 22:00:00+00:00;13
2021-11-20 23:00:00+00:00;6
2016-01-16 23:00:00+00:00;10
1998-10-01 22:00:00+00:00;1
2005-08-01 22:00:00+00:00;3
2004-03-13 23:00:00+00:00;3
2004-06-13 22:00:00+00:00;3
2010-12-12 23:00:00+00:00;13
2017-08-05 22:00:00+00:00;3
2002-01-02 23:00:00+00:00;3
2008-01-24 23:00:00+00:00;11
2022-08-22 22:00:00+00:00;7
2023-07-05 22:00:00+00:00;8
2019-04-18 22:00:00+00:00;13
2014-08-04 22:00:00+00:00;6
2021-06-21 22:00:00+00:00;8
2021-01-26 23:00:00+00:00;5
2009-06-08 22:00:00+00:00;5
2005-03-04 23:00:00+00:00;4
2027-05-15 10:32:03.549000+00:00;1
2016-09-06 22:00:00+00:00;5
2013-10-17 22:00:00+00:00;10
2025-06-08 22:00:00+00:00;9
2009-10-27 23:00:00+00:00;7
2013-01-09 23:00:00+00:00;1
2011-07-24 22:00:00+00:00;4
1995-11-16 23:00:00+00:00;1
2016-04-23 22:00:00+00:00;6
2016-01-09 23:00:00+00:00;10
2018-07-25 22:00:00+00:00;6
2007-07-28 22:00:00+00:00;6
2021-06-17 22:00:00+00:00;16
2010-08-09 22:00:00+00:00;6
2023-06-05 22:00:00+00:00;5
2026-11-15 00:00:00+00:00;1
1998-08-22 22:00:00+00:00;1
2023-06-07 22:00:00+00:00;8
2016-10-04 22:00:00+00:00;9
2009-10-17 22:00:00+00:00;10
2008-11-05 23:00:00+00:00;3
1998-09-10 22:00:00+00:00;1
2024-08-30 22:00:00+00:00;35
2018-10-16 22:00:00+00:00;9
2010-11-17 23:00:00+00:00;9
2016-04-12 22:00:00+00:00;11
2011-11-17 23:00:00+00:00;16
2000-08-18 22:00:00+00:00;1
2010-04-05 22:00:00+00:00;6
2008-08-20 22:00:00+00:00;6
2003-01-09 23:00:00+00:00;3
1991-09-07 22:00:00+00:00;1
2027-05-06 14:34:26.901000+00:00;1
2015-08-12 22:00:00+00:00;7
2026-02-08 23:00:00+00:00;10
2006-06-16 22:00:00+00:00;12
2022-04-22 22:00:00+00:00;9
2008-05-19 22:00:00+00:00;8
2004-11-03 23:00:00+00:00;3
2026-08-21 22:00:00+00:00;6
2024-02-12 23:00:00+00:00;3
2007-04-16 22:00:00+00:00;4
2021-06-12 22:00:00+00:00;2
2014-08-11 22:00:00+00:00;1
2006-03-08 23:00:00+00:00;8
2021-10-23 22:00:00+00:00;2
2020-01-31 09:44:20.217705+00:00;1
2007-11-27 23:00:00+00:00;3
1998-04-08 22:00:00+00:00;1
2001-07-18 22:00:00+00:00;1
2003-12-09 23:00:00+00:00;4
1996-05-23 22:00:00+00:00;2
2024-04-04 22:00:00+00:00;11
2024-09-18 22:00:00+00:00;6
2022-06-28 22:00:00+00:00;10
2015-07-30 22:00:00+00:00;21
2004-12-15 23:00:00+00:00;1
2009-01-30 23:00:00+00:00;2
2005-12-11 23:00:00+00:00;8
2003-09-02 22:00:00+00:00;5
2003-04-25 22:00:00+00:00;1
2025-03-19 23:00:00+00:00;8
2019-02-04 23:00:00+00:00;12
2027-01-16 23:00:00+00:00;12
2005-11-12 23:00:00+00:00;6
2020-08-05 22:00:00+00:00;7
2022-11-21 23:00:00+00:00;7
2018-06-07 22:00:00+00:00;14
2018-07-28 22:00:00+00:00;6
2013-01-15 23:00:00+00:00;6
2023-11-09 23:00:00+00:00;9
2014-10-12 22:00:00+00:00;12
2012-02-10 23:00:00+00:00;5
2018-12-13 23:00:00+00:00;14
2018-11-01 23:00:00+00:00;11
1988-03-31 22:00:00+00:00;2
2017-06-15 22:00:00+00:00;13
2012-12-10 23:00:00+00:00;15
2007-03-23 23:00:00+00:00;7
2010-08-21 22:00:00+00:00;12
2008-08-15 22:00:00+00:00;12
2009-01-02 23:00:00+00:00;7
2007-11-06 23:00:00+00:00;3
2019-11-12 23:00:00+00:00;11
2002-09-30 22:00:00+00:00;10
2026-06-27 22:00:00+00:00;8
2001-05-02 22:00:00+00:00;1
2018-02-01 23:00:00+00:00;9
2012-11-05 23:00:00+00:00;13
2025-09-09 22:00:00+00:00;3
2021-03-28 22:00:00+00:00;9
2014-09-28 22:00:00+00:00;8
2007-12-16 23:00:00+00:00;9
1992-05-06 22:00:00+00:00;2
2026-09-02 22:00:00+00:00;8
2021-01-21 23:00:00+00:00;10
2004-01-03 23:00:00+00:00;3
2021-07-25 22:00:00+00:00;6
2022-07-01 22:00:00+00:00;3
2013-11-15 23:00:00+00:00;17
2025-11-18 23:00:00+00:00;1
2021-11-22 23:00:00+00:00;8
1990-01-05 23:00:00+00:00;3
2001-08-24 22:00:00+00:00;2
2004-07-02 22:00:00+00:00;8
2021-07-14 22:00:00+00:00;15
2001-09-27 22:00:00+00:00;14
2017-01-08 23:00:00+00:00;13
2017-03-04 23:00:00+00:00;17
2032-06-08 22:00:00+00:00;1
2003-10-11 22:00:00+00:00;1
2023-09-17 22:00:00+00:00;5
2015-11-20 23:00:00+00:00;9
2022-11-22 23:00:00+00:00;5
2018-07-17 22:00:00+00:00;6
2010-07-03 22:00:00+00:00;13
2006-10-19 22:00:00+00:00;4
2016-06-15 22:00:00+00:00;8
2027-06-05 13:33:13.956000+00:00;1
2017-01-05 00:00:00+00:00;1
1999-04-27 22:00:00+00:00;4
2018-01-16 23:00:00+00:00;9
1993-01-05 23:00:00+00:00;4
2008-12-13 23:00:00+00:00;16
2026-07-01 22:00:00+00:00;9
2011-05-19 22:00:00+00:00;9
2014-11-28 23:00:00+00:00;16
2002-10-19 22:00:00+00:00;1
2006-11-22 23:00:00+00:00;8
2022-01-10 23:00:00+00:00;4
2019-10-20 22:00:00+00:00;1
2026-03-21 23:00:00+00:00;11
2021-05-18 22:00:00+00:00;7
2019-04-24 22:00:00+00:00;9
2026-10-20 22:00:00+00:00;3
2017-11-10 23:00:00+00:00;3
2013-10-21 22:00:00+00:00;13
2022-01-25 23:00:00+00:00;3
2013-01-07 23:00:00+00:00;4
2014-05-05 22:00:00+00:00;3
2012-03-10 23:00:00+00:00;9
2022-11-30 23:00:00+00:00;34
2020-10-21 22:00:00+00:00;8
2020-05-29 22:00:00+00:00;9
2016-07-07 22:00:00+00:00;14
2013-09-17 22:00:00+00:00;5
2015-02-01 23:00:00+00:00;9
2027-08-01 11:53:32.496000+00:00;1
2023-11-17 23:00:00+00:00;5
2013-05-17 22:00:00+00:00;17
2009-02-02 23:00:00+00:00;15
2007-09-17 22:00:00+00:00;4
2003-11-04 23:00:00+00:00;5
2019-06-19 22:00:00+00:00;11
2020-05-20 09:37:21.488408+00:00;1
2025-06-24 22:00:00+00:00;2
2005-05-02 22:00:00+00:00;2
2013-04-28 22:00:00+00:00;24
2018-08-01 22:00:00+00:00;7
2020-07-04 22:00:00+00:00;7
2024-06-27 22:00:00+00:00;28
2011-05-22 22:00:00+00:00;6
2027-06-12 07:57:19.592000+00:00;1
2007-02-18 23:00:00+00:00;10
2025-04-25 22:00:00+00:00;8
2012-03-21 23:00:00+00:00;4
2013-07-02 22:00:00+00:00;2
2026-01-31 23:00:00+00:00;10
2023-03-04 23:00:00+00:00;8
2017-06-29 22:00:00+00:00;42
2012-09-01 22:00:00+00:00;20
1992-11-26 23:00:00+00:00;1
2019-07-09 22:00:00+00:00;13
2023-04-16 22:00:00+00:00;10
2011-12-30 23:00:00+00:00;1
2014-12-03 23:00:00+00:00;13
2019-07-18 22:00:00+00:00;19
2016-06-22 22:00:00+00:00;6
2012-04-13 22:00:00+00:00;9
1998-04-17 22:00:00+00:00;1
2017-03-25 23:00:00+00:00;12
2014-01-07 23:00:00+00:00;2
2024-04-30 22:00:00+00:00;14
2013-04-26 22:00:00+00:00;8
2006-01-05 23:00:00+00:00;18
1996-09-19 22:00:00+00:00;3
2018-10-20 22:00:00+00:00;5
2010-09-06 22:00:00+00:00;5
2009-07-30 22:00:00+00:00;12
2002-11-15 23:00:00+00:00;3
2004-11-24 23:00:00+00:00;7
2026-06-25 22:00:00+00:00;18
2002-02-27 23:00:00+00:00;2
2022-10-09 22:00:00+00:00;4
2021-05-30 22:00:00+00:00;63
2009-09-15 22:00:00+00:00;8
2002-11-05 23:00:00+00:00;1
2020-11-02 23:00:00+00:00;2
1991-05-17 22:00:00+00:00;1
2002-09-20 22:00:00+00:00;1
2019-11-04 23:00:00+00:00;6
2026-11-30 00:00:00+00:00;1
2016-10-07 22:00:00+00:00;7
1982-12-30 23:00:00+00:00;1
2014-02-17 23:00:00+00:00;7
2026-12-29 23:00:00+00:00;4
1997-02-08 23:00:00+00:00;1
2008-02-07 23:00:00+00:00;10
2020-01-25 23:00:00+00:00;3
2004-04-10 22:00:00+00:00;4
2026-08-13 08:20:33.383795+00:00;1
2022-10-27 22:00:00+00:00;27
2020-05-16 22:00:00+00:00;4
2017-12-23 23:00:00+00:00;2
1996-11-10 23:00:00+00:00;1
2014-02-01 23:00:00+00:00;9
2015-11-25 23:00:00+00:00;6
2027-07-04 12:20:02.524000+00:00;1
2005-05-31 22:00:00+00:00;10
2014-01-28 23:00:00+00:00;2
2023-04-01 22:00:00+00:00;5
2014-02-19 23:00:00+00:00;1
2002-05-10 22:00:00+00:00;2
2027-05-09 09:47:46.140000+00:00;1
2019-06-07 22:00:00+00:00;1
2015-11-17 23:00:00+00:00;11
2009-12-18 23:00:00+00:00;13
2021-04-22 22:00:00+00:00;11
2024-06-09 22:00:00+00:00;2
2027-03-19 00:00:00+00:00;3
2009-11-11 23:00:00+00:00;2
2025-10-09 22:00:00+00:00;7
2005-03-21 23:00:00+00:00;3
1997-09-27 22:00:00+00:00;1
2012-09-16 22:00:00+00:00;8
2009-03-17 23:00:00+00:00;5
2019-02-22 23:00:00+00:00;4
2026-12-04 23:00:00+00:00;12
2019-06-25 22:00:00+00:00;12
2022-08-18 22:00:00+00:00;11
2012-03-17 23:00:00+00:00;13
2007-12-12 23:00:00+00:00;8
2036-05-31 22:00:00+00:00;1
1997-04-25 22:00:00+00:00;1
2016-09-01 22:00:00+00:00;4
2012-03-15 23:00:00+00:00;9
2006-03-09 23:00:00+00:00;14
1994-03-01 23:00:00+00:00;1
2025-12-31 00:00:00+00:00;10
2001-12-24 23:00:00+00:00;1
1991-06-29 22:00:00+00:00;1
2020-02-21 23:00:00+00:00;5
2013-01-30 23:00:00+00:00;6
2020-02-21 12:39:43.223831+00:00;1
2027-07-14 16:57:03.074000+00:00;1
2010-12-19 23:00:00+00:00;5
1984-12-30 23:00:00+00:00;1
2004-03-20 23:00:00+00:00;1
2013-12-28 23:00:00+00:00;4
2014-01-05 23:00:00+00:00;4
2010-03-01 23:00:00+00:00;2
2008-04-05 22:00:00+00:00;15
2027-03-11 23:00:00+00:00;9
2031-04-16 22:00:00+00:00;2
2000-09-30 22:00:00+00:00;10
2022-09-13 22:00:00+00:00;6
2009-04-04 22:00:00+00:00;9
2003-07-10 22:00:00+00:00;2
2024-09-19 22:00:00+00:00;9
2016-06-10 22:00:00+00:00;8
2011-12-15 23:00:00+00:00;3
2019-03-31 22:00:00+00:00;14
2015-11-19 23:00:00+00:00;16
1994-09-13 22:00:00+00:00;8
2019-11-15 23:00:00+00:00;3
2017-02-10 23:00:00+00:00;13
1994-04-14 22:00:00+00:00;1
2004-05-31 22:00:00+00:00;14
2011-05-05 22:00:00+00:00;6
2006-10-10 22:00:00+00:00;1
2019-09-16 22:00:00+00:00;6
2018-11-15 23:00:00+00:00;6
2016-02-04 23:00:00+00:00;24
2011-10-22 22:00:00+00:00;11
2012-03-30 22:00:00+00:00;13
2017-09-14 22:00:00+00:00;18
2003-06-22 22:00:00+00:00;2
2006-06-08 22:00:00+00:00;7
2002-12-01 23:00:00+00:00;2
2016-05-12 22:00:00+00:00;8
2008-11-29 23:00:00+00:00;14
2001-05-13 22:00:00+00:00;1
2017-06-06 22:00:00+00:00;10
2023-05-23 22:00:00+00:00;4
2022-09-22 22:00:00+00:00;6
2022-08-06 22:00:00+00:00;3
2017-07-28 22:00:00+00:00;7
2024-10-14 22:00:00+00:00;9
2015-09-03 22:00:00+00:00;22
2023-11-18 23:00:00+00:00;5
2011-09-19 22:00:00+00:00;8
2021-09-27 22:00:00+00:00;5
1991-12-07 23:00:00+00:00;1
1986-06-30 22:00:00+00:00;1
1998-10-27 23:00:00+00:00;1
2015-03-15 23:00:00+00:00;7
2018-04-10 22:00:00+00:00;5
2027-05-09 00:00:00+00:00;8
2027-05-08 10:27:10.257000+00:00;1
2006-09-27 22:00:00+00:00;5
2005-03-13 23:00:00+00:00;4
2027-05-13 12:05:50.961000+00:00;1
2000-10-31 23:00:00+00:00;9
2016-06-27 22:00:00+00:00;17
2004-02-13 23:00:00+00:00;1
2020-04-19 22:00:00+00:00;13
2011-05-14 22:00:00+00:00;21
2020-10-15 22:00:00+00:00;13
2010-07-18 22:00:00+00:00;10
2027-07-18 10:30:07.601000+00:00;1
2011-12-28 23:00:00+00:00;2
2013-05-15 22:00:00+00:00;7
2011-02-26 23:00:00+00:00;22
2007-06-02 22:00:00+00:00;7
2018-01-11 23:00:00+00:00;9
1994-02-02 23:00:00+00:00;1
2021-10-17 22:00:00+00:00;6
2017-09-09 22:00:00+00:00;1
2011-03-02 23:00:00+00:00;9
2015-04-19 22:00:00+00:00;24
2026-08-05 22:00:00+00:00;12
2012-05-20 22:00:00+00:00;10
2024-08-03 22:00:00+00:00;4
2014-06-17 22:00:00+00:00;3
1993-06-23 22:00:00+00:00;1
2021-10-30 22:00:00+00:00;42
1989-03-27 22:00:00+00:00;1
2001-09-24 22:00:00+00:00;1
1991-01-06 23:00:00+00:00;1
2027-03-06 00:00:00+00:00;1
2018-02-19 23:00:00+00:00;3
2005-07-31 22:00:00+00:00;3
2023-03-22 23:00:00+00:00;13
2013-08-25 22:00:00+00:00;12
2017-06-17 22:00:00+00:00;4
2026-01-13 23:00:00+00:00;1
2013-03-28 23:00:00+00:00;15
2010-04-13 22:00:00+00:00;8
2017-08-21 22:00:00+00:00;1
2025-12-13 23:00:00+00:00;9
2024-03-29 23:00:00+00:00;6
2023-02-13 23:00:00+00:00;7
2014-01-23 23:00:00+00:00;10
2033-11-15 23:00:00+00:00;2
2023-11-27 23:00:00+00:00;5
2006-01-21 23:00:00+00:00;7
2007-09-15 22:00:00+00:00;6
2013-06-24 22:00:00+00:00;8
2006-04-21 22:00:00+00:00;12
1977-08-19 23:00:00+00:00;1
2009-05-08 22:00:00+00:00;10
2007-11-26 23:00:00+00:00;2
2013-09-27 22:00:00+00:00;15
2000-08-15 22:00:00+00:00;2
2016-04-22 22:00:00+00:00;2
2018-07-04 22:00:00+00:00;9
2027-06-20 14:26:44.898000+00:00;1
2006-04-01 22:00:00+00:00;11
2019-02-25 23:00:00+00:00;1
2020-11-27 23:00:00+00:00;5
2010-11-27 23:00:00+00:00;22
2000-06-22 22:00:00+00:00;1
2017-09-03 22:00:00+00:00;7
2011-10-10 22:00:00+00:00;5
2027-04-15 00:00:00+00:00;19
2019-09-26 22:00:00+00:00;22
2011-03-24 23:00:00+00:00;20
2023-11-28 23:00:00+00:00;5
2036-08-16 22:00:00+00:00;1
2027-06-05 10:43:49.678000+00:00;1
2010-04-22 22:00:00+00:00;5
1998-03-09 23:00:00+00:00;1
2005-11-02 23:00:00+00:00;4
2008-07-07 22:00:00+00:00;9
2026-06-29 22:00:00+00:00;4
2026-08-27 22:00:00+00:00;13
2025-05-31 22:00:00+00:00;4
2012-12-26 23:00:00+00:00;2
2019-11-28 23:00:00+00:00;17
2011-07-21 22:00:00+00:00;6
2019-12-03 23:00:00+00:00;7
2023-02-20 23:00:00+00:00;4
2018-05-04 22:00:00+00:00;4
2011-02-06 23:00:00+00:00;18
2027-06-18 11:39:34.619000+00:00;1
2019-11-28 11:57:01.843120+00:00;1
2007-11-17 23:00:00+00:00;7
1997-04-30 22:00:00+00:00;2
2020-01-31 10:18:26.692739+00:00;1
2009-01-17 23:00:00+00:00;13
2014-03-31 22:00:00+00:00;4
1998-10-20 22:00:00+00:00;1
2019-10-24 11:53:23.784859+00:00;1
2015-08-25 22:00:00+00:00;10
2002-11-13 23:00:00+00:00;1
2026-11-24 23:00:00+00:00;8
1990-12-07 23:00:00+00:00;1
2025-12-04 23:00:00+00:00;7
2021-07-02 22:00:00+00:00;3
2016-08-20 22:00:00+00:00;18
2005-06-05 22:00:00+00:00;1
2025-10-15 22:00:00+00:00;8
2019-09-25 22:00:00+00:00;8
1962-01-20 23:00:00+00:00;1
2017-11-22 23:00:00+00:00;5
2014-03-08 23:00:00+00:00;17
2012-07-18 22:00:00+00:00;2
2027-05-27 06:37:34.197000+00:00;1
2019-08-16 22:00:00+00:00;3
2017-11-29 23:00:00+00:00;41
2019-04-23 22:00:00+00:00;7
2000-09-01 22:00:00+00:00;1
2027-06-04 12:35:35.551000+00:00;1
2022-01-03 23:00:00+00:00;9
2018-09-24 22:00:00+00:00;8
2008-11-22 23:00:00+00:00;5
2017-03-14 23:00:00+00:00;7
2008-03-29 23:00:00+00:00;6
2005-04-22 22:00:00+00:00;3
9998-12-31 23:00:00+00:00;1
2018-04-28 22:00:00+00:00;6
2009-03-16 23:00:00+00:00;14
1999-07-31 22:00:00+00:00;4
2026-05-18 22:00:00+00:00;1
1975-01-05 23:00:00+00:00;5
1996-11-08 23:00:00+00:00;1
2018-02-26 23:00:00+00:00;4
2008-10-16 22:00:00+00:00;5
2010-08-03 22:00:00+00:00;5
2001-04-04 22:00:00+00:00;1
2007-12-07 23:00:00+00:00;14
1991-11-14 23:00:00+00:00;1
2011-11-22 23:00:00+00:00;4
2004-03-11 23:00:00+00:00;1
2022-01-13 23:00:00+00:00;14
2023-04-13 22:00:00+00:00;8
2009-04-24 22:00:00+00:00;16
2004-11-01 23:00:00+00:00;3
2015-08-17 22:00:00+00:00;8
2025-07-12 22:00:00+00:00;11
2024-02-11 23:00:00+00:00;6
2016-08-30 22:00:00+00:00;19
2025-08-28 22:00:00+00:00;7
2013-04-06 22:00:00+00:00;14
2004-04-02 22:00:00+00:00;1
2002-03-09 23:00:00+00:00;2
2027-06-04 16:52:24.799000+00:00;1
2004-05-14 22:00:00+00:00;2
2004-07-19 22:00:00+00:00;1
2026-02-25 23:00:00+00:00;9
2017-03-24 23:00:00+00:00;13
2019-10-29 23:00:00+00:00;11
2016-04-13 22:00:00+00:00;8
2005-04-03 22:00:00+00:00;1
2027-06-12 00:00:00+00:00;8
2025-02-22 23:00:00+00:00;2
2008-02-12 23:00:00+00:00;2
2025-07-11 22:00:00+00:00;5
2016-10-21 22:00:00+00:00;14
2003-01-04 23:00:00+00:00;1
2004-06-24 22:00:00+00:00;1
2026-01-15 23:00:00+00:00;7
2021-02-10 23:00:00+00:00;10
2034-09-23 22:00:00+00:00;1
1994-12-20 23:00:00+00:00;1
2020-06-02 22:00:00+00:00;4
2002-06-30 22:00:00+00:00;6
1995-09-30 23:00:00+00:00;1
2005-04-23 22:00:00+00:00;4
2026-03-02 23:00:00+00:00;2
2025-03-24 23:00:00+00:00;4
2022-12-02 23:00:00+00:00;5
2005-06-10 22:00:00+00:00;2
2026-05-16 22:00:00+00:00;13
2016-05-25 22:00:00+00:00;7
2006-06-12 22:00:00+00:00;7
2019-11-21 12:38:07.564011+00:00;1
2005-12-21 23:00:00+00:00;2
2016-04-14 22:00:00+00:00;10
2027-05-28 09:53:03.730000+00:00;1
2007-12-08 23:00:00+00:00;15
2020-06-03 22:00:00+00:00;3
2007-09-26 22:00:00+00:00;5
2021-03-22 23:00:00+00:00;4
2005-07-10 22:00:00+00:00;7
2019-02-05 23:00:00+00:00;9
1999-11-16 23:00:00+00:00;1
2000-03-05 23:00:00+00:00;5
2008-03-15 23:00:00+00:00;10
1992-08-04 22:00:00+00:00;1
2000-03-12 23:00:00+00:00;1
1994-09-17 22:00:00+00:00;2
2006-12-16 23:00:00+00:00;5
1984-07-13 22:00:00+00:00;1
2017-08-02 22:00:00+00:00;3
2020-01-14 23:00:00+00:00;6
2027-03-12 23:00:00+00:00;10
2020-12-18 23:00:00+00:00;5
2022-02-28 23:00:00+00:00;26
2024-12-18 23:00:00+00:00;4
2026-08-25 22:00:00+00:00;4
1997-05-27 22:00:00+00:00;12
2027-04-03 07:40:57.198132+00:00;1
2025-10-17 22:00:00+00:00;7
2014-10-25 22:00:00+00:00;11
2009-02-09 23:00:00+00:00;8
2017-07-24 22:00:00+00:00;5
2020-12-12 23:00:00+00:00;5
2005-03-02 23:00:00+00:00;3
2022-11-02 23:00:00+00:00;11
2013-01-01 23:00:00+00:00;2
2024-10-24 22:00:00+00:00;13
2022-12-23 23:00:00+00:00;1
1991-06-11 22:00:00+00:00;1
2011-03-23 23:00:00+00:00;5
2005-07-19 22:00:00+00:00;1
2024-02-17 23:00:00+00:00;2
2023-01-09 23:00:00+00:00;4
2019-09-03 22:00:00+00:00;6
2012-09-28 22:00:00+00:00;6
1997-11-05 23:00:00+00:00;1
2027-06-17 12:28:52.953000+00:00;1
1982-01-05 23:00:00+00:00;1
2017-10-04 22:00:00+00:00;13
2024-09-16 22:00:00+00:00;2
2014-07-07 22:00:00+00:00;5
2009-12-10 23:00:00+00:00;9
2006-03-14 23:00:00+00:00;4
2025-08-15 22:00:00+00:00;7
2011-12-03 23:00:00+00:00;12
2027-07-21 13:56:26.545000+00:00;1
2022-01-30 23:00:00+00:00;74
2012-02-04 23:00:00+00:00;11
2023-05-12 22:00:00+00:00;6
2012-04-30 22:00:00+00:00;1
2020-12-07 23:00:00+00:00;6
2025-07-14 22:00:00+00:00;16
2015-01-03 23:00:00+00:00;5
2007-07-14 22:00:00+00:00;12
2012-09-09 22:00:00+00:00;15
2012-05-24 22:00:00+00:00;5
2027-06-26 08:20:13.323000+00:00;1
1986-08-30 22:00:00+00:00;1
2013-06-08 22:00:00+00:00;17
2019-03-15 23:00:00+00:00;2
1963-01-05 23:00:00+00:00;1
2012-09-13 22:00:00+00:00;9
2009-04-26 22:00:00+00:00;20
2016-12-01 23:00:00+00:00;18
2013-03-25 23:00:00+00:00;12
2027-07-24 00:00:00+00:00;5
2026-01-27 23:00:00+00:00;1
2024-11-02 23:00:00+00:00;3
2001-04-30 22:00:00+00:00;34
2013-10-26 22:00:00+00:00;12
1997-10-25 22:00:00+00:00;2
2024-05-16 22:00:00+00:00;8
2014-09-25 22:00:00+00:00;7
2013-04-16 22:00:00+00:00;4
2023-07-14 22:00:00+00:00;6
2012-01-20 23:00:00+00:00;13
2020-07-17 22:00:00+00:00;8
1987-06-23 22:00:00+00:00;1
2006-04-30 22:00:00+00:00;9
2004-04-18 22:00:00+00:00;1
2007-05-07 22:00:00+00:00;4
2010-08-04 22:00:00+00:00;13
2027-06-18 12:17:51.067000+00:00;1
2010-04-16 22:00:00+00:00;12
2006-11-21 23:00:00+00:00;3
2009-12-28 23:00:00+00:00;1
2016-02-22 23:00:00+00:00;14
2011-03-01 23:00:00+00:00;3
2013-12-24 23:00:00+00:00;1
2022-06-27 22:00:00+00:00;5
2014-11-01 23:00:00+00:00;10
1993-09-16 22:00:00+00:00;2
2004-11-30 23:00:00+00:00;8
2024-09-15 00:00:00+00:00;1
2009-05-19 22:00:00+00:00;9
2010-05-24 22:00:00+00:00;2
2008-11-19 23:00:00+00:00;5
2021-12-19 23:00:00+00:00;9
2024-03-22 23:00:00+00:00;2
2008-04-22 22:00:00+00:00;3
2000-03-20 23:00:00+00:00;1
2025-12-01 00:00:00+00:00;2
2016-04-04 22:00:00+00:00;16
2002-11-19 23:00:00+00:00;3
2020-02-20 07:52:41.127958+00:00;1
2025-09-26 22:00:00+00:00;8
2010-12-28 23:00:00+00:00;2
2024-11-04 08:42:29.293885+00:00;1
2016-12-04 23:00:00+00:00;18
2010-01-31 23:00:00+00:00;12
2027-05-13 13:26:10.291000+00:00;1
1990-12-31 23:00:00+00:00;1
2027-06-09 21:25:08.051000+00:00;1
2024-07-31 22:00:00+00:00;15
2003-11-22 23:00:00+00:00;3
2010-09-03 22:00:00+00:00;10
2023-09-21 22:00:00+00:00;10
2002-06-03 22:00:00+00:00;1
2009-11-19 23:00:00+00:00;8
2021-12-04 23:00:00+00:00;2
2026-10-15 22:00:00+00:00;14
2027-06-02 00:00:00+00:00;3
2005-04-27 22:00:00+00:00;1
2009-07-07 22:00:00+00:00;6
2024-07-11 22:00:00+00:00;13
2010-09-14 22:00:00+00:00;2
2003-09-25 22:00:00+00:00;4
2025-10-05 09:36:55.363282+00:00;1
1974-01-05 23:00:00+00:00;3
2014-06-10 22:00:00+00:00;4
2015-04-09 22:00:00+00:00;11
2012-07-16 22:00:00+00:00;8
2023-06-17 22:00:00+00:00;5
2011-01-29 23:00:00+00:00;11
2024-06-29 22:00:00+00:00;29
2016-10-23 22:00:00+00:00;21
2014-06-04 22:00:00+00:00;13
2021-02-21 23:00:00+00:00;9
2012-12-13 23:00:00+00:00;3
2032-06-12 22:00:00+00:00;1
2024-11-28 23:00:00+00:00;16
2004-09-29 22:00:00+00:00;4
2018-06-02 22:00:00+00:00;2
2021-02-11 23:00:00+00:00;16
2026-06-02 22:00:00+00:00;8
2027-05-16 07:25:55.955000+00:00;1
2024-09-25 22:00:00+00:00;8
2002-06-15 22:00:00+00:00;1
2018-12-25 23:00:00+00:00;5
2020-12-06 23:00:00+00:00;3
2009-04-12 22:00:00+00:00;17
2027-06-04 11:34:57.140000+00:00;1
2018-03-13 23:00:00+00:00;11
2016-11-26 23:00:00+00:00;13
2014-05-21 22:00:00+00:00;8
2005-01-10 23:00:00+00:00;2
2010-08-01 22:00:00+00:00;14
2026-05-20 22:00:00+00:00;8
2027-03-02 23:00:00+00:00;11
1991-03-30 23:00:00+00:00;2
2017-02-22 23:00:00+00:00;9
2022-05-25 22:00:00+00:00;14
2017-11-07 23:00:00+00:00;8
2025-12-17 23:00:00+00:00;4
2027-07-16 06:33:37.442000+00:00;1
2022-02-24 08:17:56.475770+00:00;1
2010-11-22 23:00:00+00:00;1
2025-04-13 22:00:00+00:00;10
2013-10-15 22:00:00+00:00;3
2013-09-26 22:00:00+00:00;15
2008-02-26 23:00:00+00:00;2
2007-02-24 23:00:00+00:00;9
2005-08-08 22:00:00+00:00;3
2014-09-24 22:00:00+00:00;19
2007-10-31 23:00:00+00:00;5
2001-08-22 22:00:00+00:00;1
2017-08-23 22:00:00+00:00;7
2027-05-26 07:08:59.058000+00:00;1
1994-11-20 23:00:00+00:00;1
2000-02-08 23:00:00+00:00;6
2012-09-18 22:00:00+00:00;1
2003-03-07 23:00:00+00:00;2
2004-11-26 23:00:00+00:00;4
2024-06-05 22:00:00+00:00;3
2007-09-06 22:00:00+00:00;2
1995-08-06 22:00:00+00:00;1
2027-04-16 08:00:44.139000+00:00;1
2012-09-23 22:00:00+00:00;20
2027-07-14 00:00:00+00:00;6
2027-03-13 00:00:00+00:00;1
2023-09-07 22:00:00+00:00;15
2016-02-21 23:00:00+00:00;15
2020-02-16 23:00:00+00:00;3
2016-10-02 22:00:00+00:00;23
2012-04-24 22:00:00+00:00;7
2011-04-29 22:00:00+00:00;20
2021-07-10 22:00:00+00:00;4
2022-10-14 22:00:00+00:00;5
2009-08-24 22:00:00+00:00;7
2008-07-26 22:00:00+00:00;9
2019-06-22 22:00:00+00:00;2
2022-04-21 22:00:00+00:00;16
2014-01-01 23:00:00+00:00;1
2019-05-08 22:00:00+00:00;10
2019-06-29 22:00:00+00:00;39
2018-09-06 22:00:00+00:00;12
2026-07-09 22:00:00+00:00;13
2024-12-26 23:00:00+00:00;2
2019-08-15 22:00:00+00:00;10
2017-08-13 22:00:00+00:00;14
2008-03-13 23:00:00+00:00;10
2014-10-30 23:00:00+00:00;20
2005-02-03 23:00:00+00:00;3
2018-08-30 22:00:00+00:00;60
2033-07-09 22:00:00+00:00;1
2027-07-30 00:00:00+00:00;2
2027-05-09 17:25:36.869000+00:00;1
2005-08-06 22:00:00+00:00;5
2011-05-20 22:00:00+00:00;11
2020-05-24 22:00:00+00:00;5
2027-05-22 10:17:00.652000+00:00;1
2001-01-03 23:00:00+00:00;1
2022-04-12 22:00:00+00:00;10
2018-12-27 23:00:00+00:00;32
2017-03-13 23:00:00+00:00;11
2007-12-18 23:00:00+00:00;5
2020-11-19 23:00:00+00:00;12
2022-09-03 22:00:00+00:00;2
2005-05-22 22:00:00+00:00;5
2023-07-23 22:00:00+00:00;10
2024-05-03 22:00:00+00:00;4
2024-09-22 22:00:00+00:00;9
2009-09-08 22:00:00+00:00;3
1993-10-10 23:00:00+00:00;1
2025-06-01 22:00:00+00:00;13
2019-05-11 22:00:00+00:00;2
2001-11-14 23:00:00+00:00;1
2007-01-24 23:00:00+00:00;4
1997-01-05 23:00:00+00:00;12
1996-01-03 23:00:00+00:00;1
2021-07-17 22:00:00+00:00;4
2025-05-25 22:00:00+00:00;7
1993-12-02 23:00:00+00:00;1
2004-02-12 23:00:00+00:00;2
2016-06-25 22:00:00+00:00;17
1999-07-28 22:00:00+00:00;1
2017-11-18 23:00:00+00:00;2
2006-12-06 23:00:00+00:00;2
2027-04-25 11:33:04.166000+00:00;1
2026-12-30 23:00:00+00:00;9
1999-09-21 22:00:00+00:00;1
1982-12-31 23:00:00+00:00;4
2026-12-01 23:00:00+00:00;10
2026-04-24 00:00:00+00:00;5
2011-03-07 23:00:00+00:00;1
2018-11-03 23:00:00+00:00;8
2027-07-31 00:00:00+00:00;2
2010-10-21 22:00:00+00:00;20
2008-11-10 23:00:00+00:00;8
2015-01-24 23:00:00+00:00;9
2003-01-03 23:00:00+00:00;2
2021-03-18 23:00:00+00:00;19
2008-11-28 23:00:00+00:00;8
2004-01-21 23:00:00+00:00;1
2000-07-01 22:00:00+00:00;1
2015-06-04 22:00:00+00:00;10
2012-03-07 23:00:00+00:00;3
2011-05-06 22:00:00+00:00;11
2015-01-25 23:00:00+00:00;5
2026-03-29 23:00:00+00:00;1
1990-03-25 22:00:00+00:00;1
2015-08-19 22:00:00+00:00;8
2004-11-07 23:00:00+00:00;2
1994-11-24 23:00:00+00:00;1
2020-07-14 22:00:00+00:00;8
2002-04-16 22:00:00+00:00;1
2019-05-27 22:00:00+00:00;4
2007-05-11 22:00:00+00:00;8
2010-04-23 22:00:00+00:00;13
2014-01-31 23:00:00+00:00;8
2026-12-28 23:00:00+00:00;1
2010-11-21 23:00:00+00:00;17
2023-05-02 22:00:00+00:00;11
2011-11-15 23:00:00+00:00;9
2003-05-29 22:00:00+00:00;3
2009-11-14 23:00:00+00:00;13
1994-09-23 22:00:00+00:00;2
2012-06-14 22:00:00+00:00;10
2005-10-08 22:00:00+00:00;4
2017-02-06 23:00:00+00:00;20
1988-06-05 22:00:00+00:00;1
2013-12-29 23:00:00+00:00;1
2022-07-04 22:00:00+00:00;3
2027-07-14 08:30:03.612000+00:00;1
2025-11-05 23:00:00+00:00;2
2004-10-15 22:00:00+00:00;3
1999-06-19 22:00:00+00:00;1
2019-08-25 22:00:00+00:00;8
2009-01-08 23:00:00+00:00;8
2007-11-08 23:00:00+00:00;13
2007-05-09 22:00:00+00:00;8
2010-03-13 23:00:00+00:00;14
2006-07-04 22:00:00+00:00;2
2011-10-02 22:00:00+00:00;11
2020-12-03 23:00:00+00:00;13
2020-06-27 22:00:00+00:00;3
2020-03-09 23:00:00+00:00;12
2018-03-09 23:00:00+00:00;2
2004-07-11 22:00:00+00:00;2
2007-10-28 23:00:00+00:00;11
2027-06-24 10:33:31.837000+00:00;1
2023-03-07 23:00:00+00:00;9
2010-07-25 22:00:00+00:00;7
2026-09-15 22:00:00+00:00;5
2011-04-19 22:00:00+00:00;2
2015-12-26 23:00:00+00:00;1
2004-10-17 22:00:00+00:00;3
2027-05-26 12:04:37.109000+00:00;1
2021-10-14 22:00:00+00:00;22
2018-12-08 23:00:00+00:00;5
2008-10-23 22:00:00+00:00;11
2021-07-24 22:00:00+00:00;5
2034-01-16 23:00:00+00:00;1
2019-07-10 22:00:00+00:00;9
2011-05-15 22:00:00+00:00;11
2013-05-03 22:00:00+00:00;18
2021-03-04 23:00:00+00:00;19
2013-03-15 23:00:00+00:00;9
2014-02-16 23:00:00+00:00;8
2008-04-17 22:00:00+00:00;3
2022-09-11 22:00:00+00:00;4
2020-02-20 13:39:36.449475+00:00;1
2011-12-24 23:00:00+00:00;4
2016-09-03 22:00:00+00:00;14
2012-08-17 22:00:00+00:00;10
1995-11-19 23:00:00+00:00;1
2013-05-07 22:00:00+00:00;4
2013-06-04 22:00:00+00:00;2
2010-10-15 22:00:00+00:00;18
2008-04-15 22:00:00+00:00;3
2027-06-24 14:51:19.276000+00:00;1
2019-12-13 23:00:00+00:00;4
2016-09-08 22:00:00+00:00;4
2011-04-26 22:00:00+00:00;5
2006-12-01 23:00:00+00:00;15
2001-05-17 22:00:00+00:00;2
2007-12-28 23:00:00+00:00;1
2026-06-12 22:00:00+00:00;19
2027-05-06 08:29:23.123000+00:00;1
1992-08-15 22:00:00+00:00;1
2024-08-02 22:00:00+00:00;3
2010-01-30 23:00:00+00:00;16
2007-12-24 23:00:00+00:00;1
2002-03-01 23:00:00+00:00;3
2023-03-27 22:00:00+00:00;5
2018-12-12 23:00:00+00:00;10
2001-01-27 23:00:00+00:00;1
2019-12-04 08:43:10.551265+00:00;1
2020-04-18 22:00:00+00:00;4
2018-11-08 23:00:00+00:00;4
2003-03-21 23:00:00+00:00;1
1993-09-15 22:00:00+00:00;1
2016-08-26 22:00:00+00:00;7
2024-12-29 23:00:00+00:00;2
2010-05-10 22:00:00+00:00;5
2020-02-20 10:35:52.845134+00:00;1
1998-04-27 22:00:00+00:00;1
2019-08-13 22:00:00+00:00;8
2019-04-08 22:00:00+00:00;2
2004-07-04 22:00:00+00:00;3
2015-12-01 23:00:00+00:00;8
2015-05-31 22:00:00+00:00;11
1997-01-31 23:00:00+00:00;3
2027-05-19 11:18:25.420000+00:00;1
2021-08-27 22:00:00+00:00;4
2012-02-12 23:00:00+00:00;13
2021-06-09 22:00:00+00:00;8
2008-03-04 23:00:00+00:00;7
1997-09-24 22:00:00+00:00;1
2018-12-26 23:00:00+00:00;2
2016-08-28 22:00:00+00:00;13
2012-09-03 22:00:00+00:00;7
2009-05-14 22:00:00+00:00;15
2020-08-09 22:00:00+00:00;6
2024-12-09 23:00:00+00:00;3
2025-11-02 00:00:00+00:00;1
2026-10-31 23:00:00+00:00;8
2019-09-23 22:00:00+00:00;2
2012-11-20 23:00:00+00:00;6
2009-05-01 22:00:00+00:00;9
2003-06-15 22:00:00+00:00;1
2023-01-12 23:00:00+00:00;13
2022-04-07 22:00:00+00:00;15
2017-12-16 23:00:00+00:00;1
2020-10-18 22:00:00+00:00;4
2025-10-12 22:00:00+00:00;6
2015-05-28 22:00:00+00:00;21
2009-07-02 22:00:00+00:00;9
2022-09-05 22:00:00+00:00;2
2012-07-15 22:00:00+00:00;16
2013-04-30 22:00:00+00:00;6
2012-03-14 23:00:00+00:00;2
2021-02-25 23:00:00+00:00;34
2006-12-14 23:00:00+00:00;7
2021-06-10 22:00:00+00:00;11
2020-07-22 22:00:00+00:00;6
2023-06-22 22:00:00+00:00;10
2009-03-27 23:00:00+00:00;13
2020-02-12 23:00:00+00:00;10
2013-07-14 22:00:00+00:00;23
2020-12-13 23:00:00+00:00;14
2017-01-17 23:00:00+00:00;9
2023-12-13 23:00:00+00:00;7
2013-02-11 23:00:00+00:00;20
2027-03-04 06:40:33.595860+00:00;1
2006-01-02 23:00:00+00:00;1
2004-10-09 22:00:00+00:00;3
2024-09-01 22:00:00+00:00;6
2009-05-31 22:00:00+00:00;13
2005-12-07 23:00:00+00:00;3
2016-10-25 22:00:00+00:00;15
2005-04-09 22:00:00+00:00;1
2003-10-09 22:00:00+00:00;1
2017-05-01 22:00:00+00:00;17
2011-12-14 23:00:00+00:00;8
2006-04-03 22:00:00+00:00;1
2017-02-13 23:00:00+00:00;18
2006-06-28 22:00:00+00:00;3
2018-11-24 23:00:00+00:00;3
2021-07-27 22:00:00+00:00;7
2026-09-18 22:00:00+00:00;14
2016-11-25 23:00:00+00:00;9
2014-06-08 22:00:00+00:00;14
2020-10-12 22:00:00+00:00;3
2019-07-30 22:00:00+00:00;45
2018-11-28 23:00:00+00:00;9
2014-02-28 23:00:00+00:00;10
2019-06-02 22:00:00+00:00;3
2021-12-30 23:00:00+00:00;198
2026-04-17 22:00:00+00:00;7
2004-09-26 22:00:00+00:00;1
2020-12-26 23:00:00+00:00;2
2022-04-03 22:00:00+00:00;11
2019-11-27 10:10:42.155430+00:00;1
2005-05-06 22:00:00+00:00;3
2025-03-15 00:00:00+00:00;1
2016-02-26 23:00:00+00:00;14
2004-06-02 22:00:00+00:00;1
2021-04-10 22:00:00+00:00;4
2013-12-05 23:00:00+00:00;19
2018-03-03 23:00:00+00:00;3
2016-01-25 23:00:00+00:00;11
2026-05-21 00:00:00+00:00;1
2023-09-06 22:00:00+00:00;7
2029-10-08 22:00:00+00:00;1
2025-01-23 23:00:00+00:00;6
2016-08-06 22:00:00+00:00;2
1997-03-22 23:00:00+00:00;2
2007-06-19 22:00:00+00:00;3
2027-06-10 14:16:34.432000+00:00;1
2012-08-03 22:00:00+00:00;9
2022-07-26 22:00:00+00:00;11
2014-01-27 23:00:00+00:00;14
2034-12-15 23:00:00+00:00;1
2016-07-19 22:00:00+00:00;11
2021-12-28 23:00:00+00:00;2
2024-07-13 22:00:00+00:00;4
2009-11-20 23:00:00+00:00;9
2024-11-26 23:00:00+00:00;3
2007-08-08 22:00:00+00:00;3
2003-02-14 23:00:00+00:00;3
2007-09-10 22:00:00+00:00;1
2006-12-09 23:00:00+00:00;8
2027-07-07 00:00:00+00:00;9
2026-09-22 22:00:00+00:00;13
2009-12-02 23:00:00+00:00;1
2008-08-01 22:00:00+00:00;5
2024-04-05 22:00:00+00:00;2
2021-12-25 23:00:00+00:00;3
2003-03-27 23:00:00+00:00;2
2025-11-07 23:00:00+00:00;7
2016-09-29 22:00:00+00:00;34
2011-07-29 22:00:00+00:00;12
2020-12-16 23:00:00+00:00;10
2018-01-25 23:00:00+00:00;13
2014-01-13 23:00:00+00:00;15
2013-07-04 22:00:00+00:00;8
2002-03-28 23:00:00+00:00;3
2011-08-16 22:00:00+00:00;3
2021-07-03 22:00:00+00:00;4
2026-03-05 23:00:00+00:00;7
1991-03-05 23:00:00+00:00;1
2012-07-28 22:00:00+00:00;35
2011-02-14 23:00:00+00:00;2
2008-06-14 22:00:00+00:00;6
2006-04-23 22:00:00+00:00;9
2021-11-12 23:00:00+00:00;3
2009-03-07 23:00:00+00:00;15
2020-01-11 23:00:00+00:00;3
2018-08-29 22:00:00+00:00;12
2014-03-04 23:00:00+00:00;1
2004-06-29 22:00:00+00:00;3
2018-10-25 22:00:00+00:00;16
2011-06-29 22:00:00+00:00;8
2024-11-17 00:00:00+00:00;2
2009-03-24 23:00:00+00:00;3
2025-05-21 22:00:00+00:00;7
2023-04-28 22:00:00+00:00;5
2018-03-26 22:00:00+00:00;4
1995-04-05 22:00:00+00:00;1
2007-05-01 22:00:00+00:00;7
2027-07-16 14:33:10.507000+00:00;1
2019-03-16 23:00:00+00:00;4
2025-11-29 23:00:00+00:00;10
2022-08-25 22:00:00+00:00;18
1988-04-27 22:00:00+00:00;1
2009-02-27 23:00:00+00:00;12
2018-03-29 22:00:00+00:00;20
2018-10-31 23:00:00+00:00;14
2006-07-13 22:00:00+00:00;2
2023-01-22 23:00:00+00:00;5
2010-10-23 22:00:00+00:00;11
2002-09-23 22:00:00+00:00;1
2027-05-19 11:25:51.297000+00:00;1
2035-04-24 22:00:00+00:00;1
2008-07-30 22:00:00+00:00;6
1999-09-02 22:00:00+00:00;1
1992-12-02 23:00:00+00:00;2
2027-07-01 12:39:56.983000+00:00;1
2018-10-11 22:00:00+00:00;10
2027-07-10 10:09:17.907000+00:00;1
2026-08-10 22:00:00+00:00;1
1972-10-29 23:00:00+00:00;1
2007-09-08 22:00:00+00:00;9
2020-05-31 22:00:00+00:00;13
2016-12-27 23:00:00+00:00;3
2012-08-16 22:00:00+00:00;6
1998-05-14 22:00:00+00:00;1
2025-04-05 22:00:00+00:00;2
2014-09-06 22:00:00+00:00;11
2023-11-02 23:00:00+00:00;9
2023-01-03 23:00:00+00:00;6
1991-06-08 22:00:00+00:00;1
2005-05-04 22:00:00+00:00;1
2022-09-01 22:00:00+00:00;16
2025-11-08 23:00:00+00:00;7
2004-08-05 22:00:00+00:00;1
2006-02-11 23:00:00+00:00;2
2022-11-20 23:00:00+00:00;5
2002-05-24 22:00:00+00:00;1
2003-12-12 23:00:00+00:00;3
2017-10-03 22:00:00+00:00;5
1985-07-14 22:00:00+00:00;1
2013-03-12 23:00:00+00:00;9
2001-04-26 22:00:00+00:00;2
2012-03-13 23:00:00+00:00;2
2020-04-17 22:00:00+00:00;5
2005-06-28 22:00:00+00:00;1
1989-12-31 23:00:00+00:00;33
2021-05-19 22:00:00+00:00;10
2010-01-11 23:00:00+00:00;6
2018-11-11 23:00:00+00:00;7
2007-05-13 22:00:00+00:00;5
2025-05-07 22:00:00+00:00;2
2020-02-27 07:34:45.727360+00:00;1
2011-11-19 23:00:00+00:00;3
2025-11-23 23:00:00+00:00;11
2019-08-10 22:00:00+00:00;4
2004-04-08 22:00:00+00:00;1
2033-01-30 23:00:00+00:00;1
2006-03-10 23:00:00+00:00;6
1999-01-31 23:00:00+00:00;1
2007-07-24 22:00:00+00:00;2
2025-01-02 23:00:00+00:00;1
1999-06-16 22:00:00+00:00;1
2008-05-30 22:00:00+00:00;13
2011-07-12 22:00:00+00:00;2
2017-12-18 23:00:00+00:00;8
2006-04-19 22:00:00+00:00;12
2015-12-17 23:00:00+00:00;14
2013-08-23 22:00:00+00:00;15
2010-08-28 22:00:00+00:00;7
2003-07-08 22:00:00+00:00;1
2010-03-29 22:00:00+00:00;3
2007-06-14 22:00:00+00:00;5
2027-05-02 08:18:46.138000+00:00;1
2008-03-27 23:00:00+00:00;13
2007-06-10 22:00:00+00:00;18
2019-02-16 23:00:00+00:00;1
2003-10-01 22:00:00+00:00;2
2027-04-17 12:51:09.258000+00:00;1
1988-06-29 22:00:00+00:00;1
2011-04-11 22:00:00+00:00;1
2025-02-13 23:00:00+00:00;13
2016-11-27 23:00:00+00:00;9
2025-03-23 23:00:00+00:00;6
2022-03-02 23:00:00+00:00;9
2024-01-08 23:00:00+00:00;4
2022-01-26 23:00:00+00:00;9
2035-05-17 22:00:00+00:00;1
2021-10-06 22:00:00+00:00;7
1984-01-05 23:00:00+00:00;2
2002-02-19 23:00:00+00:00;1
2027-05-27 07:46:45.725000+00:00;1
2020-08-19 22:00:00+00:00;2
2016-06-06 22:00:00+00:00;28
2018-05-18 22:00:00+00:00;2
2007-07-16 22:00:00+00:00;1
2018-09-12 22:00:00+00:00;12
2012-12-18 23:00:00+00:00;2
2026-06-26 22:00:00+00:00;5
2026-03-30 22:00:00+00:00;6
2005-06-02 22:00:00+00:00;2
2023-08-22 22:00:00+00:00;2
2020-10-30 23:00:00+00:00;26
2009-06-15 22:00:00+00:00;15
1999-03-02 23:00:00+00:00;1
1999-09-07 22:00:00+00:00;1
2010-03-17 23:00:00+00:00;16
2001-05-10 22:00:00+00:00;2
2023-07-25 22:00:00+00:00;5
2025-01-31 23:00:00+00:00;13
2027-06-27 07:09:25.025000+00:00;1
2008-09-30 22:00:00+00:00;4
2019-11-22 23:00:00+00:00;7
2012-11-25 23:00:00+00:00;16
2030-09-14 22:00:00+00:00;1
2025-06-29 22:00:00+00:00;17
2027-05-07 13:14:42.092000+00:00;1
2008-10-09 22:00:00+00:00;7
2005-04-11 22:00:00+00:00;2
2012-10-10 22:00:00+00:00;6
2003-12-13 23:00:00+00:00;3
2024-09-21 22:00:00+00:00;4
2027-06-02 06:59:19.321000+00:00;1
2017-11-30 23:00:00+00:00;25
2012-07-13 22:00:00+00:00;9
1993-08-13 22:00:00+00:00;1
2027-07-03 12:16:42.335000+00:00;1
2026-10-27 23:00:00+00:00;8
2019-12-08 23:00:00+00:00;4
2007-07-22 22:00:00+00:00;13
2016-12-02 23:00:00+00:00;15
2022-02-01 23:00:00+00:00;10
2010-06-26 22:00:00+00:00;9
1931-01-05 23:00:00+00:00;5
2015-08-21 22:00:00+00:00;9
2008-10-05 22:00:00+00:00;11
2009-02-25 23:00:00+00:00;1
2008-10-26 23:00:00+00:00;11
2007-08-19 22:00:00+00:00;8
2002-04-30 22:00:00+00:00;39
2018-06-28 22:00:00+00:00;31
2016-03-04 23:00:00+00:00;6
2027-07-11 10:43:52.058000+00:00;1
2023-08-07 22:00:00+00:00;2
2022-08-28 22:00:00+00:00;4
1984-05-13 22:00:00+00:00;1
1985-08-14 22:00:00+00:00;1
2022-10-31 23:00:00+00:00;27
2008-12-12 23:00:00+00:00;13
2027-03-04 19:35:21.839205+00:00;1
2005-02-19 23:00:00+00:00;9
2000-01-31 23:00:00+00:00;11
2008-02-04 23:00:00+00:00;2
2008-03-21 23:00:00+00:00;13
2005-03-10 23:00:00+00:00;6
2023-02-15 23:00:00+00:00;8
2005-06-04 22:00:00+00:00;4
2008-05-27 22:00:00+00:00;5
2002-09-19 22:00:00+00:00;4
2021-05-28 22:00:00+00:00;8
2017-02-17 23:00:00+00:00;9
1995-04-12 22:00:00+00:00;1
2025-02-16 00:00:00+00:00;1
2008-11-06 23:00:00+00:00;14
2024-03-14 23:00:00+00:00;11
2019-07-26 22:00:00+00:00;2
2012-12-07 23:00:00+00:00;14
2024-02-10 23:00:00+00:00;5
2005-03-05 23:00:00+00:00;7
2001-02-24 23:00:00+00:00;2
2002-03-29 23:00:00+00:00;1
2012-10-15 22:00:00+00:00;8
2026-12-19 23:00:00+00:00;9
2033-07-05 22:00:00+00:00;2
1997-05-07 22:00:00+00:00;1
2008-05-09 22:00:00+00:00;10
1999-12-14 23:00:00+00:00;2
2010-12-16 23:00:00+00:00;16
2024-03-02 23:00:00+00:00;4
2012-07-17 22:00:00+00:00;3
2004-06-26 22:00:00+00:00;2
2026-09-17 22:00:00+00:00;14
2027-07-09 06:10:51.589000+00:00;1
2024-12-27 23:00:00+00:00;2
2023-08-05 22:00:00+00:00;4
2021-08-28 22:00:00+00:00;4
2006-11-30 23:00:00+00:00;5
2008-03-23 23:00:00+00:00;10
2024-04-17 22:00:00+00:00;3
1987-08-06 22:00:00+00:00;1
1997-10-16 22:00:00+00:00;1
2012-10-18 22:00:00+00:00;11
2019-01-29 07:14:50.270486+00:00;48
1993-06-30 22:00:00+00:00;1
2004-04-03 22:00:00+00:00;3
2025-12-10 23:00:00+00:00;7
2024-08-29 22:00:00+00:00;25
2026-05-29 22:00:00+00:00;13
2015-10-18 22:00:00+00:00;21
2020-12-15 23:00:00+00:00;4
2012-10-20 22:00:00+00:00;28
2026-07-04 22:00:00+00:00;6
2025-07-19 22:00:00+00:00;14
2017-08-15 22:00:00+00:00;7
2018-08-25 22:00:00+00:00;2
2011-06-20 22:00:00+00:00;3
2022-01-16 23:00:00+00:00;7
2011-02-23 23:00:00+00:00;7
2026-04-18 22:00:00+00:00;6
2016-09-28 22:00:00+00:00;12
2027-07-22 11:34:47.722000+00:00;1
2006-03-18 23:00:00+00:00;6
2027-07-09 08:02:04.119000+00:00;1
2013-05-01 22:00:00+00:00;6
2010-07-08 22:00:00+00:00;22
2025-03-22 23:00:00+00:00;6
2009-06-01 22:00:00+00:00;10
2026-08-01 22:00:00+00:00;8
2015-08-13 22:00:00+00:00;9
2024-07-24 22:00:00+00:00;9
2026-05-21 22:00:00+00:00;11
2016-05-11 22:00:00+00:00;12
2024-11-23 23:00:00+00:00;4
2017-01-06 23:00:00+00:00;9
2027-06-27 15:24:42.735000+00:00;1
2008-05-24 22:00:00+00:00;15
2017-04-15 22:00:00+00:00;15
2007-10-17 22:00:00+00:00;9
2013-05-27 22:00:00+00:00;13
2007-07-19 22:00:00+00:00;7
2026-02-07 12:55:24.633739+00:00;1
2023-10-05 22:00:00+00:00;10
2012-02-22 23:00:00+00:00;7
1996-09-21 22:00:00+00:00;2
2013-08-18 22:00:00+00:00;14
2014-02-08 23:00:00+00:00;16
2024-03-26 23:00:00+00:00;6
2012-07-24 22:00:00+00:00;4
2027-01-29 00:00:00+00:00;1
2013-09-04 22:00:00+00:00;2
2009-09-18 22:00:00+00:00;10
2024-01-16 23:00:00+00:00;6
2022-11-17 23:00:00+00:00;18
2018-04-06 22:00:00+00:00;2
2007-02-19 23:00:00+00:00;5
2015-10-09 22:00:00+00:00;15
2022-02-22 23:00:00+00:00;8
2012-03-01 23:00:00+00:00;14
2025-09-21 23:00:00+00:00;1
2023-07-06 22:00:00+00:00;7
2025-01-16 23:00:00+00:00;4
2016-01-19 23:00:00+00:00;7
2025-12-03 00:00:00+00:00;1
2012-10-31 23:00:00+00:00;2
1995-05-31 22:00:00+00:00;31
1996-05-15 22:00:00+00:00;3
2018-04-02 22:00:00+00:00;5
2007-10-07 22:00:00+00:00;7
2014-11-26 23:00:00+00:00;9
2916-03-27 23:00:00+00:00;1
2019-10-22 08:44:16.254676+00:00;1
2019-01-03 23:00:00+00:00;7
2001-11-28 23:00:00+00:00;1
1993-12-31 23:00:00+00:00;13
2005-12-17 23:00:00+00:00;3
2013-05-14 22:00:00+00:00;8
2027-06-19 13:17:07.867000+00:00;1
2014-08-19 22:00:00+00:00;4
1988-05-25 22:00:00+00:00;1
2006-05-10 22:00:00+00:00;6
2008-06-30 22:00:00+00:00;9
2019-11-14 12:30:17.870905+00:00;1
2010-09-25 22:00:00+00:00;15
2021-07-08 22:00:00+00:00;14
2002-08-02 22:00:00+00:00;1
2026-10-29 00:00:00+00:00;1
2006-01-23 23:00:00+00:00;4
2011-11-26 23:00:00+00:00;12
2009-11-08 23:00:00+00:00;10
2024-02-20 23:00:00+00:00;13
2015-02-17 23:00:00+00:00;3
2011-04-09 22:00:00+00:00;8
2025-05-09 22:00:00+00:00;2
2011-09-27 22:00:00+00:00;2
2005-11-22 23:00:00+00:00;6
2006-06-05 22:00:00+00:00;2
2015-06-29 22:00:00+00:00;12
2026-05-26 22:00:00+00:00;8
2027-03-31 11:14:29.097729+00:00;1
2023-10-10 22:00:00+00:00;2
2025-08-23 22:00:00+00:00;11
2010-05-08 22:00:00+00:00;13
2027-06-24 07:57:51.560000+00:00;1
2025-12-18 23:00:00+00:00;17
2021-02-06 23:00:00+00:00;1
2018-07-09 22:00:00+00:00;16
2008-05-08 22:00:00+00:00;12
2010-02-21 23:00:00+00:00;17
1961-07-30 23:00:00+00:00;1
2011-11-08 23:00:00+00:00;1
2016-05-13 22:00:00+00:00;11
1997-06-05 22:00:00+00:00;2
2025-01-24 23:00:00+00:00;8
2020-05-04 22:00:00+00:00;3
2012-07-30 22:00:00+00:00;14
2018-12-22 23:00:00+00:00;2
2010-12-04 23:00:00+00:00;11
2025-06-06 22:00:00+00:00;9
2017-01-07 23:00:00+00:00;9
2019-05-02 22:00:00+00:00;6
2004-09-11 22:00:00+00:00;6
2023-03-12 23:00:00+00:00;4
2000-11-29 23:00:00+00:00;1
2007-04-13 22:00:00+00:00;9
2006-12-31 23:00:00+00:00;1
2009-08-03 22:00:00+00:00;14
2018-05-20 22:00:00+00:00;1
2020-02-27 08:54:04.502331+00:00;1
2023-06-21 22:00:00+00:00;13
2025-05-15 22:00:00+00:00;6
2014-03-03 23:00:00+00:00;4
2010-10-30 22:00:00+00:00;9
2017-11-04 23:00:00+00:00;1
2020-07-28 22:00:00+00:00;7
2023-06-20 22:00:00+00:00;5
2012-01-27 23:00:00+00:00;13
1998-05-13 22:00:00+00:00;3
2027-02-17 00:00:00+00:00;1
2023-11-08 23:00:00+00:00;8
2014-07-11 22:00:00+00:00;8
2003-08-15 22:00:00+00:00;2
2007-10-09 22:00:00+00:00;1
2024-10-19 22:00:00+00:00;3
2023-11-20 23:00:00+00:00;2
1992-01-05 23:00:00+00:00;6
2027-02-27 00:00:00+00:00;2
2015-03-26 23:00:00+00:00;10
2016-07-04 22:00:00+00:00;16
2003-05-22 22:00:00+00:00;2
2017-04-29 22:00:00+00:00;35
2010-01-21 23:00:00+00:00;14
2006-03-04 23:00:00+00:00;6
2008-02-01 23:00:00+00:00;20
2015-05-20 22:00:00+00:00;8
2011-08-04 22:00:00+00:00;9
2027-04-24 06:51:57.418000+00:00;1
2017-03-26 22:00:00+00:00;10
2012-11-29 23:00:00+00:00;9
2007-10-27 22:00:00+00:00;11
2000-02-29 23:00:00+00:00;2
2024-01-10 23:00:00+00:00;6
2026-07-10 22:00:00+00:00;7
2021-08-26 22:00:00+00:00;25
2021-08-03 22:00:00+00:00;4
2013-03-31 22:00:00+00:00;11
2019-07-14 22:00:00+00:00;5
2004-07-13 22:00:00+00:00;1
2009-08-02 22:00:00+00:00;8
1996-03-31 22:00:00+00:00;3
2002-12-04 23:00:00+00:00;2
2012-08-29 22:00:00+00:00;2
2012-01-04 23:00:00+00:00;6
2021-05-16 22:00:00+00:00;7
2000-04-27 22:00:00+00:00;1
2002-06-21 22:00:00+00:00;1
2008-05-17 22:00:00+00:00;12
2014-03-20 23:00:00+00:00;14
2015-10-25 23:00:00+00:00;12
2024-06-14 22:00:00+00:00;8
2014-04-03 22:00:00+00:00;8
2025-01-15 23:00:00+00:00;2
2012-12-30 23:00:00+00:00;2
2008-01-28 23:00:00+00:00;2
2006-11-07 23:00:00+00:00;5
2012-08-07 22:00:00+00:00;2
1992-04-04 22:00:00+00:00;1
2005-06-25 22:00:00+00:00;3
2022-12-14 23:00:00+00:00;12
2013-08-17 22:00:00+00:00;13
2025-07-15 22:00:00+00:00;1
2006-05-06 22:00:00+00:00;8
2015-10-28 23:00:00+00:00;22
2016-04-06 22:00:00+00:00;12
2008-06-21 22:00:00+00:00;10
2008-05-26 22:00:00+00:00;3
2018-01-28 23:00:00+00:00;8
2023-10-04 22:00:00+00:00;13
2011-12-13 23:00:00+00:00;2
2025-09-18 22:00:00+00:00;8
2025-05-23 22:00:00+00:00;8
2005-11-17 23:00:00+00:00;3
2026-10-09 22:00:00+00:00;6
2022-08-24 22:00:00+00:00;6
2011-05-24 22:00:00+00:00;8
2014-10-26 23:00:00+00:00;6
2007-01-18 23:00:00+00:00;3
2017-07-07 22:00:00+00:00;4
2026-06-17 22:00:00+00:00;5
2025-02-20 23:00:00+00:00;8
2002-03-07 23:00:00+00:00;1
2022-10-25 22:00:00+00:00;8
2008-11-08 23:00:00+00:00;16
2003-12-10 23:00:00+00:00;2
2009-04-23 22:00:00+00:00;9
2016-02-15 23:00:00+00:00;13
2005-10-15 22:00:00+00:00;3
2018-09-30 22:00:00+00:00;16
2017-08-26 22:00:00+00:00;2
2026-12-15 23:00:00+00:00;10
2008-10-13 22:00:00+00:00;5
2016-01-20 23:00:00+00:00;10
2019-03-01 23:00:00+00:00;3
2012-11-08 23:00:00+00:00;13
2006-03-20 23:00:00+00:00;2
2024-10-26 22:00:00+00:00;4
1977-11-30 23:00:00+00:00;1
2019-08-22 22:00:00+00:00;16
2005-06-09 22:00:00+00:00;2
2005-05-05 22:00:00+00:00;3
2021-05-10 22:00:00+00:00;3
2023-04-11 22:00:00+00:00;4
2017-04-03 22:00:00+00:00;33
2015-07-08 22:00:00+00:00;10
2011-03-21 23:00:00+00:00;4
2015-08-23 22:00:00+00:00;16
2018-02-24 23:00:00+00:00;3
2023-07-17 22:00:00+00:00;6
2025-01-04 23:00:00+00:00;4
2022-07-13 22:00:00+00:00;7
2025-11-14 23:00:00+00:00;10
2024-10-20 22:00:00+00:00;8
2017-01-23 23:00:00+00:00;21
2011-03-13 23:00:00+00:00;5
2010-02-06 23:00:00+00:00;9
2019-12-03 14:06:57.997359+00:00;1
2022-11-04 23:00:00+00:00;2
2017-01-01 23:00:00+00:00;15
2011-04-21 22:00:00+00:00;7
2013-09-14 22:00:00+00:00;6
2027-07-01 09:13:14.201000+00:00;1
2020-04-10 22:00:00+00:00;3
2010-08-22 22:00:00+00:00;12
2025-10-07 22:00:00+00:00;4
2021-08-22 22:00:00+00:00;9
2003-09-29 22:00:00+00:00;1
2006-02-07 23:00:00+00:00;2
2021-07-09 22:00:00+00:00;3
2032-04-16 22:00:00+00:00;1
2005-05-09 22:00:00+00:00;4
2010-02-14 23:00:00+00:00;20
2032-05-17 22:00:00+00:00;10
2002-10-03 22:00:00+00:00;2
2010-06-13 22:00:00+00:00;14
2025-03-13 23:00:00+00:00;13
2026-10-01 22:00:00+00:00;8
2017-10-19 22:00:00+00:00;14
2016-08-21 22:00:00+00:00;12
2008-02-05 23:00:00+00:00;2
2013-08-26 22:00:00+00:00;9
2012-04-03 22:00:00+00:00;4
2024-12-03 23:00:00+00:00;3
2024-02-03 23:00:00+00:00;2
2016-12-05 23:00:00+00:00;19
2025-11-16 23:00:00+00:00;9
2015-02-03 23:00:00+00:00;3
2003-05-01 22:00:00+00:00;2
2002-11-29 23:00:00+00:00;6
2025-11-22 23:00:00+00:00;8
1999-07-16 22:00:00+00:00;2
2017-05-07 22:00:00+00:00;11
2019-09-06 22:00:00+00:00;3
2027-02-04 23:00:00+00:00;15
2022-02-24 23:00:00+00:00;32
2008-01-30 23:00:00+00:00;7
2010-01-13 23:00:00+00:00;3
2027-02-07 00:00:00+00:00;1
2027-03-31 00:00:00+00:00;9
2021-01-28 23:00:00+00:00;36
2022-01-17 23:00:00+00:00;7
2020-01-08 23:00:00+00:00;7
2007-06-13 22:00:00+00:00;6
1994-10-18 23:00:00+00:00;1
2015-05-02 22:00:00+00:00;17
2007-04-22 22:00:00+00:00;10
2019-12-04 13:54:04.118749+00:00;1
2008-02-03 23:00:00+00:00;14
2014-11-06 23:00:00+00:00;7
2030-04-16 22:00:00+00:00;1
2014-06-19 22:00:00+00:00;23
2000-09-21 22:00:00+00:00;1
2023-11-30 23:00:00+00:00;33
2000-10-22 22:00:00+00:00;1
2011-11-27 23:00:00+00:00;3
2027-07-22 07:02:31.096000+00:00;1
2008-08-28 22:00:00+00:00;9
2025-04-11 22:00:00+00:00;8
2008-06-12 22:00:00+00:00;11
2027-07-07 13:35:26.003000+00:00;1
2016-05-06 22:00:00+00:00;12
2012-05-19 22:00:00+00:00;13
2002-08-13 22:00:00+00:00;1
1981-01-30 23:00:00+00:00;1
2022-07-05 22:00:00+00:00;9
2006-07-02 22:00:00+00:00;3
2004-12-01 23:00:00+00:00;5
2007-09-01 22:00:00+00:00;8
2011-05-25 22:00:00+00:00;7
2020-03-16 23:00:00+00:00;3
2020-03-25 23:00:00+00:00;12
2025-10-20 22:00:00+00:00;1
2024-11-25 23:00:00+00:00;2
2020-02-27 07:17:37.276615+00:00;1
1998-05-31 22:00:00+00:00;3
2006-09-29 22:00:00+00:00;2
1989-08-31 22:00:00+00:00;5
2008-12-22 23:00:00+00:00;13
1994-03-31 22:00:00+00:00;2
2018-10-10 22:00:00+00:00;11
2015-05-17 22:00:00+00:00;10
2021-01-05 23:00:00+00:00;7
2009-01-24 23:00:00+00:00;8
1990-04-17 22:00:00+00:00;1
2023-08-11 22:00:00+00:00;4
2020-03-20 23:00:00+00:00;6
2020-08-20 22:00:00+00:00;10
2025-01-13 23:00:00+00:00;1
2021-02-19 23:00:00+00:00;4
2017-03-10 23:00:00+00:00;9
1994-12-05 23:00:00+00:00;1
2018-06-16 22:00:00+00:00;3
2018-03-08 23:00:00+00:00;14
2020-03-04 23:00:00+00:00;3
2006-12-17 23:00:00+00:00;11
1996-05-10 22:00:00+00:00;1
2006-02-03 23:00:00+00:00;5
2025-02-22 00:00:00+00:00;2
2000-03-01 23:00:00+00:00;5
2001-07-31 22:00:00+00:00;3
2021-11-30 23:00:00+00:00;23
2020-08-03 22:00:00+00:00;5
1998-09-30 22:00:00+00:00;3
2009-03-30 22:00:00+00:00;15
2027-04-07 00:00:00+00:00;14
1994-05-31 22:00:00+00:00;1
2006-11-01 23:00:00+00:00;17
2018-07-01 22:00:00+00:00;5
2021-05-22 22:00:00+00:00;2
2021-11-09 23:00:00+00:00;6
2021-08-25 22:00:00+00:00;1
2017-06-19 22:00:00+00:00;5
2017-11-15 23:00:00+00:00;10
2022-05-23 22:00:00+00:00;6
2015-03-04 23:00:00+00:00;7
2021-10-02 22:00:00+00:00;1
2010-01-26 23:00:00+00:00;10
2004-05-29 22:00:00+00:00;2
1992-04-05 22:00:00+00:00;1
2013-02-26 23:00:00+00:00;1
2021-09-19 22:00:00+00:00;9
2018-06-24 22:00:00+00:00;4
2007-02-06 23:00:00+00:00;1
2024-08-18 22:00:00+00:00;11
2011-05-16 22:00:00+00:00;5
2018-02-21 23:00:00+00:00;10
2012-10-02 22:00:00+00:00;9
2020-02-21 09:39:32.964781+00:00;1
2027-03-07 23:00:00+00:00;1
2020-01-07 23:00:00+00:00;10
2027-05-17 22:00:00+00:00;23
2010-12-23 23:00:00+00:00;6
2011-01-09 23:00:00+00:00;8
2021-03-25 23:00:00+00:00;14
2017-09-29 22:00:00+00:00;19
2020-02-27 07:48:41.943318+00:00;1
2007-06-29 22:00:00+00:00;6
2024-06-20 22:00:00+00:00;14
2016-11-20 23:00:00+00:00;18
2006-12-19 23:00:00+00:00;2
2003-05-28 22:00:00+00:00;1
1995-07-04 22:00:00+00:00;1
2023-05-01 22:00:00+00:00;1
2013-04-23 22:00:00+00:00;3
2008-01-02 23:00:00+00:00;2
1993-09-22 22:00:00+00:00;1
2011-06-09 22:00:00+00:00;4
2005-03-16 23:00:00+00:00;5
2010-07-16 22:00:00+00:00;16
2009-10-03 22:00:00+00:00;10
2012-07-03 22:00:00+00:00;9
2011-01-13 23:00:00+00:00;11
2014-11-17 23:00:00+00:00;5
2015-06-28 22:00:00+00:00;7
1996-03-14 23:00:00+00:00;2
2004-04-24 22:00:00+00:00;1
2006-01-03 23:00:00+00:00;2
2007-01-20 23:00:00+00:00;6
2018-05-09 22:00:00+00:00;12
2007-07-02 22:00:00+00:00;2
2004-03-19 23:00:00+00:00;2
1994-09-20 22:00:00+00:00;4
2025-06-25 22:00:00+00:00;10
2023-08-03 22:00:00+00:00;12
1990-01-31 23:00:00+00:00;1
2004-12-04 23:00:00+00:00;2
2008-02-09 23:00:00+00:00;13
2022-12-28 23:00:00+00:00;14
2024-07-30 22:00:00+00:00;32
1992-09-16 22:00:00+00:00;1
2018-11-12 23:00:00+00:00;15
2014-05-02 22:00:00+00:00;14
1955-08-15 23:00:00+00:00;1
2015-09-06 22:00:00+00:00;12
2027-06-26 00:00:00+00:00;4
2027-06-10 09:28:31.106000+00:00;1
2014-09-02 22:00:00+00:00;6
2010-04-30 22:00:00+00:00;2
2021-01-17 23:00:00+00:00;9
2026-02-12 23:00:00+00:00;7
2021-09-10 22:00:00+00:00;7
2017-03-22 23:00:00+00:00;8
2005-12-15 23:00:00+00:00;8
2002-04-20 22:00:00+00:00;1
2023-09-16 22:00:00+00:00;3
2024-05-09 22:00:00+00:00;10
2008-09-01 22:00:00+00:00;14
1985-09-17 22:00:00+00:00;1
2016-04-03 22:00:00+00:00;19
1995-03-31 22:00:00+00:00;1
2022-08-10 22:00:00+00:00;8
2023-02-22 23:00:00+00:00;14
2012-08-30 22:00:00+00:00;15
2003-12-17 23:00:00+00:00;2
2025-01-06 23:00:00+00:00;3
2003-11-19 23:00:00+00:00;1
2034-08-15 22:00:00+00:00;3
2016-09-26 22:00:00+00:00;20
2005-06-26 22:00:00+00:00;5
2026-03-10 23:00:00+00:00;5
2017-03-09 23:00:00+00:00;13
2017-10-12 22:00:00+00:00;6
2023-03-23 23:00:00+00:00;10
2024-08-22 22:00:00+00:00;13
2016-11-16 23:00:00+00:00;13
2001-12-13 23:00:00+00:00;1
2024-09-09 22:00:00+00:00;1
2009-10-26 23:00:00+00:00;22
1998-08-19 22:00:00+00:00;1
2007-01-13 23:00:00+00:00;9
2026-06-19 22:00:00+00:00;7
2007-08-09 22:00:00+00:00;9
2015-04-16 22:00:00+00:00;9
2005-03-29 22:00:00+00:00;3
2003-10-23 22:00:00+00:00;1
2027-01-21 00:00:00+00:00;3
2026-12-05 23:00:00+00:00;5
2027-06-19 10:22:14.073000+00:00;1
2020-02-20 08:48:15.576588+00:00;1
2014-05-24 22:00:00+00:00;10
2012-11-07 23:00:00+00:00;6
2005-03-30 22:00:00+00:00;5
2013-04-05 22:00:00+00:00;4
2005-11-21 23:00:00+00:00;2
2011-08-30 22:00:00+00:00;9
2010-01-02 23:00:00+00:00;6
2009-04-15 22:00:00+00:00;2
2005-09-19 22:00:00+00:00;4
2019-06-24 22:00:00+00:00;5
2016-04-24 22:00:00+00:00;22
2021-09-02 22:00:00+00:00;17
2022-06-06 22:00:00+00:00;1
2022-04-26 22:00:00+00:00;3
2023-01-16 23:00:00+00:00;8
2006-12-08 23:00:00+00:00;7
2003-12-31 23:00:00+00:00;38
2023-03-19 23:00:00+00:00;10
2010-10-29 22:00:00+00:00;12
2008-03-14 23:00:00+00:00;11
2016-04-21 22:00:00+00:00;13
2019-11-27 13:41:00.241440+00:00;1
2012-07-19 22:00:00+00:00;10
2009-07-27 22:00:00+00:00;11
1996-05-30 22:00:00+00:00;1
2026-05-05 22:00:00+00:00;11
2018-08-31 22:00:00+00:00;7
2027-07-04 00:00:00+00:00;4
2020-10-16 22:00:00+00:00;1
2003-05-07 22:00:00+00:00;1
2022-12-17 23:00:00+00:00;5
2024-12-16 23:00:00+00:00;3
2016-08-09 22:00:00+00:00;9
2026-01-16 00:00:00+00:00;1
2009-06-09 22:00:00+00:00;5
2005-05-29 22:00:00+00:00;1
2020-09-09 22:00:00+00:00;6
2014-02-14 23:00:00+00:00;13
2027-07-01 14:05:13.648000+00:00;1
2009-12-17 23:00:00+00:00;9
2016-09-09 22:00:00+00:00;11
2005-10-04 22:00:00+00:00;2
2006-08-13 22:00:00+00:00;4
2027-02-05 23:00:00+00:00;8
2004-08-29 22:00:00+00:00;3
2020-12-22 23:00:00+00:00;10
2026-08-26 22:00:00+00:00;7
2026-03-01 00:00:00+00:00;5
2023-01-23 23:00:00+00:00;7
2024-10-17 12:15:58.726927+00:00;1
2026-08-08 22:00:00+00:00;6
2013-05-02 22:00:00+00:00;10
2015-05-11 22:00:00+00:00;5
2012-10-14 22:00:00+00:00;10
2010-11-14 23:00:00+00:00;15
2026-11-04 23:00:00+00:00;9
2014-04-26 22:00:00+00:00;17
2025-09-07 22:00:00+00:00;8
2020-11-16 23:00:00+00:00;4
2007-07-25 22:00:00+00:00;9
2014-09-19 22:00:00+00:00;15
2020-09-05 22:00:00+00:00;4
2008-03-17 23:00:00+00:00;15
2022-01-15 23:00:00+00:00;3
2008-01-23 23:00:00+00:00;14
2021-11-14 23:00:00+00:00;10
2008-06-24 22:00:00+00:00;4
2021-03-09 23:00:00+00:00;4
2019-04-16 22:00:00+00:00;5
2027-06-11 10:56:35.422000+00:00;1
2020-10-08 22:00:00+00:00;7
2004-05-21 22:00:00+00:00;1
2004-08-27 22:00:00+00:00;2
2021-01-15 23:00:00+00:00;2
2017-10-20 22:00:00+00:00;1
2022-09-19 22:00:00+00:00;5
2019-05-13 22:00:00+00:00;7
2024-04-28 22:00:00+00:00;6
2026-11-19 23:00:00+00:00;8
2023-12-08 23:00:00+00:00;3
2010-08-14 22:00:00+00:00;6
2010-11-26 23:00:00+00:00;9
2020-05-18 22:00:00+00:00;3
2026-11-27 23:00:00+00:00;9
2018-07-22 22:00:00+00:00;4
2002-12-30 23:00:00+00:00;3
2019-03-12 23:00:00+00:00;13
2023-08-12 22:00:00+00:00;3
2016-03-31 22:00:00+00:00;23
2020-02-26 23:00:00+00:00;5
2021-07-20 22:00:00+00:00;10
2012-05-01 22:00:00+00:00;3
2012-04-02 22:00:00+00:00;11
2021-04-25 22:00:00+00:00;10
2014-12-15 23:00:00+00:00;6
1997-03-26 23:00:00+00:00;2
2026-06-09 22:00:00+00:00;13
2024-09-08 22:00:00+00:00;8
2008-02-17 23:00:00+00:00;7
2014-05-07 22:00:00+00:00;3
2007-01-08 23:00:00+00:00;1
2020-07-23 22:00:00+00:00;13
2005-09-08 22:00:00+00:00;1
2017-07-30 22:00:00+00:00;35
2016-10-29 22:00:00+00:00;9
2007-02-02 23:00:00+00:00;8
2001-10-30 23:00:00+00:00;1
2010-06-11 22:00:00+00:00;17
2007-11-01 23:00:00+00:00;13
1997-02-12 23:00:00+00:00;2
2023-08-31 22:00:00+00:00;37
2010-07-17 22:00:00+00:00;9
2003-02-01 23:00:00+00:00;2
2008-07-09 22:00:00+00:00;1
1993-01-06 23:00:00+00:00;1
2022-09-15 22:00:00+00:00;19
2010-03-12 23:00:00+00:00;17
2017-04-14 22:00:00+00:00;19
1966-03-31 23:00:00+00:00;1
2004-08-07 22:00:00+00:00;4
2014-01-22 23:00:00+00:00;3
2025-04-29 22:00:00+00:00;19
2020-02-21 13:07:43.318981+00:00;1
2017-03-30 22:00:00+00:00;51
2005-04-28 22:00:00+00:00;4
2010-08-12 22:00:00+00:00;13
2005-01-30 23:00:00+00:00;4
2012-11-18 23:00:00+00:00;12
2018-02-06 23:00:00+00:00;3
2004-08-30 22:00:00+00:00;1
2013-01-08 23:00:00+00:00;6
2014-07-19 22:00:00+00:00;13
2014-02-24 23:00:00+00:00;22
2013-05-28 22:00:00+00:00;1
2002-07-20 22:00:00+00:00;1
2027-06-01 00:00:00+00:00;1
2007-07-15 22:00:00+00:00;20
2022-09-06 22:00:00+00:00;7
1986-01-05 23:00:00+00:00;4
2011-12-08 23:00:00+00:00;9
2015-01-11 23:00:00+00:00;16
2009-08-28 22:00:00+00:00;6
2022-02-10 23:00:00+00:00;11
2022-08-02 22:00:00+00:00;9
2019-10-22 13:09:24.175166+00:00;1
2022-11-13 23:00:00+00:00;8
2009-01-04 23:00:00+00:00;12
2023-12-23 23:00:00+00:00;1
2016-10-05 22:00:00+00:00;9
2005-06-20 22:00:00+00:00;1
1996-11-30 23:00:00+00:00;1
2005-11-27 23:00:00+00:00;3
2000-07-31 22:00:00+00:00;4
2022-08-05 22:00:00+00:00;3
2008-12-27 23:00:00+00:00;1
1988-12-31 23:00:00+00:00;11
2022-03-23 23:00:00+00:00;9
2014-03-25 23:00:00+00:00;9
2026-01-25 23:00:00+00:00;12
2004-07-18 22:00:00+00:00;2
2024-04-26 22:00:00+00:00;2
2020-02-17 23:00:00+00:00;9
2013-01-28 23:00:00+00:00;9
2026-05-10 22:00:00+00:00;3
2000-08-20 22:00:00+00:00;1
2005-10-01 22:00:00+00:00;5
2020-04-28 22:00:00+00:00;4
2010-05-23 22:00:00+00:00;16
2017-09-15 22:00:00+00:00;2
2012-11-22 23:00:00+00:00;16
2008-09-24 22:00:00+00:00;2
2007-05-29 22:00:00+00:00;1
2012-02-17 23:00:00+00:00;5
2019-11-21 12:27:33.808622+00:00;1
2017-02-11 23:00:00+00:00;16
2014-08-26 22:00:00+00:00;1
2017-11-19 23:00:00+00:00;6
2017-11-01 23:00:00+00:00;6
2013-01-18 23:00:00+00:00;15
2007-07-07 22:00:00+00:00;9
2019-11-19 13:49:23.065543+00:00;1
2002-09-13 22:00:00+00:00;1
2014-02-27 23:00:00+00:00;18
2027-03-24 00:00:00+00:00;5
2019-10-01 22:00:00+00:00;7
2005-06-12 22:00:00+00:00;6
1995-12-31 23:00:00+00:00;26
2027-06-11 20:10:43.719000+00:00;1
2027-05-22 09:50:35.101000+00:00;1
2026-08-20 22:00:00+00:00;6
2012-05-22 22:00:00+00:00;2
2010-11-09 23:00:00+00:00;2
2024-08-06 22:00:00+00:00;4
2009-12-31 23:00:00+00:00;1
2008-08-31 22:00:00+00:00;10
2020-09-23 22:00:00+00:00;10
2017-12-30 23:00:00+00:00;46
2023-01-13 23:00:00+00:00;6
2003-11-02 23:00:00+00:00;2
2009-01-05 23:00:00+00:00;19
2022-10-07 22:00:00+00:00;6
2005-03-25 23:00:00+00:00;4
2017-07-06 22:00:00+00:00;9
2025-05-14 22:00:00+00:00;10
2020-08-25 22:00:00+00:00;4
2027-06-19 13:26:40.845000+00:00;1
2017-09-25 22:00:00+00:00;7
2013-08-02 22:00:00+00:00;3
2021-08-06 22:00:00+00:00;1
2020-01-31 10:12:10.379374+00:00;1
2020-07-25 22:00:00+00:00;4
2014-01-25 23:00:00+00:00;11
2018-10-03 22:00:00+00:00;4
2003-01-17 23:00:00+00:00;1
2021-04-20 22:00:00+00:00;6
2019-12-04 13:08:11.806977+00:00;1
2005-12-30 23:00:00+00:00;4
2019-12-15 23:00:00+00:00;3
2020-12-02 23:00:00+00:00;8
1999-04-29 22:00:00+00:00;1
2001-10-26 22:00:00+00:00;1
2027-07-21 07:52:08.429000+00:00;1
2022-08-01 22:00:00+00:00;4
2015-12-03 23:00:00+00:00;20
2012-09-14 22:00:00+00:00;13
1994-06-01 22:00:00+00:00;1
1996-01-27 23:00:00+00:00;1
2003-11-06 23:00:00+00:00;2
2011-06-18 22:00:00+00:00;15
2006-06-20 22:00:00+00:00;1
2022-08-15 22:00:00+00:00;7
2016-04-15 22:00:00+00:00;11
1997-08-01 22:00:00+00:00;1
2019-03-27 23:00:00+00:00;11
2019-10-16 12:19:56.015199+00:00;1
2023-05-03 22:00:00+00:00;9
2017-02-05 23:00:00+00:00;16
2024-09-27 22:00:00+00:00;6
2022-03-08 23:00:00+00:00;13
2017-03-02 23:00:00+00:00;13
1993-01-02 23:00:00+00:00;1
2019-12-06 23:00:00+00:00;6
2020-09-21 22:00:00+00:00;4
2012-11-04 23:00:00+00:00;10
1999-08-27 22:00:00+00:00;2
2019-02-20 23:00:00+00:00;6
2022-06-20 22:00:00+00:00;6
2008-03-03 23:00:00+00:00;10
2005-07-18 22:00:00+00:00;2
2012-06-02 22:00:00+00:00;12
2012-03-24 23:00:00+00:00;10
2003-11-20 23:00:00+00:00;1
1997-05-31 22:00:00+00:00;2
2010-08-27 22:00:00+00:00;11
2014-05-15 22:00:00+00:00;15
2025-03-26 11:41:53.962455+00:00;1
2022-10-21 22:00:00+00:00;2
2021-03-03 23:00:00+00:00;4
2018-07-03 22:00:00+00:00;9
2018-05-22 22:00:00+00:00;6
2006-12-22 23:00:00+00:00;5
2001-11-03 23:00:00+00:00;1
2026-09-11 22:00:00+00:00;8
2015-12-14 23:00:00+00:00;18
1969-12-30 23:00:00+00:00;1
2020-01-31 12:26:13.845921+00:00;1
2014-01-03 23:00:00+00:00;9
2015-12-20 23:00:00+00:00;21
2001-03-10 23:00:00+00:00;1
2023-03-11 23:00:00+00:00;1
2014-07-23 22:00:00+00:00;8
2006-04-08 22:00:00+00:00;5
1998-06-09 22:00:00+00:00;2
2015-01-13 23:00:00+00:00;2
2023-03-31 22:00:00+00:00;17
2017-05-30 22:00:00+00:00;35
1997-01-04 23:00:00+00:00;1
2017-04-27 22:00:00+00:00;19
2013-09-21 22:00:00+00:00;10
2023-11-21 23:00:00+00:00;10
2018-09-22 22:00:00+00:00;1
2001-03-21 23:00:00+00:00;1
2018-01-08 23:00:00+00:00;8
2001-03-20 23:00:00+00:00;1
2000-04-11 22:00:00+00:00;1
1989-10-24 23:00:00+00:00;1
2011-03-19 23:00:00+00:00;12
2012-08-18 22:00:00+00:00;16
2023-02-28 23:00:00+00:00;25
2009-01-26 23:00:00+00:00;13
2012-07-07 22:00:00+00:00;17
2025-07-08 22:00:00+00:00;2
2010-07-29 22:00:00+00:00;8
2018-07-30 22:00:00+00:00;34
1999-11-10 23:00:00+00:00;3
2024-05-08 22:00:00+00:00;10
2022-03-07 23:00:00+00:00;7
2020-01-09 23:00:00+00:00;9
2016-01-22 23:00:00+00:00;13
2000-03-28 22:00:00+00:00;1
2006-05-01 22:00:00+00:00;8
2003-02-27 23:00:00+00:00;1
2004-11-15 23:00:00+00:00;2
2015-10-31 23:00:00+00:00;13
2018-03-17 23:00:00+00:00;4
1989-02-24 23:00:00+00:00;1
2010-02-19 23:00:00+00:00;10
2016-09-25 22:00:00+00:00;20
2007-09-19 22:00:00+00:00;13
2007-06-03 22:00:00+00:00;11
2024-01-25 23:00:00+00:00;24
2020-01-18 23:00:00+00:00;7
2019-04-10 22:00:00+00:00;8
2027-04-13 00:00:00+00:00;2
2012-06-19 22:00:00+00:00;5
2014-10-13 22:00:00+00:00;6
2016-01-05 23:00:00+00:00;12
1993-07-29 22:00:00+00:00;1
2027-01-22 23:00:00+00:00;13
2021-12-18 23:00:00+00:00;3
2020-02-27 08:01:54.733739+00:00;1
2020-08-10 22:00:00+00:00;2
2020-11-21 23:00:00+00:00;4
2021-06-20 22:00:00+00:00;10
2020-05-22 22:00:00+00:00;5
2024-11-24 23:00:00+00:00;5
2018-04-01 22:00:00+00:00;7
2007-02-28 23:00:00+00:00;9
2015-03-31 22:00:00+00:00;1
2022-07-23 22:00:00+00:00;2
2001-11-29 23:00:00+00:00;7
2025-03-31 22:00:00+00:00;3
1999-09-23 22:00:00+00:00;1
2018-09-13 22:00:00+00:00;14
1998-04-04 22:00:00+00:00;2
2012-01-09 23:00:00+00:00;3
2019-11-19 13:27:40.791840+00:00;1
2010-11-23 23:00:00+00:00;2
2011-01-22 23:00:00+00:00;7
2008-04-27 22:00:00+00:00;22
2012-11-16 23:00:00+00:00;10
1995-04-17 22:00:00+00:00;1
1998-03-05 23:00:00+00:00;1
2005-09-29 22:00:00+00:00;11
2011-08-26 22:00:00+00:00;9
2013-11-29 23:00:00+00:00;12
2008-02-29 23:00:00+00:00;10
2015-07-13 22:00:00+00:00;6
2005-04-14 22:00:00+00:00;3
2024-01-22 23:00:00+00:00;5
2015-06-23 22:00:00+00:00;6
2021-02-17 23:00:00+00:00;13
2007-10-24 22:00:00+00:00;7
2006-06-11 22:00:00+00:00;6
2025-12-14 23:00:00+00:00;7
2027-06-12 07:01:42.163000+00:00;1
2027-07-25 09:02:12.218000+00:00;1
2019-03-23 23:00:00+00:00;3
2008-05-12 22:00:00+00:00;10
2001-04-21 22:00:00+00:00;1
2015-08-02 22:00:00+00:00;9
2014-08-14 22:00:00+00:00;9
2024-11-15 00:00:00+00:00;1
2017-11-27 23:00:00+00:00;12
2009-06-18 22:00:00+00:00;17
2013-02-18 23:00:00+00:00;10
2024-01-14 23:00:00+00:00;3
2025-06-19 09:31:59.210721+00:00;1
2025-02-14 23:00:00+00:00;7
2002-05-06 22:00:00+00:00;1
2016-07-08 22:00:00+00:00;6
2006-05-28 22:00:00+00:00;4
2027-04-11 00:00:00+00:00;12
2018-07-29 22:00:00+00:00;16
2026-06-06 00:00:00+00:00;1
2021-08-12 22:00:00+00:00;9
2018-04-14 22:00:00+00:00;5
2027-05-25 14:17:08.168000+00:00;1
2022-05-16 22:00:00+00:00;8
2027-06-16 00:00:00+00:00;9
2016-03-18 23:00:00+00:00;11
2026-07-24 22:00:00+00:00;17
2018-01-03 23:00:00+00:00;6
1997-12-30 23:00:00+00:00;1
2018-09-15 22:00:00+00:00;2
2027-04-30 12:04:29.988000+00:00;1
2023-10-09 22:00:00+00:00;3
1994-11-29 23:00:00+00:00;2
1970-04-05 23:00:00+00:00;1
2027-07-31 22:00:00+00:00;1
2016-06-30 22:00:00+00:00;20
2023-10-16 22:00:00+00:00;2
2019-09-07 22:00:00+00:00;5
2021-03-07 23:00:00+00:00;8
2009-05-05 22:00:00+00:00;9
1996-01-31 23:00:00+00:00;1
2035-08-26 22:00:00+00:00;1
2027-07-25 08:11:26.640000+00:00;1
2002-07-02 22:00:00+00:00;1
2014-05-14 22:00:00+00:00;14
2012-07-21 22:00:00+00:00;18
2031-02-14 23:00:00+00:00;3
2023-12-07 23:00:00+00:00;13
2026-07-28 22:00:00+00:00;6
2012-01-16 23:00:00+00:00;7
2001-02-22 23:00:00+00:00;1
2012-12-25 23:00:00+00:00;1
2010-05-29 22:00:00+00:00;10
2006-04-20 22:00:00+00:00;9
2022-09-07 22:00:00+00:00;9
2015-08-24 22:00:00+00:00;15
2006-09-10 22:00:00+00:00;6
2011-12-12 23:00:00+00:00;4
2000-03-10 23:00:00+00:00;6
2000-11-04 23:00:00+00:00;1
2016-08-16 22:00:00+00:00;3
2025-05-06 22:00:00+00:00;2
2027-03-26 00:00:00+00:00;4
2017-06-12 22:00:00+00:00;5
2016-04-26 22:00:00+00:00;3
2012-06-18 22:00:00+00:00;8
2016-03-11 23:00:00+00:00;9
2003-09-04 22:00:00+00:00;1
2020-02-27 08:25:25.568685+00:00;1
2023-07-10 22:00:00+00:00;8
2018-07-12 22:00:00+00:00;17
2012-10-21 22:00:00+00:00;10
2005-11-24 23:00:00+00:00;2
2006-05-29 22:00:00+00:00;1
2023-12-20 23:00:00+00:00;12
2000-07-28 22:00:00+00:00;1
2021-09-25 22:00:00+00:00;7
2019-11-16 23:00:00+00:00;2
2012-08-01 22:00:00+00:00;1
1995-07-20 22:00:00+00:00;1
2015-12-29 23:00:00+00:00;2
1991-10-18 23:00:00+00:00;1
2007-11-13 23:00:00+00:00;2
2000-09-13 22:00:00+00:00;1
2023-01-15 23:00:00+00:00;2
2007-12-25 23:00:00+00:00;1
2023-02-18 23:00:00+00:00;5
2008-04-26 22:00:00+00:00;9
2017-03-08 23:00:00+00:00;13
2014-12-17 23:00:00+00:00;9
2026-02-26 23:00:00+00:00;15
2018-05-16 22:00:00+00:00;8
2007-11-20 23:00:00+00:00;4
2003-12-06 23:00:00+00:00;3
2007-06-07 22:00:00+00:00;9
2011-05-18 22:00:00+00:00;10
2024-01-23 23:00:00+00:00;6
2010-10-02 22:00:00+00:00;17
2011-11-16 23:00:00+00:00;16
2007-09-09 22:00:00+00:00;8
2012-05-10 22:00:00+00:00;12
2026-04-02 22:00:00+00:00;6
2021-08-05 22:00:00+00:00;11
1999-01-14 23:00:00+00:00;1
2010-03-04 23:00:00+00:00;13
2020-08-26 22:00:00+00:00;8
2014-10-29 23:00:00+00:00;3
1989-08-19 22:00:00+00:00;1
2017-04-13 22:00:00+00:00;22
2017-03-17 23:00:00+00:00;15
2007-01-06 23:00:00+00:00;3
2013-01-31 23:00:00+00:00;16
2027-05-16 12:47:42.077000+00:00;1
2023-07-02 22:00:00+00:00;9
2022-12-29 23:00:00+00:00;51
1976-04-29 23:00:00+00:00;1
2009-09-04 22:00:00+00:00;10
1991-07-02 22:00:00+00:00;1
2018-09-08 22:00:00+00:00;3
2023-09-28 22:00:00+00:00;20
2003-05-06 22:00:00+00:00;4
2021-12-07 23:00:00+00:00;5
2008-04-19 22:00:00+00:00;7
2007-11-19 23:00:00+00:00;4
2015-08-11 22:00:00+00:00;5
2027-07-25 07:33:39.312000+00:00;1
2012-07-31 22:00:00+00:00;2
2006-12-05 23:00:00+00:00;3
2023-09-20 22:00:00+00:00;9
2010-03-05 23:00:00+00:00;16
2006-05-31 22:00:00+00:00;3
2009-10-02 22:00:00+00:00;11
2003-05-16 22:00:00+00:00;1
2022-06-30 22:00:00+00:00;25
2015-04-25 22:00:00+00:00;10
2019-07-03 22:00:00+00:00;11
2020-11-05 23:00:00+00:00;11
2013-03-30 23:00:00+00:00;11
2026-05-12 00:00:00+00:00;2
2027-04-28 00:00:00+00:00;6
2012-12-28 23:00:00+00:00;2
2002-07-16 22:00:00+00:00;2
2013-07-27 22:00:00+00:00;11
2008-04-03 22:00:00+00:00;14
1996-11-13 23:00:00+00:00;2
2023-08-30 22:00:00+00:00;57
2021-02-27 23:00:00+00:00;26
2015-04-10 22:00:00+00:00;10
2026-04-30 22:00:00+00:00;18
2016-09-27 22:00:00+00:00;6
2018-08-18 22:00:00+00:00;3
2004-01-24 23:00:00+00:00;3
1990-04-14 22:00:00+00:00;2
2019-11-28 12:04:56.241873+00:00;1
2019-04-02 22:00:00+00:00;10
2024-07-14 22:00:00+00:00;8
2016-11-15 23:00:00+00:00;8
2007-11-10 23:00:00+00:00;22
1987-05-05 22:00:00+00:00;1
2009-03-28 23:00:00+00:00;15
2026-04-13 22:00:00+00:00;1
2013-11-26 23:00:00+00:00;5
2008-09-15 22:00:00+00:00;10
2017-06-01 22:00:00+00:00;17
2016-09-05 22:00:00+00:00;15
2003-04-10 22:00:00+00:00;2
2024-12-06 23:00:00+00:00;6
2024-08-20 22:00:00+00:00;3
2015-09-15 22:00:00+00:00;4
2025-10-23 22:00:00+00:00;11
2014-09-16 22:00:00+00:00;1
2006-11-18 23:00:00+00:00;2
2011-05-21 22:00:00+00:00;3
2021-11-26 23:00:00+00:00;6
2015-07-14 22:00:00+00:00;2
2021-01-18 23:00:00+00:00;4
2011-12-25 23:00:00+00:00;1
2015-11-18 23:00:00+00:00;17
2018-10-22 22:00:00+00:00;8
2019-06-03 22:00:00+00:00;4
2019-04-06 22:00:00+00:00;3
2022-09-24 22:00:00+00:00;7
1994-11-02 23:00:00+00:00;1
2016-04-28 22:00:00+00:00;16
2014-05-17 22:00:00+00:00;3
2014-06-20 22:00:00+00:00;9
2026-04-23 22:00:00+00:00;13
2009-04-20 22:00:00+00:00;14
2008-08-07 22:00:00+00:00;3
2002-06-07 22:00:00+00:00;2
1991-02-15 23:00:00+00:00;2
2008-09-17 22:00:00+00:00;3
2013-03-02 23:00:00+00:00;17
2012-05-23 22:00:00+00:00;5
2005-05-15 22:00:00+00:00;5
2019-05-18 22:00:00+00:00;1
2015-02-13 23:00:00+00:00;6
2027-05-14 14:06:47.301000+00:00;1
1997-03-31 22:00:00+00:00;6
2019-09-04 22:00:00+00:00;8
2002-10-25 22:00:00+00:00;1
2011-08-28 22:00:00+00:00;9
2023-09-15 22:00:00+00:00;3
2015-07-16 22:00:00+00:00;12
2015-04-03 22:00:00+00:00;14
2013-08-16 22:00:00+00:00;13
2010-02-09 23:00:00+00:00;9
2019-10-24 07:47:13.667667+00:00;1
2010-02-20 23:00:00+00:00;14
2005-09-24 22:00:00+00:00;7
2024-09-21 00:00:00+00:00;1
2017-05-05 22:00:00+00:00;2
2024-02-09 23:00:00+00:00;10
2019-03-24 23:00:00+00:00;10
2022-07-24 22:00:00+00:00;7
2015-04-17 22:00:00+00:00;15
1954-09-19 23:00:00+00:00;1
2020-03-01 23:00:00+00:00;9
2011-03-20 23:00:00+00:00;15
2011-10-05 22:00:00+00:00;5
2026-04-21 22:00:00+00:00;9
2017-05-19 22:00:00+00:00;5
2017-01-16 23:00:00+00:00;21
2007-01-11 23:00:00+00:00;3
2006-09-15 22:00:00+00:00;5
2027-07-14 16:45:25.250000+00:00;1
2022-07-10 22:00:00+00:00;6
1989-10-11 23:00:00+00:00;1
2003-08-16 22:00:00+00:00;1
2009-10-05 22:00:00+00:00;15
2019-01-17 23:00:00+00:00;9
2022-06-08 22:00:00+00:00;13
2026-11-21 23:00:00+00:00;13
2010-07-31 22:00:00+00:00;16
2016-10-09 22:00:00+00:00;11
2010-07-01 22:00:00+00:00;22
2020-01-31 23:00:00+00:00;25
2022-09-29 22:00:00+00:00;91
2015-06-14 22:00:00+00:00;13
2015-02-27 23:00:00+00:00;13
2014-04-23 22:00:00+00:00;10
2017-02-26 23:00:00+00:00;22
2007-10-16 22:00:00+00:00;1
2004-02-20 23:00:00+00:00;2
2020-08-21 22:00:00+00:00;7
2015-07-23 22:00:00+00:00;13
2006-09-26 22:00:00+00:00;1
2009-07-18 22:00:00+00:00;22
1999-03-21 23:00:00+00:00;1
2020-04-13 22:00:00+00:00;4
2011-06-25 22:00:00+00:00;15
2001-03-30 22:00:00+00:00;1
2013-10-28 23:00:00+00:00;11
2011-04-12 22:00:00+00:00;3
2026-07-14 09:02:28.519607+00:00;1
1993-09-01 22:00:00+00:00;1
2007-05-28 22:00:00+00:00;2
2024-04-18 22:00:00+00:00;10
2003-08-28 22:00:00+00:00;2
2017-02-09 23:00:00+00:00;15
2022-04-06 22:00:00+00:00;7
2015-09-18 22:00:00+00:00;11
2005-01-22 23:00:00+00:00;2
2002-01-08 23:00:00+00:00;1
2010-01-29 23:00:00+00:00;15
2012-01-24 23:00:00+00:00;4
2013-12-18 23:00:00+00:00;1
2013-08-20 22:00:00+00:00;6
2018-03-07 23:00:00+00:00;6
2021-11-11 23:00:00+00:00;6
2026-05-20 00:00:00+00:00;2
2013-02-12 23:00:00+00:00;12
2010-04-12 22:00:00+00:00;4
2027-06-13 13:20:40.447000+00:00;1
1995-07-31 22:00:00+00:00;2
2016-06-05 22:00:00+00:00;21
2015-08-04 22:00:00+00:00;4
2016-03-02 23:00:00+00:00;3
1992-08-19 22:00:00+00:00;1
2026-02-18 23:00:00+00:00;1
2027-04-17 07:05:12.340000+00:00;1
2022-01-11 23:00:00+00:00;5
2017-12-25 23:00:00+00:00;1
2006-03-17 23:00:00+00:00;18
2016-01-01 23:00:00+00:00;3
2014-05-08 22:00:00+00:00;7
1997-06-18 22:00:00+00:00;3
2014-02-18 23:00:00+00:00;2
1994-07-31 22:00:00+00:00;1
2026-10-03 22:00:00+00:00;4
2022-08-30 22:00:00+00:00;77
2027-07-30 13:56:10.498000+00:00;1
2020-01-27 23:00:00+00:00;3
2005-10-31 23:00:00+00:00;7
2023-05-14 22:00:00+00:00;4
1992-03-18 23:00:00+00:00;1
2023-07-28 22:00:00+00:00;3
2011-11-21 23:00:00+00:00;2
2017-09-26 22:00:00+00:00;5
2007-12-14 23:00:00+00:00;15
2016-04-17 22:00:00+00:00;24
2007-04-24 22:00:00+00:00;3
2013-10-31 23:00:00+00:00;7
2019-06-06 22:00:00+00:00;13
2027-05-27 07:45:04.231000+00:00;1
2020-03-13 23:00:00+00:00;3
2024-08-05 22:00:00+00:00;3
2025-11-02 23:00:00+00:00;10
1985-09-30 23:00:00+00:00;2
2027-04-24 13:57:20.924000+00:00;1
2010-10-28 22:00:00+00:00;10
2006-03-30 22:00:00+00:00;13
2019-10-28 23:00:00+00:00;5
2025-08-06 22:00:00+00:00;5
2009-07-31 22:00:00+00:00;14
2005-10-12 22:00:00+00:00;3
2020-11-11 23:00:00+00:00;4
2026-06-24 22:00:00+00:00;11
2009-03-20 23:00:00+00:00;13
2026-01-30 23:00:00+00:00;13
2005-09-10 22:00:00+00:00;7
2025-09-29 22:00:00+00:00;8
2007-10-08 22:00:00+00:00;5
2008-10-18 22:00:00+00:00;11
2033-03-08 23:00:00+00:00;1
2016-08-08 22:00:00+00:00;8
2016-11-29 23:00:00+00:00;32
2016-12-18 23:00:00+00:00;12
2011-12-01 23:00:00+00:00;16
2015-12-07 23:00:00+00:00;6
2012-01-08 23:00:00+00:00;9
2007-04-07 22:00:00+00:00;6
1988-12-30 23:00:00+00:00;1
2016-05-23 22:00:00+00:00;17
2025-07-30 22:00:00+00:00;12
2009-09-12 22:00:00+00:00;6
2017-10-15 22:00:00+00:00;9
2008-11-24 23:00:00+00:00;15
1999-06-18 22:00:00+00:00;1
2000-07-25 22:00:00+00:00;1
2012-04-08 22:00:00+00:00;8
2018-08-27 22:00:00+00:00;5
2011-07-01 22:00:00+00:00;14
2018-02-23 23:00:00+00:00;2
2019-11-19 12:43:12.457495+00:00;1
2013-04-20 22:00:00+00:00;12
2007-03-27 22:00:00+00:00;2
2022-07-30 22:00:00+00:00;42
2026-12-18 23:00:00+00:00;5
2022-11-11 23:00:00+00:00;5
2012-10-23 22:00:00+00:00;8
2007-04-05 22:00:00+00:00;10
2018-08-14 22:00:00+00:00;5
2022-09-14 22:00:00+00:00;8
2019-08-20 22:00:00+00:00;4
2006-10-13 22:00:00+00:00;10
2014-04-28 22:00:00+00:00;9
2000-12-01 23:00:00+00:00;1
2005-08-31 22:00:00+00:00;11
2006-07-18 22:00:00+00:00;3
2015-09-24 22:00:00+00:00;13
2009-02-20 23:00:00+00:00;11
2021-01-24 23:00:00+00:00;8
2027-04-23 15:49:58.259000+00:00;1
2022-03-18 23:00:00+00:00;1
2017-08-22 22:00:00+00:00;3
2006-04-09 22:00:00+00:00;7
1988-08-13 22:00:00+00:00;1
2016-11-05 23:00:00+00:00;13
2018-08-05 22:00:00+00:00;3
2011-05-27 22:00:00+00:00;8
1985-01-05 23:00:00+00:00;3
2006-04-17 22:00:00+00:00;3
2021-05-26 22:00:00+00:00;10
2010-01-09 23:00:00+00:00;10
2026-07-08 22:00:00+00:00;5
2003-11-21 23:00:00+00:00;1
2019-08-19 22:00:00+00:00;3
2026-06-11 22:00:00+00:00;13
2017-06-23 22:00:00+00:00;4
2019-07-01 22:00:00+00:00;7
2027-06-03 00:00:00+00:00;10
2005-09-30 22:00:00+00:00;15
2020-12-30 23:00:00+00:00;182
2016-03-30 22:00:00+00:00;33
1979-06-10 23:00:00+00:00;1
2011-09-17 22:00:00+00:00;14
2021-03-10 23:00:00+00:00;12
2005-09-27 22:00:00+00:00;1
2027-03-19 23:00:00+00:00;11
2012-05-30 22:00:00+00:00;3
2025-09-02 22:00:00+00:00;2
2013-10-03 22:00:00+00:00;8
2022-03-11 23:00:00+00:00;7
2007-09-16 22:00:00+00:00;5
1984-09-27 22:00:00+00:00;1
2012-11-14 23:00:00+00:00;2
1998-05-30 22:00:00+00:00;1
2021-12-08 23:00:00+00:00;22
2009-01-07 23:00:00+00:00;1
2019-07-24 22:00:00+00:00;6
2021-08-20 22:00:00+00:00;4
2019-01-30 23:00:00+00:00;49
2012-06-07 22:00:00+00:00;10
2015-11-21 23:00:00+00:00;8
2008-06-02 22:00:00+00:00;10
2008-12-25 23:00:00+00:00;4
2016-10-08 22:00:00+00:00;14
2009-02-03 23:00:00+00:00;5
2007-05-12 22:00:00+00:00;7
2007-06-22 22:00:00+00:00;7
2007-06-18 22:00:00+00:00;1
2026-05-12 22:00:00+00:00;13
2014-04-05 22:00:00+00:00;14
2025-07-10 00:00:00+00:00;1
1994-03-08 23:00:00+00:00;2
2025-06-18 08:08:23.683792+00:00;1
2010-11-15 23:00:00+00:00;2
2003-05-03 22:00:00+00:00;2
1994-06-25 22:00:00+00:00;1
2010-07-22 22:00:00+00:00;9
1997-11-29 23:00:00+00:00;3
2001-06-24 22:00:00+00:00;1
2003-03-04 23:00:00+00:00;4
1975-09-29 23:00:00+00:00;1
2009-06-20 22:00:00+00:00;9
2004-12-02 23:00:00+00:00;2
2016-12-07 23:00:00+00:00;11
2003-11-13 23:00:00+00:00;1
2021-10-05 22:00:00+00:00;3
2017-12-14 23:00:00+00:00;11
2004-07-03 22:00:00+00:00;2
2021-03-01 23:00:00+00:00;5
2020-08-28 22:00:00+00:00;3
2006-07-10 22:00:00+00:00;1
2007-02-05 23:00:00+00:00;3
2009-01-27 23:00:00+00:00;2
2017-02-08 23:00:00+00:00;10
2007-03-09 23:00:00+00:00;6
2006-01-26 23:00:00+00:00;3
2007-04-15 22:00:00+00:00;13
2015-03-19 23:00:00+00:00;13
2025-02-07 23:00:00+00:00;6
2014-12-20 23:00:00+00:00;13
2014-08-24 22:00:00+00:00;12
2027-07-28 06:30:49.219000+00:00;1
2021-08-23 22:00:00+00:00;4
2025-10-25 22:00:00+00:00;13
2015-01-07 23:00:00+00:00;2
2027-06-03 06:56:10.322000+00:00;1
2015-03-22 23:00:00+00:00;15
2023-08-29 22:00:00+00:00;6
2010-08-06 22:00:00+00:00;6
2021-11-21 23:00:00+00:00;11
2008-02-08 23:00:00+00:00;13
2014-04-19 22:00:00+00:00;13
2016-09-15 22:00:00+00:00;16
2012-04-10 22:00:00+00:00;13
2027-05-23 09:45:51.456000+00:00;1
2010-10-13 22:00:00+00:00;13
2001-02-18 23:00:00+00:00;2
2007-09-02 22:00:00+00:00;8
2027-07-17 13:31:13.292000+00:00;1
2009-12-30 23:00:00+00:00;1
2027-04-08 14:15:57.051000+00:00;1
2019-06-04 22:00:00+00:00;11
2021-12-21 23:00:00+00:00;7
2004-01-07 23:00:00+00:00;1
2014-02-25 23:00:00+00:00;2
2027-04-02 22:00:00+00:00;4
2024-05-13 22:00:00+00:00;6
2010-12-05 23:00:00+00:00;11
2019-08-07 22:00:00+00:00;6
2020-01-19 23:00:00+00:00;7
2016-05-24 22:00:00+00:00;6
2006-04-22 22:00:00+00:00;12
2025-04-05 00:00:00+00:00;1
1986-08-28 22:00:00+00:00;1
2027-07-03 09:49:51.969000+00:00;1
1998-03-17 23:00:00+00:00;1
2024-08-13 22:00:00+00:00;3
2011-11-24 23:00:00+00:00;14
1966-02-19 23:00:00+00:00;1
2024-05-11 22:00:00+00:00;6
2004-04-28 22:00:00+00:00;3
2020-10-28 23:00:00+00:00;11
2019-06-15 22:00:00+00:00;4
2009-06-06 22:00:00+00:00;10
2020-12-25 23:00:00+00:00;1
2019-04-11 22:00:00+00:00;11
2015-09-28 22:00:00+00:00;10
2014-12-08 23:00:00+00:00;10
1984-04-15 22:00:00+00:00;1
2014-04-25 22:00:00+00:00;12
2011-09-01 22:00:00+00:00;20
1985-12-30 23:00:00+00:00;1
2021-10-26 22:00:00+00:00;2
2019-05-21 22:00:00+00:00;14
2003-04-03 22:00:00+00:00;2
2014-08-29 22:00:00+00:00;11
2002-09-25 22:00:00+00:00;2
1999-07-20 22:00:00+00:00;3
2002-06-14 22:00:00+00:00;1
2027-05-14 12:31:12.381000+00:00;1
2009-06-13 22:00:00+00:00;14
2024-06-03 22:00:00+00:00;2
1999-04-30 22:00:00+00:00;7
2026-12-10 23:00:00+00:00;15
2019-09-08 22:00:00+00:00;5
2018-04-24 22:00:00+00:00;7
1993-01-26 23:00:00+00:00;1
2011-07-30 22:00:00+00:00;4
2008-01-07 23:00:00+00:00;1
2005-04-15 22:00:00+00:00;2
2033-08-16 22:00:00+00:00;2
2005-09-21 22:00:00+00:00;1
2027-06-13 09:19:43.381000+00:00;1
2007-12-09 23:00:00+00:00;18
2015-10-04 22:00:00+00:00;12
2017-07-03 22:00:00+00:00;6
2023-04-03 22:00:00+00:00;4
1994-04-12 22:00:00+00:00;2
2013-01-14 23:00:00+00:00;6
2007-05-17 22:00:00+00:00;19
2027-06-19 14:50:19.641000+00:00;1
2023-01-19 23:00:00+00:00;11
2015-05-09 22:00:00+00:00;2
2014-08-30 22:00:00+00:00;12
2006-01-25 23:00:00+00:00;1
2027-07-24 10:42:45.219000+00:00;1
2009-09-23 22:00:00+00:00;3
2011-07-14 22:00:00+00:00;9
2022-12-13 23:00:00+00:00;12
1996-05-01 22:00:00+00:00;2
2008-02-21 23:00:00+00:00;5
2025-01-27 23:00:00+00:00;3
2011-11-25 23:00:00+00:00;17
2005-01-03 23:00:00+00:00;2
2027-04-06 00:00:00+00:00;3
1999-03-30 22:00:00+00:00;1
2019-06-18 22:00:00+00:00;7
2025-05-01 22:00:00+00:00;10
2012-09-30 22:00:00+00:00;10
2017-01-22 23:00:00+00:00;11
2012-07-26 22:00:00+00:00;11
2024-04-22 22:00:00+00:00;6
2000-04-15 22:00:00+00:00;5
2007-01-19 23:00:00+00:00;6
2013-02-17 23:00:00+00:00;12
1978-01-05 23:00:00+00:00;5
2001-09-18 22:00:00+00:00;1
2027-08-04 06:14:08.539000+00:00;1
2017-01-30 23:00:00+00:00;30
2019-01-05 23:00:00+00:00;1
2018-09-03 22:00:00+00:00;2
2002-07-06 22:00:00+00:00;1
2018-02-05 23:00:00+00:00;2
2013-01-04 23:00:00+00:00;5
2008-05-10 22:00:00+00:00;14
2022-04-23 22:00:00+00:00;6
2025-06-13 22:00:00+00:00;13
2022-04-05 22:00:00+00:00;5
2017-03-28 22:00:00+00:00;8
2014-08-07 22:00:00+00:00;10
2003-01-01 23:00:00+00:00;3
2027-07-16 00:00:00+00:00;4
2022-11-29 23:00:00+00:00;77
2016-03-07 23:00:00+00:00;23
2005-02-18 23:00:00+00:00;1
2027-04-19 22:00:00+00:00;1
2003-05-27 22:00:00+00:00;2
2024-11-06 23:00:00+00:00;4
2008-05-11 22:00:00+00:00;8
2007-11-30 23:00:00+00:00;11
2007-08-22 22:00:00+00:00;2
2004-06-10 22:00:00+00:00;2
2020-04-12 22:00:00+00:00;7
2024-06-08 22:00:00+00:00;4
2014-03-19 23:00:00+00:00;10
2015-09-20 22:00:00+00:00;15
2010-09-10 22:00:00+00:00;9
2027-02-28 08:40:50.988464+00:00;1
2023-04-30 22:00:00+00:00;19
2005-04-17 22:00:00+00:00;3
2003-09-09 22:00:00+00:00;3
2016-06-12 22:00:00+00:00;10
2004-02-02 23:00:00+00:00;1
2005-01-26 23:00:00+00:00;5
2027-04-17 12:17:18.293000+00:00;1
2024-12-21 23:00:00+00:00;3
1994-01-05 23:00:00+00:00;7
2016-08-10 22:00:00+00:00;1
2015-08-14 22:00:00+00:00;6
2020-04-16 22:00:00+00:00;20
2008-11-13 23:00:00+00:00;8
1995-02-14 23:00:00+00:00;1
2016-03-05 23:00:00+00:00;7
2027-06-17 14:40:37.427000+00:00;1
1993-08-31 22:00:00+00:00;2
2020-06-23 22:00:00+00:00;5
2001-07-20 22:00:00+00:00;3
2027-04-29 06:53:05.904000+00:00;1
1999-03-18 23:00:00+00:00;1
2022-03-16 23:00:00+00:00;8
2011-12-27 23:00:00+00:00;1
2001-09-08 22:00:00+00:00;1
2026-03-04 00:00:00+00:00;2
2018-02-27 23:00:00+00:00;31
2020-02-21 07:56:11.281814+00:00;1
2022-07-27 22:00:00+00:00;9
2013-03-13 23:00:00+00:00;1
2004-06-23 22:00:00+00:00;2
2016-04-18 22:00:00+00:00;11
2020-05-21 22:00:00+00:00;14
2014-04-15 22:00:00+00:00;4
2007-04-23 22:00:00+00:00;4
2018-02-11 23:00:00+00:00;3
2018-01-23 23:00:00+00:00;4
2005-07-30 22:00:00+00:00;10
2012-02-27 23:00:00+00:00;2
2020-11-14 23:00:00+00:00;5
1961-11-30 23:00:00+00:00;1
2014-03-11 23:00:00+00:00;7
1999-05-04 22:00:00+00:00;1
2027-07-18 10:27:03.764000+00:00;1
2027-05-30 12:22:12.960000+00:00;1
1990-06-20 22:00:00+00:00;1
2003-09-19 22:00:00+00:00;1
2027-05-21 15:06:55.231000+00:00;1
1985-10-31 23:00:00+00:00;1
2015-05-25 22:00:00+00:00;7
2006-09-17 22:00:00+00:00;9
2025-05-10 22:00:00+00:00;4
2027-06-18 20:04:48.017000+00:00;1
2025-10-11 22:00:00+00:00;8
2002-01-27 23:00:00+00:00;2
2022-03-27 22:00:00+00:00;2
2026-03-22 23:00:00+00:00;2
1986-07-31 22:00:00+00:00;1
1997-11-20 23:00:00+00:00;3
2024-10-03 22:00:00+00:00;7
1999-11-09 23:00:00+00:00;1
2018-05-25 22:00:00+00:00;3
2016-02-10 23:00:00+00:00;11
2026-11-12 00:00:00+00:00;1
2026-09-16 22:00:00+00:00;7
2033-07-11 22:00:00+00:00;1
2000-01-26 23:00:00+00:00;1
2021-11-19 23:00:00+00:00;10
2006-08-03 22:00:00+00:00;4
2008-08-18 22:00:00+00:00;12
2020-02-20 23:00:00+00:00;13
2019-02-28 23:00:00+00:00;14
2005-08-04 22:00:00+00:00;5
2015-12-27 23:00:00+00:00;3
2027-07-29 12:29:51.667000+00:00;1
2016-02-09 23:00:00+00:00;12
2008-12-14 23:00:00+00:00;11
2017-01-20 23:00:00+00:00;11
2039-07-23 22:00:00+00:00;1
2025-02-17 23:00:00+00:00;2
2024-09-28 22:00:00+00:00;5
2016-12-24 23:00:00+00:00;4
2021-05-23 22:00:00+00:00;4
2017-08-08 22:00:00+00:00;1
2011-10-08 22:00:00+00:00;10
2025-07-24 22:00:00+00:00;7
2024-12-15 23:00:00+00:00;6
2010-11-12 23:00:00+00:00;15
2020-10-14 22:00:00+00:00;9
2022-08-23 22:00:00+00:00;10
2009-09-24 22:00:00+00:00;9
2005-06-21 22:00:00+00:00;1
2002-03-27 23:00:00+00:00;1
2027-06-26 15:45:21.693000+00:00;1
2020-10-23 22:00:00+00:00;3
2023-03-24 23:00:00+00:00;3
2007-11-04 23:00:00+00:00;13
2027-03-30 22:00:00+00:00;5
2008-09-22 22:00:00+00:00;16
2015-11-06 23:00:00+00:00;13
2001-07-01 22:00:00+00:00;2
2037-07-24 22:00:00+00:00;1
2021-12-06 23:00:00+00:00;5
2006-06-25 22:00:00+00:00;9
2006-04-24 22:00:00+00:00;2
2007-01-31 23:00:00+00:00;6
2001-09-05 22:00:00+00:00;4
2027-03-12 00:00:00+00:00;4
2008-03-09 23:00:00+00:00;10
2011-01-10 23:00:00+00:00;5
2005-11-03 23:00:00+00:00;3
2009-11-09 23:00:00+00:00;13
2017-12-03 23:00:00+00:00;7
2032-08-15 22:00:00+00:00;1
2006-03-15 23:00:00+00:00;13
2006-11-06 23:00:00+00:00;2
2023-10-20 22:00:00+00:00;7
2013-02-19 23:00:00+00:00;8
1952-05-17 23:00:00+00:00;1
2019-05-15 22:00:00+00:00;10
2022-08-07 22:00:00+00:00;2
2018-02-04 23:00:00+00:00;6
2011-09-16 22:00:00+00:00;17
2009-12-06 23:00:00+00:00;12
1997-11-14 23:00:00+00:00;1
1997-08-30 22:00:00+00:00;1
2009-03-21 23:00:00+00:00;16
2002-02-02 23:00:00+00:00;2
2006-02-02 23:00:00+00:00;3
2003-03-12 23:00:00+00:00;2
2005-10-26 22:00:00+00:00;2
1999-05-20 22:00:00+00:00;1
2027-03-23 23:00:00+00:00;9
1998-06-03 22:00:00+00:00;1
2020-01-31 07:14:09.018199+00:00;1
2025-12-07 23:00:00+00:00;10
2013-08-11 22:00:00+00:00;15
1971-06-23 23:00:00+00:00;1
1940-01-05 23:00:00+00:00;1
1983-03-22 23:00:00+00:00;1
2024-11-17 23:00:00+00:00;3
1991-03-19 23:00:00+00:00;1
2014-10-27 23:00:00+00:00;1
2011-06-16 22:00:00+00:00;8
2009-01-19 23:00:00+00:00;12
2025-11-15 23:00:00+00:00;5
2018-05-23 22:00:00+00:00;5
2016-09-20 22:00:00+00:00;14
1991-09-10 22:00:00+00:00;1
1992-01-12 23:00:00+00:00;2
2017-03-18 23:00:00+00:00;9
2014-07-10 22:00:00+00:00;2
2011-03-10 23:00:00+00:00;13
2016-06-24 22:00:00+00:00;14
2027-03-31 22:00:00+00:00;5
2016-02-24 23:00:00+00:00;19
2032-07-15 22:00:00+00:00;1
2004-11-27 23:00:00+00:00;3
2027-02-12 23:00:00+00:00;13
2024-02-13 23:00:00+00:00;8
2019-12-23 23:00:00+00:00;7
2009-07-21 22:00:00+00:00;4
2018-10-01 22:00:00+00:00;4
2019-06-14 22:00:00+00:00;2
2026-11-17 23:00:00+00:00;10
2013-08-01 22:00:00+00:00;6
2014-11-22 23:00:00+00:00;12
2003-03-06 23:00:00+00:00;1
2018-11-23 23:00:00+00:00;8
2016-12-21 23:00:00+00:00;17
1994-05-01 22:00:00+00:00;1
1973-01-17 23:00:00+00:00;1
2021-08-08 22:00:00+00:00;4
1999-07-14 22:00:00+00:00;1
2011-01-20 23:00:00+00:00;14
2012-01-30 23:00:00+00:00;3
2001-09-15 22:00:00+00:00;2
1961-04-10 23:00:00+00:00;1
2017-01-19 23:00:00+00:00;16
2007-02-03 23:00:00+00:00;4
2017-07-12 22:00:00+00:00;10
2024-02-05 23:00:00+00:00;6
2027-07-30 12:06:36.976000+00:00;1
2011-03-15 23:00:00+00:00;6
2005-02-06 23:00:00+00:00;5
2008-07-08 22:00:00+00:00;2
2021-11-01 23:00:00+00:00;2
2021-01-13 23:00:00+00:00;9
2023-11-11 23:00:00+00:00;8
2027-04-30 22:00:00+00:00;1
2027-04-18 00:00:00+00:00;5
2027-07-25 08:51:09.578000+00:00;1
2018-12-11 23:00:00+00:00;13
2005-05-21 22:00:00+00:00;4
2018-08-09 22:00:00+00:00;15
2013-09-12 22:00:00+00:00;7
2024-07-22 22:00:00+00:00;2
1979-11-29 23:00:00+00:00;1
2016-10-14 22:00:00+00:00;14
2027-06-03 14:44:11.047000+00:00;1
2022-12-08 23:00:00+00:00;14
2020-06-26 05:58:42.943332+00:00;1
1971-02-02 23:00:00+00:00;1
2015-07-03 22:00:00+00:00;14
2005-09-06 22:00:00+00:00;3
1995-03-25 23:00:00+00:00;1
2010-07-30 22:00:00+00:00;11
2016-01-31 23:00:00+00:00;34
2027-07-15 00:00:00+00:00;10
2015-02-19 23:00:00+00:00;9
2006-12-13 23:00:00+00:00;5
2024-07-09 22:00:00+00:00;2
2010-11-20 23:00:00+00:00;10
2019-05-19 22:00:00+00:00;4
1991-11-19 23:00:00+00:00;1
2025-11-13 23:00:00+00:00;9
2000-06-30 22:00:00+00:00;26
2017-07-21 22:00:00+00:00;3
2005-03-26 23:00:00+00:00;8
2005-09-20 22:00:00+00:00;2
2023-07-24 22:00:00+00:00;7
2015-11-02 23:00:00+00:00;16
2009-03-10 23:00:00+00:00;1
2012-12-20 23:00:00+00:00;10
1975-10-22 23:00:00+00:00;1
2018-11-19 23:00:00+00:00;6
2009-06-16 22:00:00+00:00;4
2024-10-09 22:00:00+00:00;10
2005-03-12 23:00:00+00:00;3
2015-01-08 23:00:00+00:00;10
2005-08-25 22:00:00+00:00;3
2025-12-27 23:00:00+00:00;1
2012-11-03 23:00:00+00:00;16
2027-06-23 09:22:40.467000+00:00;1
2024-10-05 22:00:00+00:00;5
2001-01-05 23:00:00+00:00;7
2003-08-12 22:00:00+00:00;4
2010-10-25 22:00:00+00:00;2
2004-04-05 22:00:00+00:00;1
2016-01-17 23:00:00+00:00;9
2021-05-24 22:00:00+00:00;8
2023-11-05 23:00:00+00:00;2
2016-09-02 22:00:00+00:00;8
2022-04-04 22:00:00+00:00;5
2027-06-12 09:32:37.519000+00:00;1
2017-08-28 22:00:00+00:00;6
2014-01-10 23:00:00+00:00;11
2012-07-09 22:00:00+00:00;10
2027-07-08 13:46:19.708000+00:00;1
2010-12-30 23:00:00+00:00;1
2003-10-08 22:00:00+00:00;3
2034-06-17 22:00:00+00:00;1
2013-05-22 22:00:00+00:00;5
2011-10-31 23:00:00+00:00;4
2006-03-27 22:00:00+00:00;3
2002-05-28 22:00:00+00:00;2
2026-11-06 23:00:00+00:00;11
2021-08-18 22:00:00+00:00;8
2004-09-10 22:00:00+00:00;3
2020-11-22 23:00:00+00:00;6
2001-06-12 22:00:00+00:00;1
2022-02-12 23:00:00+00:00;3
2021-11-07 23:00:00+00:00;8
2011-02-02 23:00:00+00:00;14
1948-08-04 22:00:00+00:00;1
2010-03-28 22:00:00+00:00;11
2019-09-09 22:00:00+00:00;7
2024-08-09 22:00:00+00:00;22
2024-05-07 22:00:00+00:00;4
2018-12-01 23:00:00+00:00;2
2010-06-15 22:00:00+00:00;1
2010-05-22 22:00:00+00:00;24
2008-03-08 23:00:00+00:00;10
2020-12-29 23:00:00+00:00;8
2007-06-30 22:00:00+00:00;8
2019-10-23 13:34:26.314586+00:00;1
1990-10-29 23:00:00+00:00;1
1993-04-29 22:00:00+00:00;1
2025-07-23 22:00:00+00:00;6
2027-04-29 00:00:00+00:00;8
2008-09-09 22:00:00+00:00;3
2004-09-06 22:00:00+00:00;1
2015-08-09 22:00:00+00:00;6
2016-08-31 22:00:00+00:00;12
2013-04-11 22:00:00+00:00;14
2014-12-11 23:00:00+00:00;14
1973-10-31 23:00:00+00:00;1
2009-12-24 23:00:00+00:00;3
2016-03-03 23:00:00+00:00;11
2014-08-03 22:00:00+00:00;8
2010-03-07 23:00:00+00:00;12
2032-08-01 22:00:00+00:00;1
2020-04-06 22:00:00+00:00;5
2017-06-22 22:00:00+00:00;4
2004-02-15 23:00:00+00:00;1
2003-05-14 22:00:00+00:00;1
2019-12-17 23:00:00+00:00;15
2014-01-29 23:00:00+00:00;4
2011-07-16 22:00:00+00:00;14
2005-07-15 22:00:00+00:00;6
2021-03-29 22:00:00+00:00;11
2014-03-14 23:00:00+00:00;12
2018-11-26 23:00:00+00:00;3
2010-04-08 22:00:00+00:00;8
2015-07-12 22:00:00+00:00;10
2011-09-05 22:00:00+00:00;4
1997-08-05 22:00:00+00:00;1
2005-01-24 23:00:00+00:00;2
2004-12-20 23:00:00+00:00;1
2024-07-07 22:00:00+00:00;7
2017-07-08 22:00:00+00:00;1
2019-01-16 23:00:00+00:00;3
2000-11-15 23:00:00+00:00;1
2022-12-09 23:00:00+00:00;6
2017-07-04 22:00:00+00:00;4
2021-12-02 23:00:00+00:00;17
1979-02-02 23:00:00+00:00;1
2007-08-04 22:00:00+00:00;6
2020-09-28 22:00:00+00:00;5
2013-08-19 22:00:00+00:00;6
2016-05-30 22:00:00+00:00;17
2003-04-18 22:00:00+00:00;1
2023-08-25 22:00:00+00:00;3
2021-08-15 22:00:00+00:00;5
2016-09-24 22:00:00+00:00;10
2008-08-13 22:00:00+00:00;4
2021-06-28 22:00:00+00:00;3
2011-04-18 22:00:00+00:00;1
2012-07-12 22:00:00+00:00;9
2011-03-17 23:00:00+00:00;11
1996-10-31 23:00:00+00:00;6
1995-11-24 23:00:00+00:00;2
2024-03-12 23:00:00+00:00;1
2017-07-29 22:00:00+00:00;6
2016-01-11 23:00:00+00:00;3
2016-01-03 23:00:00+00:00;7
2011-03-03 23:00:00+00:00;15
1979-12-31 23:00:00+00:00;2
2011-02-09 23:00:00+00:00;6
2008-11-09 23:00:00+00:00;11
2009-09-16 22:00:00+00:00;1
2024-03-25 23:00:00+00:00;3
1977-12-31 23:00:00+00:00;1
2020-06-28 22:00:00+00:00;8
2014-10-18 22:00:00+00:00;12
2004-04-15 22:00:00+00:00;1
2008-11-17 23:00:00+00:00;10
2005-08-26 22:00:00+00:00;4
2008-11-30 23:00:00+00:00;12
2018-02-10 23:00:00+00:00;2
2011-02-19 23:00:00+00:00;9
2003-04-11 22:00:00+00:00;1
2025-06-18 22:00:00+00:00;8
2020-02-20 13:19:57.141676+00:00;1
2019-10-11 22:00:00+00:00;4
2011-06-02 22:00:00+00:00;14
2006-07-11 22:00:00+00:00;1
1998-04-20 22:00:00+00:00;1
2010-09-19 22:00:00+00:00;16
2018-12-06 23:00:00+00:00;10
2016-07-22 22:00:00+00:00;7
2008-04-02 22:00:00+00:00;5
2003-01-15 23:00:00+00:00;2
2016-01-29 23:00:00+00:00;13
1999-01-06 23:00:00+00:00;1
2023-06-12 22:00:00+00:00;8
2016-01-30 23:00:00+00:00;20
2011-11-30 23:00:00+00:00;4
1993-05-05 22:00:00+00:00;2
2009-10-14 22:00:00+00:00;5
2024-02-08 23:00:00+00:00;10
1980-09-05 22:00:00+00:00;1
2010-03-25 23:00:00+00:00;9
2013-08-27 22:00:00+00:00;10
2011-07-17 22:00:00+00:00;12
2005-06-19 22:00:00+00:00;6
2024-06-17 22:00:00+00:00;1
2018-06-03 22:00:00+00:00;4
2014-12-05 23:00:00+00:00;16
2010-06-29 22:00:00+00:00;2
2006-02-15 23:00:00+00:00;6
2009-08-01 22:00:00+00:00;8
2017-03-31 22:00:00+00:00;12
2017-07-22 22:00:00+00:00;1
2015-10-22 22:00:00+00:00;16
2031-11-14 23:00:00+00:00;1
2027-04-24 07:30:12.403000+00:00;1
2020-03-08 23:00:00+00:00;5
2011-12-18 23:00:00+00:00;4
2018-10-12 22:00:00+00:00;6
2015-09-09 22:00:00+00:00;9
2025-05-04 22:00:00+00:00;4
2030-12-15 23:00:00+00:00;1
2026-02-01 00:00:00+00:00;2
2019-02-06 23:00:00+00:00;14
2019-10-24 12:32:04.479683+00:00;1
2017-05-12 22:00:00+00:00;5
2009-05-11 22:00:00+00:00;13
2003-06-14 22:00:00+00:00;2
2008-01-26 23:00:00+00:00;7
2016-06-21 22:00:00+00:00;11
2021-02-05 23:00:00+00:00;6
2015-11-27 23:00:00+00:00;14
2007-02-26 23:00:00+00:00;1
2008-02-02 23:00:00+00:00;20
2022-02-27 23:00:00+00:00;63
1991-07-11 22:00:00+00:00;1
2017-08-16 22:00:00+00:00;12
2007-05-31 22:00:00+00:00;8
2019-12-29 23:00:00+00:00;4
2019-09-27 22:00:00+00:00;3
2020-02-11 23:00:00+00:00;5
2022-03-03 23:00:00+00:00;24
2006-08-25 22:00:00+00:00;6
2017-01-24 23:00:00+00:00;8
2017-07-13 22:00:00+00:00;7
1968-04-19 23:00:00+00:00;1
2017-10-09 22:00:00+00:00;7
2011-01-01 23:00:00+00:00;73
1992-08-23 22:00:00+00:00;1
2006-12-25 23:00:00+00:00;2
1995-08-14 22:00:00+00:00;1
2006-04-02 22:00:00+00:00;7
1995-02-07 23:00:00+00:00;1
1996-01-30 23:00:00+00:00;1
2020-06-25 22:00:00+00:00;19
2010-12-03 23:00:00+00:00;14
1989-01-05 23:00:00+00:00;4
2010-07-07 22:00:00+00:00;6
2011-04-28 22:00:00+00:00;19
2025-04-08 22:00:00+00:00;2
2015-07-05 22:00:00+00:00;12
2004-06-30 22:00:00+00:00;25
2014-07-18 22:00:00+00:00;17
2023-11-07 23:00:00+00:00;6
2024-04-11 22:00:00+00:00;9
2010-09-07 22:00:00+00:00;3
2008-06-04 22:00:00+00:00;1
2023-12-09 23:00:00+00:00;1
2016-09-07 22:00:00+00:00;8
1991-01-23 23:00:00+00:00;1
2019-10-17 22:00:00+00:00;12
2027-05-01 07:33:04.123000+00:00;1
2008-08-06 22:00:00+00:00;1
2016-07-14 22:00:00+00:00;20
1991-10-22 23:00:00+00:00;1
2023-02-25 23:00:00+00:00;4
2023-10-11 22:00:00+00:00;13
2006-06-17 22:00:00+00:00;8
2018-12-21 23:00:00+00:00;5
2008-01-04 23:00:00+00:00;6
2021-11-23 23:00:00+00:00;6
2008-10-11 22:00:00+00:00;6
2003-06-06 22:00:00+00:00;1
2015-05-13 22:00:00+00:00;10
2012-01-15 23:00:00+00:00;13
2024-01-04 23:00:00+00:00;9
2014-12-28 23:00:00+00:00;2
2015-01-19 23:00:00+00:00;5
2010-03-18 23:00:00+00:00;59
2007-03-21 23:00:00+00:00;4
2005-10-24 22:00:00+00:00;3
2003-06-13 22:00:00+00:00;5
2012-06-08 22:00:00+00:00;9
2008-06-05 22:00:00+00:00;2
2013-01-11 23:00:00+00:00;11
2017-09-18 22:00:00+00:00;13
2017-09-06 22:00:00+00:00;7
2008-06-13 22:00:00+00:00;10
2008-07-01 22:00:00+00:00;12
2008-05-29 22:00:00+00:00;8
2012-04-25 22:00:00+00:00;6
2010-11-08 23:00:00+00:00;3
2027-06-26 07:23:54.584000+00:00;1
1999-02-01 23:00:00+00:00;1
1991-02-28 23:00:00+00:00;1
1992-10-10 23:00:00+00:00;1
1985-12-08 23:00:00+00:00;1
2003-02-15 23:00:00+00:00;2
2022-08-08 22:00:00+00:00;5
2016-11-21 23:00:00+00:00;16
2033-04-16 22:00:00+00:00;2
2027-01-13 00:00:00+00:00;1
2008-11-23 23:00:00+00:00;8
2012-07-20 22:00:00+00:00;9
1999-03-05 23:00:00+00:00;1
2008-04-30 22:00:00+00:00;2
2022-01-27 23:00:00+00:00;30
2008-08-30 22:00:00+00:00;12
2014-11-18 23:00:00+00:00;1
2004-10-20 22:00:00+00:00;2
2007-09-28 22:00:00+00:00;11
2018-02-08 23:00:00+00:00;7
2018-02-28 23:00:00+00:00;35
2013-09-10 22:00:00+00:00;7
2006-08-17 22:00:00+00:00;4
1993-04-01 22:00:00+00:00;1
2013-11-08 23:00:00+00:00;10
2020-10-03 22:00:00+00:00;3
2012-07-29 22:00:00+00:00;8
2014-01-24 23:00:00+00:00;13
2018-05-10 22:00:00+00:00;7
2009-04-07 22:00:00+00:00;3
2012-11-01 23:00:00+00:00;22
2010-07-24 22:00:00+00:00;7
2009-05-02 22:00:00+00:00;12
2003-06-16 22:00:00+00:00;2
1998-01-14 23:00:00+00:00;1
2015-02-11 23:00:00+00:00;7
2008-12-16 23:00:00+00:00;3
2021-11-24 23:00:00+00:00;21
2007-05-27 22:00:00+00:00;8
2015-09-07 22:00:00+00:00;10
2018-01-22 23:00:00+00:00;3
2008-06-28 22:00:00+00:00;12
2014-05-29 22:00:00+00:00;11
1991-11-29 23:00:00+00:00;2
2026-03-06 23:00:00+00:00;6
2017-02-28 23:00:00+00:00;44
2024-05-17 22:00:00+00:00;3
2001-10-15 22:00:00+00:00;2
2017-01-21 23:00:00+00:00;9
2023-03-03 23:00:00+00:00;3
2010-10-31 23:00:00+00:00;5
2021-12-01 23:00:00+00:00;9
1986-02-28 23:00:00+00:00;1
2026-10-25 23:00:00+00:00;1
2022-10-05 22:00:00+00:00;10
2010-11-05 23:00:00+00:00;7
2009-06-27 22:00:00+00:00;15
2006-11-08 23:00:00+00:00;5
2025-03-12 23:00:00+00:00;7
2003-09-08 22:00:00+00:00;1
1990-10-10 23:00:00+00:00;1
2015-05-27 22:00:00+00:00;9
2008-09-12 22:00:00+00:00;13
2022-10-16 22:00:00+00:00;3
2019-06-28 22:00:00+00:00;5
2021-04-11 22:00:00+00:00;7
2013-02-15 23:00:00+00:00;9
2017-07-23 22:00:00+00:00;7
2000-01-02 23:00:00+00:00;2
2024-09-15 22:00:00+00:00;5
2005-11-08 23:00:00+00:00;2
2003-05-05 22:00:00+00:00;1
2026-08-29 22:00:00+00:00;9
2019-11-19 13:03:00.363256+00:00;1
1998-07-09 22:00:00+00:00;4
2021-05-04 22:00:00+00:00;14
2007-01-28 23:00:00+00:00;11
1997-11-16 23:00:00+00:00;1
2015-12-18 23:00:00+00:00;12
2025-09-01 22:00:00+00:00;1
2018-03-15 23:00:00+00:00;7
2000-02-24 23:00:00+00:00;1
2020-02-22 23:00:00+00:00;5
2019-01-24 23:00:00+00:00;11
2024-02-06 23:00:00+00:00;6
2023-10-19 22:00:00+00:00;13
2013-06-20 22:00:00+00:00;9
2024-08-31 22:00:00+00:00;15
2007-03-26 22:00:00+00:00;4
2023-12-12 23:00:00+00:00;4
2024-07-08 22:00:00+00:00;1
2018-04-18 22:00:00+00:00;11
1965-12-31 23:00:00+00:00;1
2015-10-23 22:00:00+00:00;10
2012-02-08 23:00:00+00:00;5
2029-01-15 23:00:00+00:00;1
2004-04-21 22:00:00+00:00;4
2008-06-11 22:00:00+00:00;1
2023-03-06 23:00:00+00:00;9
2020-04-08 22:00:00+00:00;7
2004-07-31 22:00:00+00:00;9
2016-05-05 22:00:00+00:00;6
2023-01-04 23:00:00+00:00;3
2017-05-27 22:00:00+00:00;5
2005-03-06 23:00:00+00:00;7
2023-09-24 22:00:00+00:00;8
2005-07-01 22:00:00+00:00;6
1990-04-30 22:00:00+00:00;1
2008-06-17 22:00:00+00:00;3
2019-11-20 09:27:16.153311+00:00;1
2011-04-10 22:00:00+00:00;10
2004-05-06 22:00:00+00:00;2
2027-05-23 00:00:00+00:00;3
2000-11-01 23:00:00+00:00;8
2021-09-26 22:00:00+00:00;12
2019-11-07 07:54:07.570479+00:00;1
2025-01-30 23:00:00+00:00;24
2027-04-03 08:38:39.772465+00:00;1
2023-07-03 22:00:00+00:00;5
2019-11-03 23:00:00+00:00;7
2009-10-04 22:00:00+00:00;9
2025-08-14 22:00:00+00:00;6
2006-11-13 23:00:00+00:00;7
2015-05-14 22:00:00+00:00;10
2013-02-09 23:00:00+00:00;16
2022-05-12 22:00:00+00:00;15
2017-10-10 22:00:00+00:00;7
2006-02-08 23:00:00+00:00;8
2018-04-12 22:00:00+00:00;14
2011-10-30 23:00:00+00:00;3
2006-05-05 22:00:00+00:00;5
2009-07-11 22:00:00+00:00;4
2009-10-29 23:00:00+00:00;8
2030-02-15 23:00:00+00:00;2
2011-05-12 22:00:00+00:00;9
2003-05-11 22:00:00+00:00;1
2021-09-29 22:00:00+00:00;70
2001-11-09 23:00:00+00:00;3
2020-04-03 22:00:00+00:00;4
2027-07-16 15:10:35.027000+00:00;1
2034-02-15 23:00:00+00:00;1
1998-06-16 22:00:00+00:00;2
2002-09-04 22:00:00+00:00;14
2011-11-05 23:00:00+00:00;11
2003-11-26 23:00:00+00:00;1
2010-06-17 22:00:00+00:00;16
2018-04-30 22:00:00+00:00;18
2018-05-17 22:00:00+00:00;13
2003-03-11 23:00:00+00:00;1
2015-12-08 23:00:00+00:00;8
2026-10-05 22:00:00+00:00;2
1989-05-10 22:00:00+00:00;1
2011-10-11 22:00:00+00:00;2
1991-03-16 23:00:00+00:00;1
2025-03-04 23:00:00+00:00;1
2024-09-17 22:00:00+00:00;2
2022-04-24 22:00:00+00:00;5
2020-06-26 22:00:00+00:00;6
2027-06-26 15:12:16.813000+00:00;1
2027-06-30 00:00:00+00:00;7
2023-11-10 23:00:00+00:00;9
2006-01-12 23:00:00+00:00;8
2027-04-14 13:48:16.764000+00:00;1
2027-07-24 12:08:30.594000+00:00;1
2024-06-18 22:00:00+00:00;4
2017-07-05 22:00:00+00:00;10
1992-10-30 23:00:00+00:00;1
2003-09-28 22:00:00+00:00;1
1992-10-24 23:00:00+00:00;1
1999-02-20 23:00:00+00:00;1
1997-01-29 23:00:00+00:00;1
2023-12-03 23:00:00+00:00;4
2005-12-02 23:00:00+00:00;1
2021-09-17 22:00:00+00:00;3
2027-01-06 23:00:00+00:00;8
2014-09-17 22:00:00+00:00;9
2023-02-24 23:00:00+00:00;4
2016-06-18 22:00:00+00:00;12
2027-07-22 15:32:36.568000+00:00;1
2018-10-17 22:00:00+00:00;10
2009-04-10 22:00:00+00:00;11
2005-01-14 23:00:00+00:00;4
2015-07-24 22:00:00+00:00;6
2024-07-29 22:00:00+00:00;5
2008-05-16 22:00:00+00:00;8
2005-05-16 22:00:00+00:00;7
2022-01-28 23:00:00+00:00;2
2016-12-09 23:00:00+00:00;15
2019-05-04 22:00:00+00:00;1
2012-04-06 22:00:00+00:00;7
2004-11-09 23:00:00+00:00;3
2016-01-04 23:00:00+00:00;5
2012-03-05 23:00:00+00:00;13
2001-04-09 22:00:00+00:00;1
2020-03-07 23:00:00+00:00;3
2020-07-12 22:00:00+00:00;7
2015-02-20 23:00:00+00:00;4
2006-09-25 22:00:00+00:00;5
1988-04-08 22:00:00+00:00;2
2003-08-14 22:00:00+00:00;1
2008-03-31 22:00:00+00:00;11
2026-03-18 23:00:00+00:00;14
2022-04-25 22:00:00+00:00;5
2004-11-16 23:00:00+00:00;1
2016-11-09 23:00:00+00:00;37
2027-06-12 09:56:28.068000+00:00;1
2023-12-02 23:00:00+00:00;1
2016-06-07 22:00:00+00:00;11
2013-08-29 22:00:00+00:00;4
2008-10-25 22:00:00+00:00;14
2014-02-06 23:00:00+00:00;12
1990-09-20 22:00:00+00:00;1
2023-01-08 23:00:00+00:00;2
1996-06-23 22:00:00+00:00;2
2024-10-15 22:00:00+00:00;4
2021-06-19 22:00:00+00:00;5
2017-04-16 22:00:00+00:00;11
2009-05-06 22:00:00+00:00;3
2014-10-22 22:00:00+00:00;9
2020-11-04 23:00:00+00:00;11
2012-09-11 22:00:00+00:00;3
2027-04-17 10:58:50.651000+00:00;1
2023-06-18 22:00:00+00:00;5
2018-12-17 23:00:00+00:00;12
2002-10-16 22:00:00+00:00;2
2022-05-22 22:00:00+00:00;4
2007-02-08 23:00:00+00:00;2
2012-12-04 23:00:00+00:00;4
2004-04-23 22:00:00+00:00;6
2011-05-03 22:00:00+00:00;3
2014-07-20 22:00:00+00:00;12
2015-03-08 23:00:00+00:00;8
2026-03-13 23:00:00+00:00;9
2022-07-09 22:00:00+00:00;5
2016-03-24 23:00:00+00:00;14
2022-02-21 23:00:00+00:00;11
2013-04-19 22:00:00+00:00;12
2002-11-20 23:00:00+00:00;2
2015-09-29 22:00:00+00:00;16
2018-08-15 22:00:00+00:00;6
2018-04-04 22:00:00+00:00;10
2005-10-14 22:00:00+00:00;6
2034-05-17 22:00:00+00:00;2
2021-09-18 22:00:00+00:00;2
2019-11-08 23:00:00+00:00;7
1995-03-26 22:00:00+00:00;1
1986-12-31 23:00:00+00:00;5
2026-11-11 23:00:00+00:00;8
2018-06-14 22:00:00+00:00;11
2015-07-29 22:00:00+00:00;10
2002-11-30 23:00:00+00:00;11
2017-08-24 22:00:00+00:00;12
2015-10-24 22:00:00+00:00;14
2009-07-09 22:00:00+00:00;6
2010-06-20 22:00:00+00:00;10
2025-08-12 22:00:00+00:00;1
2033-07-16 22:00:00+00:00;6
2011-11-09 23:00:00+00:00;8
2011-03-22 23:00:00+00:00;2
2007-09-13 22:00:00+00:00;11
1992-04-16 22:00:00+00:00;1
2020-08-13 22:00:00+00:00;10
2003-05-17 22:00:00+00:00;3
2024-08-16 22:00:00+00:00;4
2000-08-23 22:00:00+00:00;2
2010-06-28 22:00:00+00:00;7
2026-04-04 22:00:00+00:00;11
2004-08-08 22:00:00+00:00;2
2023-06-25 22:00:00+00:00;7
1999-10-18 22:00:00+00:00;1
2016-07-10 22:00:00+00:00;26
2018-03-24 23:00:00+00:00;1
2016-04-05 22:00:00+00:00;20
2026-07-26 22:00:00+00:00;1
2013-06-07 22:00:00+00:00;7
2013-03-27 23:00:00+00:00;3
2020-01-23 23:00:00+00:00;16
1998-09-27 22:00:00+00:00;1
2027-05-14 14:07:09.118000+00:00;1
2019-09-02 22:00:00+00:00;4
2024-11-10 23:00:00+00:00;4
2014-04-08 22:00:00+00:00;3
2025-04-16 22:00:00+00:00;2
2007-01-04 23:00:00+00:00;1
2017-10-28 22:00:00+00:00;2
2023-02-21 23:00:00+00:00;11
1997-09-10 22:00:00+00:00;2
2027-06-10 13:47:23.559000+00:00;1
2011-04-16 22:00:00+00:00;16
2026-05-09 22:00:00+00:00;6
1995-04-16 22:00:00+00:00;1
2026-09-06 22:00:00+00:00;1
2023-02-27 23:00:00+00:00;64
2024-03-08 23:00:00+00:00;4
2022-03-10 23:00:00+00:00;13
2017-05-16 22:00:00+00:00;13
2002-05-07 22:00:00+00:00;1
1994-08-14 22:00:00+00:00;1
2016-08-04 22:00:00+00:00;7
2019-06-20 22:00:00+00:00;11
2002-04-25 22:00:00+00:00;1
2002-06-19 22:00:00+00:00;1
2008-07-02 22:00:00+00:00;5
2010-11-11 23:00:00+00:00;10
2008-04-20 22:00:00+00:00;10
2020-12-09 23:00:00+00:00;14
2017-07-15 22:00:00+00:00;2
2013-08-06 22:00:00+00:00;6
2006-01-07 23:00:00+00:00;2
2012-08-05 22:00:00+00:00;9
2023-06-13 22:00:00+00:00;6
2006-06-04 22:00:00+00:00;4
2015-10-07 22:00:00+00:00;14
1990-03-27 22:00:00+00:00;1
2015-10-15 22:00:00+00:00;16
2019-11-27 10:17:03.673233+00:00;1
2015-06-11 22:00:00+00:00;12
2003-06-30 22:00:00+00:00;14
2025-10-04 22:00:00+00:00;19
2013-05-26 22:00:00+00:00;15
2012-06-05 22:00:00+00:00;2
2027-02-11 00:00:00+00:00;2
2024-04-06 22:00:00+00:00;5
2013-08-28 22:00:00+00:00;2
2027-04-10 00:00:00+00:00;8
2025-09-30 22:00:00+00:00;4
2007-12-01 23:00:00+00:00;16
2000-08-26 22:00:00+00:00;2
2022-09-30 22:00:00+00:00;20
2026-07-03 22:00:00+00:00;10
2010-02-18 23:00:00+00:00;23
2025-08-10 22:00:00+00:00;2
2011-06-10 22:00:00+00:00;19
1992-02-15 23:00:00+00:00;1
2020-09-13 22:00:00+00:00;4
2007-11-25 23:00:00+00:00;9
2016-02-06 23:00:00+00:00;9
2015-04-04 22:00:00+00:00;13
2011-08-22 22:00:00+00:00;1
2003-07-25 22:00:00+00:00;5
2027-03-21 23:00:00+00:00;1
2006-08-19 22:00:00+00:00;5
2001-07-04 22:00:00+00:00;2
2021-09-13 22:00:00+00:00;5
2025-03-03 23:00:00+00:00;1
2005-09-26 22:00:00+00:00;9
2012-08-26 22:00:00+00:00;13
2017-12-11 23:00:00+00:00;5
2027-01-13 23:00:00+00:00;12
2005-01-23 23:00:00+00:00;1
2012-09-19 22:00:00+00:00;3
2010-11-16 23:00:00+00:00;9
2005-12-14 23:00:00+00:00;1
2016-08-23 22:00:00+00:00;5
2015-04-13 22:00:00+00:00;1
2014-11-04 23:00:00+00:00;3
2015-01-16 23:00:00+00:00;14
2013-09-29 22:00:00+00:00;8
2015-03-01 23:00:00+00:00;9
2005-03-18 23:00:00+00:00;9
2022-04-30 22:00:00+00:00;17
2009-06-11 22:00:00+00:00;8
2016-05-17 22:00:00+00:00;11
2020-02-20 08:38:25.866080+00:00;1
2026-05-28 22:00:00+00:00;19
2005-08-15 22:00:00+00:00;4
2015-05-24 22:00:00+00:00;2
2019-11-06 23:00:00+00:00;6
2022-11-10 23:00:00+00:00;7
2021-03-24 23:00:00+00:00;10
2014-07-13 22:00:00+00:00;11
2008-07-31 22:00:00+00:00;6
2027-06-16 06:12:34.608000+00:00;1
2010-03-03 23:00:00+00:00;9
2019-03-30 23:00:00+00:00;15
2018-01-31 23:00:00+00:00;22
2026-11-21 00:00:00+00:00;1
2018-03-27 22:00:00+00:00;10
2023-04-20 22:00:00+00:00;12
1990-02-28 23:00:00+00:00;5
2019-05-22 22:00:00+00:00;8
2008-10-31 23:00:00+00:00;8
2005-12-27 23:00:00+00:00;1
2022-07-25 22:00:00+00:00;3
2018-08-08 22:00:00+00:00;5
2012-12-27 23:00:00+00:00;3
2010-11-19 23:00:00+00:00;11
2005-12-18 23:00:00+00:00;1
2009-02-13 23:00:00+00:00;9
2004-05-28 22:00:00+00:00;2
2026-10-17 00:00:00+00:00;1
2009-06-03 22:00:00+00:00;3
2009-07-19 22:00:00+00:00;16
2013-02-06 23:00:00+00:00;4
2023-12-11 23:00:00+00:00;6
2026-10-22 22:00:00+00:00;6
1997-05-24 22:00:00+00:00;1
1989-01-31 23:00:00+00:00;1
2022-05-26 22:00:00+00:00;24
2015-12-11 23:00:00+00:00;15
2023-10-15 22:00:00+00:00;6
2025-06-14 22:00:00+00:00;6
2011-06-23 22:00:00+00:00;11
2011-02-01 23:00:00+00:00;23
2004-02-22 23:00:00+00:00;1
2025-08-02 22:00:00+00:00;5
2027-05-07 13:22:43.206000+00:00;1
2025-03-20 23:00:00+00:00;10
1987-03-08 23:00:00+00:00;1
2017-10-13 22:00:00+00:00;3
1996-04-11 22:00:00+00:00;1
2009-10-25 23:00:00+00:00;12
2013-10-19 22:00:00+00:00;9
2011-10-26 22:00:00+00:00;9
2002-05-18 22:00:00+00:00;3
2014-12-18 23:00:00+00:00;8
2019-03-05 23:00:00+00:00;6
1991-05-14 22:00:00+00:00;1
1989-09-23 22:00:00+00:00;1
2027-06-16 11:16:42.716000+00:00;1
2010-07-19 22:00:00+00:00;1
2003-01-16 23:00:00+00:00;1
2022-07-18 22:00:00+00:00;2
2014-01-19 23:00:00+00:00;16
2030-05-17 22:00:00+00:00;5
2027-07-10 12:47:50.638000+00:00;1
2008-08-19 22:00:00+00:00;3
2019-11-21 23:00:00+00:00;8
2022-08-26 22:00:00+00:00;1
2015-03-11 23:00:00+00:00;8
2003-12-05 23:00:00+00:00;3
1999-11-28 23:00:00+00:00;1
2004-11-17 23:00:00+00:00;2
2027-02-17 15:44:00.210251+00:00;1
2003-12-16 23:00:00+00:00;3
2001-01-04 23:00:00+00:00;1
2007-12-13 23:00:00+00:00;8
2020-02-20 08:25:55.681070+00:00;1
2025-11-09 23:00:00+00:00;4
2003-09-26 22:00:00+00:00;3
2025-05-24 22:00:00+00:00;6
2007-04-29 22:00:00+00:00;8
2019-11-06 15:06:20.784866+00:00;1
2015-07-09 22:00:00+00:00;7
2027-06-24 00:00:00+00:00;3
2021-02-08 23:00:00+00:00;5
2004-03-14 23:00:00+00:00;3
1990-11-30 23:00:00+00:00;1
2025-06-07 22:00:00+00:00;3
2027-04-24 13:49:53.208000+00:00;1
1994-09-07 22:00:00+00:00;1
2005-12-04 23:00:00+00:00;5
2006-01-29 23:00:00+00:00;6
2004-09-03 22:00:00+00:00;2
2023-02-01 23:00:00+00:00;11
1993-01-13 23:00:00+00:00;2
2026-10-11 22:00:00+00:00;4
2009-02-16 23:00:00+00:00;17
2027-06-30 05:26:43.007000+00:00;1
2010-05-19 22:00:00+00:00;8
2015-11-10 23:00:00+00:00;6
2026-09-26 00:00:00+00:00;2
2017-10-25 22:00:00+00:00;3
2027-06-20 14:00:03.838000+00:00;1
2015-04-05 22:00:00+00:00;17
1995-06-20 22:00:00+00:00;2
2009-10-16 22:00:00+00:00;11
2019-11-06 15:14:06.606089+00:00;1
2024-08-28 22:00:00+00:00;7
2027-01-08 23:00:00+00:00;14
2006-08-06 22:00:00+00:00;10
1999-12-17 23:00:00+00:00;1
2025-04-20 22:00:00+00:00;6
2011-11-14 23:00:00+00:00;4
2001-04-14 22:00:00+00:00;1
2017-01-28 23:00:00+00:00;19
2016-08-15 22:00:00+00:00;15
2007-03-02 23:00:00+00:00;6
2021-03-31 22:00:00+00:00;20
2005-09-14 22:00:00+00:00;4
2027-06-30 09:55:46.349000+00:00;1
2015-01-14 23:00:00+00:00;6
2004-12-19 23:00:00+00:00;2
2005-04-29 22:00:00+00:00;2
2009-09-07 22:00:00+00:00;13
2007-01-23 23:00:00+00:00;7
2027-01-23 23:00:00+00:00;6
2003-11-07 23:00:00+00:00;1
2015-06-12 22:00:00+00:00;10
2018-06-01 22:00:00+00:00;1
2027-07-30 22:00:00+00:00;1
2021-07-22 22:00:00+00:00;13
2019-11-14 12:44:55.182927+00:00;1
2008-01-20 23:00:00+00:00;19
2017-04-19 22:00:00+00:00;6
2015-11-05 23:00:00+00:00;30
2022-05-15 22:00:00+00:00;3
2013-12-15 23:00:00+00:00;10
2018-01-17 23:00:00+00:00;6
2006-07-21 22:00:00+00:00;5
2005-01-29 23:00:00+00:00;4
2026-07-17 22:00:00+00:00;13
2003-06-04 22:00:00+00:00;1
2018-07-07 22:00:00+00:00;3
2027-06-17 07:09:08.456000+00:00;1
2008-03-19 23:00:00+00:00;7
2006-02-22 23:00:00+00:00;5
2017-02-27 23:00:00+00:00;56
2003-08-05 22:00:00+00:00;1
2014-03-15 23:00:00+00:00;11
2014-10-15 22:00:00+00:00;11
2002-10-14 22:00:00+00:00;1
2020-07-15 22:00:00+00:00;7
2026-04-03 22:00:00+00:00;17
2012-06-01 22:00:00+00:00;10
2012-08-24 22:00:00+00:00;14
2014-12-12 23:00:00+00:00;9
2012-09-15 22:00:00+00:00;11
2008-02-24 23:00:00+00:00;18
2011-10-23 22:00:00+00:00;7
2024-06-13 22:00:00+00:00;17
2015-08-19 11:45:19.712000+00:00;1
2008-06-01 22:00:00+00:00;17
2013-11-16 23:00:00+00:00;9
2023-02-07 23:00:00+00:00;7
1997-05-02 22:00:00+00:00;2
2004-12-13 23:00:00+00:00;1
2017-12-04 23:00:00+00:00;5
2016-02-03 23:00:00+00:00;11
2009-07-15 22:00:00+00:00;4
2018-01-24 23:00:00+00:00;5
2023-05-15 22:00:00+00:00;3
2022-04-20 22:00:00+00:00;13
2016-08-05 22:00:00+00:00;9
2010-01-19 23:00:00+00:00;2
2010-12-15 23:00:00+00:00;15
2022-10-20 22:00:00+00:00;13
2007-07-20 22:00:00+00:00;9
1997-12-17 23:00:00+00:00;1
2004-04-09 22:00:00+00:00;1
2005-09-13 22:00:00+00:00;1
1999-10-27 22:00:00+00:00;1
2012-02-11 23:00:00+00:00;11
2009-09-02 22:00:00+00:00;8
2011-03-27 22:00:00+00:00;11
2006-01-01 23:00:00+00:00;4
2019-11-17 23:00:00+00:00;4
2000-01-11 23:00:00+00:00;2
2022-12-31 23:00:00+00:00;10
2011-06-08 22:00:00+00:00;17
2023-05-29 22:00:00+00:00;11
1987-08-20 22:00:00+00:00;1
2005-05-14 22:00:00+00:00;2
2010-03-19 23:00:00+00:00;11
2013-11-05 23:00:00+00:00;4
2005-10-03 22:00:00+00:00;4
2007-09-21 22:00:00+00:00;8
1998-03-19 23:00:00+00:00;2
2021-12-31 23:00:00+00:00;21
2022-10-28 22:00:00+00:00;9
2027-05-24 00:00:00+00:00;1
1994-09-22 22:00:00+00:00;3
2019-10-23 22:00:00+00:00;9
2019-10-30 23:00:00+00:00;56
2011-06-30 22:00:00+00:00;9
2033-09-03 22:00:00+00:00;1
1997-09-18 22:00:00+00:00;2
2018-07-23 22:00:00+00:00;7
2005-08-19 22:00:00+00:00;1
2026-11-03 23:00:00+00:00;4
2025-08-02 00:00:00+00:00;1
2007-07-17 22:00:00+00:00;2
2013-03-07 23:00:00+00:00;6
2008-11-11 23:00:00+00:00;3
1999-04-24 22:00:00+00:00;1
2023-05-16 22:00:00+00:00;6
1996-11-12 23:00:00+00:00;1
1993-03-17 23:00:00+00:00;1
2025-12-03 23:00:00+00:00;3
2002-02-20 23:00:00+00:00;2
2026-06-03 22:00:00+00:00;19
1997-05-14 22:00:00+00:00;1
2010-05-12 22:00:00+00:00;2
2013-06-23 22:00:00+00:00;11
2003-04-26 22:00:00+00:00;1
1995-01-13 23:00:00+00:00;1
2025-02-01 23:00:00+00:00;6
2013-07-23 22:00:00+00:00;7
1999-10-06 22:00:00+00:00;1
2025-03-08 23:00:00+00:00;5
2025-04-06 22:00:00+00:00;3
2023-12-31 23:00:00+00:00;12
2012-01-31 23:00:00+00:00;5
2001-10-16 22:00:00+00:00;1
1984-04-20 22:00:00+00:00;1
2026-11-20 23:00:00+00:00;13
2005-12-22 23:00:00+00:00;1
2026-11-12 23:00:00+00:00;15
2023-12-04 23:00:00+00:00;8
2007-03-06 23:00:00+00:00;3
2012-10-27 22:00:00+00:00;15
2023-07-13 22:00:00+00:00;8
2012-10-11 22:00:00+00:00;6
2013-01-27 23:00:00+00:00;22
2017-09-21 22:00:00+00:00;10
2020-10-20 22:00:00+00:00;4
2022-01-14 23:00:00+00:00;3
2017-05-26 22:00:00+00:00;9
2006-08-14 22:00:00+00:00;5
1993-01-23 23:00:00+00:00;1
2006-09-03 22:00:00+00:00;7
2010-03-06 23:00:00+00:00;15
2016-04-09 22:00:00+00:00;12
2007-08-02 22:00:00+00:00;10
2019-10-07 22:00:00+00:00;3
2009-05-26 22:00:00+00:00;4
2024-10-25 22:00:00+00:00;9
2012-10-16 22:00:00+00:00;7
1999-09-09 22:00:00+00:00;1
2025-07-25 22:00:00+00:00;11
2022-03-24 23:00:00+00:00;27
2007-02-09 23:00:00+00:00;8
2010-06-18 22:00:00+00:00;20
2019-10-06 22:00:00+00:00;5
2008-05-03 22:00:00+00:00;9
2006-08-09 22:00:00+00:00;4
2008-12-02 23:00:00+00:00;5
2027-06-11 08:51:10.537000+00:00;1
2011-09-22 22:00:00+00:00;14
2008-08-23 22:00:00+00:00;8
2005-11-30 23:00:00+00:00;12
2005-02-16 23:00:00+00:00;2
2024-01-03 23:00:00+00:00;3
2026-09-01 00:00:00+00:00;1
2017-05-18 22:00:00+00:00;17
2006-10-01 22:00:00+00:00;9
2005-08-30 22:00:00+00:00;4
2005-05-13 22:00:00+00:00;3
2027-04-21 00:00:00+00:00;2
2006-06-02 22:00:00+00:00;14
2002-08-21 22:00:00+00:00;1
2025-05-18 22:00:00+00:00;4
2008-05-06 22:00:00+00:00;1
2014-09-10 22:00:00+00:00;12
2013-12-14 23:00:00+00:00;17
2006-04-15 22:00:00+00:00;16
2006-01-10 23:00:00+00:00;4
2026-05-23 00:00:00+00:00;1
2019-06-27 22:00:00+00:00;21
2021-10-12 22:00:00+00:00;2
2020-02-20 06:54:41.910976+00:00;1
2027-06-06 14:50:49.780000+00:00;1
2023-05-20 22:00:00+00:00;2
1999-09-18 22:00:00+00:00;1
2005-08-13 22:00:00+00:00;3
2001-12-08 23:00:00+00:00;10
1991-02-27 23:00:00+00:00;1
2021-07-29 22:00:00+00:00;40
2011-03-31 22:00:00+00:00;16
1985-12-31 23:00:00+00:00;14
2024-05-10 22:00:00+00:00;3
1996-10-05 22:00:00+00:00;2
2019-03-09 23:00:00+00:00;3
2012-08-22 22:00:00+00:00;2
1997-02-27 23:00:00+00:00;2
2020-07-30 22:00:00+00:00;51
2012-05-08 22:00:00+00:00;1
2024-02-26 23:00:00+00:00;3
2009-12-16 23:00:00+00:00;3
2017-10-17 22:00:00+00:00;2
2003-03-19 23:00:00+00:00;1
2005-09-12 22:00:00+00:00;2
2011-11-02 23:00:00+00:00;10
2009-06-28 22:00:00+00:00;8
2024-02-02 23:00:00+00:00;9
2025-08-31 22:00:00+00:00;13
1998-06-01 22:00:00+00:00;2
2014-02-10 23:00:00+00:00;8
2015-03-27 23:00:00+00:00;13
2025-01-07 23:00:00+00:00;3
2017-01-26 23:00:00+00:00;24
2027-05-27 07:43:52.366000+00:00;1
1996-01-09 23:00:00+00:00;1
2014-04-13 22:00:00+00:00;27
2027-05-07 10:08:11.731000+00:00;1
1994-10-12 23:00:00+00:00;2
2027-03-13 23:00:00+00:00;6
2023-02-23 23:00:00+00:00;23
2010-12-21 23:00:00+00:00;2
2009-08-22 22:00:00+00:00;12
2026-08-16 22:00:00+00:00;2
2026-12-31 23:00:00+00:00;2
2010-07-04 22:00:00+00:00;12
2011-09-18 22:00:00+00:00;17
2009-06-02 22:00:00+00:00;5
2008-06-18 22:00:00+00:00;3
2018-08-06 22:00:00+00:00;3
1992-11-21 23:00:00+00:00;1
2027-04-15 13:52:18.625000+00:00;1
2020-06-30 22:00:00+00:00;17
2023-10-25 22:00:00+00:00;11
2000-03-22 23:00:00+00:00;1
1994-03-28 22:00:00+00:00;1
2001-02-12 23:00:00+00:00;4
2003-07-27 22:00:00+00:00;1
2018-05-26 22:00:00+00:00;4
2023-12-25 23:00:00+00:00;2
2009-05-10 22:00:00+00:00;6
2004-04-13 22:00:00+00:00;1
2006-01-04 23:00:00+00:00;1
2014-08-02 22:00:00+00:00;9
2013-02-03 23:00:00+00:00;15
2022-06-26 22:00:00+00:00;4
2021-05-09 22:00:00+00:00;13
2016-03-10 23:00:00+00:00;16
2001-02-17 23:00:00+00:00;1
2027-06-18 20:08:44.551000+00:00;1
2027-07-18 00:00:00+00:00;5
2016-10-22 22:00:00+00:00;9
2022-12-22 23:00:00+00:00;25
2013-09-02 22:00:00+00:00;10
2012-06-11 22:00:00+00:00;4
2004-08-15 22:00:00+00:00;7
2016-11-12 23:00:00+00:00;9
2018-01-02 23:00:00+00:00;3
2024-10-22 22:00:00+00:00;4
2008-03-07 23:00:00+00:00;8
2009-05-29 22:00:00+00:00;5
2014-08-17 22:00:00+00:00;9
2012-03-26 22:00:00+00:00;8
2013-04-01 22:00:00+00:00;13
2012-01-12 23:00:00+00:00;14
2027-05-02 00:00:00+00:00;5
2010-09-20 22:00:00+00:00;4
1995-09-08 22:00:00+00:00;1
2016-03-25 23:00:00+00:00;10
2009-02-15 23:00:00+00:00;10
2015-11-11 23:00:00+00:00;13
1997-03-24 23:00:00+00:00;1
2027-05-07 00:00:00+00:00;12
2001-02-28 23:00:00+00:00;9
2010-10-01 22:00:00+00:00;14
2017-08-03 22:00:00+00:00;2
2007-06-01 22:00:00+00:00;15
2016-02-17 23:00:00+00:00;15
2022-07-28 22:00:00+00:00;25
2003-07-02 22:00:00+00:00;3
2017-06-09 22:00:00+00:00;6
2022-04-01 22:00:00+00:00;4
2014-06-01 22:00:00+00:00;18
2026-03-12 23:00:00+00:00;13
2014-09-09 22:00:00+00:00;1
2011-07-25 22:00:00+00:00;3
2010-11-25 23:00:00+00:00;16
2001-04-18 22:00:00+00:00;1
2019-12-04 13:39:18.566030+00:00;1
2010-05-18 22:00:00+00:00;4
2008-10-14 22:00:00+00:00;5
2024-10-12 22:00:00+00:00;2
2019-01-29 23:00:00+00:00;10
2023-06-01 22:00:00+00:00;11
2005-03-03 23:00:00+00:00;2
2018-09-16 22:00:00+00:00;3
2005-02-24 23:00:00+00:00;4
2009-07-16 22:00:00+00:00;10
2024-11-14 23:00:00+00:00;11
2025-02-28 23:00:00+00:00;17
2022-07-11 22:00:00+00:00;4
2012-07-14 22:00:00+00:00;16
2022-03-25 23:00:00+00:00;5
2014-08-28 22:00:00+00:00;17
2027-06-26 06:56:49.181000+00:00;1
2010-02-15 23:00:00+00:00;15
2027-06-18 06:01:49.946000+00:00;1
2010-02-26 23:00:00+00:00;12
2009-10-07 22:00:00+00:00;4
1992-02-18 23:00:00+00:00;1
1993-10-13 23:00:00+00:00;2
2022-01-29 23:00:00+00:00;7
1951-01-05 23:00:00+00:00;1
2014-05-31 22:00:00+00:00;12
2016-11-18 23:00:00+00:00;9
2019-12-04 10:23:42.764672+00:00;1
2014-04-18 22:00:00+00:00;7
2019-10-30 07:26:23.686926+00:00;1
2025-05-12 22:00:00+00:00;1
2010-11-02 23:00:00+00:00;2
1996-06-09 22:00:00+00:00;1
2019-05-30 22:00:00+00:00;52
2002-02-22 23:00:00+00:00;2
2027-05-02 05:43:44.973000+00:00;1
2011-10-27 22:00:00+00:00;11
2009-08-10 22:00:00+00:00;7
2009-12-27 23:00:00+00:00;1
2012-02-19 23:00:00+00:00;3
2002-10-30 23:00:00+00:00;2
2017-07-09 22:00:00+00:00;9
2011-09-06 22:00:00+00:00;1
2000-03-08 23:00:00+00:00;3
2020-08-30 22:00:00+00:00;40
2006-08-10 22:00:00+00:00;2
2004-10-10 22:00:00+00:00;3
2027-06-10 14:34:50.828000+00:00;1
2009-04-18 22:00:00+00:00;13
2009-11-29 23:00:00+00:00;17
2034-06-25 22:00:00+00:00;1
2025-03-09 23:00:00+00:00;4
2003-11-14 23:00:00+00:00;2
2021-01-04 23:00:00+00:00;4
2026-11-26 23:00:00+00:00;13
2015-04-18 22:00:00+00:00;10
2020-06-15 22:00:00+00:00;10
2008-07-22 22:00:00+00:00;3
2025-10-10 22:00:00+00:00;7
2010-05-09 22:00:00+00:00;16
2004-06-05 22:00:00+00:00;3
2020-04-14 22:00:00+00:00;7
2005-07-09 22:00:00+00:00;1
2018-01-04 23:00:00+00:00;7
2013-01-17 23:00:00+00:00;5
2011-09-11 22:00:00+00:00;10
2021-04-08 22:00:00+00:00;21
2018-04-29 22:00:00+00:00;32
2003-06-18 22:00:00+00:00;4
2027-07-10 09:40:52.613000+00:00;1
2008-04-21 22:00:00+00:00;10
2023-08-08 22:00:00+00:00;8
2016-10-01 22:00:00+00:00;14
2009-10-10 22:00:00+00:00;13
2009-01-13 23:00:00+00:00;3
1997-02-09 23:00:00+00:00;1
2006-05-14 22:00:00+00:00;9
2018-04-20 22:00:00+00:00;1
2026-03-03 23:00:00+00:00;3
2019-11-07 12:40:02.101844+00:00;1
2022-05-08 22:00:00+00:00;8
1997-08-27 22:00:00+00:00;1
2011-10-25 22:00:00+00:00;1
2015-10-16 22:00:00+00:00;19
2006-01-13 23:00:00+00:00;6
1964-01-10 23:00:00+00:00;1
2008-05-18 22:00:00+00:00;12
1992-11-29 23:00:00+00:00;1
1999-10-21 22:00:00+00:00;5
1995-08-31 22:00:00+00:00;3
2023-09-11 22:00:00+00:00;2
2019-08-17 22:00:00+00:00;1
2021-05-27 22:00:00+00:00;33
2014-07-24 22:00:00+00:00;13
2007-11-09 23:00:00+00:00;9
2020-10-29 23:00:00+00:00;36
2027-03-07 00:00:00+00:00;3
2009-08-11 22:00:00+00:00;36
2004-05-07 22:00:00+00:00;2
2008-10-04 22:00:00+00:00;13
2007-07-04 22:00:00+00:00;4
2025-05-08 22:00:00+00:00;9
2019-11-21 13:08:04.560582+00:00;1
2010-07-09 22:00:00+00:00;16
2005-07-06 22:00:00+00:00;2
2021-10-25 22:00:00+00:00;7
2027-04-09 00:00:00+00:00;14
2019-03-08 23:00:00+00:00;6
2023-01-10 23:00:00+00:00;9
2010-11-29 23:00:00+00:00;2
2001-02-14 23:00:00+00:00;2
2012-09-20 22:00:00+00:00;9
2014-06-30 22:00:00+00:00;2
2019-11-11 23:00:00+00:00;5
2019-03-21 23:00:00+00:00;10
2014-04-04 22:00:00+00:00;12
2017-04-10 22:00:00+00:00;12
2025-10-27 23:00:00+00:00;3
2025-03-07 23:00:00+00:00;7
2011-01-08 23:00:00+00:00;5
2022-11-25 23:00:00+00:00;5
2015-10-03 22:00:00+00:00;17
2018-02-18 23:00:00+00:00;12
2004-02-05 23:00:00+00:00;1
2024-03-18 23:00:00+00:00;6
2015-09-21 22:00:00+00:00;8
2012-12-02 23:00:00+00:00;12
2020-11-26 23:00:00+00:00;31
2016-05-09 22:00:00+00:00;15
2004-09-20 22:00:00+00:00;2
1997-03-16 23:00:00+00:00;1
2027-02-13 00:00:00+00:00;1
2005-05-08 22:00:00+00:00;2
2018-05-14 22:00:00+00:00;7
2011-05-29 22:00:00+00:00;12
2023-10-23 22:00:00+00:00;2
2023-06-29 22:00:00+00:00;68
2013-03-09 23:00:00+00:00;13
2012-02-01 23:00:00+00:00;25
2002-01-25 23:00:00+00:00;1
2025-11-08 14:46:17.312148+00:00;1
2020-12-19 23:00:00+00:00;7
2021-10-01 22:00:00+00:00;4
2016-09-16 22:00:00+00:00;5
2012-12-23 23:00:00+00:00;4
2014-10-31 23:00:00+00:00;10
2013-03-23 23:00:00+00:00;13
1990-10-31 23:00:00+00:00;2
2027-06-26 07:06:52.243000+00:00;1
2019-03-19 23:00:00+00:00;8
2021-01-25 23:00:00+00:00;3
2008-12-11 23:00:00+00:00;11
2004-03-27 23:00:00+00:00;1
2027-06-27 14:11:34.600000+00:00;1
2025-09-14 22:00:00+00:00;7
2021-06-15 22:00:00+00:00;6
2023-04-19 22:00:00+00:00;13
2015-08-27 22:00:00+00:00;25
2000-06-01 22:00:00+00:00;1
2009-07-20 22:00:00+00:00;11
2004-01-28 23:00:00+00:00;1
2025-01-01 23:00:00+00:00;1
2008-05-02 22:00:00+00:00;18
2017-09-07 22:00:00+00:00;7
2013-07-12 22:00:00+00:00;5
2004-10-02 22:00:00+00:00;2
1997-05-08 22:00:00+00:00;4
2002-02-28 23:00:00+00:00;16
2027-07-10 13:33:00.708000+00:00;1
2027-05-28 07:43:22.793000+00:00;1
1993-06-01 22:00:00+00:00;2
2019-11-21 12:19:40.845556+00:00;1
2019-08-09 22:00:00+00:00;5
2019-01-13 23:00:00+00:00;7
2006-03-28 22:00:00+00:00;8
2018-05-03 22:00:00+00:00;10
2015-12-22 23:00:00+00:00;9
2018-05-31 22:00:00+00:00;23
2015-03-21 23:00:00+00:00;10
2025-08-30 22:00:00+00:00;9
2023-12-05 23:00:00+00:00;5
2012-02-23 23:00:00+00:00;10
2025-07-07 22:00:00+00:00;2
2009-09-19 22:00:00+00:00;8
2024-11-01 23:00:00+00:00;6
2011-09-30 22:00:00+00:00;15
2013-02-02 23:00:00+00:00;15
2015-11-15 23:00:00+00:00;13
2020-04-11 22:00:00+00:00;2
2022-05-10 22:00:00+00:00;8
2020-01-06 23:00:00+00:00;5
1997-07-31 22:00:00+00:00;2
2018-09-29 22:00:00+00:00;30
2013-12-30 23:00:00+00:00;1
2019-09-15 22:00:00+00:00;5
2019-10-24 12:16:21.307560+00:00;1
2004-01-17 23:00:00+00:00;1
2004-05-30 22:00:00+00:00;3
2011-10-03 22:00:00+00:00;6
2009-01-18 23:00:00+00:00;7
2014-07-08 22:00:00+00:00;3
2015-07-04 22:00:00+00:00;12
2014-07-29 22:00:00+00:00;2
2001-08-19 22:00:00+00:00;1
2017-04-20 22:00:00+00:00;13
2026-01-14 23:00:00+00:00;4
2003-08-08 22:00:00+00:00;2
2019-11-06 14:54:03.314551+00:00;1
1998-09-07 22:00:00+00:00;1
2018-09-11 22:00:00+00:00;5
2006-06-15 22:00:00+00:00;7
2010-03-11 23:00:00+00:00;9
2009-10-31 23:00:00+00:00;14
2006-05-07 22:00:00+00:00;6
2016-06-23 22:00:00+00:00;15
2017-05-17 22:00:00+00:00;4
2010-08-08 22:00:00+00:00;13
2000-07-26 22:00:00+00:00;2
2013-06-22 22:00:00+00:00;18
2009-11-28 23:00:00+00:00;14
2003-05-10 22:00:00+00:00;1
1998-08-30 22:00:00+00:00;2
2011-03-28 22:00:00+00:00;3
2008-07-27 22:00:00+00:00;8
2018-01-15 23:00:00+00:00;4
2017-08-12 22:00:00+00:00;1
2002-03-06 23:00:00+00:00;1
2012-08-27 22:00:00+00:00;19
2015-09-10 22:00:00+00:00;12
1996-06-07 22:00:00+00:00;1
2027-01-08 00:00:00+00:00;1
2017-04-18 22:00:00+00:00;8
2021-09-08 22:00:00+00:00;8
1999-12-31 23:00:00+00:00;28
2022-01-19 23:00:00+00:00;14
2017-12-10 23:00:00+00:00;4
2006-05-12 22:00:00+00:00;4
2023-11-06 23:00:00+00:00;5
2019-12-20 23:00:00+00:00;3
2009-04-14 22:00:00+00:00;8
2018-10-05 22:00:00+00:00;4
2009-03-25 23:00:00+00:00;5
1992-05-27 22:00:00+00:00;1
2021-08-02 22:00:00+00:00;5
2021-05-31 22:00:00+00:00;21
1994-10-09 23:00:00+00:00;2
1996-12-11 23:00:00+00:00;2
2024-12-17 23:00:00+00:00;7
2010-06-05 22:00:00+00:00;20
2027-03-25 00:00:00+00:00;5
2021-02-23 23:00:00+00:00;1
2020-02-13 23:00:00+00:00;10
2010-10-03 22:00:00+00:00;10
2027-01-10 12:16:32.425133+00:00;1
2027-07-15 09:18:02.289000+00:00;1
2022-12-03 23:00:00+00:00;3
1985-11-30 23:00:00+00:00;1
2019-12-26 23:00:00+00:00;6
2005-05-12 22:00:00+00:00;5
2021-04-14 22:00:00+00:00;6
2016-07-02 22:00:00+00:00;13
2020-02-15 23:00:00+00:00;2
2013-10-27 23:00:00+00:00;8
2008-01-15 23:00:00+00:00;3
2001-10-13 22:00:00+00:00;1
2027-07-21 08:01:53.604000+00:00;1
2020-04-09 22:00:00+00:00;15
2015-01-26 23:00:00+00:00;1
2011-01-11 23:00:00+00:00;8
2026-01-23 23:00:00+00:00;8
2032-03-17 23:00:00+00:00;2
2005-10-09 22:00:00+00:00;7
2017-06-27 22:00:00+00:00;10
2000-08-27 22:00:00+00:00;2
1999-02-16 23:00:00+00:00;1
2017-02-16 23:00:00+00:00;15
2017-05-03 22:00:00+00:00;6
2010-01-22 23:00:00+00:00;15
2018-10-15 22:00:00+00:00;4
2017-04-22 22:00:00+00:00;9
2010-04-03 22:00:00+00:00;14
2025-09-12 00:00:00+00:00;1
2017-01-10 23:00:00+00:00;19
2013-05-21 22:00:00+00:00;19
2008-04-09 22:00:00+00:00;2
2024-05-30 22:00:00+00:00;57
2004-11-19 23:00:00+00:00;4
2015-04-30 22:00:00+00:00;6
2025-03-27 23:00:00+00:00;23
1994-11-25 23:00:00+00:00;1
2027-06-06 00:00:00+00:00;2
2016-04-29 22:00:00+00:00;27
2014-10-07 22:00:00+00:00;3
2021-07-04 22:00:00+00:00;10
2017-02-03 23:00:00+00:00;13
2026-04-07 22:00:00+00:00;6
2008-03-16 23:00:00+00:00;21
2014-06-25 22:00:00+00:00;9
2016-07-20 22:00:00+00:00;9
2025-06-04 22:00:00+00:00;10
2010-06-14 22:00:00+00:00;2
1989-10-26 23:00:00+00:00;1
2020-05-15 22:00:00+00:00;4
2014-04-02 22:00:00+00:00;7
2010-09-18 22:00:00+00:00;9
2005-03-01 23:00:00+00:00;1
2009-10-20 22:00:00+00:00;5
2007-03-20 23:00:00+00:00;2
2005-03-17 23:00:00+00:00;9
2020-10-11 22:00:00+00:00;6
1995-10-01 23:00:00+00:00;1
2014-03-09 23:00:00+00:00;12
2014-05-04 22:00:00+00:00;10
2001-05-05 22:00:00+00:00;1
2009-10-12 22:00:00+00:00;16
2020-01-05 23:00:00+00:00;6
2002-02-13 23:00:00+00:00;1
2003-07-26 22:00:00+00:00;1
2023-02-11 23:00:00+00:00;3
2025-07-18 22:00:00+00:00;9
2005-08-16 22:00:00+00:00;1
2019-10-22 12:28:27.246581+00:00;1
2007-10-13 22:00:00+00:00;17
1998-10-29 23:00:00+00:00;2
2014-08-20 22:00:00+00:00;10
2008-10-03 22:00:00+00:00;8
1999-09-03 22:00:00+00:00;1
2008-11-27 23:00:00+00:00;7
2014-03-06 23:00:00+00:00;14
2001-08-08 22:00:00+00:00;2
2019-04-21 22:00:00+00:00;5
2008-05-20 22:00:00+00:00;3
2015-03-03 23:00:00+00:00;3
2027-07-10 14:15:46.157000+00:00;1
2022-09-16 22:00:00+00:00;5
2012-03-02 23:00:00+00:00;6
2005-03-28 22:00:00+00:00;2
2023-11-29 23:00:00+00:00;52
2017-12-09 23:00:00+00:00;4
2026-03-24 23:00:00+00:00;5
2016-12-26 23:00:00+00:00;2
2020-01-10 23:00:00+00:00;5
2008-08-09 22:00:00+00:00;13
1998-06-12 22:00:00+00:00;1
2005-02-11 23:00:00+00:00;4
2023-04-05 22:00:00+00:00;13
2009-06-21 22:00:00+00:00;16
1997-12-03 23:00:00+00:00;1
2020-02-26 13:33:22.214402+00:00;1
2014-02-21 23:00:00+00:00;12
2009-02-28 23:00:00+00:00;11
2003-05-15 22:00:00+00:00;2
2020-04-01 22:00:00+00:00;8
2012-01-06 23:00:00+00:00;14
2023-04-07 22:00:00+00:00;1
2023-05-17 22:00:00+00:00;7
2022-05-07 22:00:00+00:00;5
2010-05-26 22:00:00+00:00;9
2017-09-17 22:00:00+00:00;8
2010-05-03 22:00:00+00:00;1
2022-05-19 22:00:00+00:00;25
2015-01-28 23:00:00+00:00;10
2031-06-17 22:00:00+00:00;1
2020-11-29 23:00:00+00:00;38
2016-07-03 22:00:00+00:00;22
2015-03-06 23:00:00+00:00;18
2018-12-14 23:00:00+00:00;8
1998-06-04 22:00:00+00:00;1
2009-11-16 23:00:00+00:00;16
2025-10-24 22:00:00+00:00;12
2006-08-27 22:00:00+00:00;9
2020-02-21 08:28:15.326555+00:00;1
2011-06-26 22:00:00+00:00;12
2010-05-06 22:00:00+00:00;10
2010-12-22 23:00:00+00:00;3
2017-12-29 23:00:00+00:00;25
2017-01-12 23:00:00+00:00;11
2020-06-14 22:00:00+00:00;3
1974-05-21 23:00:00+00:00;1
2008-01-01 23:00:00+00:00;4
2004-02-04 23:00:00+00:00;2
2026-10-01 00:00:00+00:00;2
2025-02-05 23:00:00+00:00;8
2026-04-20 22:00:00+00:00;2
2027-02-11 23:00:00+00:00;9
2015-07-18 22:00:00+00:00;10
2004-03-02 23:00:00+00:00;1
2023-11-03 23:00:00+00:00;5
2016-12-23 23:00:00+00:00;5
2015-08-07 22:00:00+00:00;7
2021-07-16 22:00:00+00:00;2
2019-11-28 13:11:49.036975+00:00;1
2006-07-09 22:00:00+00:00;15
2004-07-30 22:00:00+00:00;3
1994-09-24 22:00:00+00:00;3
2027-01-19 23:00:00+00:00;8
2009-12-13 23:00:00+00:00;13
1999-10-05 22:00:00+00:00;1
2012-09-02 22:00:00+00:00;14
2017-06-05 22:00:00+00:00;7
1999-01-01 23:00:00+00:00;1
2007-07-06 22:00:00+00:00;17
2013-05-08 22:00:00+00:00;2
2021-09-23 22:00:00+00:00;17
2007-07-11 22:00:00+00:00;2
2004-12-16 23:00:00+00:00;2
2005-01-20 23:00:00+00:00;1
2006-08-02 22:00:00+00:00;4
2004-09-17 22:00:00+00:00;1
2010-10-08 22:00:00+00:00;12
2009-10-19 22:00:00+00:00;13
2014-11-15 23:00:00+00:00;9
2018-03-11 23:00:00+00:00;9
2022-07-08 22:00:00+00:00;5
2023-09-14 22:00:00+00:00;19
1996-11-27 23:00:00+00:00;7
2001-07-05 22:00:00+00:00;1
2016-07-18 22:00:00+00:00;12
2006-08-15 22:00:00+00:00;2
2003-08-19 22:00:00+00:00;2
2026-10-10 00:00:00+00:00;1
2013-08-05 22:00:00+00:00;8
2005-01-02 23:00:00+00:00;8
2013-05-29 22:00:00+00:00;9
2027-07-22 15:02:45.980000+00:00;1
1999-08-20 22:00:00+00:00;3
1988-08-17 22:00:00+00:00;1
2014-04-01 22:00:00+00:00;2
2008-04-11 22:00:00+00:00;4
2006-07-05 22:00:00+00:00;2
2025-02-23 23:00:00+00:00;8
2007-04-17 22:00:00+00:00;1
2026-08-12 22:00:00+00:00;12
2012-02-03 23:00:00+00:00;9
2019-01-28 23:00:00+00:00;5
2021-01-14 23:00:00+00:00;17
2003-06-26 22:00:00+00:00;3
2020-07-03 22:00:00+00:00;4
2000-08-17 22:00:00+00:00;6
2004-01-04 23:00:00+00:00;1
2017-09-10 22:00:00+00:00;12
2021-03-26 23:00:00+00:00;7
2017-06-08 22:00:00+00:00;9
2027-03-28 22:00:00+00:00;1
2010-08-29 22:00:00+00:00;13
2006-04-04 22:00:00+00:00;3
2014-06-05 22:00:00+00:00;11
2009-01-16 23:00:00+00:00;15
2021-08-16 22:00:00+00:00;3
2026-01-11 23:00:00+00:00;8
2013-09-09 22:00:00+00:00;11
2000-01-13 23:00:00+00:00;1
2027-05-14 15:01:57.621000+00:00;1
2004-05-03 22:00:00+00:00;1
2002-11-22 23:00:00+00:00;2
2025-04-26 22:00:00+00:00;2
2023-10-31 23:00:00+00:00;18
2008-09-08 22:00:00+00:00;15
2005-10-30 23:00:00+00:00;6
2011-04-14 22:00:00+00:00;5
2012-12-31 23:00:00+00:00;3
2009-03-02 23:00:00+00:00;6
2011-04-04 22:00:00+00:00;3
2002-05-21 22:00:00+00:00;1
2016-02-02 23:00:00+00:00;4
2012-08-04 22:00:00+00:00;20
2015-08-26 22:00:00+00:00;11
2015-03-24 23:00:00+00:00;4
2006-06-10 22:00:00+00:00;5
1995-07-01 22:00:00+00:00;1
2016-10-28 22:00:00+00:00;18
2006-10-26 22:00:00+00:00;6
2004-03-15 23:00:00+00:00;2
2022-11-16 23:00:00+00:00;6
2018-09-17 22:00:00+00:00;4
2013-07-21 22:00:00+00:00;14
2005-05-20 22:00:00+00:00;1
2003-06-12 22:00:00+00:00;3
2027-06-05 11:52:57.318000+00:00;1
2003-06-20 22:00:00+00:00;1
1991-07-16 22:00:00+00:00;13
2014-04-06 22:00:00+00:00;8
2002-08-15 22:00:00+00:00;1
2022-02-17 23:00:00+00:00;10
2019-04-30 22:00:00+00:00;22
2027-05-13 10:36:40.096000+00:00;1
2022-11-06 23:00:00+00:00;5
2025-12-20 23:00:00+00:00;5
2006-03-07 23:00:00+00:00;3
2008-09-03 22:00:00+00:00;3
2000-12-22 23:00:00+00:00;4
2018-10-30 23:00:00+00:00;38
2027-07-31 13:29:19.980000+00:00;1
2008-04-04 22:00:00+00:00;20
2005-02-05 23:00:00+00:00;3
2012-02-25 23:00:00+00:00;19
2007-08-29 22:00:00+00:00;6
2009-03-05 23:00:00+00:00;14
2003-08-24 22:00:00+00:00;1
2023-08-14 22:00:00+00:00;3
2024-05-01 22:00:00+00:00;12
2018-10-13 22:00:00+00:00;6
2018-12-07 23:00:00+00:00;9
2006-03-03 23:00:00+00:00;11
2017-04-23 22:00:00+00:00;13
2014-12-16 23:00:00+00:00;2
2027-03-16 23:00:00+00:00;13
2021-03-30 22:00:00+00:00;54
2011-07-15 22:00:00+00:00;11
2013-06-01 22:00:00+00:00;11
2002-02-01 23:00:00+00:00;5
2026-08-02 00:00:00+00:00;1
2025-04-16 12:40:48.018516+00:00;1
2021-06-24 22:00:00+00:00;26
2006-10-16 22:00:00+00:00;3
2005-04-02 22:00:00+00:00;12
2027-07-17 14:17:11.171000+00:00;1
2000-07-06 22:00:00+00:00;1
1990-04-04 22:00:00+00:00;3
2016-12-10 23:00:00+00:00;20
2005-12-31 23:00:00+00:00;13
2027-05-14 07:39:32.644000+00:00;1
2015-12-10 23:00:00+00:00;19
2015-09-30 22:00:00+00:00;21
2027-07-04 10:12:55.191000+00:00;1
2001-05-12 22:00:00+00:00;1
2009-01-06 23:00:00+00:00;3
1998-12-01 23:00:00+00:00;3
2022-02-03 23:00:00+00:00;9
2004-11-12 23:00:00+00:00;3
2018-06-15 22:00:00+00:00;2
2025-05-20 22:00:00+00:00;2
2009-09-27 22:00:00+00:00;10
2008-08-14 22:00:00+00:00;11
2019-10-24 12:02:46.969812+00:00;1
2004-10-25 22:00:00+00:00;1
2020-12-14 23:00:00+00:00;7
2004-08-06 22:00:00+00:00;3
2024-01-17 23:00:00+00:00;7
2027-07-14 11:20:19.780000+00:00;1
2027-07-03 09:46:36.260000+00:00;1
2016-09-10 22:00:00+00:00;7
2013-01-05 23:00:00+00:00;11
2009-07-23 22:00:00+00:00;11
2014-05-12 22:00:00+00:00;7
2011-06-28 22:00:00+00:00;1
2004-12-25 23:00:00+00:00;1
2024-02-07 23:00:00+00:00;7
2026-12-03 23:00:00+00:00;8
2019-02-02 23:00:00+00:00;3
2018-09-02 22:00:00+00:00;8
2012-01-19 23:00:00+00:00;7
2012-05-11 22:00:00+00:00;13
2013-11-17 23:00:00+00:00;9
2006-03-25 23:00:00+00:00;14
2014-08-25 22:00:00+00:00;3
1998-11-23 23:00:00+00:00;1
2016-06-08 22:00:00+00:00;12
2016-01-23 23:00:00+00:00;15
2014-05-09 22:00:00+00:00;15
2014-06-23 22:00:00+00:00;5
2019-09-19 22:00:00+00:00;13
2026-11-27 15:26:49.460291+00:00;1
1998-09-03 22:00:00+00:00;1
2000-08-31 22:00:00+00:00;8
2006-09-06 22:00:00+00:00;2
2019-06-26 22:00:00+00:00;4
2020-06-29 22:00:00+00:00;52
2012-05-13 22:00:00+00:00;3
1998-10-06 22:00:00+00:00;5
2021-11-06 23:00:00+00:00;2
1999-07-21 22:00:00+00:00;2
2014-10-05 22:00:00+00:00;7
2026-05-22 22:00:00+00:00;9
2021-07-19 22:00:00+00:00;4
2015-02-06 23:00:00+00:00;6
2015-01-06 23:00:00+00:00;1
2006-01-16 23:00:00+00:00;4
2027-01-12 23:00:00+00:00;10
2023-12-26 23:00:00+00:00;1
2023-07-18 22:00:00+00:00;9
2026-04-25 00:00:00+00:00;1
2016-01-06 23:00:00+00:00;10
2017-10-23 22:00:00+00:00;12
2026-02-22 23:00:00+00:00;10
2022-04-13 22:00:00+00:00;13
2020-05-23 22:00:00+00:00;3
2008-10-21 22:00:00+00:00;7
2009-08-31 22:00:00+00:00;14
1990-12-04 23:00:00+00:00;1
2026-08-30 22:00:00+00:00;2
2018-05-30 22:00:00+00:00;50
2017-11-09 23:00:00+00:00;11
2003-10-24 22:00:00+00:00;2
2004-04-22 22:00:00+00:00;7
2023-03-01 23:00:00+00:00;10
2019-05-28 22:00:00+00:00;6
2003-01-28 23:00:00+00:00;2
2026-01-31 12:28:00.525536+00:00;1
2015-12-15 23:00:00+00:00;11
2021-02-09 23:00:00+00:00;12
2013-04-10 22:00:00+00:00;6
2022-11-15 23:00:00+00:00;10
2008-03-20 23:00:00+00:00;5
2004-02-08 23:00:00+00:00;1
1991-08-17 22:00:00+00:00;1
2021-12-22 23:00:00+00:00;20
2023-07-09 22:00:00+00:00;5
2017-01-18 23:00:00+00:00;7
2027-03-03 00:00:00+00:00;1
2020-07-05 22:00:00+00:00;2
2005-08-20 22:00:00+00:00;5
2027-06-27 11:36:10.029000+00:00;1
2022-06-11 22:00:00+00:00;3
2012-12-09 23:00:00+00:00;11
2003-10-17 22:00:00+00:00;1
2000-09-20 22:00:00+00:00;1
2005-02-28 23:00:00+00:00;15
2026-10-17 22:00:00+00:00;6
2020-04-26 22:00:00+00:00;3
2014-08-15 22:00:00+00:00;9
2010-04-09 22:00:00+00:00;16
2021-06-07 22:00:00+00:00;7
2015-09-13 22:00:00+00:00;17
1998-09-22 22:00:00+00:00;1
2011-08-25 22:00:00+00:00;8
2000-07-14 22:00:00+00:00;3
2018-05-08 22:00:00+00:00;11
2021-06-18 22:00:00+00:00;10
2010-04-18 22:00:00+00:00;21
2001-02-01 23:00:00+00:00;1
2020-04-15 22:00:00+00:00;15
1984-11-02 23:00:00+00:00;1
2011-09-14 22:00:00+00:00;11
2026-01-04 23:00:00+00:00;4
1991-05-15 22:00:00+00:00;2
2014-01-21 23:00:00+00:00;7
2010-04-14 22:00:00+00:00;11
2027-07-01 00:00:00+00:00;6
2018-06-06 22:00:00+00:00;11
2027-07-13 00:00:00+00:00;2
2013-09-28 22:00:00+00:00;15
2016-02-01 23:00:00+00:00;23
2010-01-25 23:00:00+00:00;13
2020-10-22 22:00:00+00:00;9
2013-06-28 22:00:00+00:00;16
2008-03-25 23:00:00+00:00;1
2025-04-10 22:00:00+00:00;7
2016-04-27 22:00:00+00:00;3
2021-08-01 22:00:00+00:00;9
2024-07-27 22:00:00+00:00;1
2016-12-16 23:00:00+00:00;19
1981-12-31 23:00:00+00:00;5
2007-03-01 23:00:00+00:00;14
2027-05-31 00:00:00+00:00;1
2016-05-20 22:00:00+00:00;7
2013-11-01 23:00:00+00:00;9
2027-07-02 00:00:00+00:00;6
2018-02-17 23:00:00+00:00;5
2007-07-12 22:00:00+00:00;8
2021-02-02 23:00:00+00:00;8
2015-07-22 22:00:00+00:00;7
2014-05-01 22:00:00+00:00;19
2009-12-09 23:00:00+00:00;2
2006-10-06 22:00:00+00:00;15
2015-01-02 23:00:00+00:00;2
2011-04-27 22:00:00+00:00;11
2014-05-20 22:00:00+00:00;6
2012-03-06 23:00:00+00:00;3
2019-10-05 22:00:00+00:00;2
2013-06-11 22:00:00+00:00;5
2023-08-01 22:00:00+00:00;4
2020-03-06 23:00:00+00:00;3
2023-10-13 22:00:00+00:00;5
2006-10-07 22:00:00+00:00;5
1989-10-19 23:00:00+00:00;1
1992-01-31 23:00:00+00:00;1
2014-04-14 22:00:00+00:00;3
2024-02-16 23:00:00+00:00;10
2024-09-24 22:00:00+00:00;4
2026-11-13 00:00:00+00:00;2
2010-09-09 22:00:00+00:00;7
2003-05-19 22:00:00+00:00;1
2005-10-22 22:00:00+00:00;3
2024-09-11 14:18:10.109029+00:00;1
2019-10-22 12:59:28.751400+00:00;1
2014-12-09 23:00:00+00:00;6
2014-11-23 23:00:00+00:00;14
2027-06-12 13:50:58.047000+00:00;1
2027-06-18 06:18:21.271000+00:00;1
2012-02-06 23:00:00+00:00;5
2023-07-07 22:00:00+00:00;3
2006-11-25 23:00:00+00:00;3
2020-03-27 23:00:00+00:00;7
2015-06-19 22:00:00+00:00;7
2023-04-26 22:00:00+00:00;4
2027-05-06 00:00:00+00:00;8
2024-11-29 23:00:00+00:00;13
2017-01-02 23:00:00+00:00;4
2027-07-18 12:24:20.587000+00:00;1
1973-03-30 23:00:00+00:00;1
2002-01-19 23:00:00+00:00;1
2002-05-16 22:00:00+00:00;2
2001-11-10 23:00:00+00:00;2
2025-10-30 23:00:00+00:00;16
2027-06-19 14:45:39.662000+00:00;1
2013-03-16 23:00:00+00:00;16
2001-10-03 22:00:00+00:00;2
1996-06-15 22:00:00+00:00;1
1969-11-29 23:00:00+00:00;1
2023-03-02 23:00:00+00:00;9
2007-10-01 22:00:00+00:00;9
2020-01-31 07:30:48.592395+00:00;1
2011-01-24 23:00:00+00:00;3
2022-10-18 22:00:00+00:00;8
2015-08-15 22:00:00+00:00;11
2027-05-22 09:51:12.674000+00:00;1
2006-12-03 23:00:00+00:00;6
2020-02-03 23:00:00+00:00;3
2014-04-20 22:00:00+00:00;12
2024-05-18 22:00:00+00:00;4
2024-12-10 23:00:00+00:00;4
2011-06-07 22:00:00+00:00;4
2018-04-21 22:00:00+00:00;6
2019-02-03 23:00:00+00:00;8
2018-03-01 23:00:00+00:00;11
2024-08-10 22:00:00+00:00;4
2005-06-13 22:00:00+00:00;8
2018-03-30 22:00:00+00:00;41
2015-12-05 23:00:00+00:00;11
2025-11-15 00:00:00+00:00;1
2016-11-22 23:00:00+00:00;5
2005-11-11 23:00:00+00:00;5
1998-01-07 23:00:00+00:00;1
2004-08-14 22:00:00+00:00;2
2007-02-22 23:00:00+00:00;9
2012-05-06 22:00:00+00:00;13
2022-11-07 23:00:00+00:00;3
2020-03-12 23:00:00+00:00;7
2026-10-16 22:00:00+00:00;4
1972-08-30 23:00:00+00:00;1
2016-08-01 22:00:00+00:00;21
2014-07-06 22:00:00+00:00;13
2027-07-14 07:32:56.294000+00:00;1
2013-11-07 23:00:00+00:00;20
2009-11-06 23:00:00+00:00;12
2008-12-15 23:00:00+00:00;15
2009-02-26 23:00:00+00:00;21
2008-04-16 22:00:00+00:00;3
2023-04-14 22:00:00+00:00;3
2026-11-14 23:00:00+00:00;10
2013-03-05 23:00:00+00:00;2
2006-08-04 22:00:00+00:00;5
1997-08-31 22:00:00+00:00;3
2016-05-22 22:00:00+00:00;16
2014-09-03 22:00:00+00:00;8
2008-01-29 23:00:00+00:00;1
2018-09-07 22:00:00+00:00;6
2004-01-05 23:00:00+00:00;5
2027-04-22 12:29:32.211000+00:00;1
2021-02-16 23:00:00+00:00;8
2010-06-01 22:00:00+00:00;10
1986-08-19 22:00:00+00:00;2
2027-07-03 14:38:14.203000+00:00;1
2016-10-16 22:00:00+00:00;26
2009-11-04 23:00:00+00:00;3
2008-09-07 22:00:00+00:00;16
2011-04-03 22:00:00+00:00;12
2003-04-16 22:00:00+00:00;2
2016-06-09 22:00:00+00:00;5
2020-05-03 22:00:00+00:00;4
2026-04-11 22:00:00+00:00;6
2018-04-25 22:00:00+00:00;4
2007-09-24 22:00:00+00:00;1
2009-05-09 22:00:00+00:00;16
1992-03-11 23:00:00+00:00;2
2016-12-22 23:00:00+00:00;11
2007-12-23 23:00:00+00:00;5
2020-07-16 22:00:00+00:00;12
2013-04-25 22:00:00+00:00;1
2009-06-23 22:00:00+00:00;2
2005-01-06 23:00:00+00:00;2
2021-08-17 22:00:00+00:00;8
2022-09-08 22:00:00+00:00;15
2006-07-12 22:00:00+00:00;3
2021-08-04 22:00:00+00:00;9
2005-01-09 23:00:00+00:00;1
2020-02-27 07:02:37.913592+00:00;1
2017-04-24 22:00:00+00:00;16
2011-11-13 23:00:00+00:00;8
1999-02-28 23:00:00+00:00;6
2019-04-13 22:00:00+00:00;4
2027-06-25 14:02:38.356000+00:00;1
2013-10-29 23:00:00+00:00;1
2008-04-07 22:00:00+00:00;31
2019-08-24 22:00:00+00:00;3
1998-07-02 22:00:00+00:00;3
2025-02-01 09:34:19.383422+00:00;1
2022-04-14 22:00:00+00:00;12
2019-05-03 22:00:00+00:00;4
2023-05-22 22:00:00+00:00;5
2024-07-06 22:00:00+00:00;4
2017-02-07 23:00:00+00:00;3
2014-07-25 22:00:00+00:00;10
2023-10-29 23:00:00+00:00;4
2018-06-11 22:00:00+00:00;5
2023-07-26 22:00:00+00:00;10
2020-11-03 23:00:00+00:00;4
2016-07-26 22:00:00+00:00;9
2001-06-01 22:00:00+00:00;2
2009-04-29 22:00:00+00:00;1
2018-11-13 23:00:00+00:00;5
2023-12-16 23:00:00+00:00;10
2019-11-27 13:15:24.146429+00:00;1
2012-03-19 23:00:00+00:00;14
2003-01-05 23:00:00+00:00;5
2008-08-16 22:00:00+00:00;8
2017-11-13 23:00:00+00:00;10
2001-01-01 23:00:00+00:00;2
2024-04-08 22:00:00+00:00;5
2023-10-01 22:00:00+00:00;6
2015-05-22 22:00:00+00:00;10
2014-02-12 23:00:00+00:00;3
2022-05-17 22:00:00+00:00;4
2005-08-18 22:00:00+00:00;3
2001-02-08 23:00:00+00:00;1
2012-12-24 23:00:00+00:00;11
1994-06-03 22:00:00+00:00;1
2005-04-08 22:00:00+00:00;5
1999-10-31 23:00:00+00:00;5
2009-08-27 22:00:00+00:00;10
2016-05-27 22:00:00+00:00;8
2023-02-02 23:00:00+00:00;7
2013-01-29 23:00:00+00:00;1
2009-05-13 22:00:00+00:00;2
2007-08-18 22:00:00+00:00;7
2023-05-06 22:00:00+00:00;1
2013-11-04 23:00:00+00:00;15
2012-09-10 22:00:00+00:00;13
2027-02-18 23:00:00+00:00;12
2004-12-10 23:00:00+00:00;4
2017-01-13 23:00:00+00:00;13
1994-09-21 22:00:00+00:00;1
2007-10-02 22:00:00+00:00;1
2015-02-08 23:00:00+00:00;9
2009-03-03 23:00:00+00:00;3
2008-09-06 22:00:00+00:00;12
2007-04-30 22:00:00+00:00;3
2016-07-05 22:00:00+00:00;14
2012-12-29 23:00:00+00:00;1
2007-10-20 22:00:00+00:00;18
1994-09-14 22:00:00+00:00;5
2007-11-21 23:00:00+00:00;6
2021-12-09 23:00:00+00:00;13
2018-05-15 22:00:00+00:00;4
2010-12-24 23:00:00+00:00;3
1988-10-12 23:00:00+00:00;1
2019-12-12 23:00:00+00:00;9
2009-08-14 22:00:00+00:00;4
2026-04-06 00:00:00+00:00;1
2008-07-05 22:00:00+00:00;15
2021-12-10 23:00:00+00:00;8
2019-05-14 22:00:00+00:00;6
2017-12-15 23:00:00+00:00;5
2003-09-24 22:00:00+00:00;6
2011-06-04 22:00:00+00:00;10
2013-04-13 22:00:00+00:00;19
2015-04-11 22:00:00+00:00;12
2004-02-09 23:00:00+00:00;3
2008-05-22 22:00:00+00:00;10
2026-10-14 00:00:00+00:00;1
2011-02-21 23:00:00+00:00;1
2016-02-20 23:00:00+00:00;16
2009-03-31 22:00:00+00:00;2
2008-01-05 23:00:00+00:00;11
2019-02-09 23:00:00+00:00;2
2002-10-09 22:00:00+00:00;2
2016-11-23 23:00:00+00:00;13
2015-06-18 22:00:00+00:00;17
2025-06-27 22:00:00+00:00;8
1986-04-22 22:00:00+00:00;1
2007-06-12 22:00:00+00:00;4
2017-03-07 23:00:00+00:00;8
2016-03-21 23:00:00+00:00;21
2012-10-29 23:00:00+00:00;17
2008-11-04 23:00:00+00:00;2
2012-02-02 23:00:00+00:00;12
2014-08-18 22:00:00+00:00;6
2019-07-05 22:00:00+00:00;4
2005-06-03 22:00:00+00:00;4
2015-12-04 23:00:00+00:00;12
2019-11-21 13:01:20.052261+00:00;1
2015-02-07 23:00:00+00:00;15
1994-09-08 22:00:00+00:00;5
2014-11-09 23:00:00+00:00;17
2009-12-21 23:00:00+00:00;11
2025-11-21 23:00:00+00:00;7
2025-04-27 22:00:00+00:00;4
2005-07-03 22:00:00+00:00;5
2004-06-01 22:00:00+00:00;2
2018-11-18 23:00:00+00:00;2
2014-06-21 22:00:00+00:00;14
2020-10-04 22:00:00+00:00;8
2022-10-13 22:00:00+00:00;18
2015-02-26 23:00:00+00:00;14
2009-10-09 22:00:00+00:00;9
2007-08-13 22:00:00+00:00;1
2005-10-07 22:00:00+00:00;2
1971-12-30 23:00:00+00:00;1
2022-06-25 22:00:00+00:00;3
2019-11-19 13:22:48.789494+00:00;1
2019-12-30 23:00:00+00:00;101
2018-05-28 22:00:00+00:00;5
2015-08-18 22:00:00+00:00;4
2019-03-06 23:00:00+00:00;7
2014-03-07 23:00:00+00:00;12
2012-11-27 23:00:00+00:00;4
2016-03-14 23:00:00+00:00;29
1992-11-25 23:00:00+00:00;1
2014-02-07 23:00:00+00:00;9
1998-06-28 22:00:00+00:00;1
2006-12-11 23:00:00+00:00;7
2006-02-12 23:00:00+00:00;5
2024-08-11 22:00:00+00:00;3
2014-12-21 23:00:00+00:00;6
2006-08-18 22:00:00+00:00;2
2026-07-06 22:00:00+00:00;3
2020-05-07 22:00:00+00:00;12
2006-07-30 22:00:00+00:00;10
2000-10-11 22:00:00+00:00;2
2013-11-10 23:00:00+00:00;9
2005-07-17 22:00:00+00:00;4
2027-07-16 15:07:55.564000+00:00;1
2026-03-16 23:00:00+00:00;1
2018-09-28 22:00:00+00:00;6
2012-02-26 23:00:00+00:00;14
2011-10-24 22:00:00+00:00;7
2020-09-20 22:00:00+00:00;7
2001-08-23 22:00:00+00:00;3
1995-06-03 22:00:00+00:00;1
2016-07-13 22:00:00+00:00;11
2016-07-01 22:00:00+00:00;15
2011-10-07 22:00:00+00:00;6
2011-05-17 22:00:00+00:00;7
2020-04-27 22:00:00+00:00;1
2004-03-07 23:00:00+00:00;2
2012-12-08 23:00:00+00:00;17
2017-07-18 22:00:00+00:00;7
2022-05-13 22:00:00+00:00;4
2002-03-21 23:00:00+00:00;1
2002-06-23 22:00:00+00:00;1
2010-09-16 22:00:00+00:00;10
2025-07-16 22:00:00+00:00;5
2027-02-05 13:21:35.569305+00:00;1
2021-05-15 22:00:00+00:00;4
2018-04-08 22:00:00+00:00;9
2009-12-07 23:00:00+00:00;13
2011-06-24 22:00:00+00:00;10
2007-09-23 22:00:00+00:00;9
2016-03-29 22:00:00+00:00;6
2003-04-01 22:00:00+00:00;2
2010-02-25 23:00:00+00:00;11
2006-11-16 23:00:00+00:00;6
2009-10-11 22:00:00+00:00;9
2016-11-02 23:00:00+00:00;8
2012-08-20 22:00:00+00:00;7
1999-01-17 23:00:00+00:00;2
2022-08-13 22:00:00+00:00;1
2019-02-08 23:00:00+00:00;2
2013-06-10 22:00:00+00:00;14
2017-08-20 22:00:00+00:00;6
2005-06-01 22:00:00+00:00;4
2007-06-06 22:00:00+00:00;12
2014-04-09 22:00:00+00:00;3
2010-07-11 22:00:00+00:00;12
1999-09-30 22:00:00+00:00;6
2009-03-14 23:00:00+00:00;9
2020-02-14 23:00:00+00:00;4
2011-02-27 23:00:00+00:00;9
2025-06-02 22:00:00+00:00;2
2000-01-05 23:00:00+00:00;14
2027-03-17 13:37:21.197786+00:00;1
2022-07-03 22:00:00+00:00;1
2025-08-09 22:00:00+00:00;5
2016-12-14 23:00:00+00:00;14
2001-01-17 23:00:00+00:00;1
1994-05-05 22:00:00+00:00;1
2020-02-27 07:22:03.103147+00:00;1
1993-01-28 23:00:00+00:00;1
1993-02-10 23:00:00+00:00;3
2018-08-11 22:00:00+00:00;4
2013-11-25 23:00:00+00:00;7
2015-08-05 22:00:00+00:00;18
2015-04-21 22:00:00+00:00;1
2003-06-21 22:00:00+00:00;1
2020-04-07 22:00:00+00:00;4
2023-12-19 23:00:00+00:00;7
2004-08-01 22:00:00+00:00;1
2027-01-02 23:00:00+00:00;3
2022-12-21 23:00:00+00:00;19
2015-03-12 23:00:00+00:00;7
2011-01-16 23:00:00+00:00;13
2027-05-01 13:39:40.263000+00:00;1
2014-10-08 22:00:00+00:00;6
2007-10-12 22:00:00+00:00;12
2006-09-30 22:00:00+00:00;9
2022-12-11 23:00:00+00:00;7
2013-03-14 23:00:00+00:00;5
2021-08-29 22:00:00+00:00;18
2025-07-03 22:00:00+00:00;7
2025-07-05 22:00:00+00:00;7
2002-01-06 23:00:00+00:00;3
2014-03-16 23:00:00+00:00;17
2005-09-16 22:00:00+00:00;2
1994-04-08 22:00:00+00:00;1
2026-06-25 00:00:00+00:00;1
2008-12-09 23:00:00+00:00;5
2019-10-09 22:00:00+00:00;13
2027-06-02 09:44:28.487000+00:00;1
2017-03-11 23:00:00+00:00;8
1987-10-01 23:00:00+00:00;1
1976-04-21 23:00:00+00:00;1
2019-11-27 10:23:18.491168+00:00;1
2016-10-10 22:00:00+00:00;8
2019-10-19 22:00:00+00:00;2
1998-05-21 22:00:00+00:00;1
2019-08-03 22:00:00+00:00;2
2025-11-01 23:00:00+00:00;14
2010-03-27 23:00:00+00:00;15
2009-01-09 23:00:00+00:00;3
2021-06-26 22:00:00+00:00;1
2016-03-08 23:00:00+00:00;11
2024-02-21 23:00:00+00:00;7
2024-10-28 23:00:00+00:00;3
2020-09-18 22:00:00+00:00;11
2011-11-23 23:00:00+00:00;6
2016-07-23 22:00:00+00:00;6
2011-01-12 23:00:00+00:00;22
2022-12-20 23:00:00+00:00;9
2013-12-17 23:00:00+00:00;3
2006-11-04 23:00:00+00:00;1
2007-06-28 22:00:00+00:00;6
2017-03-12 23:00:00+00:00;21
2014-01-12 23:00:00+00:00;13
2017-07-17 22:00:00+00:00;4
2013-10-04 22:00:00+00:00;30
2026-01-17 23:00:00+00:00;4
2008-08-25 22:00:00+00:00;9
2026-12-17 23:00:00+00:00;13
1977-10-29 23:00:00+00:00;1
2019-12-05 23:00:00+00:00;8
2014-08-13 22:00:00+00:00;8
2003-03-05 23:00:00+00:00;2
2027-04-02 00:00:00+00:00;9
2010-11-04 23:00:00+00:00;7
2013-08-10 22:00:00+00:00;6
2013-05-19 22:00:00+00:00;15
2020-12-17 23:00:00+00:00;30
2008-03-01 23:00:00+00:00;15
2009-09-05 22:00:00+00:00;6
1972-09-05 23:00:00+00:00;1
2007-04-19 22:00:00+00:00;12
2020-10-06 22:00:00+00:00;5
2012-11-17 23:00:00+00:00;9
1994-10-27 23:00:00+00:00;1
2018-12-23 23:00:00+00:00;4
2013-07-17 22:00:00+00:00;3
2019-12-27 23:00:00+00:00;1
2002-06-28 22:00:00+00:00;1
2027-07-10 00:00:00+00:00;8
2004-03-25 23:00:00+00:00;3
2022-10-24 22:00:00+00:00;11
2015-11-04 23:00:00+00:00;10
2031-10-15 22:00:00+00:00;1
2021-08-30 22:00:00+00:00;46
2011-07-13 22:00:00+00:00;8
2024-10-17 00:00:00+00:00;1
2013-10-12 22:00:00+00:00;9
2013-07-22 22:00:00+00:00;12
2002-06-20 22:00:00+00:00;1
2023-03-18 23:00:00+00:00;5
2007-01-02 23:00:00+00:00;2
2013-07-16 22:00:00+00:00;4
2002-10-17 22:00:00+00:00;4
2021-01-03 23:00:00+00:00;7
2011-11-12 23:00:00+00:00;7
2014-11-20 23:00:00+00:00;8
2004-03-30 22:00:00+00:00;2
2019-06-09 22:00:00+00:00;2
2004-06-25 22:00:00+00:00;1
1996-03-29 23:00:00+00:00;1
2010-07-15 22:00:00+00:00;9
2006-09-22 22:00:00+00:00;6
2010-07-02 22:00:00+00:00;15
2024-08-12 22:00:00+00:00;1
2027-07-21 13:53:45.647000+00:00;1
2014-02-09 23:00:00+00:00;5
2009-11-17 23:00:00+00:00;3
2020-09-27 22:00:00+00:00;10
2024-10-21 22:00:00+00:00;3
2017-12-06 23:00:00+00:00;11
2019-11-14 23:00:00+00:00;30
1987-07-21 22:00:00+00:00;1
2021-09-07 22:00:00+00:00;3
2022-03-20 23:00:00+00:00;5
2009-08-19 22:00:00+00:00;3
2026-01-09 22:00:00+00:00;1
2002-03-05 23:00:00+00:00;2
1994-12-31 23:00:00+00:00;16
2023-09-30 22:00:00+00:00;13
2014-05-16 22:00:00+00:00;9
2013-11-28 23:00:00+00:00;8
1997-11-13 23:00:00+00:00;1
2032-04-08 22:00:00+00:00;1
2027-07-04 12:45:46.454000+00:00;1
2009-11-15 23:00:00+00:00;9
2002-11-02 23:00:00+00:00;3
2004-01-02 23:00:00+00:00;5
2024-05-27 22:00:00+00:00;2
1996-07-05 22:00:00+00:00;1
1998-02-28 23:00:00+00:00;3
2019-12-04 13:17:46.803080+00:00;1
2020-07-18 22:00:00+00:00;4
2009-09-01 22:00:00+00:00;4
2008-06-07 22:00:00+00:00;9
2006-10-25 22:00:00+00:00;8
2026-02-02 22:00:00+00:00;1
2021-07-06 22:00:00+00:00;5
1993-09-08 22:00:00+00:00;1
2024-12-14 23:00:00+00:00;1
2014-04-30 22:00:00+00:00;5
2027-06-26 15:20:34.149000+00:00;1
2011-06-12 22:00:00+00:00;11
2017-02-18 23:00:00+00:00;12
2012-08-19 22:00:00+00:00;8
2027-07-09 08:12:11.725000+00:00;1
1981-06-10 22:00:00+00:00;1
2027-02-03 00:00:00+00:00;2
2019-03-26 23:00:00+00:00;4
2026-05-16 00:00:00+00:00;3
2003-02-22 23:00:00+00:00;1
2021-08-10 22:00:00+00:00;3
2008-04-06 22:00:00+00:00;12
2008-07-20 22:00:00+00:00;8
2004-02-01 23:00:00+00:00;3
2011-08-12 22:00:00+00:00;11
2000-04-07 22:00:00+00:00;2
2026-09-09 22:00:00+00:00;5
2003-12-19 23:00:00+00:00;2
2021-04-24 22:00:00+00:00;10
2000-08-01 22:00:00+00:00;1
2025-09-27 22:00:00+00:00;3
2017-06-20 22:00:00+00:00;6
2015-11-14 23:00:00+00:00;13
2005-05-18 22:00:00+00:00;3
2024-11-12 23:00:00+00:00;1
2022-04-08 22:00:00+00:00;4
2022-03-13 23:00:00+00:00;6
1999-04-14 22:00:00+00:00;1
2013-03-08 23:00:00+00:00;7
2026-01-20 23:00:00+00:00;4
2006-10-31 23:00:00+00:00;2
2013-04-29 22:00:00+00:00;7
2004-08-23 22:00:00+00:00;1
2026-04-10 22:00:00+00:00;7
2015-12-23 23:00:00+00:00;8
2010-09-15 22:00:00+00:00;5
2025-02-19 23:00:00+00:00;4
2011-11-28 23:00:00+00:00;4
1999-01-20 23:00:00+00:00;1
2006-03-22 23:00:00+00:00;11
2018-03-12 23:00:00+00:00;4
1997-07-12 22:00:00+00:00;1
1994-12-14 23:00:00+00:00;1
1966-02-05 23:00:00+00:00;1
2007-08-05 22:00:00+00:00;4
2012-08-12 22:00:00+00:00;12
1996-04-20 22:00:00+00:00;1
2006-02-25 23:00:00+00:00;5
1994-08-09 22:00:00+00:00;1
2027-05-01 14:31:58.870000+00:00;1
2002-10-11 22:00:00+00:00;1
2015-05-07 22:00:00+00:00;14
2018-04-27 22:00:00+00:00;1
2027-04-25 12:14:29.607000+00:00;1
1991-01-05 23:00:00+00:00;4
2016-03-22 23:00:00+00:00;7
2003-06-28 22:00:00+00:00;1
2006-10-11 22:00:00+00:00;11
2002-12-31 23:00:00+00:00;51
2019-11-06 14:46:48.699109+00:00;1
1999-05-14 22:00:00+00:00;1
2018-02-09 23:00:00+00:00;2
2027-07-31 11:46:12.416000+00:00;1
2023-05-26 22:00:00+00:00;4
2027-06-13 09:09:17.928000+00:00;1
2027-06-06 14:48:22.982000+00:00;1
2019-10-30 08:56:17.734707+00:00;1
2004-10-03 22:00:00+00:00;2
2013-04-12 22:00:00+00:00;13
2016-12-19 23:00:00+00:00;9
2020-01-12 23:00:00+00:00;1
2024-10-31 23:00:00+00:00;19
2021-03-23 23:00:00+00:00;14
2037-09-15 22:00:00+00:00;1
2020-02-21 12:27:38.561299+00:00;1
2027-05-04 00:00:00+00:00;1
2010-02-03 23:00:00+00:00;3
2026-02-07 23:00:00+00:00;8
2023-07-20 22:00:00+00:00;13
2020-09-01 22:00:00+00:00;3
2000-07-05 22:00:00+00:00;1
2025-09-22 22:00:00+00:00;1
2024-12-11 23:00:00+00:00;5
2010-10-27 22:00:00+00:00;14
1999-05-31 22:00:00+00:00;5
2017-05-04 22:00:00+00:00;12
2019-06-30 22:00:00+00:00;17
2014-01-20 23:00:00+00:00;9
2026-07-23 22:00:00+00:00;9
2025-10-15 00:00:00+00:00;1
2013-06-19 22:00:00+00:00;2
1999-09-08 22:00:00+00:00;1
1997-01-01 23:00:00+00:00;1
2027-06-24 07:37:44.619000+00:00;1
2027-06-23 10:28:12.642000+00:00;1
2013-06-14 22:00:00+00:00;10
2006-10-09 22:00:00+00:00;3
2014-06-28 22:00:00+00:00;12
2024-03-15 23:00:00+00:00;5
2027-05-12 14:17:30.179000+00:00;1
2007-12-19 23:00:00+00:00;6
2012-03-16 23:00:00+00:00;19
2013-01-22 23:00:00+00:00;1
2022-02-08 23:00:00+00:00;1
2007-03-12 23:00:00+00:00;4
2006-04-11 22:00:00+00:00;4
2017-05-28 22:00:00+00:00;9
2011-01-04 23:00:00+00:00;2
2014-11-07 23:00:00+00:00;11
2016-06-28 22:00:00+00:00;11
2027-06-25 07:46:16.296000+00:00;1
2009-07-22 22:00:00+00:00;2
1994-08-31 22:00:00+00:00;215
2005-09-07 22:00:00+00:00;5
1997-10-23 22:00:00+00:00;1
1985-01-04 23:00:00+00:00;1
2025-09-22 23:00:00+00:00;1
2006-09-21 22:00:00+00:00;6
2027-06-16 07:13:47.281000+00:00;1
2021-08-19 22:00:00+00:00;9
2016-10-27 22:00:00+00:00;17
2010-09-05 22:00:00+00:00;12
2006-08-20 22:00:00+00:00;7
2015-12-02 23:00:00+00:00;16
2008-04-28 22:00:00+00:00;12
2009-10-21 22:00:00+00:00;1
1996-09-30 22:00:00+00:00;2
2018-08-23 22:00:00+00:00;14
2000-12-07 23:00:00+00:00;1
2019-09-18 22:00:00+00:00;9
2024-07-12 22:00:00+00:00;6
2022-10-19 22:00:00+00:00;11
2006-10-05 22:00:00+00:00;6
2021-03-11 23:00:00+00:00;16
2024-03-10 23:00:00+00:00;10
2006-12-27 23:00:00+00:00;1
2009-08-30 22:00:00+00:00;12
2022-12-30 23:00:00+00:00;152
2016-09-12 22:00:00+00:00;23
2000-01-08 23:00:00+00:00;2
2013-08-15 22:00:00+00:00;3
2010-06-23 22:00:00+00:00;20
1994-12-30 23:00:00+00:00;3
1994-06-07 22:00:00+00:00;2
2017-08-31 22:00:00+00:00;13
2004-06-06 22:00:00+00:00;1
2022-02-11 23:00:00+00:00;8
2006-08-24 22:00:00+00:00;3
2021-11-17 23:00:00+00:00;6
2027-03-15 23:00:00+00:00;1
2022-08-14 22:00:00+00:00;3
2018-10-08 22:00:00+00:00;11
2022-06-13 22:00:00+00:00;7
1997-03-12 23:00:00+00:00;4
2020-01-01 23:00:00+00:00;3
2024-03-01 23:00:00+00:00;6
2020-05-06 22:00:00+00:00;12
2010-09-30 22:00:00+00:00;8
2026-05-19 00:00:00+00:00;7
1999-07-25 22:00:00+00:00;2
2003-09-13 22:00:00+00:00;2
2002-08-09 22:00:00+00:00;3
2003-03-31 22:00:00+00:00;8
1987-06-30 22:00:00+00:00;2
2025-10-19 22:00:00+00:00;7
2021-11-15 23:00:00+00:00;10
2021-04-01 22:00:00+00:00;18
2007-06-16 22:00:00+00:00;5
2013-09-08 22:00:00+00:00;12
2006-07-16 22:00:00+00:00;4
2020-10-05 22:00:00+00:00;5
2011-03-25 23:00:00+00:00;16
2005-04-04 22:00:00+00:00;4
2020-05-26 22:00:00+00:00;7
2020-05-27 22:00:00+00:00;5
2019-11-28 13:00:01.142051+00:00;1
2009-05-28 22:00:00+00:00;1
2014-01-04 23:00:00+00:00;9
2012-03-09 23:00:00+00:00;9
2027-07-16 09:13:33.602000+00:00;1
2015-11-12 23:00:00+00:00;10
2012-01-10 23:00:00+00:00;6
2024-03-16 23:00:00+00:00;7
2012-01-25 23:00:00+00:00;4
2023-09-29 22:00:00+00:00;44
2024-02-19 23:00:00+00:00;4
2020-05-02 22:00:00+00:00;4
2008-10-01 22:00:00+00:00;3
2025-05-17 00:00:00+00:00;1
2027-03-05 00:00:00+00:00;6
2004-01-23 23:00:00+00:00;1
2018-07-18 22:00:00+00:00;9
2019-02-23 23:00:00+00:00;3
2013-05-20 22:00:00+00:00;12
2023-12-01 23:00:00+00:00;4
2021-01-07 23:00:00+00:00;15
2017-10-30 23:00:00+00:00;28
2027-05-27 07:47:12.924000+00:00;1
2003-08-23 22:00:00+00:00;3
2006-10-12 22:00:00+00:00;8
2007-03-29 22:00:00+00:00;6
2009-07-08 22:00:00+00:00;3
2019-08-12 22:00:00+00:00;18
2020-04-24 22:00:00+00:00;6
2006-01-15 23:00:00+00:00;8
2024-06-07 22:00:00+00:00;2
2027-05-13 13:56:01.590000+00:00;1
2023-08-13 22:00:00+00:00;8
2007-05-20 22:00:00+00:00;10
2005-03-19 23:00:00+00:00;13
2020-09-08 22:00:00+00:00;3
2019-07-25 22:00:00+00:00;21
1992-07-15 22:00:00+00:00;1
2026-04-18 05:46:49.067706+00:00;1
2003-06-17 22:00:00+00:00;3
2011-11-07 23:00:00+00:00;1
2010-11-07 23:00:00+00:00;17
2020-07-09 22:00:00+00:00;15
2007-02-12 23:00:00+00:00;1
2007-06-08 22:00:00+00:00;11
2023-10-30 23:00:00+00:00;43
2015-06-30 22:00:00+00:00;4
2016-11-30 23:00:00+00:00;29
2012-09-08 22:00:00+00:00;13
2016-08-18 22:00:00+00:00;18
2026-12-08 23:00:00+00:00;8
2001-01-30 23:00:00+00:00;2
1996-03-21 23:00:00+00:00;2
2019-05-17 22:00:00+00:00;3
2005-10-21 22:00:00+00:00;5
2008-06-19 22:00:00+00:00;8
2026-01-23 00:00:00+00:00;1
2004-06-09 22:00:00+00:00;2
2004-10-06 22:00:00+00:00;4
2008-01-16 23:00:00+00:00;4
2014-05-26 22:00:00+00:00;8
2025-08-22 22:00:00+00:00;5
2005-03-24 23:00:00+00:00;4
2022-01-21 23:00:00+00:00;8
2025-09-16 22:00:00+00:00;2
2011-06-03 22:00:00+00:00;13
2021-02-12 23:00:00+00:00;7
2027-03-10 23:00:00+00:00;9
2005-08-29 22:00:00+00:00;1
2004-08-04 22:00:00+00:00;3
2002-07-05 22:00:00+00:00;4
2005-02-17 23:00:00+00:00;4
2023-12-21 23:00:00+00:00;18
2010-11-06 23:00:00+00:00;19
2011-07-08 22:00:00+00:00;10
2011-03-14 23:00:00+00:00;2
2011-09-13 22:00:00+00:00;2
2005-08-02 22:00:00+00:00;2
2002-06-10 22:00:00+00:00;1
1998-01-30 23:00:00+00:00;1
2018-10-19 22:00:00+00:00;5
2005-05-25 22:00:00+00:00;3
2007-09-12 22:00:00+00:00;4
1988-04-07 22:00:00+00:00;1
2007-03-30 22:00:00+00:00;11
2019-02-27 23:00:00+00:00;38
2008-04-01 22:00:00+00:00;6
1997-12-31 23:00:00+00:00;27
2007-05-04 22:00:00+00:00;8
2017-12-22 23:00:00+00:00;4
2004-06-22 22:00:00+00:00;1
2022-03-31 22:00:00+00:00;35
2015-10-12 22:00:00+00:00;7
2022-03-01 23:00:00+00:00;14
2016-02-27 23:00:00+00:00;17
2016-04-08 22:00:00+00:00;17
2015-04-06 22:00:00+00:00;2
2001-02-03 23:00:00+00:00;1
2022-05-03 22:00:00+00:00;9
1992-01-16 23:00:00+00:00;1
2021-03-08 23:00:00+00:00;2
1992-05-01 22:00:00+00:00;1
2020-03-23 23:00:00+00:00;5
2006-09-02 22:00:00+00:00;10
2027-07-03 12:10:11.334000+00:00;1
2023-09-27 22:00:00+00:00;11
2018-06-17 22:00:00+00:00;3
1998-04-15 22:00:00+00:00;1
2023-11-23 23:00:00+00:00;17
2009-02-08 23:00:00+00:00;12
2021-05-02 22:00:00+00:00;6
1994-09-01 22:00:00+00:00;3
1990-04-20 22:00:00+00:00;1
2019-02-17 23:00:00+00:00;7
2025-01-26 23:00:00+00:00;5
2040-07-15 22:00:00+00:00;1
2000-02-10 23:00:00+00:00;2
2019-07-22 22:00:00+00:00;2
2020-02-29 23:00:00+00:00;19
2014-05-22 22:00:00+00:00;19
2015-12-31 23:00:00+00:00;12
2026-03-28 23:00:00+00:00;10
2015-10-17 22:00:00+00:00;10
2010-12-25 23:00:00+00:00;1
2015-11-03 23:00:00+00:00;12
2024-11-09 23:00:00+00:00;3
1971-12-31 23:00:00+00:00;2
2013-06-02 22:00:00+00:00;4
2012-10-05 22:00:00+00:00;13
2005-07-28 22:00:00+00:00;6
2021-04-21 22:00:00+00:00;7
2008-04-12 22:00:00+00:00;11
2003-06-27 22:00:00+00:00;2
2015-06-22 22:00:00+00:00;9
2009-02-17 23:00:00+00:00;4
2023-04-10 22:00:00+00:00;2
2015-05-16 22:00:00+00:00;11
2016-01-26 23:00:00+00:00;10
2016-09-22 22:00:00+00:00;10
2022-05-01 22:00:00+00:00;5
2006-11-11 23:00:00+00:00;8
2006-07-14 22:00:00+00:00;7
2009-09-22 22:00:00+00:00;12
2027-01-30 23:00:00+00:00;16
2010-04-29 22:00:00+00:00;15
2018-11-09 23:00:00+00:00;6
2004-03-06 23:00:00+00:00;2
2021-12-11 23:00:00+00:00;32
2015-06-07 22:00:00+00:00;8
2026-11-19 00:00:00+00:00;1
2023-01-17 23:00:00+00:00;5
2011-08-02 22:00:00+00:00;5
2009-06-07 22:00:00+00:00;8
1969-09-07 23:00:00+00:00;1
2012-11-21 23:00:00+00:00;5
2015-07-01 22:00:00+00:00;16
2012-01-01 23:00:00+00:00;10
2026-11-20 00:00:00+00:00;1
2007-11-14 23:00:00+00:00;11
2011-10-20 22:00:00+00:00;19
2017-03-19 23:00:00+00:00;14
2013-08-13 22:00:00+00:00;15
2013-03-20 23:00:00+00:00;2
1987-06-02 22:00:00+00:00;1
2020-10-31 23:00:00+00:00;12
1997-02-19 23:00:00+00:00;1
2000-12-30 23:00:00+00:00;2
2009-08-23 22:00:00+00:00;7
2011-08-03 22:00:00+00:00;7
1998-01-29 23:00:00+00:00;2
2014-09-20 22:00:00+00:00;20
2009-08-17 22:00:00+00:00;7
2016-02-11 23:00:00+00:00;12
2010-07-06 22:00:00+00:00;3
1999-06-17 22:00:00+00:00;1
2016-07-17 22:00:00+00:00;15
1999-04-08 22:00:00+00:00;2
2011-12-11 23:00:00+00:00;14
2016-05-29 22:00:00+00:00;12
2014-12-22 23:00:00+00:00;2
2032-08-08 22:00:00+00:00;1
2019-06-08 22:00:00+00:00;1
2014-06-24 22:00:00+00:00;2
2025-09-03 22:00:00+00:00;8
1998-07-17 22:00:00+00:00;1
2011-02-13 23:00:00+00:00;9
2014-11-19 23:00:00+00:00;5
2007-03-15 23:00:00+00:00;9
2019-11-20 09:36:38.033759+00:00;1
2008-09-05 22:00:00+00:00;6
2018-02-22 23:00:00+00:00;20
2019-04-05 22:00:00+00:00;4
2025-11-17 23:00:00+00:00;2
2027-03-04 00:00:00+00:00;1
2009-07-17 22:00:00+00:00;9
2001-07-12 22:00:00+00:00;1
2024-03-31 22:00:00+00:00;11
2016-04-25 22:00:00+00:00;23
2009-04-03 22:00:00+00:00;9
2026-06-04 22:00:00+00:00;7
2018-04-15 22:00:00+00:00;12
2013-11-19 23:00:00+00:00;7
2020-12-28 23:00:00+00:00;3
2010-04-07 22:00:00+00:00;8
2018-03-14 23:00:00+00:00;8
2027-02-20 23:00:00+00:00;13
2020-11-06 23:00:00+00:00;8
2016-01-24 23:00:00+00:00;16
2013-05-31 22:00:00+00:00;5
2008-11-02 23:00:00+00:00;12
2002-10-31 23:00:00+00:00;12
2015-01-22 23:00:00+00:00;6
2002-05-11 22:00:00+00:00;1
2002-03-26 23:00:00+00:00;2
2004-09-08 22:00:00+00:00;3
2013-09-20 22:00:00+00:00;14
2012-05-21 22:00:00+00:00;13
1999-11-29 23:00:00+00:00;2
2022-08-17 22:00:00+00:00;11
2015-08-10 22:00:00+00:00;7
2003-07-19 22:00:00+00:00;2
2003-01-02 23:00:00+00:00;5
2009-07-03 22:00:00+00:00;8
2023-07-04 22:00:00+00:00;12
2023-02-05 23:00:00+00:00;2
2022-01-22 23:00:00+00:00;4
2021-07-18 22:00:00+00:00;7
2006-01-20 23:00:00+00:00;8
2018-09-23 22:00:00+00:00;7
2005-08-22 22:00:00+00:00;8
2018-01-21 23:00:00+00:00;8
2015-01-15 23:00:00+00:00;13
1992-06-04 22:00:00+00:00;2
2010-11-28 23:00:00+00:00;20
1987-08-12 22:00:00+00:00;1
2007-05-06 22:00:00+00:00;5
2010-07-28 22:00:00+00:00;12
1997-10-17 22:00:00+00:00;1
2007-04-27 22:00:00+00:00;19
2006-06-23 22:00:00+00:00;7
2003-02-10 23:00:00+00:00;1
1991-02-24 23:00:00+00:00;1
2008-12-05 23:00:00+00:00;16
2018-12-15 23:00:00+00:00;2
2020-10-13 22:00:00+00:00;5
2013-10-14 22:00:00+00:00;8
2001-03-05 23:00:00+00:00;1
2017-10-26 22:00:00+00:00;21
2015-12-16 23:00:00+00:00;24
2023-04-08 22:00:00+00:00;6
2015-08-22 22:00:00+00:00;5
2014-06-22 22:00:00+00:00;6
1998-09-01 22:00:00+00:00;1
2023-10-03 22:00:00+00:00;5
2019-11-07 11:14:06.794490+00:00;1
2014-11-16 23:00:00+00:00;8
2015-01-29 23:00:00+00:00;8
1998-08-31 22:00:00+00:00;7
2026-10-14 22:00:00+00:00;13
2017-02-14 23:00:00+00:00;16
2024-08-04 22:00:00+00:00;4
2005-12-10 23:00:00+00:00;3
2020-08-14 22:00:00+00:00;1
2021-09-20 22:00:00+00:00;5
2011-07-31 22:00:00+00:00;10
2027-06-05 10:12:33.860000+00:00;1
2022-08-03 22:00:00+00:00;7
2018-08-19 22:00:00+00:00;8
2009-04-22 22:00:00+00:00;1
2018-03-16 23:00:00+00:00;1
2003-01-07 23:00:00+00:00;1
2006-10-18 22:00:00+00:00;3
2011-01-21 23:00:00+00:00;12
2032-06-17 22:00:00+00:00;3
2027-07-20 22:00:00+00:00;1
2025-10-05 22:00:00+00:00;6
2019-08-06 22:00:00+00:00;7
2017-08-17 22:00:00+00:00;11
2002-01-31 23:00:00+00:00;17
2035-03-24 23:00:00+00:00;1
2010-01-17 23:00:00+00:00;19
2002-03-24 23:00:00+00:00;1
2012-05-04 22:00:00+00:00;9
1987-06-14 22:00:00+00:00;1
2012-04-23 22:00:00+00:00;12
2027-02-23 23:00:00+00:00;10
2008-07-23 22:00:00+00:00;3
2008-05-04 22:00:00+00:00;14
2021-03-21 23:00:00+00:00;7
2024-05-31 22:00:00+00:00;9
2005-02-21 23:00:00+00:00;2
2020-01-03 23:00:00+00:00;5
1999-10-08 22:00:00+00:00;1
2027-02-04 08:09:44.098798+00:00;1
2012-04-26 22:00:00+00:00;9
2007-09-03 22:00:00+00:00;4
2013-10-30 23:00:00+00:00;5
1995-01-05 23:00:00+00:00;4
2027-01-28 23:00:00+00:00;21
1990-06-26 22:00:00+00:00;1
2002-06-01 22:00:00+00:00;1
2009-01-11 23:00:00+00:00;10
2022-06-19 22:00:00+00:00;7
2019-10-24 06:38:27.696648+00:00;1
2020-07-13 22:00:00+00:00;4
2021-10-27 22:00:00+00:00;8
2010-11-13 23:00:00+00:00;18
2023-02-06 23:00:00+00:00;4
1998-04-09 22:00:00+00:00;1
2026-03-11 23:00:00+00:00;7
2014-10-19 22:00:00+00:00;7
2007-05-25 22:00:00+00:00;4
2024-10-23 22:00:00+00:00;8
2019-01-25 23:00:00+00:00;1
2009-11-05 23:00:00+00:00;15
2025-07-09 22:00:00+00:00;7
2007-12-03 23:00:00+00:00;7
2013-10-02 22:00:00+00:00;3
2000-10-30 23:00:00+00:00;1
2023-06-04 22:00:00+00:00;1
2031-08-16 22:00:00+00:00;1
2006-05-03 22:00:00+00:00;9
2017-11-11 23:00:00+00:00;3
2015-02-21 23:00:00+00:00;13
2010-02-22 23:00:00+00:00;11
1984-07-31 22:00:00+00:00;1
2027-04-17 00:00:00+00:00;11
2019-11-01 23:00:00+00:00;4
1991-12-17 23:00:00+00:00;2
2018-08-20 22:00:00+00:00;3
2012-01-26 23:00:00+00:00;6
2021-12-24 23:00:00+00:00;1
2027-07-21 00:00:00+00:00;6
2020-07-10 22:00:00+00:00;4
2009-06-19 22:00:00+00:00;18
2013-03-19 23:00:00+00:00;4
2019-08-28 22:00:00+00:00;7
1998-07-18 22:00:00+00:00;1
2015-01-21 23:00:00+00:00;5
2002-03-20 23:00:00+00:00;1
2022-12-05 23:00:00+00:00;9
2014-11-13 23:00:00+00:00;11
2023-04-02 22:00:00+00:00;10
2004-11-20 23:00:00+00:00;1
2004-06-19 22:00:00+00:00;1
2022-01-08 23:00:00+00:00;1
2020-06-12 22:00:00+00:00;6
2007-06-04 22:00:00+00:00;4
2017-11-26 23:00:00+00:00;9
2026-05-08 22:00:00+00:00;1
2020-08-18 22:00:00+00:00;6
2004-09-25 22:00:00+00:00;1
1989-02-09 23:00:00+00:00;1
2014-09-18 22:00:00+00:00;18
1991-04-30 22:00:00+00:00;2
2016-04-01 22:00:00+00:00;11
1995-03-14 23:00:00+00:00;2
2026-09-05 22:00:00+00:00;9
2026-04-14 22:00:00+00:00;12
2019-07-19 22:00:00+00:00;5
2001-06-09 22:00:00+00:00;1
1995-08-15 22:00:00+00:00;1
2014-01-09 23:00:00+00:00;7
2011-06-11 22:00:00+00:00;12
2025-11-06 23:00:00+00:00;9
2025-01-05 23:00:00+00:00;3
2013-05-18 22:00:00+00:00;11
2020-01-31 10:22:25.532783+00:00;1
2011-12-21 23:00:00+00:00;5
2013-02-14 23:00:00+00:00;7
2025-12-23 23:00:00+00:00;2
2026-01-26 23:00:00+00:00;2
2025-05-19 00:00:00+00:00;1
2007-12-15 23:00:00+00:00;15
2022-04-10 22:00:00+00:00;4
2021-11-05 23:00:00+00:00;2
2003-03-18 23:00:00+00:00;5
2021-05-06 22:00:00+00:00;10
2012-04-29 22:00:00+00:00;19
2017-07-19 22:00:00+00:00;9
2013-12-20 23:00:00+00:00;8
2007-10-05 22:00:00+00:00;5
2021-03-27 23:00:00+00:00;5
2011-08-09 22:00:00+00:00;3
1995-01-26 23:00:00+00:00;1
2003-01-10 23:00:00+00:00;3
2025-08-07 22:00:00+00:00;8
2020-10-25 23:00:00+00:00;5
2009-02-05 23:00:00+00:00;8
2022-10-26 22:00:00+00:00;6
2027-06-18 05:55:36.737000+00:00;1
2027-06-26 07:05:14.771000+00:00;1
2011-03-04 23:00:00+00:00;10
1999-06-08 22:00:00+00:00;2
2020-06-11 22:00:00+00:00;12
2022-03-12 23:00:00+00:00;2
2019-09-29 22:00:00+00:00;28
2001-05-18 22:00:00+00:00;2
2019-07-21 22:00:00+00:00;5
2002-12-22 23:00:00+00:00;1
2027-03-18 23:00:00+00:00;8
2019-03-25 23:00:00+00:00;6
2013-11-23 23:00:00+00:00;11
2005-01-19 23:00:00+00:00;1
2008-08-08 22:00:00+00:00;11
2000-12-13 23:00:00+00:00;1
2003-12-02 23:00:00+00:00;8
2025-01-10 23:00:00+00:00;6
2010-08-24 22:00:00+00:00;8
2010-04-06 22:00:00+00:00;1
2016-02-23 23:00:00+00:00;9
2013-03-18 23:00:00+00:00;12
2006-02-05 23:00:00+00:00;6
1996-01-17 23:00:00+00:00;1
2021-11-29 23:00:00+00:00;64
2015-09-05 22:00:00+00:00;12
2004-09-22 22:00:00+00:00;1
2025-03-26 23:00:00+00:00;8
2027-03-11 00:00:00+00:00;1
2007-09-25 22:00:00+00:00;3
2023-03-05 23:00:00+00:00;3
2001-06-21 22:00:00+00:00;1
2014-06-18 22:00:00+00:00;12
2006-10-14 22:00:00+00:00;9
2019-01-22 23:00:00+00:00;6
2022-02-07 23:00:00+00:00;2
2023-09-03 22:00:00+00:00;5
2014-11-02 23:00:00+00:00;9
2011-10-12 22:00:00+00:00;8
2025-09-12 22:00:00+00:00;10
2027-05-07 07:58:11.482000+00:00;1
2007-01-10 23:00:00+00:00;4
2015-01-04 23:00:00+00:00;4
2009-12-12 23:00:00+00:00;5
2004-04-27 22:00:00+00:00;2
2015-01-17 23:00:00+00:00;10
2032-02-02 23:00:00+00:00;2
1991-12-19 23:00:00+00:00;1
2004-11-29 23:00:00+00:00;2
2009-07-14 22:00:00+00:00;6
2011-05-26 22:00:00+00:00;8
2006-08-31 22:00:00+00:00;5
2025-10-06 22:00:00+00:00;4
2008-10-06 22:00:00+00:00;8
2009-09-13 22:00:00+00:00;11
2018-04-13 22:00:00+00:00;2
2013-05-11 22:00:00+00:00;16
2023-06-19 22:00:00+00:00;8
2007-10-11 22:00:00+00:00;9
2008-04-18 22:00:00+00:00;4
1997-04-16 22:00:00+00:00;1
2010-08-18 22:00:00+00:00;13
2027-01-17 23:00:00+00:00;1
2023-01-11 23:00:00+00:00;6
2005-07-02 22:00:00+00:00;7
2006-04-13 22:00:00+00:00;11
1997-03-06 23:00:00+00:00;1
2009-01-22 23:00:00+00:00;26
2006-05-11 22:00:00+00:00;9
2011-05-04 22:00:00+00:00;13
2013-11-22 23:00:00+00:00;4
2016-04-20 22:00:00+00:00;9
2005-10-02 22:00:00+00:00;8
2016-02-18 23:00:00+00:00;16
2010-10-20 22:00:00+00:00;8
2007-03-03 23:00:00+00:00;10
2019-10-30 09:35:30.654760+00:00;1
2020-05-13 22:00:00+00:00;11
2007-09-27 22:00:00+00:00;9
2008-07-19 22:00:00+00:00;12
2011-04-02 22:00:00+00:00;15
2004-06-28 22:00:00+00:00;2
1968-08-20 23:00:00+00:00;1
2024-11-05 23:00:00+00:00;4
2020-07-01 22:00:00+00:00;5
2021-04-03 22:00:00+00:00;2
2018-08-10 22:00:00+00:00;4
2010-12-26 23:00:00+00:00;1
2012-10-09 22:00:00+00:00;1
2025-09-01 00:00:00+00:00;3
2019-01-23 23:00:00+00:00;10
1996-12-13 23:00:00+00:00;1
2012-04-01 22:00:00+00:00;17
2006-12-10 23:00:00+00:00;5
2005-09-11 22:00:00+00:00;8
2013-12-01 23:00:00+00:00;15
1998-05-07 22:00:00+00:00;3
2014-05-30 22:00:00+00:00;6
2011-06-06 22:00:00+00:00;4
2025-10-16 22:00:00+00:00;3
2016-12-03 23:00:00+00:00;13
2015-09-17 22:00:00+00:00;12
2000-04-13 22:00:00+00:00;5
2004-10-16 22:00:00+00:00;3
2019-02-18 23:00:00+00:00;9
2013-04-07 22:00:00+00:00;12
2011-09-25 22:00:00+00:00;6
2001-08-30 22:00:00+00:00;1
2026-12-17 00:00:00+00:00;1
2020-06-01 22:00:00+00:00;3
2025-08-03 22:00:00+00:00;3
1995-04-02 22:00:00+00:00;1
1991-04-09 22:00:00+00:00;1
2006-02-27 23:00:00+00:00;6
2022-08-09 22:00:00+00:00;6
2014-05-19 22:00:00+00:00;3
2012-06-03 22:00:00+00:00;11
2019-06-05 22:00:00+00:00;13
2017-06-16 22:00:00+00:00;3
2021-03-02 23:00:00+00:00;18
2015-04-14 22:00:00+00:00;1
1988-07-13 22:00:00+00:00;1
2008-12-19 23:00:00+00:00;5
2024-10-27 00:00:00+00:00;1
2007-05-19 22:00:00+00:00;10
1999-06-30 22:00:00+00:00;4
2017-12-26 23:00:00+00:00;2
2001-11-08 23:00:00+00:00;1
1975-06-29 23:00:00+00:00;1
2006-06-14 22:00:00+00:00;4
2008-10-07 22:00:00+00:00;3
2020-09-07 22:00:00+00:00;4
2003-03-25 23:00:00+00:00;1
2025-09-24 22:00:00+00:00;6
2023-05-21 22:00:00+00:00;2
2009-04-09 22:00:00+00:00;1
2004-03-12 23:00:00+00:00;2
2026-09-28 22:00:00+00:00;1
1990-05-27 22:00:00+00:00;1
2023-08-16 22:00:00+00:00;8
2020-04-02 22:00:00+00:00;17
2017-01-15 23:00:00+00:00;15
2018-11-30 23:00:00+00:00;15
2021-02-28 23:00:00+00:00;19
2014-05-03 22:00:00+00:00;13
2020-10-07 22:00:00+00:00;13
2021-09-15 22:00:00+00:00;9
2009-08-09 22:00:00+00:00;15
2003-10-03 22:00:00+00:00;4
2009-01-31 23:00:00+00:00;13
2002-05-09 22:00:00+00:00;2
2020-08-23 22:00:00+00:00;11
2004-05-23 22:00:00+00:00;5
2010-03-15 23:00:00+00:00;3
2026-09-29 22:00:00+00:00;8
2013-10-06 22:00:00+00:00;13
2006-04-06 22:00:00+00:00;13
2010-01-04 23:00:00+00:00;6
2022-01-02 23:00:00+00:00;10
2009-09-11 22:00:00+00:00;5
2012-11-15 23:00:00+00:00;12
2025-06-17 22:00:00+00:00;1
2022-07-06 22:00:00+00:00;9
2012-02-15 23:00:00+00:00;7
2010-03-08 23:00:00+00:00;4
2017-10-27 22:00:00+00:00;5
2020-02-27 08:06:43.763311+00:00;1
2010-12-31 23:00:00+00:00;2
2009-01-28 23:00:00+00:00;5
1971-04-08 23:00:00+00:00;1
2012-03-20 23:00:00+00:00;1
2021-07-05 22:00:00+00:00;7
2016-11-13 23:00:00+00:00;17
1986-05-02 22:00:00+00:00;1
2008-01-25 23:00:00+00:00;9
2017-06-25 22:00:00+00:00;13
2013-09-16 22:00:00+00:00;12
2009-07-28 22:00:00+00:00;4
2012-08-23 22:00:00+00:00;10
2021-03-15 23:00:00+00:00;9
2002-02-21 23:00:00+00:00;1
2020-12-11 23:00:00+00:00;20
1987-01-10 23:00:00+00:00;1
2005-08-28 22:00:00+00:00;1
2019-04-12 22:00:00+00:00;3
2020-02-27 08:04:55.878395+00:00;1
2006-10-23 22:00:00+00:00;4
2009-09-09 22:00:00+00:00;4
2027-06-26 15:25:53.926000+00:00;1
2022-11-12 23:00:00+00:00;1
2010-06-21 22:00:00+00:00;3
2026-05-01 00:00:00+00:00;1
2019-09-17 22:00:00+00:00;5
2004-05-12 22:00:00+00:00;2
2026-11-28 23:00:00+00:00;8
2007-05-21 22:00:00+00:00;5
2019-10-18 22:00:00+00:00;3
2019-02-21 23:00:00+00:00;17
2025-02-02 23:00:00+00:00;7
2012-09-04 22:00:00+00:00;3
2011-10-29 22:00:00+00:00;15
2027-07-15 09:19:48.553000+00:00;1
2009-06-14 22:00:00+00:00;13
2016-05-03 22:00:00+00:00;7
2015-09-04 22:00:00+00:00;7
2010-02-04 23:00:00+00:00;10
2018-01-06 23:00:00+00:00;3
2004-08-12 22:00:00+00:00;2
2005-04-01 22:00:00+00:00;8
2016-07-29 22:00:00+00:00;12
2004-09-01 22:00:00+00:00;5
2023-05-31 22:00:00+00:00;16
2024-09-07 22:00:00+00:00;2
2027-07-24 15:01:20.962000+00:00;1
2000-03-24 23:00:00+00:00;1
2013-12-21 23:00:00+00:00;12
2007-09-30 22:00:00+00:00;13
2010-05-04 22:00:00+00:00;2
2000-06-02 22:00:00+00:00;1
2005-07-25 22:00:00+00:00;2
2014-06-07 22:00:00+00:00;13
2002-08-30 22:00:00+00:00;1
2017-09-02 22:00:00+00:00;1
2025-01-25 23:00:00+00:00;4
2026-08-18 22:00:00+00:00;8
2009-11-21 23:00:00+00:00;17
2010-05-28 22:00:00+00:00;17
2022-03-04 23:00:00+00:00;3
2003-12-18 23:00:00+00:00;1
2020-02-20 12:11:03.346194+00:00;1
2019-01-19 23:00:00+00:00;4
2025-03-21 23:00:00+00:00;6
2012-10-13 22:00:00+00:00;14
2019-12-11 23:00:00+00:00;36
2027-03-17 00:00:00+00:00;2
2018-03-18 23:00:00+00:00;7
2017-03-27 22:00:00+00:00;13
2015-05-10 22:00:00+00:00;2
2033-02-14 23:00:00+00:00;3
2019-04-26 22:00:00+00:00;1
2005-11-29 23:00:00+00:00;5
1962-11-30 23:00:00+00:00;1
2027-08-01 06:35:36.153000+00:00;1
2014-01-08 23:00:00+00:00;3
2021-01-30 23:00:00+00:00;24
2022-10-08 22:00:00+00:00;1
2011-06-05 22:00:00+00:00;14
2018-02-03 23:00:00+00:00;1
2027-07-07 09:17:00.875000+00:00;1
2018-07-27 22:00:00+00:00;2
1990-03-07 23:00:00+00:00;1
2002-01-23 23:00:00+00:00;1
2024-06-26 22:00:00+00:00;1
2015-04-07 22:00:00+00:00;4
2010-10-12 22:00:00+00:00;1
2010-08-05 22:00:00+00:00;10
1988-01-31 23:00:00+00:00;1
2013-10-24 22:00:00+00:00;14
2021-11-04 23:00:00+00:00;8
2027-05-27 07:45:59.632000+00:00;1
2024-01-02 23:00:00+00:00;3
2024-07-02 22:00:00+00:00;3
2000-10-24 22:00:00+00:00;2
2003-06-24 22:00:00+00:00;2
2019-11-28 13:30:34.887890+00:00;1
2027-06-20 09:32:33.006000+00:00;1
2001-10-20 22:00:00+00:00;1
2020-11-30 23:00:00+00:00;17
2023-01-28 23:00:00+00:00;7
2015-06-05 22:00:00+00:00;14
2025-06-11 22:00:00+00:00;5
2015-11-01 23:00:00+00:00;16
2012-06-04 22:00:00+00:00;16
2027-01-07 23:00:00+00:00;8
2009-10-01 22:00:00+00:00;16
2027-05-26 00:00:00+00:00;8
2019-06-01 22:00:00+00:00;4
2024-09-14 22:00:00+00:00;6
2008-01-11 23:00:00+00:00;11
2000-09-07 22:00:00+00:00;2
2025-03-17 23:00:00+00:00;4
2018-05-29 22:00:00+00:00;8
2021-07-01 22:00:00+00:00;26
2005-12-03 23:00:00+00:00;11
2012-03-08 23:00:00+00:00;9
2015-09-26 22:00:00+00:00;12
2006-10-17 22:00:00+00:00;1
2007-06-21 22:00:00+00:00;3
1992-07-30 22:00:00+00:00;1
2010-02-11 23:00:00+00:00;22
1994-05-25 22:00:00+00:00;1
2018-02-25 23:00:00+00:00;7
2014-04-21 22:00:00+00:00;3
2026-02-11 23:00:00+00:00;4
2010-07-27 22:00:00+00:00;2
2007-01-09 23:00:00+00:00;2
2026-01-18 23:00:00+00:00;6
2008-09-26 22:00:00+00:00;7
2020-11-07 23:00:00+00:00;9
1996-10-02 22:00:00+00:00;3
2007-06-25 22:00:00+00:00;6
2013-04-14 22:00:00+00:00;17
2024-10-17 22:00:00+00:00;12
2017-08-09 22:00:00+00:00;8
2026-01-24 23:00:00+00:00;9
2019-07-02 22:00:00+00:00;13
2026-09-26 22:00:00+00:00;5
2009-03-29 22:00:00+00:00;19
2014-09-30 22:00:00+00:00;2
2007-08-26 22:00:00+00:00;12
2015-06-25 22:00:00+00:00;12
2011-10-06 22:00:00+00:00;14
2011-04-22 22:00:00+00:00;12
2026-10-22 07:54:12.384674+00:00;1
2017-11-23 23:00:00+00:00;18
2017-02-25 23:00:00+00:00;12
2019-05-31 22:00:00+00:00;15
1996-03-23 23:00:00+00:00;1
2027-07-16 15:14:31.605000+00:00;1
1997-04-18 22:00:00+00:00;2
2018-05-21 22:00:00+00:00;2
2021-07-07 22:00:00+00:00;14
2019-04-04 22:00:00+00:00;11
2007-12-20 23:00:00+00:00;15
2027-04-14 00:00:00+00:00;6
2011-02-17 23:00:00+00:00;15
2017-02-01 23:00:00+00:00;10
2012-07-05 22:00:00+00:00;10
2023-02-08 23:00:00+00:00;9
2018-12-03 23:00:00+00:00;5
2011-11-18 23:00:00+00:00;13
2017-02-23 23:00:00+00:00;20
2010-03-14 23:00:00+00:00;14
1998-11-06 23:00:00+00:00;1
2021-04-28 22:00:00+00:00;11
2018-10-29 23:00:00+00:00;4
2010-06-16 22:00:00+00:00;14
2023-11-12 23:00:00+00:00;3
2003-10-30 23:00:00+00:00;1
2014-02-04 23:00:00+00:00;7
2007-08-17 22:00:00+00:00;9
2022-10-01 22:00:00+00:00;2
2013-12-12 23:00:00+00:00;9
2034-11-13 23:00:00+00:00;1
2027-07-10 14:25:00.668000+00:00;1
2014-06-29 22:00:00+00:00;9
2025-04-18 00:00:00+00:00;1
1996-04-24 22:00:00+00:00;2
2027-08-04 00:00:00+00:00;2
2015-09-19 22:00:00+00:00;12
1993-05-01 22:00:00+00:00;1
2016-10-31 23:00:00+00:00;23
2006-02-01 23:00:00+00:00;11
2024-08-15 22:00:00+00:00;9
2021-11-25 23:00:00+00:00;35
2017-01-03 23:00:00+00:00;1
2017-03-05 23:00:00+00:00;40
2006-03-24 23:00:00+00:00;12
2019-11-09 23:00:00+00:00;3
2020-09-16 22:00:00+00:00;8
1997-06-30 22:00:00+00:00;1
2000-09-14 22:00:00+00:00;1
2015-02-12 23:00:00+00:00;10
2019-03-10 23:00:00+00:00;6
2022-05-18 22:00:00+00:00;13
2006-11-15 23:00:00+00:00;3
2006-07-07 22:00:00+00:00;5
1996-02-27 23:00:00+00:00;1
2021-01-09 23:00:00+00:00;6
2024-01-18 23:00:00+00:00;14
2020-01-24 23:00:00+00:00;3
2009-02-24 23:00:00+00:00;3
1991-04-23 22:00:00+00:00;2
2009-06-26 22:00:00+00:00;12
2017-08-04 22:00:00+00:00;4
2014-04-24 22:00:00+00:00;15
2007-11-03 23:00:00+00:00;8
2027-04-30 00:00:00+00:00;4
2019-04-27 22:00:00+00:00;5
2007-12-11 23:00:00+00:00;4
2027-02-18 00:00:00+00:00;1
2011-08-17 22:00:00+00:00;7
2002-12-03 23:00:00+00:00;1
2023-09-13 22:00:00+00:00;6
2027-06-19 07:27:15.805000+00:00;1
2023-08-24 22:00:00+00:00;9
2021-05-05 22:00:00+00:00;6
2007-02-20 23:00:00+00:00;3
2019-04-09 22:00:00+00:00;8
2024-03-27 23:00:00+00:00;12
2015-06-15 22:00:00+00:00;8
2001-08-15 22:00:00+00:00;2
2010-02-05 23:00:00+00:00;13
2024-11-29 11:26:53.554003+00:00;1
2027-05-19 13:30:44.797000+00:00;1
2009-12-19 23:00:00+00:00;9
2002-07-17 22:00:00+00:00;1
2002-12-05 23:00:00+00:00;2
1994-08-30 22:00:00+00:00;2
2026-06-13 22:00:00+00:00;15
2025-07-10 22:00:00+00:00;8
2019-04-25 22:00:00+00:00;27
2019-11-27 13:53:30.271748+00:00;1
2010-01-14 23:00:00+00:00;18
2003-11-27 23:00:00+00:00;3
2017-12-13 23:00:00+00:00;7
1991-12-09 23:00:00+00:00;1
2013-11-13 23:00:00+00:00;3
2009-10-23 22:00:00+00:00;10
2024-10-13 22:00:00+00:00;3
2019-12-25 23:00:00+00:00;2
2018-11-10 23:00:00+00:00;1
2016-04-11 22:00:00+00:00;21
2004-11-04 23:00:00+00:00;3
2021-08-13 22:00:00+00:00;4
2027-05-01 10:19:03.549000+00:00;1
2013-02-22 23:00:00+00:00;9
2010-11-18 23:00:00+00:00;17
2013-02-01 23:00:00+00:00;8
2008-09-28 22:00:00+00:00;10
2016-01-12 23:00:00+00:00;4
2016-04-10 22:00:00+00:00;16
1987-08-30 22:00:00+00:00;1
2016-11-08 23:00:00+00:00;8
2001-12-07 23:00:00+00:00;3
2027-05-22 15:17:13.373000+00:00;1
2017-03-23 23:00:00+00:00;17
2013-05-10 22:00:00+00:00;17
2003-04-22 22:00:00+00:00;1
2003-07-23 22:00:00+00:00;4
2017-05-08 22:00:00+00:00;10
2000-10-28 22:00:00+00:00;1
1989-03-29 22:00:00+00:00;1
2005-10-25 22:00:00+00:00;1
2007-08-06 22:00:00+00:00;1
1988-01-19 23:00:00+00:00;2
2021-02-14 23:00:00+00:00;5
2018-07-31 22:00:00+00:00;10
2021-06-23 22:00:00+00:00;9
1997-11-23 23:00:00+00:00;1
2012-09-06 22:00:00+00:00;7
2003-07-01 22:00:00+00:00;2
2027-06-30 22:00:00+00:00;1
2025-06-09 22:00:00+00:00;4
2000-02-01 23:00:00+00:00;1
2024-08-17 22:00:00+00:00;6
2019-12-04 14:09:23.821891+00:00;1
2004-03-05 23:00:00+00:00;1
2017-05-11 22:00:00+00:00;10
2013-01-23 23:00:00+00:00;3
2025-03-26 00:00:00+00:00;1
2011-05-07 22:00:00+00:00;14
2025-04-19 22:00:00+00:00;2
2014-10-11 22:00:00+00:00;10
2026-04-28 22:00:00+00:00;10
1970-12-31 23:00:00+00:00;1
2011-12-17 23:00:00+00:00;4
2003-08-26 22:00:00+00:00;2
2002-11-27 23:00:00+00:00;1
2026-12-16 23:00:00+00:00;8
2003-11-30 23:00:00+00:00;8
2022-02-20 23:00:00+00:00;4
2027-06-03 10:55:58.515000+00:00;1
2001-03-16 23:00:00+00:00;1
2026-05-08 00:00:00+00:00;3
2021-11-08 23:00:00+00:00;4
2022-06-17 22:00:00+00:00;2
2022-08-11 22:00:00+00:00;7
2006-12-29 23:00:00+00:00;1
2021-07-26 22:00:00+00:00;4
2027-07-09 07:16:33.157000+00:00;1
2011-03-09 23:00:00+00:00;12
2011-02-20 23:00:00+00:00;7
2025-02-18 23:00:00+00:00;1
2022-12-07 23:00:00+00:00;8
2006-07-26 22:00:00+00:00;3
2006-03-02 23:00:00+00:00;7
1996-11-06 23:00:00+00:00;2
2001-01-26 23:00:00+00:00;1
2020-09-03 22:00:00+00:00;14
2012-09-27 22:00:00+00:00;10
2012-05-03 22:00:00+00:00;7
1994-03-15 23:00:00+00:00;1
2017-09-05 22:00:00+00:00;2
2018-06-10 22:00:00+00:00;6
2017-03-21 23:00:00+00:00;13
2015-05-29 22:00:00+00:00;14
2027-10-13 22:00:00+00:00;1
2015-05-23 22:00:00+00:00;10
2018-05-05 22:00:00+00:00;1
2019-12-04 12:58:46.091188+00:00;1
2002-06-16 22:00:00+00:00;1
2025-04-22 22:00:00+00:00;2
2006-06-01 22:00:00+00:00;11
1993-04-22 22:00:00+00:00;1
2025-07-20 22:00:00+00:00;14
2003-03-23 23:00:00+00:00;1
2012-08-11 22:00:00+00:00;13
2019-02-12 23:00:00+00:00;6
2011-04-20 22:00:00+00:00;16
2025-03-14 23:00:00+00:00;7
2017-12-12 23:00:00+00:00;10
1999-03-31 22:00:00+00:00;26
2010-06-04 22:00:00+00:00;18
2006-12-28 23:00:00+00:00;1
2027-03-10 00:00:00+00:00;3
2023-08-21 22:00:00+00:00;1
1996-07-10 22:00:00+00:00;2
2024-12-31 23:00:00+00:00;6
1995-10-31 23:00:00+00:00;1
2018-08-03 22:00:00+00:00;4
2014-12-29 23:00:00+00:00;1
2017-09-28 22:00:00+00:00;29
2003-07-14 22:00:00+00:00;3
2011-08-18 22:00:00+00:00;11
2029-06-17 22:00:00+00:00;2
2020-06-24 22:00:00+00:00;14
2016-03-17 23:00:00+00:00;13
2009-05-04 22:00:00+00:00;12
2018-03-20 23:00:00+00:00;1
2006-08-26 22:00:00+00:00;8
1994-09-16 22:00:00+00:00;3
2006-11-29 23:00:00+00:00;6
2027-06-10 09:51:49.679000+00:00;1
2008-02-19 23:00:00+00:00;2
2017-09-30 22:00:00+00:00;9
2010-08-16 22:00:00+00:00;4
1994-01-26 23:00:00+00:00;1
2027-07-22 08:31:21.859000+00:00;1
1985-03-11 23:00:00+00:00;1
2025-02-08 23:00:00+00:00;3
2015-09-11 22:00:00+00:00;13
2005-07-22 22:00:00+00:00;5
2009-11-23 23:00:00+00:00;12
2016-12-30 23:00:00+00:00;38
2026-01-08 23:00:00+00:00;4
2027-06-26 08:16:21.296000+00:00;1
2027-05-28 00:00:00+00:00;7
2017-10-16 22:00:00+00:00;3
2011-08-13 22:00:00+00:00;8
2022-01-20 23:00:00+00:00;15
2020-02-26 13:11:28.650965+00:00;1
2008-07-15 22:00:00+00:00;3
2026-12-26 23:00:00+00:00;3
2022-11-18 23:00:00+00:00;7
2020-07-31 22:00:00+00:00;10
2019-10-24 22:00:00+00:00;9
2009-09-28 22:00:00+00:00;10
2012-11-13 23:00:00+00:00;1
2012-02-21 23:00:00+00:00;3
2020-09-04 22:00:00+00:00;4
2008-09-29 22:00:00+00:00;16
2027-03-18 00:00:00+00:00;4
1991-09-25 22:00:00+00:00;1
2020-06-13 22:00:00+00:00;2
2011-02-16 23:00:00+00:00;16
2010-04-17 22:00:00+00:00;11
1972-09-30 23:00:00+00:00;1
2022-08-29 22:00:00+00:00;6
2016-06-16 22:00:00+00:00;16
2038-06-14 22:00:00+00:00;1
2006-04-26 22:00:00+00:00;9
2027-05-26 11:20:10.056000+00:00;1
2020-12-05 23:00:00+00:00;6
2019-08-04 22:00:00+00:00;4
2026-04-01 00:00:00+00:00;1
2023-03-28 22:00:00+00:00;7
2010-02-16 23:00:00+00:00;7
2006-07-22 22:00:00+00:00;4
2024-01-12 23:00:00+00:00;6
2012-07-08 22:00:00+00:00;14
2021-12-26 23:00:00+00:00;3
2021-08-09 22:00:00+00:00;2
2014-03-26 23:00:00+00:00;13
2024-04-02 22:00:00+00:00;2
2015-09-01 22:00:00+00:00;8
1998-06-15 22:00:00+00:00;1
2025-09-15 22:00:00+00:00;3
2021-10-03 22:00:00+00:00;13
2007-10-06 22:00:00+00:00;9
2024-10-02 22:00:00+00:00;5
2024-11-13 23:00:00+00:00;9
2018-08-24 22:00:00+00:00;4
2025-06-26 22:00:00+00:00;12
2021-06-06 22:00:00+00:00;8
1996-12-17 23:00:00+00:00;1
2004-06-18 22:00:00+00:00;3
2011-06-21 22:00:00+00:00;3
2026-10-06 22:00:00+00:00;8
2014-08-12 22:00:00+00:00;2
2027-05-12 12:37:17.972000+00:00;1
2022-10-29 22:00:00+00:00;11
2033-03-17 23:00:00+00:00;3
2001-04-08 22:00:00+00:00;1
2000-11-30 23:00:00+00:00;14
2018-09-26 22:00:00+00:00;14
2020-02-27 09:19:31.187837+00:00;1
2004-02-10 23:00:00+00:00;2
2003-08-27 22:00:00+00:00;1
1994-07-30 22:00:00+00:00;1
2010-05-25 22:00:00+00:00;7
2023-06-10 22:00:00+00:00;4
2014-03-05 23:00:00+00:00;6
1986-05-01 22:00:00+00:00;1
2016-10-26 22:00:00+00:00;7
2008-11-20 23:00:00+00:00;9
2011-06-15 22:00:00+00:00;9
1972-03-31 23:00:00+00:00;1
2018-10-28 23:00:00+00:00;2
2107-03-04 23:00:00+00:00;1
2023-07-11 22:00:00+00:00;9
2000-06-04 22:00:00+00:00;1
2026-10-22 00:00:00+00:00;2
2002-10-10 22:00:00+00:00;1
2019-05-07 22:00:00+00:00;9
2006-10-21 22:00:00+00:00;10
2004-10-29 22:00:00+00:00;1
2021-03-05 23:00:00+00:00;2
2017-06-03 22:00:00+00:00;4
2000-05-31 22:00:00+00:00;28
2006-02-14 23:00:00+00:00;1
2015-05-05 22:00:00+00:00;3
1996-06-26 22:00:00+00:00;6
2015-03-29 22:00:00+00:00;12
2011-12-22 23:00:00+00:00;4
2000-05-07 22:00:00+00:00;1
2006-12-20 23:00:00+00:00;3
2013-04-22 22:00:00+00:00;16
2001-12-15 23:00:00+00:00;1
2003-12-11 23:00:00+00:00;1
2026-04-03 00:00:00+00:00;2
2002-04-09 22:00:00+00:00;3
2018-09-09 22:00:00+00:00;8
1989-04-30 22:00:00+00:00;1
2021-12-05 23:00:00+00:00;10
2007-07-10 22:00:00+00:00;6
1997-03-02 23:00:00+00:00;1
2005-01-01 23:00:00+00:00;8
2024-11-13 17:27:13.819320+00:00;1
2019-11-07 23:00:00+00:00;9
2000-11-06 23:00:00+00:00;1
2012-08-21 22:00:00+00:00;5
2018-07-15 22:00:00+00:00;2
2025-07-06 22:00:00+00:00;8
2001-06-13 22:00:00+00:00;1
2020-03-22 23:00:00+00:00;6
2025-03-30 00:00:00+00:00;1
2025-12-28 23:00:00+00:00;1
2018-12-31 23:00:00+00:00;16
2006-06-06 22:00:00+00:00;10
2021-10-24 22:00:00+00:00;5
2017-06-10 22:00:00+00:00;1
2033-06-17 22:00:00+00:00;22
2010-07-10 22:00:00+00:00;16
2012-12-06 23:00:00+00:00;10
2018-11-02 23:00:00+00:00;1
2007-10-10 22:00:00+00:00;11
2016-06-02 22:00:00+00:00;17
2014-02-13 23:00:00+00:00;8
2012-03-25 22:00:00+00:00;8
2021-09-05 22:00:00+00:00;6
2018-05-24 22:00:00+00:00;16
2006-02-28 23:00:00+00:00;8
1994-08-02 22:00:00+00:00;1
2009-03-26 23:00:00+00:00;6
2014-12-10 23:00:00+00:00;8
2001-10-17 22:00:00+00:00;3
2025-09-20 22:00:00+00:00;6
2032-11-14 23:00:00+00:00;2
2007-05-18 22:00:00+00:00;9
2022-06-24 22:00:00+00:00;8
2019-11-19 12:33:21.903889+00:00;1
2017-04-08 22:00:00+00:00;10
2008-03-10 23:00:00+00:00;18
2031-03-17 23:00:00+00:00;4
2003-11-29 23:00:00+00:00;2
2030-07-31 22:00:00+00:00;1
2024-07-16 22:00:00+00:00;2
1980-11-06 23:00:00+00:00;1
2020-04-05 22:00:00+00:00;7
2014-07-15 22:00:00+00:00;6
2018-03-19 23:00:00+00:00;9
1995-09-02 22:00:00+00:00;1
2017-06-04 22:00:00+00:00;3
2001-09-14 22:00:00+00:00;3
2008-11-21 23:00:00+00:00;9
1998-05-12 22:00:00+00:00;1
2015-06-17 22:00:00+00:00;12
2013-06-25 22:00:00+00:00;3
2027-07-04 12:34:08.831000+00:00;1
2000-10-25 22:00:00+00:00;1
2011-07-07 22:00:00+00:00;7
2012-01-21 23:00:00+00:00;7
2003-02-13 23:00:00+00:00;1
2003-02-16 23:00:00+00:00;2
2007-09-04 22:00:00+00:00;2
2006-11-03 23:00:00+00:00;11
2012-12-16 23:00:00+00:00;10
2019-11-07 07:12:34.529922+00:00;1
2019-10-14 22:00:00+00:00;9
2020-05-14 22:00:00+00:00;18
2019-10-15 22:00:00+00:00;9
2005-10-05 22:00:00+00:00;2
2002-06-04 22:00:00+00:00;1
2017-01-27 23:00:00+00:00;10
2011-12-07 23:00:00+00:00;9
2036-09-05 22:00:00+00:00;1
2024-06-02 22:00:00+00:00;7
2027-07-24 05:45:55.087000+00:00;1
2013-07-15 22:00:00+00:00;13
2001-07-19 22:00:00+00:00;3
2008-08-10 22:00:00+00:00;15
2014-06-12 22:00:00+00:00;16
2005-11-09 23:00:00+00:00;3
2005-02-12 23:00:00+00:00;4
2003-08-31 22:00:00+00:00;9
2027-07-25 00:00:00+00:00;3
2027-05-01 00:00:00+00:00;9
2020-04-23 22:00:00+00:00;12
2015-02-18 23:00:00+00:00;11
1986-05-31 22:00:00+00:00;1
2018-06-18 22:00:00+00:00;4
2027-05-22 09:54:44.271000+00:00;1
2020-02-27 08:36:22.400040+00:00;1
1990-02-13 23:00:00+00:00;1
2012-06-25 22:00:00+00:00;14
2026-05-03 22:00:00+00:00;2
2023-01-20 23:00:00+00:00;6
2016-09-21 22:00:00+00:00;9
2022-07-20 22:00:00+00:00;5
2009-03-11 23:00:00+00:00;6
1997-11-02 23:00:00+00:00;2
2006-01-14 23:00:00+00:00;10
1996-03-27 23:00:00+00:00;6
1983-01-05 23:00:00+00:00;3
2012-06-12 22:00:00+00:00;4
2009-12-01 23:00:00+00:00;5
2027-05-06 08:40:56.078000+00:00;1
2010-01-12 23:00:00+00:00;4
2013-03-01 23:00:00+00:00;18
2006-08-05 22:00:00+00:00;3
2000-09-09 22:00:00+00:00;1
2005-12-01 23:00:00+00:00;7
2010-08-10 22:00:00+00:00;4
2011-09-23 22:00:00+00:00;19
2002-01-30 23:00:00+00:00;5
2001-02-07 23:00:00+00:00;1
2015-08-28 22:00:00+00:00;10
2005-09-05 22:00:00+00:00;1
2022-12-27 23:00:00+00:00;2
2006-09-28 22:00:00+00:00;5
2011-02-04 23:00:00+00:00;8
2006-08-12 22:00:00+00:00;5
2000-08-06 22:00:00+00:00;1
2008-01-09 23:00:00+00:00;7
2009-05-25 22:00:00+00:00;13
2009-03-22 23:00:00+00:00;11
2027-05-08 08:32:03.044000+00:00;1
2013-10-01 22:00:00+00:00;3
2009-10-28 23:00:00+00:00;4
2006-12-18 23:00:00+00:00;2
2024-01-20 23:00:00+00:00;3
2030-11-14 23:00:00+00:00;2
1992-07-09 22:00:00+00:00;1
2026-09-19 22:00:00+00:00;13
2025-01-29 23:00:00+00:00;6
2021-01-19 23:00:00+00:00;15
2025-06-15 22:00:00+00:00;7
1994-05-23 22:00:00+00:00;1
2014-05-28 22:00:00+00:00;2
2027-01-23 00:00:00+00:00;1
2010-04-24 22:00:00+00:00;13
2034-03-17 23:00:00+00:00;1
2007-05-03 22:00:00+00:00;9
2002-07-09 22:00:00+00:00;3
2005-06-15 22:00:00+00:00;2
2023-03-29 22:00:00+00:00;10
2026-07-15 22:00:00+00:00;6
2026-11-07 23:00:00+00:00;18
2019-12-21 23:00:00+00:00;3
2008-05-25 22:00:00+00:00;3
2011-09-09 22:00:00+00:00;8
2021-12-23 23:00:00+00:00;20
2010-10-16 22:00:00+00:00;29
2007-08-15 22:00:00+00:00;5
2005-04-10 22:00:00+00:00;4
2014-12-23 23:00:00+00:00;1
2009-08-13 22:00:00+00:00;8
2027-06-23 12:13:56.552000+00:00;1
2023-07-01 22:00:00+00:00;4
2005-10-16 22:00:00+00:00;8
2020-06-19 22:00:00+00:00;9
2014-06-03 22:00:00+00:00;5
2009-09-26 22:00:00+00:00;8
2019-10-16 06:05:44.858374+00:00;1
2008-06-10 22:00:00+00:00;2
2020-09-29 22:00:00+00:00;42
2002-03-31 22:00:00+00:00;14
2027-05-16 12:51:51.417000+00:00;1
2017-09-08 22:00:00+00:00;2
1994-05-20 22:00:00+00:00;1
2010-07-12 22:00:00+00:00;1
2022-02-13 23:00:00+00:00;14
2017-12-28 23:00:00+00:00;23
2022-11-24 23:00:00+00:00;26
2025-04-24 22:00:00+00:00;5
2014-09-14 22:00:00+00:00;12
2027-05-14 12:33:57.438000+00:00;1
2024-04-03 22:00:00+00:00;8
2013-11-24 23:00:00+00:00;15
2026-07-07 22:00:00+00:00;5
2012-09-29 22:00:00+00:00;16
2012-05-07 22:00:00+00:00;12
2027-01-26 23:00:00+00:00;12
2015-03-13 23:00:00+00:00;7
2003-06-05 22:00:00+00:00;5
2003-06-01 22:00:00+00:00;1
2009-10-15 22:00:00+00:00;9
2007-02-21 23:00:00+00:00;5
2024-04-13 22:00:00+00:00;10
2027-07-11 14:05:06.784000+00:00;1
2014-04-17 22:00:00+00:00;15
2017-01-14 23:00:00+00:00;13
2017-11-16 23:00:00+00:00;9
2011-05-08 22:00:00+00:00;11
2025-10-31 23:00:00+00:00;19
2026-07-30 22:00:00+00:00;8
2027-02-27 23:00:00+00:00;15
2005-02-04 23:00:00+00:00;10
2021-03-20 23:00:00+00:00;4
2015-03-16 23:00:00+00:00;6
2011-12-05 23:00:00+00:00;6
2007-03-10 23:00:00+00:00;9
2025-04-07 22:00:00+00:00;1
2014-08-08 22:00:00+00:00;12
1994-04-20 22:00:00+00:00;1
2020-07-06 22:00:00+00:00;6
2007-02-27 23:00:00+00:00;2
2015-01-23 23:00:00+00:00;11
2022-06-23 22:00:00+00:00;26
2019-07-13 22:00:00+00:00;5
2007-10-18 22:00:00+00:00;6
2033-01-15 23:00:00+00:00;3
2015-03-20 23:00:00+00:00;15
2022-05-06 22:00:00+00:00;4
2004-10-27 22:00:00+00:00;2
2005-11-15 23:00:00+00:00;4
2008-02-14 23:00:00+00:00;21
2020-05-25 22:00:00+00:00;2
2016-11-17 23:00:00+00:00;15
2018-03-04 23:00:00+00:00;3
2008-10-17 22:00:00+00:00;12
2027-01-31 00:00:00+00:00;1
2020-04-21 22:00:00+00:00;3
1993-03-15 23:00:00+00:00;1
2026-01-03 23:00:00+00:00;1
1992-12-03 23:00:00+00:00;1
2018-07-14 22:00:00+00:00;1
2027-05-13 00:00:00+00:00;7
1988-11-18 23:00:00+00:00;1
2024-09-02 22:00:00+00:00;1
2020-03-03 23:00:00+00:00;9
2006-06-03 22:00:00+00:00;10
2017-07-14 22:00:00+00:00;4
2016-06-20 22:00:00+00:00;12
2025-12-19 23:00:00+00:00;3
2025-06-22 22:00:00+00:00;8
2019-02-24 23:00:00+00:00;3
2002-03-10 23:00:00+00:00;3
2014-10-20 22:00:00+00:00;5
2009-10-30 23:00:00+00:00;8
1998-09-15 22:00:00+00:00;1
2022-01-23 23:00:00+00:00;10
2024-03-09 23:00:00+00:00;7
2023-10-18 22:00:00+00:00;11
2022-10-15 22:00:00+00:00;2
2010-06-12 22:00:00+00:00;5
2017-09-20 22:00:00+00:00;5
2012-03-29 22:00:00+00:00;17
2023-10-28 22:00:00+00:00;2
2012-04-09 22:00:00+00:00;14
2023-01-24 23:00:00+00:00;8
2007-01-14 23:00:00+00:00;7
2004-11-05 23:00:00+00:00;2
2025-06-16 22:00:00+00:00;1
2005-08-14 22:00:00+00:00;1
2027-05-23 12:24:47.683000+00:00;1
2026-01-29 23:00:00+00:00;9
2016-08-14 22:00:00+00:00;9
2020-10-24 22:00:00+00:00;10
2014-09-05 22:00:00+00:00;9
2015-07-20 22:00:00+00:00;4
2015-07-11 22:00:00+00:00;8
2014-12-19 23:00:00+00:00;12
1999-12-07 23:00:00+00:00;1
2024-02-14 23:00:00+00:00;9
2013-05-25 22:00:00+00:00;9
2025-11-20 23:00:00+00:00;7
2027-05-15 14:22:50.904000+00:00;1
2015-06-21 22:00:00+00:00;12
2002-08-23 22:00:00+00:00;1
1996-06-29 22:00:00+00:00;4
2012-08-13 22:00:00+00:00;4
2011-05-31 22:00:00+00:00;2
2024-05-21 22:00:00+00:00;5
2021-03-16 23:00:00+00:00;10
2008-12-08 23:00:00+00:00;14
2022-04-27 22:00:00+00:00;19
2019-04-22 22:00:00+00:00;7
2018-08-12 22:00:00+00:00;5
1987-10-22 23:00:00+00:00;1
2026-07-31 22:00:00+00:00;5
2019-10-12 22:00:00+00:00;2
2004-03-21 23:00:00+00:00;2
2019-10-02 22:00:00+00:00;5
1992-06-09 22:00:00+00:00;1
2027-06-25 11:30:27.928000+00:00;1
2023-03-08 23:00:00+00:00;5
2017-07-01 22:00:00+00:00;2
2016-03-26 23:00:00+00:00;15
2027-02-03 23:00:00+00:00;9
2024-07-15 22:00:00+00:00;6
2023-04-04 22:00:00+00:00;4
1994-10-08 23:00:00+00:00;1
2005-07-08 22:00:00+00:00;2
2007-03-11 23:00:00+00:00;15
2016-08-19 22:00:00+00:00;8
2012-05-05 22:00:00+00:00;6
2024-04-24 22:00:00+00:00;7
2005-04-06 22:00:00+00:00;3
2003-01-23 23:00:00+00:00;1
2023-01-27 23:00:00+00:00;3
2020-01-21 23:00:00+00:00;3
2013-04-15 22:00:00+00:00;11
2013-07-19 22:00:00+00:00;10
2015-07-19 22:00:00+00:00;7
1997-10-31 23:00:00+00:00;51
2027-06-25 00:00:00+00:00;7
2012-04-12 22:00:00+00:00;7
1998-12-16 23:00:00+00:00;1
2023-03-14 23:00:00+00:00;8
2009-01-12 23:00:00+00:00;12
2002-01-05 23:00:00+00:00;17
2036-03-01 23:00:00+00:00;1
2025-03-16 23:00:00+00:00;4
2007-12-05 23:00:00+00:00;7
2019-07-17 22:00:00+00:00;14
2024-02-18 23:00:00+00:00;4
2026-08-22 22:00:00+00:00;6
2027-06-16 12:17:02.324000+00:00;1
2012-01-02 23:00:00+00:00;1
1988-05-04 22:00:00+00:00;1
2025-08-21 22:00:00+00:00;6
2006-05-17 22:00:00+00:00;17
2024-10-18 22:00:00+00:00;2
2009-04-28 22:00:00+00:00;1
2005-11-26 23:00:00+00:00;2
2009-03-01 23:00:00+00:00;13
2026-05-27 22:00:00+00:00;7
2005-09-23 22:00:00+00:00;5
2013-01-25 23:00:00+00:00;14
2009-05-20 22:00:00+00:00;5
2009-05-23 22:00:00+00:00;6
2021-06-11 22:00:00+00:00;1
2006-02-26 23:00:00+00:00;4
2027-06-18 06:05:11.865000+00:00;1
2024-09-06 22:00:00+00:00;9
2020-11-24 23:00:00+00:00;11
1994-10-31 23:00:00+00:00;1
2025-09-10 22:00:00+00:00;6
2018-04-05 22:00:00+00:00;10
2020-03-14 23:00:00+00:00;4
2025-07-27 22:00:00+00:00;4
2020-07-27 22:00:00+00:00;1
2004-03-31 22:00:00+00:00;4
2008-10-15 22:00:00+00:00;5
1990-06-05 22:00:00+00:00;1
1996-10-09 22:00:00+00:00;1
1999-08-24 22:00:00+00:00;1
2026-08-28 22:00:00+00:00;11
2007-03-22 23:00:00+00:00;3
2009-02-19 23:00:00+00:00;5
2007-05-22 22:00:00+00:00;14
2019-04-01 22:00:00+00:00;3
2026-04-16 22:00:00+00:00;14
2012-06-24 22:00:00+00:00;18
2004-10-01 22:00:00+00:00;3
2014-01-14 23:00:00+00:00;3
2008-10-10 22:00:00+00:00;18
2011-08-10 22:00:00+00:00;7
2026-02-27 23:00:00+00:00;16
2018-06-29 22:00:00+00:00;37
2023-12-27 23:00:00+00:00;1
2019-01-27 23:00:00+00:00;12
2003-07-15 22:00:00+00:00;1
2017-10-29 23:00:00+00:00;13
2005-04-07 22:00:00+00:00;4
2013-03-10 23:00:00+00:00;10
2013-09-22 22:00:00+00:00;7
2008-01-13 23:00:00+00:00;11
2005-10-11 22:00:00+00:00;2
2026-03-19 23:00:00+00:00;10
2023-08-09 22:00:00+00:00;4
2020-05-20 22:00:00+00:00;8
2015-10-05 22:00:00+00:00;8
2023-11-15 23:00:00+00:00;7
2014-08-27 22:00:00+00:00;7
2027-06-23 00:00:00+00:00;1
2021-06-29 22:00:00+00:00;82
2022-03-05 23:00:00+00:00;3
2002-07-13 22:00:00+00:00;1
2015-05-01 22:00:00+00:00;9
2024-04-16 22:00:00+00:00;3
2025-11-27 23:00:00+00:00;16
2015-04-28 22:00:00+00:00;2
2009-04-27 22:00:00+00:00;12
2005-04-20 22:00:00+00:00;2
1974-06-24 23:00:00+00:00;1
2013-02-23 23:00:00+00:00;11
2007-10-14 22:00:00+00:00;5
2009-06-10 22:00:00+00:00;5
2004-08-20 22:00:00+00:00;3
2012-10-30 23:00:00+00:00;1
2001-05-20 22:00:00+00:00;1
2005-12-23 23:00:00+00:00;1
2014-08-23 22:00:00+00:00;12
2013-12-04 23:00:00+00:00;5
2022-12-06 23:00:00+00:00;7
2020-12-23 23:00:00+00:00;10
1999-03-24 23:00:00+00:00;1
2017-09-12 22:00:00+00:00;10
2011-01-07 23:00:00+00:00;15
2006-03-26 22:00:00+00:00;5
2018-12-30 23:00:00+00:00;85
2009-04-25 22:00:00+00:00;14
2013-08-24 22:00:00+00:00;7
2018-09-10 22:00:00+00:00;5
2011-08-08 22:00:00+00:00;1
2009-07-04 22:00:00+00:00;10
2005-12-29 23:00:00+00:00;1
2004-09-30 22:00:00+00:00;3
2008-01-10 23:00:00+00:00;10
2024-08-19 22:00:00+00:00;3
2009-12-08 23:00:00+00:00;1
2011-07-04 22:00:00+00:00;5
1970-01-05 23:00:00+00:00;3
2003-04-28 22:00:00+00:00;1
2022-04-18 22:00:00+00:00;11
2007-05-16 22:00:00+00:00;1
2000-05-05 22:00:00+00:00;1
2015-12-30 23:00:00+00:00;15
2019-11-28 12:11:30.962447+00:00;1
2002-11-26 23:00:00+00:00;1
2005-11-01 23:00:00+00:00;3
2023-01-02 23:00:00+00:00;3
2014-11-11 23:00:00+00:00;1
2011-05-13 22:00:00+00:00;11
2019-11-24 23:00:00+00:00;4
1986-04-23 22:00:00+00:00;1
1998-01-05 23:00:00+00:00;9
2010-04-04 22:00:00+00:00;17
2025-02-15 23:00:00+00:00;5
2010-09-11 22:00:00+00:00;6
1987-01-01 23:00:00+00:00;1
2019-12-28 23:00:00+00:00;3
2019-04-14 22:00:00+00:00;7
2014-07-03 22:00:00+00:00;10
2008-09-02 22:00:00+00:00;4
2024-07-05 22:00:00+00:00;4
2024-04-23 22:00:00+00:00;6
2022-06-22 22:00:00+00:00;7
2013-06-15 22:00:00+00:00;11
2003-09-30 22:00:00+00:00;6
2004-04-25 22:00:00+00:00;2
2013-06-21 22:00:00+00:00;6
2007-12-27 23:00:00+00:00;3
2006-12-02 23:00:00+00:00;10
2012-11-12 23:00:00+00:00;3
2008-09-11 22:00:00+00:00;7
2004-02-18 23:00:00+00:00;4
2011-01-23 23:00:00+00:00;12
2027-07-09 06:55:48.549000+00:00;1
2027-06-03 11:41:59.815000+00:00;1
2012-06-21 22:00:00+00:00;15
2019-06-10 22:00:00+00:00;3
2012-03-12 23:00:00+00:00;14
2006-04-12 22:00:00+00:00;9
2027-05-21 07:53:59.248000+00:00;1
2016-06-13 22:00:00+00:00;15
2005-07-14 22:00:00+00:00;2
2000-12-09 23:00:00+00:00;1
2007-02-17 23:00:00+00:00;11
2024-01-09 23:00:00+00:00;5
2016-09-23 22:00:00+00:00;15
2014-12-31 23:00:00+00:00;6
2024-04-25 22:00:00+00:00;9
2010-10-04 22:00:00+00:00;2
2004-01-06 23:00:00+00:00;4
2027-06-20 00:00:00+00:00;12
2013-12-08 23:00:00+00:00;5
2027-07-04 14:38:47.593000+00:00;1
2012-04-07 22:00:00+00:00;10
2013-01-16 23:00:00+00:00;1
1996-08-18 22:00:00+00:00;1
2020-11-23 23:00:00+00:00;10
1985-02-15 23:00:00+00:00;1
2003-02-28 23:00:00+00:00;16
2012-11-24 23:00:00+00:00;13
2005-10-28 22:00:00+00:00;7
2027-07-30 11:25:12.970000+00:00;1
2020-01-17 23:00:00+00:00;4
2020-09-15 22:00:00+00:00;8
2006-10-02 22:00:00+00:00;2
2016-01-27 23:00:00+00:00;21
2008-08-22 22:00:00+00:00;7
2021-09-30 22:00:00+00:00;43
2016-06-19 22:00:00+00:00;20
2015-02-24 23:00:00+00:00;3
2026-11-07 00:00:00+00:00;2
2017-11-08 23:00:00+00:00;3
2009-02-11 23:00:00+00:00;1
2007-08-25 22:00:00+00:00;4
2025-08-27 22:00:00+00:00;6
2021-07-30 22:00:00+00:00;41
2019-10-03 22:00:00+00:00;12
2019-06-21 22:00:00+00:00;3
2026-01-22 23:00:00+00:00;4
2009-05-17 22:00:00+00:00;14
2001-03-28 22:00:00+00:00;2
2010-05-27 22:00:00+00:00;14
2004-10-12 22:00:00+00:00;1
2018-11-22 23:00:00+00:00;11
2023-02-12 23:00:00+00:00;5
2005-06-27 22:00:00+00:00;2
2007-01-07 23:00:00+00:00;8
2026-03-17 23:00:00+00:00;2
1996-07-21 22:00:00+00:00;1
2003-11-01 23:00:00+00:00;6
2007-02-23 23:00:00+00:00;5
2017-12-20 23:00:00+00:00;3
1999-08-26 22:00:00+00:00;2
2014-09-11 22:00:00+00:00;13
2022-04-16 22:00:00+00:00;4
2009-04-30 22:00:00+00:00;2
2021-10-21 22:00:00+00:00;15
2013-06-09 22:00:00+00:00;6
2010-02-28 23:00:00+00:00;11
1998-05-28 22:00:00+00:00;1
2007-11-11 23:00:00+00:00;11
2013-04-21 22:00:00+00:00;9
2011-04-23 22:00:00+00:00;5
2009-08-25 22:00:00+00:00;2
2026-01-01 23:00:00+00:00;2
2015-08-31 22:00:00+00:00;19
1992-12-30 23:00:00+00:00;2
2019-11-23 23:00:00+00:00;1
2002-05-05 22:00:00+00:00;1
2022-09-27 22:00:00+00:00;6
2027-07-17 14:33:41.965000+00:00;1
2014-03-30 22:00:00+00:00;19
2012-06-29 22:00:00+00:00;10
2012-03-11 23:00:00+00:00;7
2009-09-29 22:00:00+00:00;2
2019-07-04 22:00:00+00:00;12
2010-05-05 22:00:00+00:00;19
2027-04-01 11:04:23.304112+00:00;1
2011-11-03 23:00:00+00:00;14
2010-08-17 22:00:00+00:00;1
2017-04-21 22:00:00+00:00;15
2027-05-10 00:00:00+00:00;1
2027-04-04 00:00:00+00:00;12
2006-10-22 22:00:00+00:00;6
1994-12-06 23:00:00+00:00;1
2008-05-28 22:00:00+00:00;2
2018-02-16 23:00:00+00:00;2
2011-08-05 22:00:00+00:00;8
2003-06-10 22:00:00+00:00;3
2018-09-27 22:00:00+00:00;23
2026-04-29 22:00:00+00:00;18
2015-05-18 22:00:00+00:00;4
2026-09-30 22:00:00+00:00;13
2015-05-12 22:00:00+00:00;3
2013-02-20 23:00:00+00:00;3
2026-06-30 22:00:00+00:00;14
2012-07-23 22:00:00+00:00;10
2016-07-31 22:00:00+00:00;14
2004-01-20 23:00:00+00:00;6
2016-02-07 23:00:00+00:00;24
2002-04-03 22:00:00+00:00;1
2025-02-10 23:00:00+00:00;6
1969-07-15 23:00:00+00:00;1
1995-06-10 22:00:00+00:00;1
2024-10-11 22:00:00+00:00;8
2025-06-15 00:00:00+00:00;1
1989-05-17 22:00:00+00:00;1
2027-04-01 00:00:00+00:00;6
2023-07-19 22:00:00+00:00;18
2014-09-27 22:00:00+00:00;9
2025-05-11 22:00:00+00:00;5
2001-05-11 22:00:00+00:00;1
2005-08-12 22:00:00+00:00;5
2025-06-03 00:00:00+00:00;2
2014-06-15 22:00:00+00:00;13
2027-07-22 11:47:42.079000+00:00;1
2013-09-07 22:00:00+00:00;15
2020-01-20 23:00:00+00:00;4
2003-02-04 23:00:00+00:00;1
2009-07-25 22:00:00+00:00;11
2016-07-11 22:00:00+00:00;12
2010-02-17 23:00:00+00:00;6
2026-05-06 22:00:00+00:00;9
2025-08-01 22:00:00+00:00;5
2024-06-04 22:00:00+00:00;9
2011-12-16 23:00:00+00:00;12
2004-10-23 22:00:00+00:00;1
2004-09-19 22:00:00+00:00;3
1989-02-15 23:00:00+00:00;1
2015-11-22 23:00:00+00:00;11
2022-02-15 23:00:00+00:00;10
2008-10-22 22:00:00+00:00;5
2010-02-13 23:00:00+00:00;17
2020-08-15 22:00:00+00:00;4
2015-07-26 22:00:00+00:00;11
2017-08-01 22:00:00+00:00;3
2014-12-24 23:00:00+00:00;2
2011-09-12 22:00:00+00:00;13
1987-02-28 23:00:00+00:00;2
2021-04-30 22:00:00+00:00;8
2020-05-08 22:00:00+00:00;6
1985-11-20 23:00:00+00:00;1
2002-01-09 23:00:00+00:00;2
2026-02-15 23:00:00+00:00;7
2024-02-24 23:00:00+00:00;1
2017-11-14 23:00:00+00:00;8
2016-09-18 22:00:00+00:00;15
2007-06-05 22:00:00+00:00;4
2021-11-10 23:00:00+00:00;9
2015-06-16 22:00:00+00:00;7
2010-02-27 23:00:00+00:00;36
1997-08-09 22:00:00+00:00;1
2017-04-28 22:00:00+00:00;12
2017-02-04 23:00:00+00:00;7
2011-10-18 22:00:00+00:00;2
2000-07-10 22:00:00+00:00;1
2004-10-30 22:00:00+00:00;5
2019-11-06 12:59:44.520884+00:00;1
2002-04-18 22:00:00+00:00;2
2003-05-20 22:00:00+00:00;1
2013-11-20 23:00:00+00:00;1
1998-06-24 22:00:00+00:00;1
2024-07-01 22:00:00+00:00;1
2025-12-12 23:00:00+00:00;11
2016-03-23 23:00:00+00:00;15
2016-02-29 23:00:00+00:00;33
2011-08-06 22:00:00+00:00;9
2013-05-24 22:00:00+00:00;7
2004-04-26 22:00:00+00:00;1
2001-07-07 22:00:00+00:00;1
2002-03-08 23:00:00+00:00;2
2013-04-04 22:00:00+00:00;6
2008-12-18 23:00:00+00:00;15
2011-01-03 23:00:00+00:00;3
2011-03-18 23:00:00+00:00;19
1993-07-03 22:00:00+00:00;1
2000-06-07 22:00:00+00:00;3
2012-12-01 23:00:00+00:00;11
2006-11-28 23:00:00+00:00;2
2004-04-14 22:00:00+00:00;2
2017-07-31 22:00:00+00:00;10
2015-12-19 23:00:00+00:00;10
2019-05-10 22:00:00+00:00;2
2009-07-26 22:00:00+00:00;12
2027-04-24 00:00:00+00:00;13
2011-08-21 22:00:00+00:00;8
2026-08-13 22:00:00+00:00;5
2022-07-19 22:00:00+00:00;8
2021-09-28 22:00:00+00:00;6
2021-06-27 22:00:00+00:00;11
2015-09-14 22:00:00+00:00;11
2024-06-12 22:00:00+00:00;4
2002-01-26 23:00:00+00:00;1
2015-05-06 22:00:00+00:00;10
2025-11-06 00:00:00+00:00;1
2019-05-23 22:00:00+00:00;8
2026-04-29 00:00:00+00:00;3
2007-11-05 23:00:00+00:00;5
2026-08-29 00:00:00+00:00;1
2010-03-21 23:00:00+00:00;18
2009-06-12 22:00:00+00:00;13
2021-07-21 22:00:00+00:00;5
2015-05-15 22:00:00+00:00;12
2013-07-03 22:00:00+00:00;1
2019-11-06 09:31:51.666241+00:00;1
1997-04-27 22:00:00+00:00;1
2004-03-17 23:00:00+00:00;5
2024-07-25 22:00:00+00:00;7
2011-01-06 23:00:00+00:00;6
2007-10-25 22:00:00+00:00;7
2014-12-04 23:00:00+00:00;13
2027-05-16 09:26:16.792000+00:00;1
2008-11-07 23:00:00+00:00;4
2026-11-14 00:00:00+00:00;1
2013-05-12 22:00:00+00:00;15
2027-06-26 08:37:02.763000+00:00;1
2003-01-26 23:00:00+00:00;1
2021-10-15 22:00:00+00:00;5
2005-07-16 22:00:00+00:00;3
2022-09-21 22:00:00+00:00;8
2020-12-01 23:00:00+00:00;5
2019-02-15 23:00:00+00:00;2
2016-02-25 23:00:00+00:00;19
2025-12-31 23:00:00+00:00;5
2006-08-30 22:00:00+00:00;2
2020-05-05 22:00:00+00:00;6
2027-05-26 14:24:21.491000+00:00;1
2010-04-01 22:00:00+00:00;9
2025-03-06 23:00:00+00:00;8
2025-01-08 23:00:00+00:00;1
2003-04-09 22:00:00+00:00;2
2005-03-27 22:00:00+00:00;1
2022-01-24 23:00:00+00:00;5
2006-12-26 23:00:00+00:00;1
2027-05-15 00:00:00+00:00;12
2013-12-07 23:00:00+00:00;16
2016-06-14 22:00:00+00:00;21
2027-05-27 11:33:44.114000+00:00;1
2020-10-19 22:00:00+00:00;5
2015-06-22 08:46:03.172000+00:00;1
2017-04-30 22:00:00+00:00;29
2025-11-21 11:03:34.468514+00:00;1
2004-02-23 23:00:00+00:00;1
2013-07-28 22:00:00+00:00;14
2011-05-01 22:00:00+00:00;7
1998-12-06 23:00:00+00:00;1
2016-03-13 23:00:00+00:00;15
2018-11-25 23:00:00+00:00;1
2024-06-06 22:00:00+00:00;13
2003-11-12 23:00:00+00:00;1
2026-08-31 22:00:00+00:00;1
2018-12-10 23:00:00+00:00;4
2018-11-04 23:00:00+00:00;6
2022-07-12 22:00:00+00:00;11
2026-06-06 22:00:00+00:00;6
2027-06-02 06:56:31.323000+00:00;1
2019-05-05 22:00:00+00:00;7
2017-10-07 22:00:00+00:00;1
2021-06-25 22:00:00+00:00;6
2010-12-10 23:00:00+00:00;9
2025-10-03 22:00:00+00:00;5
2027-02-19 23:00:00+00:00;11
2007-10-26 22:00:00+00:00;8
2021-12-16 23:00:00+00:00;16
2019-11-19 12:53:47.988920+00:00;1
2007-11-16 23:00:00+00:00;4
2020-01-26 23:00:00+00:00;1
2010-03-24 23:00:00+00:00;1
2033-01-24 23:00:00+00:00;1
2019-07-12 22:00:00+00:00;4
2018-12-18 23:00:00+00:00;11
2016-01-14 23:00:00+00:00;14
1980-09-18 22:00:00+00:00;1
2006-08-29 22:00:00+00:00;3
1963-09-05 23:00:00+00:00;1
2021-07-12 22:00:00+00:00;3
2008-04-23 22:00:00+00:00;2
2007-07-31 22:00:00+00:00;5
2018-07-20 22:00:00+00:00;5
2015-11-28 23:00:00+00:00;14
2008-08-04 22:00:00+00:00;9
2003-12-01 23:00:00+00:00;1
2024-01-30 23:00:00+00:00;42
2010-08-02 22:00:00+00:00;8
2003-01-31 23:00:00+00:00;15
2010-08-25 22:00:00+00:00;11
2011-11-11 23:00:00+00:00;8
2001-01-25 23:00:00+00:00;1
2023-07-30 22:00:00+00:00;41
1993-01-20 23:00:00+00:00;1
2018-12-05 23:00:00+00:00;9
1999-11-23 23:00:00+00:00;1
1986-03-31 22:00:00+00:00;1
2021-04-23 22:00:00+00:00;4
2008-03-06 23:00:00+00:00;13
2013-02-04 23:00:00+00:00;18
2026-02-23 23:00:00+00:00;2
2019-01-14 23:00:00+00:00;2
2014-05-25 22:00:00+00:00;6
2009-05-27 22:00:00+00:00;2
2010-12-17 23:00:00+00:00;6
1983-04-16 22:00:00+00:00;1
2002-11-17 23:00:00+00:00;1
2008-09-25 22:00:00+00:00;11
2009-12-23 23:00:00+00:00;2
1997-04-04 22:00:00+00:00;3
2013-11-03 23:00:00+00:00;8
2007-11-29 23:00:00+00:00;10
2021-07-28 22:00:00+00:00;9
2010-12-02 23:00:00+00:00;14
2027-07-01 11:42:55.774000+00:00;1
2018-08-28 22:00:00+00:00;7
2016-11-10 23:00:00+00:00;12
2023-09-22 22:00:00+00:00;1
2019-01-09 23:00:00+00:00;5
2024-08-24 22:00:00+00:00;8
2015-05-04 22:00:00+00:00;2
2026-10-31 00:00:00+00:00;1
2027-06-11 00:00:00+00:00;5
2019-10-22 08:10:15.046622+00:00;1
2005-10-23 22:00:00+00:00;3
2027-06-17 20:53:31.935000+00:00;1
2012-04-17 22:00:00+00:00;11
2021-11-02 23:00:00+00:00;2
2015-10-30 23:00:00+00:00;23
2017-07-10 22:00:00+00:00;6
2022-04-11 22:00:00+00:00;9
2004-03-01 23:00:00+00:00;6
1991-06-25 22:00:00+00:00;1
2025-02-26 23:00:00+00:00;6
2011-09-28 22:00:00+00:00;2
2009-01-20 23:00:00+00:00;3
2008-10-08 22:00:00+00:00;3
2021-10-09 22:00:00+00:00;5
2027-07-09 00:00:00+00:00;9
2021-05-07 22:00:00+00:00;5
2008-11-14 23:00:00+00:00;10
2014-04-16 22:00:00+00:00;6
2009-08-18 22:00:00+00:00;2
2022-10-23 22:00:00+00:00;4
2020-06-22 22:00:00+00:00;4
2013-01-03 23:00:00+00:00;6
2011-08-14 22:00:00+00:00;11
2008-04-29 22:00:00+00:00;1
2021-02-20 23:00:00+00:00;3
2011-06-17 22:00:00+00:00;7
2008-03-18 23:00:00+00:00;5
2026-11-18 23:00:00+00:00;17
2018-03-31 22:00:00+00:00;14
2019-09-01 22:00:00+00:00;8
2019-08-11 22:00:00+00:00;3
2017-10-08 22:00:00+00:00;5
2023-04-17 22:00:00+00:00;9
2020-03-05 23:00:00+00:00;9
2017-05-10 22:00:00+00:00;1
2014-06-02 22:00:00+00:00;3
2004-05-01 22:00:00+00:00;2
2027-04-03 00:00:00+00:00;10
2024-06-21 22:00:00+00:00;3
2027-06-30 15:50:21.238000+00:00;1
1995-09-29 23:00:00+00:00;1
2023-05-28 22:00:00+00:00;2
2027-07-03 00:00:00+00:00;15
2035-06-11 22:00:00+00:00;1
2027-07-16 09:47:32.127000+00:00;1
2004-08-16 22:00:00+00:00;1
2023-06-23 22:00:00+00:00;1
2025-01-11 23:00:00+00:00;1
1996-01-04 23:00:00+00:00;1
2008-03-12 23:00:00+00:00;2
2007-04-02 22:00:00+00:00;2
2020-06-06 22:00:00+00:00;5
2025-10-06 00:00:00+00:00;1
2019-12-04 14:03:09.044364+00:00;1
2010-09-27 22:00:00+00:00;1
2023-01-21 23:00:00+00:00;8
2007-11-15 23:00:00+00:00;12
2019-12-04 07:51:59.783104+00:00;1
2010-01-18 23:00:00+00:00;11
2012-03-27 22:00:00+00:00;3
2008-10-20 22:00:00+00:00;13
2008-10-27 23:00:00+00:00;13
2004-09-18 22:00:00+00:00;2
2025-04-14 22:00:00+00:00;7
2024-01-24 23:00:00+00:00;10
2003-04-29 22:00:00+00:00;2
2004-05-15 22:00:00+00:00;1
2007-01-05 23:00:00+00:00;4
2012-08-10 22:00:00+00:00;19
2026-09-25 22:00:00+00:00;10
2021-02-26 23:00:00+00:00;6
2016-08-29 22:00:00+00:00;13
2034-11-14 23:00:00+00:00;1
2010-01-27 23:00:00+00:00;2
2011-06-22 22:00:00+00:00;8
2022-02-14 23:00:00+00:00;6
2005-03-23 23:00:00+00:00;1
2006-01-28 23:00:00+00:00;5
1984-11-30 23:00:00+00:00;1
2018-07-08 22:00:00+00:00;5
1986-03-30 22:00:00+00:00;1
2024-12-23 23:00:00+00:00;1
2008-10-12 22:00:00+00:00;11
1999-02-27 23:00:00+00:00;2
2009-09-17 22:00:00+00:00;13
2014-07-30 22:00:00+00:00;7
2026-11-25 00:00:00+00:00;1
2023-02-17 23:00:00+00:00;2
2015-10-19 22:00:00+00:00;10
2007-10-30 23:00:00+00:00;4
2026-06-05 22:00:00+00:00;10
2027-06-04 00:00:00+00:00;10
2014-10-03 22:00:00+00:00;20
2007-01-22 23:00:00+00:00;3
2016-07-25 22:00:00+00:00;7
2013-08-04 22:00:00+00:00;16
2017-10-21 22:00:00+00:00;3
1988-10-09 23:00:00+00:00;1
2022-06-12 22:00:00+00:00;5
2015-04-12 22:00:00+00:00;7
2001-09-17 22:00:00+00:00;2
2012-08-15 22:00:00+00:00;4
2015-10-20 22:00:00+00:00;12
2019-05-12 22:00:00+00:00;1
1993-10-28 23:00:00+00:00;1
2010-01-07 23:00:00+00:00;9
2027-05-19 14:22:16.164000+00:00;1
2004-01-01 23:00:00+00:00;5
2021-04-05 22:00:00+00:00;1
2015-10-02 22:00:00+00:00;28
2018-04-09 22:00:00+00:00;9
2016-01-21 23:00:00+00:00;13
1994-10-04 23:00:00+00:00;2
1986-05-20 22:00:00+00:00;1
2020-06-10 22:00:00+00:00;9
2010-12-06 23:00:00+00:00;5
2007-03-18 23:00:00+00:00;3
2019-09-12 22:00:00+00:00;12
2013-02-27 23:00:00+00:00;2
2025-12-21 23:00:00+00:00;9
2023-08-10 22:00:00+00:00;6
2025-06-21 22:00:00+00:00;2
2017-04-26 22:00:00+00:00;4
1986-06-05 22:00:00+00:00;1
2014-02-03 23:00:00+00:00;10
2027-07-15 13:17:08.661000+00:00;1
2012-06-20 22:00:00+00:00;1
1984-10-31 23:00:00+00:00;2
2011-02-03 23:00:00+00:00;14
2023-09-19 22:00:00+00:00;6
2026-11-03 00:00:00+00:00;1
2005-02-02 23:00:00+00:00;2
2010-05-02 22:00:00+00:00;4
2027-04-16 12:47:03.361000+00:00;1
2027-07-18 13:29:21.670000+00:00;1
2001-07-15 22:00:00+00:00;1
1998-10-31 23:00:00+00:00;3
2026-09-08 22:00:00+00:00;6
2025-05-02 22:00:00+00:00;8
2023-04-25 22:00:00+00:00;11
2004-08-25 22:00:00+00:00;1
2026-02-28 00:00:00+00:00;1
2009-11-27 23:00:00+00:00;16
2019-01-02 23:00:00+00:00;4
2017-04-04 22:00:00+00:00;9
2014-04-07 22:00:00+00:00;3
2013-08-08 22:00:00+00:00;6
1992-12-31 23:00:00+00:00;3
2027-03-03 23:00:00+00:00;19
2014-11-27 23:00:00+00:00;11
2014-07-04 22:00:00+00:00;12
2012-08-02 22:00:00+00:00;15
2024-08-21 22:00:00+00:00;6
2027-02-13 23:00:00+00:00;6
2027-07-02 12:52:25.282000+00:00;1
2016-03-15 23:00:00+00:00;8
2024-07-20 22:00:00+00:00;8
2035-01-15 23:00:00+00:00;1
2003-07-24 22:00:00+00:00;1
2020-09-11 22:00:00+00:00;5
2014-06-11 22:00:00+00:00;8
2018-03-06 23:00:00+00:00;5
2001-07-11 22:00:00+00:00;1
2003-10-21 22:00:00+00:00;1
2015-08-20 08:01:48.430000+00:00;1
2016-12-13 23:00:00+00:00;2
2006-01-31 23:00:00+00:00;4
1988-09-07 22:00:00+00:00;1
2007-12-29 23:00:00+00:00;1
2006-11-09 23:00:00+00:00;11
2021-10-07 22:00:00+00:00;14
2011-09-10 22:00:00+00:00;9
1987-07-02 22:00:00+00:00;1
2005-03-07 23:00:00+00:00;3
2025-01-21 23:00:00+00:00;4
1978-01-20 23:00:00+00:00;1
2002-05-30 22:00:00+00:00;1
2013-11-06 23:00:00+00:00;2
2026-09-04 22:00:00+00:00;10
2017-02-12 23:00:00+00:00;16
2015-09-23 22:00:00+00:00;10
2007-01-30 23:00:00+00:00;1
2026-10-07 22:00:00+00:00;18
2020-12-21 23:00:00+00:00;5
2019-03-14 23:00:00+00:00;19
2022-08-04 22:00:00+00:00;14
2026-11-25 23:00:00+00:00;13
2024-11-07 23:00:00+00:00;17
2021-04-17 22:00:00+00:00;5
2027-01-31 23:00:00+00:00;2
2026-02-14 23:00:00+00:00;8
2017-08-06 22:00:00+00:00;1
2019-10-16 08:08:03.327724+00:00;1
2018-06-22 22:00:00+00:00;4
2023-02-19 23:00:00+00:00;7
2023-10-22 22:00:00+00:00;1
2015-06-24 22:00:00+00:00;11
2008-01-06 23:00:00+00:00;6
2018-06-05 22:00:00+00:00;8
2021-05-12 22:00:00+00:00;12
2017-01-04 23:00:00+00:00;3
2002-05-29 22:00:00+00:00;1
2024-11-27 23:00:00+00:00;4
2009-09-10 22:00:00+00:00;12
2011-10-15 22:00:00+00:00;18
2023-12-17 23:00:00+00:00;7
2027-07-10 12:31:34.666000+00:00;1
2011-03-26 23:00:00+00:00;8
2006-07-20 22:00:00+00:00;2
2003-09-17 22:00:00+00:00;1
2027-07-10 12:50:55.231000+00:00;1
2015-01-09 23:00:00+00:00;7
2027-07-17 07:21:36.569000+00:00;1
2016-07-28 22:00:00+00:00;12
2013-10-22 22:00:00+00:00;8
2020-12-04 23:00:00+00:00;5
2006-04-28 22:00:00+00:00;11
2012-04-27 22:00:00+00:00;12
2004-07-10 22:00:00+00:00;4
1996-05-31 22:00:00+00:00;3
2007-07-01 22:00:00+00:00;12
2023-07-12 22:00:00+00:00;14
2003-05-31 22:00:00+00:00;8
2012-06-26 22:00:00+00:00;1
2022-09-26 22:00:00+00:00;4
2027-07-14 19:02:48.315000+00:00;1
2004-09-05 22:00:00+00:00;4
2014-03-18 23:00:00+00:00;3
2026-04-22 22:00:00+00:00;6
2018-11-17 23:00:00+00:00;2
2007-05-26 22:00:00+00:00;10
2009-01-21 23:00:00+00:00;6
2018-03-25 22:00:00+00:00;4
2018-06-27 22:00:00+00:00;8
2027-04-12 00:00:00+00:00;1
2019-11-07 07:25:33.977741+00:00;1
2011-08-07 22:00:00+00:00;7
2010-03-22 23:00:00+00:00;4
2005-05-07 22:00:00+00:00;4
2026-06-18 22:00:00+00:00;16
2019-09-13 22:00:00+00:00;3
2031-01-15 23:00:00+00:00;1
2011-08-11 22:00:00+00:00;12
2019-08-27 22:00:00+00:00;22
2009-09-21 22:00:00+00:00;8
2012-02-13 23:00:00+00:00;3
2009-04-11 22:00:00+00:00;22
2022-10-11 22:00:00+00:00;7
2023-02-04 23:00:00+00:00;4
2026-12-09 00:00:00+00:00;1
2019-05-09 22:00:00+00:00;7
2015-10-10 22:00:00+00:00;12
2021-12-14 23:00:00+00:00;14
2005-08-07 22:00:00+00:00;5
2015-02-05 23:00:00+00:00;9
2009-06-29 22:00:00+00:00;4
2021-02-15 23:00:00+00:00;4
2016-05-10 22:00:00+00:00;9
2014-05-13 22:00:00+00:00;4
2010-06-08 22:00:00+00:00;1
2010-02-08 23:00:00+00:00;22
2007-05-30 22:00:00+00:00;4
2013-07-10 22:00:00+00:00;6
2007-08-27 22:00:00+00:00;3
2012-01-29 23:00:00+00:00;10
2024-02-22 23:00:00+00:00;10
2000-09-12 22:00:00+00:00;1
2020-07-19 22:00:00+00:00;5
2014-11-05 23:00:00+00:00;12
2002-12-19 23:00:00+00:00;1
2021-05-29 22:00:00+00:00;7
2016-06-03 22:00:00+00:00;11
2027-07-31 14:10:37.604000+00:00;1
2016-05-04 22:00:00+00:00;5
2025-07-04 22:00:00+00:00;9
2016-01-15 23:00:00+00:00;29
2026-10-13 22:00:00+00:00;8
2011-08-15 22:00:00+00:00;1
2010-01-23 23:00:00+00:00;10
1994-06-21 22:00:00+00:00;1
2027-06-25 14:47:46.070000+00:00;1
2005-04-24 22:00:00+00:00;3
2027-05-21 00:00:00+00:00;15
2023-04-22 22:00:00+00:00;2
2008-08-11 22:00:00+00:00;12
2027-07-11 08:30:26.008000+00:00;1
2014-09-26 22:00:00+00:00;9
1998-02-11 23:00:00+00:00;1
2027-04-23 09:09:32.445000+00:00;1
2009-03-23 23:00:00+00:00;15
2022-11-26 23:00:00+00:00;5
1996-09-05 22:00:00+00:00;2
2013-07-06 22:00:00+00:00;16
2013-11-21 23:00:00+00:00;17
2002-11-23 23:00:00+00:00;2
2018-10-09 22:00:00+00:00;6
2017-12-19 23:00:00+00:00;11
2010-02-23 23:00:00+00:00;3
2015-03-23 23:00:00+00:00;3
2025-01-03 23:00:00+00:00;5
2007-10-19 22:00:00+00:00;9
1996-09-16 22:00:00+00:00;1
2009-05-24 22:00:00+00:00;14
2005-09-15 22:00:00+00:00;2
2000-07-03 22:00:00+00:00;1
2022-03-29 22:00:00+00:00;11
1988-09-16 22:00:00+00:00;2
2027-03-27 23:00:00+00:00;12
2001-05-15 22:00:00+00:00;1
1999-03-03 23:00:00+00:00;2
2027-07-23 14:05:17.883000+00:00;1
2026-02-21 10:22:25.433269+00:00;1
2015-09-16 22:00:00+00:00;11
2007-07-30 22:00:00+00:00;4
2011-07-18 22:00:00+00:00;4
2002-08-20 22:00:00+00:00;3
2024-08-23 22:00:00+00:00;3
2009-10-22 22:00:00+00:00;14
2008-10-30 23:00:00+00:00;6
1995-04-20 22:00:00+00:00;1
2001-12-09 23:00:00+00:00;1
2009-07-06 22:00:00+00:00;8
2003-06-07 22:00:00+00:00;2
2005-01-27 23:00:00+00:00;4
2009-12-04 23:00:00+00:00;12
2020-11-25 23:00:00+00:00;5
2024-05-15 22:00:00+00:00;8
1993-03-04 23:00:00+00:00;1
2022-09-04 22:00:00+00:00;4
2000-04-21 22:00:00+00:00;1
2026-07-29 22:00:00+00:00;8
2004-06-27 22:00:00+00:00;1
2009-08-21 22:00:00+00:00;9
2013-09-01 22:00:00+00:00;9
2016-10-19 22:00:00+00:00;15
2016-04-30 22:00:00+00:00;22
2026-08-02 22:00:00+00:00;2
2024-08-08 22:00:00+00:00;4
2021-06-04 22:00:00+00:00;4
2000-02-21 23:00:00+00:00;2
2016-02-14 23:00:00+00:00;18
2011-12-10 23:00:00+00:00;7
NULL;28578
