2015-05-26 12:32:43.444000+00:00;68164
2015-05-27 06:35:19.029000+00:00;98119
2015-05-27 14:52:19.913000+00:00;19945
2015-06-27 16:22:40.405000+00:00;177999
2015-06-27 17:58:21.651000+00:00;19557
2015-07-13 06:38:37.989000+00:00;1
2015-09-26 22:43:59.421000+00:00;2150
2015-10-13 06:15:32.400000+00:00;11
2015-10-14 09:56:54.643000+00:00;1
2015-10-28 08:15:05.208000+00:00;8
2015-10-28 08:21:09.503000+00:00;1
2015-10-28 10:35:15.576000+00:00;1
2015-11-03 16:57:25.257000+00:00;2
2015-11-05 11:33:03.951000+00:00;103
2015-11-17 12:44:32.360000+00:00;1
2015-11-17 13:28:02.533000+00:00;2
2015-12-02 10:23:53.894000+00:00;5
2015-12-07 10:56:15.438000+00:00;3
2015-12-08 13:29:07.438000+00:00;1
2015-12-09 06:46:34.537000+00:00;1
2015-12-09 07:11:07.047000+00:00;2
2015-12-09 07:52:21.672000+00:00;2
2015-12-09 09:59:19.227000+00:00;1
2015-12-09 10:21:43.501000+00:00;2
2015-12-09 13:43:17.063000+00:00;5
2015-12-10 16:46:19.753000+00:00;2
2015-12-10 17:18:20.921000+00:00;6
2015-12-14 10:47:16.819000+00:00;17
2015-12-14 13:53:59.172000+00:00;7
2015-12-16 16:26:03.398000+00:00;1
2015-12-22 12:51:04.921000+00:00;75
2016-01-04 12:10:56.624000+00:00;7
2016-01-04 12:52:37.723000+00:00;3
2016-01-04 12:57:15.709000+00:00;2
2016-01-06 13:48:55.031000+00:00;9
2016-01-06 14:54:44.697000+00:00;3
2016-01-08 10:00:28.318000+00:00;1
2016-01-20 12:55:39.903000+00:00;7
2016-01-21 11:16:24.233000+00:00;3
2016-01-22 09:23:40.900000+00:00;5
2016-01-22 12:44:40.292000+00:00;5
2016-01-22 12:51:17.774000+00:00;1
2016-01-22 15:12:03.329000+00:00;9
2016-01-22 15:21:27.653000+00:00;2
2016-01-22 15:36:16.226000+00:00;4
2016-01-29 13:00:36.774000+00:00;1
2016-02-04 10:36:47.540000+00:00;4
2016-02-08 14:37:02.288000+00:00;11
2016-02-12 08:36:40.664000+00:00;6
2016-02-12 11:00:46.383000+00:00;4
2016-02-15 07:56:19.815000+00:00;3
2016-02-15 09:00:20.651000+00:00;4
2016-02-15 09:27:54.244000+00:00;3
2016-02-15 09:30:01.510000+00:00;5
2016-02-15 11:11:47.635000+00:00;3
2016-02-15 11:12:31.541000+00:00;4
2016-02-15 11:44:31.369000+00:00;18
2016-02-15 11:46:53.682000+00:00;1
2016-02-15 12:54:21.994000+00:00;5
2016-02-15 13:22:52.557000+00:00;22
2016-02-15 13:45:21.651000+00:00;5
2016-02-15 14:23:09.057000+00:00;7
2016-02-15 14:25:04.026000+00:00;1
2016-02-15 14:27:37.729000+00:00;7
2016-02-15 14:36:14.463000+00:00;1
2016-02-15 14:37:54.557000+00:00;6
2016-02-15 14:49:16.932000+00:00;1
2016-02-17 10:27:37.918000+00:00;3
2016-02-17 10:42:36.637000+00:00;3
2016-02-19 07:47:40.678000+00:00;1
2016-03-10 16:29:31.150000+00:00;1
2016-03-17 06:35:35.391000+00:00;12
2016-03-17 11:51:01.485000+00:00;1
2016-03-18 14:22:56.173000+00:00;1
2016-03-21 10:19:05.338000+00:00;1
2016-04-06 14:40:38.481000+00:00;2
2016-04-11 10:12:13.592000+00:00;3
2016-04-11 14:56:07.561000+00:00;9
2016-04-11 15:13:02.546000+00:00;2
2016-04-20 11:48:42.752000+00:00;5
2016-04-20 12:01:38.908000+00:00;2
2016-04-20 12:05:11.471000+00:00;1
2016-04-20 12:35:48.674000+00:00;1
2016-04-21 07:46:12.930000+00:00;8
2016-04-21 07:47:58.555000+00:00;1
2016-04-21 08:03:04.149000+00:00;1
2016-04-21 09:09:27.305000+00:00;4
2016-04-21 09:09:59.524000+00:00;2
2016-04-21 09:18:51.399000+00:00;15
2016-04-21 10:01:58.930000+00:00;5
2016-04-21 10:22:05.977000+00:00;3
2016-04-21 12:46:48.414000+00:00;8
2016-04-22 07:18:52.135000+00:00;7
2016-04-22 07:50:35.776000+00:00;4
2016-04-22 09:59:18.485000+00:00;15
2016-04-25 09:19:35.231000+00:00;1
2016-05-06 12:07:08.664000+00:00;4
2016-05-12 10:01:36.007000+00:00;1
2016-05-17 10:06:32.081000+00:00;8
2016-05-19 08:03:12.723000+00:00;10
2016-05-19 08:04:33.578000+00:00;15
2016-05-26 08:52:42.644000+00:00;1
2016-05-26 09:05:39.540000+00:00;1
2016-05-26 09:19:59.701000+00:00;2
2016-05-26 10:24:06.070000+00:00;5
2016-05-26 11:12:18.120000+00:00;14
2016-05-31 10:15:41.305000+00:00;5
2016-05-31 11:38:56.993000+00:00;10
2016-05-31 12:30:52.039000+00:00;5
2016-05-31 12:33:37.805000+00:00;20
2016-05-31 12:44:55.430000+00:00;14
2016-05-31 13:04:05.461000+00:00;7
2016-05-31 13:05:21.008000+00:00;4
2016-05-31 13:05:54.555000+00:00;4
2016-05-31 13:40:07.993000+00:00;7
2016-05-31 13:42:36.196000+00:00;8
2016-05-31 13:42:59.883000+00:00;22
2016-05-31 13:44:41.430000+00:00;5
2016-05-31 13:46:02.602000+00:00;6
2016-05-31 13:49:10.008000+00:00;2
2016-06-01 07:40:25.227000+00:00;2
2016-06-01 07:41:13.243000+00:00;2
2016-06-01 07:44:53.868000+00:00;5
2016-06-01 07:49:55.415000+00:00;1
2016-06-01 07:53:38.821000+00:00;5
2016-06-01 08:15:22.884000+00:00;6
2016-06-01 08:16:25.915000+00:00;1
2016-06-01 08:26:50.477000+00:00;24
2016-06-01 08:29:14.290000+00:00;15
2016-06-01 08:37:16.962000+00:00;1
2016-06-01 09:03:32.727000+00:00;1
2016-06-01 09:09:30.149000+00:00;8
2016-06-01 09:10:18.712000+00:00;11
2016-06-01 09:22:30.821000+00:00;3
2016-06-01 09:23:54.337000+00:00;25
2016-06-01 11:28:22.024000+00:00;1
2016-06-01 13:03:36.092000+00:00;1
2016-06-02 07:14:55.868000+00:00;1
2016-06-02 07:25:01.821000+00:00;1
2016-06-02 07:43:26.509000+00:00;8
2016-06-02 07:46:17.446000+00:00;1
2016-06-02 07:46:55.743000+00:00;5
2016-06-02 07:56:52.962000+00:00;2
2016-06-02 07:57:21.305000+00:00;10
2016-06-02 08:00:20.665000+00:00;69
2016-06-02 08:01:40.149000+00:00;2
2016-06-02 08:09:27.774000+00:00;3
2016-06-02 08:19:30.384000+00:00;15
2016-06-02 08:23:23.118000+00:00;7
2016-06-02 12:11:32.665000+00:00;1
2016-06-02 12:12:16.665000+00:00;1
2016-06-02 12:38:07.805000+00:00;4
2016-06-06 09:32:14.456000+00:00;3
2016-06-06 09:40:09.534000+00:00;2
2016-06-06 09:43:12.924000+00:00;1
2016-06-06 09:43:39.862000+00:00;3
2016-06-06 09:44:04.956000+00:00;6
2016-06-06 09:49:03.018000+00:00;10
2016-06-06 09:50:16.784000+00:00;9
2016-06-06 09:51:31.674000+00:00;1
2016-06-06 09:52:06.268000+00:00;10
2016-06-06 09:58:57.362000+00:00;1
2016-06-06 10:54:42.862000+00:00;8
2016-06-06 11:49:37.331000+00:00;7
2016-06-06 11:51:48.049000+00:00;5
2016-06-06 11:52:31.456000+00:00;38
2016-06-06 11:55:59.471000+00:00;5
2016-06-06 12:04:43.706000+00:00;10
2016-06-06 12:10:00.377000+00:00;1
2016-06-06 12:11:22.877000+00:00;4
2016-06-06 12:16:33.846000+00:00;2
2016-06-07 07:50:24.383000+00:00;31
2016-06-07 07:52:59.055000+00:00;4
2016-06-07 07:55:58.743000+00:00;1
2016-06-07 08:00:32.274000+00:00;13
2016-06-07 08:02:03.696000+00:00;72
2016-06-07 08:03:27.914000+00:00;9
2016-06-07 08:05:06.321000+00:00;48
2016-06-07 08:06:41.383000+00:00;1
2016-06-07 08:07:34.696000+00:00;11
2016-06-07 08:45:08.414000+00:00;15
2016-06-07 09:12:33.289000+00:00;7
2016-06-07 09:24:03.789000+00:00;1
2016-06-07 09:24:51.071000+00:00;6
2016-06-07 09:26:00.821000+00:00;1
2016-06-07 09:26:32.914000+00:00;1
2016-06-07 09:28:55.852000+00:00;16
2016-06-07 09:31:34.039000+00:00;1
2016-06-07 09:37:41.539000+00:00;3
2016-06-09 07:51:01.975000+00:00;1
2016-06-09 09:58:56.241000+00:00;2
2016-06-10 07:35:09.960000+00:00;27
2016-06-10 09:03:35.600000+00:00;11
2016-06-10 11:30:08.772000+00:00;1
2016-06-10 14:09:36.210000+00:00;104
2016-06-13 08:19:25.964000+00:00;3
2016-06-13 10:08:07.542000+00:00;7
2016-06-13 11:44:11.214000+00:00;4
2016-06-13 12:29:08.464000+00:00;4
2016-06-20 08:45:15.899000+00:00;61
2016-06-26 08:53:45.787000+00:00;6
2016-07-04 09:17:41.318000+00:00;8
2016-07-04 09:28:51.412000+00:00;11
2016-07-04 11:57:29.646000+00:00;12
2016-07-05 08:06:54.611000+00:00;1
2016-07-07 06:43:03.671000+00:00;2
2016-07-07 06:46:39.890000+00:00;4
2016-07-07 06:48:21.718000+00:00;3
2016-07-15 08:58:38.167000+00:00;3
2016-07-15 09:00:16.245000+00:00;6
2016-07-26 11:52:47.338000+00:00;1
2016-07-26 12:13:21.619000+00:00;1
2016-07-26 12:26:31.978000+00:00;1
2016-08-04 09:50:30.671000+00:00;1
2016-08-04 10:11:22.523000+00:00;2
2016-08-04 10:17:05.650000+00:00;3
2016-08-04 10:33:32.406000+00:00;3
2016-08-04 12:11:37.803000+00:00;24
2016-08-04 13:16:02.813000+00:00;3
2016-08-08 06:22:00.365000+00:00;10
2016-08-08 06:31:00.009000+00:00;1
2016-08-10 12:28:17.354000+00:00;3
2016-08-10 13:37:16.458000+00:00;5
2016-08-11 06:55:29.913000+00:00;10
2016-08-15 08:29:59.525000+00:00;1
2016-08-15 08:49:29.189000+00:00;2
2016-08-15 09:05:55.023000+00:00;1
2016-08-15 10:40:01.606000+00:00;4
2016-08-15 12:37:31.808000+00:00;2
2016-08-15 13:08:53.992000+00:00;1
2016-08-16 09:01:00.501000+00:00;1
2016-08-16 13:22:43.758000+00:00;2
2016-08-16 13:44:04.266000+00:00;14
2016-08-16 13:50:42.597000+00:00;7
2016-08-17 08:22:13.605000+00:00;2
2016-08-17 09:19:23.221000+00:00;1
2016-08-17 09:42:33.293000+00:00;5
2016-08-17 10:19:46.713000+00:00;1
2016-08-17 10:21:11.370000+00:00;2
2016-08-17 10:33:45.593000+00:00;6
2016-08-17 10:37:33.954000+00:00;3
2016-08-17 10:42:59.597000+00:00;2
2016-08-17 10:47:58.724000+00:00;6
2016-08-17 10:50:33.022000+00:00;1
2016-08-17 11:44:07.886000+00:00;1
2016-08-17 14:11:15.895000+00:00;1
2016-08-29 21:30:04.826000+00:00;1
2016-08-29 21:35:52.405000+00:00;1
2016-08-30 12:21:43.416000+00:00;2
2016-08-30 13:59:57.073000+00:00;2
2016-08-31 07:02:18.744000+00:00;6
2016-08-31 07:19:42.635000+00:00;1
2016-08-31 07:31:30.057000+00:00;1
2016-08-31 08:02:46.057000+00:00;2
2016-08-31 08:34:56.494000+00:00;14
2016-09-05 12:24:49.094000+00:00;1
2016-09-07 08:15:21.719000+00:00;4
2016-09-07 14:25:09.359000+00:00;3
2016-09-15 07:42:18.518000+00:00;4
2016-09-19 08:21:49.241000+00:00;6
2016-09-30 11:59:32.411000+00:00;67317
2016-10-20 07:44:51.426000+00:00;1
2016-10-20 09:22:06.270000+00:00;1
2016-10-20 11:35:57.817000+00:00;3
2016-10-20 12:33:31.786000+00:00;1
2016-10-20 13:55:11.067000+00:00;1
2016-10-24 14:27:31.712000+00:00;1
2016-11-07 10:02:53.529000+00:00;1
2016-11-07 13:48:19.951000+00:00;1
2016-11-08 14:42:03.152000+00:00;1
2016-11-10 11:03:06.640000+00:00;1
2016-11-14 11:22:24.074000+00:00;1
2016-11-14 12:40:08.425000+00:00;1
2016-11-15 11:10:41.410000+00:00;1
2016-11-17 14:06:45.562000+00:00;1
2016-11-18 07:56:09.251000+00:00;1
2016-11-18 07:58:34.423000+00:00;1
2016-11-18 07:59:32.673000+00:00;1
2016-11-18 14:50:08.204000+00:00;13
2016-11-21 09:33:13.593000+00:00;10
2016-11-22 10:52:44.814000+00:00;2
2016-11-30 09:43:39.333000+00:00;1
2016-12-05 10:49:31.434000+00:00;10
2016-12-08 13:14:40.302000+00:00;5
2016-12-12 07:32:10.196000+00:00;1
2016-12-12 07:33:37.212000+00:00;7
2016-12-12 07:39:28.368000+00:00;1
2016-12-12 07:48:08.727000+00:00;2
2016-12-12 10:45:37.890000+00:00;6
2016-12-12 14:13:48.437000+00:00;16
2016-12-14 10:45:24.329000+00:00;1
2016-12-14 15:00:24.993000+00:00;9
2016-12-14 15:04:11.602000+00:00;1
2016-12-14 15:05:03.134000+00:00;6
2016-12-15 12:47:06.505000+00:00;1
2016-12-15 14:52:24.473000+00:00;4
2016-12-15 15:02:13.520000+00:00;1
2016-12-19 10:57:46.196000+00:00;1
2016-12-19 12:49:45.243000+00:00;1
2016-12-20 12:09:38.276000+00:00;1
2016-12-20 12:28:55.948000+00:00;1
2016-12-20 13:03:16.839000+00:00;1
2016-12-21 09:39:14.761000+00:00;1
2016-12-21 09:50:50.401000+00:00;1
2016-12-21 10:12:21.276000+00:00;1
2016-12-21 14:44:27.792000+00:00;4
2016-12-22 08:24:57.695000+00:00;1
2016-12-22 08:39:16.085000+00:00;1
2016-12-22 08:56:09.570000+00:00;1
2016-12-22 09:09:15.726000+00:00;1
2016-12-22 09:28:45.570000+00:00;1
2016-12-22 12:47:06.132000+00:00;1
2017-01-02 09:48:32.011000+00:00;8
2017-01-02 09:57:49.914000+00:00;3
2017-01-02 10:00:01.460000+00:00;8
2017-01-02 10:01:29.162000+00:00;9
2017-01-02 10:03:04.224000+00:00;6
2017-01-02 10:04:30.458000+00:00;1
2017-01-02 10:05:58.442000+00:00;16
2017-01-02 10:07:37.176000+00:00;18
2017-01-02 10:09:03.894000+00:00;7
2017-01-02 10:10:45.018000+00:00;6
2017-01-02 10:12:21.861000+00:00;6
2017-01-02 10:16:54.813000+00:00;3
2017-01-02 10:18:17.968000+00:00;3
2017-01-02 10:19:31.046000+00:00;4
2017-01-04 11:19:00.193000+00:00;1
2017-01-05 11:51:36.961000+00:00;3
2017-01-05 12:17:35.545000+00:00;14
2017-01-05 15:04:15.903000+00:00;7
2017-01-05 15:13:41.399000+00:00;6
2017-01-05 15:18:45.804000+00:00;9
2017-01-05 16:37:39.570000+00:00;3
2017-01-05 16:38:29.148000+00:00;3
2017-01-09 11:44:46.104000+00:00;3
2017-01-10 08:18:07.607000+00:00;1
2017-01-10 09:57:07.850000+00:00;1
2017-01-10 10:12:06.235000+00:00;1
2017-01-10 12:38:24.710000+00:00;1
2017-01-10 13:52:02.869000+00:00;1
2017-01-10 14:01:50.787000+00:00;1
2017-01-10 14:09:02.269000+00:00;10
2017-01-10 14:32:32.385000+00:00;1
2017-01-10 14:47:11.035000+00:00;1
2017-01-10 14:50:39.987000+00:00;1
2017-01-10 15:02:43.779000+00:00;1
2017-01-12 08:45:54.315000+00:00;4
2017-01-17 09:59:01.166000+00:00;7
2017-01-17 10:17:11.695000+00:00;12
2017-01-17 10:24:37.732000+00:00;14
2017-01-17 11:07:21.687000+00:00;3
2017-01-17 11:12:51.769000+00:00;17
2017-01-17 13:30:50.656000+00:00;2
2017-01-17 13:36:56.629000+00:00;3
2017-01-17 13:47:43.106000+00:00;3
2017-01-17 14:04:35.650000+00:00;7
2017-01-17 14:17:35.332000+00:00;5
2017-01-17 14:20:08.740000+00:00;13
2017-01-17 14:37:25.941000+00:00;3
2017-01-17 14:44:03.274000+00:00;10
2017-01-17 14:46:56.448000+00:00;2
2017-01-17 14:56:01.002000+00:00;11
2017-01-17 14:58:13.082000+00:00;3
2017-01-18 09:08:30.356000+00:00;3
2017-01-18 09:10:45.373000+00:00;9
2017-01-18 14:05:25.490000+00:00;1
2017-01-18 14:45:26.161000+00:00;1
2017-01-19 12:31:27.597000+00:00;1
2017-01-19 12:34:41.255000+00:00;1
2017-01-19 12:43:36.153000+00:00;1
2017-01-19 12:46:16.264000+00:00;1
2017-01-19 13:16:32.819000+00:00;1
2017-01-19 13:32:53.425000+00:00;1
2017-01-19 13:39:12.821000+00:00;1
2017-01-19 13:42:45.823000+00:00;1
2017-01-19 13:45:42.013000+00:00;1
2017-01-19 13:56:04.380000+00:00;2
2017-01-19 14:19:51.227000+00:00;1
2017-01-19 14:24:52.465000+00:00;1
2017-01-19 14:27:58.546000+00:00;1
2017-01-19 14:35:16.254000+00:00;1
2017-01-19 14:38:31.007000+00:00;1
2017-01-19 14:41:30.165000+00:00;1
2017-01-19 14:49:52.047000+00:00;1
2017-01-20 08:36:48.763000+00:00;1
2017-01-20 08:39:50.859000+00:00;1
2017-01-20 08:41:51.189000+00:00;1
2017-01-20 08:44:27.050000+00:00;1
2017-01-20 08:46:57.740000+00:00;1
2017-01-20 08:50:49.243000+00:00;1
2017-01-20 08:55:15.012000+00:00;1
2017-01-20 08:59:39.749000+00:00;1
2017-01-20 09:39:05.467000+00:00;1
2017-01-20 09:51:06.586000+00:00;1
2017-01-20 09:53:09.072000+00:00;1
2017-01-20 10:20:11.811000+00:00;1
2017-01-20 10:25:36.940000+00:00;1
2017-01-20 10:28:51.334000+00:00;1
2017-01-20 10:32:30.930000+00:00;1
2017-01-20 10:53:55.134000+00:00;1
2017-01-20 11:04:30.548000+00:00;1
2017-01-20 11:06:49.472000+00:00;1
2017-01-20 11:17:20.308000+00:00;1
2017-01-20 11:19:53.279000+00:00;1
2017-01-20 12:23:49.266000+00:00;1
2017-01-20 12:35:06.774000+00:00;1
2017-01-20 12:41:02.381000+00:00;1
2017-01-20 12:44:54.377000+00:00;1
2017-01-20 12:49:01.659000+00:00;1
2017-01-20 12:59:28.220000+00:00;1
2017-01-20 13:03:03.298000+00:00;1
2017-01-20 13:06:34.018000+00:00;1
2017-01-20 13:26:33.720000+00:00;1
2017-01-20 13:30:18.488000+00:00;1
2017-01-20 13:36:29.993000+00:00;1
2017-01-20 13:39:21.167000+00:00;1
2017-01-20 13:42:12.857000+00:00;1
2017-01-23 07:52:00.503000+00:00;21
2017-01-23 07:57:37.663000+00:00;1
2017-01-23 08:00:05.962000+00:00;1
2017-01-23 08:03:27.746000+00:00;1
2017-01-23 08:07:27.077000+00:00;1
2017-01-23 08:09:40.641000+00:00;1
2017-01-23 08:12:05.190000+00:00;1
2017-01-23 08:14:30.129000+00:00;1
2017-01-23 08:17:54.788000+00:00;1
2017-01-23 08:24:46.825000+00:00;1
2017-01-23 08:26:42.701000+00:00;1
2017-01-23 08:28:58.828000+00:00;1
2017-01-23 08:31:36.674000+00:00;1
2017-01-23 08:34:34.317000+00:00;1
2017-01-23 08:37:47.116000+00:00;1
2017-01-23 08:45:30.341000+00:00;1
2017-01-23 08:50:54.861000+00:00;1
2017-01-23 08:54:11.363000+00:00;1
2017-01-23 08:56:17.162000+00:00;1
2017-01-23 09:22:43.354000+00:00;1
2017-01-23 09:28:43.077000+00:00;1
2017-01-23 09:37:40.881000+00:00;1
2017-01-23 09:41:35.040000+00:00;1
2017-01-23 09:44:21.870000+00:00;1
2017-01-23 09:52:38.549000+00:00;1
2017-01-23 09:59:37.882000+00:00;1
2017-01-23 10:18:05.771000+00:00;1
2017-01-23 10:29:17.249000+00:00;1
2017-01-23 10:36:51.223000+00:00;1
2017-01-23 10:51:34.281000+00:00;1
2017-01-26 10:23:27.986000+00:00;4
2017-01-27 09:51:27.559000+00:00;2
2017-01-27 11:23:39.936000+00:00;18
2017-01-27 14:34:15.390000+00:00;3
2017-01-30 10:42:58.648000+00:00;3
2017-01-30 14:16:52.974000+00:00;4
2017-01-31 08:14:06.312000+00:00;1
2017-02-01 09:04:00.528000+00:00;13
2017-02-01 09:11:03.741000+00:00;13
2017-02-01 09:33:26.940000+00:00;9
2017-02-01 14:31:33.229000+00:00;21
2017-02-01 15:18:49.999000+00:00;8
2017-02-01 15:44:57.401000+00:00;1
2017-02-01 15:53:32.048000+00:00;3
2017-02-01 17:50:45.120000+00:00;3
2017-02-06 09:05:25.912000+00:00;5
2017-02-06 10:20:53.638000+00:00;1
2017-02-06 14:54:33.161000+00:00;2
2017-02-06 14:55:42.411000+00:00;1
2017-02-06 14:58:36.047000+00:00;5
2017-02-07 08:37:59.609000+00:00;2
2017-02-08 08:50:52.938000+00:00;3
2017-02-08 08:52:15.961000+00:00;1
2017-02-08 09:38:00.991000+00:00;1
2017-02-08 09:53:21.026000+00:00;16
2017-02-15 07:30:13.161000+00:00;1
2017-02-16 08:03:15.660000+00:00;3
2017-02-16 08:04:11.190000+00:00;4
2017-02-16 08:15:22.649000+00:00;11
2017-02-16 08:19:46.481000+00:00;4
2017-02-22 08:04:45.010000+00:00;16
2017-02-22 15:04:21.260000+00:00;3
2017-02-23 13:42:16.523000+00:00;2
2017-03-06 15:05:17.588219+00:00;76
2017-03-08 09:50:52.808574+00:00;1
2017-03-09 11:44:13.191062+00:00;1
2017-03-13 07:58:47.203935+00:00;16
2017-03-13 08:51:18.237066+00:00;4
2017-03-13 09:05:39.126076+00:00;5
2017-03-13 09:10:35.264601+00:00;3
2017-03-14 08:13:16.384842+00:00;9
2017-03-14 09:06:19.324590+00:00;5
2017-03-14 09:36:05.056349+00:00;3
2017-03-14 09:41:07.221192+00:00;7
2017-03-14 13:11:36.371031+00:00;2
2017-03-15 11:22:39.186144+00:00;2
2017-03-20 08:22:16.720803+00:00;1
2017-03-20 08:34:11.787239+00:00;1
2017-03-20 09:15:38.860461+00:00;1
2017-03-20 09:43:17.743288+00:00;1
2017-03-20 10:01:36.098893+00:00;5
2017-03-20 10:06:49.248853+00:00;1
2017-03-21 11:32:13.986125+00:00;1
2017-03-27 07:17:59.949988+00:00;4
2017-03-27 09:12:50.742132+00:00;1
2017-03-27 09:17:34.676513+00:00;1
2017-04-03 07:17:44.480145+00:00;8
2017-04-05 11:29:29.685347+00:00;7
2017-04-07 07:19:31.947670+00:00;2
2017-04-07 07:21:02.991817+00:00;4
2017-04-07 07:30:05.054360+00:00;3
2017-04-11 06:49:29.534716+00:00;1
2017-04-12 08:01:42.153019+00:00;14
2017-04-12 09:39:28.875110+00:00;11
2017-04-13 07:02:00.795034+00:00;25
2017-04-13 07:24:03.957727+00:00;3
2017-04-13 07:40:35.476956+00:00;4
2017-04-13 12:17:03.267686+00:00;8
2017-04-18 10:21:04.934852+00:00;1
2017-04-18 10:28:05.264403+00:00;10
2017-04-20 07:58:29.667290+00:00;2
2017-04-24 08:58:24.329652+00:00;4
2017-04-25 15:29:40.676621+00:00;6
2017-04-25 15:37:40.416483+00:00;5
2017-04-26 08:02:03.382362+00:00;4
2017-04-26 15:09:58.955932+00:00;2
2017-05-01 07:44:55.662375+00:00;12
2017-05-02 14:50:18.200567+00:00;14
2017-05-03 07:18:03.143587+00:00;4
2017-05-03 07:44:01.076288+00:00;1
2017-05-03 09:42:16.957947+00:00;18
2017-05-03 11:30:56.669818+00:00;6
2017-05-03 11:43:37.067084+00:00;7
2017-05-09 14:39:44.844828+00:00;10
2017-05-09 15:06:19.065715+00:00;3
2017-05-11 08:41:31.275831+00:00;3
2017-05-11 11:34:37.925368+00:00;1
2017-05-11 11:54:33.812403+00:00;2
2017-05-11 12:36:50.829259+00:00;3
2017-05-11 13:17:39.779334+00:00;2
2017-05-16 08:11:35.292631+00:00;1
2017-05-16 08:16:20.876155+00:00;2
2017-05-16 09:21:06.316841+00:00;5
2017-05-16 09:21:52.928992+00:00;1
2017-05-16 09:24:18.209993+00:00;1
2017-05-16 09:29:03.046009+00:00;2
2017-05-18 14:37:17.641806+00:00;6
2017-05-19 07:50:44.492541+00:00;2
2017-05-22 07:17:27.972455+00:00;8
2017-05-22 07:39:13.648628+00:00;4
2017-05-22 07:55:45.471522+00:00;8
2017-05-23 09:40:42.494586+00:00;27
2017-05-23 10:15:02.537579+00:00;2
2017-05-23 14:05:04.188028+00:00;5
2017-05-24 07:43:33.350633+00:00;1
2017-05-29 13:28:11.514753+00:00;3
2017-05-29 13:32:28.734178+00:00;1
2017-05-30 09:35:41.236094+00:00;15
2017-05-30 10:11:17.975688+00:00;7
2017-05-30 11:50:56.994495+00:00;13
2017-05-30 12:04:38.051297+00:00;1
2017-05-30 12:08:15.216634+00:00;1
2017-05-31 11:37:31.198601+00:00;10
2017-06-06 09:45:03.116211+00:00;49
2017-06-08 10:44:42.332033+00:00;1
2017-06-14 09:08:10.066436+00:00;2
2017-06-15 07:34:00.895132+00:00;7
2017-06-15 08:53:15.851041+00:00;6
2017-06-19 09:58:52.947424+00:00;1
2017-06-19 10:11:21.308400+00:00;1
2017-06-21 14:06:59.760046+00:00;1
2017-06-21 17:42:48.222869+00:00;7
2017-06-21 18:58:24.861962+00:00;1
2017-06-22 09:20:10.097546+00:00;23
2017-06-27 12:00:28.085215+00:00;3
2017-06-27 12:02:50.026813+00:00;8
2017-07-17 11:50:03.926555+00:00;11
2017-07-18 13:50:15.560119+00:00;4
2017-07-25 10:56:03.107496+00:00;1
2017-07-25 10:56:22.888115+00:00;1
2017-07-25 10:59:40.370633+00:00;9
2017-07-28 07:51:29.892128+00:00;1
2017-08-03 10:36:43.565991+00:00;1
2017-08-07 12:15:17.173068+00:00;4
2017-08-07 12:42:25.386581+00:00;4
2017-08-07 13:17:43.010008+00:00;4
2017-08-08 08:22:26.887261+00:00;27
2017-08-08 13:10:08.793531+00:00;10
2017-08-08 13:56:23.175753+00:00;1
2017-08-14 13:31:06.845544+00:00;1
2017-08-14 13:34:51.403636+00:00;9
2017-08-14 14:01:08.736643+00:00;10
2017-08-15 12:14:50.942586+00:00;7
2017-08-16 08:34:42.820341+00:00;1
2017-08-16 08:51:12.715581+00:00;1
2017-08-17 07:38:40.064842+00:00;6
2017-08-17 11:00:33.989563+00:00;1
2017-08-21 08:19:46.262552+00:00;8
2017-08-29 07:31:30.406658+00:00;2
2017-08-30 13:52:31.889880+00:00;11
2017-08-31 15:05:36.202685+00:00;1
2017-09-01 06:19:39.567565+00:00;4
2017-09-06 07:25:32.025340+00:00;4
2017-10-09 09:32:24.059213+00:00;1
2017-10-09 09:47:10.226348+00:00;1
2017-10-10 12:18:43.096974+00:00;1
2017-10-17 12:04:18.598286+00:00;10
2017-10-17 12:13:56.521617+00:00;1
2017-10-18 14:01:00.174236+00:00;3
2017-10-19 07:00:16.955910+00:00;6
2017-10-19 09:12:01.720727+00:00;4
2017-10-20 09:58:20.878732+00:00;7
2017-10-23 12:45:07.399284+00:00;3
2017-10-23 15:50:43.090229+00:00;4
2017-10-26 07:10:46.500302+00:00;1
2017-10-26 07:23:35.469975+00:00;6
2017-10-31 15:44:21.956394+00:00;2
2017-11-24 08:22:13.311996+00:00;1
2017-11-27 08:55:31.019903+00:00;1
2017-11-27 08:59:15.662463+00:00;4
2017-11-30 10:34:07.433782+00:00;2
2018-01-09 11:16:11.796620+00:00;2
2018-01-16 11:14:28.582706+00:00;5
2018-01-16 11:17:30.258608+00:00;1
2018-01-18 07:51:57.999077+00:00;4
2018-01-24 09:40:25.439013+00:00;21
2018-01-24 10:17:18.371355+00:00;1
2018-02-01 13:39:05.526977+00:00;2
2018-02-02 10:49:57.848582+00:00;4
2018-02-13 14:03:13.782597+00:00;3
2018-02-21 10:05:52.471989+00:00;4
2018-02-22 10:42:26.332017+00:00;1
2018-02-22 14:02:45.665299+00:00;56
2018-02-28 12:35:58.367683+00:00;1
2018-02-28 13:03:07.276544+00:00;8
2018-03-14 10:34:46.512935+00:00;2
2018-03-28 07:25:46.045978+00:00;53
2018-03-29 14:27:02.709838+00:00;1
2018-04-12 07:27:11.258666+00:00;7
2018-04-12 09:53:41.331747+00:00;2
2018-04-26 12:58:14.933433+00:00;6
2018-05-08 12:06:14.067544+00:00;1
2018-05-29 12:03:20.755123+00:00;1
2018-06-07 07:45:39.022676+00:00;6
2018-06-07 08:34:28.179032+00:00;1
2018-06-11 11:27:40.909228+00:00;1
2018-06-21 06:56:23.611654+00:00;7
2018-06-26 09:37:04.475387+00:00;1
2018-06-26 09:37:31.281573+00:00;1
2018-06-26 09:38:57.761458+00:00;3
2018-06-26 09:40:19.848442+00:00;6
2018-06-26 09:41:23.145305+00:00;4
2018-06-26 09:42:50.978992+00:00;6
2018-06-26 09:43:50.394393+00:00;3
2018-06-26 09:45:53.192363+00:00;7
2018-06-26 09:46:41.621892+00:00;1
2018-06-26 09:47:52.456057+00:00;6
2018-06-26 09:48:52.372382+00:00;8
2018-06-26 09:49:52.303819+00:00;6
2018-06-26 09:50:34.521496+00:00;1
2018-06-26 09:50:59.597767+00:00;1
2018-06-26 09:51:35.019493+00:00;2
2018-06-26 09:53:32.335843+00:00;6
2018-06-26 09:55:06.759693+00:00;5
2018-06-26 09:56:37.157998+00:00;5
2018-06-26 09:57:50.734437+00:00;2
2018-06-27 06:56:30.108804+00:00;9
2018-06-27 06:57:11.625361+00:00;1
2018-06-27 06:58:28.620296+00:00;5
2018-06-27 07:01:00.698820+00:00;6
2018-06-27 07:01:47.625873+00:00;1
2018-06-27 07:05:53.886855+00:00;2
2018-06-27 07:07:32.906960+00:00;1
2018-06-27 07:07:58.461125+00:00;1
2018-06-27 07:09:29.712270+00:00;11
2018-06-27 07:10:55.466190+00:00;2
2018-06-27 07:12:43.395320+00:00;8
2018-06-27 07:13:14.520938+00:00;1
2018-06-27 07:13:50.859844+00:00;2
2018-06-27 07:14:17.686761+00:00;3
2018-06-27 07:15:41.923653+00:00;2
2018-06-27 07:16:05.729374+00:00;1
2018-06-27 07:17:05.598863+00:00;4
2018-06-27 07:17:52.891918+00:00;2
2018-06-29 08:38:33.639567+00:00;1
2018-07-04 08:39:16.479232+00:00;4
2018-07-05 09:07:02.134875+00:00;2
2018-07-12 08:44:27.484671+00:00;1
2018-07-26 07:48:08.220051+00:00;7
2018-07-28 13:45:32.253986+00:00;1
2018-08-14 14:14:54.039363+00:00;2
2018-08-22 09:52:25.368291+00:00;15
2018-09-06 08:37:32.897825+00:00;2
2018-09-06 08:39:58.684698+00:00;1
2018-09-06 08:41:55.747091+00:00;1
2018-09-06 08:43:54.978898+00:00;1
2018-09-06 08:47:35.727868+00:00;2
2018-09-06 08:59:59.313029+00:00;1
2018-09-12 12:39:03.150311+00:00;5
2018-09-12 12:41:54.737689+00:00;5
2018-09-27 06:39:36.006612+00:00;1
2018-09-27 07:27:10.449935+00:00;1
2018-09-27 07:37:27.636930+00:00;1
2018-09-27 07:52:22.649646+00:00;1
2018-09-27 07:58:57.246505+00:00;1
2018-10-04 10:31:48.367187+00:00;18
2018-10-10 08:46:00.499442+00:00;1
2018-10-16 07:23:14.815918+00:00;1
2018-10-16 09:10:47.725224+00:00;3
2018-10-17 08:07:15.051223+00:00;1
2018-10-17 08:31:33.640939+00:00;1
2018-10-17 08:49:53.149626+00:00;1
2018-10-17 09:40:53.044531+00:00;1
2018-10-17 09:53:34.229271+00:00;1
2018-10-18 06:44:12.467582+00:00;1
2018-10-18 06:47:04.936111+00:00;1
2018-10-18 07:02:36.067442+00:00;1
2018-10-18 07:09:58.867418+00:00;1
2018-10-18 07:11:50.979942+00:00;1
2018-10-18 07:13:37.399730+00:00;1
2018-10-18 07:21:16.704014+00:00;1
2018-10-18 07:22:26.728951+00:00;1
2018-11-01 12:54:59.682157+00:00;3
2019-01-09 09:52:31.353233+00:00;27
2019-01-10 07:16:29.338274+00:00;24
2019-01-15 08:55:38.209629+00:00;16
2019-01-16 10:00:52.846847+00:00;7
2019-01-16 10:55:44.915057+00:00;2
2019-01-16 11:08:46.876906+00:00;7
2019-01-16 11:21:50.158958+00:00;14
2019-01-17 07:28:23.149179+00:00;1
2019-01-17 07:54:37.219770+00:00;1
2019-01-17 08:16:06.333693+00:00;1
2019-01-17 08:27:55.779752+00:00;2
2019-01-17 08:42:57.685133+00:00;9
2019-01-17 09:51:04.582400+00:00;4
2019-01-17 10:38:13.953088+00:00;3
2019-01-17 10:52:27.545001+00:00;5
2019-01-17 11:14:24.632233+00:00;1
2019-01-17 13:11:20.663771+00:00;2
2019-01-17 13:31:30.519949+00:00;1
2019-01-17 14:01:13.101791+00:00;2
2019-01-17 14:19:16.070195+00:00;1
2019-01-18 12:10:43.518552+00:00;5
2019-01-22 09:33:55.154765+00:00;5
2019-01-22 10:20:18.923267+00:00;3
2019-01-22 10:48:42.336952+00:00;1
2019-01-22 11:54:27.079433+00:00;3
2019-01-29 07:22:07.320358+00:00;4
2019-01-29 07:38:23.566487+00:00;8
2019-01-29 10:57:07.575118+00:00;1
2019-01-29 11:20:00.658494+00:00;1
2019-01-29 11:25:11.976280+00:00;1
2019-01-29 11:37:30.652998+00:00;1
2019-01-29 11:52:42.535388+00:00;1
2019-01-29 12:02:30.401585+00:00;1
2019-01-29 12:22:39.218439+00:00;3
2019-01-29 12:26:30.527858+00:00;1
2019-01-29 12:42:20.223988+00:00;3
2019-01-29 13:23:28.939403+00:00;1
2019-01-29 13:26:49.323349+00:00;1
2019-01-29 14:08:52.562652+00:00;1
2019-01-29 15:21:48.480732+00:00;9
2019-01-31 09:05:12.972067+00:00;29
2019-01-31 09:12:50.013743+00:00;2
2019-01-31 09:23:14.380118+00:00;15
2019-01-31 09:36:11.814564+00:00;12
2019-01-31 09:37:33.024774+00:00;1
2019-01-31 10:07:43.663176+00:00;14
2019-01-31 10:53:44.721359+00:00;23
2019-02-06 12:16:56.077204+00:00;5
2019-02-06 12:23:07.436911+00:00;39
2019-02-06 13:06:13.449046+00:00;1
2019-02-06 13:08:44.195560+00:00;7
2019-02-06 13:11:23.175576+00:00;1
2019-02-06 13:14:16.953094+00:00;1
2019-02-06 13:17:11.375278+00:00;2
2019-02-13 10:42:17.043978+00:00;9
2019-02-13 10:48:09.622051+00:00;11
2019-02-21 12:09:55.753172+00:00;3
2019-02-21 13:05:00.763389+00:00;1
2019-02-21 13:16:07.848065+00:00;1
2019-02-21 13:22:55.478574+00:00;1
2019-02-26 08:19:38.576550+00:00;1
2019-03-19 10:35:23.851074+00:00;2
2019-03-19 10:43:22.727595+00:00;7
2019-03-27 14:47:23.619789+00:00;2
2019-04-04 08:57:41.951490+00:00;15
2019-04-04 09:05:12.338875+00:00;22
2019-04-04 09:12:25.371126+00:00;36
2019-04-04 09:27:22.853285+00:00;16
2019-04-04 12:07:15.064410+00:00;1
2019-04-04 12:09:17.926962+00:00;13
2019-04-04 12:11:42.451698+00:00;33
2019-05-02 09:38:25.610721+00:00;4
2019-05-02 09:41:37.100800+00:00;5
2019-05-09 11:00:01.095121+00:00;1
2019-05-09 11:14:46.393744+00:00;1
2019-05-09 11:17:34.520683+00:00;1
2019-05-09 11:33:31.100825+00:00;1
2019-05-10 07:07:08.014878+00:00;2
2019-05-10 07:11:30.658836+00:00;1
2019-05-10 07:14:17.815037+00:00;1
2019-05-10 08:55:21.083297+00:00;1
2019-05-10 09:21:07.205667+00:00;1
2019-05-10 09:38:15.833307+00:00;1
2019-05-10 09:46:46.763250+00:00;8
2019-05-20 14:25:18.213109+00:00;7
2019-05-27 06:25:39.669593+00:00;2
2019-05-27 06:32:23.163181+00:00;1
2019-05-28 08:03:30.215837+00:00;18
2019-06-06 07:48:27.918411+00:00;13
2019-06-06 09:03:09.984877+00:00;6
2019-06-06 09:03:56.985910+00:00;3
2019-06-06 09:04:25.921685+00:00;9
2019-06-19 11:21:04.806484+00:00;11
2019-06-19 11:42:05.670199+00:00;1
2019-06-19 11:58:52.281209+00:00;20
2019-06-19 12:02:13.784431+00:00;2
2019-06-19 12:07:14.930849+00:00;2
2019-06-19 12:10:00.412749+00:00;4
2019-06-19 14:12:03.313586+00:00;2
2019-06-21 08:40:21.313301+00:00;2
2019-06-21 12:20:48.378937+00:00;1
2019-06-21 12:27:40.411222+00:00;1
2019-06-21 12:33:48.174793+00:00;1
2019-06-26 12:21:46.600168+00:00;4
2019-06-26 12:27:32.196254+00:00;5
2019-06-26 12:35:27.505143+00:00;1
2019-06-28 08:29:54.632788+00:00;9
2019-06-28 08:51:05.534386+00:00;1
2019-06-28 09:06:58.224440+00:00;4
2019-06-28 09:12:09.535045+00:00;2
2019-06-28 09:17:07.428075+00:00;2
2019-06-28 09:18:55.461519+00:00;1
2019-06-28 09:21:25.496083+00:00;2
2019-06-28 09:23:26.011067+00:00;1
2019-06-28 09:24:43.292441+00:00;3
2019-06-28 09:27:37.937294+00:00;1
2019-07-05 08:36:44.629718+00:00;10
2019-07-09 13:14:25.844453+00:00;2
2019-07-09 13:35:54.653542+00:00;1
2019-07-09 13:41:37.550390+00:00;1
2019-07-10 05:31:00.613128+00:00;5
2019-07-10 05:35:35.563855+00:00;2
2019-07-10 05:39:19.741708+00:00;1
2019-07-10 06:04:38.580331+00:00;1
2019-07-10 06:38:43.775033+00:00;13
2019-07-10 07:14:44.567101+00:00;3
2019-07-10 08:04:05.360412+00:00;3
2019-07-10 08:16:56.334674+00:00;1
2019-07-10 08:42:30.458416+00:00;10
2019-07-10 08:45:28.655720+00:00;10
2019-07-10 08:46:16.456232+00:00;1
2019-07-10 09:27:42.679522+00:00;10
2019-07-10 09:34:12.993305+00:00;6
2019-07-10 09:36:46.122477+00:00;6
2019-07-10 12:00:49.362393+00:00;2
2019-07-10 12:13:04.484234+00:00;12
2019-07-10 18:59:30.893769+00:00;1
2019-07-10 19:47:01.030235+00:00;1
2019-07-10 20:04:49.435873+00:00;1
2019-07-11 07:11:32.485532+00:00;1
2019-07-12 05:46:01.225038+00:00;2
2019-07-12 08:38:29.494309+00:00;4
2019-07-12 09:10:40.249720+00:00;55
2019-07-16 07:27:36.328081+00:00;1
2019-07-16 07:40:52.409477+00:00;15
2019-07-16 08:08:11.606276+00:00;1
2019-07-16 08:18:12.070959+00:00;1
2019-07-16 08:31:10.310426+00:00;3
2019-07-17 08:52:48.889557+00:00;1
2019-07-17 08:55:57.691590+00:00;5
2019-07-17 09:14:33.052446+00:00;2
2019-07-17 09:15:36.969671+00:00;2
2019-07-17 09:17:03.899018+00:00;1
2019-07-17 09:23:18.950329+00:00;1
2019-07-17 09:28:09.841884+00:00;1
2019-07-17 09:31:11.900235+00:00;2
2019-07-17 09:35:55.688243+00:00;1
2019-07-17 09:39:35.183258+00:00;2
2019-07-17 09:41:39.702527+00:00;1
2019-07-17 09:43:12.833175+00:00;1
2019-07-17 09:46:24.667124+00:00;1
2019-07-17 13:39:32.060349+00:00;8
2019-07-17 13:49:25.483956+00:00;1
2019-07-17 14:01:58.392444+00:00;1
2019-07-17 14:09:06.258820+00:00;2
2019-07-17 14:20:47.938557+00:00;1
2019-07-17 14:46:52.792296+00:00;2
2019-07-18 07:29:59.642718+00:00;4
2019-07-18 07:35:40.862264+00:00;1
2019-07-18 07:45:04.437614+00:00;2
2019-07-18 07:50:53.762743+00:00;1
2019-07-18 09:02:39.340348+00:00;1
2019-07-18 09:04:13.537383+00:00;1
2019-07-18 09:05:47.630706+00:00;1
2019-07-18 09:08:27.255754+00:00;1
2019-07-19 05:41:41.724262+00:00;5
2019-07-19 05:46:24.024190+00:00;1
2019-07-19 09:01:51.370758+00:00;1
2019-07-19 09:16:48.463214+00:00;2
2019-07-19 10:47:15.281412+00:00;1
2019-07-23 09:34:23.473077+00:00;1
2019-07-23 10:42:18.723492+00:00;1
2019-07-23 10:45:25.267750+00:00;1
2019-07-24 08:15:53.755843+00:00;9
2019-07-24 08:27:16.321874+00:00;1
2019-07-24 08:41:24.445698+00:00;1
2019-07-24 09:33:27.635185+00:00;7
2019-07-25 06:07:00.802433+00:00;3
2019-07-25 06:18:17.841944+00:00;2
2019-07-25 06:20:54.150433+00:00;1
2019-07-25 06:23:03.058645+00:00;1
2019-07-25 07:58:02.984461+00:00;1
2019-07-25 08:16:42.853715+00:00;1
2019-07-25 08:19:52.886586+00:00;1
2019-07-25 08:22:49.561127+00:00;3
2019-07-25 08:26:22.985057+00:00;1
2019-07-25 08:29:32.533701+00:00;1
2019-07-25 08:31:57.619514+00:00;2
2019-07-25 08:34:23.786027+00:00;1
2019-07-25 08:36:51.954850+00:00;4
2019-07-25 08:41:49.262088+00:00;1
2019-07-25 08:43:39.724818+00:00;1
2019-07-25 08:44:44.816297+00:00;1
2019-07-25 08:48:49.957906+00:00;1
2019-07-25 08:51:15.770394+00:00;1
2019-07-25 09:16:07.243129+00:00;2
2019-07-25 09:34:05.964741+00:00;1
2019-07-25 09:39:28.106399+00:00;13
2019-07-25 09:58:16.614085+00:00;1
2019-07-25 10:19:53.383391+00:00;1
2019-07-25 10:29:01.246706+00:00;1
2019-07-25 11:02:15.970689+00:00;8
2019-07-25 11:31:53.518112+00:00;1
2019-07-25 11:37:57.267722+00:00;2
2019-07-26 07:48:48.188720+00:00;5
2019-07-26 08:34:46.889976+00:00;1
2019-07-26 08:38:44.635665+00:00;3
2019-07-26 08:46:37.268024+00:00;1
2019-07-26 08:59:14.384986+00:00;4
2019-07-26 09:03:23.529630+00:00;1
2019-07-26 09:23:09.738155+00:00;10
2019-07-26 11:27:24.043446+00:00;2
2019-07-26 11:30:14.225744+00:00;1
2019-07-26 12:16:21.804718+00:00;10
2019-07-26 12:48:54.425352+00:00;1
2019-07-31 07:57:20.625810+00:00;8
2019-07-31 08:02:29.108556+00:00;1
2019-07-31 08:38:19.387413+00:00;2
2019-07-31 08:57:28.090146+00:00;6
2019-07-31 09:12:04.576905+00:00;1
2019-07-31 09:14:32.599171+00:00;2
2019-07-31 09:20:26.870536+00:00;4
2019-07-31 09:36:57.031274+00:00;1
2019-07-31 11:28:42.715559+00:00;1
2019-07-31 11:58:33.129194+00:00;2
2019-07-31 12:08:13.647793+00:00;2
2019-07-31 12:11:10.785027+00:00;1
2019-08-07 13:17:45.759075+00:00;1
2019-08-28 07:52:59.879214+00:00;5
2019-08-28 07:59:54.078405+00:00;7
2019-08-28 08:02:48.235505+00:00;16
2019-08-28 08:21:46.142356+00:00;15
2019-08-28 08:30:01.935954+00:00;5
2019-08-28 08:34:39.062999+00:00;6
2019-08-28 08:48:45.246152+00:00;9
2019-08-28 08:54:55.980799+00:00;13
2019-08-28 09:32:32.001664+00:00;7
2019-08-28 09:38:40.317102+00:00;12
2019-08-28 09:44:17.997325+00:00;9
2019-08-28 09:47:23.504561+00:00;4
2019-08-28 09:50:04.960055+00:00;5
2019-08-29 10:12:55.576936+00:00;7
2019-08-29 13:04:52.508181+00:00;4
2019-08-29 13:28:18.605616+00:00;2
2019-08-30 06:19:06.343424+00:00;7
2019-09-03 07:32:51.635446+00:00;1
2019-09-10 14:28:48.845150+00:00;14
2019-09-10 14:30:51.575240+00:00;1
2019-09-12 06:39:36.459458+00:00;1
2019-09-12 07:23:35.646471+00:00;1
2019-09-12 07:47:46.722001+00:00;1
2019-09-12 08:03:31.787024+00:00;1
2019-09-12 08:19:53.102123+00:00;1
2019-09-12 09:17:03.944027+00:00;1
2019-09-12 09:30:31.811521+00:00;1
2019-09-12 09:59:58.484983+00:00;1
2019-09-12 10:15:44.962329+00:00;1
2019-09-17 08:57:59.486918+00:00;1
2019-09-18 08:37:55.288169+00:00;16
2019-09-18 08:41:12.123315+00:00;1
2019-09-26 09:59:01.340524+00:00;6
2019-09-26 10:04:03.867658+00:00;9
2019-10-14 05:55:28.644888+00:00;2
2019-10-15 12:13:44.794428+00:00;1
2019-10-17 06:01:29.395711+00:00;1
2019-10-24 09:58:36.290421+00:00;7
2019-10-24 10:01:33.459055+00:00;8
2019-10-24 10:24:31.992716+00:00;14
2019-10-29 10:43:24.426818+00:00;11
2019-10-29 11:05:06.390915+00:00;1
2019-10-31 07:31:45.950966+00:00;1
2019-10-31 07:36:49.550770+00:00;19
2019-10-31 09:10:35.174032+00:00;1
2019-10-31 09:46:02.229895+00:00;2
2019-10-31 10:04:40.524035+00:00;30
2019-10-31 10:08:56.063101+00:00;1
2019-10-31 10:14:00.392256+00:00;18
2019-10-31 10:18:11.772903+00:00;1
2019-10-31 10:23:49.918751+00:00;1
2019-10-31 10:25:54.341986+00:00;7
2019-10-31 10:28:18.382698+00:00;1
2019-10-31 10:32:49.402523+00:00;33
2019-10-31 10:50:15.547133+00:00;20
2019-10-31 10:52:29.306630+00:00;1
2019-10-31 10:58:27.435761+00:00;1
2019-10-31 11:02:45.375039+00:00;23
2019-10-31 11:05:31.998209+00:00;99
2019-11-04 14:18:29.881853+00:00;1
2019-11-20 10:00:09.278628+00:00;1
2019-11-21 10:09:17.257169+00:00;1
2019-11-21 11:13:01.481390+00:00;1
2019-11-25 13:59:58.217125+00:00;2
2019-11-26 08:08:01.824314+00:00;1
2019-11-26 08:11:36.653358+00:00;1
2019-11-26 08:14:15.420955+00:00;2
2019-11-26 08:22:15.349272+00:00;2
2019-11-26 08:28:26.752739+00:00;7
2019-11-26 08:32:45.075788+00:00;2
2019-11-26 08:36:23.439891+00:00;1
2019-11-26 08:39:02.702683+00:00;11
2019-11-26 08:41:57.199618+00:00;3
2019-11-26 08:44:57.873001+00:00;1
2019-11-26 08:47:27.524204+00:00;3
2019-11-26 08:52:22.535820+00:00;1
2019-11-26 08:54:02.655331+00:00;1
2019-11-26 08:56:16.358361+00:00;7
2019-11-26 08:59:07.247063+00:00;1
2019-11-27 06:39:43.518728+00:00;1
2019-11-27 06:58:30.197492+00:00;10
2019-11-27 07:18:14.632544+00:00;2
2019-11-27 07:24:43.213239+00:00;1
2019-11-27 07:27:22.875505+00:00;4
2019-11-27 07:36:08.200066+00:00;1
2019-11-27 07:39:33.803639+00:00;1
2019-11-27 07:46:35.413525+00:00;5
2019-11-27 07:51:50.355751+00:00;2
2019-11-27 07:53:48.595082+00:00;1
2019-11-27 07:54:52.259718+00:00;1
2019-11-27 07:55:31.416685+00:00;1
2019-11-27 07:57:31.598807+00:00;1
2019-11-27 07:59:08.317963+00:00;2
2019-11-27 14:22:29.104884+00:00;1
2019-11-27 14:24:56.113863+00:00;1
2019-11-27 14:28:19.553847+00:00;1
2019-11-27 14:29:59.571653+00:00;1
2019-11-27 14:32:36.300078+00:00;1
2019-11-27 14:36:00.614983+00:00;9
2019-11-27 14:37:24.323930+00:00;1
2019-11-27 14:38:40.268990+00:00;2
2019-11-27 14:41:11.528016+00:00;2
2019-11-27 14:43:14.482964+00:00;2
2019-11-27 14:44:19.053565+00:00;1
2019-11-27 14:45:13.192259+00:00;1
2019-11-27 14:47:03.734257+00:00;3
2019-11-27 14:49:05.695324+00:00;11
2019-11-27 14:50:58.294778+00:00;2
2019-11-27 14:52:33.798099+00:00;2
2019-11-28 07:36:10.625774+00:00;1
2019-11-28 07:44:19.999555+00:00;4
2019-11-28 07:56:15.125672+00:00;8
2019-11-28 07:59:16.365545+00:00;1
2019-11-28 08:02:41.665658+00:00;4
2019-11-28 08:12:21.420513+00:00;5
2019-11-28 08:29:19.769631+00:00;1
2019-11-28 08:53:40.489707+00:00;1
2019-11-28 08:55:24.789124+00:00;1
2019-11-28 09:31:26.129799+00:00;6
2019-11-28 09:52:01.783065+00:00;2
2019-11-28 10:01:25.884564+00:00;14
2019-11-28 10:04:42.768159+00:00;4
2019-11-28 10:06:13.581548+00:00;3
2019-12-04 12:39:24.381268+00:00;2
2019-12-10 11:06:53.710525+00:00;2
2019-12-11 08:31:33.164440+00:00;1
2019-12-13 06:19:57.526862+00:00;1
2019-12-13 06:27:38.270253+00:00;55
2019-12-16 07:58:14.470767+00:00;1
2019-12-17 08:13:24.111261+00:00;1
2020-01-14 15:01:32.886343+00:00;1
2020-01-14 15:03:51.412000+00:00;1
2020-01-16 08:59:21.657307+00:00;1
2020-01-27 10:07:18.879398+00:00;1
2020-01-28 10:58:15.620627+00:00;1
2020-01-28 11:00:05.740111+00:00;1
2020-01-28 11:17:26.996197+00:00;1
2020-01-28 13:32:11.294770+00:00;1
2020-01-28 13:57:36.456263+00:00;1
2020-02-07 07:23:36.232351+00:00;1
2020-02-07 07:41:34.505795+00:00;1
2020-02-11 07:36:06.770425+00:00;2
2020-02-17 08:25:42.547615+00:00;1
2020-02-17 10:11:08.159903+00:00;1
2020-02-26 06:58:41.559878+00:00;1
2020-02-27 14:20:34.050290+00:00;1
2020-03-04 06:39:42.313507+00:00;5
2020-03-04 06:44:25.004329+00:00;12
2020-03-04 06:56:21.704224+00:00;5
2020-03-04 07:41:05.892477+00:00;9
2020-03-04 07:41:57.472472+00:00;8
2020-03-04 07:43:52.931399+00:00;19
2020-03-04 07:48:56.793219+00:00;19
2020-03-04 09:09:38.535813+00:00;12
2020-03-04 09:14:01.836496+00:00;10
2020-03-05 08:25:54.472350+00:00;20
2020-03-05 08:28:56.540162+00:00;10
2020-03-05 08:30:30.581030+00:00;10
2020-03-05 08:32:12.432332+00:00;15
2020-03-05 08:33:50.552238+00:00;4
2020-03-05 08:36:45.110502+00:00;6
2020-03-05 08:39:24.757479+00:00;10
2020-03-05 13:44:48.096226+00:00;9
2020-03-05 14:03:58.029588+00:00;4
2020-03-06 07:41:11.152390+00:00;1
2020-03-06 07:45:21.175032+00:00;3
2020-03-06 07:49:48.429772+00:00;12
2020-03-06 08:04:37.228313+00:00;2
2020-03-06 08:24:01.548396+00:00;8
2020-03-06 09:58:07.604574+00:00;5
2020-03-06 09:59:42.389976+00:00;2
2020-03-06 10:27:47.773739+00:00;4
2020-03-06 10:29:30.214065+00:00;1
2020-03-06 10:33:58.551993+00:00;14
2020-03-06 10:35:26.497817+00:00;2
2020-03-06 10:57:52.402490+00:00;13
2020-03-06 10:59:42.659938+00:00;7
2020-03-09 08:06:04.277721+00:00;2
2020-03-09 08:27:17.953982+00:00;1
2020-03-10 07:51:24.214518+00:00;2
2020-03-10 08:15:39.410099+00:00;13
2020-03-10 08:18:06.087182+00:00;7
2020-03-10 08:22:00.645965+00:00;10
2020-03-10 08:24:13.591328+00:00;7
2020-03-10 08:26:31.848401+00:00;9
2020-03-10 08:29:56.394788+00:00;9
2020-03-11 08:03:31.424193+00:00;1
2020-03-11 08:14:54.789870+00:00;4
2020-03-11 08:21:07.625876+00:00;1
2020-03-11 10:45:38.376491+00:00;3
2020-03-11 10:49:45.564184+00:00;1
2020-03-11 10:55:00.914154+00:00;1
2020-03-11 13:36:53.024662+00:00;10
2020-03-11 13:51:30.163531+00:00;1
2020-03-11 14:02:29.337596+00:00;16
2020-03-12 08:05:48.228953+00:00;2
2020-03-12 09:13:42.899691+00:00;1
2020-03-12 09:20:21.801372+00:00;1
2020-03-12 09:28:08.667727+00:00;1
2020-03-12 10:28:36.387878+00:00;3
2020-03-12 11:15:06.401464+00:00;4
2020-03-12 11:29:33.036329+00:00;3
2020-03-12 12:05:34.186809+00:00;6
2020-03-12 12:17:02.455358+00:00;1
2020-03-12 12:19:56.037514+00:00;1
2020-03-12 12:25:42.402766+00:00;1
2020-03-12 12:34:30.630452+00:00;1
2020-03-12 12:45:12.168486+00:00;4
2020-03-13 07:24:03.703444+00:00;2
2020-03-13 07:28:51.978092+00:00;1
2020-03-13 07:37:54.658485+00:00;2
2020-03-13 07:53:40.710898+00:00;4
2020-03-13 08:00:29.564169+00:00;1
2020-03-13 08:47:57.283702+00:00;1
2020-03-13 09:00:19.836314+00:00;2
2020-03-13 09:08:23.735245+00:00;1
2020-03-13 09:18:20.959337+00:00;1
2020-03-13 09:26:26.952045+00:00;4
2020-03-13 09:28:58.799036+00:00;2
2020-03-13 09:31:52.433797+00:00;1
2020-03-17 09:37:42.697587+00:00;1
2020-03-17 12:43:34.019488+00:00;7
2020-03-17 12:57:02.040045+00:00;7
2020-03-17 13:07:02.567381+00:00;1
2020-03-17 13:15:04.858811+00:00;1
2020-03-17 13:18:45.918273+00:00;5
2020-03-17 13:24:07.228512+00:00;13
2020-03-17 14:26:18.262404+00:00;5
2020-03-17 15:00:14.897989+00:00;1
2020-03-18 07:57:36.005355+00:00;2
2020-03-18 08:00:56.251043+00:00;1
2020-03-18 08:05:43.595232+00:00;1
2020-03-18 08:11:50.040898+00:00;19
2020-03-18 08:24:26.735763+00:00;8
2020-03-18 08:28:54.977678+00:00;5
2020-03-18 08:49:19.848420+00:00;5
2020-03-18 09:36:36.407941+00:00;7
2020-03-18 11:39:25.287575+00:00;11
2020-03-18 12:13:53.366348+00:00;2
2020-03-18 12:16:46.472367+00:00;3
2020-03-19 08:59:57.658613+00:00;2
2020-03-19 10:36:34.620562+00:00;4
2020-03-19 12:13:49.317670+00:00;1
2020-03-19 12:22:26.548250+00:00;1
2020-03-19 13:24:01.099698+00:00;2
2020-03-20 08:25:35.107169+00:00;1
2020-03-20 08:33:40.629393+00:00;12
2020-03-20 09:03:54.487114+00:00;2
2020-03-20 09:05:06.678969+00:00;9
2020-03-20 09:11:32.559058+00:00;2
2020-03-20 09:22:37.544149+00:00;3
2020-03-20 09:38:38.422499+00:00;1
2020-03-20 09:52:50.753860+00:00;1
2020-03-20 10:03:17.190232+00:00;1
2020-03-24 08:24:01.780839+00:00;1
2020-03-24 08:32:05.355383+00:00;10
2020-03-24 08:37:03.027076+00:00;1
2020-03-24 08:40:43.582991+00:00;5
2020-03-24 08:42:27.269814+00:00;1
2020-03-24 08:46:02.967202+00:00;3
2020-03-24 10:04:50.335064+00:00;1
2020-03-24 10:42:35.957741+00:00;1
2020-03-24 10:51:07.468699+00:00;3
2020-03-24 11:11:36.129179+00:00;8
2020-03-24 11:14:42.231614+00:00;1
2020-03-24 11:19:47.114692+00:00;2
2020-03-24 11:24:10.789079+00:00;1
2020-03-25 12:14:01.784994+00:00;1
2020-03-25 12:16:28.393704+00:00;7
2020-03-25 12:20:38.201754+00:00;1
2020-03-25 12:36:45.003601+00:00;1
2020-03-25 12:44:54.820999+00:00;2
2020-03-25 12:50:11.165026+00:00;2
2020-03-26 08:13:06.948390+00:00;1
2020-03-26 08:17:19.928603+00:00;3
2020-03-26 08:30:40.611781+00:00;4
2020-03-26 08:56:07.169822+00:00;11
2020-03-26 09:04:35.468699+00:00;1
2020-03-26 09:24:03.790690+00:00;1
2020-03-26 09:28:10.728616+00:00;1
2020-03-26 09:56:00.948753+00:00;1
2020-03-26 15:43:32.015355+00:00;1
2020-03-26 15:46:17.692945+00:00;1
2020-03-26 15:47:39.920953+00:00;1
2020-03-26 15:49:06.836277+00:00;1
2020-03-27 09:17:08.865596+00:00;1
2020-03-31 06:39:21.104096+00:00;1
2020-03-31 07:50:17.788587+00:00;3
2020-03-31 07:55:03.447974+00:00;12
2020-03-31 08:13:48.935512+00:00;1
2020-03-31 08:17:57.174510+00:00;6
2020-03-31 08:23:10.971849+00:00;2
2020-03-31 08:53:09.042034+00:00;4
2020-03-31 08:58:54.389730+00:00;1
2020-04-03 07:43:08.250120+00:00;5
2020-04-03 07:55:00.120761+00:00;1
2020-04-03 08:06:23.683493+00:00;1
2020-04-03 08:11:21.067891+00:00;2
2020-04-03 08:54:06.154688+00:00;8
2020-04-03 09:00:36.049669+00:00;6
2020-04-03 09:04:36.715797+00:00;1
2020-04-03 09:13:07.824562+00:00;4
2020-04-03 09:37:59.550422+00:00;3
2020-04-03 09:49:37.845233+00:00;1
2020-04-07 06:24:52.685080+00:00;1
2020-04-07 06:35:42.797797+00:00;10
2020-04-07 06:42:23.566400+00:00;1
2020-04-07 07:12:39.668721+00:00;11
2020-04-07 07:15:08.627433+00:00;3
2020-04-07 07:22:04.395815+00:00;2
2020-04-07 07:27:35.922917+00:00;3
2020-04-07 07:42:41.657511+00:00;1
2020-04-07 07:45:55.434664+00:00;1
2020-04-07 07:47:58.646423+00:00;1
2020-04-07 07:51:04.264903+00:00;4
2020-04-07 07:58:32.638639+00:00;1
2020-04-07 08:00:48.619096+00:00;1
2020-04-07 08:39:25.158231+00:00;12
2020-04-07 08:42:39.808434+00:00;1
2020-04-07 08:45:28.491530+00:00;2
2020-04-07 09:05:40.415276+00:00;13
2020-04-07 09:53:21.426491+00:00;1
2020-04-07 09:55:21.490485+00:00;1
2020-04-07 09:57:06.363088+00:00;1
2020-04-07 09:59:44.278742+00:00;1
2020-04-07 10:01:54.585002+00:00;1
2020-04-07 10:29:23.714792+00:00;1
2020-04-07 10:35:06.485170+00:00;3
2020-04-08 06:12:30.715233+00:00;1
2020-04-08 06:17:37.313356+00:00;3
2020-04-08 06:31:51.546158+00:00;1
2020-04-08 07:32:10.668661+00:00;15
2020-04-08 07:40:38.090708+00:00;3
2020-04-08 08:05:25.011430+00:00;4
2020-04-08 08:14:25.095334+00:00;1
2020-04-08 08:20:40.116310+00:00;3
2020-04-08 09:16:06.659950+00:00;2
2020-04-09 06:01:25.551506+00:00;1
2020-04-09 06:49:45.019806+00:00;2
2020-04-09 06:55:11.561013+00:00;2
2020-04-09 07:05:27.129437+00:00;11
2020-04-09 07:09:24.337084+00:00;2
2020-04-09 07:16:45.620581+00:00;2
2020-04-09 07:25:11.965167+00:00;7
2020-04-09 07:28:37.060588+00:00;3
2020-04-09 07:32:14.427264+00:00;11
2020-04-09 07:33:44.415362+00:00;6
2020-04-09 07:36:24.571485+00:00;21
2020-04-09 07:44:28.315766+00:00;8
2020-04-09 07:50:04.795973+00:00;1
2020-04-09 07:51:11.788762+00:00;4
2020-04-09 07:51:47.975042+00:00;6
2020-04-09 07:53:05.663899+00:00;1
2020-04-09 07:53:55.175259+00:00;2
2020-04-09 07:55:11.077005+00:00;3
2020-04-09 07:55:46.641468+00:00;2
2020-04-09 07:57:17.874692+00:00;2
2020-04-09 07:58:48.220600+00:00;1
2020-04-09 07:59:24.003358+00:00;3
2020-04-09 07:59:56.129512+00:00;2
2020-04-09 08:00:26.692110+00:00;1
2020-04-09 08:01:08.270846+00:00;1
2020-04-09 08:01:43.836769+00:00;1
2020-04-09 08:02:42.021041+00:00;1
2020-04-09 08:04:26.838052+00:00;2
2020-04-09 08:05:20.079727+00:00;4
2020-04-09 08:06:41.562843+00:00;7
2020-04-09 08:08:04.325940+00:00;1
2020-04-09 09:07:02.302016+00:00;3
2020-04-09 09:11:32.009216+00:00;1
2020-04-09 09:37:41.397230+00:00;4
2020-04-09 09:39:30.696881+00:00;3
2020-04-09 09:42:02.336477+00:00;1
2020-04-09 11:27:20.356391+00:00;18
2020-04-09 11:32:50.948235+00:00;1
2020-04-09 11:45:51.362509+00:00;4
2020-04-09 12:00:59.488648+00:00;1
2020-04-09 12:08:27.394964+00:00;6
2020-04-09 12:14:29.731711+00:00;2
2020-04-09 12:25:24.910972+00:00;4
2020-04-09 12:29:48.827407+00:00;4
2020-04-09 12:37:28.960260+00:00;4
2020-04-09 12:42:11.584970+00:00;1
2020-04-09 12:46:15.595817+00:00;7
2020-04-14 06:55:13.349155+00:00;2
2020-04-14 09:14:23.446907+00:00;1
2020-04-14 09:41:11.595126+00:00;1
2020-04-14 09:43:43.667120+00:00;2
2020-04-14 09:47:20.157890+00:00;6
2020-04-14 09:49:01.812884+00:00;1
2020-04-14 09:58:53.019053+00:00;2
2020-04-14 10:18:56.007238+00:00;2
2020-04-15 06:49:29.119267+00:00;1
2020-04-15 06:53:10.546306+00:00;2
2020-04-15 06:59:20.912683+00:00;4
2020-04-15 09:43:30.844440+00:00;1
2020-04-15 10:10:34.106490+00:00;11
2020-04-15 10:15:38.320696+00:00;1
2020-04-15 10:27:26.087379+00:00;1
2020-04-15 10:30:35.686845+00:00;1
2020-04-15 10:40:16.927199+00:00;1
2020-04-15 10:46:09.542822+00:00;3
2020-04-15 10:55:35.669348+00:00;6
2020-04-16 05:51:51.794126+00:00;2
2020-04-16 06:19:11.107590+00:00;7
2020-04-16 06:39:15.890311+00:00;2
2020-04-17 05:55:54.775087+00:00;1
2020-04-21 07:09:19.338132+00:00;1
2020-04-21 07:41:19.438919+00:00;4
2020-04-21 07:45:36.638452+00:00;4
2020-04-21 07:48:16.357591+00:00;5
2020-04-21 07:58:06.977686+00:00;5
2020-04-21 08:02:07.358701+00:00;1
2020-04-21 08:18:30.041717+00:00;4
2020-04-21 08:43:55.158803+00:00;8
2020-04-21 09:10:15.297513+00:00;3
2020-04-21 09:18:36.593333+00:00;4
2020-04-21 09:26:18.192634+00:00;9
2020-04-21 09:40:23.394457+00:00;4
2020-04-22 10:58:38.930657+00:00;1
2020-04-22 11:07:16.404815+00:00;5
2020-04-22 11:18:25.231112+00:00;5
2020-04-22 11:27:51.198688+00:00;1
2020-04-23 06:21:07.857448+00:00;7
2020-04-23 06:26:14.097790+00:00;8
2020-04-23 06:41:31.748618+00:00;1
2020-04-23 06:46:53.417176+00:00;2
2020-05-04 09:19:38.295136+00:00;5
2020-05-08 07:39:57.487209+00:00;4
2020-05-08 08:03:45.580449+00:00;6
2020-05-08 08:07:01.900159+00:00;2
2020-05-08 08:49:48.406139+00:00;1
2020-05-08 08:53:53.940446+00:00;4
2020-05-08 08:57:50.998182+00:00;1
2020-05-08 09:08:02.655616+00:00;1
2020-05-08 09:10:28.023429+00:00;1
2020-05-08 09:25:09.966186+00:00;1
2020-05-08 09:30:50.065331+00:00;5
2020-05-08 09:35:35.034859+00:00;6
2020-05-12 06:40:08.513814+00:00;4
2020-05-12 06:43:31.245186+00:00;1
2020-05-12 06:47:25.852600+00:00;7
2020-05-12 06:51:38.334018+00:00;1
2020-05-12 07:04:44.647262+00:00;2
2020-05-12 07:09:15.634996+00:00;6
2020-05-12 07:40:55.697781+00:00;6
2020-05-12 07:45:12.482862+00:00;3
2020-05-12 07:49:54.223851+00:00;2
2020-05-12 07:53:47.900910+00:00;2
2020-05-12 08:54:47.189124+00:00;4
2020-05-12 08:59:26.395385+00:00;1
2020-05-12 09:02:29.664270+00:00;6
2020-05-12 09:15:42.918472+00:00;2
2020-05-13 08:13:42.106319+00:00;4
2020-05-13 08:16:47.018826+00:00;1
2020-05-13 08:23:31.358599+00:00;5
2020-05-13 08:26:27.089174+00:00;2
2020-05-13 08:34:05.436620+00:00;6
2020-05-13 08:42:24.377041+00:00;1
2020-05-13 08:54:51.389714+00:00;2
2020-05-13 08:57:09.085301+00:00;8
2020-05-13 11:25:03.409151+00:00;1
2020-05-13 11:41:38.624957+00:00;1
2020-05-13 11:49:12.015776+00:00;3
2020-05-13 11:52:26.431030+00:00;1
2020-05-13 11:55:13.844120+00:00;3
2020-05-13 11:58:47.752129+00:00;1
2020-05-14 05:30:56.078395+00:00;3
2020-05-14 05:33:45.000895+00:00;1
2020-05-14 05:46:01.152724+00:00;1
2020-05-14 05:55:54.917464+00:00;14
2020-05-14 06:03:55.600558+00:00;12
2020-05-14 07:01:10.489249+00:00;1
2020-05-14 07:28:50.471140+00:00;1
2020-05-14 07:31:23.618992+00:00;1
2020-05-14 07:34:23.297990+00:00;1
2020-05-14 07:59:28.977523+00:00;1
2020-05-14 08:20:28.487324+00:00;1
2020-05-14 08:27:34.025478+00:00;1
2020-05-14 08:30:10.926822+00:00;1
2020-05-14 08:44:42.973712+00:00;4
2020-05-14 08:49:05.883160+00:00;1
2020-05-14 09:38:13.651771+00:00;26
2020-05-14 09:43:14.339895+00:00;1
2020-05-14 09:52:43.418427+00:00;17
2020-05-14 09:58:30.319252+00:00;1
2020-05-14 10:06:04.999248+00:00;2
2020-05-15 07:58:27.477772+00:00;2
2020-05-15 08:19:20.554265+00:00;1
2020-05-15 08:22:33.156834+00:00;9
2020-05-15 08:24:55.994282+00:00;2
2020-05-15 08:33:53.235585+00:00;7
2020-05-15 08:40:25.439639+00:00;1
2020-05-15 08:42:39.823158+00:00;3
2020-05-15 08:44:30.372789+00:00;2
2020-05-15 08:54:50.022392+00:00;4
2020-05-15 08:58:38.045165+00:00;1
2020-05-15 09:21:00.834085+00:00;1
2020-05-15 09:23:41.834278+00:00;3
2020-05-20 07:13:22.029924+00:00;1
2020-05-20 07:16:42.138080+00:00;1
2020-05-20 07:21:52.852621+00:00;2
2020-05-20 07:36:43.595384+00:00;1
2020-05-20 07:40:29.496257+00:00;1
2020-05-20 07:43:04.618074+00:00;3
2020-05-20 07:50:02.885535+00:00;2
2020-05-20 07:52:20.490970+00:00;1
2020-05-20 07:57:59.109813+00:00;5
2020-05-20 08:02:39.150081+00:00;1
2020-05-20 08:31:43.269831+00:00;8
2020-05-20 09:06:56.127399+00:00;2
2020-05-20 09:33:15.529226+00:00;29
2020-05-20 09:59:28.054940+00:00;7
2020-05-20 10:03:31.951289+00:00;1
2020-05-20 10:07:40.048680+00:00;8
2020-05-20 10:09:50.514321+00:00;1
2020-05-20 10:14:10.332272+00:00;20
2020-05-20 10:19:36.498702+00:00;5
2020-05-26 11:39:22.904911+00:00;2
2020-05-27 08:19:18.629065+00:00;3
2020-05-27 08:26:15.267641+00:00;2
2020-05-29 06:58:35.376495+00:00;1
2020-05-29 07:18:17.592356+00:00;10
2020-05-29 07:25:15.565825+00:00;1
2020-05-29 09:09:50.915884+00:00;1
2020-05-29 09:24:49.921943+00:00;9
2020-05-29 09:29:20.446832+00:00;1
2020-06-02 05:46:44.821380+00:00;1
2020-06-02 05:58:11.347152+00:00;1
2020-06-02 06:12:26.928687+00:00;9
2020-06-02 06:24:11.430537+00:00;27
2020-06-02 06:27:57.819165+00:00;2
2020-06-02 06:40:33.298650+00:00;1
2020-06-02 07:01:40.970773+00:00;1
2020-06-02 07:11:17.479956+00:00;2
2020-06-02 08:05:11.240930+00:00;17
2020-06-02 08:21:46.501961+00:00;2
2020-06-02 08:25:08.809948+00:00;10
2020-06-02 08:32:38.175018+00:00;1
2020-06-02 08:45:15.038105+00:00;1
2020-06-02 09:03:18.074430+00:00;13
2020-06-02 09:19:25.881940+00:00;3
2020-06-02 09:21:52.788043+00:00;2
2020-06-03 05:19:02.172070+00:00;1
2020-06-03 05:32:14.952667+00:00;1
2020-06-03 05:46:07.709039+00:00;2
2020-06-03 06:31:58.169354+00:00;1
2020-06-03 08:14:41.045495+00:00;11
2020-06-03 08:33:40.872409+00:00;2
2020-06-03 08:38:08.791307+00:00;1
2020-06-03 08:50:56.918454+00:00;1
2020-06-03 09:18:39.753754+00:00;2
2020-06-03 09:28:39.591361+00:00;14
2020-06-04 07:56:10.889593+00:00;7
2020-06-04 08:05:17.468005+00:00;1
2020-06-04 08:07:35.750658+00:00;1
2020-06-04 08:10:49.169541+00:00;1
2020-06-04 08:14:30.225416+00:00;3
2020-06-04 08:38:54.890499+00:00;1
2020-06-04 08:49:20.037987+00:00;1
2020-06-04 08:56:53.609844+00:00;1
2020-06-04 09:00:31.532021+00:00;2
2020-06-08 08:56:42.541062+00:00;1
2020-06-09 05:46:18.929495+00:00;1
2020-06-09 05:48:23.802225+00:00;2
2020-06-09 05:49:41.171802+00:00;2
2020-06-09 05:51:45.200981+00:00;3
2020-06-09 05:53:47.308652+00:00;1
2020-06-09 05:56:03.065824+00:00;3
2020-06-09 05:58:06.810027+00:00;2
2020-06-09 05:59:12.273555+00:00;1
2020-06-09 06:02:03.689790+00:00;1
2020-06-09 06:04:23.867478+00:00;2
2020-06-09 06:05:46.008117+00:00;3
2020-06-09 06:07:23.778387+00:00;1
2020-06-09 06:57:02.130530+00:00;5
2020-06-09 07:00:34.401868+00:00;1
2020-06-09 07:12:08.692595+00:00;3
2020-06-09 07:17:27.174669+00:00;1
2020-06-09 07:52:47.039510+00:00;3
2020-06-09 07:59:38.263789+00:00;1
2020-06-09 08:03:18.403719+00:00;1
2020-06-09 08:09:29.689679+00:00;1
2020-06-09 08:11:30.649845+00:00;1
2020-06-09 08:24:53.196493+00:00;4
2020-06-09 08:32:56.172356+00:00;5
2020-06-09 10:40:31.461087+00:00;1
2020-06-09 10:41:42.695653+00:00;1
2020-06-09 10:43:03.222091+00:00;6
2020-06-09 10:44:09.503808+00:00;4
2020-06-09 10:47:29.774452+00:00;1
2020-06-09 10:50:05.855139+00:00;1
2020-06-09 10:51:04.405456+00:00;2
2020-06-09 10:52:24.059984+00:00;5
2020-06-09 10:53:17.644180+00:00;1
2020-06-09 10:54:27.276298+00:00;5
2020-06-09 10:55:29.497721+00:00;1
2020-06-09 10:57:44.741436+00:00;1
2020-06-09 10:58:33.855169+00:00;1
2020-06-09 10:59:41.519972+00:00;2
2020-06-09 11:03:13.851133+00:00;1
2020-06-09 11:18:51.403994+00:00;1
2020-06-09 11:20:51.613494+00:00;1
2020-06-09 11:21:48.759873+00:00;1
2020-06-09 11:22:42.973178+00:00;1
2020-06-09 11:23:24.983875+00:00;1
2020-06-09 11:26:41.769348+00:00;6
2020-06-09 11:29:13.831008+00:00;1
2020-06-09 11:41:59.028737+00:00;1
2020-06-09 11:43:16.104066+00:00;1
2020-06-09 11:44:01.579689+00:00;5
2020-06-09 11:46:43.849633+00:00;3
2020-06-10 06:10:01.012075+00:00;2
2020-06-10 06:13:37.805133+00:00;1
2020-06-10 06:16:20.076798+00:00;1
2020-06-10 06:17:35.637545+00:00;2
2020-06-10 06:18:54.963736+00:00;1
2020-06-10 07:19:25.505881+00:00;6
2020-06-10 07:20:16.528826+00:00;1
2020-06-10 09:09:53.593699+00:00;18
2020-06-10 09:22:47.066166+00:00;3
2020-06-10 09:25:35.287974+00:00;2
2020-06-10 09:30:43.047214+00:00;6
2020-06-10 09:32:58.909902+00:00;1
2020-06-10 09:56:00.224604+00:00;5
2020-06-10 10:03:44.646133+00:00;2
2020-06-12 06:49:38.706068+00:00;8
2020-06-12 06:54:41.216003+00:00;1
2020-06-12 06:59:12.649649+00:00;1
2020-06-12 07:07:44.939819+00:00;5
2020-06-12 07:11:20.962009+00:00;5
2020-06-12 07:15:50.915853+00:00;1
2020-06-12 07:21:30.796185+00:00;5
2020-06-12 08:50:32.166227+00:00;2
2020-06-12 08:56:19.989946+00:00;3
2020-06-12 09:02:12.539310+00:00;2
2020-06-12 09:06:02.193722+00:00;2
2020-06-12 09:15:30.996740+00:00;2
2020-06-12 09:21:41.375599+00:00;1
2020-06-12 09:27:07.329683+00:00;4
2020-06-12 09:29:10.773415+00:00;1
2020-06-12 09:31:07.134368+00:00;2
2020-06-12 09:42:15.992426+00:00;1
2020-06-12 09:44:59.799471+00:00;3
2020-06-12 09:49:25.578383+00:00;3
2020-06-16 11:54:49.932392+00:00;1
2020-06-25 09:24:25.990316+00:00;2
2020-06-25 09:28:05.031384+00:00;2
2020-06-25 12:27:10.435477+00:00;1
2020-06-26 06:14:11.217876+00:00;3
2020-06-26 09:27:51.998266+00:00;1
2020-06-26 09:33:37.485884+00:00;1
2020-06-30 07:09:42.097479+00:00;1
2020-06-30 08:45:21.595446+00:00;1
2020-07-01 06:07:49.474775+00:00;1
2020-07-01 06:11:45.662806+00:00;11
2020-07-01 06:46:29.269926+00:00;2
2020-07-01 06:50:19.057069+00:00;2
2020-07-01 07:08:38.378597+00:00;14
2020-07-01 07:14:37.928738+00:00;5
2020-07-01 08:04:48.194697+00:00;1
2020-07-01 08:08:04.846938+00:00;1
2020-07-01 08:20:26.984509+00:00;2
2020-07-01 08:26:17.790450+00:00;13
2020-07-01 08:28:12.173341+00:00;3
2020-07-01 08:36:35.474709+00:00;1
2020-07-01 08:41:15.664605+00:00;2
2020-07-01 09:59:08.641491+00:00;4
2020-07-01 10:05:54.529665+00:00;2
2020-07-02 05:41:11.233585+00:00;7
2020-07-02 05:43:51.397929+00:00;3
2020-07-02 05:48:06.792923+00:00;4
2020-07-02 06:11:35.614036+00:00;1
2020-07-02 06:18:35.704003+00:00;2
2020-07-02 06:20:31.318374+00:00;1
2020-07-02 06:23:59.741485+00:00;10
2020-07-02 06:25:54.428546+00:00;1
2020-07-02 06:41:42.718748+00:00;2
2020-07-02 06:51:13.513191+00:00;14
2020-07-02 07:05:20.668129+00:00;1
2020-07-02 09:12:42.698209+00:00;1
2020-07-02 09:29:59.313538+00:00;1
2020-07-02 09:38:45.127948+00:00;1
2020-07-02 09:48:34.099989+00:00;1
2020-07-07 12:07:38.505442+00:00;1
2020-07-10 06:19:29.725727+00:00;1
2020-07-10 06:21:42.171434+00:00;1
2020-07-10 06:28:20.996422+00:00;6
2020-07-10 06:45:10.892200+00:00;6
2020-07-10 06:51:18.127708+00:00;1
2020-07-10 08:33:21.648854+00:00;2
2020-07-10 08:39:28.727736+00:00;11
2020-07-10 08:41:47.196128+00:00;2
2020-07-10 08:57:45.288476+00:00;1
2020-07-14 06:09:22.338701+00:00;2
2020-07-14 06:12:24.857940+00:00;1
2020-07-14 06:15:06.043842+00:00;2
2020-07-14 06:17:11.648211+00:00;1
2020-07-14 06:25:13.379236+00:00;1
2020-07-14 06:32:09.643717+00:00;1
2020-07-14 06:37:43.879327+00:00;1
2020-07-14 06:39:59.132958+00:00;7
2020-07-14 06:42:08.229051+00:00;10
2020-07-21 05:54:50.623244+00:00;2
2020-07-21 06:13:53.476365+00:00;8
2020-07-21 08:29:14.685224+00:00;1
2020-07-21 08:33:21.755295+00:00;10
2020-07-21 08:43:18.780157+00:00;3
2020-07-21 08:47:26.628790+00:00;1
2020-07-21 08:58:47.214908+00:00;3
2020-07-21 09:08:28.597148+00:00;35
2020-07-21 09:14:45.390017+00:00;2
2020-07-21 09:18:26.446418+00:00;4
2020-07-21 09:22:06.975510+00:00;7
2020-07-21 09:28:47.346353+00:00;1
2020-07-21 09:30:28.933285+00:00;19
2020-07-21 09:33:14.954316+00:00;11
2020-07-21 09:42:42.970826+00:00;13
2020-07-21 09:47:46.232943+00:00;1
2020-07-21 09:56:41.123762+00:00;11
2020-07-21 09:59:13.551770+00:00;1
2020-07-22 08:50:08.446777+00:00;2
2020-07-22 08:58:42.490585+00:00;8
2020-07-29 08:06:57.800111+00:00;1
2020-08-04 05:38:19.788310+00:00;1
2020-08-04 05:40:55.037992+00:00;1
2020-08-04 05:50:42.963298+00:00;1
2020-08-04 05:53:27.152354+00:00;1
2020-08-04 05:54:40.660916+00:00;1
2020-08-04 05:58:35.492629+00:00;1
2020-08-04 06:01:24.893413+00:00;3
2020-08-05 06:28:35.715535+00:00;1
2020-08-05 06:43:12.948211+00:00;1
2020-08-06 05:50:44.807709+00:00;1
2020-08-06 05:56:50.218714+00:00;1
2020-08-06 05:59:23.203290+00:00;1
2020-08-06 06:01:50.962786+00:00;9
2020-08-06 06:04:48.905647+00:00;2
2020-08-06 06:28:35.740953+00:00;1
2020-08-06 06:36:01.986517+00:00;1
2020-08-06 06:39:50.721953+00:00;1
2020-08-06 06:56:24.027276+00:00;1
2020-08-06 07:07:49.944180+00:00;1
2020-08-06 07:14:16.866797+00:00;1
2020-08-06 07:57:12.518451+00:00;1
2020-08-06 08:00:26.585065+00:00;1
2020-08-06 08:06:02.353044+00:00;1
2020-08-06 08:12:43.140942+00:00;1
2020-08-06 08:14:44.261376+00:00;1
2020-08-06 08:17:10.402063+00:00;1
2020-08-06 08:18:58.031629+00:00;1
2020-08-06 08:24:21.808133+00:00;1
2020-08-06 08:26:14.572348+00:00;1
2020-08-06 08:28:12.439134+00:00;1
2020-08-06 08:31:09.017701+00:00;1
2020-08-06 08:33:50.076565+00:00;1
2020-08-06 08:45:51.176993+00:00;1
2020-08-06 08:47:36.543469+00:00;1
2020-08-06 08:50:39.092438+00:00;1
2020-08-06 08:52:58.787859+00:00;1
2020-08-06 08:56:41.807141+00:00;1
2020-08-06 08:58:24.337217+00:00;1
2020-08-06 09:00:49.537616+00:00;1
2020-08-06 09:05:04.648460+00:00;1
2020-08-07 07:13:41.941150+00:00;2
2020-08-07 07:18:05.306463+00:00;10
2020-08-07 09:04:28.894612+00:00;1
2020-08-07 09:09:16.470378+00:00;2
2020-08-07 09:13:10.702494+00:00;4
2020-08-07 09:16:39.908829+00:00;2
2020-08-07 09:20:25.037886+00:00;11
2020-08-07 09:21:54.490822+00:00;1
2020-08-07 09:24:31.671692+00:00;1
2020-08-07 09:26:24.128608+00:00;2
2020-08-07 09:33:37.087778+00:00;8
2020-08-07 09:34:41.239770+00:00;1
2020-08-07 09:39:02.449706+00:00;1
2020-08-07 09:46:07.787028+00:00;1
2020-08-07 09:54:50.461317+00:00;1
2020-08-07 11:02:53.880008+00:00;1
2020-08-07 11:05:46.484907+00:00;1
2020-08-07 11:09:37.885964+00:00;1
2020-08-07 11:15:17.307782+00:00;1
2020-08-07 11:18:05.939752+00:00;1
2020-08-07 11:20:20.262000+00:00;2
2020-08-07 11:22:55.589645+00:00;8
2020-08-07 11:24:11.839326+00:00;2
2020-08-07 11:27:05.519600+00:00;27
2020-08-07 11:30:52.976178+00:00;1
2020-08-07 11:33:04.584357+00:00;1
2020-08-07 11:35:43.375970+00:00;1
2020-08-07 11:38:03.709474+00:00;1
2020-08-07 11:40:18.894759+00:00;1
2020-08-07 11:43:18.480645+00:00;1
2020-08-10 09:23:41.605496+00:00;1
2020-08-11 05:00:41.939684+00:00;1
2020-08-11 05:03:15.083662+00:00;1
2020-08-11 05:06:05.674013+00:00;1
2020-08-11 05:09:57.997075+00:00;1
2020-08-11 05:12:29.088159+00:00;1
2020-08-11 05:15:05.931755+00:00;1
2020-08-11 06:33:27.774669+00:00;1
2020-08-11 06:36:05.042291+00:00;1
2020-08-11 06:38:26.762462+00:00;1
2020-08-11 06:41:01.553620+00:00;1
2020-08-11 06:46:06.422499+00:00;1
2020-08-11 06:49:33.743955+00:00;1
2020-08-11 06:53:35.022473+00:00;1
2020-08-11 06:56:05.564853+00:00;1
2020-08-11 07:03:43.374871+00:00;1
2020-08-11 07:06:19.825639+00:00;1
2020-08-11 07:19:27.970048+00:00;1
2020-08-11 07:21:32.697407+00:00;1
2020-08-11 07:23:17.155117+00:00;1
2020-08-11 07:49:24.117351+00:00;1
2020-08-11 07:52:50.754246+00:00;2
2020-08-11 07:55:53.901305+00:00;12
2020-08-11 07:59:04.577681+00:00;1
2020-08-11 08:01:05.835232+00:00;1
2020-08-11 08:02:57.708770+00:00;1
2020-08-11 08:05:22.387387+00:00;1
2020-08-11 08:07:58.265735+00:00;1
2020-08-11 08:11:02.881777+00:00;1
2020-08-11 08:22:04.748372+00:00;1
2020-08-11 08:56:26.016525+00:00;1
2020-08-11 08:58:35.083051+00:00;1
2020-08-11 09:00:19.385179+00:00;1
2020-08-11 09:06:23.783696+00:00;1
2020-08-11 09:08:04.515539+00:00;1
2020-08-11 09:11:42.667197+00:00;1
2020-08-11 09:14:30.898126+00:00;1
2020-08-11 09:17:27.398622+00:00;1
2020-08-11 09:21:27.317900+00:00;1
2020-08-11 09:23:56.474328+00:00;1
2020-08-11 09:26:20.249866+00:00;1
2020-08-11 09:29:02.399283+00:00;1
2020-08-11 10:40:52.886894+00:00;1
2020-08-11 10:44:43.860829+00:00;1
2020-08-11 10:47:05.854361+00:00;1
2020-08-11 10:48:34.141269+00:00;1
2020-08-11 10:50:42.350122+00:00;1
2020-08-11 10:52:31.888755+00:00;1
2020-08-11 10:54:08.086771+00:00;1
2020-08-11 10:55:52.046974+00:00;1
2020-08-11 11:01:56.533003+00:00;1
2020-08-11 11:04:01.608396+00:00;1
2020-08-11 11:08:07.513184+00:00;1
2020-08-11 11:10:55.408551+00:00;1
2020-08-11 11:12:43.523149+00:00;1
2020-08-11 11:15:46.656554+00:00;1
2020-08-11 11:18:22.988106+00:00;1
2020-08-11 11:20:02.995836+00:00;1
2020-08-11 11:21:40.422506+00:00;1
2020-08-11 11:23:37.466312+00:00;1
2020-08-11 12:17:17.741863+00:00;1
2020-08-11 12:19:16.463272+00:00;1
2020-08-11 12:21:07.619835+00:00;1
2020-08-11 12:22:43.650758+00:00;1
2020-08-11 12:34:31.116463+00:00;1
2020-08-11 12:35:31.340665+00:00;1
2020-08-11 12:36:28.967300+00:00;1
2020-08-11 12:37:41.915055+00:00;1
2020-08-11 12:38:33.081437+00:00;1
2020-08-11 12:39:41.953953+00:00;1
2020-08-11 12:40:43.155390+00:00;1
2020-08-11 12:41:41.302713+00:00;1
2020-08-11 12:42:46.906078+00:00;1
2020-08-11 12:43:46.687865+00:00;1
2020-08-11 12:44:36.557799+00:00;1
2020-08-12 05:03:06.530599+00:00;6
2020-08-12 05:06:44.772640+00:00;2
2020-08-12 05:10:27.329127+00:00;19
2020-08-12 05:15:40.588560+00:00;5
2020-08-12 05:17:07.866053+00:00;7
2020-08-12 05:19:12.746438+00:00;16
2020-08-12 05:22:55.816980+00:00;1
2020-08-12 05:25:29.861812+00:00;1
2020-08-12 05:30:29.094107+00:00;1
2020-08-12 05:34:12.718419+00:00;1
2020-08-12 05:38:28.845261+00:00;1
2020-08-12 05:40:58.883178+00:00;1
2020-08-12 06:09:00.551272+00:00;1
2020-08-12 06:18:29.805036+00:00;1
2020-08-12 06:23:01.151175+00:00;1
2020-08-12 06:26:39.994914+00:00;1
2020-08-12 06:29:13.279416+00:00;1
2020-08-12 06:33:21.228759+00:00;1
2020-08-12 06:37:16.152446+00:00;1
2020-08-12 06:39:38.404799+00:00;1
2020-08-12 06:52:54.259773+00:00;1
2020-08-12 07:03:54.730283+00:00;1
2020-08-12 07:06:47.221367+00:00;2
2020-08-12 07:44:00.117362+00:00;1
2020-08-12 07:45:58.306022+00:00;1
2020-08-12 07:47:54.149172+00:00;1
2020-08-12 07:50:09.649004+00:00;1
2020-08-12 07:53:02.171074+00:00;1
2020-08-12 07:54:49.323940+00:00;1
2020-08-12 08:05:22.457347+00:00;1
2020-08-12 08:07:51.138203+00:00;1
2020-08-12 08:12:41.846538+00:00;1
2020-08-12 08:15:25.467721+00:00;1
2020-08-12 08:17:53.132900+00:00;1
2020-08-12 08:21:02.851627+00:00;1
2020-08-12 08:24:15.632447+00:00;1
2020-08-12 08:26:26.436541+00:00;1
2020-08-12 08:29:12.199870+00:00;1
2020-08-12 08:31:30.727758+00:00;1
2020-08-12 08:33:37.445231+00:00;1
2020-08-12 08:35:22.390970+00:00;1
2020-08-12 08:37:42.746083+00:00;1
2020-08-12 08:39:29.909025+00:00;1
2020-08-12 08:41:17.073573+00:00;1
2020-08-12 09:04:44.230401+00:00;1
2020-08-12 09:12:26.046206+00:00;1
2020-08-12 09:15:02.105064+00:00;1
2020-08-12 09:16:48.441166+00:00;1
2020-08-12 09:21:39.266671+00:00;1
2020-08-12 09:25:38.532069+00:00;1
2020-08-12 09:26:43.177410+00:00;1
2020-08-12 09:28:19.819508+00:00;1
2020-08-12 09:53:27.517781+00:00;1
2020-08-13 04:23:33.670818+00:00;1
2020-08-13 04:27:05.268083+00:00;1
2020-08-13 04:29:58.797192+00:00;1
2020-08-13 04:33:02.827620+00:00;1
2020-08-13 04:48:43.147631+00:00;1
2020-08-13 04:52:22.787262+00:00;1
2020-08-13 04:55:12.514801+00:00;1
2020-08-13 04:58:55.368266+00:00;1
2020-08-13 05:01:45.880875+00:00;1
2020-08-13 06:08:14.245739+00:00;1
2020-08-13 06:10:45.322662+00:00;1
2020-08-13 06:12:42.180617+00:00;1
2020-08-13 06:25:51.528415+00:00;1
2020-08-13 06:27:39.531074+00:00;1
2020-08-13 06:30:06.017758+00:00;1
2020-08-13 06:32:52.989667+00:00;1
2020-08-13 06:34:57.999035+00:00;1
2020-08-13 06:36:52.335276+00:00;1
2020-08-13 06:41:31.840758+00:00;1
2020-08-13 06:43:49.144858+00:00;1
2020-08-13 06:46:21.828315+00:00;1
2020-08-13 06:48:04.438806+00:00;1
2020-08-13 09:35:38.380444+00:00;2
2020-08-13 09:37:21.027570+00:00;2
2020-08-14 04:58:19.157836+00:00;1
2020-08-14 05:03:12.711078+00:00;1
2020-08-14 05:05:19.653889+00:00;1
2020-08-14 05:37:07.088637+00:00;1
2020-08-14 05:40:05.528494+00:00;1
2020-08-14 05:42:27.137700+00:00;1
2020-08-14 05:44:31.362995+00:00;1
2020-08-14 05:46:11.652905+00:00;1
2020-08-14 05:48:45.580927+00:00;1
2020-08-14 05:56:06.628169+00:00;1
2020-08-14 06:59:43.351155+00:00;1
2020-08-14 07:01:41.093755+00:00;1
2020-08-14 07:03:27.517814+00:00;1
2020-08-14 07:05:35.842412+00:00;1
2020-08-14 07:07:34.954777+00:00;1
2020-08-14 07:13:26.021453+00:00;1
2020-08-14 07:15:58.851311+00:00;1
2020-08-14 07:16:48.611743+00:00;1
2020-08-14 07:21:16.004546+00:00;1
2020-08-14 07:23:22.065019+00:00;1
2020-08-14 08:05:58.921636+00:00;1
2020-08-14 08:07:34.037897+00:00;1
2020-08-14 08:09:28.572792+00:00;1
2020-08-14 08:11:01.049753+00:00;1
2020-08-14 08:16:45.258643+00:00;1
2020-08-14 08:19:30.956304+00:00;1
2020-08-14 08:22:20.172529+00:00;1
2020-08-25 06:54:22.753513+00:00;1
2020-08-25 07:00:51.603078+00:00;2
2020-08-25 07:12:51.304225+00:00;2
2020-08-25 07:53:45.068333+00:00;2
2020-08-25 08:02:35.181840+00:00;16
2020-08-25 08:04:38.427175+00:00;1
2020-08-25 08:06:00.437308+00:00;1
2020-08-25 08:06:58.422162+00:00;1
2020-08-25 08:46:02.251432+00:00;4
2020-08-25 09:06:44.469201+00:00;7
2020-08-25 09:12:52.531291+00:00;1
2020-08-25 09:22:36.363119+00:00;5
2020-08-25 09:26:30.460926+00:00;1
2020-08-25 09:28:48.395850+00:00;1
2020-08-25 09:31:47.048046+00:00;9
2020-08-25 09:35:37.590009+00:00;1
2020-08-25 09:38:46.755185+00:00;2
2020-08-26 05:27:43.621902+00:00;1
2020-08-26 05:29:50.194852+00:00;2
2020-08-26 05:33:35.836559+00:00;2
2020-08-26 05:37:55.297315+00:00;1
2020-08-26 05:43:27.284641+00:00;2
2020-08-26 05:46:21.280313+00:00;6
2020-08-26 05:48:52.282769+00:00;1
2020-08-26 05:53:03.508000+00:00;6
2020-08-26 05:56:34.349532+00:00;1
2020-08-26 06:24:21.726992+00:00;2
2020-08-26 06:30:25.110727+00:00;7
2020-08-26 06:32:57.329244+00:00;1
2020-08-26 06:34:39.680953+00:00;1
2020-08-26 06:44:31.136027+00:00;1
2020-08-26 06:50:28.099042+00:00;1
2020-08-26 06:52:56.888165+00:00;1
2020-08-26 08:11:41.196353+00:00;1
2020-08-26 08:19:11.647848+00:00;2
2020-08-26 08:23:18.964801+00:00;1
2020-08-26 08:26:27.003419+00:00;1
2020-08-26 08:28:40.939778+00:00;1
2020-08-26 08:36:41.174492+00:00;2
2020-08-26 08:38:33.828210+00:00;3
2020-08-26 08:41:01.452131+00:00;1
2020-08-26 08:45:05.383162+00:00;1
2020-08-26 08:59:03.852814+00:00;1
2020-08-26 09:00:24.373870+00:00;1
2020-08-26 09:01:39.878873+00:00;1
2020-08-26 09:08:54.159251+00:00;1
2020-08-26 09:10:59.462120+00:00;2
2020-08-26 09:12:59.132379+00:00;1
2020-08-26 09:16:28.333108+00:00;10
2020-08-26 09:21:57.548903+00:00;1
2020-08-26 09:24:46.304787+00:00;1
2020-08-27 05:29:27.334332+00:00;2
2020-08-27 05:31:23.081834+00:00;1
2020-08-27 05:33:09.724968+00:00;1
2020-08-27 05:34:14.862518+00:00;2
2020-08-27 05:35:31.762719+00:00;3
2020-08-27 05:36:37.608906+00:00;2
2020-08-27 05:37:24.996552+00:00;2
2020-08-27 05:38:12.862712+00:00;2
2020-08-27 05:39:05.090770+00:00;1
2020-08-27 05:41:08.208887+00:00;3
2020-08-27 05:42:09.080158+00:00;2
2020-08-27 05:45:02.313920+00:00;6
2020-08-27 05:47:51.376625+00:00;5
2020-08-27 05:50:24.241976+00:00;1
2020-08-27 06:20:39.616405+00:00;9
2020-08-27 06:22:21.224931+00:00;5
2020-08-27 06:23:51.464718+00:00;1
2020-08-27 06:26:17.194286+00:00;5
2020-08-27 06:28:17.062152+00:00;3
2020-08-27 06:30:50.222375+00:00;2
2020-08-27 07:04:30.111770+00:00;5
2020-08-27 07:08:52.193693+00:00;1
2020-08-27 07:13:39.391532+00:00;3
2020-08-27 07:14:42.348457+00:00;2
2020-08-27 07:16:19.120154+00:00;7
2020-08-27 07:19:07.950352+00:00;2
2020-08-27 07:21:52.183280+00:00;1
2020-08-27 07:23:07.698874+00:00;1
2020-08-27 07:24:44.515132+00:00;2
2020-08-27 07:27:18.044011+00:00;1
2020-08-27 07:52:06.661501+00:00;1
2020-08-27 07:54:23.552688+00:00;11
2020-08-27 08:06:50.951681+00:00;4
2020-08-27 08:09:57.595973+00:00;3
2020-08-27 08:11:45.961386+00:00;1
2020-08-27 08:15:48.462337+00:00;3
2020-08-27 08:22:34.918485+00:00;5
2020-08-27 08:24:35.918001+00:00;1
2020-08-27 08:26:35.541218+00:00;3
2020-08-27 08:27:51.129661+00:00;1
2020-08-27 08:31:31.155431+00:00;1
2020-08-27 08:32:57.998266+00:00;1
2020-08-27 08:34:27.509158+00:00;4
2020-08-27 08:36:22.690906+00:00;2
2020-08-27 08:39:31.888942+00:00;5
2020-08-27 08:41:21.034276+00:00;1
2020-08-27 08:42:22.723053+00:00;1
2020-08-27 08:44:30.184064+00:00;5
2020-08-27 08:47:33.845712+00:00;4
2020-08-27 08:49:38.320587+00:00;1
2020-08-27 08:51:10.281431+00:00;2
2020-08-27 08:52:43.148242+00:00;2
2020-08-27 10:11:41.204463+00:00;3
2020-08-27 10:16:26.430394+00:00;1
2020-08-27 10:20:30.493500+00:00;2
2020-08-27 10:23:49.241165+00:00;4
2020-08-27 10:25:15.871110+00:00;2
2020-08-27 10:26:39.646324+00:00;3
2020-08-27 10:27:42.253552+00:00;6
2020-08-27 10:29:19.623584+00:00;5
2020-08-27 10:30:08.647049+00:00;1
2020-08-27 10:31:47.476453+00:00;1
2020-08-27 10:33:00.900850+00:00;1
2020-08-27 10:34:10.600801+00:00;1
2020-08-27 10:35:06.413342+00:00;1
2020-09-02 11:06:27.927069+00:00;2
2020-09-02 11:08:25.800561+00:00;2
2020-09-02 11:10:23.645976+00:00;1
2020-09-03 06:53:38.458125+00:00;2
2020-09-03 06:55:19.893284+00:00;1
2020-09-03 06:56:54.855779+00:00;1
2020-09-03 06:58:22.478102+00:00;1
2020-09-03 06:59:38.023860+00:00;1
2020-09-03 07:01:07.858220+00:00;1
2020-09-03 07:02:25.028162+00:00;1
2020-09-03 07:05:20.064566+00:00;5
2020-09-03 07:07:13.369950+00:00;1
2020-09-03 07:15:41.432303+00:00;1
2020-09-03 07:49:53.255351+00:00;1
2020-09-03 07:51:49.882084+00:00;1
2020-09-03 07:53:13.100990+00:00;1
2020-09-03 07:55:14.704446+00:00;2
2020-09-03 07:57:05.711395+00:00;1
2020-09-03 07:59:05.142297+00:00;1
2020-09-03 08:21:49.861570+00:00;1
2020-09-03 08:24:43.770206+00:00;1
2020-09-03 08:25:52.731031+00:00;1
2020-09-03 08:27:02.722998+00:00;1
2020-09-03 08:28:18.698389+00:00;3
2020-09-03 08:29:27.023990+00:00;1
2020-09-03 08:31:53.212888+00:00;6
2020-09-03 08:34:09.182316+00:00;4
2020-09-03 08:35:51.266133+00:00;1
2020-09-03 08:37:02.892619+00:00;1
2020-09-03 09:26:34.131306+00:00;4
2020-09-03 09:43:56.107030+00:00;1
2020-09-03 09:56:32.868328+00:00;5
2020-09-03 09:58:29.981304+00:00;1
2020-09-03 10:02:08.776423+00:00;2
2020-09-03 10:04:48.513814+00:00;7
2020-09-03 12:04:57.947161+00:00;2
2020-09-03 12:06:28.851333+00:00;1
2020-09-03 12:09:44.464661+00:00;3
2020-09-03 12:16:28.440675+00:00;2
2020-09-03 12:18:08.645035+00:00;1
2020-09-03 12:19:30.403341+00:00;1
2020-09-03 12:20:59.021417+00:00;2
2020-09-03 12:22:49.975170+00:00;2
2020-09-03 12:24:32.325318+00:00;2
2020-09-03 12:26:31.321740+00:00;3
2020-09-03 12:27:52.699810+00:00;1
2020-09-03 12:29:01.083331+00:00;2
2020-09-03 12:30:16.476637+00:00;1
2020-09-03 12:34:04.046026+00:00;9
2020-09-03 12:35:15.946787+00:00;1
2020-09-03 12:38:15.516527+00:00;1
2020-09-03 12:39:55.123889+00:00;2
2020-09-03 12:42:55.278762+00:00;1
2020-09-03 12:44:42.199385+00:00;1
2020-09-03 12:58:51.725141+00:00;2
2020-09-03 13:00:28.133669+00:00;1
2020-09-03 13:03:32.217375+00:00;4
2020-09-03 13:04:30.662992+00:00;1
2020-09-03 13:09:12.532697+00:00;7
2020-09-03 13:11:27.053076+00:00;1
2020-09-03 13:12:34.710998+00:00;2
2020-09-03 13:13:58.736603+00:00;1
2020-09-03 13:16:20.596418+00:00;1
2020-09-03 13:17:56.178002+00:00;1
2020-09-03 13:20:49.166948+00:00;1
2020-09-03 13:23:49.405391+00:00;1
2020-09-04 06:46:15.945471+00:00;1
2020-09-04 06:49:31.862118+00:00;1
2020-09-04 06:53:15.970905+00:00;1
2020-09-04 06:54:45.713368+00:00;1
2020-09-04 07:01:20.025206+00:00;2
2020-09-04 07:05:23.117207+00:00;1
2020-09-04 11:49:47.529043+00:00;1
2020-09-04 11:55:38.518568+00:00;1
2020-09-04 12:00:44.855795+00:00;1
2020-09-04 12:05:15.192367+00:00;1
2020-09-14 09:20:53.523163+00:00;1
2020-09-16 09:13:34.444447+00:00;2
2020-09-17 06:45:41.063174+00:00;1
2020-09-25 07:57:48.026225+00:00;1
2020-09-29 10:41:23.287755+00:00;1
2020-09-29 10:42:38.460229+00:00;1
2020-09-29 10:43:39.670568+00:00;1
2020-09-29 10:44:23.697608+00:00;1
2020-09-29 10:45:08.602780+00:00;3
2020-10-08 05:20:57.498617+00:00;1
2020-10-08 05:23:33.466129+00:00;1
2020-10-09 07:34:53.584107+00:00;2
2020-10-09 07:36:57.757655+00:00;1
2020-10-09 07:54:55.806563+00:00;2
2020-10-09 08:00:15.259415+00:00;1
2020-10-13 05:34:43.759651+00:00;1
2020-10-14 07:40:24.572034+00:00;1
2020-10-14 10:04:24.213751+00:00;1
2020-10-14 10:05:25.934831+00:00;3
2020-10-14 10:06:14.600812+00:00;1
2020-10-14 10:54:36.317559+00:00;2
2020-10-14 11:02:04.845401+00:00;14
2020-10-15 06:49:07.918179+00:00;2
2020-10-15 06:54:33.939894+00:00;12
2020-10-15 06:58:23.540149+00:00;2
2020-10-15 07:02:37.409003+00:00;38
2020-10-15 07:05:51.745149+00:00;1
2020-10-15 07:07:34.543974+00:00;1
2020-10-15 07:09:41.913792+00:00;1
2020-10-15 08:50:43.348853+00:00;1
2020-10-15 08:59:55.461297+00:00;2
2020-10-15 09:02:07.870966+00:00;3
2020-10-15 09:03:24.831086+00:00;1
2020-10-15 09:05:27.814641+00:00;2
2020-10-15 09:08:12.918391+00:00;12
2020-10-15 09:09:21.919381+00:00;2
2020-10-15 09:11:33.901389+00:00;9
2020-10-15 09:16:04.332491+00:00;2
2020-10-15 09:18:07.190138+00:00;1
2020-10-15 09:19:45.124765+00:00;1
2020-10-15 09:21:51.708282+00:00;2
2020-10-15 09:25:26.623909+00:00;26
2020-10-15 09:42:35.974117+00:00;1
2020-10-15 09:44:13.370588+00:00;1
2020-10-15 09:46:53.089899+00:00;1
2020-10-15 09:50:15.419587+00:00;1
2020-10-15 09:52:09.101741+00:00;1
2020-10-15 09:54:30.672446+00:00;1
2020-10-15 09:57:02.180958+00:00;1
2020-10-15 09:59:47.648618+00:00;2
2020-10-15 10:05:25.219094+00:00;18
2020-10-15 10:08:06.571338+00:00;1
2020-10-16 06:35:38.397931+00:00;2
2020-10-16 06:42:46.145311+00:00;36
2020-10-16 09:07:58.684409+00:00;1
2020-10-16 09:12:02.725465+00:00;1
2020-10-16 09:51:19.476305+00:00;1
2020-10-16 09:54:31.760685+00:00;1
2020-10-19 14:32:52.606537+00:00;1
2020-10-19 14:40:30.600845+00:00;1
2020-10-20 09:35:53.251082+00:00;2
2020-10-20 09:37:08.640171+00:00;2
2020-10-20 09:38:38.213747+00:00;2
2020-10-20 09:40:29.594647+00:00;2
2020-10-20 09:50:15.785771+00:00;1
2020-10-20 09:58:51.522136+00:00;2
2020-10-20 10:22:14.980223+00:00;1
2020-10-20 10:23:17.001699+00:00;1
2020-10-20 10:43:54.490284+00:00;1
2020-10-20 12:50:43.895828+00:00;1
2020-10-21 07:33:31.668798+00:00;2
2020-10-21 07:38:58.047958+00:00;4
2020-10-21 08:09:00.553639+00:00;2
2020-10-21 08:10:27.697395+00:00;3
2020-10-21 08:13:19.875459+00:00;28
2020-10-21 08:18:59.273919+00:00;6
2020-10-21 08:19:50.596503+00:00;9
2020-10-21 08:21:25.096679+00:00;2
2020-10-22 15:18:34.637863+00:00;1
2020-10-23 09:22:22.516845+00:00;1
2020-10-26 12:11:08.457212+00:00;1
2020-10-26 14:26:18.669059+00:00;2
2020-10-26 14:53:29.120473+00:00;1
2020-10-27 06:24:20.706243+00:00;2
2020-10-27 09:48:34.161671+00:00;2
2020-10-27 09:52:39.367424+00:00;1
2020-10-27 10:06:22.529451+00:00;1
2020-10-27 10:07:17.836989+00:00;1
2020-10-27 11:27:13.086717+00:00;2
2020-10-27 11:31:00.082745+00:00;4
2020-10-28 10:17:53.397105+00:00;2
2020-10-28 10:23:49.512386+00:00;4
2020-10-28 10:31:09.176713+00:00;2
2020-10-28 10:43:11.984347+00:00;1
2020-10-28 10:53:01.771699+00:00;1
2020-10-28 11:01:32.236768+00:00;1
2020-10-28 11:56:37.095584+00:00;1
2020-10-28 12:22:46.723646+00:00;1
2020-10-28 12:28:29.936568+00:00;3
2020-10-28 12:36:08.634049+00:00;3
2020-10-28 12:41:17.023862+00:00;1
2020-10-28 12:45:01.982535+00:00;2
2020-10-30 09:12:24.941491+00:00;2
2020-10-30 09:35:03.895076+00:00;1
2020-11-03 09:53:27.623108+00:00;1
2020-11-03 10:42:17.787349+00:00;1
2020-11-03 11:50:20.993314+00:00;1
2020-11-03 11:57:53.424278+00:00;1
2020-11-03 12:02:20.327218+00:00;1
2020-11-03 12:12:52.247334+00:00;1
2020-11-04 10:35:53.301041+00:00;1
2020-11-04 10:45:38.154421+00:00;1
2020-11-04 10:50:03.186774+00:00;1
2020-11-05 09:18:05.193327+00:00;1
2020-11-05 09:19:33.069469+00:00;1
2020-11-05 09:20:50.779514+00:00;1
2020-11-05 12:24:04.687382+00:00;2
2020-11-05 12:29:42.206384+00:00;1
2020-11-06 12:47:21.560135+00:00;1
2020-11-09 13:47:56.901827+00:00;1
2020-11-09 13:48:43.789262+00:00;1
2020-11-09 13:53:51.743093+00:00;1
2020-11-09 13:54:28.182177+00:00;1
2020-11-09 13:54:59.786064+00:00;1
2020-11-09 13:55:33.199412+00:00;1
2020-11-09 13:56:07.680271+00:00;1
2020-11-09 13:59:13.326340+00:00;5
2020-11-10 08:59:43.491083+00:00;1
2020-11-10 13:47:33.837047+00:00;1
2020-11-11 10:28:15.100246+00:00;1
2020-11-13 09:43:55.828671+00:00;11
2020-11-13 09:54:01.968557+00:00;15
2020-11-16 08:29:37.776080+00:00;1
2020-11-16 09:40:06.191119+00:00;2
2020-11-17 07:27:05.495945+00:00;1
2020-11-24 08:08:08.581322+00:00;2
2020-11-24 08:09:00.625641+00:00;1
2020-11-24 08:09:28.189495+00:00;1
2020-11-24 08:09:54.301037+00:00;1
2020-11-25 08:24:22.267105+00:00;1
2020-11-26 08:06:13.431638+00:00;1
2020-11-26 08:22:45.796922+00:00;2
2020-11-26 08:25:59.067295+00:00;17
2020-11-26 14:02:23.326449+00:00;1
2020-11-27 12:31:32.121186+00:00;1
2020-11-27 12:48:56.997434+00:00;2
2020-11-27 12:55:36.822352+00:00;22
2020-12-01 09:25:09.242371+00:00;2
2020-12-01 09:32:23.053284+00:00;30
2020-12-01 09:36:26.041908+00:00;2
2020-12-01 09:40:07.630212+00:00;6
2020-12-01 09:42:33.245537+00:00;1
2020-12-01 10:06:09.610425+00:00;2
2020-12-01 10:11:33.336944+00:00;6
2020-12-01 10:17:30.044962+00:00;1
2020-12-01 10:20:37.721851+00:00;1
2020-12-01 10:51:43.252455+00:00;2
2020-12-01 10:56:16.564903+00:00;25
2020-12-01 12:26:36.118818+00:00;2
2020-12-01 12:33:28.182980+00:00;16
2020-12-01 12:37:25.979759+00:00;1
2020-12-01 12:41:53.841157+00:00;1
2020-12-01 12:47:26.597304+00:00;2
2020-12-01 12:52:51.522739+00:00;6
2020-12-01 12:58:03.481373+00:00;2
2020-12-01 13:01:47.226684+00:00;11
2020-12-01 13:05:46.968688+00:00;1
2020-12-01 13:10:37.283632+00:00;2
2020-12-01 13:15:04.853833+00:00;4
2020-12-02 13:53:44.009301+00:00;1
2020-12-02 13:59:23.959096+00:00;2
2020-12-02 14:03:02.169738+00:00;4
2020-12-02 14:04:55.949374+00:00;2
2020-12-02 14:07:06.925973+00:00;2
2020-12-02 14:09:31.978647+00:00;1
2020-12-03 07:23:30.965161+00:00;1
2020-12-03 07:35:36.672115+00:00;1
2020-12-03 08:07:30.432919+00:00;2
2020-12-03 08:12:03.240456+00:00;11
2020-12-03 08:43:58.479404+00:00;2
2020-12-03 08:55:11.418280+00:00;35
2020-12-03 10:12:36.411984+00:00;2
2020-12-03 11:09:58.422117+00:00;12
2020-12-03 11:23:54.517795+00:00;1
2020-12-03 11:27:38.867453+00:00;1
2020-12-03 11:39:48.925456+00:00;1
2020-12-03 11:42:12.862487+00:00;1
2020-12-03 11:44:47.803004+00:00;2
2020-12-03 11:49:41.144212+00:00;3
2020-12-03 12:34:42.498040+00:00;1
2020-12-03 12:58:18.677568+00:00;1
2020-12-03 13:02:33.239643+00:00;1
2020-12-03 13:05:15.251232+00:00;1
2020-12-03 13:20:51.435834+00:00;1
2020-12-03 13:23:59.220130+00:00;1
2020-12-03 13:28:10.339325+00:00;1
2020-12-04 06:36:54.586022+00:00;2
2020-12-04 06:41:51.826700+00:00;4
2020-12-04 06:47:23.746683+00:00;2
2020-12-04 06:53:25.562015+00:00;4
2020-12-04 06:57:02.835950+00:00;1
2020-12-04 06:59:20.034721+00:00;1
2020-12-04 07:00:55.922877+00:00;2
2020-12-04 07:04:28.652201+00:00;6
2020-12-04 07:06:26.150742+00:00;1
2020-12-04 08:11:08.631762+00:00;2
2020-12-04 08:17:10.313402+00:00;6
2020-12-04 11:33:18.249624+00:00;4
2020-12-04 13:32:28.828453+00:00;1
2020-12-08 08:13:22.135032+00:00;2
2020-12-08 08:17:57.530512+00:00;5
2020-12-08 08:38:39.739393+00:00;1
2020-12-08 09:34:24.507755+00:00;1
2020-12-08 09:43:45.333225+00:00;2
2020-12-08 09:53:34.301323+00:00;1
2020-12-08 10:00:49.113562+00:00;1
2020-12-08 10:07:56.816470+00:00;1
2020-12-08 10:11:28.841494+00:00;1
2020-12-08 10:36:49.904789+00:00;2
2020-12-08 10:39:14.824289+00:00;12
2020-12-08 11:32:04.735897+00:00;2
2020-12-08 11:34:57.468898+00:00;11
2020-12-09 07:34:16.173219+00:00;1
2020-12-09 07:45:34.998598+00:00;2
2020-12-09 08:00:37.408462+00:00;14
2020-12-09 10:30:45.519529+00:00;1
2020-12-09 10:49:45.858403+00:00;1
2020-12-09 11:13:04.893833+00:00;1
2020-12-09 11:22:17.861562+00:00;1
2020-12-09 12:18:24.727822+00:00;1
2020-12-09 12:38:26.256753+00:00;1
2020-12-09 12:59:44.635733+00:00;6
2020-12-09 13:05:23.358956+00:00;1
2020-12-09 13:07:17.642739+00:00;3
2020-12-09 13:08:08.519552+00:00;1
2020-12-09 13:08:42.803501+00:00;2
2020-12-09 13:09:45.927752+00:00;2
2020-12-09 13:14:36.736342+00:00;1
2020-12-09 13:28:10.639465+00:00;1
2020-12-09 13:54:29.927427+00:00;1
2020-12-09 14:08:21.985036+00:00;1
2020-12-10 06:34:20.132163+00:00;1
2020-12-10 06:40:02.549868+00:00;1
2020-12-10 06:42:41.816525+00:00;1
2020-12-10 06:47:17.708959+00:00;1
2020-12-10 07:00:32.473616+00:00;1
2020-12-10 07:04:30.327522+00:00;2
2020-12-10 07:07:42.026191+00:00;5
2020-12-10 07:10:54.887446+00:00;1
2020-12-10 07:14:45.378506+00:00;2
2020-12-10 07:19:20.736573+00:00;13
2020-12-10 07:20:22.835322+00:00;2
2020-12-10 07:24:01.680843+00:00;18
2020-12-10 07:25:14.163513+00:00;2
2020-12-10 07:27:30.874332+00:00;9
2020-12-10 07:28:31.025472+00:00;2
2020-12-10 07:32:07.335959+00:00;8
2020-12-10 08:08:22.549888+00:00;1
2020-12-10 08:33:18.699083+00:00;1
2020-12-10 08:50:21.564776+00:00;1
2020-12-10 09:24:51.876027+00:00;1
2020-12-10 10:17:51.262690+00:00;2
2020-12-10 10:25:14.112369+00:00;1
2020-12-11 07:05:01.541814+00:00;1
2020-12-11 07:22:44.264415+00:00;1
2020-12-11 07:35:21.587855+00:00;2
2020-12-11 07:37:21.989432+00:00;8
2020-12-11 07:41:16.544105+00:00;1
2020-12-11 08:05:27.023922+00:00;2
2020-12-11 08:10:59.548052+00:00;3
2020-12-11 08:22:48.915382+00:00;2
2020-12-11 08:28:29.871623+00:00;7
2020-12-11 08:57:03.649598+00:00;1
2020-12-11 09:18:00.723598+00:00;1
2020-12-11 09:26:05.738049+00:00;1
2020-12-11 10:12:09.035310+00:00;2
2020-12-11 10:16:40.443513+00:00;13
2020-12-11 10:46:38.627989+00:00;2
2020-12-11 10:53:13.151633+00:00;18
2020-12-14 09:23:50.144013+00:00;1
2020-12-15 08:05:12.989423+00:00;1
2020-12-17 09:57:19.022347+00:00;1
2020-12-17 10:51:10.281803+00:00;2
2020-12-17 11:05:16.804948+00:00;26
2020-12-17 11:19:21.407268+00:00;1
2020-12-17 13:23:17.077820+00:00;1
2020-12-17 13:26:49.969246+00:00;2
2020-12-17 13:32:45.784501+00:00;17
2020-12-17 13:36:35.057523+00:00;1
2020-12-18 09:24:14.149989+00:00;2
2020-12-18 09:35:27.537101+00:00;62
2020-12-18 09:51:36.412466+00:00;2
2020-12-18 09:54:56.989713+00:00;3
2020-12-18 09:58:55.722866+00:00;2
2020-12-18 10:03:02.229704+00:00;10
2020-12-18 10:08:14.521055+00:00;2
2020-12-18 10:09:52.776871+00:00;1
2020-12-18 10:12:49.391161+00:00;1
2020-12-18 10:18:06.779653+00:00;2
2020-12-18 10:20:54.690485+00:00;2
2020-12-18 10:27:48.138399+00:00;2
2020-12-18 10:32:01.416181+00:00;7
2020-12-20 14:15:21.048799+00:00;1
2020-12-20 14:19:49.588478+00:00;1
2020-12-20 14:22:53.195756+00:00;2
2020-12-29 07:57:20.593029+00:00;1
2021-01-07 07:56:50.336207+00:00;1
2021-01-08 08:08:16.510757+00:00;2
2021-01-08 08:11:59.757539+00:00;1
2021-01-08 08:23:38.872251+00:00;11
2021-01-08 09:00:23.220962+00:00;1
2021-01-08 09:02:10.323973+00:00;1
2021-01-08 09:04:24.029775+00:00;1
2021-01-08 09:12:26.950838+00:00;2
2021-01-08 09:16:10.170335+00:00;2
2021-01-08 09:19:55.834904+00:00;1
2021-01-08 09:25:30.820553+00:00;2
2021-01-08 09:28:21.357050+00:00;4
2021-01-08 10:38:08.076242+00:00;2
2021-01-08 10:44:45.902881+00:00;5
2021-01-08 11:19:05.611670+00:00;3
2021-01-12 13:49:23.214972+00:00;2
2021-01-12 13:52:55.098589+00:00;6
2021-01-13 05:56:39.116924+00:00;2
2021-01-13 05:59:31.661517+00:00;2
2021-01-13 06:22:31.164960+00:00;1
2021-01-13 06:26:25.884376+00:00;1
2021-01-13 06:31:36.355350+00:00;1
2021-01-13 07:51:01.569179+00:00;2
2021-01-15 06:27:55.771958+00:00;5
2021-01-15 06:33:27.856998+00:00;2
2021-01-15 06:37:08.527420+00:00;10
2021-01-15 09:34:23.724700+00:00;24
2021-01-15 09:37:05.739996+00:00;2
2021-01-15 09:40:02.639542+00:00;3
2021-01-15 09:43:25.515693+00:00;1
2021-01-15 10:18:38.258306+00:00;2
2021-01-15 10:24:46.382910+00:00;4
2021-01-15 10:27:35.200034+00:00;2
2021-01-15 10:35:09.464037+00:00;9
2021-01-15 10:44:26.724839+00:00;2
2021-01-15 10:48:54.227630+00:00;2
2021-01-15 10:54:22.313813+00:00;2
2021-01-15 11:00:34.602782+00:00;2
2021-01-15 11:22:13.810678+00:00;1
2021-01-15 11:25:06.075452+00:00;1
2021-01-15 11:37:29.330098+00:00;2
2021-01-15 11:44:36.638946+00:00;30
2021-01-15 14:01:33.982087+00:00;1
2021-01-15 14:04:21.618368+00:00;2
2021-01-15 14:11:24.006346+00:00;5
2021-01-15 14:12:46.086114+00:00;2
2021-01-15 14:20:31.874148+00:00;5
2021-01-20 09:01:09.049278+00:00;1
2021-01-20 09:10:47.449463+00:00;1
2021-01-20 09:13:16.761084+00:00;1
2021-01-20 09:23:32.515560+00:00;1
2021-01-20 09:35:39.825552+00:00;1
2021-01-20 09:48:04.344358+00:00;2
2021-01-20 09:52:33.115461+00:00;6
2021-01-20 09:57:49.481974+00:00;1
2021-01-20 10:25:23.844711+00:00;1
2021-01-20 13:36:02.763359+00:00;2
2021-01-20 13:40:26.686727+00:00;67
2021-01-20 14:04:28.620429+00:00;1
2021-01-21 06:42:56.091660+00:00;2
2021-01-21 06:49:29.169024+00:00;7
2021-01-21 07:03:22.033840+00:00;2
2021-01-21 07:09:47.559450+00:00;8
2021-01-21 07:36:53.743748+00:00;2
2021-01-21 07:45:03.716214+00:00;5
2021-01-21 12:04:15.302868+00:00;1
2021-01-21 12:08:09.156398+00:00;1
2021-01-21 12:14:20.762545+00:00;1
2021-01-21 12:16:05.047351+00:00;2
2021-01-21 12:19:45.006014+00:00;6
2021-01-21 12:21:40.099793+00:00;2
2021-01-21 12:23:26.988502+00:00;8
2021-01-21 12:27:52.792546+00:00;2
2021-01-21 12:31:17.285595+00:00;29
2021-01-21 13:14:59.228472+00:00;1
2021-01-21 13:23:43.242162+00:00;2
2021-01-21 13:28:53.193536+00:00;2
2021-01-21 13:31:58.348274+00:00;2
2021-01-21 13:35:32.812352+00:00;1
2021-01-21 13:39:41.587676+00:00;2
2021-01-21 13:50:50.715424+00:00;12
2021-01-21 14:00:46.799300+00:00;1
2021-01-22 06:16:15.442175+00:00;2
2021-01-22 06:17:27.423197+00:00;10
2021-01-22 06:31:03.596604+00:00;1
2021-01-22 06:58:38.950293+00:00;2
2021-01-22 07:06:25.819842+00:00;10
2021-01-22 07:46:56.875239+00:00;2
2021-01-22 07:53:18.945930+00:00;1
2021-01-22 07:59:18.432267+00:00;2
2021-01-22 08:02:28.257579+00:00;8
2021-01-22 08:06:08.957937+00:00;2
2021-01-22 08:16:01.759891+00:00;16
2021-01-22 08:30:53.252648+00:00;1
2021-01-22 08:42:42.509491+00:00;2
2021-01-22 08:49:24.207018+00:00;63
2021-01-22 08:51:56.897673+00:00;2
2021-01-22 08:56:21.876651+00:00;1
2021-01-22 08:57:07.066988+00:00;1
2021-01-22 08:57:58.820914+00:00;1
2021-01-22 08:58:50.497409+00:00;1
2021-01-22 09:01:15.718556+00:00;1
2021-01-22 09:05:41.993836+00:00;1
2021-01-22 09:06:38.052839+00:00;1
2021-01-22 09:07:30.077185+00:00;1
2021-01-22 09:09:02.185816+00:00;1
2021-01-22 09:09:54.753035+00:00;1
2021-01-22 09:10:39.030543+00:00;1
2021-01-22 09:32:03.444767+00:00;2
2021-01-22 09:38:46.003898+00:00;20
2021-01-22 13:24:28.681509+00:00;21
2021-01-22 13:30:34.413288+00:00;1
2021-01-26 06:41:09.337329+00:00;1
2021-01-26 09:00:05.436057+00:00;2
2021-01-26 09:11:31.608309+00:00;7
2021-01-26 10:20:49.601482+00:00;1
2021-01-26 10:25:52.483817+00:00;2
2021-01-26 10:43:59.932484+00:00;2
2021-01-26 10:54:26.986468+00:00;2
2021-01-26 10:59:51.874043+00:00;3
2021-01-26 11:45:49.117007+00:00;2
2021-01-26 11:48:17.599340+00:00;4
2021-01-26 11:52:24.149059+00:00;1
2021-01-26 17:32:41.622092+00:00;1
2021-01-27 06:39:53.145119+00:00;2
2021-01-27 06:52:37.075915+00:00;9
2021-01-27 07:01:45.665567+00:00;2
2021-01-27 07:06:14.584334+00:00;82
2021-01-27 07:30:13.750169+00:00;1
2021-01-27 07:32:06.307196+00:00;2
2021-01-27 07:37:48.789762+00:00;14
2021-01-27 07:46:30.837520+00:00;1
2021-01-27 07:53:01.266191+00:00;1
2021-01-27 08:04:50.766098+00:00;1
2021-01-27 08:17:02.071931+00:00;1
2021-01-27 09:02:17.606160+00:00;1
2021-01-27 09:21:03.941978+00:00;1
2021-01-27 09:36:42.327640+00:00;2
2021-01-27 09:39:23.090742+00:00;3
2021-01-27 09:41:49.044213+00:00;1
2021-01-27 09:44:26.229590+00:00;1
2021-01-27 09:56:13.951661+00:00;1
2021-01-27 09:58:50.666100+00:00;1
2021-01-27 10:10:39.446606+00:00;1
2021-01-27 10:36:02.073985+00:00;1
2021-01-27 10:39:45.569941+00:00;2
2021-01-27 10:44:16.666224+00:00;9
2021-01-27 14:54:37.705469+00:00;1
2021-01-28 07:06:25.064164+00:00;1
2021-01-28 07:45:01.991121+00:00;1
2021-01-28 07:54:03.173626+00:00;1
2021-01-28 08:01:27.263630+00:00;1
2021-01-28 09:05:14.011305+00:00;2
2021-01-28 09:15:01.372655+00:00;57
2021-01-28 09:18:15.467568+00:00;2
2021-01-28 09:22:27.198061+00:00;3
2021-01-28 09:32:48.394880+00:00;2
2021-01-28 09:37:41.644330+00:00;14
2021-01-28 10:42:17.276025+00:00;2
2021-01-28 10:49:53.756366+00:00;12
2021-01-28 10:53:45.217066+00:00;2
2021-01-28 11:02:18.990967+00:00;25
2021-01-28 11:12:59.145209+00:00;1
2021-01-28 12:14:26.066428+00:00;2
2021-01-28 12:19:10.001467+00:00;4
2021-01-28 12:21:17.636196+00:00;2
2021-01-28 12:27:10.668550+00:00;7
2021-01-28 12:30:32.257151+00:00;2
2021-01-28 12:37:33.423310+00:00;9
2021-01-28 12:52:38.941076+00:00;1
2021-01-28 13:01:31.543462+00:00;1
2021-01-28 13:09:05.561004+00:00;2
2021-01-28 13:11:46.710758+00:00;9
2021-01-28 13:17:10.750696+00:00;1
2021-01-28 13:26:53.666938+00:00;1
2021-01-28 13:39:18.458110+00:00;2
2021-01-28 13:44:35.435941+00:00;28
2021-01-28 13:53:24.193834+00:00;1
2021-01-28 14:00:30.912308+00:00;2
2021-01-28 15:09:08.815862+00:00;33
2021-01-29 06:26:15.688607+00:00;1
2021-01-29 06:33:37.576668+00:00;1
2021-01-29 06:45:12.299157+00:00;1
2021-01-29 07:05:03.933430+00:00;1
2021-01-29 07:08:44.267957+00:00;1
2021-01-29 07:30:17.354222+00:00;1
2021-01-29 07:35:43.090455+00:00;1
2021-01-29 08:03:17.756288+00:00;1
2021-01-29 08:50:08.007234+00:00;1
2021-01-29 09:14:46.224390+00:00;1
2021-01-29 09:28:54.312452+00:00;1
2021-01-29 11:59:01.407732+00:00;1
2021-01-29 12:01:40.751914+00:00;1
2021-01-29 12:04:38.956642+00:00;1
2021-01-29 12:15:40.881854+00:00;1
2021-01-29 12:18:35.972314+00:00;1
2021-01-29 12:21:12.330645+00:00;1
2021-01-29 12:24:51.963846+00:00;1
2021-01-29 12:26:40.201415+00:00;1
2021-01-29 12:28:42.727181+00:00;1
2021-01-29 12:51:04.587935+00:00;1
2021-01-29 12:52:25.738526+00:00;1
2021-01-29 12:55:13.610096+00:00;1
2021-01-29 12:58:05.554070+00:00;1
2021-01-29 13:00:36.195538+00:00;1
2021-01-29 13:04:59.823279+00:00;1
2021-01-29 13:11:36.165973+00:00;1
2021-01-29 13:13:57.929183+00:00;1
2021-01-29 13:19:25.784749+00:00;1
2021-01-29 13:22:14.216366+00:00;1
2021-01-29 13:24:07.657354+00:00;1
2021-01-29 13:26:42.300111+00:00;1
2021-01-29 13:28:24.204595+00:00;1
2021-02-02 07:49:11.843006+00:00;1
2021-02-02 07:51:24.400029+00:00;1
2021-02-02 07:52:50.511348+00:00;1
2021-02-02 07:54:04.674771+00:00;1
2021-02-02 07:55:26.271640+00:00;1
2021-02-02 07:56:45.583439+00:00;1
2021-02-02 08:01:32.818306+00:00;1
2021-02-02 08:07:14.900762+00:00;1
2021-02-02 08:09:52.261637+00:00;1
2021-02-02 08:12:13.739377+00:00;1
2021-02-02 08:51:29.722143+00:00;1
2021-02-02 08:55:11.797726+00:00;1
2021-02-02 08:57:48.745609+00:00;1
2021-02-02 08:59:21.110848+00:00;1
2021-02-02 09:00:31.946029+00:00;1
2021-02-02 09:02:16.968379+00:00;1
2021-02-02 09:27:54.546828+00:00;1
2021-02-02 09:51:30.706742+00:00;1
2021-02-02 09:53:45.245421+00:00;1
2021-02-02 09:54:55.364120+00:00;1
2021-02-02 09:56:22.146911+00:00;1
2021-02-02 09:59:43.230513+00:00;1
2021-02-02 10:01:06.549726+00:00;1
2021-02-02 13:05:03.263665+00:00;1
2021-02-02 13:09:25.727270+00:00;1
2021-02-02 13:13:06.046028+00:00;1
2021-02-02 13:20:41.832672+00:00;1
2021-02-02 13:22:35.712965+00:00;1
2021-02-02 13:24:05.302956+00:00;1
2021-02-02 13:40:50.614340+00:00;1
2021-02-02 14:06:11.915057+00:00;1
2021-02-02 14:18:31.577105+00:00;1
2021-02-02 14:22:15.391438+00:00;1
2021-02-02 14:23:44.882779+00:00;1
2021-02-02 14:25:31.627767+00:00;1
2021-02-02 14:27:59.324645+00:00;1
2021-02-02 14:28:13.649670+00:00;1
2021-02-02 14:29:31.136463+00:00;1
2021-02-02 14:32:22.042427+00:00;1
2021-02-02 14:33:17.184130+00:00;1
2021-02-02 14:49:31.767538+00:00;1
2021-02-03 06:19:55.550347+00:00;137
2021-02-03 07:49:33.568854+00:00;1
2021-02-03 07:52:40.847319+00:00;1
2021-02-03 07:53:56.425000+00:00;1
2021-02-03 08:18:36.691205+00:00;1
2021-02-03 08:20:35.007779+00:00;1
2021-02-03 08:22:03.557859+00:00;1
2021-02-03 10:43:21.261752+00:00;1
2021-02-03 11:00:31.116866+00:00;1
2021-02-03 11:08:32.047014+00:00;1
2021-02-03 11:14:03.906454+00:00;1
2021-02-03 11:17:25.672014+00:00;1
2021-02-03 11:19:59.134728+00:00;1
2021-02-03 11:27:25.683887+00:00;1
2021-02-03 11:54:50.732519+00:00;1
2021-02-03 12:13:20.337485+00:00;1
2021-02-03 12:17:08.564910+00:00;2
2021-02-03 12:24:33.507752+00:00;3
2021-02-03 12:29:59.703100+00:00;1
2021-02-03 12:41:54.168093+00:00;1
2021-02-03 12:49:18.405949+00:00;1
2021-02-03 12:56:42.516339+00:00;1
2021-02-03 12:58:11.945343+00:00;1
2021-02-03 13:03:17.422444+00:00;1
2021-02-03 13:05:22.878895+00:00;1
2021-02-03 13:07:03.031839+00:00;1
2021-02-03 13:29:52.809398+00:00;1
2021-02-03 13:32:35.705137+00:00;1
2021-02-03 13:34:05.018515+00:00;1
2021-02-03 13:35:24.912198+00:00;1
2021-02-03 13:38:17.517577+00:00;1
2021-02-03 13:39:34.226659+00:00;1
2021-02-03 13:42:01.746409+00:00;1
2021-02-03 13:49:01.790613+00:00;1
2021-02-03 13:53:58.311141+00:00;1
2021-02-03 14:07:40.031869+00:00;1
2021-02-03 14:09:27.591308+00:00;1
2021-02-03 14:11:51.137166+00:00;1
2021-02-03 14:14:30.521105+00:00;1
2021-02-03 14:16:17.474351+00:00;1
2021-02-04 08:40:10.319454+00:00;1
2021-02-04 09:37:49.115648+00:00;1
2021-02-05 12:57:55.983834+00:00;4
2021-02-08 15:46:43.810769+00:00;1
2021-02-08 15:51:12.895371+00:00;1
2021-02-09 06:37:56.338857+00:00;1
2021-02-09 09:52:28.912433+00:00;2
2021-02-09 10:05:57.364420+00:00;78
2021-02-09 10:11:22.612126+00:00;2
2021-02-09 10:48:31.431308+00:00;43
2021-02-09 11:46:06.531668+00:00;3
2021-02-09 11:57:12.687710+00:00;11
2021-02-09 11:59:37.482514+00:00;9
2021-02-09 12:04:06.775963+00:00;2
2021-02-10 08:57:16.400956+00:00;1
2021-02-10 10:56:56.013289+00:00;2
2021-02-10 11:02:49.568903+00:00;10
2021-02-10 11:31:34.709863+00:00;2
2021-02-10 11:36:58.084016+00:00;13
2021-02-10 12:19:07.960688+00:00;26
2021-02-10 12:37:30.600574+00:00;2
2021-02-10 12:54:53.428652+00:00;2
2021-02-10 13:04:35.139715+00:00;1
2021-02-11 09:57:37.593270+00:00;1
2021-02-11 10:20:31.516977+00:00;3
2021-02-11 10:30:55.113874+00:00;56
2021-02-11 10:35:09.942231+00:00;54
2021-02-11 11:02:38.294444+00:00;2
2021-02-11 12:18:51.714119+00:00;2
2021-02-11 12:24:20.778963+00:00;4
2021-02-11 12:34:58.128565+00:00;2
2021-02-11 12:37:58.114888+00:00;7
2021-02-11 12:48:54.435774+00:00;2
2021-02-11 12:51:11.097760+00:00;1
2021-02-11 13:04:02.344102+00:00;1
2021-02-12 07:02:45.966164+00:00;2
2021-02-12 07:07:56.807605+00:00;2
2021-02-12 07:26:47.393120+00:00;2
2021-02-12 07:28:28.283778+00:00;10
2021-02-15 09:37:47.241313+00:00;1
2021-02-15 10:03:36.698708+00:00;1
2021-02-15 10:38:59.635116+00:00;1
2021-02-15 10:41:46.554918+00:00;1
2021-02-15 10:44:07.998031+00:00;1
2021-02-15 10:46:27.575653+00:00;1
2021-02-15 10:49:49.162570+00:00;1
2021-02-15 10:53:41.874793+00:00;1
2021-02-16 08:23:02.044074+00:00;2
2021-02-16 08:43:04.880847+00:00;2
2021-02-16 09:05:13.166808+00:00;2
2021-02-16 09:09:48.902195+00:00;3
2021-02-16 10:04:00.434462+00:00;2
2021-02-16 10:09:32.711112+00:00;6
2021-02-16 10:37:36.039198+00:00;2
2021-02-16 10:46:34.801089+00:00;22
2021-02-16 12:20:01.226440+00:00;373
2021-02-16 12:22:50.923093+00:00;10
2021-02-16 12:24:08.492525+00:00;2
2021-02-16 12:32:13.388763+00:00;2
2021-02-16 12:41:34.546436+00:00;2
2021-02-18 08:37:26.486013+00:00;2
2021-02-18 08:41:51.799123+00:00;9
2021-02-18 08:58:21.923995+00:00;69
2021-02-18 10:29:38.063348+00:00;1
2021-02-19 08:51:17.442717+00:00;1
2021-02-19 11:14:01.654908+00:00;2
2021-02-19 11:21:06.359534+00:00;3
2021-02-19 11:32:39.436342+00:00;3
2021-02-19 11:36:08.429557+00:00;3
2021-02-19 11:38:59.414229+00:00;1
2021-02-23 06:22:17.272489+00:00;2
2021-02-23 06:31:21.214578+00:00;1
2021-02-23 06:36:49.898755+00:00;1
2021-02-23 10:11:55.346080+00:00;2
2021-02-23 10:16:41.949101+00:00;6
2021-02-23 13:43:19.970679+00:00;25
2021-02-23 13:58:50.915021+00:00;1
2021-02-23 14:04:02.957820+00:00;1
2021-02-23 14:10:18.797639+00:00;5
2021-02-23 14:12:10.638299+00:00;1
2021-02-23 14:13:18.204715+00:00;1
2021-02-23 14:22:39.498955+00:00;2
2021-02-23 14:47:15.028765+00:00;91
2021-02-24 07:10:32.522135+00:00;11
2021-02-24 07:23:52.830894+00:00;30
2021-02-24 07:53:26.079204+00:00;2
2021-02-24 08:47:07.509977+00:00;11
2021-02-24 08:52:57.046184+00:00;2
2021-02-24 08:59:08.042052+00:00;4
2021-02-24 09:53:21.042949+00:00;2
2021-02-24 09:56:50.232248+00:00;1
2021-02-24 10:01:30.598264+00:00;9
2021-02-24 12:53:01.868464+00:00;8
2021-02-24 13:19:56.441401+00:00;11
2021-02-24 14:06:21.914917+00:00;2
2021-02-24 14:11:28.573550+00:00;13
2021-02-25 12:39:39.282848+00:00;2
2021-02-25 12:50:57.768863+00:00;4
2021-02-26 10:06:12.187409+00:00;13
2021-02-26 10:10:37.616665+00:00;23
2021-02-26 10:19:40.333108+00:00;40
2021-02-26 10:29:21.039208+00:00;4
2021-02-26 10:45:03.135452+00:00;42
2021-02-26 10:49:39.762011+00:00;16
2021-02-26 12:10:12.990948+00:00;71
2021-02-26 12:18:11.872700+00:00;3
2021-02-26 12:19:42.527441+00:00;4
2021-02-26 12:32:33.725959+00:00;2
2021-02-26 12:41:07.274036+00:00;8
2021-02-26 12:43:26.841017+00:00;3
2021-02-26 12:54:04.174506+00:00;4
2021-02-26 13:10:07.013127+00:00;2
2021-02-26 13:17:54.127126+00:00;40
2021-02-26 14:17:57.010997+00:00;2
2021-02-26 14:26:42.339705+00:00;5
2021-02-26 14:30:16.509670+00:00;2
2021-02-26 14:38:19.787727+00:00;7
2021-03-01 07:45:40.157380+00:00;1
2021-03-01 13:09:01.012621+00:00;1
2021-03-01 13:10:27.145448+00:00;1
2021-03-01 13:11:07.834976+00:00;1
2021-03-01 13:11:53.328678+00:00;1
2021-03-01 13:12:57.880181+00:00;1
2021-03-01 13:13:37.302687+00:00;1
2021-03-01 13:14:20.204740+00:00;1
2021-03-01 13:15:04.194303+00:00;1
2021-03-01 13:16:23.097144+00:00;1
2021-03-01 13:18:27.808801+00:00;2
2021-03-01 13:19:04.686453+00:00;1
2021-03-01 13:20:16.278907+00:00;1
2021-03-01 13:21:05.199714+00:00;1
2021-03-09 10:50:49.182863+00:00;1
2021-03-09 12:57:00.159224+00:00;2
2021-03-09 12:58:54.168363+00:00;10
2021-03-09 13:07:28.581032+00:00;1
2021-03-10 08:03:11.037182+00:00;2
2021-03-10 08:06:17.766050+00:00;9
2021-03-10 09:38:57.513573+00:00;1
2021-03-10 09:46:36.519164+00:00;7
2021-03-10 09:54:37.901894+00:00;11
2021-03-10 10:00:36.136843+00:00;1
2021-03-10 10:00:58.291591+00:00;1
2021-03-10 10:01:49.560843+00:00;1
2021-03-10 10:02:38.173904+00:00;1
2021-03-10 10:03:29.791540+00:00;1
2021-03-10 10:06:51.380170+00:00;1
2021-03-10 10:14:16.746686+00:00;1
2021-03-10 10:18:59.887003+00:00;1
2021-03-10 10:25:30.732069+00:00;1
2021-03-11 06:46:47.401213+00:00;1
2021-03-11 07:34:42.230745+00:00;1
2021-03-11 07:38:07.691855+00:00;1
2021-03-11 07:43:27.953968+00:00;1
2021-03-11 08:10:17.108670+00:00;1
2021-03-11 08:11:55.089998+00:00;1
2021-03-11 08:22:13.353576+00:00;1
2021-03-11 08:44:47.193288+00:00;1
2021-03-11 08:49:01.953326+00:00;1
2021-03-11 08:51:12.671368+00:00;1
2021-03-11 08:52:35.423586+00:00;1
2021-03-11 08:53:55.891784+00:00;1
2021-03-11 08:55:14.616329+00:00;1
2021-03-11 09:15:42.677090+00:00;1
2021-03-11 09:16:22.655576+00:00;1
2021-03-11 09:19:44.350535+00:00;1
2021-03-11 09:45:07.143432+00:00;1
2021-03-11 10:39:58.616468+00:00;1
2021-03-11 10:43:58.425938+00:00;1
2021-03-11 10:47:49.387375+00:00;1
2021-03-11 10:50:34.752499+00:00;1
2021-03-11 10:56:57.846715+00:00;2
2021-03-11 12:23:38.880908+00:00;1
2021-03-11 12:28:53.744664+00:00;1
2021-03-11 12:31:37.439741+00:00;1
2021-03-11 12:34:19.172990+00:00;1
2021-03-11 12:34:44.956975+00:00;1
2021-03-11 12:39:49.473551+00:00;1
2021-03-11 14:53:36.879085+00:00;1
2021-03-16 08:04:46.757958+00:00;1
2021-03-18 07:39:57.823197+00:00;2
2021-03-18 07:48:11.208430+00:00;65
2021-03-19 12:33:37.428807+00:00;4
2021-03-22 11:38:09.837649+00:00;1
2021-03-22 11:41:23.178432+00:00;1
2021-03-24 08:50:06.273546+00:00;1
2021-03-24 08:58:10.005374+00:00;1
2021-03-24 09:03:51.482217+00:00;1
2021-03-25 08:16:25.313611+00:00;1
2021-03-30 10:24:09.424394+00:00;1
2021-03-30 10:25:42.225007+00:00;1
2021-04-15 05:21:13.678324+00:00;1
2021-04-15 05:27:06.261694+00:00;1
2021-04-15 05:42:59.970298+00:00;1
2021-04-15 06:13:02.506182+00:00;9
2021-04-15 09:18:37.552614+00:00;26
2021-04-15 09:27:29.157895+00:00;39
2021-04-15 09:47:57.867109+00:00;1
2021-04-15 09:57:30.307593+00:00;1
2021-04-15 10:00:19.227794+00:00;1
2021-04-15 11:39:27.556679+00:00;6
2021-04-15 11:46:31.546655+00:00;2
2021-04-15 12:02:04.051357+00:00;4
2021-04-16 05:46:03.202890+00:00;2
2021-04-16 06:48:00.320420+00:00;1
2021-04-16 07:00:35.632607+00:00;1
2021-04-20 07:55:54.390881+00:00;4
2021-04-20 08:06:42.649007+00:00;1
2021-04-21 05:34:25.817437+00:00;3
2021-04-21 06:41:06.731610+00:00;1
2021-04-21 06:48:09.952564+00:00;2
2021-04-21 08:11:31.412095+00:00;2
2021-04-21 08:20:43.225053+00:00;11
2021-04-21 08:35:15.727450+00:00;1
2021-04-21 08:50:38.662649+00:00;5
2021-04-21 09:21:34.804657+00:00;1
2021-04-21 09:53:17.534619+00:00;2
2021-04-21 10:10:30.587606+00:00;2
2021-04-21 11:10:08.012885+00:00;5
2021-04-21 11:17:15.436594+00:00;2
2021-04-21 12:54:02.387360+00:00;15
2021-04-21 13:11:02.073648+00:00;7
2021-04-21 13:16:08.984623+00:00;12
2021-04-21 13:23:04.964644+00:00;1
2021-04-21 13:25:28.821894+00:00;6
2021-04-22 06:26:09.089387+00:00;7
2021-04-22 07:56:29.123149+00:00;2
2021-04-22 07:59:19.431460+00:00;7
2021-04-22 08:00:36.120668+00:00;3
2021-04-22 08:02:33.857495+00:00;4
2021-04-22 08:04:02.458660+00:00;4
2021-04-22 08:05:15.381445+00:00;4
2021-04-22 08:10:06.055178+00:00;19
2021-04-22 08:16:14.487430+00:00;3
2021-04-22 08:21:36.811233+00:00;5
2021-04-22 08:22:23.798445+00:00;1
2021-04-22 08:25:00.126497+00:00;1
2021-04-22 08:38:03.849409+00:00;16
2021-04-22 08:44:22.227326+00:00;2
2021-04-22 08:49:22.636609+00:00;1
2021-04-22 10:03:11.619091+00:00;8
2021-04-22 10:06:44.243694+00:00;6
2021-04-22 10:10:06.326709+00:00;4
2021-04-22 10:15:13.709970+00:00;1
2021-04-22 11:08:17.654448+00:00;1
2021-04-22 11:11:28.712604+00:00;12
2021-04-22 11:21:15.256568+00:00;15
2021-04-22 11:36:47.620651+00:00;4
2021-04-22 11:43:15.755706+00:00;5
2021-04-22 11:51:10.120016+00:00;6
2021-04-22 11:54:16.053135+00:00;7
2021-04-22 12:00:20.010341+00:00;2
2021-04-22 12:06:13.798966+00:00;2
2021-04-22 12:11:44.390621+00:00;10
2021-04-22 12:13:23.574187+00:00;1
2021-04-22 12:16:25.309935+00:00;1
2021-04-23 08:08:33.324446+00:00;49
2021-04-23 08:18:31.888870+00:00;2
2021-04-23 08:22:57.778511+00:00;1
2021-04-23 08:35:20.389984+00:00;11
2021-04-23 08:44:40.054276+00:00;9
2021-04-23 09:28:31.147238+00:00;5
2021-04-23 09:34:57.256175+00:00;16
2021-04-23 09:39:12.102360+00:00;1
2021-04-23 09:51:03.157260+00:00;8
2021-04-23 09:53:22.618064+00:00;6
2021-04-23 09:55:11.274049+00:00;4
2021-04-23 11:04:00.722672+00:00;5
2021-04-23 11:06:33.484207+00:00;8
2021-04-23 11:08:15.292325+00:00;3
2021-04-23 11:09:59.972257+00:00;7
2021-04-23 11:11:34.544935+00:00;4
2021-04-23 11:13:07.138360+00:00;4
2021-04-23 11:16:38.243364+00:00;6
2021-04-23 11:23:20.103897+00:00;4
2021-04-23 11:27:34.329840+00:00;5
2021-04-23 12:53:31.263231+00:00;3
2021-04-23 12:58:17.456459+00:00;5
2021-04-23 13:03:04.513410+00:00;1
2021-04-28 05:46:38.574823+00:00;6
2021-04-28 05:51:43.838564+00:00;5
2021-04-28 05:54:39.115132+00:00;2
2021-04-28 05:58:01.210980+00:00;2
2021-04-28 06:01:35.743546+00:00;1
2021-04-28 06:12:46.981587+00:00;3
2021-04-28 06:52:14.619041+00:00;1
2021-04-28 06:54:27.494443+00:00;1
2021-04-28 07:01:35.874986+00:00;1
2021-04-28 07:05:10.040255+00:00;4
2021-04-28 07:12:19.161903+00:00;9
2021-04-28 07:17:11.383262+00:00;2
2021-04-28 09:05:10.533197+00:00;1
2021-04-28 09:07:05.058596+00:00;4
2021-04-28 09:22:54.632657+00:00;1
2021-04-28 09:29:23.001995+00:00;1
2021-04-28 09:40:41.163115+00:00;10
2021-04-28 09:51:38.913162+00:00;13
2021-04-28 09:55:31.230118+00:00;9
2021-04-29 07:10:24.219898+00:00;1
2021-04-29 07:24:54.497946+00:00;1
2021-04-29 07:34:21.396328+00:00;9
2021-04-29 11:34:11.609515+00:00;5
2021-04-29 11:37:04.987209+00:00;1
2021-04-29 11:40:22.775967+00:00;1
2021-04-29 11:43:53.601130+00:00;5
2021-04-29 11:53:16.168263+00:00;24
2021-04-29 12:10:29.456947+00:00;9
2021-04-29 12:13:47.484083+00:00;4
2021-04-29 12:17:48.543374+00:00;10
2021-04-29 12:19:16.187452+00:00;1
2021-04-29 12:20:13.755432+00:00;2
2021-04-29 12:28:25.340021+00:00;1
2021-04-29 12:36:02.198819+00:00;2
2021-04-29 12:41:51.546861+00:00;1
2021-04-29 12:44:53.514414+00:00;2
2021-04-29 12:48:05.663492+00:00;1
2021-04-29 12:52:43.503306+00:00;1
2021-04-29 13:00:17.880466+00:00;3
2021-04-29 13:03:41.578057+00:00;1
2021-04-30 06:30:13.240687+00:00;5
2021-04-30 06:33:26.678182+00:00;1
2021-04-30 06:35:49.836584+00:00;2
2021-04-30 06:38:32.679266+00:00;1
2021-04-30 06:40:38.424291+00:00;3
2021-04-30 06:43:59.116040+00:00;1
2021-04-30 06:45:06.964867+00:00;1
2021-04-30 06:47:01.057007+00:00;2
2021-04-30 06:48:05.007146+00:00;1
2021-04-30 08:38:48.240585+00:00;2
2021-04-30 08:55:31.223098+00:00;1
2021-04-30 08:57:15.323661+00:00;1
2021-04-30 08:59:38.347091+00:00;1
2021-04-30 09:00:33.310749+00:00;1
2021-04-30 09:01:21.619200+00:00;1
2021-04-30 09:02:03.489141+00:00;1
2021-04-30 09:03:00.429553+00:00;1
2021-04-30 09:20:24.866113+00:00;19
2021-04-30 09:25:18.097557+00:00;1
2021-04-30 09:41:09.490492+00:00;4
2021-04-30 09:47:54.063177+00:00;4
2021-04-30 10:55:22.795324+00:00;7
2021-04-30 10:59:40.114045+00:00;3
2021-04-30 11:03:01.764466+00:00;7
2021-04-30 11:05:36.745022+00:00;1
2021-04-30 11:22:41.645054+00:00;2
2021-05-06 07:41:09.481203+00:00;2
2021-05-06 07:43:11.081637+00:00;4
2021-05-06 07:48:59.258475+00:00;2
2021-05-06 07:53:39.052449+00:00;5
2021-05-06 10:21:57.626640+00:00;2
2021-05-06 10:43:31.301079+00:00;3
2021-05-06 10:51:42.872272+00:00;2
2021-05-06 10:52:58.167771+00:00;5
2021-05-06 11:31:41.216017+00:00;2
2021-05-06 11:45:03.983844+00:00;20
2021-05-06 11:58:45.838851+00:00;3
2021-05-06 12:05:49.181659+00:00;33
2021-05-06 12:46:13.548886+00:00;87
2021-05-06 12:55:37.492989+00:00;2
2021-05-06 13:03:31.639897+00:00;7
2021-05-06 13:07:04.832911+00:00;2
2021-05-06 13:12:21.906232+00:00;3
2021-05-06 13:36:09.891936+00:00;1
2021-05-06 14:06:50.196901+00:00;1
2021-05-06 14:09:13.752622+00:00;1
2021-05-06 14:21:40.310579+00:00;1
2021-05-06 14:25:53.368300+00:00;1
2021-05-06 14:30:36.668713+00:00;1
2021-05-07 05:04:59.300422+00:00;2
2021-05-07 05:08:21.261207+00:00;5
2021-05-07 05:13:11.611964+00:00;2
2021-05-07 05:17:54.275991+00:00;2
2021-05-07 05:21:30.792936+00:00;2
2021-05-07 05:23:48.583970+00:00;2
2021-05-07 05:26:46.636303+00:00;9
2021-05-07 05:33:51.641090+00:00;2
2021-05-07 05:36:01.836119+00:00;32
2021-05-07 05:45:54.634002+00:00;2
2021-05-07 05:48:26.649853+00:00;5
2021-05-07 05:53:33.296059+00:00;2
2021-05-07 06:01:12.672056+00:00;5
2021-05-07 06:08:45.030737+00:00;2
2021-05-07 06:17:00.758332+00:00;35
2021-05-07 11:05:12.491923+00:00;2
2021-05-07 11:11:59.469554+00:00;63
2021-05-07 11:19:30.427351+00:00;2
2021-05-07 11:24:03.835661+00:00;8
2021-05-07 11:38:37.511679+00:00;2
2021-05-07 11:44:12.668496+00:00;4
2021-05-07 11:46:50.057674+00:00;38
2021-05-07 11:56:24.911292+00:00;29
2021-05-07 12:07:33.549098+00:00;2
2021-05-11 06:53:22.420793+00:00;1
2021-05-11 09:07:40.136064+00:00;2
2021-05-11 09:14:51.481763+00:00;18
2021-05-11 09:27:38.958541+00:00;4
2021-05-11 09:34:35.244152+00:00;2
2021-05-11 09:35:51.890729+00:00;6
2021-05-11 09:40:02.951689+00:00;7
2021-05-11 09:45:49.610400+00:00;2
2021-05-11 09:48:05.194790+00:00;12
2021-05-11 09:51:58.044308+00:00;2
2021-05-11 09:54:02.961682+00:00;8
2021-05-11 11:25:37.441464+00:00;2
2021-05-11 11:31:02.908694+00:00;39
2021-05-11 11:37:48.606515+00:00;2
2021-05-11 11:45:43.138428+00:00;14
2021-05-11 12:13:09.521014+00:00;1
2021-05-12 06:16:58.272617+00:00;1
2021-05-12 09:09:47.384265+00:00;15
2021-05-12 09:41:11.081749+00:00;38
2021-05-12 09:46:01.909302+00:00;1
2021-05-12 09:51:44.617771+00:00;1
2021-05-12 10:07:19.956030+00:00;3
2021-05-12 11:36:30.476334+00:00;1
2021-05-12 11:51:30.408670+00:00;2
2021-05-12 11:59:07.479382+00:00;1
2021-05-12 12:04:11.902452+00:00;1
2021-05-12 12:10:18.716295+00:00;1
2021-05-19 06:51:12.833143+00:00;2
2021-05-19 06:57:14.647771+00:00;1
2021-05-19 08:10:35.505501+00:00;2
2021-05-19 08:15:06.367544+00:00;1
2021-05-19 08:17:40.916509+00:00;4
2021-05-19 08:21:24.611337+00:00;1
2021-05-19 08:29:44.573542+00:00;4
2021-05-19 08:33:35.522719+00:00;4
2021-05-19 08:42:45.046069+00:00;2
2021-05-19 08:46:54.379148+00:00;1
2021-05-19 09:04:36.762149+00:00;22
2021-05-19 09:25:11.941370+00:00;3
2021-05-19 09:30:07.422123+00:00;1
2021-05-20 08:10:20.427661+00:00;2
2021-05-20 08:31:13.624989+00:00;19
2021-05-20 09:53:15.294540+00:00;2
2021-05-20 10:00:30.038860+00:00;2
2021-05-20 10:03:13.496932+00:00;23
2021-05-20 10:14:39.718296+00:00;3
2021-05-20 11:00:24.738827+00:00;2
2021-05-20 11:07:22.358613+00:00;35
2021-05-20 11:15:08.424410+00:00;152
2021-05-20 11:25:00.826756+00:00;1
2021-05-20 11:28:01.462642+00:00;2
2021-05-20 11:32:52.379292+00:00;2
2021-05-20 11:36:11.853755+00:00;19
2021-05-20 11:39:06.965727+00:00;2
2021-05-20 11:40:55.107774+00:00;2
2021-05-20 12:00:56.571258+00:00;2
2021-05-20 12:10:29.253227+00:00;1
2021-05-20 12:13:09.195184+00:00;1
2021-05-20 12:52:44.576780+00:00;1
2021-05-20 12:59:33.724823+00:00;15
2021-05-20 13:05:05.562887+00:00;3
2021-05-20 13:14:55.418910+00:00;2
2021-05-20 13:16:24.803577+00:00;1
2021-05-20 13:24:32.479461+00:00;17
2021-05-21 05:47:48.115098+00:00;2
2021-05-21 05:51:59.142472+00:00;11
2021-05-21 05:58:52.112980+00:00;2
2021-05-21 06:03:44.684144+00:00;35
2021-05-21 06:10:18.583270+00:00;2
2021-05-21 06:12:36.691869+00:00;4
2021-05-21 06:15:18.279626+00:00;2
2021-05-21 06:18:09.691266+00:00;12
2021-05-21 07:17:52.068355+00:00;2
2021-05-21 07:22:06.446468+00:00;1
2021-05-25 12:41:50.927740+00:00;2
2021-05-25 12:45:17.112529+00:00;12
2021-05-25 12:50:06.813269+00:00;2
2021-05-25 12:53:38.851365+00:00;1
2021-05-25 12:56:30.657848+00:00;2
2021-05-25 13:02:09.885351+00:00;6
2021-05-25 13:26:49.478915+00:00;2
2021-05-25 13:31:08.835736+00:00;46
2021-05-26 05:25:05.416366+00:00;2
2021-05-26 05:29:49.067258+00:00;17
2021-05-26 05:33:37.721896+00:00;1
2021-05-26 10:18:23.043926+00:00;2
2021-05-26 10:20:33.389781+00:00;12
2021-05-27 08:12:25.212399+00:00;54
2021-05-27 08:17:10.589059+00:00;4
2021-05-27 11:03:59.635082+00:00;1
2021-05-27 11:10:03.976536+00:00;1
2021-05-27 11:11:45.438581+00:00;1
2021-05-27 11:21:08.555491+00:00;1
2021-05-27 12:00:11.262706+00:00;2
2021-05-27 12:02:12.093648+00:00;11
2021-05-27 12:04:25.396556+00:00;2
2021-05-27 12:05:50.019736+00:00;4
2021-05-27 12:44:35.760273+00:00;1
2021-05-27 12:49:40.134245+00:00;2
2021-05-27 12:51:17.691273+00:00;1
2021-05-28 13:01:13.240936+00:00;1
2021-05-28 13:03:04.195349+00:00;1
2021-05-28 13:14:07.997180+00:00;2
2021-05-28 13:17:26.724627+00:00;1
2021-05-31 05:12:47.774607+00:00;1
2021-06-03 06:44:23.123611+00:00;1
2021-06-03 13:59:58.792484+00:00;1
2021-06-15 11:26:35.709838+00:00;11
2021-06-15 11:36:37.218417+00:00;1
2021-06-15 11:49:28.224823+00:00;22
2021-06-15 11:53:08.713716+00:00;6
2021-06-15 11:56:24.203992+00:00;1
2021-06-15 11:59:39.617904+00:00;4
2021-06-15 12:04:20.949779+00:00;6
2021-06-15 12:46:39.112980+00:00;3
2021-06-16 07:52:03.775095+00:00;3
2021-06-16 07:56:26.033670+00:00;1
2021-06-16 07:59:16.991888+00:00;5
2021-06-16 08:12:15.852194+00:00;7
2021-06-16 08:18:15.941898+00:00;1
2021-06-16 12:15:21.137411+00:00;11
2021-06-16 12:17:42.622410+00:00;1
2021-06-16 12:30:30.065076+00:00;8
2021-06-16 12:59:52.624441+00:00;19
2021-06-16 13:15:12.290387+00:00;2
2021-06-16 13:19:50.003989+00:00;2
2021-06-16 13:25:12.816451+00:00;3
2021-06-16 13:27:21.210701+00:00;1
2021-06-16 13:30:58.777360+00:00;1
2021-06-16 13:33:28.370112+00:00;1
2021-06-16 13:42:26.167086+00:00;2
2021-06-17 09:36:45.508775+00:00;6
2021-06-17 12:13:31.994833+00:00;2
2021-06-17 12:24:27.960021+00:00;1
2021-06-17 12:27:58.059313+00:00;8
2021-06-17 12:50:11.932187+00:00;1
2021-06-17 12:57:26.098194+00:00;1
2021-06-17 13:29:51.726278+00:00;1
2021-06-17 13:35:30.113188+00:00;1
2021-06-17 13:41:48.585848+00:00;1
2021-06-18 05:47:42.535868+00:00;1
2021-06-18 05:58:55.389489+00:00;38
2021-06-18 07:12:49.644454+00:00;1
2021-06-18 07:15:55.877703+00:00;2
2021-06-18 07:22:16.307569+00:00;7
2021-06-18 07:38:55.260984+00:00;5
2021-06-18 08:34:03.518672+00:00;7
2021-06-18 08:52:21.388124+00:00;1
2021-06-18 08:57:49.921397+00:00;4
2021-06-18 09:20:03.174977+00:00;3
2021-06-18 09:22:40.492940+00:00;2
2021-06-18 09:26:02.477188+00:00;1
2021-06-18 09:28:32.676659+00:00;1
2021-06-18 11:10:38.444491+00:00;1
2021-06-18 11:21:54.685324+00:00;3
2021-06-18 12:37:34.381158+00:00;1
2021-06-18 12:43:42.613249+00:00;4
2021-06-22 05:25:08.775794+00:00;1
2021-06-22 06:15:46.210876+00:00;2
2021-06-22 07:11:08.178753+00:00;1
2021-06-22 07:16:59.129441+00:00;1
2021-06-22 07:55:06.155997+00:00;1
2021-06-22 08:21:32.004248+00:00;4
2021-06-22 08:30:10.763903+00:00;1
2021-06-22 08:34:01.550069+00:00;1
2021-06-22 08:54:46.367796+00:00;5
2021-06-22 09:13:47.230793+00:00;3
2021-06-22 11:53:10.608278+00:00;2
2021-06-22 11:56:01.969996+00:00;1
2021-06-22 12:04:04.524511+00:00;6
2021-06-22 12:10:20.845524+00:00;3
2021-06-22 12:14:29.261876+00:00;2
2021-06-22 12:21:30.949984+00:00;2
2021-06-22 12:37:22.065756+00:00;5
2021-06-22 12:42:08.388541+00:00;2
2021-06-22 12:47:36.551876+00:00;1
2021-06-22 12:54:27.693508+00:00;1
2021-06-22 13:01:28.152698+00:00;1
2021-06-22 13:07:39.110525+00:00;1
2021-06-22 13:10:33.122371+00:00;2
2021-06-22 13:18:23.411016+00:00;1
2021-06-23 05:57:28.751320+00:00;2
2021-06-23 06:01:34.519282+00:00;4
2021-06-23 06:05:11.537736+00:00;2
2021-06-23 06:10:04.053029+00:00;1
2021-06-23 06:28:36.018060+00:00;1
2021-06-23 06:30:56.532855+00:00;1
2021-06-23 06:38:58.436628+00:00;1
2021-06-23 06:40:27.135142+00:00;1
2021-06-23 06:44:13.938323+00:00;1
2021-06-23 06:46:22.801518+00:00;1
2021-06-23 07:02:10.696665+00:00;1
2021-06-23 07:05:02.626972+00:00;1
2021-06-23 07:07:39.009167+00:00;1
2021-06-23 07:16:04.048508+00:00;2
2021-06-23 07:18:59.414734+00:00;1
2021-06-23 07:24:13.903495+00:00;1
2021-06-23 07:27:15.299718+00:00;1
2021-06-23 08:17:48.817515+00:00;1
2021-06-23 08:20:24.521912+00:00;1
2021-06-23 08:25:05.726970+00:00;6
2021-06-23 08:50:16.227059+00:00;1
2021-06-23 09:10:37.259122+00:00;1
2021-06-23 09:17:20.946705+00:00;1
2021-06-23 09:20:06.995382+00:00;1
2021-06-23 09:23:04.005315+00:00;1
2021-06-23 09:25:57.385176+00:00;1
2021-06-23 09:34:52.425003+00:00;1
2021-06-23 09:41:41.764950+00:00;1
2021-06-23 10:46:10.141081+00:00;2
2021-06-23 10:53:34.288223+00:00;2
2021-06-23 10:56:28.904590+00:00;1
2021-06-23 10:59:04.182756+00:00;1
2021-06-23 11:02:56.560254+00:00;3
2021-06-23 11:07:22.689186+00:00;2
2021-06-23 11:11:30.850468+00:00;3
2021-06-23 11:17:34.766997+00:00;1
2021-06-23 11:47:04.915915+00:00;2
2021-06-23 11:49:32.517533+00:00;1
2021-06-23 14:09:13.860564+00:00;2
2021-06-24 10:46:30.689504+00:00;1
2021-06-24 10:50:42.325684+00:00;1
2021-06-24 12:48:14.633483+00:00;1
2021-06-24 12:51:22.165556+00:00;1
2021-06-24 13:00:37.063612+00:00;6
2021-06-25 06:21:25.406280+00:00;1
2021-06-25 06:26:04.363348+00:00;1
2021-06-25 06:37:09.188650+00:00;5
2021-06-25 06:47:57.594237+00:00;1
2021-06-25 06:50:13.943195+00:00;2
2021-06-25 06:53:38.830280+00:00;3
2021-06-25 08:19:29.868634+00:00;5
2021-06-25 08:23:13.178704+00:00;9
2021-06-25 08:25:32.441028+00:00;2
2021-06-25 08:29:36.320509+00:00;1
2021-06-25 08:33:45.363507+00:00;1
2021-06-25 08:39:22.060283+00:00;8
2021-06-25 08:43:58.258338+00:00;6
2021-06-25 09:11:21.079597+00:00;17
2021-06-25 09:20:22.718155+00:00;1
2021-06-25 09:23:26.974231+00:00;9
2021-06-25 09:26:44.167941+00:00;1
2021-06-25 09:32:55.405140+00:00;4
2021-06-25 09:36:46.357147+00:00;2
2021-06-25 09:46:43.705433+00:00;4
2021-06-25 09:50:39.022911+00:00;4
2021-06-25 09:54:57.076388+00:00;3
2021-06-25 10:56:58.843420+00:00;1
2021-06-25 11:02:39.140514+00:00;4
2021-06-25 11:08:41.970233+00:00;10
2021-06-25 11:30:25.879193+00:00;1
2021-06-25 13:29:30.963352+00:00;9
2021-06-29 05:45:01.224155+00:00;1
2021-06-29 05:48:10.023994+00:00;1
2021-06-29 05:51:28.789015+00:00;1
2021-06-29 05:54:04.251525+00:00;1
2021-06-29 05:57:01.293550+00:00;1
2021-06-29 06:52:56.742404+00:00;1
2021-06-29 06:55:28.591833+00:00;1
2021-06-29 06:57:44.466675+00:00;1
2021-06-29 07:00:05.709911+00:00;1
2021-06-29 07:07:53.261395+00:00;1
2021-06-29 07:11:59.060081+00:00;1
2021-06-29 07:14:56.779077+00:00;3
2021-06-29 08:32:27.217374+00:00;1
2021-06-29 08:39:51.774210+00:00;2
2021-06-29 08:42:39.284359+00:00;1
2021-06-29 10:33:02.841309+00:00;3
2021-06-29 11:35:23.189756+00:00;2
2021-06-29 11:38:01.638730+00:00;3
2021-06-29 11:39:52.977546+00:00;1
2021-06-29 11:41:01.920576+00:00;1
2021-06-29 11:41:50.016896+00:00;1
2021-06-29 11:45:45.650856+00:00;1
2021-06-29 11:53:35.952062+00:00;1
2021-06-29 11:55:44.345223+00:00;1
2021-06-29 12:50:47.322968+00:00;1
2021-06-29 12:53:13.093227+00:00;1
2021-06-29 12:55:40.849219+00:00;5
2021-06-29 12:57:29.417300+00:00;1
2021-06-29 12:59:21.558196+00:00;2
2021-06-29 13:02:21.596730+00:00;1
2021-06-29 13:17:30.353033+00:00;1
2021-06-29 13:18:44.169731+00:00;2
2021-06-29 13:19:34.887234+00:00;1
2021-06-29 13:21:22.847518+00:00;1
2021-06-29 13:40:36.471169+00:00;1
2021-06-29 13:41:26.519101+00:00;1
2021-06-29 13:42:12.901354+00:00;1
2021-06-29 13:43:18.761460+00:00;3
2021-06-29 13:57:37.284851+00:00;1
2021-06-29 13:58:20.624690+00:00;1
2021-06-29 14:00:17.466914+00:00;2
2021-06-29 14:01:44.136671+00:00;1
2021-06-29 14:02:49.915253+00:00;2
2021-06-30 05:44:10.451428+00:00;1
2021-06-30 05:44:54.792935+00:00;1
2021-06-30 05:46:20.073626+00:00;1
2021-06-30 05:46:59.912567+00:00;1
2021-06-30 05:47:35.410899+00:00;1
2021-06-30 05:48:13.164875+00:00;1
2021-06-30 05:49:40.658018+00:00;1
2021-06-30 05:51:49.368252+00:00;1
2021-06-30 05:53:36.152120+00:00;1
2021-06-30 05:54:30.716065+00:00;1
2021-06-30 05:55:12.479453+00:00;1
2021-06-30 05:55:47.426337+00:00;1
2021-06-30 05:56:23.875838+00:00;1
2021-06-30 05:57:20.742336+00:00;2
2021-06-30 05:58:42.665312+00:00;1
2021-06-30 06:33:26.900208+00:00;3
2021-06-30 06:35:17.788665+00:00;1
2021-06-30 06:36:31.685541+00:00;1
2021-06-30 06:38:05.270665+00:00;1
2021-06-30 06:40:12.399913+00:00;1
2021-06-30 06:42:19.663480+00:00;1
2021-06-30 06:43:07.978890+00:00;1
2021-06-30 06:45:30.290385+00:00;1
2021-06-30 06:46:59.241105+00:00;1
2021-06-30 06:49:46.866631+00:00;1
2021-06-30 06:52:26.614238+00:00;1
2021-06-30 06:54:28.303749+00:00;1
2021-06-30 06:59:57.202048+00:00;1
2021-06-30 07:03:45.362509+00:00;1
2021-06-30 07:11:54.776287+00:00;1
2021-06-30 07:15:44.261655+00:00;1
2021-06-30 07:19:19.973827+00:00;1
2021-06-30 07:26:27.090051+00:00;1
2021-06-30 07:28:31.731306+00:00;2
2021-06-30 07:31:16.049486+00:00;2
2021-06-30 07:36:39.987273+00:00;1
2021-06-30 08:31:31.029704+00:00;2
2021-06-30 08:33:48.188681+00:00;3
2021-06-30 08:39:43.867157+00:00;2
2021-06-30 08:46:35.152204+00:00;1
2021-06-30 08:49:46.700892+00:00;1
2021-06-30 08:52:48.965914+00:00;1
2021-06-30 08:56:44.392032+00:00;1
2021-06-30 08:59:48.745453+00:00;1
2021-06-30 09:02:44.968061+00:00;1
2021-06-30 09:31:17.688367+00:00;1
2021-06-30 09:33:53.665322+00:00;1
2021-06-30 09:36:01.236557+00:00;1
2021-06-30 09:38:36.521264+00:00;2
2021-06-30 09:40:14.250960+00:00;1
2021-06-30 09:42:10.273688+00:00;1
2021-06-30 09:43:45.488060+00:00;1
2021-06-30 09:45:48.463407+00:00;1
2021-06-30 09:47:12.431666+00:00;1
2021-06-30 09:50:07.797622+00:00;1
2021-06-30 09:55:06.508813+00:00;1
2021-06-30 09:58:51.999564+00:00;1
2021-06-30 10:03:41.014919+00:00;1
2021-06-30 11:23:57.436941+00:00;7
2021-06-30 11:29:15.764749+00:00;4
2021-06-30 11:32:10.403104+00:00;1
2021-06-30 11:35:46.372457+00:00;1
2021-06-30 11:38:46.217129+00:00;1
2021-06-30 11:41:52.397531+00:00;1
2021-06-30 11:44:36.269862+00:00;1
2021-06-30 11:57:28.782150+00:00;16
2021-06-30 13:36:25.976945+00:00;1
2021-06-30 13:40:31.175315+00:00;1
2021-06-30 13:45:50.448358+00:00;3
2021-06-30 13:57:30.428671+00:00;1
2021-06-30 14:05:18.968905+00:00;1
2021-06-30 14:06:54.419679+00:00;1
2021-06-30 14:09:08.235094+00:00;1
2021-06-30 14:14:24.470019+00:00;1
2021-06-30 14:18:46.628108+00:00;1
2021-06-30 14:26:33.650691+00:00;1
2021-06-30 14:30:52.028694+00:00;1
2021-07-01 05:58:28.707061+00:00;1
2021-07-01 06:17:56.471928+00:00;1
2021-07-01 06:29:25.152810+00:00;1
2021-07-01 06:40:31.592424+00:00;1
2021-07-01 06:46:52.406119+00:00;2
2021-07-01 07:14:59.250641+00:00;1
2021-07-01 07:28:18.104615+00:00;8
2021-07-01 08:33:21.383801+00:00;1
2021-07-01 08:46:07.739859+00:00;1
2021-07-01 08:51:08.108365+00:00;1
2021-07-01 09:01:40.361340+00:00;1
2021-07-01 09:09:05.610348+00:00;2
2021-07-01 09:13:18.593469+00:00;1
2021-07-01 09:17:53.456415+00:00;3
2021-07-01 09:24:11.171151+00:00;11
2021-07-01 09:29:04.879121+00:00;1
2021-07-01 09:34:10.111777+00:00;1
2021-07-02 05:21:13.661895+00:00;1
2021-07-02 05:25:13.667707+00:00;4
2021-07-02 05:28:10.149546+00:00;1
2021-07-02 05:33:10.229299+00:00;3
2021-07-02 05:37:14.119884+00:00;3
2021-07-02 05:40:37.512898+00:00;1
2021-07-02 05:44:38.482884+00:00;2
2021-07-02 05:47:52.007616+00:00;4
2021-07-02 05:52:43.931418+00:00;9
2021-07-02 05:56:10.468688+00:00;5
2021-07-02 06:00:52.631292+00:00;4
2021-07-02 06:47:19.518743+00:00;3
2021-07-02 09:05:04.491686+00:00;2
2021-07-02 09:10:31.767777+00:00;4
2021-07-02 09:16:24.304910+00:00;2
2021-07-02 09:22:23.840839+00:00;3
2021-07-02 12:05:16.588358+00:00;2
2021-07-02 12:14:19.266561+00:00;1
2021-07-02 12:20:05.878663+00:00;1
2021-07-02 12:36:33.024645+00:00;1
2021-07-02 12:37:30.210057+00:00;1
2021-07-02 12:39:23.326597+00:00;1
2021-07-02 12:41:00.263680+00:00;1
2021-07-02 12:45:32.383016+00:00;1
2021-07-02 12:46:28.180120+00:00;1
2021-07-02 12:47:43.517405+00:00;1
2021-07-02 12:48:36.028135+00:00;1
2021-07-02 12:51:00.779841+00:00;1
2021-07-02 12:53:43.003571+00:00;1
2021-07-02 12:59:37.198822+00:00;9
2021-07-05 12:31:02.902376+00:00;23
2021-07-06 11:15:31.456279+00:00;1
2021-07-06 13:21:05.731903+00:00;1
2021-07-06 13:32:21.289478+00:00;1
2021-07-07 05:24:55.660629+00:00;7
2021-07-07 05:30:05.357360+00:00;1
2021-07-07 05:34:19.919731+00:00;1
2021-07-07 05:38:40.693784+00:00;1
2021-07-07 06:46:51.383845+00:00;1
2021-07-07 06:53:04.660276+00:00;1
2021-07-07 07:11:53.823041+00:00;3
2021-07-07 07:16:20.763965+00:00;1
2021-07-07 07:20:40.650210+00:00;1
2021-07-07 07:23:23.816497+00:00;1
2021-07-07 07:23:56.576099+00:00;1
2021-07-07 07:38:56.203480+00:00;1
2021-07-07 08:50:11.394829+00:00;1
2021-07-07 08:55:03.072994+00:00;1
2021-07-07 09:14:09.828720+00:00;1
2021-07-07 09:15:41.112286+00:00;1
2021-07-07 09:21:56.232180+00:00;1
2021-07-07 09:25:16.176379+00:00;1
2021-07-07 09:27:35.945700+00:00;2
2021-07-07 09:31:24.758401+00:00;2
2021-07-07 09:39:47.770083+00:00;35
2021-07-07 09:48:14.650697+00:00;1
2021-07-07 09:50:29.779904+00:00;1
2021-07-07 09:54:58.758678+00:00;1
2021-07-08 05:30:20.026111+00:00;1
2021-07-08 05:33:27.181337+00:00;1
2021-07-08 05:35:09.646352+00:00;1
2021-07-08 05:36:09.162676+00:00;1
2021-07-08 05:37:29.038237+00:00;1
2021-07-08 05:54:20.010639+00:00;1
2021-07-08 05:55:14.482969+00:00;1
2021-07-08 05:56:10.502279+00:00;1
2021-07-08 05:56:55.285580+00:00;1
2021-07-08 05:57:46.724182+00:00;1
2021-07-08 05:58:29.647324+00:00;1
2021-07-08 05:59:11.964931+00:00;1
2021-07-08 05:59:50.553446+00:00;1
2021-07-08 06:00:29.141319+00:00;1
2021-07-08 06:01:30.643100+00:00;1
2021-07-08 06:43:30.572809+00:00;1
2021-07-08 06:46:15.689515+00:00;1
2021-07-08 06:48:48.573068+00:00;1
2021-07-08 06:55:55.217831+00:00;1
2021-07-08 07:04:25.620073+00:00;1
2021-07-08 07:06:05.903953+00:00;1
2021-07-08 07:09:37.375864+00:00;1
2021-07-08 09:27:57.636196+00:00;1
2021-07-08 09:37:10.623971+00:00;11
2021-07-08 09:59:30.805676+00:00;18
2021-07-08 10:01:26.210323+00:00;2
2021-07-08 10:19:44.387504+00:00;6
2021-07-08 10:54:10.943899+00:00;7
2021-07-08 11:13:41.197346+00:00;12
2021-07-08 11:26:58.158249+00:00;1
2021-07-08 11:30:43.625598+00:00;1
2021-07-08 11:35:00.633400+00:00;2
2021-07-08 11:39:00.972671+00:00;1
2021-07-08 11:43:37.408878+00:00;1
2021-07-08 11:51:25.671326+00:00;4
2021-07-08 12:34:35.181718+00:00;1
2021-07-08 12:37:05.343006+00:00;1
2021-07-08 13:53:45.688847+00:00;1
2021-07-09 05:27:14.202837+00:00;1
2021-07-09 05:34:28.500945+00:00;1
2021-07-09 05:49:21.041512+00:00;1
2021-07-09 05:57:43.909273+00:00;1
2021-07-09 06:03:23.420658+00:00;1
2021-07-09 06:20:37.590818+00:00;1
2021-07-09 06:23:58.209408+00:00;1
2021-07-09 06:39:46.991226+00:00;1
2021-07-09 07:38:39.002756+00:00;1
2021-07-09 07:42:34.160536+00:00;1
2021-07-09 07:45:53.824325+00:00;1
2021-07-09 07:49:00.015715+00:00;1
2021-07-09 08:12:24.750414+00:00;1
2021-07-09 08:31:05.036785+00:00;1
2021-07-09 08:46:41.396638+00:00;3
2021-07-09 09:08:22.330454+00:00;1
2021-07-09 09:15:10.497287+00:00;1
2021-07-09 09:24:00.386065+00:00;1
2021-07-09 09:33:05.134901+00:00;1
2021-07-09 11:13:36.342857+00:00;1
2021-07-09 11:18:07.332878+00:00;2
2021-07-09 11:22:56.609459+00:00;1
2021-07-09 11:28:47.878532+00:00;1
2021-07-09 11:33:18.963094+00:00;1
2021-07-09 12:36:29.882812+00:00;1
2021-07-09 12:45:53.450170+00:00;2
2021-07-12 13:31:23.001573+00:00;1
2021-07-13 13:22:21.118797+00:00;1
2021-07-13 13:26:37.090738+00:00;1
2021-07-13 13:30:01.455945+00:00;1
2021-07-13 13:34:26.912307+00:00;1
2021-07-13 13:37:06.078896+00:00;1
2021-07-13 13:40:55.796714+00:00;1
2021-07-13 13:45:23.053740+00:00;1
2021-07-13 13:48:53.826590+00:00;1
2021-07-13 13:53:54.985464+00:00;1
2021-07-14 04:47:10.583883+00:00;1
2021-07-14 04:55:05.303361+00:00;1
2021-07-14 04:59:22.295229+00:00;1
2021-07-14 05:04:44.141326+00:00;1
2021-07-14 05:08:31.790334+00:00;1
2021-07-14 05:12:21.300670+00:00;1
2021-07-14 05:25:33.857228+00:00;1
2021-07-14 05:28:29.154311+00:00;1
2021-07-14 05:40:01.128608+00:00;2
2021-07-14 06:15:33.821038+00:00;1
2021-07-14 07:00:52.563750+00:00;2
2021-07-14 07:21:06.208230+00:00;1
2021-07-14 08:10:42.456702+00:00;1
2021-07-14 08:23:38.621772+00:00;1
2021-07-14 08:29:51.591752+00:00;2
2021-07-14 09:11:07.836104+00:00;1
2021-07-14 09:16:30.068399+00:00;1
2021-07-14 09:55:43.019331+00:00;4
2021-07-14 10:03:32.405806+00:00;3
2021-07-14 10:11:09.228718+00:00;2
2021-07-14 11:05:37.288684+00:00;2
2021-07-14 11:44:38.088251+00:00;1
2021-07-14 11:48:49.303811+00:00;1
2021-07-14 11:53:15.224076+00:00;4
2021-07-14 12:09:18.234021+00:00;2
2021-07-14 12:13:45.316891+00:00;4
2021-07-14 12:17:45.100264+00:00;2
2021-07-15 05:57:36.084456+00:00;4
2021-07-15 06:01:08.434398+00:00;1
2021-07-15 06:04:09.041053+00:00;7
2021-07-15 06:59:36.332854+00:00;1
2021-07-15 11:32:36.885582+00:00;1
2021-07-15 11:43:43.244800+00:00;1
2021-07-16 07:49:07.708512+00:00;1
2021-07-16 08:02:54.122331+00:00;1
2021-07-16 08:13:53.117552+00:00;18
2021-07-16 08:32:12.874036+00:00;1
2021-07-16 08:38:46.717170+00:00;4
2021-07-16 08:50:24.144468+00:00;2
2021-07-16 08:57:40.926435+00:00;1
2021-07-16 09:04:43.440443+00:00;1
2021-07-16 12:42:22.333172+00:00;1
2021-07-16 12:47:47.957910+00:00;1
2021-07-16 13:03:50.348543+00:00;1
2021-07-16 13:07:32.778170+00:00;1
2021-07-20 05:45:07.673512+00:00;1
2021-07-20 05:49:30.084813+00:00;2
2021-07-20 06:11:25.144856+00:00;1
2021-07-20 06:24:38.340281+00:00;1
2021-07-20 06:29:39.282448+00:00;3
2021-07-20 06:34:05.572887+00:00;1
2021-07-20 07:18:00.792231+00:00;1
2021-07-20 07:27:01.796119+00:00;9
2021-07-20 08:25:52.692243+00:00;1
2021-07-20 08:38:35.770749+00:00;3
2021-07-20 09:14:11.035012+00:00;26
2021-07-20 09:15:16.799342+00:00;1
2021-07-20 12:59:23.876237+00:00;4
2021-07-20 13:04:15.767635+00:00;1
2021-07-21 05:50:56.949398+00:00;3
2021-07-21 05:59:05.396874+00:00;13
2021-07-21 06:08:19.109812+00:00;6
2021-07-21 06:42:17.314979+00:00;1
2021-07-21 06:44:50.134584+00:00;1
2021-07-21 06:47:09.394046+00:00;1
2021-07-21 06:49:34.166729+00:00;1
2021-07-21 07:05:40.594479+00:00;1
2021-07-21 07:14:05.948462+00:00;1
2021-07-21 07:44:47.077465+00:00;1
2021-07-21 07:59:51.445668+00:00;4
2021-07-21 11:06:49.628218+00:00;1
2021-07-21 11:44:57.808012+00:00;5
2021-07-21 11:55:19.944146+00:00;1
2021-07-21 12:58:02.510719+00:00;8
2021-07-21 13:32:03.249437+00:00;5
2021-07-22 05:42:24.012951+00:00;1
2021-07-22 06:06:02.470800+00:00;1
2021-07-22 06:10:07.541305+00:00;1
2021-07-22 06:41:53.868094+00:00;1
2021-07-22 07:03:41.709392+00:00;1
2021-07-22 07:08:44.373900+00:00;2
2021-07-22 08:01:19.285364+00:00;1
2021-07-22 08:08:49.064409+00:00;2
2021-07-22 08:24:12.620107+00:00;6
2021-07-22 08:34:49.516290+00:00;3
2021-07-22 08:44:24.623573+00:00;1
2021-07-22 08:53:42.907315+00:00;24
2021-07-22 09:12:42.726035+00:00;1
2021-07-22 09:34:39.667270+00:00;5
2021-07-22 09:45:29.997390+00:00;2
2021-07-22 11:02:10.533151+00:00;3
2021-07-22 11:13:36.983826+00:00;2
2021-07-22 11:18:06.277869+00:00;3
2021-07-22 11:22:47.933659+00:00;1
2021-07-27 06:39:59.755707+00:00;3
2021-07-27 06:46:53.628435+00:00;5
2021-07-27 06:52:43.270689+00:00;7
2021-07-27 06:57:32.900199+00:00;1
2021-07-27 07:02:50.942536+00:00;1
2021-07-27 09:30:16.447774+00:00;1
2021-07-27 10:03:59.658382+00:00;11
2021-07-27 10:55:56.984588+00:00;5
2021-07-27 10:59:57.696862+00:00;5
2021-07-27 11:09:51.577413+00:00;3
2021-07-27 11:13:51.365756+00:00;16
2021-07-27 11:35:21.090663+00:00;1
2021-07-27 11:57:46.173239+00:00;4
2021-07-27 12:04:33.251311+00:00;1
2021-07-27 12:08:12.752785+00:00;1
2021-07-27 12:43:37.863866+00:00;1
2021-07-27 12:48:17.166820+00:00;1
2021-07-27 12:57:39.191506+00:00;3
2021-07-27 13:05:35.952323+00:00;1
2021-07-27 13:09:31.745957+00:00;1
2021-07-27 13:17:14.852365+00:00;1
2021-07-27 13:21:00.723967+00:00;2
2021-07-27 13:39:54.220634+00:00;1
2021-07-27 13:43:48.718178+00:00;1
2021-07-27 13:54:25.680811+00:00;1
2021-07-27 13:56:55.953975+00:00;1
2021-07-28 05:17:36.761686+00:00;1
2021-07-28 05:22:26.824810+00:00;2
2021-07-28 05:25:41.865743+00:00;2
2021-07-28 05:28:15.264197+00:00;3
2021-07-28 05:31:52.435292+00:00;1
2021-07-28 05:37:20.599630+00:00;1
2021-07-28 05:48:50.233361+00:00;10
2021-07-28 05:52:17.025596+00:00;1
2021-07-28 05:54:30.505484+00:00;1
2021-07-28 05:55:11.578220+00:00;1
2021-07-28 05:55:47.792600+00:00;1
2021-07-28 05:59:09.114663+00:00;2
2021-07-28 06:08:17.056077+00:00;3
2021-07-28 06:43:41.269503+00:00;2
2021-07-28 06:59:53.821497+00:00;3
2021-07-28 07:02:48.003262+00:00;3
2021-07-28 07:04:38.394626+00:00;7
2021-07-28 07:09:44.140290+00:00;11
2021-07-28 07:12:07.970773+00:00;7
2021-07-28 07:15:24.295609+00:00;2
2021-07-28 07:28:06.098409+00:00;65
2021-07-28 07:44:35.548786+00:00;1
2021-07-28 07:53:04.413000+00:00;1
2021-07-28 07:56:02.013455+00:00;1
2021-07-28 08:05:07.173504+00:00;30
2021-07-28 08:16:31.016840+00:00;149
2021-07-28 09:25:51.433992+00:00;1
2021-07-28 09:31:49.637172+00:00;56
2021-07-28 10:00:47.066032+00:00;5
2021-07-28 10:25:39.702440+00:00;49
2021-07-28 11:00:11.444794+00:00;3
2021-07-28 11:04:24.983943+00:00;1
2021-07-28 11:08:09.150022+00:00;14
2021-07-28 11:13:48.742727+00:00;58
2021-07-28 11:44:57.697442+00:00;1
2021-07-28 11:47:52.267022+00:00;8
2021-07-28 11:49:36.065003+00:00;5
2021-07-28 11:54:24.450595+00:00;1
2021-07-28 12:00:08.675572+00:00;8
2021-07-28 12:02:40.213735+00:00;11
2021-07-28 12:10:02.495776+00:00;5
2021-07-28 12:12:46.103207+00:00;10
2021-07-28 12:19:56.107837+00:00;9
2021-07-28 12:33:31.602182+00:00;11
2021-07-28 12:37:08.993692+00:00;1
2021-07-28 12:42:35.241071+00:00;5
2021-07-28 12:45:00.242905+00:00;1
2021-07-28 12:47:12.238210+00:00;3
2021-07-28 12:49:16.690579+00:00;4
2021-07-28 12:55:22.967931+00:00;1
2021-07-28 13:01:56.598768+00:00;5
2021-07-28 13:07:39.077169+00:00;1
2021-07-28 13:12:36.744787+00:00;3
2021-07-28 13:21:06.496303+00:00;3
2021-07-29 05:19:33.048437+00:00;10
2021-07-29 05:21:26.711740+00:00;3
2021-07-29 05:23:36.218034+00:00;9
2021-07-29 05:26:37.572019+00:00;3
2021-07-29 05:28:24.276015+00:00;3
2021-07-29 05:30:47.316032+00:00;2
2021-07-29 05:43:13.494634+00:00;2
2021-07-29 05:54:09.531217+00:00;5
2021-07-29 06:00:16.968684+00:00;4
2021-07-29 06:02:18.523445+00:00;2
2021-07-29 06:03:32.702225+00:00;1
2021-07-29 06:06:52.070690+00:00;1
2021-07-29 06:09:49.144284+00:00;5
2021-07-29 06:24:41.422827+00:00;2
2021-07-29 06:31:22.211301+00:00;2
2021-07-29 06:34:40.492695+00:00;3
2021-07-29 06:48:07.088335+00:00;2
2021-07-29 06:54:46.084005+00:00;1
2021-07-29 07:00:14.765004+00:00;1
2021-07-29 07:05:21.327046+00:00;2
2021-07-29 07:20:10.864790+00:00;1
2021-07-29 07:25:17.444309+00:00;20
2021-07-29 08:19:19.150434+00:00;5
2021-07-29 08:21:16.626681+00:00;1
2021-07-29 08:24:03.997235+00:00;3
2021-07-29 08:25:33.407122+00:00;2
2021-07-29 08:27:44.903529+00:00;3
2021-07-29 08:30:16.900611+00:00;1
2021-07-29 08:31:30.130248+00:00;4
2021-07-29 08:42:32.304691+00:00;3
2021-07-29 08:44:07.254400+00:00;3
2021-07-29 08:45:24.275306+00:00;3
2021-07-29 08:47:01.813573+00:00;1
2021-07-29 08:51:08.090996+00:00;15
2021-07-29 08:54:11.934225+00:00;14
2021-07-29 08:58:21.889889+00:00;28
2021-07-29 09:00:09.432039+00:00;1
2021-07-29 09:03:39.278163+00:00;11
2021-07-29 09:05:29.996503+00:00;5
2021-07-29 09:06:41.510669+00:00;2
2021-07-29 09:09:23.748557+00:00;1
2021-07-29 09:14:45.694286+00:00;3
2021-07-29 09:16:48.671373+00:00;8
2021-07-29 09:18:24.861889+00:00;4
2021-07-29 09:20:16.159938+00:00;6
2021-07-29 09:21:41.148103+00:00;2
2021-07-29 09:23:06.961863+00:00;3
2021-07-29 09:27:54.438536+00:00;2
2021-07-29 09:29:11.243332+00:00;1
2021-07-29 09:30:27.628733+00:00;4
2021-07-29 09:32:21.983930+00:00;1
2021-07-29 09:34:45.945541+00:00;7
2021-07-29 09:37:02.231751+00:00;5
2021-07-29 09:41:04.837944+00:00;22
2021-07-29 09:44:06.147217+00:00;1
2021-07-29 09:45:19.450866+00:00;2
2021-07-29 09:46:54.392093+00:00;3
2021-07-29 09:48:09.238656+00:00;2
2021-07-29 09:53:33.300924+00:00;50
2021-07-29 09:56:16.046280+00:00;4
2021-07-29 09:58:57.337299+00:00;15
2021-07-29 10:03:46.374153+00:00;12
2021-07-29 10:05:46.596721+00:00;11
2021-07-29 10:07:59.731254+00:00;9
2021-07-29 10:09:17.266200+00:00;1
2021-07-29 10:10:40.089659+00:00;1
2021-07-29 10:12:05.208305+00:00;1
2021-07-29 10:13:22.769828+00:00;3
2021-07-29 10:19:52.004312+00:00;4
2021-07-29 10:50:42.268203+00:00;1
2021-07-29 10:55:01.500521+00:00;1
2021-07-29 10:58:11.181228+00:00;1
2021-07-29 11:03:10.255776+00:00;1
2021-07-29 11:06:28.846168+00:00;1
2021-07-29 11:10:18.287651+00:00;2
2021-07-29 11:12:59.645514+00:00;6
2021-07-29 11:17:44.735909+00:00;17
2021-07-29 11:21:09.694964+00:00;5
2021-07-29 11:24:12.213250+00:00;1
2021-07-30 05:57:17.355666+00:00;1
2021-07-30 06:04:07.756389+00:00;2
2021-07-30 06:10:41.140494+00:00;1
2021-07-30 06:14:35.779931+00:00;1
2021-07-30 06:18:58.369811+00:00;1
2021-07-30 06:23:03.777886+00:00;1
2021-07-30 06:33:01.012118+00:00;6
2021-07-30 06:58:19.447209+00:00;2
2021-07-30 07:33:25.402604+00:00;1
2021-07-30 07:38:26.271830+00:00;2
2021-07-30 07:53:28.530436+00:00;7
2021-07-30 07:59:43.660306+00:00;1
2021-07-30 08:05:33.976120+00:00;10
2021-07-30 08:10:33.876206+00:00;7
2021-07-30 08:14:25.270536+00:00;1
2021-07-30 08:18:24.195673+00:00;1
2021-07-30 08:26:41.792969+00:00;5
2021-07-30 08:34:55.020732+00:00;24
2021-07-30 09:38:56.699533+00:00;3
2021-07-30 09:44:56.620970+00:00;3
2021-07-30 09:51:12.250255+00:00;9
2021-07-30 09:56:46.568176+00:00;1
2021-07-30 10:01:33.426862+00:00;1
2021-07-30 10:05:44.473596+00:00;1
2021-08-03 05:06:47.945605+00:00;1
2021-08-03 05:15:20.342856+00:00;1
2021-08-03 09:10:57.349211+00:00;8
2021-08-03 09:13:00.675871+00:00;1
2021-08-03 09:15:02.926103+00:00;2
2021-08-03 09:28:14.852195+00:00;1
2021-08-03 09:32:01.534364+00:00;3
2021-08-03 09:33:19.992268+00:00;1
2021-08-03 09:34:33.516766+00:00;1
2021-08-03 09:35:51.465055+00:00;1
2021-08-03 09:37:39.982431+00:00;2
2021-08-03 09:38:50.370697+00:00;1
2021-08-03 09:39:58.853757+00:00;1
2021-08-03 09:41:29.409276+00:00;1
2021-08-03 09:43:34.153421+00:00;1
2021-08-03 09:44:58.799361+00:00;1
2021-08-03 09:46:47.497922+00:00;4
2021-08-03 09:48:12.151162+00:00;1
2021-08-03 09:49:25.273134+00:00;1
2021-08-03 09:50:45.744601+00:00;2
2021-08-03 11:17:45.056847+00:00;1
2021-08-03 11:26:14.025524+00:00;1
2021-08-03 11:27:21.253812+00:00;1
2021-08-03 11:30:00.765431+00:00;1
2021-08-03 11:31:12.925262+00:00;1
2021-08-03 11:33:35.763973+00:00;5
2021-08-03 11:35:05.832302+00:00;3
2021-08-03 11:36:18.929591+00:00;3
2021-08-03 11:37:42.659412+00:00;2
2021-08-03 11:38:46.511382+00:00;3
2021-08-03 11:40:01.458566+00:00;2
2021-08-03 11:41:13.293744+00:00;1
2021-08-03 11:48:32.978071+00:00;3
2021-08-03 11:50:09.583168+00:00;1
2021-08-03 11:51:22.255293+00:00;3
2021-08-03 11:52:32.904005+00:00;1
2021-08-03 11:57:10.611140+00:00;6
2021-08-03 11:59:45.188508+00:00;1
2021-08-03 12:05:50.778526+00:00;4
2021-08-03 12:08:17.357405+00:00;4
2021-08-03 12:11:01.543664+00:00;1
2021-08-03 12:12:43.171302+00:00;1
2021-08-03 12:15:03.545615+00:00;2
2021-08-03 13:12:06.335568+00:00;1
2021-08-04 07:21:26.780994+00:00;1
2021-08-04 07:24:30.443856+00:00;1
2021-08-04 07:26:31.012756+00:00;1
2021-08-04 07:28:11.777201+00:00;1
2021-08-04 07:29:13.814482+00:00;1
2021-08-04 07:30:05.984304+00:00;1
2021-08-04 07:30:55.878118+00:00;1
2021-08-04 07:31:46.335163+00:00;2
2021-08-04 07:34:05.421024+00:00;1
2021-08-04 07:34:51.270291+00:00;1
2021-08-04 07:36:20.651299+00:00;1
2021-08-04 07:37:04.443475+00:00;2
2021-08-04 07:37:49.352031+00:00;1
2021-08-04 07:38:29.695907+00:00;1
2021-08-04 07:39:22.026802+00:00;1
2021-08-04 07:40:02.652986+00:00;1
2021-08-04 07:40:40.419906+00:00;1
2021-08-04 07:41:20.081532+00:00;1
2021-08-04 07:42:00.633286+00:00;1
2021-08-04 07:44:22.924019+00:00;1
2021-08-04 07:45:09.995211+00:00;1
2021-08-04 07:46:41.302673+00:00;1
2021-08-04 07:47:16.571300+00:00;1
2021-08-04 07:47:58.975630+00:00;1
2021-08-04 07:48:39.434047+00:00;1
2021-08-04 07:49:19.919311+00:00;1
2021-08-04 07:50:18.533695+00:00;1
2021-08-04 07:50:56.180698+00:00;1
2021-08-04 07:51:31.044141+00:00;1
2021-08-04 08:37:37.018643+00:00;1
2021-08-04 08:38:34.862051+00:00;1
2021-08-04 08:39:11.210157+00:00;1
2021-08-04 08:39:51.671159+00:00;1
2021-08-04 08:40:30.304336+00:00;1
2021-08-04 08:47:12.890237+00:00;1
2021-08-04 08:47:52.278533+00:00;1
2021-08-04 08:48:31.817038+00:00;1
2021-08-04 08:49:23.061161+00:00;1
2021-08-04 08:50:01.325051+00:00;1
2021-08-05 05:11:15.076132+00:00;1
2021-08-05 05:12:09.817210+00:00;1
2021-08-05 05:12:59.432994+00:00;1
2021-08-05 05:13:45.049534+00:00;1
2021-08-05 05:14:32.557773+00:00;2
2021-08-05 05:15:13.502446+00:00;1
2021-08-05 05:15:58.383195+00:00;1
2021-08-05 05:16:42.845039+00:00;1
2021-08-05 05:17:39.938897+00:00;1
2021-08-05 05:18:24.426438+00:00;1
2021-08-05 05:30:46.246716+00:00;1
2021-08-05 05:36:39.806502+00:00;1
2021-08-05 05:37:18.749356+00:00;1
2021-08-05 05:38:04.349586+00:00;2
2021-08-05 05:38:47.274113+00:00;1
2021-08-05 05:39:28.340926+00:00;1
2021-08-05 05:40:09.056984+00:00;1
2021-08-05 05:40:53.865269+00:00;1
2021-08-05 05:41:43.457782+00:00;1
2021-08-05 05:42:28.168085+00:00;1
2021-08-05 05:52:24.271121+00:00;1
2021-08-05 05:53:15.429716+00:00;1
2021-08-05 05:54:05.614480+00:00;1
2021-08-05 05:54:46.914965+00:00;1
2021-08-05 05:55:35.848669+00:00;2
2021-08-05 05:56:32.308173+00:00;1
2021-08-05 05:57:17.365599+00:00;1
2021-08-05 05:58:04.080899+00:00;1
2021-08-05 05:58:46.981137+00:00;1
2021-08-05 05:59:32.650936+00:00;1
2021-08-05 06:24:04.035404+00:00;1
2021-08-05 06:24:53.103941+00:00;1
2021-08-05 06:28:30.398767+00:00;1
2021-08-05 06:36:41.079664+00:00;1
2021-08-05 08:32:33.031219+00:00;1
2021-08-05 08:35:56.694631+00:00;1
2021-08-05 08:39:14.000896+00:00;1
2021-08-05 08:39:54.315534+00:00;1
2021-08-05 08:40:30.342778+00:00;1
2021-08-05 08:42:04.311991+00:00;1
2021-08-05 08:42:45.049019+00:00;1
2021-08-05 08:43:52.301081+00:00;1
2021-08-05 08:44:23.495562+00:00;1
2021-08-05 08:45:25.934470+00:00;1
2021-08-05 08:46:11.870544+00:00;1
2021-08-05 08:46:49.729598+00:00;1
2021-08-05 08:47:23.651825+00:00;1
2021-08-05 08:48:38.851041+00:00;1
2021-08-05 08:49:17.537915+00:00;1
2021-08-05 08:50:50.698810+00:00;1
2021-08-05 08:53:15.298282+00:00;1
2021-08-05 08:53:58.263815+00:00;1
2021-08-05 08:54:35.987038+00:00;1
2021-08-05 08:55:53.725969+00:00;1
2021-08-05 08:56:40.928847+00:00;1
2021-08-05 08:57:35.543962+00:00;1
2021-08-05 08:58:15.061600+00:00;1
2021-08-05 08:58:46.117581+00:00;1
2021-08-05 08:59:41.438700+00:00;1
2021-08-05 09:00:16.611635+00:00;1
2021-08-05 09:07:57.782238+00:00;1
2021-08-05 09:09:08.202852+00:00;1
2021-08-05 09:09:46.036726+00:00;1
2021-08-05 09:11:14.056805+00:00;1
2021-08-05 09:12:07.064439+00:00;1
2021-08-05 09:12:56.938108+00:00;1
2021-08-05 09:15:07.702081+00:00;1
2021-08-05 09:15:46.834320+00:00;1
2021-08-05 09:16:32.527058+00:00;1
2021-08-05 09:18:15.300744+00:00;1
2021-08-05 09:20:30.674605+00:00;1
2021-08-05 09:21:30.369490+00:00;1
2021-08-05 09:22:19.184624+00:00;1
2021-08-05 09:22:58.864796+00:00;1
2021-08-05 09:23:27.044065+00:00;1
2021-08-05 09:23:56.962113+00:00;1
2021-08-05 09:24:30.587010+00:00;1
2021-08-05 09:25:04.992659+00:00;1
2021-08-05 09:25:39.662909+00:00;1
2021-08-05 09:26:50.116458+00:00;1
2021-08-05 09:27:30.296965+00:00;1
2021-08-05 09:28:06.368938+00:00;1
2021-08-05 09:28:48.587588+00:00;1
2021-08-05 09:29:36.173502+00:00;1
2021-08-05 09:30:12.780827+00:00;1
2021-08-05 09:32:39.323749+00:00;1
2021-08-05 09:36:04.088131+00:00;2
2021-08-05 09:39:16.815048+00:00;2
2021-08-05 09:40:28.124239+00:00;1
2021-08-05 09:43:06.562436+00:00;1
2021-08-05 09:44:59.288764+00:00;4
2021-08-05 09:46:55.458744+00:00;2
2021-08-05 09:47:55.916592+00:00;2
2021-08-05 09:49:30.098029+00:00;2
2021-08-05 09:52:21.641470+00:00;1
2021-08-06 08:14:29.326838+00:00;1
2021-08-06 08:17:42.911796+00:00;1
2021-08-06 08:20:39.982233+00:00;1
2021-08-06 08:22:42.250973+00:00;1
2021-08-06 08:23:50.588658+00:00;2
2021-08-06 12:07:43.693840+00:00;2
2021-08-06 12:08:40.992832+00:00;1
2021-08-06 12:09:31.035835+00:00;1
2021-08-06 12:10:33.406677+00:00;1
2021-08-06 12:11:12.859789+00:00;1
2021-08-06 12:18:44.255624+00:00;2
2021-08-06 12:37:49.725115+00:00;2
2021-08-06 12:45:31.151377+00:00;1
2021-08-06 12:46:18.673960+00:00;1
2021-08-06 12:47:12.299777+00:00;1
2021-08-06 12:48:32.527940+00:00;1
2021-08-06 12:49:07.134839+00:00;1
2021-08-06 12:51:45.960881+00:00;1
2021-08-06 12:52:27.142577+00:00;1
2021-08-06 12:54:37.671320+00:00;1
2021-08-06 12:55:18.107398+00:00;1
2021-08-06 12:58:48.400050+00:00;1
2021-08-06 13:00:05.534131+00:00;1
2021-08-06 13:00:42.134379+00:00;1
2021-08-10 10:53:31.231072+00:00;1
2021-08-10 10:54:29.666172+00:00;1
2021-08-10 10:55:07.979098+00:00;2
2021-08-10 10:55:35.905821+00:00;1
2021-08-10 10:56:04.254033+00:00;1
2021-08-10 10:57:08.073547+00:00;1
2021-08-10 10:57:43.142640+00:00;1
2021-08-10 10:58:24.667519+00:00;2
2021-08-10 10:59:01.908656+00:00;1
2021-08-10 10:59:37.503422+00:00;1
2021-08-10 11:00:12.461604+00:00;1
2021-08-10 11:00:44.866990+00:00;1
2021-08-10 11:01:16.226205+00:00;2
2021-08-10 11:01:46.198551+00:00;1
2021-08-10 11:02:20.583098+00:00;1
2021-08-10 11:02:49.518627+00:00;1
2021-08-10 11:03:21.903474+00:00;2
2021-08-10 11:03:53.995476+00:00;1
2021-08-10 11:04:29.851820+00:00;2
2021-08-10 11:05:07.860285+00:00;1
2021-08-10 11:05:46.973001+00:00;2
2021-08-10 11:06:19.754444+00:00;1
2021-08-10 11:06:50.194295+00:00;6
2021-08-10 11:07:52.421282+00:00;1
2021-08-10 11:08:45.081720+00:00;2
2021-08-10 11:11:07.550540+00:00;1
2021-08-10 11:13:54.967362+00:00;1
2021-08-11 06:16:04.524999+00:00;2
2021-08-11 06:18:17.567501+00:00;8
2021-08-11 06:28:21.963187+00:00;2
2021-08-11 06:39:40.612416+00:00;2
2021-08-11 07:05:45.614762+00:00;1
2021-08-11 09:53:37.426958+00:00;1
2021-08-11 09:54:28.850134+00:00;2
2021-08-11 09:55:12.985677+00:00;2
2021-08-11 09:57:14.820782+00:00;1
2021-08-11 09:58:21.868936+00:00;2
2021-08-11 09:59:01.434245+00:00;1
2021-08-11 09:59:42.567030+00:00;1
2021-08-11 10:00:12.110333+00:00;1
2021-08-11 10:00:44.436084+00:00;1
2021-08-11 10:01:28.162768+00:00;1
2021-08-11 10:02:09.073444+00:00;2
2021-08-11 10:03:14.239791+00:00;2
2021-08-11 10:05:14.228508+00:00;1
2021-08-11 10:05:43.166872+00:00;1
2021-08-11 10:06:16.186645+00:00;1
2021-08-11 10:06:45.155302+00:00;1
2021-08-11 10:07:15.546712+00:00;2
2021-08-11 10:08:14.483631+00:00;1
2021-08-11 10:08:45.617987+00:00;1
2021-08-11 10:09:16.252984+00:00;1
2021-08-11 10:10:03.188966+00:00;1
2021-08-11 10:10:36.090920+00:00;2
2021-08-11 10:11:27.808852+00:00;1
2021-08-11 10:12:04.111078+00:00;1
2021-08-11 10:12:46.671204+00:00;1
2021-08-11 10:13:21.811968+00:00;3
2021-08-11 10:14:45.011706+00:00;1
2021-08-11 10:15:21.694870+00:00;2
2021-08-11 10:15:59.499422+00:00;1
2021-08-11 10:16:33.951753+00:00;2
2021-08-11 10:17:11.637738+00:00;1
2021-08-11 10:17:45.847359+00:00;1
2021-08-11 10:18:12.995161+00:00;2
2021-08-11 10:18:53.574615+00:00;1
2021-08-11 10:19:27.006528+00:00;1
2021-08-11 10:20:00.617988+00:00;1
2021-08-11 10:20:32.973672+00:00;1
2021-08-11 10:21:00.670872+00:00;2
2021-08-11 10:21:34.360890+00:00;1
2021-08-11 10:22:37.839813+00:00;2
2021-08-11 10:23:27.953060+00:00;4
2021-08-12 06:36:22.319157+00:00;1
2021-08-12 06:45:20.969129+00:00;1
2021-08-12 07:02:49.835323+00:00;2
2021-08-12 07:09:16.319407+00:00;1
2021-08-12 07:12:04.032426+00:00;1
2021-08-12 07:13:41.642967+00:00;1
2021-08-12 07:15:35.544357+00:00;1
2021-08-12 07:58:26.471447+00:00;1
2021-08-12 07:59:27.813436+00:00;1
2021-08-12 08:00:19.778618+00:00;1
2021-08-12 08:01:06.193820+00:00;1
2021-08-12 08:06:52.045415+00:00;2
2021-08-12 08:09:50.210822+00:00;17
2021-08-12 08:15:09.472119+00:00;1
2021-08-12 08:16:40.825794+00:00;2
2021-08-12 08:20:41.522475+00:00;1
2021-08-12 08:33:12.781360+00:00;1
2021-08-12 08:40:42.023101+00:00;1
2021-08-12 08:54:32.631795+00:00;4
2021-08-12 08:56:16.179389+00:00;1
2021-08-12 08:57:14.103853+00:00;3
2021-08-12 09:00:13.023063+00:00;2
2021-08-12 09:01:30.406784+00:00;4
2021-08-12 09:04:09.648662+00:00;2
2021-08-12 09:05:30.161131+00:00;2
2021-08-12 09:08:46.542805+00:00;1
2021-08-12 09:10:26.263867+00:00;1
2021-08-12 09:15:05.497597+00:00;1
2021-08-12 09:22:26.160096+00:00;1
2021-08-12 09:31:11.206576+00:00;2
2021-08-12 09:34:20.141184+00:00;1
2021-08-12 09:37:06.354064+00:00;1
2021-08-12 09:39:28.426311+00:00;3
2021-08-13 05:01:23.975148+00:00;2
2021-08-13 05:03:38.810590+00:00;2
2021-08-13 05:16:44.517090+00:00;17
2021-08-13 06:13:52.545294+00:00;1
2021-08-13 06:17:04.246772+00:00;2
2021-08-13 06:21:21.197158+00:00;2
2021-08-13 06:23:22.312329+00:00;4
2021-08-13 06:27:01.136831+00:00;2
2021-08-13 06:30:40.075329+00:00;6
2021-08-13 08:58:24.470158+00:00;1
2021-08-13 09:18:51.807840+00:00;2
2021-08-13 09:19:42.547268+00:00;2
2021-08-13 09:27:05.907702+00:00;14
2021-08-13 09:31:35.838691+00:00;2
2021-08-13 09:41:28.267650+00:00;7
2021-08-13 11:12:02.006462+00:00;2
2021-08-13 11:22:41.023703+00:00;7
2021-08-13 12:32:34.619769+00:00;1
2021-08-13 12:33:56.486809+00:00;1
2021-08-13 12:34:43.469674+00:00;1
2021-08-13 12:36:38.261183+00:00;2
2021-08-13 12:38:08.561637+00:00;2
2021-08-13 12:40:01.604731+00:00;1
2021-08-13 12:41:51.600684+00:00;1
2021-08-13 12:45:06.799877+00:00;1
2021-08-13 12:46:39.352386+00:00;1
2021-08-13 12:48:36.294805+00:00;2
2021-08-13 13:09:15.016803+00:00;2
2021-08-13 13:11:38.067115+00:00;1
2021-08-13 13:13:07.180654+00:00;3
2021-08-13 13:14:25.869610+00:00;2
2021-08-13 13:15:15.219599+00:00;1
2021-08-13 13:17:27.833375+00:00;1
2021-08-19 09:26:19.203440+00:00;2
2021-08-19 09:31:43.136230+00:00;2
2021-09-01 05:35:08.592869+00:00;7
2021-09-01 06:18:05.102252+00:00;1
2021-09-01 06:21:51.021348+00:00;3
2021-09-01 06:22:52.087456+00:00;2
2021-09-01 06:23:53.812350+00:00;2
2021-09-01 06:34:38.566476+00:00;1
2021-09-01 06:38:14.076758+00:00;2
2021-09-01 06:39:39.445159+00:00;2
2021-09-01 06:40:39.617012+00:00;1
2021-09-01 06:41:48.032302+00:00;2
2021-09-01 06:45:07.650090+00:00;2
2021-09-01 06:47:22.404937+00:00;1
2021-09-01 06:48:04.387821+00:00;1
2021-09-01 06:49:52.887245+00:00;1
2021-09-01 06:51:17.650070+00:00;1
2021-09-01 06:53:27.706158+00:00;1
2021-09-01 06:54:59.587553+00:00;2
2021-09-01 06:57:03.493073+00:00;1
2021-09-01 06:59:19.711382+00:00;2
2021-09-01 07:00:55.129053+00:00;2
2021-09-01 07:03:30.282977+00:00;1
2021-09-01 07:19:16.897241+00:00;2
2021-09-01 07:23:25.657703+00:00;2
2021-09-01 07:25:01.799784+00:00;1
2021-09-01 07:26:13.366125+00:00;2
2021-09-01 07:31:38.267938+00:00;1
2021-09-01 07:33:04.802978+00:00;1
2021-09-01 07:33:51.367688+00:00;1
2021-09-01 07:35:08.726463+00:00;1
2021-09-01 07:36:07.002733+00:00;1
2021-09-01 07:37:07.559953+00:00;1
2021-09-01 07:38:28.743902+00:00;1
2021-09-01 07:40:24.088015+00:00;1
2021-09-01 07:41:18.555429+00:00;1
2021-09-01 07:42:52.320403+00:00;2
2021-09-01 07:47:40.929130+00:00;1
2021-09-01 07:48:56.289348+00:00;1
2021-09-01 07:50:18.258867+00:00;1
2021-09-01 07:51:14.412047+00:00;1
2021-09-01 07:52:21.462146+00:00;1
2021-09-01 07:53:24.582148+00:00;1
2021-09-01 07:54:22.141704+00:00;1
2021-09-01 07:59:28.912416+00:00;2
2021-09-01 08:02:54.958748+00:00;1
2021-09-01 08:04:43.476989+00:00;2
2021-09-01 08:11:38.648856+00:00;1
2021-09-01 08:13:06.483350+00:00;2
2021-09-01 08:18:16.134110+00:00;1
2021-09-01 08:27:19.433206+00:00;1
2021-09-01 08:28:42.911691+00:00;2
2021-09-01 08:30:22.010854+00:00;3
2021-09-01 08:32:57.519146+00:00;2
2021-09-01 08:37:35.731198+00:00;1
2021-09-01 08:46:56.734938+00:00;1
2021-09-01 08:50:05.936081+00:00;1
2021-09-01 08:56:21.794670+00:00;4
2021-09-01 08:57:55.451803+00:00;7
2021-09-01 08:59:59.141081+00:00;1
2021-09-01 09:01:41.024860+00:00;1
2021-09-01 09:03:27.340634+00:00;2
2021-09-01 09:11:14.255504+00:00;3
2021-09-01 09:14:00.123223+00:00;2
2021-09-01 09:21:00.071300+00:00;10
2021-09-01 09:22:44.911907+00:00;1
2021-09-01 09:24:12.135129+00:00;1
2021-09-01 09:25:58.589580+00:00;1
2021-09-01 09:27:27.861512+00:00;2
2021-09-01 09:29:40.928925+00:00;1
2021-09-01 09:30:49.675523+00:00;2
2021-09-01 09:39:40.298903+00:00;3
2021-09-01 09:43:47.661075+00:00;2
2021-09-01 09:47:28.309649+00:00;13
2021-09-01 09:49:30.565048+00:00;1
2021-09-01 09:50:19.299184+00:00;2
2021-09-01 09:52:07.355392+00:00;3
2021-09-01 09:53:23.410013+00:00;1
2021-09-01 09:54:52.403472+00:00;1
2021-09-01 09:55:56.624890+00:00;2
2021-09-01 10:00:06.519813+00:00;1
2021-09-01 10:01:27.738930+00:00;2
2021-09-01 10:03:15.560180+00:00;1
2021-09-01 10:10:24.041084+00:00;1
2021-09-01 10:11:40.472436+00:00;2
2021-09-01 10:13:27.115434+00:00;3
2021-09-01 10:15:50.541433+00:00;1
2021-09-01 10:39:31.792737+00:00;2
2021-09-01 10:42:54.221338+00:00;10
2021-09-01 10:46:39.947975+00:00;1
2021-09-01 10:49:41.606368+00:00;2
2021-09-01 11:02:37.121728+00:00;1
2021-09-01 11:09:43.732992+00:00;1
2021-09-01 11:13:02.778923+00:00;1
2021-09-01 11:14:25.089828+00:00;1
2021-09-01 11:17:05.622292+00:00;1
2021-09-01 11:19:45.883829+00:00;2
2021-09-01 11:22:18.819044+00:00;1
2021-09-01 11:32:10.515257+00:00;1
2021-09-07 05:59:34.548709+00:00;1
2021-09-09 06:42:12.828205+00:00;8
2021-09-09 12:49:18.160228+00:00;2
2021-09-09 12:55:06.086278+00:00;3
2021-09-09 12:58:22.218272+00:00;2
2021-09-09 13:01:07.070066+00:00;20
2021-09-09 13:04:44.147338+00:00;2
2021-09-10 10:35:45.223730+00:00;2
2021-09-10 10:46:06.689724+00:00;7
2021-09-10 11:08:09.382942+00:00;2
2021-09-10 11:14:02.686152+00:00;11
2021-09-10 11:15:58.811088+00:00;2
2021-09-10 11:17:59.275058+00:00;9
2021-09-10 11:20:19.034830+00:00;18
2021-09-10 11:31:40.938307+00:00;1
2021-09-10 11:42:40.467667+00:00;4
2021-09-14 11:06:06.508987+00:00;2
2021-09-14 11:10:38.359810+00:00;13
2021-09-14 11:12:37.202262+00:00;2
2021-09-14 11:14:50.701461+00:00;10
2021-09-14 11:18:36.158684+00:00;2
2021-09-14 11:23:15.424112+00:00;3
2021-09-14 11:34:44.208965+00:00;2
2021-09-14 11:37:22.309806+00:00;29
2021-09-15 06:46:43.473682+00:00;2
2021-09-15 06:57:11.677310+00:00;11
2021-09-16 08:25:48.828372+00:00;2
2021-09-16 08:33:19.396754+00:00;34
2021-09-16 08:46:17.903043+00:00;2
2021-09-16 08:59:20.892612+00:00;2
2021-09-16 09:04:23.051112+00:00;2
2021-09-16 09:12:55.649740+00:00;3
2021-09-16 09:27:04.947358+00:00;2
2021-09-16 09:29:00.116299+00:00;5
2021-09-16 10:30:28.373005+00:00;2
2021-09-16 10:34:47.617357+00:00;21
2021-09-16 10:53:21.125167+00:00;74
2021-09-16 10:57:49.203685+00:00;3
2021-09-16 11:01:15.475001+00:00;2
2021-09-16 11:05:51.733757+00:00;24
2021-09-16 11:44:44.923935+00:00;2
2021-09-16 11:48:42.591516+00:00;7
2021-09-16 12:16:26.119318+00:00;17
2021-09-16 12:20:31.951777+00:00;2
2021-09-16 12:22:29.919290+00:00;1
2021-09-16 12:30:02.317663+00:00;2
2021-09-16 12:46:43.047250+00:00;1
2021-09-17 07:23:10.032116+00:00;3
2021-09-17 07:25:51.721376+00:00;7
2021-09-17 07:34:01.261395+00:00;2
2021-09-17 07:41:24.181463+00:00;3
2021-09-17 07:44:41.189568+00:00;2
2021-09-17 07:49:25.477194+00:00;5
2021-09-17 07:57:05.727327+00:00;11
2021-09-17 08:40:07.977903+00:00;12
2021-09-17 09:05:33.875906+00:00;2
2021-09-17 09:13:15.757748+00:00;13
2021-09-20 11:55:48.043255+00:00;1
2021-09-21 05:56:09.962109+00:00;2
2021-09-21 05:59:08.227864+00:00;2
2021-09-21 06:48:07.742438+00:00;1
2021-09-22 09:25:16.148037+00:00;2
2021-09-22 09:26:23.330764+00:00;2
2021-09-22 09:29:19.887924+00:00;1
2021-09-22 09:31:36.446029+00:00;2
2021-09-22 09:36:56.518666+00:00;2
2021-09-22 10:10:01.853145+00:00;2
2021-09-22 10:11:28.020816+00:00;8
2021-09-22 10:24:28.410344+00:00;7
2021-09-22 10:30:50.747904+00:00;2
2021-09-22 10:36:53.410383+00:00;1
2021-09-22 10:59:53.909332+00:00;2
2021-09-22 11:02:38.181156+00:00;1
2021-09-22 11:09:39.975062+00:00;2
2021-09-22 11:11:57.145607+00:00;1
2021-09-22 11:18:51.012948+00:00;3
2021-09-22 11:22:51.836003+00:00;12
2021-09-22 11:27:36.913495+00:00;1
2021-09-22 11:46:01.188710+00:00;1
2021-09-22 11:55:41.269385+00:00;1
2021-09-22 12:50:47.731699+00:00;2
2021-09-22 12:58:39.332858+00:00;10
2021-09-22 13:16:14.856635+00:00;1
2021-09-22 13:29:21.271372+00:00;1
2021-09-22 13:30:17.588965+00:00;1
2021-09-22 13:33:34.083919+00:00;2
2021-09-22 13:35:23.371302+00:00;4
2021-09-23 04:52:44.639856+00:00;2
2021-09-23 04:56:45.810153+00:00;4
2021-09-23 05:01:02.837196+00:00;2
2021-09-23 05:04:40.078959+00:00;3
2021-09-23 05:11:37.763488+00:00;2
2021-09-23 05:14:54.530881+00:00;26
2021-09-23 05:48:27.754271+00:00;2
2021-09-23 05:54:54.478715+00:00;11
2021-09-23 06:05:26.094477+00:00;2
2021-09-23 06:19:37.477328+00:00;2
2021-09-23 06:51:42.575080+00:00;3
2021-09-23 06:55:01.103279+00:00;29
2021-09-23 06:59:38.702091+00:00;30
2021-09-23 07:11:10.275080+00:00;23
2021-09-23 07:15:09.072218+00:00;2
2021-09-23 07:17:40.725059+00:00;3
2021-09-23 08:50:25.986387+00:00;2
2021-09-23 08:53:46.821444+00:00;12
2021-09-23 09:17:30.782817+00:00;1
2021-09-23 09:27:01.976903+00:00;2
2021-09-23 09:33:01.321151+00:00;2
2021-09-23 09:35:17.508703+00:00;2
2021-09-23 09:39:38.007658+00:00;2
2021-09-23 09:42:16.998228+00:00;2
2021-09-23 09:45:02.407122+00:00;2
2021-09-23 09:53:45.711524+00:00;2
2021-09-23 09:59:29.710132+00:00;26
2021-09-23 10:58:58.180905+00:00;1
2021-09-23 11:09:55.056102+00:00;1
2021-09-23 11:16:03.662344+00:00;1
2021-09-23 11:19:08.266042+00:00;1
2021-09-23 11:22:12.727677+00:00;2
2021-09-23 11:25:19.910597+00:00;18
2021-09-24 05:26:06.293842+00:00;1
2021-09-24 06:11:29.382501+00:00;1
2021-09-24 06:34:18.940397+00:00;1
2021-09-24 07:04:43.234706+00:00;1
2021-09-24 07:51:56.295974+00:00;1
2021-09-24 08:35:15.275043+00:00;1
2021-09-24 08:42:18.002984+00:00;1
2021-09-24 09:09:36.646527+00:00;2
2021-09-24 09:13:56.063421+00:00;4
2021-09-24 09:16:02.450878+00:00;2
2021-09-24 09:19:57.467856+00:00;2
2021-09-24 09:24:48.090894+00:00;1
2021-09-24 09:26:17.610567+00:00;1
2021-09-24 09:28:38.999826+00:00;1
2021-09-24 09:30:37.243082+00:00;1
2021-09-24 09:32:35.080875+00:00;1
2021-09-24 09:38:40.559321+00:00;1
2021-09-24 09:43:59.398281+00:00;2
2021-09-24 09:45:58.509354+00:00;1
2021-09-24 09:50:11.586416+00:00;1
2021-09-24 09:52:53.291607+00:00;1
2021-09-24 09:55:32.688268+00:00;1
2021-09-24 09:59:43.821682+00:00;1
2021-09-24 10:49:16.186480+00:00;2
2021-09-24 12:44:22.314532+00:00;1
2021-09-24 12:45:48.755576+00:00;1
2021-09-24 12:48:04.205959+00:00;1
2021-09-24 12:49:21.722492+00:00;2
2021-09-24 12:51:43.358633+00:00;4
2021-09-24 12:52:42.084455+00:00;1
2021-09-24 12:53:59.759790+00:00;1
2021-09-27 06:33:41.244815+00:00;2
2021-09-27 08:03:04.650934+00:00;2
2021-09-27 08:11:02.013048+00:00;1
2021-09-28 05:14:37.751400+00:00;2
2021-09-28 05:17:19.457093+00:00;1
2021-09-28 05:22:56.033768+00:00;2
2021-09-28 05:25:11.434264+00:00;5
2021-09-28 05:28:57.713042+00:00;2
2021-09-28 05:31:40.209794+00:00;2
2021-09-28 05:33:16.306475+00:00;2
2021-09-28 05:36:03.616385+00:00;2
2021-09-28 05:38:43.859732+00:00;2
2021-09-28 05:40:03.233938+00:00;2
2021-09-28 06:19:51.122879+00:00;1
2021-09-28 06:21:14.587669+00:00;1
2021-09-28 06:23:31.751353+00:00;1
2021-09-28 06:35:56.814753+00:00;1
2021-09-28 06:36:44.924482+00:00;1
2021-09-28 06:39:30.673056+00:00;3
2021-09-28 06:42:03.149137+00:00;1
2021-09-28 06:43:56.992309+00:00;1
2021-09-28 06:46:25.324676+00:00;1
2021-09-28 07:52:53.429286+00:00;1
2021-09-28 07:55:35.167445+00:00;5
2021-09-28 07:57:23.843563+00:00;1
2021-09-28 08:41:10.900650+00:00;1
2021-09-28 08:44:31.483514+00:00;1
2021-09-28 08:46:23.396158+00:00;1
2021-09-28 08:47:49.404641+00:00;1
2021-09-28 08:48:48.636196+00:00;1
2021-09-28 08:49:38.810597+00:00;1
2021-09-28 08:56:30.021366+00:00;2
2021-09-28 08:59:59.783065+00:00;5
2021-09-28 09:21:30.558226+00:00;1
2021-09-28 09:29:20.163793+00:00;1
2021-09-28 09:37:14.377322+00:00;1
2021-09-28 10:44:33.493854+00:00;2
2021-09-28 10:48:17.393428+00:00;5
2021-09-28 10:52:00.959434+00:00;1
2021-09-28 11:04:04.743801+00:00;1
2021-09-28 11:08:30.140741+00:00;1
2021-09-28 11:12:06.524424+00:00;2
2021-09-28 11:13:34.467350+00:00;1
2021-09-28 11:17:01.044742+00:00;1
2021-09-28 11:20:51.076017+00:00;5
2021-09-28 11:22:03.225886+00:00;1
2021-09-28 11:25:50.750003+00:00;1
2021-09-28 11:35:43.947415+00:00;1
2021-09-28 11:37:57.403207+00:00;1
2021-09-28 11:39:48.831193+00:00;1
2021-09-28 11:42:20.463569+00:00;1
2021-09-28 11:50:56.997629+00:00;2
2021-09-28 11:52:05.487343+00:00;1
2021-09-28 13:12:07.027598+00:00;1
2021-09-28 13:14:30.270842+00:00;1
2021-09-28 13:22:42.374835+00:00;1
2021-09-28 13:25:14.628392+00:00;1
2021-09-28 13:37:28.671428+00:00;1
2021-09-28 13:40:10.398698+00:00;1
2021-09-28 13:43:07.387772+00:00;1
2021-09-29 06:05:59.530917+00:00;1
2021-09-29 07:38:08.157349+00:00;1
2021-09-29 08:00:43.657464+00:00;2
2021-09-29 08:03:07.607737+00:00;1
2021-09-29 08:13:41.774464+00:00;1
2021-09-29 08:18:56.264113+00:00;1
2021-09-29 08:37:06.628138+00:00;1
2021-09-29 08:40:11.262173+00:00;1
2021-09-29 09:46:24.157826+00:00;1
2021-09-29 09:48:14.245732+00:00;1
2021-09-29 09:49:46.640816+00:00;1
2021-09-29 09:50:23.991188+00:00;1
2021-09-29 09:54:18.223118+00:00;1
2021-09-29 09:59:22.249404+00:00;2
2021-09-29 10:02:42.019722+00:00;5
2021-09-29 11:11:41.643095+00:00;1
2021-09-29 11:20:08.450912+00:00;3
2021-09-29 11:23:25.957406+00:00;1
2021-09-29 11:25:24.406042+00:00;3
2021-09-29 11:28:28.190247+00:00;7
2021-09-29 11:28:58.939414+00:00;2
2021-09-29 11:35:11.753333+00:00;1
2021-09-29 11:37:33.687317+00:00;2
2021-09-29 11:39:13.125566+00:00;3
2021-09-29 11:41:49.453272+00:00;1
2021-09-29 11:53:47.520625+00:00;1
2021-09-29 11:58:16.250998+00:00;1
2021-09-29 12:03:53.995356+00:00;1
2021-09-30 05:34:34.611026+00:00;24
2021-09-30 05:39:08.497953+00:00;2
2021-09-30 05:41:41.755676+00:00;3
2021-09-30 05:45:01.465237+00:00;2
2021-09-30 05:46:37.869085+00:00;3
2021-09-30 06:18:51.853392+00:00;1
2021-09-30 06:25:39.267696+00:00;10
2021-09-30 07:22:35.216002+00:00;1
2021-09-30 08:33:33.569857+00:00;1
2021-09-30 08:37:47.826224+00:00;1
2021-09-30 08:41:48.788424+00:00;2
2021-09-30 08:51:56.392122+00:00;2
2021-09-30 08:53:40.055285+00:00;2
2021-09-30 08:56:23.717394+00:00;2
2021-09-30 08:58:48.593038+00:00;5
2021-09-30 09:22:52.218311+00:00;2
2021-09-30 09:26:09.272647+00:00;2
2021-09-30 09:29:20.699433+00:00;1
2021-09-30 09:32:58.469379+00:00;1
2021-09-30 09:39:53.561070+00:00;2
2021-09-30 09:42:12.880460+00:00;1
2021-09-30 09:53:05.850053+00:00;4
2021-09-30 09:57:52.528849+00:00;1
2021-09-30 11:03:56.024257+00:00;2
2021-09-30 11:05:26.056003+00:00;2
2021-09-30 11:06:22.800430+00:00;1
2021-09-30 11:15:33.501542+00:00;2
2021-09-30 11:23:41.858593+00:00;58
2021-10-01 05:25:32.407356+00:00;2
2021-10-01 05:32:00.500008+00:00;2
2021-10-01 05:35:16.237499+00:00;2
2021-10-01 05:37:47.292899+00:00;2
2021-10-01 05:39:09.225672+00:00;2
2021-10-01 05:40:56.649832+00:00;2
2021-10-01 05:45:44.983433+00:00;2
2021-10-01 05:47:10.335482+00:00;3
2021-10-01 05:48:44.619840+00:00;2
2021-10-01 05:50:28.976008+00:00;3
2021-10-01 06:02:21.913253+00:00;2
2021-10-01 06:03:32.621542+00:00;1
2021-10-01 06:29:21.269429+00:00;2
2021-10-01 06:31:43.402837+00:00;3
2021-10-01 06:33:01.225579+00:00;2
2021-10-01 06:35:43.125715+00:00;1
2021-10-01 06:44:59.650543+00:00;1
2021-10-01 07:10:53.684422+00:00;2
2021-10-01 07:14:26.187036+00:00;2
2021-10-01 07:16:22.949964+00:00;2
2021-10-01 07:17:53.289469+00:00;1
2021-10-01 07:20:13.086888+00:00;2
2021-10-01 07:21:43.827894+00:00;4
2021-10-01 07:23:19.573715+00:00;2
2021-10-01 07:25:13.558967+00:00;6
2021-10-01 08:30:10.858299+00:00;2
2021-10-01 08:31:44.977047+00:00;1
2021-10-01 08:33:15.791165+00:00;2
2021-10-01 08:34:42.663574+00:00;3
2021-10-01 08:36:03.811165+00:00;1
2021-10-01 08:45:58.916162+00:00;2
2021-10-01 08:50:43.345921+00:00;6
2021-10-01 08:52:55.334221+00:00;2
2021-10-01 08:54:46.655361+00:00;3
2021-10-01 08:55:49.335125+00:00;1
2021-10-01 08:58:25.858252+00:00;2
2021-10-01 09:00:01.508786+00:00;4
2021-10-05 11:07:13.182651+00:00;2
2021-10-05 11:08:42.063809+00:00;6
2021-10-05 11:13:08.746440+00:00;2
2021-10-05 11:20:47.129563+00:00;4
2021-10-05 11:27:27.268087+00:00;2
2021-10-05 11:33:09.213161+00:00;4
2021-10-06 08:18:56.231468+00:00;2
2021-10-06 08:25:27.476656+00:00;4
2021-10-06 08:34:47.228128+00:00;3
2021-10-06 08:38:21.785713+00:00;4
2021-10-06 08:39:48.799661+00:00;70
2021-10-06 08:56:17.675308+00:00;2
2021-10-06 09:00:15.446498+00:00;5
2021-10-06 09:08:22.061308+00:00;2
2021-10-06 09:11:05.502378+00:00;11
2021-10-06 09:15:17.390293+00:00;2
2021-10-06 09:19:01.550342+00:00;16
2021-10-06 11:07:51.113359+00:00;3
2021-10-06 11:13:16.522374+00:00;7
2021-10-06 11:15:57.967152+00:00;7
2021-10-06 11:19:46.562357+00:00;12
2021-10-06 11:24:36.788676+00:00;4
2021-10-06 11:33:42.168419+00:00;2
2021-10-06 11:45:42.984287+00:00;29
2021-10-06 12:29:01.264688+00:00;2
2021-10-06 12:32:23.762127+00:00;4
2021-10-07 06:17:48.671023+00:00;1
2021-10-07 06:23:55.233514+00:00;2
2021-10-07 06:35:49.337079+00:00;6
2021-10-07 08:58:15.604628+00:00;2
2021-10-07 09:02:42.166340+00:00;9
2021-10-07 09:09:10.317045+00:00;2
2021-10-07 09:20:40.861801+00:00;11
2021-10-07 11:23:14.591454+00:00;5
2021-10-07 13:16:41.262778+00:00;2
2021-10-07 13:21:17.565876+00:00;8
2021-10-07 13:26:03.037796+00:00;2
2021-10-07 13:29:21.988585+00:00;8
2021-10-07 13:35:52.494340+00:00;2
2021-10-07 13:38:02.368764+00:00;2
2021-10-07 13:40:50.536712+00:00;2
2021-10-07 13:45:33.780097+00:00;2
2021-10-07 13:49:54.783093+00:00;1
2021-10-08 05:45:26.835154+00:00;1
2021-10-08 05:51:38.444439+00:00;1
2021-10-08 05:54:48.042183+00:00;1
2021-10-08 06:12:28.468550+00:00;1
2021-10-08 06:13:57.322377+00:00;1
2021-10-08 06:16:19.279457+00:00;1
2021-10-08 06:19:02.703192+00:00;2
2021-10-08 06:24:49.705480+00:00;16
2021-10-12 11:22:32.175227+00:00;1
2021-10-13 08:44:14.295509+00:00;2
2021-10-13 09:18:21.137362+00:00;2
2021-10-14 08:54:40.203434+00:00;175
2021-10-14 10:53:35.992142+00:00;8
2021-10-14 11:01:49.233154+00:00;1
2021-10-14 11:07:34.247075+00:00;192
2021-10-15 09:15:05.236312+00:00;13
2021-10-15 09:20:06.385467+00:00;5
2021-10-19 07:15:16.961051+00:00;2
2021-10-19 07:20:28.255612+00:00;9
2021-10-19 10:45:43.765354+00:00;11
2021-10-19 10:53:36.340357+00:00;5
2021-10-19 11:03:14.417152+00:00;11
2021-10-19 11:06:05.064594+00:00;2
2021-10-19 11:10:05.081327+00:00;10
2021-10-19 11:14:47.926041+00:00;2
2021-10-19 11:19:57.984741+00:00;26
2021-10-19 11:28:14.431220+00:00;3
2021-10-19 11:29:50.896909+00:00;2
2021-10-19 11:30:29.157739+00:00;3
2021-10-19 11:32:51.592698+00:00;2
2021-10-19 11:34:43.877785+00:00;2
2021-10-19 13:29:31.786410+00:00;2
2021-10-19 13:44:05.181807+00:00;12
2021-10-19 13:51:22.238260+00:00;2
2021-10-19 13:55:25.108205+00:00;3
2021-10-19 13:58:23.540493+00:00;2
2021-10-19 14:01:42.770833+00:00;3
2021-10-20 05:17:25.360926+00:00;2
2021-10-20 05:21:38.601073+00:00;2
2021-10-20 05:32:08.468828+00:00;2
2021-10-20 05:36:27.446132+00:00;16
2021-10-20 05:42:14.253551+00:00;2
2021-10-20 05:45:23.176828+00:00;9
2021-10-20 05:50:06.877058+00:00;3
2021-10-20 05:54:09.859901+00:00;17
2021-10-20 05:56:34.886279+00:00;2
2021-10-20 05:58:55.808836+00:00;1
2021-10-20 06:00:53.110893+00:00;3
2021-10-20 06:04:48.167067+00:00;2
2021-10-20 06:12:14.517439+00:00;7
2021-10-20 06:15:50.704581+00:00;2
2021-10-20 06:19:45.203623+00:00;19
2021-10-20 07:04:47.271693+00:00;3
2021-10-20 07:13:02.261004+00:00;1
2021-10-20 07:13:41.815568+00:00;4
2021-10-20 07:15:36.105025+00:00;2
2021-10-20 07:25:29.077080+00:00;2
2021-10-20 07:57:52.665665+00:00;2
2021-10-20 08:03:31.849024+00:00;6
2021-10-20 08:05:54.260367+00:00;2
2021-10-20 08:10:05.717014+00:00;5
2021-10-20 08:14:04.656189+00:00;2
2021-10-20 08:28:46.391887+00:00;11
2021-10-20 08:31:58.491592+00:00;2
2021-10-20 08:35:37.562352+00:00;1
2021-10-20 08:41:18.652188+00:00;2
2021-10-20 08:43:48.101727+00:00;9
2021-10-20 08:47:25.088645+00:00;2
2021-10-20 08:52:08.269251+00:00;44
2021-10-20 08:57:40.208081+00:00;4
2021-10-20 09:03:45.901910+00:00;2
2021-10-20 09:07:23.242906+00:00;3
2021-10-20 09:20:16.280819+00:00;3
2021-10-20 09:31:55.310505+00:00;6
2021-10-20 09:39:35.956613+00:00;14
2021-10-20 09:45:22.407350+00:00;2
2021-10-20 09:52:48.043490+00:00;39
2021-10-20 09:57:39.539482+00:00;4
2021-10-20 10:06:13.209523+00:00;2
2021-10-20 10:09:58.355107+00:00;6
2021-10-20 10:29:07.318486+00:00;2
2021-10-20 10:31:19.890967+00:00;3
2021-10-20 10:36:02.910473+00:00;2
2021-10-20 10:40:52.921158+00:00;2
2021-10-20 10:47:47.658856+00:00;2
2021-10-20 10:50:42.239009+00:00;2
2021-10-20 11:04:12.924166+00:00;18
2021-10-20 11:10:23.180785+00:00;4
2021-10-20 11:29:33.528910+00:00;22
2021-10-20 11:43:32.273474+00:00;3
2021-10-20 12:17:21.473304+00:00;2
2021-10-20 12:22:20.379508+00:00;2
2021-10-20 12:52:33.402664+00:00;2
2021-10-20 12:56:23.172918+00:00;6
2021-10-20 13:01:45.240073+00:00;3
2021-10-20 13:02:44.171002+00:00;5
2021-10-20 13:03:37.778966+00:00;5
2021-10-21 05:21:01.201388+00:00;2
2021-10-21 05:26:36.208117+00:00;6
2021-10-21 05:30:00.304666+00:00;1
2021-10-21 05:35:53.559426+00:00;11
2021-10-21 05:43:21.079486+00:00;1
2021-10-21 05:46:08.986277+00:00;1
2021-10-21 05:49:57.144193+00:00;1
2021-10-21 06:00:52.437294+00:00;2
2021-10-21 06:03:21.689867+00:00;4
2021-10-21 07:28:51.690683+00:00;10
2021-10-21 07:33:01.366014+00:00;5
2021-10-21 07:37:36.292455+00:00;7
2021-10-21 07:41:56.925333+00:00;2
2021-10-21 07:45:34.095067+00:00;51
2021-10-21 07:48:31.192170+00:00;2
2021-10-21 07:50:17.998276+00:00;5
2021-10-21 07:52:50.088276+00:00;2
2021-10-21 07:54:32.892352+00:00;4
2021-10-21 07:57:16.949760+00:00;2
2021-10-21 08:05:02.379927+00:00;30
2021-10-21 09:00:39.553603+00:00;1
2021-10-21 09:01:41.921550+00:00;2
2021-10-21 09:02:27.027087+00:00;1
2021-10-21 09:03:13.091023+00:00;1
2021-10-21 09:04:09.224028+00:00;1
2021-10-21 09:05:11.418297+00:00;1
2021-10-21 09:06:04.793069+00:00;2
2021-10-21 09:07:18.604080+00:00;2
2021-10-21 09:08:43.691737+00:00;2
2021-10-21 09:10:00.507126+00:00;2
2021-10-21 09:10:42.547940+00:00;2
2021-10-21 09:12:34.020738+00:00;2
2021-10-21 09:35:09.492997+00:00;2
2021-10-21 09:43:45.693520+00:00;1
2021-10-21 09:47:06.162753+00:00;1
2021-10-21 09:51:08.753041+00:00;1
2021-10-21 09:52:33.596715+00:00;1
2021-10-21 09:54:22.179576+00:00;57
2021-10-21 09:58:32.753172+00:00;3
2021-10-21 10:07:06.191257+00:00;78
2021-10-21 10:35:43.290528+00:00;1
2021-10-21 10:36:57.144208+00:00;1
2021-10-21 10:40:52.676451+00:00;1
2021-10-21 10:42:29.484748+00:00;2
2021-10-21 10:46:25.074847+00:00;6
2021-10-21 10:48:17.325837+00:00;1
2021-10-21 10:49:03.180157+00:00;1
2021-10-21 10:54:13.468348+00:00;1
2021-10-21 10:55:29.757734+00:00;1
2021-10-21 10:56:35.429711+00:00;2
2021-10-21 10:58:06.844131+00:00;2
2021-10-21 10:59:13.040292+00:00;2
2021-10-21 11:00:05.403480+00:00;2
2021-10-21 11:00:54.961418+00:00;2
2021-10-21 11:01:44.180522+00:00;2
2021-10-21 11:02:50.316625+00:00;2
2021-10-21 11:03:55.723564+00:00;1
2021-10-21 11:04:51.088783+00:00;2
2021-10-21 11:05:35.672561+00:00;2
2021-10-21 11:06:22.609420+00:00;1
2021-10-21 11:10:27.719646+00:00;1
2021-10-21 11:11:09.052117+00:00;2
2021-10-21 11:11:53.868744+00:00;2
2021-10-21 11:12:30.834814+00:00;2
2021-10-21 11:13:28.853377+00:00;2
2021-10-21 11:14:49.215111+00:00;2
2021-10-21 13:18:34.870035+00:00;1
2021-10-21 13:19:20.906422+00:00;2
2021-10-21 13:25:50.747676+00:00;23
2021-10-21 13:27:49.500919+00:00;2
2021-10-21 13:30:59.567131+00:00;5
2021-10-21 13:32:30.512556+00:00;2
2021-10-21 13:34:23.417432+00:00;1
2021-10-21 13:43:24.145523+00:00;2
2021-10-21 13:49:45.901518+00:00;2
2021-10-21 13:50:43.689697+00:00;2
2021-10-22 04:47:12.319210+00:00;1
2021-10-22 04:48:41.936657+00:00;1
2021-10-22 04:49:47.881177+00:00;1
2021-10-22 04:51:54.091762+00:00;1
2021-10-22 04:53:26.021873+00:00;3
2021-10-22 04:54:35.138032+00:00;1
2021-10-22 04:55:45.895383+00:00;1
2021-10-22 04:56:32.724755+00:00;1
2021-10-22 04:58:41.337040+00:00;1
2021-10-22 04:59:29.273513+00:00;2
2021-10-22 05:00:09.307293+00:00;1
2021-10-22 05:01:22.753603+00:00;1
2021-10-22 05:02:23.095119+00:00;1
2021-10-22 05:03:25.326884+00:00;1
2021-10-22 05:04:52.318755+00:00;2
2021-10-22 05:06:00.655553+00:00;1
2021-10-22 05:28:18.552005+00:00;1
2021-10-22 05:43:15.951329+00:00;1
2021-10-22 05:44:04.403910+00:00;1
2021-10-22 05:45:31.758732+00:00;1
2021-10-22 05:46:37.590558+00:00;1
2021-10-22 05:48:30.815514+00:00;1
2021-10-22 05:52:53.202209+00:00;2
2021-10-22 05:56:59.072267+00:00;1
2021-10-22 06:01:17.452258+00:00;1
2021-10-22 06:06:50.223304+00:00;1
2021-10-22 06:08:06.400976+00:00;1
2021-10-22 06:09:05.002319+00:00;1
2021-10-22 06:11:45.227876+00:00;1
2021-10-22 06:15:28.461389+00:00;1
2021-10-22 08:35:37.465056+00:00;2
2021-10-22 08:36:24.392052+00:00;1
2021-10-22 08:39:11.820287+00:00;1
2021-10-22 08:41:12.559209+00:00;1
2021-10-22 08:42:39.851694+00:00;1
2021-10-22 08:44:05.580987+00:00;1
2021-10-22 08:48:09.754600+00:00;1
2021-10-22 08:56:09.439634+00:00;1
2021-10-22 09:00:27.663460+00:00;1
2021-10-22 09:25:15.735556+00:00;2
2021-10-22 09:28:40.379460+00:00;3
2021-10-22 09:32:40.703130+00:00;1
2021-10-22 09:33:54.543770+00:00;1
2021-10-22 09:42:28.462907+00:00;1
2021-10-22 09:44:53.696895+00:00;1
2021-10-22 09:57:10.027772+00:00;2192
2021-10-22 10:02:13.814636+00:00;1
2021-10-22 10:04:57.399376+00:00;1
2021-10-22 10:08:32.783287+00:00;2
2021-10-22 10:11:44.973562+00:00;2
2021-10-22 10:12:21.176803+00:00;2
2021-10-22 10:14:05.017368+00:00;1
2021-10-22 10:14:46.144458+00:00;1
2021-10-22 10:15:23.391327+00:00;1
2021-10-22 10:16:09.766616+00:00;1
2021-10-22 10:16:42.159469+00:00;1
2021-10-22 10:17:27.709965+00:00;1
2021-10-22 11:17:09.416702+00:00;1
2021-10-22 11:19:11.609938+00:00;2
2021-10-22 11:20:59.362132+00:00;1
2021-10-22 11:23:12.531598+00:00;2
2021-10-22 11:25:47.804953+00:00;2
2021-10-22 11:27:29.495384+00:00;1
2021-10-22 11:28:29.714846+00:00;1
2021-10-22 11:31:27.655313+00:00;1
2021-10-22 11:36:26.163009+00:00;1
2021-10-22 11:38:48.227108+00:00;1
2021-10-22 11:40:41.939487+00:00;2
2021-10-22 11:43:10.785784+00:00;3
2021-10-22 11:44:38.959358+00:00;1
2021-10-22 11:45:40.721813+00:00;1
2021-10-22 11:47:10.318371+00:00;3
2021-10-22 11:49:21.060315+00:00;1
2021-10-22 11:52:30.145301+00:00;2
2021-10-22 11:54:10.727396+00:00;2
2021-10-22 11:55:26.426940+00:00;2
2021-10-22 11:56:08.590264+00:00;1
2021-10-22 11:58:41.318132+00:00;1
2021-10-22 13:25:25.207302+00:00;1
2021-10-22 13:26:53.086258+00:00;1
2021-10-22 13:27:53.605488+00:00;1
2021-10-22 13:29:41.877930+00:00;1
2021-10-22 13:31:27.442533+00:00;1
2021-10-22 13:32:50.601696+00:00;1
2021-10-22 13:33:51.699326+00:00;1
2021-10-22 13:35:05.346011+00:00;1
2021-10-22 13:36:52.742178+00:00;1
2021-10-26 04:18:50.864894+00:00;1
2021-10-26 04:27:18.716235+00:00;1
2021-10-26 04:35:01.788856+00:00;3
2021-10-26 04:47:09.024767+00:00;2
2021-10-26 04:53:17.684544+00:00;6
2021-10-26 04:58:07.483289+00:00;2
2021-10-26 05:03:24.020717+00:00;1
2021-10-27 08:16:16.288587+00:00;1
2021-10-27 08:17:06.872444+00:00;1
2021-10-27 08:18:02.362298+00:00;1
2021-10-27 08:19:40.699448+00:00;1
2021-10-27 08:20:21.868623+00:00;1
2021-10-27 08:21:12.775307+00:00;1
2021-10-27 08:22:15.459133+00:00;2
2021-10-27 08:22:56.707214+00:00;2
2021-10-27 08:23:47.504936+00:00;1
2021-10-27 08:24:36.036751+00:00;1
2021-11-02 12:30:22.117865+00:00;1
2021-11-02 12:50:48.550048+00:00;1
2021-11-02 13:21:39.454479+00:00;1
2021-11-02 13:27:03.128008+00:00;1
2021-11-02 14:55:46.552786+00:00;1
2021-11-03 07:17:10.703751+00:00;1
2021-11-03 07:23:02.053927+00:00;2
2021-11-03 07:39:33.006090+00:00;2
2021-11-03 07:41:55.485752+00:00;3
2021-11-03 07:44:02.466532+00:00;2
2021-11-03 07:45:11.108876+00:00;3
2021-11-03 07:57:59.012634+00:00;1
2021-11-03 08:05:02.843481+00:00;1
2021-11-03 08:09:27.158362+00:00;1
2021-11-03 08:11:24.922340+00:00;1
2021-11-03 08:14:33.669186+00:00;1
2021-11-03 08:17:15.540536+00:00;1
2021-11-03 08:20:24.754374+00:00;1
2021-11-03 08:23:23.982727+00:00;1
2021-11-03 08:40:15.544770+00:00;1
2021-11-03 08:45:11.355495+00:00;1
2021-11-03 08:47:29.490879+00:00;1
2021-11-03 09:01:51.306912+00:00;2
2021-11-03 09:03:30.705666+00:00;2
2021-11-03 09:05:11.553664+00:00;2
2021-11-03 09:06:45.931499+00:00;5
2021-11-03 09:09:35.486999+00:00;2
2021-11-03 09:15:01.390418+00:00;13
2021-11-03 09:17:32.178939+00:00;2
2021-11-03 09:26:57.424846+00:00;8
2021-11-03 09:29:16.196221+00:00;2
2021-11-03 09:33:05.363552+00:00;2
2021-11-03 09:34:27.473519+00:00;1
2021-11-03 09:36:15.588411+00:00;2
2021-11-03 09:38:40.706103+00:00;4
2021-11-03 09:45:24.471808+00:00;2
2021-11-03 09:54:58.563285+00:00;39
2021-11-03 10:04:53.265705+00:00;1
2021-11-03 10:06:38.059353+00:00;1
2021-11-03 10:09:54.404467+00:00;1
2021-11-03 10:54:58.264960+00:00;2
2021-11-03 10:56:43.308944+00:00;1
2021-11-03 10:58:20.932364+00:00;1
2021-11-03 11:03:00.169561+00:00;1
2021-11-03 11:05:10.091445+00:00;1
2021-11-03 11:07:12.748091+00:00;1
2021-11-03 11:10:20.569048+00:00;1
2021-11-03 12:11:38.834788+00:00;1
2021-11-03 12:18:11.579207+00:00;2
2021-11-03 12:19:04.500098+00:00;1
2021-11-03 12:19:52.811718+00:00;1
2021-11-03 12:22:24.840934+00:00;2
2021-11-03 12:25:07.625035+00:00;1
2021-11-03 12:26:34.082729+00:00;1
2021-11-03 12:27:32.954324+00:00;1
2021-11-03 12:28:32.552913+00:00;1
2021-11-03 12:29:28.999057+00:00;1
2021-11-03 12:32:57.346589+00:00;1
2021-11-03 12:34:07.088324+00:00;1
2021-11-03 12:39:34.112122+00:00;1
2021-11-03 12:57:17.120057+00:00;1
2021-11-03 13:03:56.417460+00:00;2
2021-11-03 13:07:20.538397+00:00;3
2021-11-03 13:24:04.205073+00:00;1
2021-11-03 13:26:05.018830+00:00;2
2021-11-03 13:32:16.007150+00:00;9
2021-11-03 13:34:13.393160+00:00;1
2021-11-03 13:37:00.715784+00:00;2
2021-11-03 13:37:54.535203+00:00;2
2021-11-03 13:39:31.980639+00:00;7
2021-11-03 13:41:01.183431+00:00;2
2021-11-03 13:44:01.779734+00:00;2
2021-11-03 13:44:54.735791+00:00;1
2021-11-04 05:45:56.189542+00:00;1
2021-11-04 05:48:37.143385+00:00;2
2021-11-04 05:52:08.137008+00:00;1
2021-11-04 05:54:27.198378+00:00;1
2021-11-04 05:56:25.766960+00:00;1
2021-11-04 05:58:14.580013+00:00;1
2021-11-04 06:00:11.620518+00:00;2
2021-11-04 06:01:51.954804+00:00;1
2021-11-04 06:52:19.698659+00:00;2
2021-11-04 06:53:43.147943+00:00;2
2021-11-04 06:57:58.016196+00:00;1
2021-11-04 07:30:22.555310+00:00;1
2021-11-04 07:32:59.662841+00:00;1
2021-11-04 07:36:38.433493+00:00;1
2021-11-04 07:38:34.133377+00:00;1
2021-11-04 07:41:10.744635+00:00;1
2021-11-04 07:44:35.109693+00:00;1
2021-11-04 08:49:06.543750+00:00;1
2021-11-04 08:52:13.179264+00:00;2
2021-11-04 08:54:17.802911+00:00;17
2021-11-04 08:55:29.702600+00:00;1
2021-11-04 08:56:34.094798+00:00;1
2021-11-04 08:57:51.563346+00:00;1
2021-11-04 08:59:28.546040+00:00;1
2021-11-04 09:00:06.075491+00:00;1
2021-11-04 09:05:04.938497+00:00;1
2021-11-04 09:10:13.094895+00:00;1
2021-11-04 09:13:05.350437+00:00;1
2021-11-04 09:14:14.310281+00:00;1
2021-11-04 09:14:46.850354+00:00;1
2021-11-04 09:15:16.687550+00:00;1
2021-11-04 09:21:33.779943+00:00;1
2021-11-04 09:28:44.465272+00:00;1
2021-11-04 09:30:33.367072+00:00;1
2021-11-04 10:01:03.286150+00:00;1
2021-11-04 10:03:14.312644+00:00;2
2021-11-04 10:05:15.239233+00:00;9
2021-11-04 10:14:08.888308+00:00;2
2021-11-04 10:37:58.978054+00:00;30
2021-11-04 10:43:11.441281+00:00;3
2021-11-04 10:51:24.347033+00:00;2
2021-11-04 11:03:27.503328+00:00;10
2021-11-04 12:17:57.525388+00:00;1
2021-11-04 12:23:37.887312+00:00;2
2021-11-04 12:29:39.252697+00:00;12
2021-11-04 12:32:50.568837+00:00;2
2021-11-04 12:38:43.898346+00:00;9
2021-11-04 12:53:37.188520+00:00;2
2021-11-04 13:07:05.659881+00:00;12
2021-11-04 13:11:50.848965+00:00;2
2021-11-04 13:23:31.899692+00:00;47
2021-11-04 13:35:34.377021+00:00;2
2021-11-04 13:37:08.782297+00:00;1
2021-11-04 13:39:52.773732+00:00;1
2021-11-04 13:41:29.221562+00:00;1
2021-11-05 06:38:24.736919+00:00;1
2021-11-05 06:41:00.840460+00:00;2
2021-11-05 06:43:20.086549+00:00;1
2021-11-05 06:48:28.728556+00:00;1
2021-11-05 06:51:35.690303+00:00;1
2021-11-05 06:52:24.636100+00:00;1
2021-11-05 06:54:31.994164+00:00;3
2021-11-05 06:56:24.969990+00:00;2
2021-11-05 06:57:17.876322+00:00;1
2021-11-05 06:58:10.209330+00:00;2
2021-11-05 07:01:06.329550+00:00;1
2021-11-05 07:07:15.049952+00:00;3
2021-11-05 07:09:06.952678+00:00;5
2021-11-05 07:12:34.225901+00:00;1
2021-11-05 07:15:06.350560+00:00;2
2021-11-05 07:16:15.845552+00:00;2
2021-11-05 10:24:58.167220+00:00;3
2021-11-05 10:38:24.175570+00:00;8
2021-11-09 14:08:31.597128+00:00;1
2021-11-10 08:18:49.869869+00:00;2
2021-11-17 07:22:26.574370+00:00;1
2021-11-17 07:23:47.370644+00:00;2
2021-11-17 07:30:40.368536+00:00;1
2021-11-17 07:31:20.844135+00:00;3
2021-11-17 07:32:02.550652+00:00;1
2021-11-17 07:32:54.560948+00:00;1
2021-11-17 07:33:28.801663+00:00;1
2021-11-17 07:34:10.826579+00:00;1
2021-11-17 07:38:57.469745+00:00;2
2021-11-17 07:49:37.870345+00:00;13
2021-11-17 07:51:12.117663+00:00;1
2021-11-17 07:51:53.783496+00:00;1
2021-11-17 07:53:06.350036+00:00;1
2021-11-17 07:56:26.383198+00:00;2
2021-11-17 07:57:48.175205+00:00;1
2021-11-17 07:58:42.027790+00:00;1
2021-11-17 07:59:49.705201+00:00;2
2021-11-17 08:00:35.623215+00:00;1
2021-11-17 08:07:05.770477+00:00;2
2021-11-17 08:11:12.501772+00:00;3
2021-11-17 08:13:13.869049+00:00;2
2021-11-17 08:14:05.615413+00:00;1
2021-11-17 08:15:42.856812+00:00;1
2021-11-17 08:58:41.260116+00:00;1
2021-11-17 09:21:44.858614+00:00;1
2021-11-18 06:52:50.616209+00:00;1
2021-11-18 07:06:02.725607+00:00;2
2021-11-18 07:07:50.763294+00:00;1
2021-11-18 07:08:44.713841+00:00;2
2021-11-18 07:11:36.142620+00:00;12
2021-11-18 07:14:10.750107+00:00;2
2021-11-18 07:19:15.671459+00:00;6
2021-11-18 07:29:53.170072+00:00;2
2021-11-18 07:39:45.971203+00:00;1
2021-11-18 09:28:20.766758+00:00;1
2021-11-18 09:31:14.824031+00:00;2
2021-11-18 10:02:31.808199+00:00;2
2021-11-18 10:07:47.923271+00:00;2
2021-11-18 10:12:57.465617+00:00;1
2021-11-18 10:18:25.266119+00:00;1
2021-11-18 10:21:14.005107+00:00;32
2021-11-18 10:25:11.834558+00:00;1
2021-11-18 10:30:19.900681+00:00;1
2021-11-18 10:32:41.371677+00:00;1
2021-11-18 10:34:43.248124+00:00;1
2021-11-18 10:38:47.994708+00:00;3
2021-11-18 10:40:40.569422+00:00;2
2021-11-18 10:44:44.579825+00:00;3
2021-11-18 10:48:06.160864+00:00;1
2021-11-19 06:47:17.015421+00:00;1
2021-11-19 06:48:06.339609+00:00;1
2021-11-19 06:49:04.939307+00:00;1
2021-11-19 06:50:12.581200+00:00;1
2021-11-19 06:51:07.412188+00:00;2
2021-11-19 06:52:19.771482+00:00;2
2021-11-19 06:53:09.868452+00:00;1
2021-11-19 06:56:52.987365+00:00;1
2021-11-19 06:58:05.698105+00:00;1
2021-11-19 06:58:44.434822+00:00;1
2021-11-19 07:14:35.353989+00:00;1
2021-11-19 07:21:53.927966+00:00;1
2021-11-19 07:23:27.937174+00:00;1
2021-11-19 07:29:41.911280+00:00;2
2021-11-19 07:40:02.056713+00:00;2
2021-11-19 07:42:10.325315+00:00;1
2021-11-19 07:44:53.963256+00:00;2
2021-11-19 07:46:57.363656+00:00;1
2021-11-19 07:49:39.056611+00:00;2
2021-11-19 07:52:59.283469+00:00;1
2021-11-19 07:55:01.332758+00:00;1
2021-11-19 10:34:15.166039+00:00;1
2021-11-19 10:38:33.361772+00:00;2
2021-11-19 10:43:44.419434+00:00;1
2021-11-19 10:44:53.050493+00:00;1
2021-11-19 10:46:16.717391+00:00;1
2021-11-19 10:51:53.327364+00:00;1
2021-11-19 10:53:58.306765+00:00;1
2021-11-19 10:55:57.410742+00:00;1
2021-11-19 11:05:02.430329+00:00;1
2021-11-19 12:38:28.626350+00:00;1
2021-11-19 12:39:19.009823+00:00;1
2021-11-19 12:40:10.429316+00:00;1
2021-11-19 12:49:47.693887+00:00;1
2021-11-19 12:56:47.240591+00:00;3
2021-11-19 13:00:03.071929+00:00;1
2021-11-19 13:09:50.316850+00:00;2
2021-11-23 08:54:13.425527+00:00;10
2021-11-23 08:58:18.370305+00:00;1
2021-11-23 09:04:11.504047+00:00;1
2021-11-23 09:09:30.199790+00:00;1
2021-11-23 09:10:40.271955+00:00;1
2021-11-23 09:15:29.219770+00:00;1
2021-11-23 09:17:50.515353+00:00;1
2021-11-23 11:00:28.568384+00:00;2
2021-11-23 11:03:09.593730+00:00;1
2021-11-23 11:04:56.017151+00:00;1
2021-11-23 11:57:46.632993+00:00;1
2021-11-23 11:59:57.823923+00:00;2
2021-11-23 12:01:40.407998+00:00;2
2021-11-23 12:05:08.665039+00:00;4
2021-11-23 12:25:48.986462+00:00;2
2021-11-23 12:45:43.920748+00:00;1
2021-11-23 12:47:11.785816+00:00;1
2021-11-23 12:49:05.509669+00:00;2
2021-11-23 12:50:16.127986+00:00;2
2021-11-23 12:58:41.295323+00:00;1
2021-11-23 13:02:02.325320+00:00;1
2021-11-23 13:08:29.728976+00:00;1
2021-11-23 13:12:48.680371+00:00;1
2021-11-23 13:19:33.998195+00:00;1
2021-11-23 13:24:17.898385+00:00;1
2021-11-23 13:28:33.614502+00:00;1
2021-11-23 14:11:24.295080+00:00;1
2021-11-23 14:13:34.795779+00:00;1
2021-11-23 14:15:28.092156+00:00;1
2021-11-24 06:36:03.645727+00:00;2
2021-11-24 06:39:53.582299+00:00;20
2021-11-24 06:41:52.495068+00:00;2
2021-11-24 06:43:38.934946+00:00;1
2021-11-24 06:45:18.367442+00:00;1
2021-11-24 06:49:39.049314+00:00;1
2021-11-24 07:00:24.000649+00:00;1
2021-11-24 07:35:30.429436+00:00;1
2021-11-24 07:36:20.331197+00:00;1
2021-11-24 07:37:20.685713+00:00;1
2021-11-24 07:38:06.337308+00:00;1
2021-11-24 08:02:15.309091+00:00;1
2021-11-24 09:32:25.283158+00:00;1
2021-11-24 09:34:18.496520+00:00;1
2021-11-24 09:37:24.670049+00:00;1
2021-11-24 09:48:32.190514+00:00;1
2021-11-24 09:50:19.514707+00:00;1
2021-11-24 10:00:57.819946+00:00;1
2021-11-24 10:21:34.154065+00:00;1
2021-11-24 10:27:12.608544+00:00;1
2021-11-24 10:33:14.775320+00:00;1
2021-11-24 10:34:50.813337+00:00;1
2021-11-24 10:54:50.652107+00:00;1
2021-11-24 10:57:24.467297+00:00;1
2021-11-24 12:02:28.600860+00:00;1
2021-11-24 12:08:26.947719+00:00;1
2021-11-25 08:02:29.625322+00:00;1
2021-11-25 08:03:10.747797+00:00;1
2021-11-25 08:04:06.989248+00:00;1
2021-11-25 08:04:54.764786+00:00;1
2021-11-25 08:11:22.240219+00:00;1
2021-11-25 08:25:54.389181+00:00;1
2021-11-25 08:50:36.248428+00:00;1
2021-11-25 09:17:39.528467+00:00;2
2021-11-25 09:56:22.500589+00:00;9
2021-11-25 09:58:34.075790+00:00;1
2021-11-25 10:01:11.540527+00:00;1
2021-11-25 11:54:53.479279+00:00;1
2021-11-25 12:04:00.614299+00:00;1
2021-11-25 12:04:57.969422+00:00;1
2021-11-25 12:10:39.833673+00:00;1
2021-11-25 12:15:45.670988+00:00;1
2021-11-25 12:16:53.697118+00:00;1
2021-11-25 12:17:36.939353+00:00;1
2021-11-25 12:24:42.407794+00:00;1
2021-11-25 12:29:57.088682+00:00;1
2021-11-25 12:32:29.790781+00:00;1
2021-11-26 07:47:36.506865+00:00;2
2021-11-26 07:58:34.501801+00:00;1
2021-11-26 08:06:39.868414+00:00;1
2021-11-26 08:08:41.520190+00:00;1
2021-11-26 08:11:36.163733+00:00;1
2021-11-26 08:13:19.215603+00:00;1
2021-11-26 08:20:21.415390+00:00;1
2021-11-26 08:27:58.289390+00:00;1
2021-11-26 08:35:27.510455+00:00;1
2021-11-26 08:46:02.088055+00:00;1
2021-11-26 08:52:33.872230+00:00;1
2021-11-26 08:56:32.111891+00:00;1
2021-11-26 09:01:04.785583+00:00;1
2021-11-26 09:02:07.401900+00:00;1
2021-11-26 09:06:16.211429+00:00;1
2021-11-26 09:09:52.848674+00:00;1
2021-11-26 09:13:05.215949+00:00;1
2021-11-26 09:20:42.329507+00:00;1
2021-11-26 09:25:30.705521+00:00;1
2021-11-26 10:04:58.955043+00:00;1
2021-11-26 10:07:38.832943+00:00;2
2021-11-26 10:14:44.226191+00:00;2
2021-11-26 10:23:40.646689+00:00;2
2021-11-26 10:26:39.624660+00:00;1
2021-11-26 10:32:29.321909+00:00;2
2021-11-26 10:35:09.781061+00:00;8
2021-11-26 10:38:03.597901+00:00;1
2021-11-26 11:52:15.946098+00:00;1
2021-11-26 11:54:58.671698+00:00;1
2021-11-26 11:58:09.753163+00:00;1
2021-11-26 12:02:34.772926+00:00;1
2021-11-26 12:14:14.257127+00:00;1
2021-11-26 12:35:52.739229+00:00;1
2021-11-26 12:39:30.071445+00:00;1
2021-11-26 12:55:51.147245+00:00;2
2021-11-26 13:25:22.928697+00:00;1
2021-11-26 13:51:08.203042+00:00;1
2021-11-26 13:54:42.543620+00:00;1
2021-11-26 14:02:08.117337+00:00;3
2021-11-30 06:40:04.730184+00:00;1
2021-11-30 14:22:15.138876+00:00;2
2021-11-30 14:26:51.176517+00:00;1
2021-11-30 14:40:05.064051+00:00;1
2021-11-30 14:41:50.774474+00:00;1
2021-11-30 14:48:46.671415+00:00;15
2021-12-01 06:54:33.865423+00:00;10
2021-12-01 06:58:13.086027+00:00;4
2021-12-01 07:03:00.505388+00:00;1
2021-12-01 07:05:50.527747+00:00;1
2021-12-01 07:10:05.225691+00:00;1
2021-12-01 07:16:54.060782+00:00;1
2021-12-01 07:22:31.662858+00:00;1
2021-12-01 07:54:13.905388+00:00;2
2021-12-01 08:14:18.439068+00:00;1
2021-12-01 08:15:49.105704+00:00;1
2021-12-01 08:31:20.256134+00:00;1
2021-12-01 09:34:16.480492+00:00;1
2021-12-01 09:37:17.572055+00:00;1
2021-12-01 09:43:34.166947+00:00;1
2021-12-01 10:25:51.665366+00:00;1
2021-12-01 10:29:30.365798+00:00;1
2021-12-01 10:32:04.713588+00:00;4
2021-12-01 10:37:44.247407+00:00;1
2021-12-01 10:42:34.467065+00:00;1
2021-12-01 10:43:53.415572+00:00;1
2021-12-01 10:46:30.438511+00:00;1
2021-12-01 11:53:01.779194+00:00;8
2021-12-01 11:54:58.051778+00:00;1
2021-12-01 11:58:29.228717+00:00;7
2021-12-01 12:01:26.195755+00:00;3
2021-12-01 12:04:42.057050+00:00;1
2021-12-01 12:08:02.128089+00:00;1
2021-12-01 12:09:16.572106+00:00;1
2021-12-01 12:11:52.984046+00:00;1
2021-12-01 12:13:47.114998+00:00;2
2021-12-01 12:22:21.117840+00:00;18
2021-12-01 12:26:41.871713+00:00;1
2021-12-01 12:32:41.942202+00:00;1
2021-12-01 13:45:58.899786+00:00;2
2021-12-01 13:47:38.085321+00:00;1
2021-12-01 13:50:01.508561+00:00;1
2021-12-01 13:52:02.994652+00:00;1
2021-12-01 13:52:59.868909+00:00;1
2021-12-01 13:54:05.084835+00:00;1
2021-12-01 13:54:46.011056+00:00;1
2021-12-01 14:00:25.287629+00:00;1
2021-12-01 14:01:27.444960+00:00;1
2021-12-01 14:02:33.371866+00:00;1
2021-12-01 14:03:41.597388+00:00;1
2021-12-01 14:06:31.718874+00:00;1
2021-12-01 14:08:05.919594+00:00;1
2021-12-01 14:09:11.093618+00:00;1
2021-12-01 14:13:17.128587+00:00;1
2021-12-02 06:25:12.246746+00:00;1
2021-12-02 06:32:15.038712+00:00;1
2021-12-02 06:45:57.010163+00:00;1
2021-12-02 06:53:34.332048+00:00;1
2021-12-02 07:08:00.897214+00:00;1
2021-12-02 07:15:40.986071+00:00;1
2021-12-02 07:17:06.062789+00:00;1
2021-12-02 07:18:46.543022+00:00;1
2021-12-02 08:09:58.761229+00:00;2
2021-12-02 08:12:54.553116+00:00;3
2021-12-02 11:05:48.751172+00:00;3
2021-12-02 11:07:36.149053+00:00;1
2021-12-02 11:08:07.870619+00:00;1
2021-12-02 11:13:08.527712+00:00;1
2021-12-02 11:17:37.412482+00:00;2
2021-12-02 11:19:40.171976+00:00;1
2021-12-02 11:20:54.761857+00:00;1
2021-12-03 07:10:58.446191+00:00;2
2021-12-03 07:42:41.490291+00:00;1
2021-12-03 07:47:04.101309+00:00;1
2021-12-03 07:49:47.671644+00:00;1
2021-12-03 07:50:54.025616+00:00;1
2021-12-03 07:52:01.494826+00:00;1
2021-12-03 08:10:26.038325+00:00;1
2021-12-03 08:13:04.958162+00:00;1
2021-12-03 10:10:00.888984+00:00;1
2021-12-03 10:19:08.883140+00:00;1
2021-12-03 10:20:35.294049+00:00;1
2021-12-03 11:43:57.681839+00:00;1
2021-12-03 11:48:43.115855+00:00;1
2021-12-03 11:50:45.161801+00:00;1
2021-12-03 11:55:48.918090+00:00;1
2021-12-03 11:59:16.980638+00:00;1
2021-12-03 12:02:32.446950+00:00;1
2021-12-03 12:28:31.873232+00:00;1
2021-12-03 12:33:49.490551+00:00;1
2021-12-03 12:42:24.431467+00:00;1
2021-12-03 12:45:53.727390+00:00;1
2021-12-08 09:54:38.508113+00:00;1
2021-12-10 10:59:39.900397+00:00;23
2021-12-10 11:01:33.250573+00:00;10
2021-12-13 09:01:42.075274+00:00;1
2021-12-17 09:02:39.236009+00:00;2
2021-12-22 10:54:12.794995+00:00;2
2021-12-22 12:36:12.938502+00:00;1
2021-12-22 12:37:18.511772+00:00;1
2021-12-22 12:38:39.108567+00:00;1
2021-12-22 12:39:44.628321+00:00;1
2021-12-22 12:40:56.223328+00:00;1
2021-12-22 12:42:24.678350+00:00;1
2021-12-22 12:43:41.161070+00:00;1
2021-12-22 12:44:53.058423+00:00;1
2021-12-22 12:45:55.504658+00:00;1
2021-12-22 12:47:46.140427+00:00;1
2021-12-22 12:57:53.210543+00:00;1
2021-12-22 12:59:19.480898+00:00;1
2021-12-22 13:12:15.050015+00:00;1
2021-12-22 13:14:57.678259+00:00;1
2021-12-22 13:16:42.445702+00:00;1
2021-12-22 13:18:26.618401+00:00;1
2021-12-22 13:20:20.176054+00:00;1
2021-12-22 13:23:24.896035+00:00;1
2021-12-22 13:25:51.720357+00:00;1
2021-12-22 13:28:21.134688+00:00;1
2021-12-22 13:29:48.616596+00:00;1
2021-12-23 07:35:48.885788+00:00;1
2021-12-23 07:39:48.211178+00:00;3
2021-12-23 07:54:19.399361+00:00;1
2021-12-23 09:03:55.281681+00:00;4
2021-12-23 09:34:46.823103+00:00;3
2021-12-23 10:06:18.979862+00:00;2
2021-12-23 10:09:29.013818+00:00;1
2021-12-23 10:10:33.091507+00:00;1
2021-12-23 11:59:13.698519+00:00;1
2021-12-23 12:00:21.331098+00:00;1
2021-12-23 12:03:35.561895+00:00;1
2021-12-23 12:10:15.053900+00:00;1
2021-12-23 12:12:17.899990+00:00;1
2021-12-23 12:13:27.645169+00:00;1
2021-12-23 12:14:47.838210+00:00;1
2021-12-23 12:17:23.501049+00:00;1
2021-12-23 12:25:33.857425+00:00;1
2021-12-23 12:28:19.453814+00:00;1
2021-12-23 12:33:14.525644+00:00;1
2021-12-23 12:35:27.010651+00:00;1
2021-12-29 06:39:47.270204+00:00;2
2021-12-29 06:40:46.422407+00:00;2
2021-12-29 06:42:22.199580+00:00;1
2021-12-29 06:44:11.513544+00:00;1
2021-12-29 06:45:08.607615+00:00;1
2021-12-29 06:46:12.383506+00:00;1
2021-12-29 06:48:19.456186+00:00;1
2021-12-29 06:51:51.675984+00:00;1
2021-12-29 06:53:05.343628+00:00;1
2021-12-29 06:53:59.442712+00:00;1
2021-12-29 07:03:09.416071+00:00;1
2021-12-29 07:04:04.379470+00:00;1
2021-12-29 07:04:36.078016+00:00;1
2021-12-29 07:05:08.014171+00:00;1
2021-12-29 07:07:57.889009+00:00;2
2021-12-29 07:18:56.927273+00:00;4
2021-12-29 07:23:48.047145+00:00;1
2021-12-29 07:54:45.063470+00:00;1
2021-12-29 12:21:05.222423+00:00;1
2021-12-29 12:25:55.901534+00:00;1
2021-12-29 12:40:00.836546+00:00;1
2021-12-29 12:42:05.271108+00:00;1
2021-12-29 12:46:15.388292+00:00;1
2021-12-29 13:19:19.601753+00:00;1
2021-12-29 13:23:37.866019+00:00;1
2021-12-29 13:24:30.930632+00:00;1
2021-12-29 13:25:38.663965+00:00;1
2021-12-29 13:26:32.882880+00:00;1
2021-12-29 13:27:17.591045+00:00;1
2021-12-29 13:28:09.148067+00:00;1
2021-12-29 13:30:35.374437+00:00;1
2021-12-29 13:32:28.588508+00:00;1
2021-12-29 13:33:49.435143+00:00;1
2021-12-29 13:35:48.388835+00:00;2
2021-12-29 13:37:50.724019+00:00;2
2021-12-29 13:39:11.519393+00:00;1
2021-12-29 13:40:12.472163+00:00;1
2021-12-29 13:41:05.340353+00:00;1
2021-12-29 13:41:53.334337+00:00;1
2021-12-29 13:57:41.724407+00:00;1
2021-12-29 13:58:36.596418+00:00;1
2021-12-29 13:59:47.276522+00:00;1
2021-12-29 14:01:16.589991+00:00;1
2021-12-29 14:02:27.611296+00:00;2
2021-12-29 14:03:35.522994+00:00;2
2021-12-29 14:05:20.130273+00:00;1
2021-12-29 14:06:49.334148+00:00;1
2021-12-29 14:08:20.842735+00:00;1
2021-12-30 08:00:16.528451+00:00;1
2021-12-30 08:05:48.214553+00:00;1
2021-12-30 08:10:22.735839+00:00;1
2021-12-30 08:12:32.112766+00:00;1
2021-12-30 08:14:21.675254+00:00;1
2021-12-30 08:16:36.157291+00:00;1
2021-12-30 08:17:36.427675+00:00;2
2021-12-30 08:18:20.998813+00:00;1
2021-12-30 08:19:00.543024+00:00;1
2021-12-30 08:19:42.045846+00:00;1
2021-12-30 08:20:29.363558+00:00;1
2021-12-30 08:21:09.740585+00:00;1
2021-12-30 08:30:14.130444+00:00;1
2021-12-30 08:37:13.428312+00:00;1
2021-12-30 08:41:11.542690+00:00;1
2021-12-30 08:44:09.379542+00:00;1
2021-12-30 08:46:14.429501+00:00;1
2021-12-30 08:49:24.367624+00:00;1
2021-12-30 08:52:40.271588+00:00;1
2021-12-30 08:58:06.908855+00:00;1
2021-12-30 09:05:27.257865+00:00;2
2021-12-30 09:12:27.267532+00:00;1
2021-12-30 09:43:56.241020+00:00;1
2021-12-30 09:44:32.663842+00:00;1
2021-12-30 09:45:07.069485+00:00;1
2021-12-30 12:08:15.398154+00:00;1
2021-12-30 12:12:06.817593+00:00;1
2021-12-30 12:13:01.976409+00:00;1
2021-12-30 12:16:05.865169+00:00;1
2021-12-30 12:20:47.704914+00:00;1
2021-12-30 12:22:10.334913+00:00;1
2021-12-30 12:39:13.618811+00:00;1
2021-12-30 12:40:00.976329+00:00;1
2021-12-30 13:23:12.166539+00:00;1
2021-12-30 13:24:36.869903+00:00;1
2021-12-30 13:30:12.072811+00:00;1
2021-12-30 13:31:03.156420+00:00;1
2021-12-30 13:32:47.403240+00:00;1
2021-12-30 13:33:35.129365+00:00;1
2021-12-30 13:35:43.853126+00:00;1
2021-12-30 13:37:32.420423+00:00;1
2021-12-30 13:38:16.204020+00:00;1
2021-12-30 13:39:13.220295+00:00;1
2021-12-30 13:45:00.314638+00:00;1
2021-12-30 13:46:10.347961+00:00;1
2021-12-30 13:47:40.801058+00:00;1
2021-12-30 13:52:19.418508+00:00;2
2021-12-30 13:55:31.837303+00:00;2
2021-12-30 13:58:01.243572+00:00;1
2021-12-30 14:00:36.726213+00:00;3
2021-12-30 14:05:24.106808+00:00;5
2021-12-30 14:08:55.762036+00:00;1
2021-12-30 14:14:06.457095+00:00;2
2021-12-31 07:36:54.040964+00:00;1
2021-12-31 08:15:26.319228+00:00;1
2021-12-31 09:45:34.347835+00:00;15
2021-12-31 10:52:08.417066+00:00;1
2022-01-04 07:50:05.687234+00:00;1
2022-01-04 07:52:05.818460+00:00;1
2022-01-04 07:54:39.867730+00:00;1
2022-01-04 07:55:46.139288+00:00;1
2022-01-04 07:56:36.894130+00:00;1
2022-01-04 07:57:23.519734+00:00;1
2022-01-04 07:58:03.853209+00:00;1
2022-01-04 07:58:46.450254+00:00;1
2022-01-04 07:59:29.182249+00:00;1
2022-01-04 08:00:10.451899+00:00;1
2022-01-04 08:01:55.644044+00:00;1
2022-01-04 08:17:22.444354+00:00;2
2022-01-04 10:53:36.438229+00:00;3
2022-01-04 10:57:31.179189+00:00;3
2022-01-04 11:02:29.976066+00:00;2
2022-01-04 11:44:00.561911+00:00;1
2022-01-04 11:47:07.482117+00:00;1
2022-01-04 11:51:18.537204+00:00;3
2022-01-04 11:57:42.627132+00:00;2
2022-01-04 12:07:56.185592+00:00;3
2022-01-04 12:13:48.689087+00:00;10
2022-01-04 12:18:25.521586+00:00;1
2022-01-04 12:23:38.762918+00:00;2
2022-01-05 07:12:28.764588+00:00;1
2022-01-05 07:13:32.208687+00:00;1
2022-01-05 07:18:44.043169+00:00;2
2022-01-05 07:21:16.669728+00:00;2
2022-01-05 07:36:02.170521+00:00;2
2022-01-05 07:37:25.392563+00:00;1
2022-01-05 07:39:27.406671+00:00;1
2022-01-05 07:41:09.230911+00:00;2
2022-01-05 07:42:34.260402+00:00;1
2022-01-05 08:04:49.847946+00:00;1
2022-01-05 09:50:26.403372+00:00;1
2022-01-05 09:56:39.230446+00:00;2
2022-01-05 11:10:05.101906+00:00;1
2022-01-06 06:22:21.154038+00:00;1
2022-01-06 06:23:15.303652+00:00;1
2022-01-06 06:24:21.410876+00:00;1
2022-01-06 06:25:22.250616+00:00;1
2022-01-06 06:26:20.316943+00:00;1
2022-01-06 06:28:35.645748+00:00;2
2022-01-06 06:31:09.264266+00:00;1
2022-01-06 06:43:31.289708+00:00;1
2022-01-06 06:44:55.901835+00:00;1
2022-01-06 06:46:32.809641+00:00;1
2022-01-06 07:10:26.347451+00:00;1
2022-01-06 07:12:34.883032+00:00;1
2022-01-06 07:13:56.216829+00:00;1
2022-01-06 07:18:34.435022+00:00;1
2022-01-06 07:54:44.427144+00:00;2
2022-01-06 07:56:13.761421+00:00;1
2022-01-06 07:57:05.115604+00:00;1
2022-01-06 07:59:04.359931+00:00;1
2022-01-06 08:02:53.450869+00:00;1
2022-01-06 08:07:32.916085+00:00;2
2022-01-06 08:10:43.715360+00:00;8
2022-01-06 09:08:44.267818+00:00;1
2022-01-06 09:09:41.701325+00:00;1
2022-01-06 09:10:39.266232+00:00;1
2022-01-06 09:11:27.079260+00:00;1
2022-01-06 09:12:26.404424+00:00;1
2022-01-06 09:13:11.275802+00:00;1
2022-01-06 09:16:17.043657+00:00;1
2022-01-06 09:19:27.946412+00:00;1
2022-01-06 09:21:38.115539+00:00;1
2022-01-06 09:23:28.219789+00:00;1
2022-01-06 09:27:33.428423+00:00;1
2022-01-06 09:28:48.295951+00:00;1
2022-01-06 09:49:29.537542+00:00;1
2022-01-06 09:53:25.235911+00:00;1
2022-01-06 10:08:21.994257+00:00;1
2022-01-06 10:09:57.712746+00:00;1
2022-01-06 11:17:11.561412+00:00;1
2022-01-06 11:26:14.254567+00:00;1
2022-01-06 11:28:09.264603+00:00;1
2022-01-06 12:44:37.844242+00:00;3
2022-01-07 09:47:13.945284+00:00;14
2022-01-07 09:48:34.849755+00:00;7
2022-01-07 10:57:05.696902+00:00;1
2022-01-07 10:58:49.061578+00:00;1
2022-01-07 12:25:08.540028+00:00;2
2022-01-07 12:28:45.446511+00:00;1
2022-01-07 12:29:42.373681+00:00;1
2022-01-07 12:30:49.819619+00:00;1
2022-01-07 12:31:50.843475+00:00;1
2022-01-07 12:32:46.292540+00:00;1
2022-01-07 12:33:35.297243+00:00;1
2022-01-07 12:34:39.392422+00:00;1
2022-01-07 12:35:19.645427+00:00;2
2022-01-07 12:37:46.397475+00:00;1
2022-01-07 12:58:50.332026+00:00;1
2022-01-10 14:41:02.931482+00:00;1
2022-01-11 08:09:00.371496+00:00;1
2022-01-11 08:10:44.757567+00:00;1
2022-01-11 08:16:27.462107+00:00;1
2022-01-11 08:20:24.232544+00:00;1
2022-01-11 08:22:37.080362+00:00;1
2022-01-11 08:54:08.604036+00:00;1
2022-01-11 08:55:31.802650+00:00;1
2022-01-11 09:28:01.145229+00:00;1
2022-01-11 09:29:02.730993+00:00;1
2022-01-11 09:30:11.831006+00:00;1
2022-01-11 09:57:59.618852+00:00;1
2022-01-11 09:59:42.151715+00:00;1
2022-01-11 10:01:50.950037+00:00;1
2022-01-11 10:19:18.996690+00:00;1
2022-01-11 10:25:31.574666+00:00;3
2022-01-11 10:32:47.051217+00:00;3
2022-01-11 10:39:29.770475+00:00;1
2022-01-11 12:18:00.056693+00:00;1
2022-01-11 12:19:59.507448+00:00;1
2022-01-11 12:21:14.301498+00:00;1
2022-01-11 12:22:42.505857+00:00;1
2022-01-11 12:24:10.578374+00:00;1
2022-01-11 12:26:49.385143+00:00;2
2022-01-11 12:33:33.415004+00:00;1
2022-01-11 15:56:54.482987+00:00;19
2022-01-12 07:45:17.310036+00:00;10
2022-01-12 09:21:31.154579+00:00;1
2022-01-12 09:23:08.655515+00:00;1
2022-01-12 09:25:17.329959+00:00;1
2022-01-12 09:27:56.263243+00:00;1
2022-01-12 09:29:05.471439+00:00;1
2022-01-12 09:30:16.575078+00:00;1
2022-01-12 09:32:40.253214+00:00;1
2022-01-12 09:34:04.289210+00:00;1
2022-01-13 06:35:31.638695+00:00;1
2022-01-13 06:36:29.144432+00:00;1
2022-01-13 06:37:22.297465+00:00;1
2022-01-13 06:38:12.654513+00:00;1
2022-01-13 06:39:11.621594+00:00;1
2022-01-13 06:40:22.107646+00:00;1
2022-01-13 06:42:56.202696+00:00;1
2022-01-13 06:49:49.473090+00:00;1
2022-01-13 06:50:57.225606+00:00;1
2022-01-13 06:52:07.368628+00:00;1
2022-01-13 06:53:05.191740+00:00;1
2022-01-13 06:53:59.145785+00:00;1
2022-01-13 06:54:50.543572+00:00;1
2022-01-13 06:55:42.526910+00:00;1
2022-01-13 06:57:21.861786+00:00;1
2022-01-13 06:58:14.230266+00:00;1
2022-01-13 06:59:24.839583+00:00;1
2022-01-13 08:13:50.652921+00:00;1
2022-01-13 08:20:38.565518+00:00;1
2022-01-13 08:24:01.983889+00:00;1
2022-01-13 09:48:50.636292+00:00;1
2022-01-13 09:49:58.462497+00:00;1
2022-01-13 09:50:50.401152+00:00;1
2022-01-13 09:52:03.726457+00:00;1
2022-01-13 09:52:51.053526+00:00;1
2022-01-13 09:53:49.536537+00:00;1
2022-01-13 09:54:55.255373+00:00;1
2022-01-13 09:55:56.374932+00:00;1
2022-01-13 12:03:59.257570+00:00;1
2022-01-13 12:09:16.982561+00:00;1
2022-01-13 12:19:07.021696+00:00;2
2022-01-13 12:21:25.598371+00:00;2
2022-01-14 06:55:21.175479+00:00;1
2022-01-14 06:58:32.897032+00:00;1
2022-01-14 07:12:55.773101+00:00;1
2022-01-14 07:15:55.017601+00:00;1
2022-01-14 07:50:05.886613+00:00;1
2022-01-14 07:53:15.532409+00:00;1
2022-01-14 07:56:20.864813+00:00;1
2022-01-14 08:46:57.198975+00:00;1
2022-01-14 08:48:59.746009+00:00;3
2022-01-14 08:50:54.367636+00:00;1
2022-01-14 09:22:26.868980+00:00;1
2022-01-14 09:23:54.733217+00:00;2
2022-01-14 10:05:43.228046+00:00;1
2022-01-14 10:06:52.358853+00:00;1
2022-01-14 10:08:00.708968+00:00;1
2022-01-14 10:10:17.452302+00:00;1
2022-01-14 10:44:45.409060+00:00;1
2022-01-14 10:47:52.267854+00:00;1
2022-01-14 12:25:49.501556+00:00;1
2022-01-14 12:26:37.142722+00:00;1
2022-01-14 12:27:21.510011+00:00;1
2022-01-14 12:29:13.467061+00:00;1
2022-01-14 12:30:01.688669+00:00;1
2022-01-14 12:31:13.106557+00:00;1
2022-01-14 12:33:18.573935+00:00;1
2022-01-14 12:34:13.431741+00:00;1
2022-01-14 12:35:14.815892+00:00;1
2022-01-14 12:35:59.255737+00:00;1
2022-01-14 13:26:46.764479+00:00;1
2022-01-14 13:33:41.220808+00:00;1
2022-01-14 13:34:26.550416+00:00;1
2022-01-14 13:42:31.307863+00:00;1
2022-01-14 13:43:16.770487+00:00;1
2022-01-14 13:44:11.164109+00:00;1
2022-01-14 13:45:37.950640+00:00;2
2022-01-14 13:46:29.491705+00:00;3
2022-01-14 13:48:07.772636+00:00;1
2022-01-14 13:49:53.636721+00:00;1
2022-01-14 13:51:07.391107+00:00;1
2022-01-18 07:34:34.174403+00:00;1
2022-01-18 07:35:53.978444+00:00;1
2022-01-18 07:38:06.234331+00:00;1
2022-01-18 07:38:59.933279+00:00;1
2022-01-18 07:40:20.284900+00:00;1
2022-01-18 07:43:09.217212+00:00;1
2022-01-18 07:44:52.518839+00:00;1
2022-01-18 07:46:54.991868+00:00;1
2022-01-18 07:48:24.955656+00:00;4
2022-01-18 07:51:03.880694+00:00;1
2022-01-18 09:01:11.778784+00:00;1
2022-01-18 09:55:20.464524+00:00;1
2022-01-18 10:05:28.683282+00:00;1
2022-01-18 10:07:48.973100+00:00;1
2022-01-18 10:17:29.601348+00:00;1
2022-01-18 10:22:46.710429+00:00;1
2022-01-18 10:32:11.779185+00:00;1
2022-01-18 10:56:39.649481+00:00;1
2022-01-18 11:16:22.842292+00:00;1
2022-01-18 11:47:56.328367+00:00;1
2022-01-18 11:52:52.854392+00:00;1
2022-01-18 11:54:37.769873+00:00;1
2022-01-18 12:02:02.846724+00:00;1
2022-01-18 12:11:28.154066+00:00;1
2022-01-18 12:19:37.194869+00:00;1
2022-01-18 12:25:22.869602+00:00;1
2022-01-19 07:46:17.785086+00:00;1
2022-01-19 07:53:13.861721+00:00;1
2022-01-19 08:05:23.463802+00:00;1
2022-01-19 08:11:33.329738+00:00;1
2022-01-19 08:37:19.658378+00:00;1
2022-01-19 08:43:15.309735+00:00;1
2022-01-20 06:16:13.054587+00:00;1
2022-01-20 06:22:54.873860+00:00;1
2022-01-20 06:42:03.603451+00:00;1
2022-01-20 06:50:53.969657+00:00;1
2022-01-20 08:02:11.331145+00:00;1
2022-01-20 08:10:11.674833+00:00;1
2022-01-20 08:13:34.854814+00:00;1
2022-01-20 08:19:23.818375+00:00;1
2022-01-20 08:26:41.740161+00:00;1
2022-01-20 08:29:27.212079+00:00;1
2022-01-20 09:52:19.703354+00:00;1
2022-01-20 10:32:20.765003+00:00;1
2022-01-20 10:36:51.455895+00:00;1
2022-01-20 10:44:37.681800+00:00;2
2022-01-20 10:54:25.140594+00:00;10
2022-01-20 10:57:13.648793+00:00;1
2022-01-20 10:58:54.679383+00:00;1
2022-01-20 11:02:42.015795+00:00;1
2022-01-20 11:19:07.192360+00:00;10
2022-01-21 06:03:08.898203+00:00;1
2022-01-21 06:31:00.359984+00:00;1
2022-01-21 06:35:25.293355+00:00;1
2022-01-21 06:36:56.908308+00:00;1
2022-01-21 06:42:55.261757+00:00;1
2022-01-21 06:47:28.653333+00:00;1
2022-01-21 06:51:36.105145+00:00;1
2022-01-21 06:54:54.150523+00:00;1
2022-01-21 06:59:27.290504+00:00;1
2022-01-21 07:09:22.853148+00:00;1
2022-01-21 11:47:26.061208+00:00;4
2022-01-21 11:50:07.837835+00:00;3
2022-01-21 11:59:07.076539+00:00;4
2022-01-21 12:02:48.144385+00:00;4
2022-01-21 12:06:50.358535+00:00;1
2022-01-21 12:07:53.982279+00:00;1
2022-01-21 13:28:13.723595+00:00;1
2022-01-21 13:29:28.809076+00:00;2
2022-01-21 13:30:42.030981+00:00;1
2022-01-21 13:31:16.317513+00:00;2
2022-01-21 13:32:37.550678+00:00;1
2022-01-25 06:46:43.843998+00:00;2
2022-01-25 06:53:28.728145+00:00;37
2022-01-25 09:05:29.848788+00:00;1
2022-01-25 09:29:11.061922+00:00;1
2022-01-25 09:35:24.512022+00:00;1
2022-01-25 09:39:27.057566+00:00;1
2022-01-25 09:58:32.132125+00:00;1
2022-01-25 10:12:49.746397+00:00;1
2022-01-25 10:14:44.985043+00:00;1
2022-01-25 10:20:23.601912+00:00;1
2022-01-25 10:23:30.419178+00:00;1
2022-01-25 10:29:49.808509+00:00;1
2022-01-25 11:45:08.072552+00:00;1
2022-01-25 11:53:05.498641+00:00;1
2022-01-25 11:57:20.018379+00:00;1
2022-01-25 11:59:12.558346+00:00;1
2022-01-25 12:03:49.646061+00:00;1
2022-01-26 06:47:18.585953+00:00;1
2022-01-26 06:48:22.201028+00:00;1
2022-01-26 06:51:32.148088+00:00;1
2022-01-26 06:54:44.122512+00:00;1
2022-01-26 06:57:01.230990+00:00;1
2022-01-26 07:33:02.692939+00:00;1
2022-01-26 07:42:48.743043+00:00;1
2022-01-26 08:01:56.455660+00:00;2
2022-01-26 08:23:59.670156+00:00;2
2022-01-26 08:35:43.147933+00:00;2
2022-01-26 08:56:55.478083+00:00;4
2022-01-26 10:46:23.697881+00:00;5
2022-01-26 10:57:24.676640+00:00;2
2022-01-27 06:40:11.610576+00:00;6
2022-01-27 06:42:02.864185+00:00;1
2022-01-27 06:48:57.388591+00:00;2
2022-01-27 06:55:53.407219+00:00;11
2022-01-27 07:04:14.289631+00:00;9
2022-01-27 07:19:22.911501+00:00;5
2022-01-27 07:30:56.394783+00:00;1
2022-01-27 07:54:23.952797+00:00;1
2022-01-27 08:01:32.110249+00:00;6
2022-01-27 08:06:42.786917+00:00;6
2022-01-27 08:12:07.917964+00:00;1
2022-01-27 10:04:49.156549+00:00;1
2022-01-27 10:10:07.911514+00:00;6
2022-01-27 10:16:37.415790+00:00;18
2022-01-27 10:22:01.137999+00:00;14
2022-01-27 10:25:02.898728+00:00;3
2022-01-27 11:17:47.406140+00:00;3
2022-01-27 11:44:27.609483+00:00;1
2022-01-27 11:58:54.934055+00:00;1
2022-01-27 12:03:10.635226+00:00;1
2022-01-27 12:08:16.176292+00:00;1
2022-01-27 12:13:07.377486+00:00;1
2022-01-27 12:18:59.493601+00:00;1
2022-01-27 12:34:33.838529+00:00;2
2022-01-27 12:39:15.996425+00:00;1
2022-01-27 14:18:56.473765+00:00;1
2022-01-27 14:23:52.614810+00:00;2
2022-01-27 14:29:03.197235+00:00;1
2022-01-28 06:39:36.985120+00:00;1
2022-01-28 06:45:19.999817+00:00;6
2022-01-28 06:52:23.333418+00:00;1
2022-01-28 06:55:47.345378+00:00;1
2022-01-28 07:07:36.837514+00:00;1
2022-01-28 07:28:49.881860+00:00;1
2022-01-28 07:59:53.741041+00:00;4
2022-01-28 09:45:18.324566+00:00;1
2022-01-28 09:46:58.535223+00:00;1
2022-01-28 09:54:47.430334+00:00;3
2022-01-28 10:14:40.724500+00:00;1
2022-01-28 10:16:49.431969+00:00;1
2022-01-28 10:45:13.226951+00:00;1
2022-01-28 10:50:31.329180+00:00;2
2022-02-01 07:14:58.376240+00:00;3
2022-02-01 07:21:36.555745+00:00;5
2022-02-01 08:03:19.987759+00:00;8
2022-02-01 08:05:04.755466+00:00;1
2022-02-01 08:08:30.141185+00:00;4
2022-02-01 08:10:47.596299+00:00;1
2022-02-01 08:15:07.672615+00:00;3
2022-02-01 08:25:13.339710+00:00;12
2022-02-01 08:52:57.252002+00:00;1
2022-02-01 09:04:46.977941+00:00;1
2022-02-01 09:10:28.189968+00:00;5
2022-02-01 09:47:10.514613+00:00;3
2022-02-01 09:49:07.016052+00:00;2
2022-02-01 09:57:27.035690+00:00;1
2022-02-01 10:03:03.638680+00:00;2
2022-02-01 10:09:52.824051+00:00;1
2022-02-01 10:14:12.108668+00:00;1
2022-02-01 10:19:36.163936+00:00;3
2022-02-01 10:23:42.374858+00:00;1
2022-02-01 11:56:56.475130+00:00;1
2022-02-01 12:00:29.716062+00:00;6
2022-02-01 12:04:30.040196+00:00;8
2022-02-01 12:06:32.942400+00:00;5
2022-02-01 12:08:35.360533+00:00;1
2022-02-01 12:10:33.706695+00:00;1
2022-02-01 12:11:59.829841+00:00;2
2022-02-01 12:23:06.103940+00:00;13
2022-02-01 12:30:14.517120+00:00;9
2022-02-01 12:37:10.706993+00:00;1
2022-02-01 14:11:39.697676+00:00;2
2022-02-01 14:15:27.108516+00:00;2
2022-02-01 14:32:40.655054+00:00;11
2022-02-02 06:21:03.825771+00:00;1
2022-02-02 06:25:04.833968+00:00;18
2022-02-02 06:38:01.393774+00:00;1
2022-02-02 06:40:25.810816+00:00;2
2022-02-02 06:42:21.066182+00:00;1
2022-02-02 06:43:33.992702+00:00;1
2022-02-02 06:47:51.348602+00:00;1
2022-02-02 06:50:21.118708+00:00;3
2022-02-02 07:00:02.123955+00:00;3
2022-02-02 07:01:56.520164+00:00;1
2022-02-02 07:36:21.957273+00:00;9
2022-02-02 07:38:53.672973+00:00;9
2022-02-02 07:43:07.700400+00:00;35
2022-02-02 07:45:23.452737+00:00;2
2022-02-02 07:46:38.345151+00:00;1
2022-02-02 07:47:44.760944+00:00;1
2022-02-02 07:48:40.544275+00:00;1
2022-02-02 07:49:35.230891+00:00;1
2022-02-02 07:50:29.395706+00:00;1
2022-02-02 07:51:36.571222+00:00;1
2022-02-02 07:52:31.713586+00:00;1
2022-02-02 10:01:11.283498+00:00;10
2022-02-02 10:24:24.774745+00:00;9
2022-02-02 10:27:58.522842+00:00;4
2022-02-02 10:33:40.342935+00:00;8
2022-02-03 07:34:35.802941+00:00;2
2022-02-03 07:35:47.413202+00:00;1
2022-02-03 07:37:35.797715+00:00;1
2022-02-03 07:44:13.445714+00:00;2
2022-02-03 08:18:18.443517+00:00;1
2022-02-03 10:32:15.199930+00:00;6
2022-02-03 10:45:50.322757+00:00;1
2022-02-03 10:51:40.321829+00:00;8
2022-02-03 10:54:53.497041+00:00;7
2022-02-03 11:47:50.857451+00:00;3
2022-02-03 11:49:38.472408+00:00;3
2022-02-03 11:50:54.664690+00:00;7
2022-02-03 11:53:58.005088+00:00;1
2022-02-03 11:56:46.885844+00:00;8
2022-02-03 11:59:30.274386+00:00;6
2022-02-03 12:07:44.772443+00:00;5
2022-02-03 14:16:16.282372+00:00;2
2022-02-03 14:17:37.843532+00:00;4
2022-02-03 14:25:35.305607+00:00;9
2022-02-03 14:37:42.682740+00:00;4
2022-02-03 14:46:43.091004+00:00;35
2022-02-04 08:04:15.790899+00:00;1
2022-02-04 09:49:49.921916+00:00;1
2022-02-08 07:07:10.830877+00:00;1
2022-02-08 07:18:18.158944+00:00;1
2022-02-08 07:28:50.473622+00:00;2
2022-02-08 08:16:39.637819+00:00;1
2022-02-08 09:45:25.795647+00:00;2
2022-02-08 09:53:46.652349+00:00;3
2022-02-08 10:28:26.698005+00:00;2
2022-02-08 10:39:30.377015+00:00;2
2022-02-08 10:44:45.472073+00:00;9
2022-02-08 10:49:46.736765+00:00;5
2022-02-08 10:55:47.123121+00:00;10
2022-02-08 12:00:24.541940+00:00;8
2022-02-08 12:10:45.224939+00:00;10
2022-02-08 12:37:12.510559+00:00;8
2022-02-08 14:32:40.179437+00:00;56
2022-02-08 14:34:34.726555+00:00;1
2022-02-08 14:39:06.283048+00:00;1
2022-02-08 14:43:34.419912+00:00;11
2022-02-09 06:41:56.470737+00:00;1
2022-02-09 06:53:03.317284+00:00;2
2022-02-09 06:59:06.845106+00:00;1
2022-02-09 07:04:53.041378+00:00;4
2022-02-09 07:08:59.781109+00:00;3
2022-02-09 07:10:40.097709+00:00;6
2022-02-09 07:11:58.622381+00:00;1
2022-02-09 07:12:54.402831+00:00;1
2022-02-09 07:13:31.255751+00:00;1
2022-02-09 07:14:25.150555+00:00;1
2022-02-09 07:15:36.376558+00:00;1
2022-02-09 07:16:41.043239+00:00;1
2022-02-09 07:20:06.052765+00:00;14
2022-02-09 07:21:15.820661+00:00;1
2022-02-09 07:23:11.089834+00:00;1
2022-02-09 07:24:45.537680+00:00;1
2022-02-09 07:25:22.810991+00:00;1
2022-02-09 07:26:05.506945+00:00;1
2022-02-09 07:26:39.353883+00:00;1
2022-02-09 07:27:19.196304+00:00;1
2022-02-09 08:20:08.986347+00:00;1
2022-02-09 08:21:22.517040+00:00;1
2022-02-09 08:22:32.292511+00:00;1
2022-02-09 08:23:10.192763+00:00;1
2022-02-09 08:24:55.152688+00:00;4
2022-02-09 08:26:16.177258+00:00;1
2022-02-09 08:26:53.373264+00:00;1
2022-02-09 08:27:38.784841+00:00;1
2022-02-09 08:28:19.701762+00:00;1
2022-02-09 08:28:59.513112+00:00;1
2022-02-09 08:29:32.599229+00:00;1
2022-02-09 08:30:09.677247+00:00;1
2022-02-09 08:32:30.641769+00:00;6
2022-02-09 08:33:21.979624+00:00;1
2022-02-09 08:34:21.616026+00:00;1
2022-02-09 08:35:20.691104+00:00;1
2022-02-09 08:36:01.747760+00:00;1
2022-02-09 08:37:19.266864+00:00;1
2022-02-09 08:37:54.512408+00:00;1
2022-02-09 08:38:39.583750+00:00;1
2022-02-09 08:39:15.888977+00:00;1
2022-02-09 08:39:46.851625+00:00;1
2022-02-09 09:01:08.721366+00:00;1
2022-02-09 09:10:39.996232+00:00;6
2022-02-09 09:11:54.290847+00:00;1
2022-02-09 09:15:23.020296+00:00;2
2022-02-09 09:18:48.354322+00:00;2
2022-02-09 09:21:20.911425+00:00;7
2022-02-09 09:32:07.584471+00:00;1
2022-02-09 09:40:42.502003+00:00;1
2022-02-09 09:45:27.595545+00:00;1
2022-02-09 09:57:59.780005+00:00;1
2022-02-09 10:12:05.668869+00:00;8
2022-02-09 10:18:21.408792+00:00;4
2022-02-09 10:29:38.467165+00:00;1
2022-02-09 10:40:34.241892+00:00;1
2022-02-09 10:43:00.691281+00:00;1
2022-02-09 10:44:42.530254+00:00;1
2022-02-10 09:38:34.223118+00:00;1
2022-02-10 09:44:52.173352+00:00;2
2022-02-10 09:47:32.148522+00:00;1
2022-02-10 10:16:52.374480+00:00;2
2022-02-10 10:20:20.524660+00:00;1
2022-02-10 10:51:21.805577+00:00;37
2022-02-10 10:59:46.195055+00:00;10
2022-02-10 11:21:35.623718+00:00;5
2022-02-10 12:09:32.308274+00:00;6
2022-02-10 12:12:19.641789+00:00;11
2022-02-10 12:25:18.868622+00:00;6
2022-02-10 14:55:08.695004+00:00;25
2022-02-11 08:00:29.690266+00:00;4
2022-02-11 08:02:16.271545+00:00;2
2022-02-11 08:08:32.474296+00:00;5
2022-02-11 09:31:54.918326+00:00;3
2022-02-11 09:41:20.066646+00:00;9
2022-02-11 10:55:40.616246+00:00;6
2022-02-11 10:57:59.675998+00:00;1
2022-02-11 11:02:23.427467+00:00;6
2022-02-11 11:07:45.248309+00:00;1
2022-02-11 11:12:37.225731+00:00;1
2022-02-11 12:11:43.438252+00:00;1
2022-02-11 12:12:59.100734+00:00;1
2022-02-11 12:15:28.062690+00:00;5
2022-02-11 12:16:57.977994+00:00;4
2022-02-11 12:34:34.562014+00:00;4
2022-02-11 12:35:53.867163+00:00;1
2022-02-11 12:40:46.976599+00:00;4
2022-02-11 12:43:46.243365+00:00;1
2022-02-11 12:49:18.671098+00:00;5
2022-02-11 12:53:11.694442+00:00;2
2022-02-11 12:55:49.759686+00:00;3
2022-02-11 13:06:08.745297+00:00;6
2022-02-11 13:28:21.769730+00:00;5
2022-02-11 13:30:54.530296+00:00;1
2022-02-11 13:38:43.551756+00:00;5
2022-02-11 13:42:31.698476+00:00;4
2022-02-11 13:47:11.478321+00:00;49
2022-02-11 13:48:49.847385+00:00;1
2022-02-11 13:54:07.478683+00:00;11
2022-02-15 07:37:56.201986+00:00;3
2022-02-15 08:05:19.926520+00:00;1
2022-02-15 08:32:09.372933+00:00;4
2022-02-15 08:37:41.499250+00:00;14
2022-02-15 08:50:03.792809+00:00;8
2022-02-15 08:53:25.380582+00:00;7
2022-02-15 09:35:02.192842+00:00;8
2022-02-15 09:38:03.927159+00:00;1
2022-02-15 09:48:03.012475+00:00;1
2022-02-15 10:31:19.163126+00:00;5
2022-02-15 10:40:33.759449+00:00;1
2022-02-15 10:48:21.497051+00:00;24
2022-02-15 10:51:31.135091+00:00;8
2022-02-15 11:04:00.951002+00:00;7
2022-02-15 12:04:57.037080+00:00;52
2022-02-15 12:08:00.539334+00:00;3
2022-02-15 12:09:02.988073+00:00;3
2022-02-15 12:31:39.233109+00:00;20
2022-02-15 12:41:38.340907+00:00;1
2022-02-15 12:45:44.848733+00:00;1
2022-02-15 14:33:57.581794+00:00;8
2022-02-15 14:36:59.254139+00:00;2
2022-02-16 06:40:44.919726+00:00;1
2022-02-16 06:48:11.801809+00:00;1
2022-02-16 06:52:23.564322+00:00;8
2022-02-16 06:55:40.431814+00:00;1
2022-02-16 07:00:58.219164+00:00;1
2022-02-16 07:04:12.465960+00:00;1
2022-02-16 07:10:43.085665+00:00;3
2022-02-16 07:13:34.139097+00:00;2
2022-02-16 08:21:14.308689+00:00;10
2022-02-16 08:24:32.351565+00:00;1
2022-02-16 08:27:57.690160+00:00;1
2022-02-16 09:33:30.727705+00:00;1
2022-02-16 10:03:26.049998+00:00;2
2022-02-16 10:08:34.753158+00:00;1
2022-02-16 10:15:42.457544+00:00;1
2022-02-16 10:20:53.262094+00:00;1
2022-02-16 10:24:03.806998+00:00;2
2022-02-16 10:31:14.799613+00:00;2
2022-02-16 10:35:49.300342+00:00;1
2022-02-16 10:39:47.608905+00:00;8
2022-02-16 10:42:54.104262+00:00;3
2022-02-16 10:44:45.069903+00:00;13
2022-02-16 10:46:58.896109+00:00;9
2022-02-16 10:49:09.418895+00:00;2
2022-02-16 10:50:55.809483+00:00;7
2022-02-16 14:21:16.723214+00:00;14
2022-02-17 06:13:00.664896+00:00;2
2022-02-17 06:15:22.347615+00:00;3
2022-02-17 06:17:14.705720+00:00;1
2022-02-17 06:24:49.629209+00:00;1
2022-02-17 06:45:17.785550+00:00;2
2022-02-17 06:47:48.731952+00:00;7
2022-02-17 07:47:34.337352+00:00;1
2022-02-17 09:13:14.245725+00:00;7
2022-02-17 09:19:44.174007+00:00;1
2022-02-17 09:33:56.089066+00:00;8
2022-02-17 09:45:43.840681+00:00;3
2022-02-17 10:16:02.214591+00:00;2
2022-02-17 10:18:15.056511+00:00;2
2022-02-17 10:27:59.322665+00:00;2
2022-02-17 10:32:39.359064+00:00;3
2022-02-17 10:40:27.264504+00:00;7
2022-02-17 10:42:24.521597+00:00;3
2022-02-17 10:50:29.908787+00:00;3
2022-02-17 10:58:16.725228+00:00;13
2022-02-17 11:48:57.569395+00:00;14
2022-02-17 11:50:59.873733+00:00;10
2022-02-17 12:00:24.213783+00:00;9
2022-02-17 12:09:41.983068+00:00;3
2022-02-17 12:13:27.636467+00:00;1
2022-02-17 12:16:15.308423+00:00;3
2022-02-17 12:19:20.203906+00:00;2
2022-02-17 12:23:53.440068+00:00;4
2022-02-17 12:26:33.947893+00:00;1
2022-02-18 07:33:19.078111+00:00;2
2022-02-18 07:49:57.052365+00:00;2
2022-02-18 08:01:30.013484+00:00;1
2022-02-18 08:23:28.186761+00:00;3
2022-02-18 09:30:55.499718+00:00;4
2022-02-18 10:32:24.098759+00:00;1
2022-02-21 06:52:25.993886+00:00;1
2022-02-22 09:19:48.438919+00:00;21
2022-02-22 09:27:47.428068+00:00;1
2022-02-22 09:31:26.285186+00:00;7
2022-02-22 09:37:54.218107+00:00;2
2022-02-22 09:39:36.232743+00:00;1
2022-02-22 09:49:27.142102+00:00;6
2022-02-22 09:59:31.319618+00:00;1
2022-02-22 10:32:31.623049+00:00;21
2022-02-22 10:44:48.424217+00:00;20
2022-02-22 11:41:05.315683+00:00;12
2022-02-22 11:48:40.692723+00:00;1
2022-02-22 11:57:25.324849+00:00;1
2022-02-22 12:00:16.063153+00:00;1
2022-02-22 12:05:51.016147+00:00;9
2022-02-22 12:14:58.732185+00:00;3
2022-02-22 12:19:02.263980+00:00;6
2022-02-22 12:24:53.639342+00:00;1
2022-02-22 12:28:59.313784+00:00;8
2022-02-22 12:31:23.127017+00:00;4
2022-02-22 12:41:00.769544+00:00;1
2022-02-23 06:27:49.062147+00:00;1
2022-02-23 06:35:50.946511+00:00;13
2022-02-23 06:44:11.408759+00:00;2
2022-02-23 06:56:10.328019+00:00;3
2022-02-23 07:03:41.531701+00:00;3
2022-02-23 07:13:02.151177+00:00;5
2022-02-23 07:31:22.369848+00:00;1
2022-02-23 07:35:19.232796+00:00;1
2022-02-23 07:37:52.838291+00:00;1
2022-02-23 07:39:31.181959+00:00;1
2022-02-23 07:41:16.215089+00:00;1
2022-02-23 07:48:10.479242+00:00;2
2022-02-23 07:50:19.212483+00:00;2
2022-02-23 07:52:47.244710+00:00;4
2022-02-23 07:57:02.530449+00:00;3
2022-02-23 09:50:35.144326+00:00;4
2022-02-23 10:02:57.812949+00:00;1
2022-02-23 10:05:57.657102+00:00;2
2022-02-23 10:11:05.295157+00:00;12
2022-02-23 10:16:17.959693+00:00;1
2022-02-23 10:18:43.254181+00:00;4
2022-02-23 10:41:34.153430+00:00;5
2022-02-23 10:43:36.022763+00:00;1
2022-02-23 10:45:00.979870+00:00;1
2022-02-23 10:47:17.826280+00:00;1
2022-02-23 10:49:32.085647+00:00;1
2022-02-23 10:51:34.145248+00:00;7
2022-02-23 10:53:39.829563+00:00;1
2022-02-23 10:56:09.002376+00:00;2
2022-02-23 10:59:05.798018+00:00;1
2022-02-23 11:00:39.058172+00:00;9
2022-02-23 11:02:39.365203+00:00;1
2022-02-23 11:04:36.026156+00:00;1
2022-02-23 11:29:48.776166+00:00;1
2022-02-24 09:09:41.991430+00:00;2
2022-02-24 09:27:07.434809+00:00;8
2022-02-24 09:53:27.983045+00:00;1
2022-02-24 10:01:21.196678+00:00;2
2022-02-24 10:05:30.313566+00:00;12
2022-02-24 10:09:33.413315+00:00;1
2022-02-24 10:14:16.715840+00:00;4
2022-02-24 10:16:26.662593+00:00;1
2022-02-24 10:38:33.612357+00:00;1
2022-02-24 11:47:19.351541+00:00;4
2022-02-24 12:03:34.031061+00:00;9
2022-02-24 12:06:24.682612+00:00;11
2022-02-24 12:08:08.159342+00:00;10
2022-02-24 12:12:57.213359+00:00;3
2022-02-24 12:26:37.590631+00:00;5
2022-02-24 12:32:00.062205+00:00;1
2022-02-25 06:30:49.660194+00:00;2
2022-02-25 06:36:22.191971+00:00;4
2022-02-25 06:39:38.113572+00:00;2
2022-02-25 06:45:20.569162+00:00;10
2022-02-25 07:46:53.254124+00:00;1
2022-02-25 07:48:50.302137+00:00;1
2022-02-25 07:50:04.524283+00:00;2
2022-02-25 07:51:01.178890+00:00;2
2022-02-25 08:09:46.313199+00:00;1
2022-02-25 08:13:24.851124+00:00;1
2022-02-25 08:22:12.222926+00:00;2
2022-02-25 08:24:27.714626+00:00;3
2022-02-25 10:55:56.525263+00:00;1
2022-02-25 12:46:25.862800+00:00;1
2022-02-25 13:18:50.379350+00:00;9
2022-02-25 13:22:03.221855+00:00;1
2022-02-25 13:38:12.808016+00:00;16
2022-03-01 08:07:35.242455+00:00;12
2022-03-01 08:20:01.293445+00:00;13
2022-03-01 09:44:55.689126+00:00;1
2022-03-01 10:02:44.982084+00:00;6
2022-03-01 10:06:35.807374+00:00;1
2022-03-01 10:08:33.751143+00:00;1
2022-03-01 10:18:30.926005+00:00;17
2022-03-01 10:25:19.948745+00:00;5
2022-03-01 10:30:02.862637+00:00;4
2022-03-01 10:31:39.126961+00:00;5
2022-03-01 10:35:50.419041+00:00;4
2022-03-04 08:10:38.256868+00:00;7
2022-03-04 08:16:37.368188+00:00;1
2022-03-04 10:06:18.240641+00:00;1
2022-03-04 10:18:27.033371+00:00;5
2022-03-04 10:26:11.292760+00:00;79
2022-03-04 10:37:12.415918+00:00;3
2022-03-11 06:54:39.434434+00:00;5
2022-03-11 07:03:25.921658+00:00;10
2022-03-11 07:07:45.248570+00:00;3
2022-03-11 07:11:20.362203+00:00;9
2022-03-11 09:54:26.478199+00:00;1
2022-03-11 09:55:38.664482+00:00;1
2022-03-11 09:58:10.303065+00:00;13
2022-03-11 10:18:00.957495+00:00;1
2022-03-15 06:47:25.816667+00:00;2
2022-03-15 06:53:47.125857+00:00;1
2022-03-15 06:55:34.416995+00:00;2
2022-03-15 06:58:55.088956+00:00;1
2022-03-15 07:34:32.263560+00:00;1
2022-03-15 07:42:29.022269+00:00;3
2022-03-15 07:44:56.885977+00:00;1
2022-03-15 08:03:04.626592+00:00;1
2022-03-15 08:05:50.496309+00:00;3
2022-03-15 08:24:03.879928+00:00;1
2022-03-15 08:39:38.441988+00:00;1
2022-03-15 08:50:53.432299+00:00;1
2022-03-15 09:15:00.096214+00:00;1
2022-03-15 09:22:06.883160+00:00;3
2022-03-15 09:27:36.266306+00:00;1
2022-03-15 09:40:30.392031+00:00;1
2022-03-16 10:03:57.942884+00:00;9
2022-03-16 12:29:46.745142+00:00;6
2022-03-16 12:35:06.555280+00:00;2
2022-03-16 12:38:48.793989+00:00;2
2022-03-16 12:45:05.136346+00:00;1
2022-03-16 12:54:01.857498+00:00;9
2022-03-16 12:58:30.561864+00:00;5
2022-03-16 13:01:18.171382+00:00;3
2022-03-16 13:03:52.772823+00:00;1
2022-03-16 13:08:08.899637+00:00;1
2022-03-16 13:11:16.843785+00:00;6
2022-03-16 13:13:20.298639+00:00;6
2022-03-16 13:16:59.494930+00:00;1
2022-03-16 13:19:58.055753+00:00;1
2022-03-16 13:41:44.305029+00:00;1
2022-03-16 13:58:08.693464+00:00;1
2022-03-16 14:01:55.390541+00:00;1
2022-03-16 14:04:38.211546+00:00;1
2022-03-16 14:13:01.360879+00:00;1
2022-03-16 14:16:54.610137+00:00;2
2022-03-16 14:18:55.253129+00:00;2
2022-03-16 14:32:09.296708+00:00;3
2022-03-16 14:38:06.781036+00:00;2
2022-03-17 08:20:04.015052+00:00;5
2022-03-18 07:11:06.386419+00:00;1
2022-03-18 08:14:03.097339+00:00;1
2022-03-18 08:28:49.734099+00:00;8
2022-03-21 10:59:41.030999+00:00;1
2022-03-23 08:37:55.911863+00:00;1
2022-03-23 12:57:46.972722+00:00;3
2022-03-23 13:02:00.499921+00:00;3
2022-03-23 13:09:16.101955+00:00;1
2022-03-23 13:15:25.824493+00:00;1
2022-03-23 13:19:44.136592+00:00;6
2022-03-23 13:24:42.225597+00:00;6
2022-03-23 13:42:40.191959+00:00;9
2022-03-23 13:46:20.667416+00:00;2
2022-03-23 14:11:12.229077+00:00;4
2022-03-23 14:23:27.658235+00:00;20
2022-03-23 14:27:13.470677+00:00;1
2022-03-29 07:56:52.445827+00:00;61
2022-03-29 08:33:41.760666+00:00;69
2022-03-29 08:45:16.642433+00:00;1
2022-03-31 08:05:13.904320+00:00;1
2022-03-31 08:12:04.872510+00:00;1
2022-03-31 08:18:46.809446+00:00;1
2022-03-31 08:53:34.392278+00:00;2
2022-03-31 08:58:10.730773+00:00;1
2022-03-31 09:02:47.834005+00:00;1
2022-03-31 09:07:26.967962+00:00;11
2022-03-31 09:12:34.337889+00:00;2
2022-03-31 09:19:32.991422+00:00;1
2022-03-31 09:42:32.737821+00:00;11
2022-04-03 10:43:39.755628+00:00;1
2022-04-04 07:06:32.435564+00:00;1
2022-04-04 11:41:26.610094+00:00;1
2022-04-05 05:59:51.813054+00:00;2
2022-04-05 09:04:13.163826+00:00;6
2022-04-05 09:08:13.993847+00:00;2
2022-04-05 09:16:06.491082+00:00;3
2022-04-05 09:18:54.111603+00:00;1
2022-04-06 04:58:17.894705+00:00;1
2022-04-06 05:00:39.895708+00:00;8
2022-04-06 05:03:51.937576+00:00;3
2022-04-06 11:21:30.472300+00:00;1
2022-04-06 11:56:49.361871+00:00;64
2022-04-06 12:00:33.162765+00:00;2
2022-04-06 12:46:16.392389+00:00;2
2022-04-07 04:28:08.354238+00:00;2
2022-04-07 04:29:29.118844+00:00;2
2022-04-07 04:33:53.410766+00:00;1
2022-04-07 04:39:49.504888+00:00;5
2022-04-07 04:42:19.446183+00:00;5
2022-04-07 04:43:43.536611+00:00;1
2022-04-07 06:14:00.379252+00:00;2
2022-04-07 06:18:07.301423+00:00;3
2022-04-07 06:19:39.232736+00:00;5
2022-04-07 06:21:20.913028+00:00;2
2022-04-07 06:25:08.247487+00:00;9
2022-04-07 06:26:32.185570+00:00;1
2022-04-07 06:27:30.149610+00:00;1
2022-04-07 06:34:24.560093+00:00;8
2022-04-07 06:37:19.256010+00:00;7
2022-04-07 06:43:04.893094+00:00;13
2022-04-07 09:17:32.981540+00:00;3
2022-04-07 09:44:41.066447+00:00;7
2022-04-07 09:53:24.570538+00:00;5
2022-04-07 09:55:14.171765+00:00;1
2022-04-07 09:56:43.643010+00:00;3
2022-04-07 09:58:40.288546+00:00;11
2022-04-08 05:40:10.125018+00:00;9
2022-04-08 05:47:16.953735+00:00;1
2022-04-08 05:52:51.667308+00:00;6
2022-04-08 07:58:27.682434+00:00;3
2022-04-08 08:05:59.530334+00:00;2
2022-04-12 05:30:38.173981+00:00;2
2022-04-12 05:50:38.012944+00:00;14
2022-04-12 05:56:54.140511+00:00;5
2022-04-12 06:06:39.237398+00:00;8
2022-04-12 06:22:46.032198+00:00;1
2022-04-12 06:26:13.575406+00:00;6
2022-04-12 06:32:17.824485+00:00;1
2022-04-12 06:33:33.154750+00:00;5
2022-04-12 07:16:07.539668+00:00;2
2022-04-12 07:18:09.672545+00:00;4
2022-04-12 07:25:10.348407+00:00;1
2022-04-12 07:45:32.485910+00:00;1
2022-04-12 07:50:06.254062+00:00;7
2022-04-12 07:54:51.047886+00:00;5
2022-04-12 08:10:57.320855+00:00;2
2022-04-12 08:20:13.691555+00:00;3
2022-04-12 08:25:55.225811+00:00;4
2022-04-12 08:38:19.611345+00:00;4
2022-04-13 09:07:22.532966+00:00;1
2022-04-13 09:30:16.925638+00:00;1
2022-04-14 04:48:09.156205+00:00;3
2022-04-14 04:50:46.859383+00:00;2
2022-04-14 05:32:25.639799+00:00;2
2022-04-14 05:38:54.801301+00:00;5
2022-04-14 05:43:02.163007+00:00;1
2022-04-14 06:27:16.253926+00:00;1
2022-04-14 06:32:02.776542+00:00;1
2022-04-14 07:09:53.776294+00:00;4
2022-04-14 08:14:16.996888+00:00;1
2022-04-14 08:19:55.973415+00:00;2
2022-04-14 08:39:40.130911+00:00;4
2022-04-14 08:43:50.773175+00:00;3
2022-04-14 08:58:00.084709+00:00;3
2022-04-21 05:22:47.144237+00:00;1
2022-04-21 07:29:27.903257+00:00;6
2022-04-21 07:36:21.881612+00:00;1
2022-04-21 07:38:20.823500+00:00;2
2022-04-21 07:42:25.977869+00:00;5
2022-04-21 07:50:19.390126+00:00;1
2022-04-21 07:54:25.806612+00:00;1
2022-04-21 08:23:32.646612+00:00;2
2022-04-21 08:32:43.604865+00:00;1
2022-04-21 08:40:25.229210+00:00;1
2022-04-21 08:41:29.549701+00:00;1
2022-04-21 08:43:22.071930+00:00;8
2022-04-21 08:46:12.763765+00:00;11
2022-04-21 08:50:10.674929+00:00;5
2022-04-21 08:51:41.677584+00:00;2
2022-04-22 05:51:26.140449+00:00;1
2022-04-22 06:04:00.530755+00:00;3
2022-04-22 07:00:01.337214+00:00;7
2022-04-22 07:02:58.430630+00:00;1
2022-04-22 07:06:48.783087+00:00;6
2022-04-22 07:11:11.314628+00:00;9
2022-04-22 08:24:26.219706+00:00;10
2022-04-22 08:29:54.683324+00:00;3
2022-04-22 08:56:18.948874+00:00;1
2022-04-28 05:53:50.850384+00:00;3
2022-04-28 05:55:19.086648+00:00;1
2022-04-28 07:02:07.192824+00:00;1
2022-04-28 07:08:01.146348+00:00;1
2022-04-28 07:17:13.724353+00:00;1
2022-04-28 07:18:52.505788+00:00;1
2022-04-28 07:26:35.811252+00:00;1
2022-04-28 07:29:37.696328+00:00;2
2022-04-28 07:33:16.237884+00:00;2
2022-04-28 07:35:39.635156+00:00;2
2022-04-28 07:49:10.554300+00:00;1
2022-04-28 07:52:29.325742+00:00;2
2022-04-28 07:54:42.829868+00:00;2
2022-04-28 08:36:13.583111+00:00;7
2022-04-28 08:39:43.099186+00:00;1
2022-04-28 08:41:39.805310+00:00;3
2022-04-28 08:44:11.167019+00:00;2
2022-04-28 08:47:44.815783+00:00;5
2022-04-28 08:51:56.407541+00:00;2
2022-04-28 08:54:15.063401+00:00;1
2022-04-28 08:56:27.629991+00:00;1
2022-04-28 08:58:42.855931+00:00;1
2022-04-28 08:59:58.171900+00:00;1
2022-04-28 09:05:08.363790+00:00;1
2022-04-29 06:49:33.028915+00:00;1
2022-04-29 07:00:28.318955+00:00;1
2022-04-29 07:02:47.884171+00:00;1
2022-04-29 07:04:06.927505+00:00;3
2022-04-29 07:05:21.247333+00:00;1
2022-04-29 07:07:23.708471+00:00;4
2022-04-29 07:16:18.096154+00:00;1
2022-04-29 07:17:46.816915+00:00;2
2022-04-29 08:44:03.798859+00:00;1
2022-04-29 08:46:14.229360+00:00;3
2022-04-29 08:55:03.662649+00:00;1
2022-04-29 08:57:51.071752+00:00;1
2022-04-29 09:21:35.651940+00:00;11
2022-04-29 09:38:37.837832+00:00;3
2022-04-29 09:46:16.382608+00:00;4
2022-05-03 05:19:23.112115+00:00;18
2022-05-03 05:23:34.758153+00:00;51
2022-05-03 05:26:15.047554+00:00;1
2022-05-03 05:27:59.532641+00:00;1
2022-05-03 05:30:45.386623+00:00;9
2022-05-03 05:54:56.356784+00:00;4
2022-05-03 06:18:00.083802+00:00;2
2022-05-03 06:23:10.462075+00:00;15
2022-05-03 06:25:18.042392+00:00;1
2022-05-03 06:32:14.765992+00:00;6
2022-05-03 06:36:34.004447+00:00;2
2022-05-03 06:42:40.192223+00:00;34
2022-05-03 07:32:31.923952+00:00;1
2022-05-03 07:35:57.323164+00:00;1
2022-05-03 07:44:27.750372+00:00;13
2022-05-03 07:53:14.500480+00:00;4
2022-05-03 08:12:27.281666+00:00;1
2022-05-03 08:15:11.702879+00:00;11
2022-05-03 08:16:52.563104+00:00;1
2022-05-03 08:20:04.728803+00:00;3
2022-05-03 08:34:29.082785+00:00;2
2022-05-03 08:42:06.279234+00:00;27
2022-05-04 10:51:14.837921+00:00;2
2022-05-04 11:43:00.926572+00:00;11
2022-05-04 11:46:56.695298+00:00;1
2022-05-04 11:49:43.552380+00:00;1
2022-05-04 11:51:33.859044+00:00;1
2022-05-04 12:03:07.455441+00:00;3
2022-05-04 12:49:44.871410+00:00;5
2022-05-04 12:51:07.604952+00:00;4
2022-05-04 12:52:55.274429+00:00;1
2022-05-04 12:54:37.584512+00:00;1
2022-05-04 12:56:21.034497+00:00;1
2022-05-04 12:57:27.552326+00:00;6
2022-05-06 07:01:09.576521+00:00;1
2022-05-09 10:16:34.723324+00:00;1
2022-05-10 06:28:32.191663+00:00;2
2022-05-10 06:30:35.880274+00:00;2
2022-05-10 06:34:47.225825+00:00;8
2022-05-10 06:40:48.718850+00:00;2
2022-05-10 06:42:27.277025+00:00;12
2022-05-10 06:56:59.588213+00:00;2
2022-05-10 06:57:53.999791+00:00;4
2022-05-10 07:00:21.216259+00:00;2
2022-05-10 07:02:20.937280+00:00;15
2022-05-10 07:24:37.155314+00:00;2
2022-05-10 07:27:18.261079+00:00;10
2022-05-10 07:43:57.701240+00:00;2
2022-05-10 07:49:25.857755+00:00;8
2022-05-10 08:26:40.800324+00:00;9
2022-05-10 08:33:03.556128+00:00;37
2022-05-11 07:39:42.659274+00:00;2
2022-05-11 07:41:48.418618+00:00;1
2022-05-12 05:34:13.187024+00:00;1
2022-05-12 05:39:38.859600+00:00;8
2022-05-12 05:53:48.913727+00:00;1
2022-05-12 06:00:19.932993+00:00;2
2022-05-12 07:24:17.186715+00:00;3
2022-05-12 08:13:59.724452+00:00;15
2022-05-12 08:17:34.681620+00:00;12
2022-05-12 08:26:38.964271+00:00;5
2022-05-12 08:30:53.712769+00:00;1
2022-05-12 08:32:52.226885+00:00;2
2022-05-12 08:35:40.378317+00:00;2
2022-05-12 09:09:21.426279+00:00;2
2022-05-12 09:13:08.001321+00:00;2
2022-05-12 09:17:25.744157+00:00;1
2022-05-12 09:24:16.917636+00:00;1
2022-05-13 05:11:48.686624+00:00;25
2022-05-13 05:18:03.307536+00:00;1
2022-05-13 05:20:13.601618+00:00;7
2022-05-13 05:23:36.284080+00:00;5
2022-05-13 06:34:35.296720+00:00;1
2022-05-13 06:44:12.226359+00:00;8
2022-05-13 06:47:51.509863+00:00;11
2022-05-13 07:02:03.811017+00:00;6
2022-05-13 07:03:14.783530+00:00;9
2022-05-13 07:04:28.626990+00:00;7
2022-05-13 07:08:10.538330+00:00;9
2022-05-13 07:10:36.004068+00:00;1
2022-05-13 07:16:49.351948+00:00;1
2022-05-17 05:35:14.085256+00:00;1
2022-05-17 05:37:08.102859+00:00;1
2022-05-17 05:44:03.268709+00:00;1
2022-05-17 05:49:40.106311+00:00;3
2022-05-17 06:39:51.168844+00:00;1
2022-05-17 07:03:31.051985+00:00;1
2022-05-17 07:09:10.332315+00:00;2
2022-05-17 08:59:49.249482+00:00;1
2022-05-17 09:18:00.815447+00:00;2
2022-05-17 09:24:40.445657+00:00;1
2022-05-18 06:42:14.927183+00:00;2
2022-05-18 06:48:59.441447+00:00;15
2022-05-18 09:16:08.241018+00:00;2
2022-05-18 09:20:32.480937+00:00;14
2022-05-18 09:29:18.789108+00:00;2
2022-05-18 09:34:50.223860+00:00;26
2022-05-18 12:07:35.815151+00:00;2
2022-05-18 12:15:54.892407+00:00;1
2022-05-18 12:27:36.553675+00:00;2
2022-05-18 12:29:39.201868+00:00;12
2022-05-19 05:40:10.704408+00:00;5
2022-05-19 06:16:27.072641+00:00;1
2022-05-19 06:19:06.438093+00:00;1
2022-05-19 06:32:39.112707+00:00;2
2022-05-19 06:46:33.978009+00:00;1
2022-05-19 07:22:42.018052+00:00;2
2022-05-19 07:25:29.182975+00:00;5
2022-05-19 08:07:52.280453+00:00;2
2022-05-19 08:13:36.354141+00:00;2
2022-05-19 08:21:36.699145+00:00;4
2022-05-19 09:18:29.747235+00:00;4
2022-05-19 09:25:11.073687+00:00;5
2022-05-19 09:27:33.009849+00:00;2
2022-05-20 05:48:13.789444+00:00;6
2022-05-20 05:52:05.346501+00:00;1
2022-05-20 05:55:16.114073+00:00;6
2022-05-20 06:16:19.533360+00:00;6
2022-05-20 07:01:52.669585+00:00;3
2022-05-20 07:22:08.936630+00:00;1
2022-05-20 07:24:48.039774+00:00;1
2022-05-20 07:28:15.884633+00:00;5
2022-05-20 07:35:06.131424+00:00;5
2022-05-24 05:50:00.590249+00:00;1
2022-05-24 05:53:27.464718+00:00;1
2022-05-24 05:57:55.084418+00:00;3
2022-05-24 06:02:39.604263+00:00;7
2022-05-24 06:07:30.345821+00:00;5
2022-05-24 06:09:18.856216+00:00;3
2022-05-24 06:29:03.909314+00:00;1
2022-05-24 06:32:58.944202+00:00;10
2022-05-24 07:19:55.014732+00:00;5
2022-05-24 07:53:45.959215+00:00;2
2022-05-24 07:59:19.291636+00:00;1
2022-05-24 08:00:56.536278+00:00;1
2022-05-24 08:09:47.738394+00:00;1
2022-05-24 08:40:39.932222+00:00;2
2022-05-24 08:42:15.560398+00:00;1
2022-05-24 08:45:37.159074+00:00;7
2022-05-24 08:47:11.642349+00:00;9
2022-05-24 08:48:41.802720+00:00;3
2022-05-24 08:51:24.912114+00:00;22
2022-05-24 08:59:52.594486+00:00;1
2022-05-24 09:07:33.691540+00:00;1
2022-05-24 09:11:32.722758+00:00;1
2022-05-24 09:15:21.657982+00:00;2
2022-05-24 09:20:08.217460+00:00;2
2022-05-25 06:03:05.030070+00:00;1
2022-05-25 07:51:39.284509+00:00;5
2022-05-25 08:24:12.021584+00:00;3
2022-05-25 11:43:53.868648+00:00;3
2022-06-01 07:07:05.551854+00:00;1
2022-06-01 08:56:07.512300+00:00;1
2022-06-01 09:03:35.632928+00:00;1
2022-06-01 09:10:52.599832+00:00;6
2022-06-01 09:43:08.138547+00:00;6
2022-06-01 09:52:59.948216+00:00;6
2022-06-01 09:57:18.941810+00:00;6
2022-06-01 10:00:02.771539+00:00;2
2022-06-01 10:03:18.722256+00:00;1
2022-06-01 10:04:50.583645+00:00;1
2022-06-01 10:07:45.734954+00:00;6
2022-06-01 10:13:38.269636+00:00;1
2022-06-01 10:15:20.490289+00:00;1
2022-06-01 10:25:26.439493+00:00;7
2022-06-01 10:35:28.543184+00:00;32
2022-06-02 09:42:36.356946+00:00;1
2022-06-02 09:54:26.386956+00:00;2
2022-06-02 10:00:09.761403+00:00;2
2022-06-02 10:07:26.950506+00:00;3
2022-06-02 10:12:09.859942+00:00;1
2022-06-02 10:14:59.474550+00:00;1
2022-06-02 10:18:25.072830+00:00;1
2022-06-14 08:40:18.524630+00:00;3
2022-06-14 08:43:08.955660+00:00;2
2022-06-14 10:51:58.925010+00:00;1
2022-06-15 05:23:22.721334+00:00;1
2022-06-15 05:25:16.082238+00:00;5
2022-06-15 05:27:20.577524+00:00;2
2022-06-15 05:30:30.065141+00:00;1
2022-06-15 05:33:44.194275+00:00;1
2022-06-15 05:42:30.094317+00:00;3
2022-06-15 06:07:26.301234+00:00;6
2022-06-15 06:09:34.711892+00:00;4
2022-06-15 06:11:40.695570+00:00;4
2022-06-15 08:51:24.302194+00:00;1
2022-06-15 11:43:44.623325+00:00;1
2022-06-15 12:21:38.343475+00:00;45
2022-06-16 05:35:08.566950+00:00;7
2022-06-16 05:55:25.829004+00:00;2
2022-06-16 11:07:20.979497+00:00;2
2022-06-16 11:28:28.421903+00:00;2
2022-06-16 11:34:08.539486+00:00;1
2022-06-17 06:20:43.354736+00:00;47
2022-06-17 07:03:33.882660+00:00;2
2022-06-17 07:19:56.400561+00:00;2
2022-06-17 07:26:13.551139+00:00;3
2022-06-17 07:51:14.905988+00:00;1
2022-06-17 07:59:26.653606+00:00;7
2022-06-17 08:13:27.797086+00:00;1
2022-06-22 12:02:16.611091+00:00;1
2022-06-22 12:14:46.720007+00:00;1
2022-06-22 12:18:28.781713+00:00;1
2022-06-23 05:12:24.740930+00:00;1
2022-06-23 05:15:07.171251+00:00;1
2022-06-23 05:21:28.470282+00:00;9
2022-06-23 06:43:42.263184+00:00;1
2022-06-23 08:03:46.375726+00:00;1
2022-06-23 08:23:50.994017+00:00;1
2022-06-23 08:26:02.076184+00:00;1
2022-06-23 08:30:31.679662+00:00;1
2022-06-23 08:37:02.601309+00:00;6
2022-06-23 08:41:59.555173+00:00;1
2022-06-23 08:43:28.557520+00:00;5
2022-06-23 09:16:00.206658+00:00;2
2022-06-23 09:39:28.111275+00:00;1
2022-06-23 09:42:33.488444+00:00;2
2022-06-24 09:05:13.692166+00:00;1
2022-06-24 09:50:15.490531+00:00;1
2022-06-24 12:38:41.721226+00:00;7
2022-06-24 12:51:15.692692+00:00;7
2022-06-24 13:17:41.969487+00:00;3
2022-06-24 13:20:00.665024+00:00;1
2022-06-24 13:28:36.359067+00:00;10
2022-06-28 06:12:10.298681+00:00;3
2022-06-28 06:14:55.799259+00:00;1
2022-06-28 07:13:31.532710+00:00;2
2022-06-28 07:28:17.756423+00:00;1
2022-06-28 07:45:00.154239+00:00;3
2022-06-28 11:13:21.186712+00:00;3
2022-06-28 11:19:19.869772+00:00;4
2022-06-28 11:31:48.910666+00:00;1
2022-06-28 13:18:00.430097+00:00;1
2022-06-28 13:20:21.299803+00:00;1
2022-06-28 13:42:25.118863+00:00;6
2022-06-28 13:49:25.960764+00:00;12
2022-06-29 06:36:04.977450+00:00;1
2022-06-29 07:13:11.388234+00:00;3
2022-06-29 07:31:47.338538+00:00;2
2022-06-29 09:33:30.297723+00:00;1
2022-06-29 09:38:13.447416+00:00;1
2022-06-29 12:51:19.031313+00:00;1
2022-06-29 13:22:26.446255+00:00;1
2022-06-30 04:54:48.796656+00:00;3
2022-06-30 04:58:22.327664+00:00;1
2022-06-30 05:42:56.400712+00:00;1
2022-06-30 07:54:22.015821+00:00;9
2022-06-30 08:08:08.303326+00:00;1
2022-06-30 08:15:15.417053+00:00;1
2022-06-30 08:46:42.735147+00:00;1
2022-06-30 08:57:53.677270+00:00;1
2022-06-30 09:14:20.809142+00:00;1
2022-06-30 09:30:23.034598+00:00;1
2022-06-30 09:35:45.996094+00:00;1
2022-06-30 09:42:54.923450+00:00;4
2022-06-30 13:13:23.322877+00:00;1
2022-06-30 13:14:00.041265+00:00;1
2022-06-30 13:14:31.869046+00:00;1
2022-07-01 05:24:10.591848+00:00;2
2022-07-01 05:34:52.030908+00:00;1
2022-07-01 05:38:35.440839+00:00;1
2022-07-01 05:40:10.692114+00:00;1
2022-07-01 05:48:53.006408+00:00;1
2022-07-01 05:50:13.589885+00:00;1
2022-07-01 06:37:40.571819+00:00;1
2022-07-01 06:39:32.944343+00:00;1
2022-07-01 08:42:50.181307+00:00;2
2022-07-01 09:01:12.804185+00:00;2
2022-07-01 09:10:45.117311+00:00;1
2022-07-01 09:17:59.645416+00:00;1
2022-07-01 09:31:12.770610+00:00;10
2022-07-01 09:45:09.276920+00:00;2
2022-07-01 10:49:25.048197+00:00;5
2022-07-01 10:51:52.394421+00:00;5
2022-07-01 11:04:36.096395+00:00;1
2022-07-01 11:12:20.488827+00:00;3
2022-07-05 06:14:08.345033+00:00;5
2022-07-05 06:22:57.589850+00:00;17
2022-07-05 06:25:55.930276+00:00;1
2022-07-05 06:29:06.043417+00:00;2
2022-07-05 06:50:22.069747+00:00;1
2022-07-05 07:09:54.414221+00:00;5
2022-07-05 07:12:57.757273+00:00;3
2022-07-05 07:16:18.827699+00:00;8
2022-07-05 07:17:49.715951+00:00;6
2022-07-05 07:20:38.304076+00:00;2
2022-07-06 06:01:50.671443+00:00;3
2022-07-06 06:33:08.121430+00:00;3
2022-07-06 06:57:48.356395+00:00;1
2022-07-06 07:19:14.981848+00:00;3
2022-07-06 07:24:07.863247+00:00;1
2022-07-06 09:19:14.601433+00:00;1
2022-07-06 09:29:16.575292+00:00;3
2022-07-06 09:59:00.184476+00:00;2
2022-07-06 10:57:56.969952+00:00;2
2022-07-06 11:00:26.026673+00:00;1
2022-07-06 11:17:42.629481+00:00;2
2022-07-06 11:20:59.107511+00:00;1
2022-07-06 11:25:25.832332+00:00;2
2022-07-06 11:55:04.048294+00:00;4
2022-07-06 12:00:58.495641+00:00;9
2022-07-06 13:02:04.370749+00:00;2
2022-07-07 05:31:26.995104+00:00;2
2022-07-07 05:37:50.289794+00:00;1
2022-07-07 06:45:47.148750+00:00;2
2022-07-07 06:53:17.917919+00:00;4
2022-07-07 07:12:02.259861+00:00;14
2022-07-07 07:20:13.479974+00:00;3
2022-07-07 07:39:40.111477+00:00;1
2022-07-07 07:48:25.752996+00:00;2
2022-07-07 08:11:30.699562+00:00;2
2022-07-07 08:22:19.435900+00:00;1
2022-07-07 08:41:15.093567+00:00;1
2022-07-07 08:57:27.274662+00:00;5
2022-07-07 09:12:57.866757+00:00;1
2022-07-07 09:17:37.251513+00:00;1
2022-07-07 09:22:30.459305+00:00;1
2022-07-07 09:28:27.130011+00:00;1
2022-07-08 04:52:45.719556+00:00;1
2022-07-08 06:32:51.905667+00:00;3
2022-07-08 07:55:17.248243+00:00;6
2022-07-08 08:38:41.419015+00:00;2
2022-07-08 09:37:12.104375+00:00;9
2022-07-12 07:58:51.626787+00:00;1
2022-07-12 08:02:19.926722+00:00;7
2022-07-12 11:14:02.942177+00:00;1
2022-07-12 11:27:22.832202+00:00;1
2022-07-12 11:39:46.724967+00:00;11
2022-07-12 11:51:16.109734+00:00;2
2022-07-13 06:41:19.705063+00:00;1
2022-07-13 07:07:46.924589+00:00;1
2022-07-13 09:12:38.690569+00:00;1
2022-07-13 09:18:02.484908+00:00;25
2022-07-13 11:23:04.056796+00:00;20
2022-07-14 05:24:27.146379+00:00;1
2022-07-14 05:34:46.712539+00:00;21
2022-07-14 06:03:25.375861+00:00;2
2022-07-14 06:07:24.958351+00:00;3
2022-07-14 06:08:47.005708+00:00;1
2022-07-14 06:10:47.409877+00:00;1
2022-07-14 06:14:08.845220+00:00;5
2022-07-14 06:16:10.474762+00:00;1
2022-07-14 06:18:24.474911+00:00;1
2022-07-14 06:27:25.533837+00:00;1
2022-07-14 06:30:25.843556+00:00;2
2022-07-14 06:57:12.284070+00:00;2
2022-07-14 07:07:33.504441+00:00;1
2022-07-14 07:14:30.267486+00:00;2
2022-07-14 07:16:11.532478+00:00;1
2022-07-14 07:25:13.883480+00:00;15
2022-07-14 07:38:01.767976+00:00;4
2022-07-14 08:02:00.279324+00:00;1
2022-07-14 08:13:49.411160+00:00;1
2022-07-14 08:25:09.330764+00:00;1
2022-07-14 08:39:05.499679+00:00;2
2022-07-14 09:35:09.052108+00:00;1
2022-07-15 05:09:13.228381+00:00;1
2022-07-15 05:44:13.084870+00:00;2
2022-07-15 05:53:25.667777+00:00;1
2022-07-15 06:11:25.578681+00:00;1
2022-07-15 06:49:55.998774+00:00;2
2022-07-15 07:00:19.292606+00:00;1
2022-07-15 07:10:16.433021+00:00;1
2022-07-15 08:48:07.310413+00:00;1
2022-07-15 11:55:19.673716+00:00;10
2022-07-15 12:00:11.641504+00:00;1
2022-07-15 12:05:58.351750+00:00;1
2022-07-15 12:43:54.837156+00:00;1
2022-07-15 12:46:50.217803+00:00;1
2022-07-15 12:47:48.439445+00:00;1
2022-07-15 12:48:48.913918+00:00;3
2022-07-15 12:52:13.559528+00:00;1
2022-07-15 12:55:06.770909+00:00;1
2022-07-15 12:58:08.070232+00:00;2
2022-07-15 12:59:57.861289+00:00;1
2022-07-15 13:01:21.970269+00:00;1
2022-07-19 05:13:43.217424+00:00;2
2022-07-19 05:16:41.991024+00:00;6
2022-07-19 05:19:23.586883+00:00;1
2022-07-19 05:21:43.465196+00:00;1
2022-07-19 05:41:27.385990+00:00;1
2022-07-19 05:44:58.395964+00:00;2
2022-07-19 05:50:03.509876+00:00;1
2022-07-19 07:37:57.472212+00:00;1
2022-07-19 08:12:43.434912+00:00;1
2022-07-19 08:19:46.624125+00:00;1
2022-07-19 08:36:04.202648+00:00;2
2022-07-19 08:55:16.607119+00:00;7
2022-07-19 08:58:19.066098+00:00;2
2022-07-19 12:07:39.268867+00:00;1
2022-07-19 12:11:48.000577+00:00;1
2022-07-19 12:24:55.288903+00:00;7
2022-07-19 12:28:10.951757+00:00;2
2022-07-19 12:37:29.309762+00:00;2
2022-07-19 12:42:55.333219+00:00;2
2022-07-19 12:46:19.045456+00:00;1
2022-07-20 05:36:57.280225+00:00;3
2022-07-20 05:43:00.116473+00:00;1
2022-07-20 05:45:01.263355+00:00;1
2022-07-20 05:46:03.017336+00:00;1
2022-07-20 05:47:01.545380+00:00;1
2022-07-20 05:47:58.065348+00:00;1
2022-07-20 05:50:20.461381+00:00;3
2022-07-20 05:54:06.303512+00:00;1
2022-07-20 05:56:18.014865+00:00;1
2022-07-20 05:57:56.046602+00:00;1
2022-07-20 05:59:51.384859+00:00;1
2022-07-20 06:41:51.980530+00:00;1
2022-07-20 07:11:42.093698+00:00;1
2022-07-20 07:22:15.261033+00:00;1
2022-07-20 07:55:14.280194+00:00;14
2022-07-20 08:04:46.087168+00:00;7
2022-07-20 08:19:45.601628+00:00;1
2022-07-20 08:41:51.245928+00:00;1
2022-07-20 08:58:31.827310+00:00;2
2022-07-20 09:03:07.668185+00:00;3
2022-07-20 09:04:02.620887+00:00;4
2022-07-20 09:04:49.450148+00:00;2
2022-07-20 09:07:51.401015+00:00;3
2022-07-21 05:01:22.275092+00:00;2
2022-07-21 05:03:44.784594+00:00;1
2022-07-21 05:47:22.353378+00:00;1
2022-07-21 08:44:00.279986+00:00;1
2022-07-21 09:09:12.727370+00:00;1
2022-07-22 05:35:58.775342+00:00;1
2022-07-22 06:10:27.320742+00:00;1
2022-07-22 06:16:28.721554+00:00;1
2022-07-22 06:18:11.165748+00:00;1
2022-07-25 08:54:18.328236+00:00;2
2022-07-25 11:15:06.136278+00:00;1
2022-07-26 05:57:04.092607+00:00;6
2022-07-26 06:04:29.171839+00:00;1
2022-07-26 06:06:01.358309+00:00;2
2022-07-26 06:08:46.994548+00:00;7
2022-07-26 06:14:10.187850+00:00;4
2022-07-26 06:29:15.598063+00:00;1
2022-07-26 07:33:08.155341+00:00;1
2022-07-27 07:58:40.043382+00:00;5
2022-07-27 08:43:24.613114+00:00;2
2022-07-28 05:56:51.847179+00:00;1
2022-07-28 06:13:00.293837+00:00;1
2022-07-29 05:36:31.475613+00:00;1
2022-07-29 05:43:47.357012+00:00;6
2022-07-29 07:44:07.127039+00:00;2
2022-07-29 08:40:40.493116+00:00;1
2022-07-29 11:26:02.357749+00:00;1
2022-07-29 11:28:40.660642+00:00;2
2022-07-29 11:33:44.859518+00:00;2
2022-07-29 11:36:33.533058+00:00;1
2022-07-29 11:40:25.434487+00:00;1
2022-07-29 11:47:57.647997+00:00;1
2022-07-29 12:02:04.779645+00:00;1
2022-07-29 13:15:19.262939+00:00;1
2022-07-29 13:17:05.497213+00:00;1
2022-08-02 04:39:14.505442+00:00;2
2022-08-02 04:40:25.369513+00:00;1
2022-08-02 05:47:49.711794+00:00;1
2022-08-02 06:06:41.628833+00:00;1
2022-08-02 06:11:16.530865+00:00;1
2022-08-02 07:45:42.004501+00:00;1
2022-08-02 08:00:14.510514+00:00;2
2022-08-02 08:26:42.442839+00:00;2
2022-08-02 08:30:02.393445+00:00;1
2022-08-02 10:58:01.495774+00:00;1
2022-08-02 11:58:08.197218+00:00;1
2022-08-02 11:59:46.906828+00:00;1
2022-08-02 12:08:47.709274+00:00;1
2022-08-03 04:40:42.651190+00:00;2
2022-08-03 04:46:37.903215+00:00;1
2022-08-03 04:48:14.497954+00:00;1
2022-08-03 05:05:11.141615+00:00;1
2022-08-03 05:50:33.215421+00:00;2
2022-08-03 05:56:35.300521+00:00;8
2022-08-03 07:27:06.328719+00:00;4
2022-08-03 07:29:06.004797+00:00;2
2022-08-03 07:30:00.748770+00:00;2
2022-08-03 07:42:01.257659+00:00;13
2022-08-03 07:44:14.834353+00:00;5
2022-08-03 07:53:16.356322+00:00;6
2022-08-03 07:58:14.326479+00:00;7
2022-08-04 07:01:58.786433+00:00;4
2022-08-04 07:02:57.334694+00:00;5
2022-08-04 07:03:45.005978+00:00;2
2022-08-04 07:05:20.853995+00:00;13
2022-08-04 07:06:16.482618+00:00;2
2022-08-04 07:07:30.294981+00:00;25
2022-08-04 07:08:22.535424+00:00;2
2022-08-04 07:17:37.844748+00:00;1
2022-08-04 07:21:24.544228+00:00;4
2022-08-04 07:23:51.646484+00:00;9
2022-08-04 09:35:41.816056+00:00;1
2022-08-04 10:02:20.989240+00:00;1
2022-08-05 06:51:45.051682+00:00;2
2022-08-05 06:55:57.761100+00:00;3
2022-08-05 08:42:15.393002+00:00;2
2022-08-05 08:52:21.623385+00:00;25
2022-08-05 11:48:15.560700+00:00;2
2022-08-05 11:51:22.687413+00:00;3
2022-08-05 11:53:40.513365+00:00;2
2022-08-05 12:00:29.825244+00:00;9
2022-08-08 14:52:45.163985+00:00;2
2022-08-09 07:14:41.827567+00:00;1
2022-08-09 07:55:15.251388+00:00;23
2022-08-09 07:59:18.278942+00:00;1
2022-08-09 08:04:03.329964+00:00;15
2022-08-09 08:13:54.995524+00:00;6
2022-08-09 08:15:06.194181+00:00;1
2022-08-09 08:22:28.127329+00:00;1
2022-08-09 08:32:29.566998+00:00;4
2022-08-09 08:52:35.992039+00:00;3
2022-08-09 08:53:53.392845+00:00;2
2022-08-09 08:57:05.433463+00:00;3
2022-08-09 08:58:25.476019+00:00;4
2022-08-09 08:59:36.326738+00:00;6
2022-08-09 09:00:37.583000+00:00;2
2022-08-09 09:14:59.790658+00:00;1
2022-08-09 09:15:59.218230+00:00;2
2022-08-09 09:41:36.745200+00:00;1
2022-08-09 09:44:45.160384+00:00;1
2022-08-09 09:45:54.052806+00:00;1
2022-08-09 09:49:14.910248+00:00;1
2022-08-09 09:50:22.999517+00:00;1
2022-08-09 11:34:39.706188+00:00;7
2022-08-09 11:36:04.355102+00:00;2
2022-08-09 11:43:27.301599+00:00;2
2022-08-09 11:59:20.614851+00:00;2
2022-08-09 12:14:39.011826+00:00;1
2022-08-09 12:15:59.336773+00:00;1
2022-08-09 12:18:03.103905+00:00;2
2022-08-09 12:19:11.642181+00:00;1
2022-08-09 12:23:19.047345+00:00;3
2022-08-09 13:59:52.911661+00:00;1
2022-08-10 05:34:39.912327+00:00;2
2022-08-10 05:36:47.214515+00:00;2
2022-08-10 05:39:12.160834+00:00;2
2022-08-10 05:41:57.089354+00:00;25
2022-08-10 06:14:47.669675+00:00;1
2022-08-10 06:29:31.616430+00:00;1
2022-08-10 06:39:09.287194+00:00;5
2022-08-10 07:15:42.263046+00:00;18
2022-08-10 07:17:27.917313+00:00;1
2022-08-10 07:19:53.250626+00:00;1
2022-08-10 07:30:42.944734+00:00;1
2022-08-10 07:34:23.827499+00:00;1
2022-08-10 07:40:21.935841+00:00;1
2022-08-10 07:47:10.925273+00:00;2
2022-08-10 07:50:17.336644+00:00;3
2022-08-10 07:52:39.703251+00:00;2
2022-08-10 07:56:18.610837+00:00;20
2022-08-10 07:57:23.337257+00:00;2
2022-08-10 08:01:49.464459+00:00;15
2022-08-10 08:03:41.086354+00:00;1
2022-08-10 08:06:34.736550+00:00;2
2022-08-10 08:09:07.376116+00:00;5
2022-08-10 08:11:29.725654+00:00;1
2022-08-10 08:35:10.503919+00:00;3
2022-08-10 08:45:20.373518+00:00;1
2022-08-10 08:55:24.624156+00:00;6
2022-08-10 09:03:19.657209+00:00;5
2022-08-10 09:08:43.728987+00:00;1
2022-08-11 06:15:40.022185+00:00;1
2022-08-11 06:23:36.379508+00:00;1
2022-08-11 07:22:07.176537+00:00;2
2022-08-11 07:23:26.146664+00:00;6
2022-08-11 09:20:57.464909+00:00;1
2022-08-11 09:26:20.595873+00:00;10
2022-08-11 09:30:02.357194+00:00;2
2022-08-11 09:32:19.231473+00:00;1
2022-08-11 09:35:45.642288+00:00;3
2022-08-11 09:36:43.875912+00:00;2
2022-08-11 09:37:48.660093+00:00;2
2022-08-11 10:20:08.245679+00:00;1
2022-08-11 10:23:36.038369+00:00;1
2022-08-11 11:11:21.714217+00:00;1
2022-08-11 11:12:05.470936+00:00;1
2022-08-11 11:14:16.333231+00:00;1
2022-08-12 05:22:58.590736+00:00;2
2022-08-12 05:39:34.130672+00:00;23
2022-08-12 05:41:41.382120+00:00;1
2022-08-12 05:44:12.378360+00:00;2
2022-08-12 05:52:07.732108+00:00;21
2022-08-12 05:53:44.816960+00:00;2
2022-08-12 05:59:15.848866+00:00;19
2022-08-12 06:03:13.987936+00:00;2
2022-08-12 06:08:37.888895+00:00;6
2022-08-12 06:18:27.221471+00:00;2
2022-08-12 06:19:27.924763+00:00;6
2022-08-12 06:30:34.646656+00:00;4
2022-08-12 06:32:16.889015+00:00;1
2022-08-12 06:42:18.953605+00:00;1
2022-08-12 07:07:05.198129+00:00;6
2022-08-12 07:09:26.590363+00:00;5
2022-08-12 07:17:06.997256+00:00;2
2022-08-12 07:18:06.740351+00:00;1
2022-08-12 07:18:56.033459+00:00;1
2022-08-12 07:20:09.832752+00:00;6
2022-08-12 07:21:06.462322+00:00;2
2022-08-12 07:23:39.869418+00:00;1
2022-08-12 09:04:06.962277+00:00;1
2022-08-12 09:16:57.184053+00:00;1
2022-08-12 09:19:37.134946+00:00;1
2022-08-12 09:20:37.489463+00:00;1
2022-08-12 09:30:04.414491+00:00;1
2022-08-12 09:37:21.972776+00:00;4
2022-08-12 09:38:37.224796+00:00;6
2022-08-12 09:39:25.626733+00:00;1
2022-08-12 09:39:59.103843+00:00;1
2022-08-12 09:40:27.107150+00:00;1
2022-08-12 09:40:52.760679+00:00;3
2022-08-12 09:41:26.639870+00:00;5
2022-08-12 09:47:12.562513+00:00;1
2022-08-12 09:51:01.418790+00:00;2
2022-08-12 09:59:44.584572+00:00;2
2022-08-12 10:02:13.692298+00:00;1
2022-08-12 11:31:47.280990+00:00;1
2022-08-12 11:33:23.996934+00:00;1
2022-08-12 11:35:14.764867+00:00;2
2022-08-12 11:38:11.885389+00:00;1
2022-08-12 11:41:03.069721+00:00;1
2022-08-12 11:42:36.830083+00:00;1
2022-08-15 08:14:39.822486+00:00;1
2022-08-16 05:42:03.498211+00:00;2
2022-08-16 05:47:28.191339+00:00;2
2022-08-16 05:48:46.105390+00:00;1
2022-08-16 05:49:42.313102+00:00;1
2022-08-16 05:50:08.677900+00:00;1
2022-08-16 05:54:21.199840+00:00;2
2022-08-16 05:57:36.238729+00:00;21
2022-08-16 06:06:38.314062+00:00;2
2022-08-16 06:08:55.457629+00:00;3
2022-08-16 06:15:25.861311+00:00;2
2022-08-16 06:21:52.150683+00:00;1
2022-08-16 06:23:04.728390+00:00;1
2022-08-16 06:25:26.224412+00:00;1
2022-08-16 06:27:31.616329+00:00;2
2022-08-16 06:28:26.396693+00:00;1
2022-08-16 06:29:13.398788+00:00;1
2022-08-16 06:31:27.343985+00:00;1
2022-08-16 06:33:25.261182+00:00;2
2022-08-16 06:40:41.153921+00:00;80
2022-08-16 07:38:16.791778+00:00;2
2022-08-16 07:40:53.795227+00:00;10
2022-08-16 07:42:46.639381+00:00;2
2022-08-16 07:43:38.295091+00:00;1
2022-08-16 07:46:19.354973+00:00;1
2022-08-16 08:59:18.407302+00:00;2
2022-08-16 09:02:15.702841+00:00;17
2022-08-16 09:03:27.809410+00:00;2
2022-08-16 09:08:59.232228+00:00;30
2022-08-16 11:53:42.157490+00:00;2
2022-08-16 11:59:25.369959+00:00;2
2022-08-16 12:02:10.252202+00:00;13
2022-08-16 12:03:35.580191+00:00;2
2022-08-16 12:08:50.759437+00:00;103
2022-08-16 12:13:41.324034+00:00;2
2022-08-16 12:15:30.630226+00:00;20
2022-08-16 12:16:30.806414+00:00;2
2022-08-16 12:24:25.075505+00:00;21
2022-08-16 12:28:58.181704+00:00;2
2022-08-16 12:32:45.436590+00:00;77
2022-08-16 12:34:35.141077+00:00;2
2022-08-16 12:35:16.001492+00:00;3
2022-08-17 04:47:38.732882+00:00;1
2022-08-17 08:31:34.153620+00:00;2
2022-08-17 08:32:57.581660+00:00;10
2022-08-17 08:34:29.288398+00:00;2
2022-08-17 08:36:49.514523+00:00;5
2022-08-17 08:37:57.186568+00:00;1
2022-08-17 08:39:14.311554+00:00;2
2022-08-17 08:42:43.721749+00:00;23
2022-08-17 08:44:54.723269+00:00;2
2022-08-17 08:47:49.232879+00:00;18
2022-08-17 08:53:52.479126+00:00;1
2022-08-17 09:01:10.419917+00:00;2
2022-08-17 09:04:21.970697+00:00;7
2022-08-17 09:05:36.454855+00:00;2
2022-08-17 09:08:17.314661+00:00;19
2022-08-17 09:10:25.352476+00:00;1
2022-08-17 09:11:51.982078+00:00;1
2022-08-18 06:35:45.174912+00:00;1
2022-08-23 14:09:18.747106+00:00;1
2022-08-23 14:38:06.190825+00:00;1
2022-08-25 05:43:33.790579+00:00;1
2022-08-25 07:04:33.581306+00:00;1
2022-08-25 07:12:05.996808+00:00;1
2022-08-25 07:13:51.408798+00:00;1
2022-08-25 07:18:18.985582+00:00;1
2022-08-25 07:19:46.966267+00:00;1
2022-08-31 07:46:28.809710+00:00;1
2022-08-31 07:49:30.821351+00:00;1
2022-08-31 08:34:45.341589+00:00;2
2022-08-31 08:36:27.032419+00:00;1
2022-08-31 08:37:55.618276+00:00;1
2022-08-31 08:39:58.678563+00:00;1
2022-08-31 08:42:02.777322+00:00;1
2022-08-31 08:43:44.255339+00:00;2
2022-08-31 08:46:11.916627+00:00;1
2022-08-31 08:48:02.155502+00:00;2
2022-08-31 08:49:48.608212+00:00;1
2022-08-31 08:57:24.437657+00:00;1
2022-08-31 09:00:20.046510+00:00;1
2022-08-31 09:02:29.799599+00:00;1
2022-08-31 09:16:39.441835+00:00;6
2022-08-31 09:19:59.114371+00:00;1
2022-08-31 09:21:13.366126+00:00;4
2022-08-31 09:24:30.489208+00:00;1
2022-08-31 09:26:35.835862+00:00;2
2022-08-31 09:45:40.177439+00:00;1
2022-08-31 09:47:28.975489+00:00;1
2022-08-31 13:47:25.777634+00:00;1
2022-08-31 13:55:05.461156+00:00;1
2022-08-31 13:58:44.671224+00:00;1
2022-08-31 14:13:21.104393+00:00;8
2022-09-06 06:08:00.446632+00:00;4
2022-09-06 06:17:02.326224+00:00;26
2022-09-06 06:18:47.958452+00:00;11
2022-09-06 06:19:53.693377+00:00;12
2022-09-06 06:30:33.999303+00:00;2
2022-09-06 06:31:44.085601+00:00;1
2022-09-06 06:33:03.918597+00:00;1
2022-09-06 06:36:01.551622+00:00;1
2022-09-06 07:47:47.284785+00:00;1
2022-09-06 07:50:53.876693+00:00;3
2022-09-06 07:52:47.677542+00:00;1
2022-09-06 07:58:13.035104+00:00;5
2022-09-06 08:03:23.520037+00:00;5
2022-09-06 08:05:26.416627+00:00;4
2022-09-06 08:12:38.098158+00:00;16
2022-09-06 08:15:22.152447+00:00;16
2022-09-06 08:17:28.810195+00:00;1
2022-09-06 08:20:18.484132+00:00;4
2022-09-06 08:26:26.178297+00:00;2
2022-09-06 08:29:08.820086+00:00;4
2022-09-06 08:31:06.377074+00:00;5
2022-09-06 11:12:10.331535+00:00;1
2022-09-06 11:17:10.807879+00:00;2
2022-09-07 04:59:28.212610+00:00;4
2022-09-07 05:03:41.531559+00:00;1
2022-09-07 05:22:49.117088+00:00;1
2022-09-07 05:48:10.851059+00:00;1
2022-09-07 06:40:58.506434+00:00;4
2022-09-07 08:51:15.106081+00:00;2
2022-09-07 08:55:18.102083+00:00;1
2022-09-07 08:57:32.146862+00:00;1
2022-09-07 09:00:16.176967+00:00;2
2022-09-07 09:13:59.732358+00:00;2
2022-09-07 09:26:53.101013+00:00;3
2022-09-07 09:29:03.662000+00:00;2
2022-09-07 12:21:11.177575+00:00;5
2022-09-07 13:19:16.076237+00:00;2
2022-09-07 13:24:54.998256+00:00;1
2022-09-07 13:37:49.802517+00:00;1
2022-09-08 06:37:59.276944+00:00;2
2022-09-08 07:14:00.921770+00:00;2
2022-09-08 07:22:18.437533+00:00;1
2022-09-08 07:44:53.736916+00:00;1
2022-09-08 07:52:54.529011+00:00;1
2022-09-08 08:09:28.372242+00:00;1
2022-09-08 08:10:32.945075+00:00;1
2022-09-08 09:19:46.595018+00:00;5
2022-09-08 09:25:30.293420+00:00;1
2022-09-09 05:34:19.834125+00:00;3
2022-09-09 05:39:04.003730+00:00;1
2022-09-09 05:41:13.120819+00:00;2
2022-09-16 08:02:48.486795+00:00;2
2022-09-28 06:53:58.984009+00:00;5
2022-09-28 07:05:33.010950+00:00;1
2022-09-28 07:17:26.555940+00:00;1
2022-09-28 07:18:44.306549+00:00;1
2022-09-28 07:23:33.105997+00:00;3
2022-09-28 08:14:20.847725+00:00;1
2022-09-28 13:01:33.553986+00:00;2
2022-09-29 11:07:10.683101+00:00;1
2022-09-29 13:37:56.721287+00:00;1
2022-09-30 06:15:37.650730+00:00;1
2022-09-30 06:23:26.649338+00:00;3
2022-09-30 06:25:38.507134+00:00;1
2022-09-30 08:53:07.239083+00:00;6
2022-09-30 09:36:38.841776+00:00;1
2022-09-30 11:23:17.167333+00:00;1
2022-09-30 11:29:03.965405+00:00;1
2022-09-30 11:32:34.597791+00:00;1
2022-10-04 07:21:14.327399+00:00;8
2022-10-04 11:28:27.982135+00:00;1
2022-10-05 06:27:51.732213+00:00;1
2022-10-05 07:35:49.437633+00:00;1
2022-10-05 08:00:40.256059+00:00;1
2022-10-05 08:05:49.837725+00:00;1
2022-10-05 08:15:17.744305+00:00;1
2022-10-05 08:25:08.511518+00:00;1
2022-10-05 09:49:11.377694+00:00;4
2022-10-05 09:57:13.799994+00:00;2
2022-10-07 05:20:45.717357+00:00;1
2022-10-07 06:25:07.858201+00:00;8
2022-10-07 06:42:27.158841+00:00;1
2022-10-07 06:45:06.650912+00:00;4
2022-10-07 06:56:47.196494+00:00;2
2022-10-07 07:13:18.653646+00:00;1
2022-10-07 07:17:44.554431+00:00;2
2022-10-07 08:46:54.706037+00:00;1
2022-10-07 08:51:13.877845+00:00;1
2022-10-07 08:54:47.549247+00:00;1
2022-10-07 08:57:12.529986+00:00;1
2022-10-07 09:44:29.417556+00:00;2
2022-10-07 09:52:40.159531+00:00;1
2022-10-07 10:39:52.397808+00:00;1
2022-10-07 10:52:13.506162+00:00;18
2022-10-07 11:07:21.539295+00:00;4
2022-10-07 11:29:03.134945+00:00;4
2022-10-10 07:17:36.512839+00:00;12
2022-10-11 08:07:20.936152+00:00;2
2022-10-11 08:22:17.744183+00:00;9
2022-10-11 08:30:34.772561+00:00;1
2022-10-11 08:33:14.774104+00:00;1
2022-10-11 08:34:36.786167+00:00;1
2022-10-11 08:35:43.855334+00:00;1
2022-10-11 08:37:11.565139+00:00;1
2022-10-11 08:38:35.015014+00:00;1
2022-10-11 08:39:51.531508+00:00;1
2022-10-11 08:43:47.668685+00:00;2
2022-10-11 09:08:29.622348+00:00;6
2022-10-11 09:24:37.184915+00:00;1
2022-10-11 09:25:47.390673+00:00;1
2022-10-11 09:28:22.322568+00:00;9
2022-10-11 09:30:55.254082+00:00;3
2022-10-11 11:28:04.489150+00:00;1
2022-10-11 11:33:41.301767+00:00;17
2022-10-11 11:55:04.542317+00:00;4
2022-10-11 11:57:28.178411+00:00;3
2022-10-12 09:31:52.459328+00:00;1
2022-10-14 11:02:59.297441+00:00;1
2022-10-14 11:10:50.794454+00:00;1
2022-10-14 11:13:58.743971+00:00;1
2022-10-14 12:38:31.404839+00:00;1
2022-10-14 12:42:50.172632+00:00;2
2022-10-18 06:45:24.975584+00:00;1
2022-10-18 06:53:52.290780+00:00;4
2022-10-18 06:56:08.070506+00:00;2
2022-10-18 06:57:49.125017+00:00;1
2022-10-18 07:01:48.681767+00:00;2
2022-10-18 07:08:42.294762+00:00;3
2022-10-18 09:32:24.639823+00:00;1
2022-10-18 10:56:54.152741+00:00;11
2022-10-18 11:25:25.224523+00:00;8
2022-10-18 11:42:36.492955+00:00;1
2022-10-18 11:48:08.727892+00:00;5
2022-10-19 06:07:08.178824+00:00;1
2022-10-19 06:30:01.364950+00:00;13
2022-10-19 06:39:25.148649+00:00;1
2022-10-19 06:46:30.336496+00:00;1
2022-10-19 07:00:51.999522+00:00;7
2022-10-19 07:07:14.994959+00:00;1
2022-10-19 07:13:18.427120+00:00;9
2022-10-19 07:27:57.429492+00:00;1
2022-10-19 09:12:55.447334+00:00;1
2022-10-19 09:27:04.329258+00:00;2
2022-10-20 06:06:20.401452+00:00;1
2022-10-20 06:11:02.352887+00:00;20
2022-10-20 06:21:20.935067+00:00;1
2022-10-20 06:22:34.479349+00:00;1
2022-10-20 07:18:21.314284+00:00;1
2022-10-20 07:19:47.611734+00:00;1
2022-10-20 07:21:36.490013+00:00;1
2022-10-20 07:27:37.866895+00:00;1
2022-10-20 07:30:21.974144+00:00;1
2022-10-20 10:41:31.064975+00:00;2
2022-10-20 10:48:14.900457+00:00;1
2022-10-20 10:50:05.606533+00:00;1
2022-10-20 11:19:30.349283+00:00;6
2022-10-20 11:28:58.624345+00:00;1
2022-10-21 05:27:46.318936+00:00;2
2022-10-21 06:47:19.427332+00:00;1
2022-10-21 07:00:34.505694+00:00;9
2022-10-21 07:06:14.901481+00:00;2
2022-10-21 07:19:23.106728+00:00;1
2022-10-21 07:23:12.606054+00:00;5
2022-10-21 07:32:29.813370+00:00;1
2022-10-21 11:02:47.964195+00:00;8
2022-10-21 11:18:50.940470+00:00;2
2022-10-21 11:21:39.372354+00:00;5
2022-10-21 11:36:31.368876+00:00;1
2022-10-21 13:07:52.637628+00:00;1
2022-10-21 13:09:28.693843+00:00;1
2022-10-21 13:12:31.956950+00:00;1
2022-10-21 13:19:20.229226+00:00;1
2022-10-21 13:29:47.690278+00:00;3
2022-10-25 12:18:14.413790+00:00;1
2022-10-26 06:02:52.073085+00:00;1
2022-10-26 06:05:15.018857+00:00;2
2022-10-26 06:10:41.062038+00:00;2
2022-10-26 07:29:41.602037+00:00;1
2022-10-26 08:38:18.607919+00:00;7
2022-10-26 09:29:51.020586+00:00;1
2022-10-27 06:44:49.983759+00:00;1
2022-10-27 06:48:13.657119+00:00;1
2022-10-27 06:50:05.433121+00:00;1
2022-10-27 09:07:05.314672+00:00;1
2022-10-27 09:22:58.176407+00:00;5
2022-10-27 09:34:34.294692+00:00;1
2022-10-27 09:45:42.372742+00:00;2
2022-10-27 09:47:55.075846+00:00;1
2022-10-27 09:55:31.193906+00:00;3
2022-10-27 11:15:10.288703+00:00;3
2022-10-27 12:41:04.691963+00:00;1
2022-10-27 12:53:22.712726+00:00;1
2022-10-27 13:10:45.632088+00:00;1
2022-10-27 13:15:57.603807+00:00;1
2022-10-27 13:23:22.737275+00:00;1
2022-10-28 09:57:15.844548+00:00;1
2022-10-28 10:16:50.509222+00:00;1
2022-10-28 11:07:37.173398+00:00;1
2022-10-28 11:10:27.981239+00:00;2
2022-10-28 11:14:54.156039+00:00;1
2022-10-28 12:14:58.794317+00:00;1
2022-10-28 12:20:25.473406+00:00;1
2022-10-31 17:08:29.583565+00:00;1
2022-11-01 08:21:00.849755+00:00;1
2022-11-01 08:29:01.948860+00:00;2
2022-11-01 09:13:20.851841+00:00;1
2022-11-01 09:16:28.381082+00:00;1
2022-11-01 09:19:40.493622+00:00;3
2022-11-01 13:53:14.194410+00:00;5
2022-11-01 14:29:35.720024+00:00;1
2022-11-02 06:08:20.934190+00:00;1
2022-11-02 06:13:11.384443+00:00;1
2022-11-02 08:25:51.418201+00:00;1
2022-11-02 08:36:57.678129+00:00;1
2022-11-02 09:29:03.781152+00:00;8
2022-11-02 10:13:21.575243+00:00;1
2022-11-02 10:35:55.797669+00:00;1
2022-11-02 10:37:48.046575+00:00;1
2022-11-03 07:35:17.255234+00:00;7
2022-11-03 07:45:29.434801+00:00;1
2022-11-03 07:48:34.842963+00:00;7
2022-11-03 08:05:43.775962+00:00;1
2022-11-03 08:16:47.254670+00:00;1
2022-11-04 07:52:14.313489+00:00;1
2022-11-08 06:35:12.352647+00:00;2
2022-11-08 06:37:10.087431+00:00;2
2022-11-08 07:01:58.625001+00:00;2
2022-11-08 07:10:51.682657+00:00;6
2022-11-08 07:39:29.737434+00:00;1
2022-11-08 07:42:05.175980+00:00;3
2022-11-08 12:20:02.790583+00:00;1
2022-11-08 12:46:28.607544+00:00;3
2022-11-08 13:09:51.719020+00:00;1
2022-11-08 13:16:29.620420+00:00;1
2022-11-08 13:49:55.644435+00:00;3
2022-11-09 06:36:28.336154+00:00;5
2022-11-09 07:05:08.592399+00:00;1
2022-11-09 07:08:00.264490+00:00;1
2022-11-09 07:11:53.225228+00:00;1
2022-11-09 07:13:51.633338+00:00;1
2022-11-09 09:15:17.391699+00:00;1
2022-11-09 10:23:03.993681+00:00;1
2022-11-09 10:31:08.706236+00:00;1
2022-11-15 13:10:26.733106+00:00;5
2022-11-15 13:32:05.772279+00:00;4
2022-11-15 13:42:45.704039+00:00;3
2022-11-15 13:52:29.821239+00:00;3
2022-11-15 13:57:24.850612+00:00;4
2022-11-15 14:00:01.147142+00:00;2
2022-11-15 14:05:43.803133+00:00;1
2022-11-16 05:59:38.803562+00:00;8
2022-11-16 06:06:34.955191+00:00;2
2022-11-16 06:10:19.763875+00:00;3
2022-11-16 06:20:05.528038+00:00;1
2022-11-16 06:23:56.120038+00:00;6
2022-11-16 06:31:28.281386+00:00;1
2022-11-16 06:55:38.798841+00:00;1
2022-11-16 06:59:04.119147+00:00;1
2022-11-16 07:14:35.453105+00:00;3
2022-11-17 09:54:47.048743+00:00;2
2022-11-17 10:07:08.885551+00:00;2
2022-11-17 10:15:41.528765+00:00;5
2022-11-17 10:20:26.082884+00:00;6
2022-11-17 10:26:11.728049+00:00;4
2022-11-17 10:32:59.833912+00:00;1
2022-11-17 10:36:11.005528+00:00;6
2022-11-17 10:39:07.075384+00:00;4
2022-11-17 11:47:51.851645+00:00;2
2022-11-17 11:52:25.170955+00:00;1
2022-11-17 11:56:17.326756+00:00;5
2022-11-17 11:59:25.831449+00:00;1
2022-11-17 12:10:38.670615+00:00;1
2022-11-17 12:14:41.585122+00:00;6
2022-11-17 12:17:53.797282+00:00;4
2022-11-17 12:29:44.741751+00:00;1
2022-11-18 06:28:04.631583+00:00;3
2022-11-18 06:33:18.283087+00:00;3
2022-11-18 06:50:09.135532+00:00;1
2022-11-18 06:59:11.634108+00:00;2
2022-11-18 07:02:37.407201+00:00;1
2022-11-18 10:41:05.804752+00:00;1
2022-11-22 07:35:14.217631+00:00;1
2022-11-22 08:00:02.251458+00:00;1
2022-11-22 08:05:26.305739+00:00;1
2022-11-22 08:10:47.635694+00:00;2
2022-11-22 08:19:33.719410+00:00;1
2022-11-22 08:25:13.838920+00:00;1
2022-11-22 08:44:21.945917+00:00;1
2022-11-22 08:53:12.290320+00:00;1
2022-11-22 08:56:23.767082+00:00;2
2022-11-22 09:08:59.303606+00:00;2
2022-11-22 09:12:43.110676+00:00;5
2022-11-22 09:16:20.690453+00:00;1
2022-11-22 09:25:58.359115+00:00;1
2022-11-22 09:29:30.627382+00:00;2
2022-11-22 09:40:17.948438+00:00;1
2022-11-22 12:20:55.772314+00:00;2
2022-11-22 12:27:29.642065+00:00;3
2022-11-22 12:32:20.201705+00:00;3
2022-11-22 12:43:39.476727+00:00;2
2022-11-22 13:06:54.402011+00:00;16
2022-11-22 13:28:37.396388+00:00;1
2022-11-22 13:39:02.234731+00:00;2
2022-11-23 07:26:18.715496+00:00;1
2022-11-23 07:28:03.490691+00:00;3
2022-11-23 10:27:36.552775+00:00;1
2022-11-23 10:31:35.990926+00:00;3
2022-11-23 10:51:05.090597+00:00;1
2022-11-23 14:27:19.773378+00:00;2
2022-11-24 06:43:51.847531+00:00;2
2022-11-24 06:56:04.496543+00:00;1
2022-11-24 07:02:07.548234+00:00;2
2022-11-24 07:35:47.626283+00:00;1
2022-11-24 08:19:53.271202+00:00;1
2022-11-25 06:37:25.903356+00:00;2
2022-11-25 06:41:42.281749+00:00;3
2022-11-25 06:45:27.535912+00:00;2
2022-11-25 07:25:58.615394+00:00;1
2022-11-25 07:40:09.171785+00:00;1
2022-11-25 07:43:56.713088+00:00;1
2022-11-25 08:20:35.630996+00:00;2
2022-11-25 09:11:04.951643+00:00;1
2022-11-25 14:10:43.107755+00:00;1
2022-11-25 14:16:21.525915+00:00;1
2022-11-25 14:20:29.529221+00:00;7
2022-11-28 05:59:47.398274+00:00;1
2022-11-29 06:56:52.861765+00:00;2
2022-11-29 06:59:05.903373+00:00;53
2022-11-29 07:20:56.936664+00:00;1
2022-11-29 07:26:10.648643+00:00;1
2022-11-29 07:53:23.028365+00:00;4
2022-11-29 08:23:30.645476+00:00;6
2022-11-29 08:28:50.891340+00:00;2
2022-11-29 08:32:13.441198+00:00;1
2022-11-29 09:45:08.822815+00:00;1
2022-11-29 09:48:47.029839+00:00;7
2022-11-29 10:09:17.415202+00:00;1
2022-11-29 10:13:24.362237+00:00;1
2022-11-29 13:09:06.383438+00:00;17
2022-11-29 13:17:27.108782+00:00;4
2022-11-29 13:59:59.743402+00:00;1
2022-11-29 14:07:29.899092+00:00;2
2022-11-29 14:13:45.337324+00:00;1
2022-11-30 06:13:40.398717+00:00;2
2022-11-30 06:24:14.307404+00:00;6
2022-11-30 06:27:04.158327+00:00;13
2022-11-30 06:34:03.550034+00:00;1
2022-11-30 06:39:59.574720+00:00;3
2022-11-30 06:42:06.613096+00:00;8
2022-11-30 06:46:07.770178+00:00;10
2022-11-30 06:59:26.325455+00:00;9
2022-11-30 07:18:10.428478+00:00;12
2022-11-30 07:20:59.670887+00:00;8
2022-11-30 07:23:33.159657+00:00;6
2022-11-30 10:34:03.431167+00:00;6
2022-11-30 10:39:31.058374+00:00;2
2022-11-30 10:46:47.361114+00:00;4
2022-11-30 10:48:40.212521+00:00;5
2022-11-30 10:50:54.480701+00:00;11
2022-11-30 10:55:51.279395+00:00;9
2022-12-07 08:51:20.734220+00:00;1
2022-12-07 08:58:19.112383+00:00;1
2022-12-07 09:17:18.452599+00:00;1
2022-12-07 09:30:53.178616+00:00;1
2022-12-08 06:43:36.184466+00:00;4
2022-12-08 06:47:23.580344+00:00;2
2022-12-08 06:48:53.266675+00:00;3
2022-12-08 06:52:05.634043+00:00;4
2022-12-08 06:54:56.931477+00:00;2
2022-12-08 06:59:25.026238+00:00;1
2022-12-08 07:04:11.814238+00:00;2
2022-12-08 07:06:35.976023+00:00;2
2022-12-08 07:58:17.760785+00:00;2
2022-12-08 08:04:52.782221+00:00;54
2022-12-08 13:50:40.186588+00:00;10
2022-12-08 14:00:57.606527+00:00;36
2022-12-09 07:01:10.086098+00:00;7
2022-12-09 07:23:29.976532+00:00;1
2022-12-09 07:33:31.045149+00:00;1
2022-12-09 09:37:24.512935+00:00;1
2022-12-09 09:49:53.339007+00:00;1
2022-12-09 10:40:51.754132+00:00;1
2022-12-09 10:47:15.068556+00:00;1
2022-12-09 10:55:39.732470+00:00;1
2022-12-09 12:45:36.366889+00:00;1
2022-12-09 13:08:37.779227+00:00;1
2022-12-09 13:13:54.629113+00:00;1
2022-12-12 08:49:29.375634+00:00;1
2022-12-13 09:49:45.606138+00:00;2
2022-12-13 09:57:05.359794+00:00;4
2022-12-13 10:00:27.843285+00:00;1
2022-12-13 10:09:26.410463+00:00;3
2022-12-13 10:19:05.717989+00:00;7
2022-12-13 10:25:23.554589+00:00;6
2022-12-13 10:29:10.932517+00:00;3
2022-12-13 10:32:45.185626+00:00;6
2022-12-13 10:43:06.441960+00:00;1
2022-12-13 10:45:22.150048+00:00;9
2022-12-13 10:47:10.148058+00:00;7
2022-12-13 12:12:25.384188+00:00;5
2022-12-13 12:15:08.046425+00:00;4
2022-12-13 12:17:33.790648+00:00;6
2022-12-13 12:20:43.603862+00:00;8
2022-12-13 12:23:51.889016+00:00;9
2022-12-13 12:26:43.846452+00:00;2
2022-12-13 12:29:51.834644+00:00;4
2022-12-13 12:34:44.024769+00:00;4
2022-12-13 12:44:57.644488+00:00;5
2022-12-13 12:54:26.790830+00:00;3
2022-12-14 06:35:41.551746+00:00;7
2022-12-14 06:44:56.686805+00:00;4
2022-12-14 06:48:46.838012+00:00;1
2022-12-14 06:51:57.510268+00:00;1
2022-12-14 06:55:57.304619+00:00;3
2022-12-14 06:59:18.913532+00:00;1
2022-12-14 07:41:57.024675+00:00;5
2022-12-14 07:45:19.425122+00:00;2
2022-12-14 07:47:16.993645+00:00;9
2022-12-14 07:54:14.881626+00:00;1
2022-12-14 07:59:08.353371+00:00;8
2022-12-14 08:12:52.271088+00:00;1
2022-12-14 08:16:49.882096+00:00;2
2022-12-14 08:32:38.534553+00:00;4
2022-12-14 10:12:20.448436+00:00;3
2022-12-14 10:14:00.436358+00:00;1
2022-12-14 10:19:29.050184+00:00;1
2022-12-14 10:26:52.275392+00:00;2
2022-12-14 10:32:42.597073+00:00;3
2022-12-14 10:49:02.825952+00:00;1
2022-12-15 06:54:50.011784+00:00;5
2022-12-15 07:12:02.844335+00:00;6
2022-12-15 07:17:55.065326+00:00;5
2022-12-15 07:20:33.336490+00:00;6
2022-12-15 07:26:29.788237+00:00;4
2022-12-15 07:29:50.577200+00:00;3
2022-12-15 07:32:04.748005+00:00;3
2022-12-15 08:28:26.553629+00:00;3
2022-12-15 08:30:38.711032+00:00;4
2022-12-15 08:36:44.257232+00:00;3
2022-12-15 08:46:17.932668+00:00;7
2022-12-15 08:48:41.971877+00:00;8
2022-12-15 11:58:35.428925+00:00;3
2022-12-15 12:05:53.596663+00:00;3
2022-12-15 12:13:11.627816+00:00;1
2022-12-15 12:19:00.098188+00:00;1
2022-12-15 12:38:59.398343+00:00;2
2022-12-16 12:40:22.162851+00:00;5
2022-12-16 12:43:52.624722+00:00;1
2022-12-16 12:53:12.820207+00:00;1
2022-12-16 12:59:01.286447+00:00;1
2022-12-16 13:48:42.744131+00:00;1
2022-12-16 13:52:04.979257+00:00;2
2022-12-16 13:59:31.691166+00:00;1
2022-12-16 14:09:40.326364+00:00;1
2022-12-16 14:20:04.749933+00:00;4
2022-12-20 07:30:01.333098+00:00;1
2022-12-20 07:32:33.456390+00:00;3
2022-12-20 07:35:17.175700+00:00;2
2022-12-20 07:57:02.042918+00:00;6
2022-12-20 08:08:26.025990+00:00;2
2022-12-20 08:27:46.186009+00:00;11
2022-12-20 09:04:08.670134+00:00;1
2022-12-20 09:43:21.332755+00:00;6
2022-12-20 09:49:24.139620+00:00;1
2022-12-20 09:52:47.174745+00:00;1
2022-12-20 09:53:48.346603+00:00;1
2022-12-20 13:26:45.451510+00:00;2
2022-12-20 13:31:55.768455+00:00;2
2022-12-21 06:33:57.133965+00:00;3
2022-12-21 06:37:25.833240+00:00;14
2022-12-21 07:06:51.402587+00:00;1
2022-12-21 08:51:30.406943+00:00;1
2022-12-21 08:54:54.480669+00:00;3
2022-12-21 09:11:07.183758+00:00;1
2022-12-21 09:15:32.780753+00:00;2
2022-12-21 09:34:31.177312+00:00;2
2022-12-21 10:35:02.123222+00:00;1
2022-12-21 10:41:23.643765+00:00;4
2022-12-21 10:43:52.263519+00:00;2
2022-12-21 10:46:17.571034+00:00;1
2022-12-21 11:11:41.730316+00:00;1
2022-12-21 11:24:55.761691+00:00;1
2022-12-21 11:27:49.152568+00:00;12
2022-12-21 12:51:30.307019+00:00;1
2022-12-21 12:52:57.028098+00:00;1
2022-12-21 12:54:36.656717+00:00;1
2022-12-21 12:58:11.596425+00:00;3
2022-12-21 13:23:22.856816+00:00;9
2022-12-21 13:28:22.642544+00:00;12
2022-12-21 13:32:22.221041+00:00;8
2022-12-21 14:01:15.690074+00:00;1
2022-12-22 06:41:13.560993+00:00;1
2022-12-22 08:00:45.556513+00:00;1
2022-12-22 08:10:39.155926+00:00;1
2022-12-22 08:13:13.070868+00:00;1
2022-12-22 08:23:18.847040+00:00;1
2022-12-22 11:58:17.232811+00:00;2
2022-12-22 13:17:34.852630+00:00;1
2022-12-22 13:22:01.072449+00:00;1
2022-12-22 13:32:32.923672+00:00;2
2022-12-22 13:34:53.831400+00:00;2
2022-12-23 09:24:53.724952+00:00;1
2023-01-03 07:57:58.402469+00:00;1
2023-01-03 08:04:22.382320+00:00;1
2023-01-03 10:25:49.254438+00:00;6
2023-01-03 10:38:36.895989+00:00;2
2023-01-03 10:39:49.050699+00:00;4
2023-01-03 10:46:33.251493+00:00;4
2023-01-03 10:48:40.564936+00:00;3
2023-01-03 10:50:05.179821+00:00;1
2023-01-03 10:55:49.005005+00:00;2
2023-01-03 11:57:17.549597+00:00;2
2023-01-03 12:01:53.342768+00:00;1
2023-01-03 12:16:55.186243+00:00;4
2023-01-03 12:19:32.467733+00:00;2
2023-01-03 12:24:26.419294+00:00;6
2023-01-03 12:26:40.158157+00:00;19
2023-01-03 12:34:04.285759+00:00;4
2023-01-03 12:37:07.330671+00:00;3
2023-01-03 12:43:19.023138+00:00;1
2023-01-03 13:15:05.724943+00:00;1
2023-01-03 13:40:32.958540+00:00;2
2023-01-03 13:52:50.871515+00:00;3
2023-01-03 13:59:47.300355+00:00;1
2023-01-03 14:05:47.816046+00:00;1
2023-01-03 14:12:25.579990+00:00;1
2023-01-04 06:17:27.921696+00:00;2
2023-01-04 06:23:59.815534+00:00;5
2023-01-04 06:30:39.015752+00:00;1
2023-01-04 06:37:48.348700+00:00;1
2023-01-04 06:45:50.819658+00:00;1
2023-01-04 08:04:08.134824+00:00;1
2023-01-04 09:42:10.588837+00:00;2
2023-01-04 10:13:35.833402+00:00;3
2023-01-04 10:23:12.440015+00:00;1
2023-01-04 10:24:36.631165+00:00;1
2023-01-04 10:26:50.051031+00:00;2
2023-01-04 10:28:54.750737+00:00;1
2023-01-04 10:33:46.411049+00:00;1
2023-01-04 10:35:42.462426+00:00;2
2023-01-05 06:38:01.421260+00:00;1
2023-01-05 06:40:45.876691+00:00;2
2023-01-05 06:54:21.669187+00:00;1
2023-01-05 07:05:37.512611+00:00;3
2023-01-05 07:16:56.601244+00:00;1
2023-01-05 09:35:05.871128+00:00;1
2023-01-05 09:49:20.457907+00:00;3
2023-01-05 10:14:42.577537+00:00;1
2023-01-05 10:35:42.107225+00:00;6
2023-01-05 10:46:54.943951+00:00;4
2023-01-05 10:53:43.014691+00:00;3
2023-01-05 10:55:56.853168+00:00;8
2023-01-05 10:59:57.156448+00:00;9
2023-01-05 11:04:44.600528+00:00;4
2023-01-05 11:06:26.564382+00:00;5
2023-01-05 11:08:47.943775+00:00;2
2023-01-05 12:35:59.260611+00:00;10
2023-01-05 14:23:37.667531+00:00;5
2023-01-06 07:00:25.864647+00:00;1
2023-01-06 07:06:17.624373+00:00;3
2023-01-06 07:09:26.378664+00:00;1
2023-01-06 07:16:36.139925+00:00;1
2023-01-06 07:23:40.126083+00:00;1
2023-01-06 08:08:06.312937+00:00;2
2023-01-06 08:15:51.358653+00:00;3
2023-01-06 08:27:21.363614+00:00;2
2023-01-06 08:46:16.781380+00:00;1
2023-01-06 08:57:52.116950+00:00;1
2023-01-06 13:10:37.296737+00:00;12
2023-01-06 13:16:12.259091+00:00;6
2023-01-06 13:22:07.991861+00:00;1
2023-01-06 13:24:06.820105+00:00;3
2023-01-06 13:30:00.993206+00:00;1
2023-01-06 13:36:21.527862+00:00;4
2023-01-06 14:01:49.755379+00:00;2
2023-01-06 14:16:16.990579+00:00;3
2023-01-12 06:56:39.785750+00:00;1
2023-01-17 13:13:08.288018+00:00;1
2023-01-18 08:50:14.154313+00:00;1
2023-01-18 09:20:50.524721+00:00;1
2023-01-18 09:24:57.170988+00:00;2
2023-01-18 09:36:29.563920+00:00;1
2023-01-18 09:44:39.045923+00:00;1
2023-01-18 10:11:07.940738+00:00;3
2023-01-18 10:15:35.536155+00:00;18
2023-01-18 10:50:14.900543+00:00;1
2023-01-19 06:24:17.486364+00:00;2
2023-01-19 06:31:25.052873+00:00;1
2023-01-19 06:34:19.875614+00:00;1
2023-01-19 06:36:11.631049+00:00;1
2023-01-19 06:38:05.582989+00:00;1
2023-01-19 06:39:06.291204+00:00;1
2023-01-19 06:42:02.063207+00:00;1
2023-01-19 06:46:39.191076+00:00;10
2023-01-19 06:56:28.390838+00:00;1
2023-01-19 07:40:40.288874+00:00;1
2023-01-19 09:56:56.836845+00:00;1
2023-01-19 10:10:14.708772+00:00;1
2023-01-19 10:11:54.236923+00:00;1
2023-01-19 10:18:58.586475+00:00;1
2023-01-19 10:31:58.184851+00:00;1
2023-01-19 10:40:36.919229+00:00;4
2023-01-19 11:01:24.948911+00:00;6
2023-01-20 07:56:32.239916+00:00;1
2023-01-20 08:10:03.930374+00:00;1
2023-01-20 09:43:32.586377+00:00;1
2023-01-20 09:52:57.071576+00:00;2
2023-01-20 09:56:59.394969+00:00;4
2023-01-20 10:17:41.858260+00:00;1
2023-01-20 10:21:23.067141+00:00;1
2023-01-20 10:38:07.941841+00:00;3
2023-01-20 10:39:48.448456+00:00;9
2023-01-20 10:54:44.306165+00:00;2
2023-01-20 12:25:41.283250+00:00;2
2023-01-20 12:29:35.151591+00:00;1
2023-01-20 12:32:23.486250+00:00;2
2023-01-20 12:40:31.669195+00:00;1
2023-01-20 12:44:50.017646+00:00;1
2023-01-20 12:48:06.260981+00:00;1
2023-01-20 12:54:42.896328+00:00;1
2023-01-20 14:07:43.627926+00:00;3
2023-01-20 14:45:55.095029+00:00;1
2023-01-24 08:31:52.483349+00:00;1
2023-01-24 08:44:00.818374+00:00;1
2023-01-24 08:45:58.468777+00:00;1
2023-01-24 08:54:45.235220+00:00;1
2023-01-24 09:28:13.914804+00:00;1
2023-01-24 09:36:57.308863+00:00;1
2023-01-24 09:47:45.519366+00:00;4
2023-01-24 10:09:58.151830+00:00;3
2023-01-24 10:46:58.940805+00:00;1
2023-01-24 10:50:50.414486+00:00;2
2023-01-24 10:53:40.584279+00:00;2
2023-01-24 11:37:32.197994+00:00;1
2023-01-24 11:43:26.519262+00:00;1
2023-01-24 11:54:23.880400+00:00;2
2023-01-24 11:59:02.048934+00:00;2
2023-01-24 12:02:00.639161+00:00;3
2023-01-24 12:04:09.567149+00:00;1
2023-01-24 12:06:59.042651+00:00;8
2023-01-24 12:11:16.952997+00:00;3
2023-01-24 12:26:49.729873+00:00;1
2023-01-24 12:27:58.764170+00:00;1
2023-01-24 12:31:09.008087+00:00;2
2023-01-24 12:32:33.852806+00:00;1
2023-01-24 13:35:14.841304+00:00;5
2023-01-24 13:48:24.442172+00:00;3
2023-01-24 14:01:50.859961+00:00;4
2023-01-24 14:06:44.504632+00:00;4
2023-01-24 14:16:10.660295+00:00;2
2023-01-24 14:22:37.456355+00:00;3
2023-01-24 14:30:18.435744+00:00;3
2023-01-25 06:51:05.677741+00:00;1
2023-01-25 06:51:28.734535+00:00;1
2023-01-25 06:55:09.434380+00:00;2
2023-01-25 10:10:11.016452+00:00;4
2023-01-25 10:16:42.652839+00:00;2
2023-01-25 10:59:03.289175+00:00;1
2023-01-26 10:57:50.961301+00:00;1
2023-01-26 11:02:35.873571+00:00;2
2023-01-26 11:47:12.960710+00:00;2
2023-01-26 11:52:05.445250+00:00;2
2023-01-26 11:55:31.772227+00:00;3
2023-01-26 12:23:39.314244+00:00;4
2023-01-26 12:33:24.599611+00:00;2
2023-01-31 06:54:20.725162+00:00;2
2023-01-31 08:41:13.976016+00:00;1
2023-01-31 08:52:22.019848+00:00;6
2023-01-31 08:55:25.118709+00:00;3
2023-01-31 09:02:12.811690+00:00;1
2023-01-31 09:13:09.027737+00:00;1
2023-01-31 09:20:52.140668+00:00;1
2023-01-31 09:28:25.687037+00:00;1
2023-01-31 10:02:02.078402+00:00;3
2023-01-31 10:09:02.226373+00:00;1
2023-01-31 10:14:59.200151+00:00;1
2023-01-31 10:55:11.200397+00:00;1
2023-01-31 12:33:25.958862+00:00;2
2023-01-31 12:40:34.873259+00:00;2
2023-01-31 12:48:13.134272+00:00;1
2023-01-31 12:51:21.241181+00:00;3
2023-01-31 12:55:10.613821+00:00;8
2023-01-31 12:59:00.870841+00:00;3
2023-01-31 13:15:19.437014+00:00;1
2023-01-31 13:26:01.248571+00:00;1
2023-01-31 13:36:13.367725+00:00;4
2023-01-31 13:49:07.216335+00:00;19
2023-01-31 13:54:28.441364+00:00;2
2023-01-31 13:57:41.961191+00:00;1
2023-02-01 06:38:06.063351+00:00;2
2023-02-01 06:43:20.133094+00:00;5
2023-02-01 06:48:48.022530+00:00;2
2023-02-01 06:52:43.850157+00:00;6
2023-02-01 07:00:56.063895+00:00;4
2023-02-01 07:30:55.960747+00:00;4
2023-02-01 07:38:07.639681+00:00;4
2023-02-01 07:43:19.052682+00:00;5
2023-02-01 07:48:02.509894+00:00;1
2023-02-01 07:50:07.958636+00:00;1
2023-02-01 08:02:33.523370+00:00;2
2023-02-01 08:04:38.219824+00:00;3
2023-02-01 08:07:07.792981+00:00;1
2023-02-01 08:15:52.991635+00:00;2
2023-02-01 08:18:25.793887+00:00;3
2023-02-01 08:20:13.638332+00:00;1
2023-02-01 08:23:36.141321+00:00;4
2023-02-01 09:19:54.320723+00:00;3
2023-02-01 09:23:54.474742+00:00;1
2023-02-01 09:25:58.519418+00:00;3
2023-02-01 09:27:46.440754+00:00;1
2023-02-01 09:34:39.528763+00:00;2
2023-02-01 09:39:11.493638+00:00;1
2023-02-01 09:41:13.892959+00:00;1
2023-02-01 09:42:57.628642+00:00;1
2023-02-01 09:46:31.902319+00:00;3
2023-02-01 09:48:08.484466+00:00;1
2023-02-01 09:53:09.520025+00:00;2
2023-02-01 09:58:30.403380+00:00;4
2023-02-01 10:00:58.881837+00:00;6
2023-02-01 10:04:10.264875+00:00;3
2023-02-01 10:07:51.898932+00:00;6
2023-02-01 10:12:08.212862+00:00;1
2023-02-01 10:17:24.277989+00:00;2
2023-02-01 10:46:52.787803+00:00;3
2023-02-01 10:56:34.401782+00:00;1
2023-02-02 07:34:04.009890+00:00;1
2023-02-02 07:50:41.937627+00:00;1
2023-02-02 14:24:11.998427+00:00;1
2023-02-02 14:31:20.183359+00:00;1
2023-02-02 14:44:14.888739+00:00;1
2023-02-03 05:11:06.190980+00:00;1
2023-02-03 06:23:59.667245+00:00;1
2023-02-03 06:26:32.618870+00:00;3
2023-02-03 07:49:34.818370+00:00;4
2023-02-03 07:53:10.868173+00:00;1
2023-02-03 09:34:11.119463+00:00;1
2023-02-03 10:10:24.973034+00:00;1
2023-02-03 10:20:43.311446+00:00;1
2023-02-03 10:29:34.229451+00:00;1
2023-02-03 10:35:25.778252+00:00;7
2023-02-03 12:34:35.708674+00:00;7
2023-02-07 06:08:32.951097+00:00;1
2023-02-07 06:31:38.342932+00:00;1
2023-02-07 06:35:23.194392+00:00;1
2023-02-07 06:39:54.318340+00:00;1
2023-02-07 08:59:20.356483+00:00;1
2023-02-07 09:02:50.373168+00:00;1
2023-02-07 09:25:29.223079+00:00;1
2023-02-07 09:31:47.763743+00:00;1
2023-02-07 09:38:25.462602+00:00;4
2023-02-07 09:44:02.962090+00:00;5
2023-02-07 09:46:05.732326+00:00;1
2023-02-07 09:48:24.863708+00:00;4
2023-02-07 09:55:02.520407+00:00;3
2023-02-07 09:58:58.779772+00:00;2
2023-02-07 10:12:58.858799+00:00;2
2023-02-07 10:37:15.508126+00:00;4
2023-02-07 10:47:16.630003+00:00;1
2023-02-07 10:52:49.163105+00:00;3
2023-02-07 12:34:03.107351+00:00;1
2023-02-07 12:36:25.577969+00:00;1
2023-02-07 12:39:12.426819+00:00;1
2023-02-07 12:40:59.305646+00:00;1
2023-02-07 12:42:57.834390+00:00;1
2023-02-07 12:48:12.485580+00:00;1
2023-02-07 12:49:49.648103+00:00;1
2023-02-07 13:04:00.877236+00:00;4
2023-02-07 13:09:03.791482+00:00;8
2023-02-07 13:15:49.704629+00:00;2
2023-02-07 13:20:53.966268+00:00;10
2023-02-07 13:24:57.162470+00:00;7
2023-02-07 13:30:16.979247+00:00;1
2023-02-07 13:31:58.625904+00:00;6
2023-02-07 13:36:59.292892+00:00;2
2023-02-07 13:42:34.787229+00:00;2
2023-02-07 13:56:03.304953+00:00;3
2023-02-07 14:00:16.190686+00:00;1
2023-02-07 14:06:55.743658+00:00;6
2023-02-08 05:45:44.984565+00:00;1
2023-02-08 05:49:53.923057+00:00;1
2023-02-08 05:51:35.751878+00:00;1
2023-02-08 05:53:20.085158+00:00;1
2023-02-08 05:55:13.368394+00:00;1
2023-02-08 06:32:32.071625+00:00;4
2023-02-08 06:37:21.300973+00:00;1
2023-02-08 06:42:28.359345+00:00;3
2023-02-08 06:46:05.499542+00:00;5
2023-02-08 07:05:03.195474+00:00;2
2023-02-08 07:32:54.454537+00:00;1
2023-02-08 07:38:59.922604+00:00;1
2023-02-08 07:42:27.198119+00:00;3
2023-02-08 07:50:43.857394+00:00;1
2023-02-08 08:00:00.285939+00:00;3
2023-02-08 08:02:01.738765+00:00;1
2023-02-08 08:16:20.257162+00:00;1
2023-02-08 08:24:48.811585+00:00;1
2023-02-08 08:41:37.957316+00:00;1
2023-02-08 08:45:51.744921+00:00;4
2023-02-08 11:26:23.044077+00:00;1
2023-02-08 12:43:57.706217+00:00;1
2023-02-08 12:50:00.823871+00:00;1
2023-02-08 13:07:50.078977+00:00;1
2023-02-08 13:09:37.305649+00:00;1
2023-02-08 13:10:48.948500+00:00;1
2023-02-08 13:14:52.459901+00:00;1
2023-02-08 13:16:11.462763+00:00;1
2023-02-08 13:17:22.826226+00:00;1
2023-02-08 13:18:33.502378+00:00;1
2023-02-08 13:19:29.565214+00:00;1
2023-02-08 13:24:13.381469+00:00;1
2023-02-08 13:26:25.456981+00:00;1
2023-02-08 13:33:35.922682+00:00;2
2023-02-08 13:36:01.629328+00:00;1
2023-02-08 13:37:53.414022+00:00;3
2023-02-08 13:44:20.171732+00:00;2
2023-02-08 13:48:26.656032+00:00;4
2023-02-08 13:51:31.911189+00:00;11
2023-02-08 13:59:39.988736+00:00;2
2023-02-08 14:13:54.291475+00:00;2
2023-02-08 14:20:51.506801+00:00;2
2023-02-09 07:22:00.697239+00:00;1
2023-02-09 07:23:21.477037+00:00;1
2023-02-09 07:24:23.400739+00:00;1
2023-02-09 07:29:27.527579+00:00;1
2023-02-09 12:21:48.604554+00:00;1
2023-02-09 12:25:07.817601+00:00;2
2023-02-09 12:27:23.273237+00:00;2
2023-02-09 12:30:01.816259+00:00;1
2023-02-09 12:35:42.773657+00:00;1
2023-02-10 08:13:58.630764+00:00;1
2023-02-10 09:24:57.031165+00:00;1
2023-02-10 09:51:10.521189+00:00;4
2023-02-10 09:57:15.249252+00:00;1
2023-02-10 10:06:15.415260+00:00;3
2023-02-10 10:12:28.277272+00:00;1
2023-02-10 11:02:21.874418+00:00;4
2023-02-10 11:05:30.659808+00:00;1
2023-02-10 11:11:32.044467+00:00;1
2023-02-10 12:12:28.729160+00:00;2
2023-02-10 12:17:00.402790+00:00;1
2023-02-10 12:41:19.029980+00:00;2
2023-02-10 12:49:26.462199+00:00;1
2023-02-10 12:51:17.197556+00:00;1
2023-02-10 14:02:28.630011+00:00;1
2023-02-10 14:04:39.929055+00:00;1
2023-02-10 14:18:23.292767+00:00;1
2023-02-14 05:35:04.328975+00:00;2
2023-02-14 07:01:39.226543+00:00;1
2023-02-14 08:48:13.737428+00:00;1
2023-02-14 08:53:20.163525+00:00;1
2023-02-14 08:57:11.905571+00:00;1
2023-02-14 08:58:57.485753+00:00;1
2023-02-14 09:02:45.672439+00:00;5
2023-02-14 09:05:51.839167+00:00;1
2023-02-14 09:18:27.667814+00:00;1
2023-02-14 09:48:25.463650+00:00;3
2023-02-14 09:55:03.328213+00:00;1
2023-02-14 09:58:02.722081+00:00;1
2023-02-14 10:01:07.128426+00:00;1
2023-02-14 10:15:37.242531+00:00;1
2023-02-14 10:17:29.782153+00:00;1
2023-02-14 10:28:10.592908+00:00;3
2023-02-14 10:34:06.447157+00:00;1
2023-02-14 12:00:23.317867+00:00;1
2023-02-14 12:18:08.772794+00:00;1
2023-02-14 12:26:59.924419+00:00;1
2023-02-14 13:13:30.839315+00:00;2
2023-02-14 13:16:47.692601+00:00;1
2023-02-14 13:18:23.885347+00:00;1
2023-02-14 13:19:47.845734+00:00;1
2023-02-14 13:29:52.747258+00:00;1
2023-02-14 13:32:54.271352+00:00;3
2023-02-15 06:41:43.239960+00:00;1
2023-02-15 07:12:26.787992+00:00;5
2023-02-15 07:16:56.272690+00:00;2
2023-02-15 07:19:25.683069+00:00;1
2023-02-15 07:22:58.523622+00:00;1
2023-02-15 07:29:53.664018+00:00;2
2023-02-15 07:32:28.172040+00:00;1
2023-02-15 07:34:47.731242+00:00;1
2023-02-15 08:36:11.156426+00:00;1
2023-02-15 12:12:25.446823+00:00;1
2023-02-15 12:14:23.005866+00:00;2
2023-02-15 12:42:44.206252+00:00;1
2023-02-15 12:43:46.675222+00:00;1
2023-02-15 12:50:32.785722+00:00;1
2023-02-15 12:56:57.333441+00:00;1
2023-02-15 13:00:45.210017+00:00;2
2023-02-15 13:05:36.076421+00:00;7
2023-02-15 13:13:53.801441+00:00;1
2023-02-15 13:16:47.138037+00:00;4
2023-02-15 13:20:40.929295+00:00;1
2023-02-15 13:33:08.023032+00:00;2
2023-02-15 13:34:37.944459+00:00;4
2023-02-15 13:35:48.344044+00:00;1
2023-02-15 13:36:49.187677+00:00;1
2023-02-15 13:38:15.341669+00:00;1
2023-02-15 13:39:22.880366+00:00;1
2023-02-16 06:35:57.375175+00:00;1
2023-02-16 06:38:23.120852+00:00;1
2023-02-16 06:49:44.715723+00:00;2
2023-02-16 06:57:19.412992+00:00;2
2023-02-16 07:32:19.893802+00:00;2
2023-02-16 07:39:23.952023+00:00;1
2023-02-16 08:35:21.268500+00:00;1
2023-02-16 08:37:35.548246+00:00;2
2023-02-16 08:52:45.591822+00:00;3
2023-02-16 09:00:40.323966+00:00;8
2023-02-16 09:06:25.759408+00:00;1
2023-02-16 10:34:40.010161+00:00;2
2023-02-16 10:43:35.984644+00:00;1
2023-02-16 10:46:14.931861+00:00;5
2023-02-16 10:59:52.275617+00:00;5
2023-02-16 11:56:46.734076+00:00;2
2023-02-16 12:10:59.479619+00:00;1
2023-02-16 12:26:28.312032+00:00;2
2023-02-16 12:43:10.923922+00:00;1
2023-02-16 14:02:55.925010+00:00;1
2023-02-17 07:37:15.517821+00:00;1
2023-02-17 07:52:48.701537+00:00;1
2023-02-17 07:58:09.762876+00:00;1
2023-02-17 08:31:34.876666+00:00;1
2023-02-17 08:51:12.840099+00:00;1
2023-02-17 12:25:37.814968+00:00;3
2023-02-17 13:10:59.404392+00:00;1
2023-02-17 14:15:03.236389+00:00;1
2023-02-17 14:17:20.897582+00:00;1
2023-02-17 14:26:39.813800+00:00;1
2023-02-21 09:02:28.405945+00:00;1
2023-02-21 09:23:42.073756+00:00;6
2023-02-21 09:34:03.452373+00:00;1
2023-02-22 05:29:09.556881+00:00;4
2023-02-22 05:30:41.648565+00:00;2
2023-02-22 05:34:18.706262+00:00;1
2023-02-22 05:37:01.909388+00:00;1
2023-02-22 05:43:41.421550+00:00;1
2023-02-22 05:49:14.291518+00:00;1
2023-02-22 07:28:12.593593+00:00;1
2023-02-22 08:18:47.861088+00:00;1
2023-02-22 08:40:20.022363+00:00;1
2023-02-22 08:42:53.071464+00:00;1
2023-02-22 09:20:01.820215+00:00;1
2023-02-22 09:31:01.924877+00:00;2
2023-02-22 09:33:49.360535+00:00;1
2023-02-22 09:36:25.510438+00:00;5
2023-02-22 10:04:06.928690+00:00;1
2023-02-22 10:51:09.899340+00:00;1
2023-02-22 10:54:38.142305+00:00;1
2023-02-22 10:55:49.548456+00:00;1
2023-02-22 11:28:53.253303+00:00;1
2023-02-22 11:37:20.863546+00:00;1
2023-02-22 11:41:11.230858+00:00;1
2023-02-22 11:46:06.544373+00:00;4
2023-02-22 11:49:09.254823+00:00;1
2023-02-22 11:52:27.123391+00:00;2
2023-02-22 13:52:20.860839+00:00;1
2023-02-23 05:51:24.829043+00:00;22
2023-02-23 09:08:14.806149+00:00;1
2023-02-23 09:10:51.862929+00:00;1
2023-02-23 09:14:03.746178+00:00;1
2023-02-23 12:29:41.412452+00:00;3
2023-02-24 09:11:55.312385+00:00;1
2023-02-24 09:16:31.041524+00:00;1
2023-02-24 09:21:21.930258+00:00;2
2023-02-24 09:26:13.277978+00:00;2
2023-02-24 09:44:03.072903+00:00;3
2023-02-24 09:51:36.510467+00:00;2
2023-02-24 10:08:18.265376+00:00;1
2023-02-24 10:19:15.633457+00:00;1
2023-02-24 10:26:56.563812+00:00;2
2023-02-24 12:14:45.081795+00:00;5
2023-02-24 12:18:44.931330+00:00;1
2023-02-24 12:21:32.522498+00:00;5
2023-02-24 12:38:31.085266+00:00;1
2023-02-24 12:40:30.935836+00:00;2
2023-02-24 12:43:12.820657+00:00;1
2023-02-24 13:08:39.319194+00:00;1
2023-02-24 13:20:11.510466+00:00;3
2023-02-24 13:23:06.132478+00:00;1
2023-02-28 09:23:41.282621+00:00;1
2023-02-28 09:28:37.840956+00:00;1
2023-02-28 11:10:17.759892+00:00;1
2023-02-28 11:14:14.738357+00:00;1
2023-02-28 11:17:51.208261+00:00;2
2023-02-28 11:24:17.661496+00:00;2
2023-02-28 11:59:10.312655+00:00;1
2023-02-28 12:07:44.978239+00:00;1
2023-02-28 12:10:56.950394+00:00;1
2023-02-28 12:20:33.806180+00:00;1
2023-02-28 12:25:17.933872+00:00;1
2023-03-01 06:18:17.443881+00:00;1
2023-03-01 06:21:54.744104+00:00;1
2023-03-01 06:27:27.869607+00:00;1
2023-03-01 06:32:52.134983+00:00;1
2023-03-01 06:38:37.372264+00:00;4
2023-03-01 06:51:43.972099+00:00;1
2023-03-01 07:18:22.964582+00:00;7
2023-03-01 07:27:30.431699+00:00;1
2023-03-01 07:48:41.317414+00:00;2
2023-03-01 07:50:39.023999+00:00;1
2023-03-01 07:52:17.452851+00:00;2
2023-03-01 07:57:33.273174+00:00;2
2023-03-01 08:00:29.381170+00:00;3
2023-03-01 08:04:00.121873+00:00;3
2023-03-01 08:43:10.325423+00:00;3
2023-03-01 08:47:58.206354+00:00;1
2023-03-01 08:50:42.193850+00:00;1
2023-03-01 08:54:38.829449+00:00;1
2023-03-01 08:58:58.357390+00:00;1
2023-03-01 09:01:14.555316+00:00;3
2023-03-01 09:03:41.368806+00:00;5
2023-03-01 09:06:59.265141+00:00;1
2023-03-01 09:14:31.109165+00:00;1
2023-03-01 09:23:56.915639+00:00;1
2023-03-01 09:25:44.168451+00:00;3
2023-03-01 09:27:27.003248+00:00;2
2023-03-01 09:28:47.138855+00:00;1
2023-03-01 09:30:08.962204+00:00;1
2023-03-01 09:31:27.981579+00:00;2
2023-03-01 09:33:34.445568+00:00;3
2023-03-01 09:35:03.115509+00:00;4
2023-03-01 09:38:33.674505+00:00;2
2023-03-01 09:45:57.826478+00:00;2
2023-03-01 09:47:33.968454+00:00;1
2023-03-01 09:49:21.038503+00:00;1
2023-03-01 09:52:16.988773+00:00;1
2023-03-01 09:54:33.528358+00:00;2
2023-03-01 09:58:40.785211+00:00;1
2023-03-01 10:05:43.604115+00:00;3
2023-03-01 10:09:25.219263+00:00;1
2023-03-01 10:11:15.896944+00:00;3
2023-03-01 10:47:48.332069+00:00;2
2023-03-01 10:52:28.861770+00:00;1
2023-03-01 10:54:17.176461+00:00;1
2023-03-01 10:56:15.134929+00:00;1
2023-03-01 10:58:44.043184+00:00;1
2023-03-01 11:01:18.441363+00:00;4
2023-03-01 11:05:56.892621+00:00;1
2023-03-01 11:10:35.079986+00:00;2
2023-03-01 11:13:40.694115+00:00;1
2023-03-01 11:20:13.982888+00:00;1
2023-03-01 12:47:29.192567+00:00;3
2023-03-01 12:50:02.825356+00:00;3
2023-03-01 12:53:30.446551+00:00;1
2023-03-01 12:55:38.512532+00:00;2
2023-03-01 13:03:55.092123+00:00;3
2023-03-01 13:08:44.415394+00:00;1
2023-03-01 13:15:12.867294+00:00;1
2023-03-01 13:33:56.255773+00:00;1
2023-03-01 13:41:31.492731+00:00;2
2023-03-01 13:47:53.772041+00:00;1
2023-03-01 13:57:01.571047+00:00;1
2023-03-01 14:02:04.381582+00:00;1
2023-03-07 07:12:13.351265+00:00;2
2023-03-07 09:12:05.966414+00:00;2
2023-03-07 09:25:16.365429+00:00;1
2023-03-07 10:18:31.370885+00:00;1
2023-03-07 10:20:57.216241+00:00;1
2023-03-07 10:22:51.293440+00:00;1
2023-03-07 10:29:45.229015+00:00;1
2023-03-07 10:32:37.648038+00:00;2
2023-03-07 12:27:43.350500+00:00;1
2023-03-07 12:32:07.472501+00:00;1
2023-03-07 13:28:31.554163+00:00;4
2023-03-07 13:35:12.517935+00:00;4
2023-03-07 13:39:51.659064+00:00;2
2023-03-07 13:47:10.093945+00:00;1
2023-03-07 13:52:34.285528+00:00;2
2023-03-08 06:39:28.413086+00:00;3
2023-03-08 06:47:25.412479+00:00;2
2023-03-08 06:55:41.153720+00:00;17
2023-03-08 07:04:16.574784+00:00;3
2023-03-08 07:59:41.080404+00:00;9
2023-03-08 08:13:46.430601+00:00;2
2023-03-08 09:50:24.618122+00:00;3
2023-03-08 10:06:21.083258+00:00;1
2023-03-08 10:11:18.074462+00:00;1
2023-03-08 10:30:00.168666+00:00;1
2023-03-08 10:48:45.726747+00:00;2
2023-03-08 11:07:23.752081+00:00;1
2023-03-08 12:58:27.916096+00:00;1
2023-03-08 13:00:18.786048+00:00;1
2023-03-08 14:07:14.776642+00:00;5
2023-03-08 14:13:05.361175+00:00;1
2023-03-08 14:15:20.132334+00:00;1
2023-03-08 14:18:35.595452+00:00;1
2023-03-09 06:22:42.314316+00:00;2
2023-03-09 07:28:05.629354+00:00;1
2023-03-09 07:36:03.135032+00:00;3
2023-03-09 07:41:55.370989+00:00;6
2023-03-09 07:46:56.813397+00:00;1
2023-03-09 08:01:04.995067+00:00;1
2023-03-09 08:48:18.164414+00:00;1
2023-03-09 09:00:54.484353+00:00;1
2023-03-09 09:37:59.514502+00:00;1
2023-03-09 09:40:58.903580+00:00;2
2023-03-09 09:46:29.145399+00:00;3
2023-03-09 09:56:34.376937+00:00;11
2023-03-09 10:08:29.639245+00:00;2
2023-03-09 10:14:46.109511+00:00;2
2023-03-09 10:30:23.347908+00:00;1
2023-03-09 10:43:00.246060+00:00;1
2023-03-09 10:44:36.931823+00:00;1
2023-03-09 10:47:53.271954+00:00;2
2023-03-09 12:01:18.941454+00:00;3
2023-03-09 12:02:54.751889+00:00;1
2023-03-09 12:05:21.478651+00:00;1
2023-03-09 12:12:03.673305+00:00;2
2023-03-09 14:23:26.991381+00:00;1
2023-03-09 14:24:58.237413+00:00;1
2023-03-09 14:28:17.157071+00:00;1
2023-03-10 06:10:26.177674+00:00;1
2023-03-10 06:14:30.299830+00:00;2
2023-03-10 06:17:46.116923+00:00;2
2023-03-10 06:53:42.281941+00:00;1
2023-03-10 06:59:16.356499+00:00;3
2023-03-10 07:05:57.919046+00:00;2
2023-03-10 07:12:54.619100+00:00;4
2023-03-10 07:17:07.074593+00:00;1
2023-03-10 08:00:17.884825+00:00;5
2023-03-10 08:13:06.193836+00:00;1
2023-03-10 08:56:19.978630+00:00;1
2023-03-10 08:58:39.150307+00:00;5
2023-03-10 09:03:55.193455+00:00;4
2023-03-10 09:28:16.141619+00:00;2
2023-03-10 10:00:09.855323+00:00;1
2023-03-10 10:24:19.300645+00:00;1
2023-03-10 10:31:45.539929+00:00;1
2023-03-10 10:34:08.604701+00:00;4
2023-03-10 12:38:21.527872+00:00;1
2023-03-10 12:48:54.060098+00:00;1
2023-03-10 12:55:36.936868+00:00;2
2023-03-14 05:25:29.907404+00:00;1
2023-03-14 05:54:57.238686+00:00;2
2023-03-14 05:56:35.266374+00:00;1
2023-03-14 06:38:48.767531+00:00;1
2023-03-14 06:47:55.836307+00:00;4
2023-03-14 08:49:19.741858+00:00;1
2023-03-14 08:54:48.589907+00:00;1
2023-03-14 09:00:50.553222+00:00;2
2023-03-14 09:23:48.552390+00:00;1
2023-03-14 09:36:18.800559+00:00;6
2023-03-14 09:41:25.560611+00:00;1
2023-03-14 10:03:02.970693+00:00;3
2023-03-14 10:15:36.385751+00:00;1
2023-03-14 10:17:17.118246+00:00;2
2023-03-14 10:18:35.981821+00:00;1
2023-03-14 10:20:16.698906+00:00;2
2023-03-14 10:52:21.864181+00:00;2
2023-03-14 11:47:34.684281+00:00;1
2023-03-14 12:23:31.372294+00:00;1
2023-03-14 12:24:53.330613+00:00;1
2023-03-14 12:26:30.906595+00:00;2
2023-03-14 12:39:25.214828+00:00;2
2023-03-14 12:53:06.867597+00:00;1
2023-03-14 13:02:56.596010+00:00;1
2023-03-14 13:07:30.110101+00:00;2
2023-03-14 13:18:37.509421+00:00;2
2023-03-14 13:20:08.519292+00:00;2
2023-03-14 13:30:11.303738+00:00;2
2023-03-14 13:46:57.013298+00:00;3
2023-03-14 13:53:05.228612+00:00;1
2023-03-14 13:55:17.483403+00:00;4
2023-03-15 06:29:02.117994+00:00;1
2023-03-15 06:32:35.858278+00:00;3
2023-03-15 06:47:48.603921+00:00;3
2023-03-15 07:36:53.347523+00:00;1
2023-03-15 07:55:57.765864+00:00;1
2023-03-15 07:59:39.519400+00:00;1
2023-03-15 08:10:24.097168+00:00;1
2023-03-15 08:14:42.136655+00:00;1
2023-03-15 08:42:35.961946+00:00;3
2023-03-15 08:54:30.784312+00:00;1
2023-03-15 08:57:25.463377+00:00;1
2023-03-15 09:01:14.553996+00:00;1
2023-03-15 09:12:40.105766+00:00;1
2023-03-15 09:27:22.298973+00:00;3
2023-03-15 09:36:07.988074+00:00;1
2023-03-15 10:00:59.243471+00:00;1
2023-03-15 10:13:08.856821+00:00;1
2023-03-15 10:17:08.375894+00:00;1
2023-03-15 10:28:29.832477+00:00;1
2023-03-15 10:30:15.331087+00:00;1
2023-03-15 10:32:00.167715+00:00;1
2023-03-15 11:54:11.791902+00:00;1
2023-03-15 11:55:36.116743+00:00;1
2023-03-15 12:01:22.828072+00:00;1
2023-03-15 12:03:03.346334+00:00;1
2023-03-15 12:06:01.563194+00:00;4
2023-03-15 12:07:48.709205+00:00;1
2023-03-15 12:20:30.008546+00:00;1
2023-03-15 12:22:30.133236+00:00;1
2023-03-15 12:25:10.807405+00:00;1
2023-03-15 12:26:40.990743+00:00;1
2023-03-15 12:27:55.223214+00:00;2
2023-03-15 12:38:57.696847+00:00;1
2023-03-15 12:41:21.468222+00:00;1
2023-03-15 12:44:26.208623+00:00;2
2023-03-15 12:47:30.689822+00:00;1
2023-03-15 13:25:57.323830+00:00;1
2023-03-15 13:40:21.904911+00:00;1
2023-03-15 13:44:23.842460+00:00;2
2023-03-15 13:46:13.034021+00:00;1
2023-03-15 13:52:54.068620+00:00;1
2023-03-15 13:54:44.551331+00:00;4
2023-03-16 06:29:28.254087+00:00;3
2023-03-16 06:47:24.538000+00:00;1
2023-03-16 07:07:48.714716+00:00;1
2023-03-16 07:14:24.895426+00:00;1
2023-03-16 08:39:56.458251+00:00;2
2023-03-16 08:43:44.135316+00:00;3
2023-03-16 08:45:52.711485+00:00;1
2023-03-16 08:49:53.545116+00:00;2
2023-03-16 08:57:28.204304+00:00;1
2023-03-16 09:10:24.625456+00:00;1
2023-03-16 09:24:57.059038+00:00;1
2023-03-16 09:27:05.848767+00:00;1
2023-03-16 09:30:06.496343+00:00;2
2023-03-16 10:47:23.957182+00:00;1
2023-03-16 10:55:32.800459+00:00;1
2023-03-16 11:24:26.723042+00:00;3
2023-03-16 11:27:06.833775+00:00;5
2023-03-16 12:09:23.485543+00:00;1
2023-03-16 12:14:11.173656+00:00;3
2023-03-16 12:16:03.876274+00:00;2
2023-03-16 12:18:52.551840+00:00;2
2023-03-16 12:21:16.768756+00:00;1
2023-03-16 12:40:00.923168+00:00;1
2023-03-16 15:58:19.689634+00:00;1
2023-03-17 07:49:10.644309+00:00;1
2023-03-17 07:57:29.040700+00:00;2
2023-03-17 10:29:39.039153+00:00;2
2023-03-17 10:38:39.616527+00:00;1
2023-03-17 10:49:55.884748+00:00;1
2023-03-17 11:58:51.928598+00:00;1
2023-03-17 13:28:59.225683+00:00;1
2023-03-17 13:33:08.722348+00:00;1
2023-03-17 13:36:11.009214+00:00;2
2023-03-17 13:38:52.233905+00:00;1
2023-03-21 08:59:10.555595+00:00;5
2023-03-21 09:32:46.583420+00:00;2
2023-03-21 09:45:11.453799+00:00;1
2023-03-21 09:49:29.061579+00:00;1
2023-03-21 09:52:44.713994+00:00;1
2023-03-21 10:36:51.423480+00:00;1
2023-03-21 10:46:07.196314+00:00;2
2023-03-21 12:01:33.972529+00:00;1
2023-03-21 12:02:59.987287+00:00;4
2023-03-21 12:13:49.000874+00:00;1
2023-03-21 12:24:15.421827+00:00;2
2023-03-21 12:52:26.497384+00:00;1
2023-03-21 13:02:25.736587+00:00;2
2023-03-21 13:07:26.892295+00:00;1
2023-03-21 13:09:41.883784+00:00;1
2023-03-21 13:33:41.641124+00:00;4
2023-03-21 13:38:05.866024+00:00;1
2023-03-22 06:26:05.673269+00:00;3
2023-03-22 06:33:52.601544+00:00;1
2023-03-22 06:59:32.040921+00:00;1
2023-03-22 07:14:00.577975+00:00;1
2023-03-22 07:28:28.454475+00:00;1
2023-03-22 07:31:23.164134+00:00;1
2023-03-22 07:49:07.228272+00:00;1
2023-03-22 07:55:34.848688+00:00;1
2023-03-22 08:02:05.893106+00:00;1
2023-03-22 08:04:58.596321+00:00;1
2023-03-22 08:08:14.814769+00:00;1
2023-03-22 10:34:13.843025+00:00;1
2023-03-22 13:35:48.657031+00:00;4
2023-03-23 06:42:12.365981+00:00;1
2023-03-23 06:54:16.466941+00:00;1
2023-03-23 07:55:33.184840+00:00;1
2023-03-23 11:42:42.761243+00:00;6
2023-03-23 12:08:14.963062+00:00;2
2023-03-23 12:17:03.365252+00:00;1
2023-03-23 12:41:51.034467+00:00;1
2023-03-23 12:45:39.218768+00:00;1
2023-03-23 13:13:59.615340+00:00;1
2023-03-23 13:16:25.574102+00:00;1
2023-03-23 13:19:19.902242+00:00;1
2023-03-23 13:38:57.475448+00:00;14
2023-03-24 06:26:31.687144+00:00;1
2023-03-24 06:30:43.497970+00:00;1
2023-03-24 07:07:32.898309+00:00;1
2023-03-24 07:09:56.052110+00:00;2
2023-03-24 07:13:59.723881+00:00;1
2023-03-24 07:45:10.627240+00:00;2
2023-03-24 07:52:20.975659+00:00;1
2023-03-24 07:57:48.227632+00:00;1
2023-03-29 05:30:06.959577+00:00;1
2023-03-29 06:16:36.782332+00:00;1
2023-03-29 09:04:35.508678+00:00;1
2023-03-29 09:17:05.736264+00:00;1
2023-03-29 09:18:21.803770+00:00;1
2023-03-29 09:30:41.838584+00:00;1
2023-03-29 11:03:25.160259+00:00;1
2023-03-29 11:08:20.560725+00:00;1
2023-03-29 11:17:25.609950+00:00;1
2023-03-29 11:27:26.297710+00:00;1
2023-03-29 12:08:32.130133+00:00;4
2023-03-29 12:10:15.559227+00:00;3
2023-03-29 12:20:07.509121+00:00;1
2023-03-29 12:26:49.736752+00:00;1
2023-03-29 12:38:12.253562+00:00;1
2023-03-29 12:42:30.293060+00:00;1
2023-03-30 06:44:24.687328+00:00;1
2023-03-30 06:47:37.092930+00:00;7
2023-03-30 06:58:43.946922+00:00;1
2023-03-30 07:01:25.583913+00:00;4
2023-03-30 07:16:55.116365+00:00;1
2023-03-30 07:20:30.104261+00:00;1
2023-03-30 07:21:51.529779+00:00;1
2023-03-30 07:37:39.821976+00:00;1
2023-03-30 07:47:23.945345+00:00;3
2023-03-30 08:25:52.338577+00:00;1
2023-03-30 08:58:28.421724+00:00;1
2023-03-30 09:02:34.234104+00:00;1
2023-03-30 09:04:48.126821+00:00;1
2023-03-30 09:21:41.983401+00:00;1
2023-03-30 09:25:33.809091+00:00;1
2023-03-30 09:28:51.702931+00:00;1
2023-03-30 09:29:58.269588+00:00;1
2023-03-30 09:32:57.597802+00:00;1
2023-03-30 09:35:34.704566+00:00;1
2023-03-30 09:41:37.639694+00:00;2
2023-03-30 09:43:40.456049+00:00;12
2023-03-30 11:29:02.411088+00:00;2
2023-03-30 11:44:37.456987+00:00;20
2023-03-31 04:55:06.655930+00:00;4
2023-03-31 05:09:34.640826+00:00;1
2023-03-31 05:13:38.239926+00:00;1
2023-03-31 05:48:07.649186+00:00;1
2023-03-31 05:49:52.909957+00:00;1
2023-03-31 05:53:48.646529+00:00;2
2023-03-31 06:25:33.766457+00:00;1
2023-03-31 06:26:48.391817+00:00;2
2023-03-31 06:28:29.638580+00:00;1
2023-03-31 06:36:42.768012+00:00;11
2023-03-31 06:42:00.714641+00:00;1
2023-03-31 07:03:00.949851+00:00;1
2023-03-31 08:34:27.842852+00:00;1
2023-03-31 08:53:06.148769+00:00;3
2023-03-31 08:55:31.805998+00:00;2
2023-03-31 09:53:39.120509+00:00;1
2023-03-31 09:56:28.313618+00:00;1
2023-03-31 10:11:06.266515+00:00;1
2023-03-31 12:07:23.009964+00:00;1
2023-03-31 13:07:12.640217+00:00;4
2023-04-04 05:58:36.908250+00:00;1
2023-04-04 07:49:43.436436+00:00;1
2023-04-04 10:53:37.000910+00:00;1
2023-04-04 10:56:41.712869+00:00;1
2023-04-04 10:58:13.825759+00:00;1
2023-04-04 10:59:41.130468+00:00;2
2023-04-04 11:01:41.144697+00:00;1
2023-04-04 13:03:07.904193+00:00;1
2023-04-04 13:16:42.432492+00:00;2
2023-04-04 13:17:58.402775+00:00;2
2023-04-04 13:21:34.648371+00:00;1
2023-04-04 13:24:26.251543+00:00;1
2023-04-04 13:43:20.829175+00:00;1
2023-04-04 13:45:25.327993+00:00;2
2023-04-04 13:49:40.138955+00:00;6
2023-04-05 06:14:34.576682+00:00;1
2023-04-05 06:17:08.530049+00:00;7
2023-04-05 06:20:10.115538+00:00;2
2023-04-05 06:29:00.485994+00:00;1
2023-04-05 06:38:51.515166+00:00;1
2023-04-05 06:40:15.162888+00:00;1
2023-04-05 06:43:11.802702+00:00;1
2023-04-05 07:17:10.464480+00:00;1
2023-04-05 07:22:56.601365+00:00;1
2023-04-05 07:25:59.687278+00:00;2
2023-04-05 07:27:17.483973+00:00;1
2023-04-05 07:29:15.470667+00:00;2
2023-04-05 07:31:12.419391+00:00;1
2023-04-05 07:37:53.974358+00:00;1
2023-04-05 07:55:23.042011+00:00;1
2023-04-05 08:07:38.450941+00:00;1
2023-04-05 08:21:11.394611+00:00;1
2023-04-05 08:23:00.015784+00:00;1
2023-04-05 08:24:22.203480+00:00;2
2023-04-05 08:25:30.824060+00:00;3
2023-04-05 09:39:17.261950+00:00;8
2023-04-05 12:44:10.117079+00:00;5
2023-04-05 12:45:44.063452+00:00;3
2023-04-05 12:46:24.367751+00:00;2
2023-04-05 12:47:32.651798+00:00;5
2023-04-05 12:48:43.427524+00:00;10
2023-04-06 05:22:18.250281+00:00;12
2023-04-06 06:01:12.149454+00:00;4
2023-04-06 06:08:40.101001+00:00;16
2023-04-06 06:28:20.409022+00:00;1
2023-04-06 07:43:23.548790+00:00;1
2023-04-06 07:51:13.735131+00:00;10
2023-04-06 07:56:28.121717+00:00;1
2023-04-06 08:12:25.756357+00:00;1
2023-04-06 08:16:57.801591+00:00;3
2023-04-06 09:28:56.294926+00:00;1
2023-04-06 09:35:45.906290+00:00;4
2023-04-06 09:52:20.372572+00:00;1
2023-04-06 09:53:56.500154+00:00;1
2023-04-06 11:09:28.289634+00:00;1
2023-04-06 11:15:02.011062+00:00;7
2023-04-07 05:51:44.137691+00:00;2
2023-04-07 06:07:03.147283+00:00;4
2023-04-07 06:09:14.871435+00:00;1
2023-04-07 06:58:29.178790+00:00;2
2023-04-07 07:03:49.373713+00:00;3
2023-04-07 07:16:18.862221+00:00;4
2023-04-07 08:47:14.258236+00:00;1
2023-04-07 08:58:02.065860+00:00;1
2023-04-07 09:51:40.851382+00:00;1
2023-04-07 09:52:34.770339+00:00;1
2023-04-07 09:53:13.510986+00:00;1
2023-04-07 09:56:11.267921+00:00;1
2023-04-07 09:57:13.299261+00:00;1
2023-04-07 09:59:01.050509+00:00;1
2023-04-07 10:00:07.923829+00:00;2
2023-04-07 10:01:01.098878+00:00;1
2023-04-07 10:03:01.719399+00:00;3
2023-04-07 10:40:32.370102+00:00;1
2023-04-07 10:41:17.446356+00:00;1
2023-04-07 10:42:09.936668+00:00;3
2023-04-07 10:42:53.640340+00:00;2
2023-04-07 10:44:31.805688+00:00;2
2023-04-07 10:45:20.696813+00:00;1
2023-04-07 10:48:20.289913+00:00;3
2023-04-07 10:52:02.608542+00:00;4
2023-04-07 10:55:58.982097+00:00;6
2023-04-07 10:58:13.037274+00:00;2
2023-04-07 12:11:13.526645+00:00;2
2023-04-07 12:12:37.012217+00:00;2
2023-04-07 12:44:12.425781+00:00;2
2023-04-11 08:37:40.919069+00:00;8
2023-04-11 09:09:01.972629+00:00;5
2023-04-11 11:34:29.517037+00:00;2
2023-04-11 11:38:56.164896+00:00;1
2023-04-11 11:58:20.944391+00:00;1
2023-04-11 12:08:58.172367+00:00;1
2023-04-11 12:26:47.794190+00:00;1
2023-04-11 12:32:41.196665+00:00;1
2023-04-11 13:12:22.032417+00:00;2
2023-04-12 05:27:46.280287+00:00;1
2023-04-12 05:30:11.159900+00:00;1
2023-04-12 05:31:47.377602+00:00;1
2023-04-12 05:33:26.405315+00:00;1
2023-04-12 05:35:07.285960+00:00;1
2023-04-12 05:38:54.536362+00:00;1
2023-04-12 05:43:28.629766+00:00;1
2023-04-12 05:46:47.024737+00:00;1
2023-04-12 08:16:25.121940+00:00;1
2023-04-12 08:18:01.034335+00:00;2
2023-04-12 08:19:56.517160+00:00;2
2023-04-12 08:21:35.588855+00:00;1
2023-04-12 08:24:58.157592+00:00;8
2023-04-12 08:29:53.452576+00:00;1
2023-04-12 08:31:30.585540+00:00;1
2023-04-12 08:33:18.098617+00:00;1
2023-04-12 08:53:15.103049+00:00;3
2023-04-12 09:11:58.075248+00:00;1
2023-04-12 09:13:58.168923+00:00;1
2023-04-12 09:20:40.386398+00:00;1
2023-04-12 09:23:20.484538+00:00;2
2023-04-12 09:26:01.066232+00:00;1
2023-04-12 09:27:50.800348+00:00;2
2023-04-12 09:32:59.453184+00:00;2
2023-04-12 09:35:20.677530+00:00;1
2023-04-12 10:17:26.770159+00:00;1
2023-04-13 05:31:57.640090+00:00;6
2023-04-13 05:38:52.283661+00:00;2
2023-04-13 05:50:56.963414+00:00;2
2023-04-13 06:20:31.273966+00:00;1
2023-04-13 06:21:37.575795+00:00;2
2023-04-13 06:23:40.931914+00:00;3
2023-04-13 06:25:26.868130+00:00;1
2023-04-13 07:49:38.807576+00:00;1
2023-04-13 08:12:51.488458+00:00;2
2023-04-13 08:25:25.073727+00:00;1
2023-04-14 05:41:05.121908+00:00;3
2023-04-14 06:13:29.029958+00:00;3
2023-04-14 06:53:27.491640+00:00;1
2023-04-14 06:58:21.895331+00:00;4
2023-04-14 07:04:36.392804+00:00;1
2023-04-14 12:29:46.847768+00:00;1
2023-04-14 12:33:05.566836+00:00;6
2023-04-14 12:36:02.034751+00:00;1
2023-04-14 12:38:14.127075+00:00;2
2023-04-14 12:46:35.170722+00:00;12
2023-04-19 04:39:37.404809+00:00;9
2023-04-19 05:26:11.973133+00:00;6
2023-04-19 05:57:32.501395+00:00;1
2023-04-19 06:31:26.102276+00:00;2
2023-04-19 06:53:46.511156+00:00;3
2023-04-19 06:58:18.653140+00:00;2
2023-04-19 07:01:01.406887+00:00;1
2023-04-19 07:03:41.999106+00:00;5
2023-04-19 07:19:43.959033+00:00;3
2023-04-19 07:24:00.131816+00:00;1
2023-04-19 07:30:21.633174+00:00;2
2023-04-19 12:25:41.831409+00:00;2
2023-04-19 12:37:03.186335+00:00;2
2023-04-19 12:38:18.222576+00:00;1
2023-04-19 12:44:32.037182+00:00;1
2023-04-19 13:03:14.628482+00:00;2
2023-04-20 06:19:00.041837+00:00;10
2023-04-20 06:27:08.716269+00:00;5
2023-04-20 06:29:35.642395+00:00;1
2023-04-20 06:40:53.065455+00:00;7
2023-04-20 07:50:45.585239+00:00;2
2023-04-20 07:53:00.885132+00:00;1
2023-04-20 07:55:30.644656+00:00;2
2023-04-20 07:56:40.508784+00:00;3
2023-04-20 07:59:20.112534+00:00;1
2023-04-20 08:01:02.725874+00:00;1
2023-04-21 05:09:43.311683+00:00;5
2023-04-21 05:14:02.167830+00:00;5
2023-04-21 05:32:50.042791+00:00;6
2023-04-21 05:43:30.826911+00:00;1
2023-04-21 05:47:53.667490+00:00;2
2023-04-21 06:27:49.104067+00:00;5
2023-04-21 06:31:36.861609+00:00;2
2023-04-21 06:39:25.848226+00:00;9
2023-04-21 06:42:00.773496+00:00;4
2023-04-21 06:45:32.189033+00:00;7
2023-04-21 06:54:06.852429+00:00;3
2023-04-21 08:59:56.983835+00:00;1
2023-04-21 09:01:35.418456+00:00;6
2023-04-21 09:03:56.547518+00:00;7
2023-04-21 09:15:32.475205+00:00;7
2023-04-21 09:25:28.547973+00:00;7
2023-04-21 09:33:09.650797+00:00;6
2023-04-21 09:41:51.053673+00:00;2
2023-04-21 09:51:00.614546+00:00;8
2023-04-21 11:49:21.558576+00:00;13
2023-04-21 11:50:57.406805+00:00;5
2023-04-21 11:57:36.251236+00:00;2
2023-04-21 11:59:28.495061+00:00;2
2023-04-21 12:04:20.294815+00:00;16
2023-04-21 12:12:52.054289+00:00;1
2023-04-21 12:16:41.205725+00:00;5
2023-04-21 12:25:42.320661+00:00;4
2023-04-21 12:36:29.920028+00:00;1
2023-04-21 12:41:51.276901+00:00;3
2023-04-21 12:43:17.471199+00:00;2
2023-04-21 12:49:32.276252+00:00;1
2023-04-21 12:50:37.207963+00:00;2
2023-04-25 05:41:54.787726+00:00;3
2023-04-25 05:50:52.411362+00:00;1
2023-04-25 05:53:44.717048+00:00;9
2023-04-25 05:55:14.801303+00:00;8
2023-04-25 06:00:27.798250+00:00;2
2023-04-25 06:04:43.513194+00:00;1
2023-04-25 06:14:54.338393+00:00;1
2023-04-26 04:32:51.857008+00:00;1
2023-04-26 04:33:40.587397+00:00;2
2023-04-26 04:35:15.885709+00:00;3
2023-04-26 04:36:34.527885+00:00;2
2023-04-26 04:37:33.015629+00:00;4
2023-04-26 04:38:30.408727+00:00;2
2023-04-26 04:39:45.562708+00:00;2
2023-04-26 04:40:52.628279+00:00;3
2023-04-26 04:41:54.113551+00:00;2
2023-04-26 04:42:49.388621+00:00;1
2023-04-26 05:05:10.529668+00:00;2
2023-04-26 05:35:15.381181+00:00;3
2023-04-26 06:14:28.427974+00:00;1
2023-04-26 06:23:17.884262+00:00;1
2023-04-26 06:25:07.679396+00:00;1
2023-04-26 06:26:29.003960+00:00;1
2023-04-26 06:42:19.807648+00:00;1
2023-04-26 06:44:50.537878+00:00;1
2023-04-26 06:46:30.974688+00:00;1
2023-04-26 06:48:05.758607+00:00;1
2023-04-26 06:49:42.227831+00:00;1
2023-04-26 06:51:24.118928+00:00;1
2023-04-26 06:55:19.181438+00:00;1
2023-04-26 06:57:02.095989+00:00;1
2023-04-26 10:27:13.549919+00:00;1
2023-04-26 10:31:16.667406+00:00;2
2023-04-26 11:35:36.476384+00:00;3
2023-04-26 11:36:51.987806+00:00;1
2023-04-26 11:38:00.111197+00:00;2
2023-04-26 11:39:47.493480+00:00;4
2023-04-26 11:48:51.947798+00:00;2
2023-04-26 11:49:53.864456+00:00;2
2023-04-26 11:50:49.681979+00:00;2
2023-04-26 11:52:48.972645+00:00;4
2023-04-26 11:54:44.735487+00:00;1
2023-04-26 11:56:10.339871+00:00;2
2023-04-26 11:58:03.347077+00:00;1
2023-04-26 12:10:14.718626+00:00;2
2023-04-26 12:12:36.781702+00:00;1
2023-04-26 12:13:52.708303+00:00;1
2023-04-26 12:16:03.893060+00:00;2
2023-05-02 06:51:02.505991+00:00;3
2023-05-02 06:53:26.153273+00:00;10
2023-05-02 07:00:22.557415+00:00;12
2023-05-02 07:33:52.349052+00:00;9
2023-05-02 07:45:39.611710+00:00;3
2023-05-02 08:28:08.822491+00:00;1
2023-05-02 08:43:52.321215+00:00;1
2023-05-02 09:32:47.948571+00:00;1
2023-05-02 09:41:32.224539+00:00;5
2023-05-03 04:57:29.960957+00:00;1
2023-05-03 05:06:20.139697+00:00;2
2023-05-03 05:30:45.227444+00:00;2
2023-05-03 05:42:33.717914+00:00;19
2023-05-03 05:54:35.801731+00:00;12
2023-05-03 06:15:59.441255+00:00;1
2023-05-03 06:39:25.149632+00:00;7
2023-05-03 07:21:24.368064+00:00;5
2023-05-03 09:25:34.184342+00:00;6
2023-05-03 09:40:43.293764+00:00;1
2023-05-03 11:44:48.234014+00:00;1
2023-05-03 11:45:43.490377+00:00;1
2023-05-03 11:48:56.959279+00:00;1
2023-05-03 11:49:49.737176+00:00;1
2023-05-03 11:50:47.181752+00:00;1
2023-05-03 11:51:45.353617+00:00;1
2023-05-03 11:52:54.604912+00:00;1
2023-05-03 11:53:39.052097+00:00;1
2023-05-03 11:54:17.175470+00:00;1
2023-05-03 11:55:39.396093+00:00;1
2023-05-03 12:16:35.582814+00:00;13
2023-05-03 13:13:25.167365+00:00;9
2023-05-04 04:53:41.688125+00:00;9
2023-05-04 04:59:52.879728+00:00;10
2023-05-04 05:07:25.325785+00:00;1
2023-05-04 06:37:30.804483+00:00;26
2023-05-04 06:41:07.393519+00:00;9
2023-05-04 06:45:23.430400+00:00;18
2023-05-04 07:23:20.386241+00:00;12
2023-05-04 07:40:41.508121+00:00;4
2023-05-04 07:43:40.724964+00:00;8
2023-05-04 07:47:39.735770+00:00;11
2023-05-04 08:01:56.000794+00:00;7
2023-05-04 08:28:32.840394+00:00;9
2023-05-04 08:38:43.808410+00:00;4
2023-05-04 08:44:02.395133+00:00;5
2023-05-04 08:50:13.126486+00:00;5
2023-05-04 09:05:46.502073+00:00;13
2023-05-04 09:08:21.893059+00:00;7
2023-05-04 09:59:36.094106+00:00;5
2023-05-04 10:03:56.643156+00:00;8
2023-05-04 10:10:42.421900+00:00;1
2023-05-09 07:48:56.084350+00:00;1
2023-05-09 07:50:51.561417+00:00;1
2023-05-09 07:52:25.061011+00:00;1
2023-05-09 07:53:33.649627+00:00;1
2023-05-09 07:55:38.212630+00:00;1
2023-05-09 07:57:02.102546+00:00;1
2023-05-09 07:58:09.583286+00:00;1
2023-05-09 07:59:20.547244+00:00;1
2023-05-09 08:00:40.354217+00:00;1
2023-05-09 08:01:42.359897+00:00;1
2023-05-09 08:04:15.815694+00:00;1
2023-05-09 08:06:36.692207+00:00;1
2023-05-09 08:07:39.218806+00:00;1
2023-05-09 08:08:38.958460+00:00;1
2023-05-09 08:11:17.272548+00:00;1
2023-05-09 08:13:58.514804+00:00;1
2023-05-09 08:14:45.588729+00:00;1
2023-05-09 08:15:47.183955+00:00;1
2023-05-09 08:27:47.153883+00:00;1
2023-05-09 08:29:27.319173+00:00;1
2023-05-09 08:32:12.426567+00:00;1
2023-05-09 08:33:26.908213+00:00;1
2023-05-09 08:36:00.224480+00:00;1
2023-05-09 08:37:35.311024+00:00;1
2023-05-09 08:38:24.810683+00:00;1
2023-05-09 08:40:01.480170+00:00;1
2023-05-09 08:41:48.964515+00:00;1
2023-05-09 08:42:49.886043+00:00;1
2023-05-09 08:44:06.539741+00:00;1
2023-05-09 08:46:04.182569+00:00;1
2023-05-09 08:46:58.910632+00:00;1
2023-05-09 08:47:58.301246+00:00;1
2023-05-09 08:48:53.585357+00:00;1
2023-05-09 11:19:57.714830+00:00;1
2023-05-09 11:21:07.071569+00:00;1
2023-05-09 11:22:26.316363+00:00;1
2023-05-09 11:23:41.601825+00:00;1
2023-05-09 11:24:49.309944+00:00;1
2023-05-09 11:25:59.873915+00:00;1
2023-05-09 11:27:10.673647+00:00;1
2023-05-09 11:28:31.562096+00:00;1
2023-05-09 11:29:50.373124+00:00;1
2023-05-10 05:04:53.456198+00:00;20
2023-05-10 05:12:46.901092+00:00;14
2023-05-10 05:34:16.217871+00:00;12
2023-05-10 05:44:36.177910+00:00;6
2023-05-10 05:50:57.184571+00:00;9
2023-05-10 06:00:18.512601+00:00;13
2023-05-10 06:06:31.418273+00:00;4
2023-05-10 06:10:04.505736+00:00;11
2023-05-10 08:56:30.997901+00:00;9
2023-05-10 11:18:24.683474+00:00;5
2023-05-10 11:40:19.641501+00:00;1
2023-05-10 11:44:38.200438+00:00;1
2023-05-10 11:47:59.221874+00:00;1
2023-05-10 11:48:44.115111+00:00;1
2023-05-10 11:50:24.896640+00:00;1
2023-05-10 11:58:09.648462+00:00;1
2023-05-10 12:11:40.713327+00:00;1
2023-05-10 12:14:15.557008+00:00;1
2023-05-10 12:16:50.809602+00:00;1
2023-05-10 12:19:37.594655+00:00;1
2023-05-10 12:21:58.950511+00:00;1
2023-05-10 12:24:44.240420+00:00;1
2023-05-10 12:30:02.705517+00:00;7
2023-05-11 05:43:52.542524+00:00;2
2023-05-11 05:52:47.111916+00:00;1
2023-05-11 06:11:54.963624+00:00;1
2023-05-11 06:23:38.916905+00:00;7
2023-05-11 06:31:15.768375+00:00;3
2023-05-11 06:53:44.569613+00:00;4
2023-05-11 06:57:25.320336+00:00;3
2023-05-11 06:59:21.779226+00:00;1
2023-05-11 09:17:00.249167+00:00;1
2023-05-11 09:20:26.884147+00:00;2
2023-05-11 09:25:48.667479+00:00;1
2023-05-11 09:28:17.790999+00:00;1
2023-05-11 09:31:20.717169+00:00;3
2023-05-11 09:36:55.698067+00:00;2
2023-05-11 09:42:59.695289+00:00;2
2023-05-11 10:11:43.091481+00:00;1
2023-05-11 10:13:28.515460+00:00;3
2023-05-11 11:08:13.173654+00:00;2
2023-05-11 11:12:14.886600+00:00;3
2023-05-11 11:16:24.394663+00:00;18
2023-05-11 11:20:10.468686+00:00;3
2023-05-11 11:23:30.816578+00:00;3
2023-05-11 11:28:32.662515+00:00;2
2023-05-11 13:24:13.999447+00:00;3
2023-05-12 04:11:16.201802+00:00;5
2023-05-12 04:12:51.042738+00:00;2
2023-05-12 04:14:39.920991+00:00;3
2023-05-12 04:20:51.652978+00:00;4
2023-05-12 04:23:06.813267+00:00;3
2023-05-12 04:25:40.640660+00:00;2
2023-05-12 05:12:18.793846+00:00;1
2023-05-12 05:14:04.926744+00:00;1
2023-05-12 05:17:06.254966+00:00;1
2023-05-12 05:20:17.385873+00:00;3
2023-05-12 05:31:09.201633+00:00;1
2023-05-12 06:21:41.600316+00:00;1
2023-05-12 06:38:58.568497+00:00;1
2023-05-12 11:21:17.491510+00:00;1
2023-05-12 11:27:21.726076+00:00;1
2023-05-12 11:31:58.878317+00:00;3
2023-05-12 11:39:07.757963+00:00;1
2023-05-12 11:44:04.242079+00:00;1
2023-05-16 08:16:29.703426+00:00;1
2023-05-16 09:42:31.182696+00:00;1
2023-05-16 09:44:06.953911+00:00;1
2023-05-16 10:54:43.318093+00:00;1
2023-05-16 10:56:36.307786+00:00;1
2023-05-16 10:59:39.076534+00:00;1
2023-05-16 11:02:17.915737+00:00;1
2023-05-16 11:03:40.668919+00:00;1
2023-05-16 11:06:02.384628+00:00;1
2023-05-16 11:07:29.343156+00:00;1
2023-05-16 11:09:36.252949+00:00;1
2023-05-16 11:10:39.304412+00:00;1
2023-05-16 11:12:39.996778+00:00;1
2023-05-16 11:13:30.335907+00:00;1
2023-05-16 11:15:10.637985+00:00;1
2023-05-16 11:17:10.851008+00:00;1
2023-05-16 11:18:45.944850+00:00;1
2023-05-16 11:19:49.509836+00:00;1
2023-05-16 11:20:49.790795+00:00;1
2023-05-16 11:22:39.549573+00:00;1
2023-05-16 11:24:40.466488+00:00;1
2023-05-16 11:26:39.985770+00:00;1
2023-05-16 11:52:29.531789+00:00;1
2023-05-16 11:54:21.987738+00:00;1
2023-05-16 11:55:23.805641+00:00;1
2023-05-16 11:57:07.218606+00:00;1
2023-05-16 11:59:17.403159+00:00;1
2023-05-16 12:03:01.745459+00:00;1
2023-05-16 12:04:29.415867+00:00;1
2023-05-16 12:05:18.578058+00:00;1
2023-05-16 12:51:39.059072+00:00;1
2023-05-16 12:54:04.879745+00:00;12
2023-05-16 13:02:42.296269+00:00;1
2023-05-16 13:11:01.089816+00:00;1
2023-05-16 13:12:58.607960+00:00;1
2023-05-16 13:14:39.838767+00:00;1
2023-05-16 13:17:26.005089+00:00;1
2023-05-16 13:18:29.294378+00:00;1
2023-05-16 13:20:15.754651+00:00;1
2023-05-16 13:21:18.717664+00:00;1
2023-05-17 07:01:32.378854+00:00;1
2023-05-17 07:02:59.410637+00:00;1
2023-05-17 07:04:16.370859+00:00;1
2023-05-17 07:05:52.577312+00:00;1
2023-05-17 07:07:50.292873+00:00;1
2023-05-17 07:09:19.191094+00:00;1
2023-05-17 07:11:55.471734+00:00;1
2023-05-17 07:13:56.891269+00:00;1
2023-05-17 07:14:49.487671+00:00;1
2023-05-17 07:15:48.902802+00:00;1
2023-05-17 07:16:37.556707+00:00;1
2023-05-17 07:17:28.912488+00:00;1
2023-05-17 07:18:18.027839+00:00;1
2023-05-17 07:19:26.951259+00:00;1
2023-05-17 07:20:22.364377+00:00;1
2023-05-17 07:23:12.823553+00:00;1
2023-05-17 07:32:24.773634+00:00;1
2023-05-17 07:33:20.799651+00:00;1
2023-05-17 07:34:20.147533+00:00;1
2023-05-17 07:35:38.148255+00:00;1
2023-05-17 07:37:22.324211+00:00;1
2023-05-17 07:38:17.723175+00:00;1
2023-05-17 07:39:12.247719+00:00;1
2023-05-17 07:40:06.358518+00:00;1
2023-05-17 07:40:49.640140+00:00;1
2023-05-17 07:41:40.546434+00:00;1
2023-05-17 08:55:06.849076+00:00;1
2023-05-17 08:56:12.901954+00:00;1
2023-05-17 08:57:01.427909+00:00;1
2023-05-17 08:59:00.557265+00:00;1
2023-05-17 09:00:20.183569+00:00;1
2023-05-17 09:01:21.383436+00:00;1
2023-05-17 09:02:16.401049+00:00;1
2023-05-17 09:03:50.824137+00:00;1
2023-05-17 09:04:45.360367+00:00;1
2023-05-17 09:06:08.664323+00:00;1
2023-05-17 09:07:09.463037+00:00;1
2023-05-17 09:08:35.754226+00:00;1
2023-05-17 09:09:32.916558+00:00;1
2023-05-17 09:10:32.540194+00:00;1
2023-05-17 09:11:41.213700+00:00;1
2023-05-17 09:13:21.959794+00:00;1
2023-05-17 09:15:09.423537+00:00;1
2023-05-17 09:16:29.440724+00:00;1
2023-05-17 09:17:57.310738+00:00;1
2023-05-17 09:19:13.228568+00:00;1
2023-05-17 09:41:43.850361+00:00;1
2023-05-17 09:43:28.708572+00:00;1
2023-05-17 09:44:41.956606+00:00;1
2023-05-17 09:46:07.765845+00:00;1
2023-05-17 09:47:03.290906+00:00;1
2023-05-17 09:54:01.959445+00:00;1
2023-05-17 09:55:11.130493+00:00;1
2023-05-17 09:56:58.159729+00:00;1
2023-05-17 09:57:44.510822+00:00;1
2023-05-17 09:58:46.876105+00:00;5
2023-05-23 07:55:21.389622+00:00;1
2023-05-23 08:06:06.652368+00:00;14
2023-05-23 08:09:41.406665+00:00;7
2023-05-23 08:14:57.623666+00:00;2
2023-05-23 08:21:30.406702+00:00;1
2023-05-23 08:33:05.488117+00:00;15
2023-05-23 08:48:52.062527+00:00;1
2023-05-23 08:52:49.051058+00:00;10
2023-05-23 08:55:55.158658+00:00;1
2023-05-23 08:57:23.457107+00:00;9
2023-05-23 09:04:47.679076+00:00;13
2023-05-23 11:18:05.786373+00:00;3
2023-05-23 11:24:10.548618+00:00;1
2023-05-23 11:53:57.341319+00:00;1
2023-05-23 12:00:31.111822+00:00;2
2023-05-23 12:03:33.792539+00:00;6
2023-05-23 12:08:37.723173+00:00;2
2023-05-23 12:16:45.299269+00:00;2
2023-05-23 12:31:45.255981+00:00;1
2023-05-23 12:38:14.147783+00:00;1
2023-05-23 12:43:51.803301+00:00;1
2023-05-23 13:06:34.819999+00:00;2
2023-05-23 13:09:57.455407+00:00;1
2023-05-24 05:38:27.395660+00:00;6
2023-05-24 05:54:52.515719+00:00;4
2023-05-24 06:37:44.330768+00:00;4
2023-05-24 06:51:50.321670+00:00;1
2023-05-24 06:56:22.288772+00:00;2
2023-05-24 07:00:45.672694+00:00;1
2023-05-24 07:02:58.916228+00:00;1
2023-05-24 07:04:59.645709+00:00;1
2023-05-24 07:07:56.790166+00:00;1
2023-05-24 07:21:33.646813+00:00;2
2023-05-24 09:10:53.003419+00:00;8
2023-05-24 09:30:12.871508+00:00;4
2023-05-24 09:42:16.847460+00:00;1
2023-05-24 09:43:24.782742+00:00;1
2023-05-24 09:44:29.403713+00:00;1
2023-05-24 11:40:57.425270+00:00;1
2023-05-24 11:45:33.445469+00:00;10
2023-05-24 11:56:51.637377+00:00;6
2023-05-24 12:10:33.647332+00:00;3
2023-05-24 12:20:31.551186+00:00;6
2023-05-24 12:22:19.899903+00:00;4
2023-05-24 12:30:12.173709+00:00;2
2023-05-24 12:57:36.133700+00:00;1
2023-05-24 13:01:01.634085+00:00;2
2023-05-24 13:10:39.826656+00:00;1
2023-05-24 13:13:08.858264+00:00;1
2023-05-25 04:29:37.243432+00:00;4
2023-05-25 05:20:17.832452+00:00;2
2023-05-25 05:21:08.240794+00:00;1
2023-05-25 05:41:17.324006+00:00;1
2023-05-25 06:50:37.001012+00:00;2
2023-05-25 07:35:52.478539+00:00;1
2023-05-25 07:45:58.965875+00:00;3
2023-05-25 07:55:11.199786+00:00;2
2023-05-25 08:26:02.248905+00:00;2
2023-05-25 08:31:53.009753+00:00;3
2023-05-25 09:53:12.862577+00:00;1
2023-05-25 09:56:43.695133+00:00;2
2023-05-25 11:31:04.065637+00:00;1
2023-06-20 08:49:08.889023+00:00;3
2023-06-20 08:56:51.375053+00:00;2
2023-06-20 09:07:46.837681+00:00;3
2023-06-20 09:17:28.225671+00:00;3
2023-06-20 09:20:40.157037+00:00;1
2023-06-20 09:23:52.346389+00:00;3
2023-06-20 09:26:38.572465+00:00;16
2023-06-20 10:02:33.755917+00:00;5
2023-06-20 11:13:35.433641+00:00;1
2023-06-20 11:19:10.077789+00:00;2
2023-06-20 11:20:38.942625+00:00;1
2023-06-20 11:29:30.927493+00:00;2
2023-06-20 11:32:51.272008+00:00;1
2023-06-20 11:37:29.589266+00:00;6
2023-06-20 11:40:05.299940+00:00;2
2023-06-20 11:45:53.671438+00:00;2
2023-06-20 11:51:02.690201+00:00;7
2023-06-20 12:29:35.162694+00:00;1
2023-06-20 12:39:47.749143+00:00;5
2023-06-20 12:44:10.474347+00:00;3
2023-06-20 12:47:50.339322+00:00;1
2023-06-20 12:50:51.353373+00:00;1
2023-06-20 12:57:46.359101+00:00;6
2023-06-20 13:00:16.969656+00:00;3
2023-06-21 05:21:51.148104+00:00;2
2023-06-21 05:53:42.557516+00:00;3
2023-06-21 06:27:23.922793+00:00;3
2023-06-21 06:29:15.917188+00:00;5
2023-06-21 11:11:32.583782+00:00;3
2023-06-21 11:23:44.438122+00:00;2
2023-06-21 11:39:19.453434+00:00;1
2023-06-21 11:53:04.705086+00:00;1
2023-06-21 12:25:17.722384+00:00;1
2023-06-21 12:28:58.998097+00:00;1
2023-06-21 12:36:58.058725+00:00;2
2023-06-21 12:44:22.639677+00:00;1
2023-06-21 12:50:27.054708+00:00;1
2023-06-21 12:56:34.559059+00:00;2
2023-06-21 12:59:40.784870+00:00;2
2023-06-21 13:05:22.688981+00:00;7
2023-06-22 05:47:25.059959+00:00;1
2023-06-22 06:11:56.452144+00:00;3
2023-06-22 06:47:55.054638+00:00;1
2023-06-22 07:22:01.996259+00:00;7
2023-06-22 07:49:10.005034+00:00;2
2023-06-22 08:48:49.730533+00:00;1
2023-06-22 09:44:12.721124+00:00;1
2023-06-22 09:46:45.479099+00:00;1
2023-06-22 09:51:42.576357+00:00;1
2023-06-23 06:59:29.543967+00:00;3
2023-06-23 07:48:30.023215+00:00;1
2023-06-23 11:51:23.751743+00:00;2
2023-06-23 11:59:44.320689+00:00;2
2023-06-23 12:10:48.547541+00:00;2
2023-06-23 12:33:44.884860+00:00;2
2023-06-23 12:36:24.057051+00:00;1
2023-06-23 12:50:05.289556+00:00;1
2023-06-23 12:53:44.866388+00:00;3
2023-06-23 13:05:47.243299+00:00;4
2023-06-27 07:52:37.141412+00:00;2
2023-06-27 08:39:42.771471+00:00;1
2023-06-27 09:06:36.548019+00:00;1
2023-06-27 09:34:33.720481+00:00;1
2023-06-27 09:36:33.802297+00:00;1
2023-06-27 09:48:29.726654+00:00;2
2023-06-27 10:10:21.371345+00:00;1
2023-06-27 11:32:34.843467+00:00;4
2023-06-27 11:52:56.441129+00:00;2
2023-06-27 12:10:46.963580+00:00;1
2023-06-27 12:21:30.254845+00:00;4
2023-06-27 12:32:21.996405+00:00;1
2023-06-27 12:35:47.704755+00:00;1
2023-06-27 12:39:34.791253+00:00;1
2023-06-28 05:28:04.935029+00:00;1
2023-06-28 05:30:55.280361+00:00;14
2023-06-28 06:01:24.523029+00:00;1
2023-06-28 06:12:27.190809+00:00;18
2023-06-28 06:31:41.435587+00:00;1
2023-06-28 10:03:06.399202+00:00;4
2023-06-28 10:12:19.871868+00:00;1
2023-06-28 10:17:43.709735+00:00;1
2023-06-28 10:21:52.917798+00:00;1
2023-06-28 11:53:27.423958+00:00;1
2023-06-28 12:26:41.680121+00:00;2
2023-06-28 12:53:43.658515+00:00;1
2023-06-28 12:58:05.033455+00:00;1
2023-06-29 04:44:43.463887+00:00;2
2023-06-29 05:24:52.495318+00:00;1
2023-06-29 05:38:19.699280+00:00;1
2023-06-29 05:45:20.696052+00:00;14
2023-06-29 05:50:20.321610+00:00;1
2023-06-29 05:52:42.487753+00:00;1
2023-06-29 05:58:01.102260+00:00;5
2023-06-29 06:34:08.333161+00:00;8
2023-06-29 07:31:04.057419+00:00;1
2023-06-29 07:33:51.665103+00:00;1
2023-06-29 07:46:45.775180+00:00;1
2023-06-29 08:07:20.474910+00:00;1
2023-06-29 08:11:26.237324+00:00;2
2023-06-29 08:21:44.171912+00:00;3
2023-06-29 08:26:56.937146+00:00;2
2023-06-29 08:28:03.898150+00:00;2
2023-06-29 09:33:41.230159+00:00;1
2023-06-29 09:36:49.145646+00:00;6
2023-06-29 09:52:40.143208+00:00;1
2023-06-29 09:58:19.235256+00:00;3
2023-06-29 10:00:20.207374+00:00;2
2023-06-29 11:02:39.716595+00:00;2
2023-06-29 11:04:31.634450+00:00;7
2023-06-29 11:30:07.784746+00:00;1
2023-06-30 05:30:05.876549+00:00;2
2023-06-30 05:46:58.148951+00:00;5
2023-06-30 05:54:29.943289+00:00;4
2023-06-30 06:12:55.736309+00:00;2
2023-06-30 06:17:56.854832+00:00;1
2023-06-30 07:21:13.094915+00:00;5
2023-06-30 07:22:25.067898+00:00;3
2023-06-30 11:19:02.620197+00:00;1
2023-06-30 12:03:01.263888+00:00;3
2023-06-30 12:33:35.959323+00:00;6
2023-07-04 08:09:49.984026+00:00;13
2023-07-04 08:17:59.527810+00:00;2
2023-07-04 08:22:41.987627+00:00;2
2023-07-04 09:03:20.204653+00:00;1
2023-07-04 09:05:24.862140+00:00;1
2023-07-04 09:07:29.853248+00:00;2
2023-07-04 09:15:10.921273+00:00;1
2023-07-04 09:49:46.707537+00:00;1
2023-07-04 10:04:53.067732+00:00;4
2023-07-04 10:17:42.281137+00:00;2
2023-07-04 10:22:18.804563+00:00;5
2023-07-04 11:31:23.842907+00:00;1
2023-07-04 11:34:05.289154+00:00;2
2023-07-04 11:42:51.963540+00:00;1
2023-07-04 11:44:10.145578+00:00;1
2023-07-04 11:45:29.643257+00:00;4
2023-07-04 11:47:43.948570+00:00;4
2023-07-04 12:04:22.855200+00:00;3
2023-07-04 12:17:47.201750+00:00;4
2023-07-04 12:43:10.501303+00:00;1
2023-07-04 12:46:35.383616+00:00;1
2023-07-04 12:49:06.647687+00:00;1
2023-07-05 05:44:59.422848+00:00;3
2023-07-05 05:51:00.437011+00:00;4
2023-07-05 05:54:07.628141+00:00;3
2023-07-05 05:56:02.124422+00:00;4
2023-07-05 06:22:49.908211+00:00;1
2023-07-05 06:46:21.355155+00:00;2
2023-07-05 06:56:16.885124+00:00;3
2023-07-05 07:10:29.658070+00:00;3
2023-07-05 07:16:43.709833+00:00;1
2023-07-05 07:20:52.197442+00:00;1
2023-07-05 07:30:00.915618+00:00;4
2023-07-05 07:32:02.019562+00:00;4
2023-07-05 07:34:52.162040+00:00;4
2023-07-05 07:37:07.252965+00:00;1
2023-07-05 07:41:19.932991+00:00;4
2023-07-05 10:48:25.295312+00:00;4
2023-07-05 10:53:51.041388+00:00;2
2023-07-05 11:12:28.624434+00:00;25
2023-07-05 11:45:17.885538+00:00;3
2023-07-05 11:48:56.947699+00:00;2
2023-07-05 11:50:33.362753+00:00;1
2023-07-06 05:17:32.471030+00:00;2
2023-07-06 05:21:40.952594+00:00;2
2023-07-06 05:46:47.337054+00:00;1
2023-07-06 06:56:30.350138+00:00;1
2023-07-07 07:28:58.542219+00:00;1
2023-07-07 07:39:48.042969+00:00;1
2023-07-07 07:45:32.715580+00:00;1
2023-07-07 07:50:41.013103+00:00;1
2023-07-07 07:54:59.161167+00:00;1
2023-07-07 08:49:21.905254+00:00;1
2023-07-07 09:00:21.040015+00:00;1
2023-07-11 12:58:53.772151+00:00;2
2023-07-11 13:00:27.311703+00:00;4
2023-07-11 13:02:00.934580+00:00;2
2023-07-11 13:03:16.642165+00:00;1
2023-07-11 13:04:05.952455+00:00;1
2023-07-11 13:04:57.549972+00:00;3
2023-07-11 13:05:40.252583+00:00;1
2023-07-11 13:06:32.623394+00:00;2
2023-07-11 13:13:34.085442+00:00;8
2023-07-12 06:20:35.894995+00:00;1
2023-07-12 06:54:25.815852+00:00;1
2023-07-12 07:25:53.054569+00:00;3
2023-07-12 09:28:44.669414+00:00;2
2023-07-12 11:02:38.738729+00:00;1
2023-07-12 11:16:18.275745+00:00;1
2023-07-12 11:17:54.409331+00:00;1
2023-07-12 11:21:01.743589+00:00;2
2023-07-12 11:57:49.402824+00:00;1
2023-07-12 13:10:20.542137+00:00;1
2023-07-13 06:07:33.014937+00:00;1
2023-07-13 06:20:56.746704+00:00;1
2023-07-13 06:47:35.963473+00:00;4
2023-07-13 07:41:39.875114+00:00;1
2023-07-13 07:56:40.653455+00:00;1
2023-07-13 08:23:36.332636+00:00;1
2023-07-13 08:35:08.252771+00:00;2
2023-07-13 08:38:55.350849+00:00;1
2023-07-13 09:54:17.795318+00:00;5
2023-07-13 10:45:40.229008+00:00;1
2023-07-13 10:50:47.408368+00:00;1
2023-07-13 11:10:07.543966+00:00;1
2023-07-13 11:17:40.153758+00:00;3
2023-07-14 05:20:21.832130+00:00;2
2023-07-14 05:27:06.709312+00:00;3
2023-07-14 05:48:35.510511+00:00;2
2023-07-14 05:55:30.791717+00:00;1
2023-07-14 06:04:49.842748+00:00;2
2023-07-14 06:08:27.602117+00:00;1
2023-07-14 06:43:07.243696+00:00;2
2023-07-14 06:54:10.595861+00:00;1
2023-07-14 07:02:17.559409+00:00;3
2023-07-14 07:10:39.411598+00:00;6
2023-07-14 07:12:52.051313+00:00;2
2023-07-14 08:22:22.791589+00:00;1
2023-07-14 08:24:02.465887+00:00;2
2023-07-14 08:26:49.972535+00:00;2
2023-07-14 08:31:13.464308+00:00;2
2023-07-14 08:32:55.391663+00:00;1
2023-07-14 08:35:02.924520+00:00;2
2023-07-14 08:37:52.144852+00:00;2
2023-07-14 08:52:13.486176+00:00;3
2023-07-14 08:59:33.134291+00:00;5
2023-07-14 09:02:31.840465+00:00;3
2023-07-14 09:09:11.921980+00:00;1
2023-07-14 09:20:20.230826+00:00;44
2023-07-14 09:38:47.898010+00:00;1
2023-07-14 10:52:04.322758+00:00;2
2023-07-14 11:04:34.823778+00:00;1
2023-07-18 10:25:32.299598+00:00;1
2023-07-18 10:31:30.415864+00:00;1
2023-07-19 07:00:02.585420+00:00;1
2023-07-19 08:38:56.441134+00:00;1
2023-07-19 08:41:26.844376+00:00;1
2023-07-19 08:58:57.370879+00:00;1
2023-07-19 09:27:18.470181+00:00;2
2023-07-19 09:32:20.724846+00:00;5
2023-07-19 11:21:53.490435+00:00;3
2023-07-19 11:24:03.970776+00:00;2
2023-07-19 11:29:03.759055+00:00;1
2023-07-19 11:41:56.614797+00:00;2
2023-07-19 11:45:51.776014+00:00;2
2023-07-19 11:55:19.415629+00:00;1
2023-07-19 12:34:27.584635+00:00;1
2023-07-19 12:36:00.849887+00:00;1
2023-07-19 12:43:17.087308+00:00;6
2023-07-19 13:05:52.293545+00:00;6
2023-07-19 13:11:15.359254+00:00;4
2023-07-20 04:59:36.621751+00:00;2
2023-07-20 05:19:25.919443+00:00;5
2023-07-20 06:19:06.537476+00:00;1
2023-07-20 06:31:00.965661+00:00;1
2023-07-20 06:35:42.541593+00:00;2
2023-07-20 06:38:51.904986+00:00;2
2023-07-20 06:47:32.192515+00:00;7
2023-07-20 06:52:10.259788+00:00;4
2023-07-20 06:58:26.334968+00:00;2
2023-07-20 07:08:28.792761+00:00;15
2023-07-20 07:19:56.090787+00:00;1
2023-07-20 07:33:36.153085+00:00;20
2023-07-20 07:38:18.960130+00:00;2
2023-07-20 07:42:15.552705+00:00;2
2023-07-20 07:44:45.068078+00:00;1
2023-07-20 08:14:15.706142+00:00;1
2023-07-20 08:17:54.387856+00:00;8
2023-07-20 08:21:17.477707+00:00;5
2023-07-20 10:19:31.388687+00:00;1
2023-07-20 10:25:55.881479+00:00;1
2023-07-20 10:48:28.033865+00:00;1
2023-07-20 10:50:46.028141+00:00;1
2023-07-20 10:53:28.200961+00:00;1
2023-07-20 10:55:12.181416+00:00;1
2023-07-20 10:58:40.537184+00:00;10
2023-07-20 11:01:17.546606+00:00;3
2023-07-20 11:04:08.016187+00:00;1
2023-07-20 11:06:47.400236+00:00;1
2023-07-20 11:12:13.441066+00:00;2
2023-07-20 11:24:02.067582+00:00;2
2023-07-20 11:31:45.668726+00:00;1
2023-07-20 11:33:34.508708+00:00;3
2023-07-21 05:22:52.075649+00:00;2
2023-07-21 05:24:32.029386+00:00;1
2023-07-21 05:25:42.431625+00:00;3
2023-07-21 05:27:51.899458+00:00;2
2023-07-21 05:53:54.129458+00:00;2
2023-07-21 05:55:33.768689+00:00;1
2023-07-21 06:00:53.362095+00:00;2
2023-07-21 06:10:05.050899+00:00;2
2023-07-21 06:12:15.771256+00:00;1
2023-07-21 06:22:23.558703+00:00;6
2023-07-21 06:50:09.939675+00:00;2
2023-07-21 09:32:32.499538+00:00;2
2023-07-21 09:37:01.619979+00:00;1
2023-07-21 09:53:10.427770+00:00;1
2023-07-21 10:50:30.737697+00:00;1
2023-07-21 10:51:58.631117+00:00;1
2023-07-21 10:55:02.670445+00:00;1
2023-07-21 11:07:21.069611+00:00;1
2023-07-21 11:18:23.386599+00:00;6
2023-07-21 11:44:46.857291+00:00;1
2023-07-21 12:18:51.583499+00:00;1
2023-07-21 13:02:19.380123+00:00;11
2023-07-21 13:05:47.821500+00:00;2
2023-07-21 13:07:51.487662+00:00;4
2023-07-21 13:09:00.146605+00:00;1
2023-07-21 13:13:27.495772+00:00;1
2023-07-21 13:14:08.177854+00:00;1
2023-07-21 13:20:38.333157+00:00;1
2023-07-24 14:03:24.059546+00:00;2
2023-07-25 06:46:22.487410+00:00;5
2023-07-25 07:31:07.528709+00:00;2
2023-07-25 09:12:06.309965+00:00;1
2023-07-25 09:15:14.682593+00:00;3
2023-07-25 09:18:06.809956+00:00;1
2023-07-25 09:22:31.041097+00:00;1
2023-07-25 09:25:09.708961+00:00;1
2023-07-25 11:22:33.558463+00:00;7
2023-07-26 05:08:48.810610+00:00;3
2023-07-26 05:19:36.862764+00:00;1
2023-07-26 07:00:33.921136+00:00;3
2023-07-26 07:03:41.877906+00:00;2
2023-07-26 07:35:13.206986+00:00;1
2023-07-26 08:40:25.421494+00:00;1
2023-07-26 08:54:37.848633+00:00;1
2023-07-26 09:43:34.801146+00:00;2
2023-07-26 10:44:12.498601+00:00;1
2023-07-26 10:48:09.766154+00:00;1
2023-07-26 11:03:10.762829+00:00;1
2023-07-26 11:04:25.597260+00:00;1
2023-07-26 11:08:34.442169+00:00;1
2023-07-26 12:20:58.723549+00:00;1
2023-07-26 12:31:11.524743+00:00;1
2023-07-27 05:36:58.684395+00:00;3
2023-07-27 05:58:59.143723+00:00;1
2023-07-27 06:01:37.063126+00:00;1
2023-07-27 06:06:10.641294+00:00;1
2023-07-27 06:07:39.218780+00:00;1
2023-07-27 07:28:22.540967+00:00;3
2023-07-27 07:42:39.258016+00:00;1
2023-07-27 08:08:48.462600+00:00;1
2023-07-27 08:17:11.699730+00:00;1
2023-07-27 08:25:44.939650+00:00;1
2023-07-27 08:28:02.901504+00:00;4
2023-07-27 08:52:17.692258+00:00;2
2023-07-27 09:54:24.635313+00:00;1
2023-07-27 09:59:27.200241+00:00;1
2023-07-28 05:21:19.576111+00:00;3
2023-07-28 05:44:46.114193+00:00;3
2023-07-28 05:48:29.886497+00:00;5
2023-07-28 05:53:42.730409+00:00;2
2023-07-28 06:07:40.500941+00:00;1
2023-07-28 06:25:23.872302+00:00;3
2023-07-28 06:33:21.886375+00:00;1
2023-07-28 07:44:53.470494+00:00;1
2023-07-28 07:48:28.267994+00:00;12
2023-07-28 07:56:08.790697+00:00;2
2023-07-28 07:59:54.125755+00:00;1
2023-07-28 08:08:36.119788+00:00;2
2023-07-28 08:10:39.339368+00:00;4
2023-07-28 09:25:05.071056+00:00;1
2023-07-28 09:50:16.308745+00:00;3
2023-07-28 09:54:42.854254+00:00;1
2023-07-28 09:56:32.176976+00:00;1
2023-07-28 10:00:15.836577+00:00;6
2023-07-28 11:05:36.019981+00:00;1
2023-07-28 11:14:57.754597+00:00;1
2023-07-28 11:28:32.670253+00:00;1
2023-07-28 11:31:47.930603+00:00;2
2023-07-28 11:39:43.330774+00:00;1
2023-07-28 12:21:21.869619+00:00;10
2023-07-28 12:28:40.108949+00:00;1
2023-07-28 12:34:22.021160+00:00;1
2023-07-28 12:38:26.408315+00:00;4
2023-08-01 04:44:12.845216+00:00;1
2023-08-01 05:27:02.189237+00:00;12
2023-08-01 06:06:04.896166+00:00;2
2023-08-01 06:23:38.848562+00:00;3
2023-08-01 06:28:15.319349+00:00;1
2023-08-01 06:30:00.079710+00:00;2
2023-08-01 06:35:18.903551+00:00;10
2023-08-01 07:33:40.050512+00:00;1
2023-08-01 07:40:30.324712+00:00;1
2023-08-01 08:01:00.267879+00:00;1
2023-08-01 08:07:22.649132+00:00;8
2023-08-01 08:34:26.271968+00:00;1
2023-08-01 09:03:40.076712+00:00;1
2023-08-01 09:06:04.676487+00:00;1
2023-08-01 09:45:23.934806+00:00;5
2023-08-01 09:49:20.799938+00:00;1
2023-08-01 09:51:57.437435+00:00;6
2023-08-01 10:27:49.081785+00:00;3
2023-08-01 11:00:10.280538+00:00;3
2023-08-01 11:03:38.826489+00:00;1
2023-08-01 11:14:15.522101+00:00;10
2023-08-01 11:20:05.978002+00:00;1
2023-08-01 11:22:30.981737+00:00;4
2023-08-01 11:30:46.419510+00:00;1
2023-08-01 11:37:10.168120+00:00;1
2023-08-01 11:38:08.453305+00:00;3
2023-08-01 11:40:51.833038+00:00;1
2023-08-01 11:43:05.066565+00:00;3
2023-08-01 11:43:47.264772+00:00;1
2023-08-01 11:44:30.470963+00:00;1
2023-08-01 11:45:07.975340+00:00;1
2023-08-01 11:46:43.865084+00:00;1
2023-08-01 11:48:06.719485+00:00;4
2023-08-01 12:10:27.137230+00:00;1
2023-08-01 12:11:55.390673+00:00;1
2023-08-01 12:13:40.830964+00:00;2
2023-08-01 12:15:59.864999+00:00;1
2023-08-01 12:19:53.564011+00:00;9
2023-08-01 12:23:30.662945+00:00;1
2023-08-01 12:24:12.457581+00:00;1
2023-08-01 12:25:37.135137+00:00;1
2023-08-01 12:27:19.867287+00:00;3
2023-08-01 12:31:15.864256+00:00;1
2023-08-02 04:48:07.474009+00:00;1
2023-08-02 05:00:14.599123+00:00;1
2023-08-02 05:01:11.448538+00:00;1
2023-08-02 05:05:07.770379+00:00;2
2023-08-02 05:47:34.693997+00:00;1
2023-08-02 05:48:12.267524+00:00;1
2023-08-02 05:48:54.212857+00:00;1
2023-08-02 05:50:50.274810+00:00;1
2023-08-02 05:52:07.612708+00:00;1
2023-08-02 05:54:23.271322+00:00;1
2023-08-02 06:02:54.889815+00:00;2
2023-08-02 06:12:45.256422+00:00;3
2023-08-02 06:58:15.519948+00:00;3
2023-08-02 07:10:21.067400+00:00;1
2023-08-02 07:17:03.274593+00:00;4
2023-08-02 07:24:49.777478+00:00;2
2023-08-02 07:34:22.277230+00:00;1
2023-08-02 07:35:48.645615+00:00;1
2023-08-02 07:44:22.395375+00:00;1
2023-08-02 07:47:16.832758+00:00;1
2023-08-02 07:50:13.246981+00:00;2
2023-08-02 08:00:09.821881+00:00;1
2023-08-02 08:57:37.575631+00:00;1
2023-08-02 09:08:12.313877+00:00;1
2023-08-02 09:13:26.954132+00:00;1
2023-08-02 09:25:45.270565+00:00;1
2023-08-02 09:29:17.918042+00:00;2
2023-08-02 09:32:28.621162+00:00;2
2023-08-02 09:59:09.594876+00:00;3
2023-08-02 10:01:08.714691+00:00;6
2023-08-02 10:07:46.712230+00:00;1
2023-08-02 11:14:34.031511+00:00;1
2023-08-02 11:18:32.731094+00:00;1
2023-08-02 11:21:59.036108+00:00;1
2023-08-02 11:36:25.749317+00:00;1
2023-08-02 11:40:05.085303+00:00;1
2023-08-02 11:42:02.234122+00:00;1
2023-08-02 12:02:23.257709+00:00;6
2023-08-02 12:49:54.871490+00:00;1
2023-08-03 06:32:34.121926+00:00;1
2023-08-03 07:28:15.373764+00:00;1
2023-08-03 07:31:23.527781+00:00;5
2023-08-03 07:41:52.139011+00:00;1
2023-08-03 07:44:34.961632+00:00;2
2023-08-03 07:49:02.450981+00:00;2
2023-08-03 08:26:13.312821+00:00;4
2023-08-03 08:30:19.437337+00:00;2
2023-08-03 08:38:24.842639+00:00;1
2023-08-03 08:45:09.577266+00:00;1
2023-08-03 08:48:37.644914+00:00;4
2023-08-03 08:58:46.374294+00:00;4
2023-08-03 09:06:46.820075+00:00;1
2023-08-03 09:15:51.846260+00:00;2
2023-08-03 09:51:07.120838+00:00;8
2023-08-03 09:56:58.502540+00:00;2
2023-08-03 11:01:58.479323+00:00;2
2023-08-03 11:09:54.400697+00:00;1
2023-08-04 04:36:52.944478+00:00;10
2023-08-04 04:38:52.415578+00:00;9
2023-08-04 05:18:43.360756+00:00;14
2023-08-04 05:20:48.735622+00:00;4
2023-08-04 05:26:09.446634+00:00;1
2023-08-04 05:30:38.760871+00:00;7
2023-08-04 06:17:06.724531+00:00;23
2023-08-04 06:56:56.157594+00:00;6
2023-08-04 07:09:19.744978+00:00;2
2023-08-04 07:17:46.660954+00:00;4
2023-08-04 08:28:25.699325+00:00;1
2023-08-04 08:40:17.125890+00:00;1
2023-08-04 09:24:46.810333+00:00;1
2023-08-04 09:30:32.653554+00:00;1
2023-08-04 10:27:58.858161+00:00;1
2023-08-04 11:12:06.041996+00:00;2
2023-08-04 11:19:11.630966+00:00;1
2023-08-04 11:30:19.692498+00:00;1
2023-08-04 11:38:20.383154+00:00;3
2023-08-04 11:45:52.656040+00:00;1
2023-08-07 07:52:43.371357+00:00;4
2023-08-08 05:18:31.242158+00:00;3
2023-08-08 06:17:51.064270+00:00;1
2023-08-08 06:25:05.005253+00:00;3
2023-08-08 06:38:55.236305+00:00;1
2023-08-08 06:42:12.487239+00:00;1
2023-08-08 06:43:58.706568+00:00;1
2023-08-08 06:54:07.190551+00:00;2
2023-08-08 07:33:25.622826+00:00;8
2023-08-08 07:35:02.248793+00:00;1
2023-08-08 07:36:12.677441+00:00;1
2023-08-08 07:43:48.768499+00:00;1
2023-08-08 07:46:38.235329+00:00;1
2023-08-08 08:11:35.692670+00:00;1
2023-08-08 08:24:58.912109+00:00;1
2023-08-08 08:40:46.707572+00:00;2
2023-08-08 09:49:19.319083+00:00;2
2023-08-08 10:06:26.446417+00:00;1
2023-08-08 11:01:17.960634+00:00;4
2023-08-08 11:18:05.436337+00:00;1
2023-08-08 12:01:03.651789+00:00;1
2023-08-08 12:14:53.022481+00:00;6
2023-08-08 12:30:45.172526+00:00;10
2023-08-08 13:15:10.117985+00:00;1
2023-08-09 05:38:27.704649+00:00;1
2023-08-09 05:41:33.994305+00:00;1
2023-08-09 05:42:19.812249+00:00;1
2023-08-09 05:46:57.815086+00:00;1
2023-08-09 05:50:41.338781+00:00;1
2023-08-09 05:53:35.506847+00:00;1
2023-08-09 05:56:47.455893+00:00;1
2023-08-09 06:32:16.817464+00:00;2
2023-08-09 07:53:34.546220+00:00;8
2023-08-09 08:00:17.961711+00:00;1
2023-08-09 08:38:28.379208+00:00;1
2023-08-09 08:41:26.921859+00:00;1
2023-08-09 08:48:22.733591+00:00;1
2023-08-09 08:52:51.813555+00:00;5
2023-08-09 09:04:17.628710+00:00;1
2023-08-09 09:14:15.391948+00:00;1
2023-08-09 09:26:59.380043+00:00;3
2023-08-09 09:39:31.536664+00:00;3
2023-08-09 12:38:23.655036+00:00;1
2023-08-09 13:06:30.472902+00:00;1
2023-08-09 13:09:36.930804+00:00;1
2023-08-09 13:13:33.202300+00:00;1
2023-08-09 13:16:38.772656+00:00;1
2023-08-09 13:19:15.421427+00:00;3
2023-08-10 05:41:51.021243+00:00;1
2023-08-10 05:45:03.242418+00:00;1
2023-08-10 05:45:59.160220+00:00;1
2023-08-10 05:47:13.028224+00:00;1
2023-08-10 05:51:40.636091+00:00;1
2023-08-10 06:05:27.888316+00:00;1
2023-08-10 06:13:05.624981+00:00;2
2023-08-10 06:53:43.288877+00:00;4
2023-08-10 06:56:56.663242+00:00;4
2023-08-10 06:59:44.851830+00:00;1
2023-08-10 07:04:22.673488+00:00;1
2023-08-10 07:12:03.222128+00:00;3
2023-08-10 08:16:54.705041+00:00;4
2023-08-10 08:17:50.826675+00:00;1
2023-08-10 10:00:04.477720+00:00;1
2023-08-10 10:03:11.338535+00:00;5
2023-08-10 10:05:37.290460+00:00;3
2023-08-10 10:09:50.431005+00:00;1
2023-08-10 10:58:21.689032+00:00;1
2023-08-10 11:02:02.533192+00:00;1
2023-08-10 11:06:28.414635+00:00;1
2023-08-10 11:10:33.684844+00:00;1
2023-08-10 11:11:34.907555+00:00;1
2023-08-10 11:13:01.862211+00:00;1
2023-08-11 05:02:45.772969+00:00;2
2023-08-11 05:07:50.106614+00:00;1
2023-08-11 06:37:21.987693+00:00;1
2023-08-11 07:03:28.169572+00:00;6
2023-08-11 07:04:58.716195+00:00;1
2023-08-11 07:08:28.435774+00:00;2
2023-08-11 09:38:49.659703+00:00;1
2023-08-11 10:07:16.171530+00:00;1
2023-08-11 10:08:08.509907+00:00;1
2023-08-11 10:13:03.015502+00:00;1
2023-08-11 10:13:49.925764+00:00;1
2023-08-11 10:44:47.806979+00:00;5
2023-08-11 10:47:56.651610+00:00;5
2023-08-11 10:51:52.458407+00:00;1
2023-08-11 11:02:55.333110+00:00;2
2023-08-11 11:21:39.095911+00:00;3
2023-08-11 11:26:42.997176+00:00;6
2023-08-11 11:28:28.316207+00:00;1
2023-08-15 05:24:29.620900+00:00;2
2023-08-15 07:49:31.787461+00:00;5
2023-08-15 07:51:19.890139+00:00;1
2023-08-15 08:33:55.471047+00:00;7
2023-08-15 09:14:27.000245+00:00;2
2023-08-15 09:23:19.862208+00:00;1
2023-08-15 11:57:30.112562+00:00;1
2023-08-16 05:29:47.487503+00:00;2
2023-08-16 05:37:56.394353+00:00;17
2023-08-16 05:43:46.282014+00:00;1
2023-08-16 06:10:16.111421+00:00;1
2023-08-16 06:54:07.126843+00:00;4
2023-08-16 06:56:57.523789+00:00;2
2023-08-16 07:01:43.284525+00:00;5
2023-08-16 07:06:44.177559+00:00;1
2023-08-16 07:11:18.621773+00:00;1
2023-08-16 08:15:35.183333+00:00;1
2023-08-16 08:24:39.039077+00:00;1
2023-08-16 08:33:37.845456+00:00;9
2023-08-16 08:37:14.722978+00:00;1
2023-08-16 08:57:09.433491+00:00;1
2023-08-16 08:59:13.234957+00:00;1
2023-08-16 10:10:27.488065+00:00;1
2023-08-16 10:58:42.487097+00:00;1
2023-08-16 11:01:12.525711+00:00;1
2023-08-16 12:06:37.723830+00:00;1
2023-08-16 12:12:10.819262+00:00;25
2023-08-16 12:28:51.455624+00:00;5
2023-08-16 12:30:46.979986+00:00;3
2023-08-16 12:36:12.709701+00:00;6
2023-08-16 13:07:01.731224+00:00;1
2023-08-17 05:28:33.206122+00:00;4
2023-08-17 05:31:42.778024+00:00;1
2023-08-17 06:20:38.658869+00:00;2
2023-08-17 06:47:36.986808+00:00;1
2023-08-17 08:07:38.789654+00:00;5
2023-08-17 08:22:37.801378+00:00;1
2023-08-17 08:23:51.581469+00:00;1
2023-08-17 09:31:36.787249+00:00;1
2023-08-17 09:32:47.338606+00:00;1
2023-08-17 09:35:16.186699+00:00;5
2023-08-17 10:56:23.568763+00:00;2
2023-08-17 10:59:18.014090+00:00;4
2023-08-17 11:04:08.286723+00:00;1
2023-08-17 11:05:17.627977+00:00;1
2023-08-18 04:51:15.036542+00:00;4
2023-08-18 04:53:41.776564+00:00;12
2023-08-18 04:56:41.253342+00:00;9
2023-08-18 05:35:05.443427+00:00;1
2023-08-18 05:43:16.464444+00:00;1
2023-08-18 05:44:29.326136+00:00;1
2023-08-18 05:48:04.968495+00:00;1
2023-08-18 05:52:00.967110+00:00;3
2023-08-18 07:08:22.363272+00:00;1
2023-08-18 07:13:16.807604+00:00;1
2023-08-18 07:15:15.598186+00:00;3
2023-08-18 08:22:49.150991+00:00;1
2023-08-18 08:25:33.289827+00:00;1
2023-08-18 08:43:42.977056+00:00;2
2023-08-18 08:48:17.756230+00:00;15
2023-08-22 05:41:10.317784+00:00;1
2023-08-22 05:44:14.123189+00:00;2
2023-08-22 05:49:51.985805+00:00;1
2023-08-22 05:54:54.591567+00:00;1
2023-08-22 05:57:32.437436+00:00;1
2023-08-22 06:06:50.631213+00:00;2
2023-08-22 06:21:30.932729+00:00;2
2023-08-22 06:28:44.067949+00:00;2
2023-08-22 06:37:54.373823+00:00;3
2023-08-22 07:45:54.801939+00:00;2
2023-08-22 07:50:12.370407+00:00;1
2023-08-22 08:02:37.812265+00:00;1
2023-08-22 08:07:13.805187+00:00;1
2023-08-22 08:10:53.399019+00:00;1
2023-08-22 08:18:05.507850+00:00;2
2023-08-22 08:57:35.668018+00:00;2
2023-08-22 09:07:59.841685+00:00;1
2023-08-22 09:11:26.154327+00:00;5
2023-08-22 10:11:57.773215+00:00;1
2023-08-22 10:17:58.502469+00:00;1
2023-08-22 10:25:13.927168+00:00;1
2023-08-22 10:35:25.399528+00:00;3
2023-08-22 10:37:28.119466+00:00;7
2023-08-22 10:39:44.846654+00:00;4
2023-08-22 10:44:40.756966+00:00;2
2023-08-23 05:11:27.364835+00:00;1
2023-08-23 05:58:38.803242+00:00;1
2023-08-23 06:18:44.115904+00:00;1
2023-08-23 06:20:40.659266+00:00;1
2023-08-23 06:39:36.541899+00:00;14
2023-08-23 06:56:08.617348+00:00;1
2023-08-23 06:59:09.869072+00:00;1
2023-08-23 07:00:09.127787+00:00;1
2023-08-23 07:07:12.291066+00:00;17
2023-08-23 07:09:57.638974+00:00;2
2023-08-23 07:11:07.998211+00:00;1
2023-08-23 07:12:08.394310+00:00;1
2023-08-23 07:18:34.480756+00:00;1
2023-08-23 07:21:35.233488+00:00;1
2023-08-23 07:52:29.430112+00:00;5
2023-08-23 07:55:02.009293+00:00;1
2023-08-23 08:00:36.104799+00:00;1
2023-08-23 08:03:28.700071+00:00;1
2023-08-23 08:06:12.173584+00:00;1
2023-08-23 08:10:06.997244+00:00;2
2023-08-23 08:13:36.323208+00:00;1
2023-08-23 08:15:39.760037+00:00;1
2023-08-23 08:19:03.452370+00:00;1
2023-08-23 08:21:42.699730+00:00;1
2023-08-23 08:23:27.055138+00:00;1
2023-08-23 08:27:17.218394+00:00;1
2023-08-23 08:29:25.116086+00:00;1
2023-08-23 08:32:15.783653+00:00;3
2023-08-23 08:36:51.238196+00:00;2
2023-08-23 08:39:03.373970+00:00;1
2023-08-23 08:53:44.122276+00:00;1
2023-08-23 09:03:25.377489+00:00;2
2023-08-23 09:06:55.644813+00:00;2
2023-08-23 09:10:22.135209+00:00;5
2023-08-23 09:13:00.076720+00:00;1
2023-08-23 09:14:04.090059+00:00;2
2023-08-23 09:28:42.607088+00:00;2
2023-08-23 09:32:16.470226+00:00;1
2023-08-23 09:49:15.507118+00:00;1
2023-08-24 07:42:16.106319+00:00;1
2023-08-24 07:43:41.048615+00:00;1
2023-08-24 07:58:56.016384+00:00;103
2023-08-24 08:17:51.451670+00:00;135
2023-08-24 08:20:12.526365+00:00;1
2023-08-24 08:30:20.347239+00:00;1
2023-08-24 08:33:49.317735+00:00;1
2023-08-24 08:36:09.746321+00:00;1
2023-08-24 08:42:46.439103+00:00;1
2023-08-24 08:49:56.893197+00:00;3
2023-08-24 08:51:40.624896+00:00;1
2023-08-25 06:04:37.403636+00:00;1
2023-08-25 06:06:23.387582+00:00;1
2023-08-25 06:14:41.956454+00:00;1
2023-08-25 06:21:32.641124+00:00;6
2023-08-25 06:58:03.333286+00:00;1
2023-08-25 06:59:22.347846+00:00;4
2023-08-25 07:08:15.795723+00:00;7
2023-08-25 07:10:13.266267+00:00;4
2023-08-25 09:16:35.258411+00:00;10
2023-08-25 09:17:57.830631+00:00;1
2023-08-25 09:20:36.143224+00:00;7
2023-08-25 09:50:52.654468+00:00;1
2023-08-25 09:54:17.620714+00:00;1
2023-08-25 09:59:04.684227+00:00;2
2023-08-25 10:03:21.145910+00:00;2
2023-08-29 05:26:52.611212+00:00;1
2023-08-29 05:28:38.703584+00:00;4
2023-08-29 05:45:41.815757+00:00;1
2023-08-29 05:50:25.663027+00:00;1
2023-08-29 05:58:26.369225+00:00;1
2023-08-29 06:00:37.907292+00:00;1
2023-08-29 07:50:03.845522+00:00;6
2023-08-29 08:00:14.066693+00:00;1
2023-08-29 08:03:27.692455+00:00;3
2023-08-29 08:10:09.810545+00:00;4
2023-08-29 08:14:06.954080+00:00;4
2023-08-29 08:19:10.490550+00:00;2
2023-08-29 08:22:57.142439+00:00;3
2023-08-29 08:30:01.134878+00:00;1
2023-08-29 08:45:15.005714+00:00;1
2023-08-29 08:54:41.892531+00:00;3
2023-08-29 09:02:09.858532+00:00;1
2023-08-29 09:04:19.296839+00:00;4
2023-08-29 09:19:30.776834+00:00;2
2023-08-29 09:21:19.046427+00:00;5
2023-08-29 09:23:02.112285+00:00;6
2023-08-29 09:25:37.520047+00:00;2
2023-08-29 09:29:52.424804+00:00;4
2023-08-29 09:34:13.741699+00:00;6
2023-08-29 09:35:43.029327+00:00;8
2023-08-29 09:37:03.783665+00:00;1
2023-08-29 09:41:59.274866+00:00;2
2023-08-29 10:05:07.997414+00:00;2
2023-08-29 10:11:18.272159+00:00;7
2023-08-29 12:44:47.770154+00:00;1
2023-08-29 12:47:17.554765+00:00;4
2023-08-29 12:50:03.958232+00:00;5
2023-08-30 06:13:17.596738+00:00;6
2023-08-30 06:15:14.638940+00:00;3
2023-08-30 06:17:23.832841+00:00;9
2023-08-30 06:35:08.094064+00:00;2
2023-08-30 06:38:04.082963+00:00;5
2023-08-30 06:49:14.593196+00:00;1
2023-08-30 06:50:45.578782+00:00;1
2023-08-30 07:16:18.580443+00:00;4
2023-08-30 07:20:38.280744+00:00;6
2023-08-30 07:22:25.124969+00:00;1
2023-08-30 07:24:03.950400+00:00;1
2023-08-30 07:26:28.069339+00:00;4
2023-08-30 07:32:22.398383+00:00;7
2023-08-30 07:36:48.141892+00:00;1
2023-08-30 07:40:48.952147+00:00;5
2023-08-30 07:47:36.691824+00:00;7
2023-08-30 07:49:43.006801+00:00;1
2023-08-30 07:51:44.740872+00:00;2
2023-08-30 07:54:59.268990+00:00;5
2023-08-30 09:22:50.864734+00:00;3
2023-08-30 09:25:44.172661+00:00;7
2023-08-30 09:31:29.616301+00:00;14
2023-08-30 09:34:12.829994+00:00;1
2023-08-30 09:35:45.480270+00:00;1
2023-08-30 09:37:55.686679+00:00;1
2023-08-30 09:39:23.384560+00:00;1
2023-08-30 09:41:21.255443+00:00;2
2023-08-30 09:44:30.694811+00:00;1
2023-08-30 09:46:43.528638+00:00;4
2023-08-30 10:55:54.985982+00:00;18
2023-08-30 11:31:03.853826+00:00;2
2023-08-30 11:48:29.409550+00:00;1
2023-08-30 11:50:25.003151+00:00;1
2023-08-30 11:53:06.885444+00:00;1
2023-08-30 12:07:36.506691+00:00;2
2023-08-30 12:09:30.882454+00:00;1
2023-08-30 12:11:05.608543+00:00;1
2023-08-30 12:15:10.859900+00:00;1
2023-08-30 12:21:26.353906+00:00;1
2023-08-30 12:35:17.945036+00:00;3
2023-08-30 12:49:24.836036+00:00;1
2023-08-30 12:53:35.187016+00:00;2
2023-08-31 05:38:55.425955+00:00;1
2023-08-31 05:42:46.576721+00:00;3
2023-08-31 06:24:47.439431+00:00;6
2023-08-31 06:31:31.411143+00:00;1
2023-08-31 06:33:17.576019+00:00;1
2023-08-31 06:39:08.962533+00:00;1
2023-08-31 06:40:42.973634+00:00;1
2023-08-31 07:28:51.350661+00:00;1
2023-08-31 07:30:15.458926+00:00;1
2023-08-31 07:31:29.546115+00:00;1
2023-08-31 07:33:47.101043+00:00;1
2023-08-31 07:36:11.146975+00:00;1
2023-08-31 07:37:25.318216+00:00;1
2023-08-31 07:38:47.010626+00:00;1
2023-08-31 08:05:42.931213+00:00;1
2023-08-31 08:09:06.060905+00:00;4
2023-08-31 08:12:49.588095+00:00;1
2023-08-31 08:17:22.276254+00:00;8
2023-08-31 08:23:16.833763+00:00;1
2023-08-31 08:24:54.287428+00:00;2
2023-08-31 08:27:06.949485+00:00;2
2023-08-31 08:28:37.899049+00:00;1
2023-08-31 08:30:01.567810+00:00;1
2023-08-31 08:31:25.454393+00:00;1
2023-08-31 08:32:55.403362+00:00;1
2023-08-31 08:34:20.448003+00:00;1
2023-08-31 10:17:09.700621+00:00;1
2023-08-31 11:28:42.197449+00:00;1
2023-08-31 11:30:15.100752+00:00;1
2023-09-01 05:18:09.475681+00:00;1
2023-09-01 05:20:04.401734+00:00;2
2023-09-01 05:23:05.296972+00:00;1
2023-09-01 05:25:18.224598+00:00;9
2023-09-01 05:52:30.327739+00:00;7
2023-09-01 05:53:35.239948+00:00;2
2023-09-01 05:58:16.064910+00:00;1
2023-09-01 06:03:37.284935+00:00;1
2023-09-01 06:06:32.170681+00:00;9
2023-09-01 06:08:00.726879+00:00;1
2023-09-01 08:33:47.205825+00:00;1
2023-09-01 08:36:09.200352+00:00;1
2023-09-01 08:45:22.354763+00:00;1
2023-09-01 08:52:43.973028+00:00;4
2023-09-01 09:10:33.725394+00:00;2
2023-09-01 09:23:59.706920+00:00;3
2023-09-01 09:25:38.412936+00:00;3
2023-09-01 09:36:36.283552+00:00;1
2023-09-04 06:11:18.883600+00:00;1
2023-09-05 05:36:04.641222+00:00;1
2023-09-05 05:38:21.715982+00:00;2
2023-09-05 08:31:20.198857+00:00;1
2023-09-05 09:47:54.548500+00:00;3
2023-09-05 10:28:08.352662+00:00;1
2023-09-05 10:30:24.911178+00:00;1
2023-09-06 06:30:27.981219+00:00;1
2023-09-06 06:36:15.509536+00:00;1
2023-09-06 07:04:39.760256+00:00;18
2023-09-06 07:58:41.972353+00:00;1
2023-09-06 10:13:31.004031+00:00;1
2023-09-12 10:13:19.372666+00:00;6
2023-09-12 12:55:57.964862+00:00;1
2023-09-12 12:58:49.625925+00:00;1
2023-09-12 13:01:53.754050+00:00;1
2023-09-13 06:05:22.734609+00:00;3
2023-09-13 06:07:55.866712+00:00;1
2023-09-13 06:10:07.294878+00:00;2
2023-09-13 06:17:11.448705+00:00;1
2023-09-13 06:19:23.644166+00:00;1
2023-09-13 06:21:32.237786+00:00;1
2023-09-13 06:23:35.867048+00:00;2
2023-09-13 06:26:39.875048+00:00;4
2023-09-13 06:28:30.106749+00:00;1
2023-09-13 06:29:56.223032+00:00;2
2023-09-13 06:44:48.969192+00:00;1
2023-09-13 06:49:33.123094+00:00;4
2023-09-13 06:51:42.533628+00:00;1
2023-09-13 06:53:21.038932+00:00;1
2023-09-13 07:00:56.830436+00:00;2
2023-09-13 07:03:51.712013+00:00;1
2023-09-13 08:17:22.847195+00:00;1
2023-09-13 08:37:38.635190+00:00;1
2023-09-13 08:49:29.137179+00:00;1
2023-09-13 08:50:37.460263+00:00;1
2023-09-13 08:58:43.777515+00:00;1
2023-09-13 09:00:21.573115+00:00;1
2023-09-13 09:03:30.188556+00:00;7
2023-09-13 09:04:44.647763+00:00;1
2023-09-13 09:50:46.673629+00:00;5
2023-09-13 09:56:42.090182+00:00;4
2023-09-13 10:01:03.760890+00:00;1
2023-09-13 10:42:45.547046+00:00;1
2023-09-13 10:44:18.891903+00:00;1
2023-09-13 10:48:12.161139+00:00;1
2023-09-13 10:49:19.058542+00:00;2
2023-09-13 10:50:41.034703+00:00;2
2023-09-13 11:15:20.399830+00:00;1
2023-09-13 11:17:22.865133+00:00;3
2023-09-13 11:27:24.026938+00:00;1
2023-09-13 12:02:34.422941+00:00;1
2023-09-13 12:03:40.607063+00:00;3
2023-09-13 12:06:22.304670+00:00;1
2023-09-13 12:07:48.118891+00:00;7
2023-09-13 12:09:02.283893+00:00;1
2023-09-13 12:17:32.023023+00:00;1
2023-09-13 12:19:02.245240+00:00;1
2023-09-13 12:21:24.267656+00:00;6
2023-09-13 12:23:14.261644+00:00;1
2023-09-13 12:26:23.687177+00:00;3
2023-09-13 12:44:48.618439+00:00;1
2023-09-13 12:50:01.462269+00:00;2
2023-09-13 12:52:47.517779+00:00;1
2023-09-14 05:54:55.194450+00:00;5
2023-09-14 05:59:06.436165+00:00;1
2023-09-14 06:00:18.381033+00:00;1
2023-09-14 06:06:07.528036+00:00;1
2023-09-14 06:09:00.514713+00:00;2
2023-09-14 06:10:32.771973+00:00;1
2023-09-14 06:13:59.286428+00:00;2
2023-09-14 06:15:54.713831+00:00;1
2023-09-14 07:47:51.546961+00:00;1
2023-09-14 07:49:01.667227+00:00;1
2023-09-14 08:04:42.828821+00:00;1
2023-09-14 08:10:53.381817+00:00;1
2023-09-14 08:14:17.831667+00:00;1
2023-09-14 08:15:45.464510+00:00;1
2023-09-14 08:17:08.514202+00:00;1
2023-09-14 09:48:30.987987+00:00;2
2023-09-14 09:51:45.926675+00:00;1
2023-09-14 09:52:39.862603+00:00;1
2023-09-14 09:55:01.768169+00:00;6
2023-09-14 10:00:10.906153+00:00;2
2023-09-14 10:03:23.366878+00:00;1
2023-09-14 10:05:17.881543+00:00;1
2023-09-15 05:47:36.035900+00:00;10
2023-09-15 05:49:47.626604+00:00;1
2023-09-15 09:29:35.085964+00:00;2
2023-09-15 09:40:10.846197+00:00;2
2023-09-18 06:13:33.747502+00:00;3
2023-09-19 07:41:00.367613+00:00;1
2023-09-19 07:49:45.856533+00:00;1
2023-09-19 08:01:14.618831+00:00;1
2023-09-19 08:15:15.382803+00:00;1
2023-09-19 08:39:04.914864+00:00;1
2023-09-19 08:44:20.849254+00:00;1
2023-09-19 08:50:06.311787+00:00;1
2023-09-19 11:56:30.950261+00:00;2
2023-09-19 12:08:10.031595+00:00;2
2023-09-19 12:37:00.905279+00:00;2
2023-09-19 12:40:28.802427+00:00;4
2023-09-19 12:55:26.685305+00:00;2
2023-09-20 05:26:23.203233+00:00;2
2023-09-20 05:34:29.670170+00:00;1
2023-09-20 05:41:02.468055+00:00;1
2023-09-20 09:05:52.396071+00:00;1
2023-09-20 09:09:22.311981+00:00;3
2023-09-20 09:15:00.681110+00:00;1
2023-09-20 09:21:03.352806+00:00;1
2023-09-20 09:32:52.313354+00:00;4
2023-09-20 09:34:40.759039+00:00;2
2023-09-20 10:46:19.438397+00:00;2
2023-09-20 11:47:53.061393+00:00;3
2023-09-20 12:11:58.302020+00:00;6
2023-09-20 12:21:43.360139+00:00;11
2023-09-20 12:48:24.465422+00:00;8
2023-09-20 12:51:29.933464+00:00;5
2023-09-20 12:56:40.479572+00:00;7
2023-09-21 05:43:10.542443+00:00;1
2023-09-21 05:55:03.322160+00:00;1
2023-09-21 06:04:45.396761+00:00;1
2023-09-21 06:32:16.115723+00:00;1
2023-09-21 06:37:31.752463+00:00;1
2023-09-21 06:43:42.771357+00:00;1
2023-09-21 07:33:05.150525+00:00;1
2023-09-21 07:37:20.732369+00:00;1
2023-09-21 07:41:08.233092+00:00;1
2023-09-21 07:45:08.930999+00:00;1
2023-09-21 07:57:19.969237+00:00;1
2023-09-21 07:59:51.816309+00:00;1
2023-09-21 10:48:51.000677+00:00;1
2023-09-21 10:54:54.300258+00:00;1
2023-09-21 10:59:38.083146+00:00;1
2023-09-22 05:57:05.707744+00:00;1
2023-09-22 06:01:05.735224+00:00;1
2023-09-22 06:16:41.311801+00:00;1
2023-09-22 06:20:25.364105+00:00;1
2023-09-22 07:34:55.873729+00:00;1
2023-09-22 07:44:59.208111+00:00;1
2023-09-22 07:52:22.311439+00:00;5
2023-09-22 07:58:10.986556+00:00;1
2023-09-22 08:33:31.045408+00:00;1
2023-09-22 08:37:46.846288+00:00;1
2023-09-22 08:47:48.233722+00:00;1
2023-09-22 08:54:33.175313+00:00;2
2023-09-22 08:59:06.234171+00:00;1
2023-09-22 09:01:12.697191+00:00;1
2023-09-22 09:03:50.030774+00:00;1
2023-09-22 12:22:46.713455+00:00;1
2023-09-22 12:33:21.860787+00:00;1
2023-09-22 12:39:27.490162+00:00;3
2023-09-22 12:44:00.133485+00:00;3
2023-09-22 12:54:21.060105+00:00;12
2023-09-22 12:56:51.901539+00:00;1
2023-09-22 12:59:10.261680+00:00;1
2023-09-22 12:59:41.497952+00:00;2
2023-09-22 13:04:15.313359+00:00;1
2023-09-22 13:08:53.031291+00:00;1
2023-09-22 13:09:53.487145+00:00;1
2023-09-25 12:32:35.014532+00:00;1
2023-09-26 05:21:00.098562+00:00;1
2023-09-26 05:44:52.523294+00:00;1
2023-09-26 05:51:36.031889+00:00;1
2023-09-26 06:02:40.370025+00:00;1
2023-09-26 06:08:40.974369+00:00;1
2023-09-26 06:40:00.978629+00:00;1
2023-09-26 08:03:31.605249+00:00;1
2023-09-26 08:08:08.114254+00:00;1
2023-09-26 08:14:20.533237+00:00;2
2023-09-26 08:17:28.004830+00:00;2
2023-09-26 08:23:58.831577+00:00;1
2023-09-26 08:29:58.852760+00:00;1
2023-09-26 08:35:38.802710+00:00;1
2023-09-26 08:41:03.100065+00:00;1
2023-09-26 09:17:33.060765+00:00;3
2023-09-26 09:47:07.005199+00:00;1
2023-09-26 09:51:45.469350+00:00;1
2023-09-26 09:52:21.796861+00:00;1
2023-09-26 11:03:21.734738+00:00;1
2023-09-26 11:08:34.843566+00:00;1
2023-09-26 11:16:51.432318+00:00;1
2023-09-26 11:20:48.674712+00:00;2
2023-09-27 05:31:25.290689+00:00;5
2023-09-27 05:34:05.869723+00:00;1
2023-09-27 05:40:06.154876+00:00;5
2023-09-27 05:46:09.669404+00:00;1
2023-09-27 05:50:37.015636+00:00;11
2023-09-27 11:05:47.626442+00:00;3
2023-09-27 11:31:44.571008+00:00;1
2023-09-27 11:39:49.520934+00:00;3
2023-09-27 11:47:42.433498+00:00;5
2023-09-27 11:58:24.855749+00:00;2
2023-09-27 12:18:50.428705+00:00;1
2023-09-27 12:25:49.590895+00:00;1
2023-09-27 12:46:42.701724+00:00;3
2023-09-27 12:48:31.627685+00:00;8
2023-09-27 13:16:47.622908+00:00;1
2023-09-28 05:38:59.148475+00:00;1
2023-09-28 05:45:21.016117+00:00;6
2023-09-28 05:55:34.638602+00:00;6
2023-09-28 05:56:48.215138+00:00;1
2023-09-28 06:00:19.204681+00:00;1
2023-09-28 06:01:27.696611+00:00;1
2023-09-28 06:37:38.119828+00:00;8
2023-09-28 07:58:16.820697+00:00;9
2023-09-28 09:23:10.171695+00:00;1
2023-10-05 08:57:40.946865+00:00;1
2023-10-17 12:26:55.425639+00:00;1
2023-10-17 12:28:56.519791+00:00;6
2023-10-17 12:36:35.584514+00:00;1
2023-10-17 12:42:29.162589+00:00;1
2023-10-17 12:49:22.668193+00:00;2
2023-10-17 13:02:49.713662+00:00;1
2023-10-17 13:06:48.561081+00:00;1
2023-10-18 06:39:40.110897+00:00;1
2023-10-18 09:19:46.663082+00:00;1
2023-10-18 09:20:42.507055+00:00;1
2023-10-18 09:21:57.938463+00:00;1
2023-10-18 09:22:56.473103+00:00;1
2023-10-18 09:27:26.381770+00:00;1
2023-10-18 09:34:22.727765+00:00;1
2023-10-18 09:38:13.930784+00:00;2
2023-10-18 09:42:31.013172+00:00;1
2023-10-18 09:46:36.910270+00:00;4
2023-10-18 09:49:08.207484+00:00;1
2023-10-18 09:54:58.697392+00:00;2
2023-10-18 09:58:51.771547+00:00;3
2023-10-20 07:35:00.314955+00:00;1
2023-10-20 08:15:13.395848+00:00;1
2023-10-20 09:14:54.561550+00:00;1
2023-10-20 09:44:54.356950+00:00;5
2023-10-20 11:10:30.058115+00:00;3
2023-10-23 08:59:25.973926+00:00;6
2023-10-23 09:01:18.221609+00:00;1
2023-10-23 09:01:58.120213+00:00;1
2023-10-23 09:02:34.617038+00:00;2
2023-10-24 09:42:32.118317+00:00;1
2023-10-24 09:51:13.538507+00:00;1
2023-10-24 09:56:23.624655+00:00;2
2023-10-24 11:10:36.354427+00:00;1
2023-10-24 11:20:26.106106+00:00;23
2023-10-24 11:36:31.872046+00:00;2
2023-10-24 11:38:38.084140+00:00;1
2023-10-24 11:40:22.330895+00:00;1
2023-10-24 11:42:21.831465+00:00;2
2023-10-24 11:48:44.246851+00:00;2
2023-10-24 11:50:36.614361+00:00;1
2023-10-24 11:57:36.943813+00:00;1
2023-10-24 12:15:10.009870+00:00;1
2023-10-24 12:16:15.045288+00:00;1
2023-10-24 12:30:43.491223+00:00;1
2023-10-24 12:47:20.504844+00:00;8
2023-10-25 05:34:28.768719+00:00;2
2023-10-25 08:31:42.640956+00:00;2
2023-10-25 09:42:05.381837+00:00;13
2023-10-25 11:12:23.854190+00:00;3
2023-10-25 11:13:57.890772+00:00;1
2023-10-25 11:15:26.880843+00:00;1
2023-10-25 11:17:28.910835+00:00;7
2023-10-25 11:26:48.933027+00:00;1
2023-10-25 11:30:40.737888+00:00;2
2023-10-26 05:02:02.341510+00:00;1
2023-10-26 05:08:04.892960+00:00;4
2023-10-26 06:05:33.435682+00:00;2
2023-10-26 06:09:55.044864+00:00;2
2023-10-26 06:24:48.676303+00:00;57
2023-10-26 06:29:51.522210+00:00;2
2023-10-26 06:41:16.209662+00:00;1
2023-10-26 06:43:48.231871+00:00;1
2023-10-26 07:19:57.305385+00:00;1
2023-10-26 07:41:46.640776+00:00;4
2023-10-26 08:46:09.679752+00:00;6
2023-10-26 08:57:58.019096+00:00;13
2023-10-26 09:24:18.210616+00:00;8
2023-10-26 09:31:33.022984+00:00;1
2023-10-26 09:33:37.803437+00:00;3
2023-10-26 09:43:32.243195+00:00;1
2023-10-26 09:50:07.687926+00:00;4
2023-10-26 10:56:28.092963+00:00;2
2023-10-26 11:03:44.268679+00:00;2
2023-10-26 11:06:40.239315+00:00;2
2023-10-26 11:13:02.392675+00:00;1
2023-10-26 11:15:37.729759+00:00;1
2023-10-26 11:19:29.847161+00:00;5
2023-10-26 11:24:39.568355+00:00;1
2023-10-27 05:55:05.242427+00:00;1
2023-10-27 05:56:44.715050+00:00;1
2023-10-27 06:00:49.077340+00:00;3
2023-10-27 06:18:43.781340+00:00;2
2023-10-27 06:25:47.783770+00:00;5
2023-10-27 06:33:50.419033+00:00;3
2023-10-27 07:21:00.590353+00:00;1
2023-10-27 07:28:29.744250+00:00;5
2023-10-27 07:30:54.650520+00:00;1
2023-10-27 07:34:20.691991+00:00;3
2023-10-27 10:37:22.698693+00:00;1
2023-10-27 10:41:56.385249+00:00;1
2023-10-27 10:51:48.707400+00:00;2
2023-10-27 11:04:09.203761+00:00;2
2023-10-27 11:29:40.159629+00:00;10
2023-10-27 12:20:25.075799+00:00;1
2023-10-27 12:37:42.514638+00:00;1
2023-10-27 12:42:04.769677+00:00;1
2023-10-27 12:44:11.610505+00:00;1
2023-10-27 12:51:46.122709+00:00;3
2023-10-27 12:56:47.634793+00:00;1
2023-10-27 13:01:46.577390+00:00;4
2023-10-31 09:00:35.684388+00:00;3
2023-10-31 09:05:21.031323+00:00;4
2023-10-31 09:12:46.563931+00:00;2
2023-10-31 09:31:56.720506+00:00;2
2023-10-31 09:38:32.824844+00:00;2
2023-10-31 09:44:10.964428+00:00;1
2023-11-01 07:56:27.394178+00:00;1
2023-11-01 08:03:37.643189+00:00;1
2023-11-01 08:09:40.478739+00:00;4
2023-11-01 09:19:19.540767+00:00;1
2023-11-01 09:23:06.749297+00:00;1
2023-11-01 09:39:03.762846+00:00;1
2023-11-01 10:19:10.224582+00:00;5
2023-11-01 10:30:59.261540+00:00;3
2023-11-01 10:34:50.469213+00:00;1
2023-11-01 12:14:55.648028+00:00;3
2023-11-01 12:49:33.192180+00:00;3
2023-11-01 12:56:36.008506+00:00;1
2023-11-01 12:59:58.639498+00:00;1
2023-11-01 13:08:31.482175+00:00;1
2023-11-02 05:36:17.862027+00:00;1
2023-11-02 05:37:48.323798+00:00;2
2023-11-02 06:34:10.820187+00:00;1
2023-11-02 06:43:50.766331+00:00;4
2023-11-02 06:46:29.214403+00:00;2
2023-11-02 06:49:28.664365+00:00;1
2023-11-02 06:52:25.861677+00:00;1
2023-11-02 06:55:12.363159+00:00;1
2023-11-02 07:00:36.778396+00:00;1
2023-11-02 08:33:10.657613+00:00;7
2023-11-02 08:41:44.075525+00:00;2
2023-11-02 11:23:53.864650+00:00;1
2023-11-02 11:27:03.985987+00:00;1
2023-11-02 11:28:57.054840+00:00;1
2023-11-02 11:35:16.178421+00:00;1
2023-11-02 12:35:32.557526+00:00;4
2023-11-02 12:41:11.970213+00:00;1
2023-11-02 12:43:26.758916+00:00;7
2023-11-02 12:53:41.616412+00:00;3
2023-11-02 13:01:09.570335+00:00;1
2023-11-02 13:03:11.174017+00:00;2
2023-11-02 13:12:39.001550+00:00;4
2023-11-02 13:35:39.702831+00:00;4
2023-11-02 14:13:27.778932+00:00;1
2023-11-03 06:00:26.379575+00:00;4
2023-11-03 06:05:40.110888+00:00;8
2023-11-03 08:19:35.188119+00:00;2
2023-11-03 08:21:29.967779+00:00;4
2023-11-03 08:23:05.591877+00:00;9
2023-11-03 09:36:21.168244+00:00;1
2023-11-03 12:24:51.175589+00:00;1
2023-11-03 12:45:47.717112+00:00;3
2023-11-03 13:05:02.505911+00:00;1
2023-11-03 13:22:15.459283+00:00;2
2023-11-03 13:32:09.475416+00:00;1
2023-11-07 07:41:44.406345+00:00;1
2023-11-07 07:49:10.808694+00:00;1
2023-11-07 09:18:47.356661+00:00;2
2023-11-08 05:53:14.067063+00:00;1
2023-11-08 06:07:23.986521+00:00;1
2023-11-08 06:09:07.959660+00:00;1
2023-11-08 06:11:27.863984+00:00;1
2023-11-08 06:29:17.457952+00:00;1
2023-11-08 06:38:59.807008+00:00;1
2023-11-08 06:44:21.606543+00:00;1
2023-11-08 07:28:37.419630+00:00;4
2023-11-08 08:24:53.502446+00:00;1
2023-11-08 08:29:00.260645+00:00;1
2023-11-08 08:37:03.053298+00:00;2
2023-11-08 08:58:12.632438+00:00;1
2023-11-08 09:32:33.309872+00:00;1
2023-11-08 09:34:16.868136+00:00;1
2023-11-08 09:35:39.137506+00:00;1
2023-11-08 09:37:46.063287+00:00;1
2023-11-08 09:40:14.755395+00:00;2
2023-11-08 09:42:46.018999+00:00;1
2023-11-08 09:56:06.592457+00:00;2
2023-11-08 10:01:58.530043+00:00;8
2023-11-08 10:19:28.194796+00:00;1
2023-11-10 07:54:41.302837+00:00;12
2023-11-10 11:38:29.996537+00:00;1
2023-11-10 11:45:07.134410+00:00;4
2023-11-10 11:47:12.027091+00:00;2
2023-11-10 11:50:07.696781+00:00;1
2023-11-10 11:58:27.344855+00:00;2
2023-11-14 07:43:03.941283+00:00;1
2023-11-14 09:02:10.889366+00:00;1
2023-11-14 09:11:53.029197+00:00;1
2023-11-14 09:53:34.811532+00:00;1
2023-11-17 10:18:43.283753+00:00;1
2023-11-17 10:24:09.905204+00:00;1
2023-11-17 10:29:50.177905+00:00;3
2023-11-22 10:28:57.017265+00:00;1
2023-11-23 09:54:21.012439+00:00;1
2023-11-23 09:58:15.930751+00:00;1
2023-11-23 10:13:25.676697+00:00;1
2023-11-23 11:03:43.046859+00:00;1
2023-11-23 12:49:36.595481+00:00;1
2023-11-23 13:05:09.652593+00:00;1
2023-11-23 13:20:02.807866+00:00;1
2023-11-23 13:22:28.316596+00:00;2
2023-11-23 13:29:54.958263+00:00;1
2023-11-23 13:38:23.515338+00:00;2
2023-11-23 13:39:42.549668+00:00;1
2023-11-23 13:40:40.029804+00:00;1
2023-11-24 05:44:53.066658+00:00;7
2023-11-24 05:53:33.355382+00:00;1
2023-11-24 05:55:54.095306+00:00;1
2023-11-24 05:57:43.283974+00:00;1
2023-11-24 05:59:07.787182+00:00;1
2023-11-24 06:00:36.404702+00:00;1
2023-11-24 06:20:46.303880+00:00;3
2023-11-24 06:24:35.078927+00:00;1
2023-11-24 07:40:41.961520+00:00;1
2023-11-24 07:51:00.498714+00:00;2
2023-11-24 07:53:14.675521+00:00;1
2023-11-24 07:59:47.390969+00:00;2
2023-11-24 08:09:13.704766+00:00;5
2023-11-24 09:26:02.284665+00:00;1
2023-11-24 09:39:26.612589+00:00;3
2023-11-24 10:03:34.377955+00:00;1
2023-11-24 10:06:54.075144+00:00;1
2023-11-24 10:18:08.388685+00:00;1
2023-11-24 10:20:43.103123+00:00;2
2023-11-24 10:21:48.282054+00:00;3
2023-11-24 10:29:09.396599+00:00;2
2023-11-24 10:29:46.228003+00:00;2
2023-11-24 10:30:16.208284+00:00;1
2023-11-24 12:58:13.045677+00:00;2
2023-11-24 13:12:40.929885+00:00;1
2023-11-24 13:18:56.938125+00:00;5
2023-11-24 13:29:21.207616+00:00;3
2023-11-24 13:35:05.990641+00:00;1
2023-11-24 13:46:01.485729+00:00;1
2023-11-24 13:47:51.139163+00:00;1
2023-11-28 05:53:21.590529+00:00;1
2023-11-28 06:46:56.508861+00:00;7
2023-11-28 07:20:54.950757+00:00;1
2023-11-28 07:40:42.955914+00:00;3
2023-11-28 08:24:58.405592+00:00;2
2023-11-28 08:29:57.083104+00:00;3
2023-11-28 08:49:53.099926+00:00;7
2023-11-28 11:08:06.337396+00:00;2
2023-11-28 11:15:13.892602+00:00;2
2023-11-28 12:29:25.689202+00:00;1
2023-11-28 12:34:07.358395+00:00;1
2023-11-28 13:15:54.896055+00:00;1
2023-11-28 13:18:37.255904+00:00;1
2023-11-28 13:24:53.026887+00:00;2
2023-11-29 06:18:50.213569+00:00;3
2023-11-29 06:50:34.800810+00:00;3
2023-11-29 06:56:03.635809+00:00;1
2023-11-29 07:00:38.620692+00:00;1
2023-11-29 07:02:12.441099+00:00;1
2023-11-29 07:03:09.281608+00:00;1
2023-11-29 07:03:46.722291+00:00;1
2023-11-29 07:13:58.622380+00:00;12
2023-11-29 08:05:09.270811+00:00;1
2023-11-29 08:29:47.374082+00:00;8
2023-11-29 08:38:10.346318+00:00;4
2023-11-29 10:02:37.610840+00:00;2
2023-11-29 10:42:57.238403+00:00;8
2023-11-29 13:26:37.451208+00:00;1
2023-11-30 05:59:12.981031+00:00;1
2023-11-30 06:02:31.058155+00:00;1
2023-11-30 06:36:49.651487+00:00;1
2023-11-30 06:52:16.586897+00:00;2
2023-11-30 07:47:26.863858+00:00;1
2023-11-30 07:49:39.798737+00:00;3
2023-11-30 07:53:42.748815+00:00;1
2023-11-30 08:02:20.654385+00:00;5
2023-11-30 08:34:10.264612+00:00;2
2023-11-30 08:47:08.328160+00:00;1
2023-11-30 09:42:36.042532+00:00;1
2023-11-30 10:03:36.100096+00:00;1
2023-11-30 10:19:35.496206+00:00;2
2023-11-30 10:39:31.420624+00:00;2
2023-11-30 12:03:20.936844+00:00;1
2023-11-30 12:09:03.279178+00:00;3
2023-11-30 12:18:31.986062+00:00;2
2023-11-30 12:23:42.366244+00:00;1
2023-11-30 12:30:50.770663+00:00;2
2023-11-30 12:32:56.041197+00:00;4
2023-11-30 12:39:10.895068+00:00;1
2023-12-01 05:59:01.133548+00:00;10
2023-12-01 06:01:21.440888+00:00;20
2023-12-01 06:06:45.996364+00:00;1
2023-12-01 06:07:42.659318+00:00;1
2023-12-01 06:09:27.631160+00:00;5
2023-12-01 06:32:57.769961+00:00;6
2023-12-01 06:35:10.732162+00:00;1
2023-12-01 06:37:03.707719+00:00;1
2023-12-01 06:45:51.756251+00:00;1
2023-12-05 09:58:58.177188+00:00;1
2023-12-07 07:34:25.194706+00:00;5
2023-12-07 09:56:44.206672+00:00;2
2023-12-07 10:04:11.198845+00:00;1
2023-12-07 10:14:16.082288+00:00;7
2023-12-07 10:18:16.538165+00:00;1
2023-12-07 10:20:01.432250+00:00;1
2023-12-07 11:01:36.055737+00:00;1
2023-12-07 12:03:17.411750+00:00;2
2023-12-07 12:08:54.382173+00:00;1
2023-12-07 12:11:32.572997+00:00;1
2023-12-07 12:14:02.382143+00:00;2
2023-12-08 06:11:26.036451+00:00;1
2023-12-12 07:57:21.663435+00:00;9
2023-12-12 08:02:30.889763+00:00;2
2023-12-12 08:19:01.314923+00:00;1
2023-12-12 09:00:00.123833+00:00;2
2023-12-12 09:09:12.030227+00:00;6
2023-12-12 10:57:30.564331+00:00;3
2023-12-12 11:00:08.639747+00:00;3
2023-12-12 11:11:22.381648+00:00;5
2023-12-12 11:44:37.489122+00:00;1
2023-12-12 11:51:01.010357+00:00;1
2023-12-12 12:52:16.787402+00:00;7
2023-12-12 13:14:11.397830+00:00;1
2023-12-12 13:22:02.621375+00:00;2
2023-12-12 13:25:17.422035+00:00;8
2023-12-12 13:28:51.776297+00:00;3
2023-12-12 13:34:55.031272+00:00;2
2023-12-12 13:52:40.253170+00:00;1
2023-12-13 06:08:02.347964+00:00;28
2023-12-13 06:12:47.779817+00:00;9
2023-12-13 06:46:46.258365+00:00;2
2023-12-13 06:52:29.556410+00:00;4
2023-12-13 07:39:56.516660+00:00;7
2023-12-13 07:51:33.021017+00:00;6
2023-12-13 07:57:42.557609+00:00;1
2023-12-13 09:02:52.372011+00:00;1
2023-12-13 09:16:50.279272+00:00;1
2023-12-13 09:20:20.134358+00:00;1
2023-12-13 09:32:10.034143+00:00;15
2023-12-13 12:35:40.524099+00:00;1
2023-12-13 13:18:45.501157+00:00;1
2023-12-13 13:26:31.823838+00:00;2
2023-12-13 13:33:37.638928+00:00;1
2023-12-14 05:40:45.541834+00:00;1
2023-12-14 08:26:19.912179+00:00;2
2023-12-14 08:33:40.401101+00:00;2
2023-12-14 08:38:33.530762+00:00;1
2023-12-14 08:44:19.158018+00:00;3
2023-12-14 10:34:07.736978+00:00;5
2023-12-14 11:54:27.451328+00:00;1
2023-12-14 11:57:32.962716+00:00;1
2023-12-14 12:08:18.404985+00:00;3
2023-12-14 12:16:50.303828+00:00;1
2023-12-15 04:44:36.988280+00:00;2
2023-12-15 04:51:51.779921+00:00;1
2023-12-15 06:36:27.102506+00:00;1
2023-12-15 07:22:02.806481+00:00;9
2023-12-15 08:19:07.054691+00:00;3
2023-12-15 08:26:26.302582+00:00;5
2023-12-15 08:39:11.754396+00:00;1
2023-12-15 08:55:43.235375+00:00;2
2023-12-15 08:59:46.625520+00:00;1
2023-12-15 09:08:19.375055+00:00;1
2023-12-19 05:05:13.268043+00:00;5
2023-12-19 05:23:18.160566+00:00;9
2023-12-19 05:43:08.357941+00:00;3
2023-12-19 06:07:10.029834+00:00;4
2023-12-19 06:29:22.009921+00:00;2
2023-12-19 08:28:35.534636+00:00;2
2023-12-19 08:34:56.131798+00:00;1
2023-12-19 08:36:57.625298+00:00;3
2023-12-19 08:43:04.185589+00:00;1
2023-12-19 10:16:48.654375+00:00;1
2023-12-22 05:21:17.919966+00:00;1
2023-12-22 07:46:20.478500+00:00;9
2023-12-22 07:53:06.156256+00:00;1
2023-12-22 08:01:02.555289+00:00;1
2023-12-22 08:30:25.942149+00:00;1
2023-12-22 08:33:28.604893+00:00;3
2023-12-22 08:37:55.815149+00:00;1
2023-12-22 08:47:39.047923+00:00;1
2023-12-22 08:56:32.036902+00:00;36
2023-12-22 10:06:08.841325+00:00;1
2023-12-22 10:15:24.944908+00:00;1
2024-01-02 09:50:03.108571+00:00;2
2024-01-02 10:00:30.548468+00:00;1
2024-01-02 10:28:54.842513+00:00;1
2024-01-02 10:33:02.586200+00:00;1
2024-01-02 10:51:29.127566+00:00;1
2024-01-02 10:58:21.438057+00:00;1
2024-01-02 12:16:02.018693+00:00;1
2024-01-02 12:21:20.713301+00:00;1
2024-01-02 12:23:30.354128+00:00;1
2024-01-02 12:29:05.698386+00:00;5
2024-01-02 12:41:50.173100+00:00;2
2024-01-02 12:55:58.184885+00:00;3
2024-01-02 13:56:14.147701+00:00;1
2024-01-02 13:59:44.227207+00:00;6
2024-01-02 14:02:30.102724+00:00;1
2024-01-02 14:13:08.077830+00:00;36
2024-01-03 12:22:40.502931+00:00;2
2024-01-03 12:30:54.249632+00:00;1
2024-01-03 12:37:12.697410+00:00;1
2024-01-03 12:47:33.666179+00:00;4
2024-01-03 13:01:06.356093+00:00;2
2024-01-03 13:13:03.459482+00:00;6
2024-01-03 13:14:43.520428+00:00;4
2024-01-03 13:18:49.162629+00:00;7
2024-01-03 13:23:28.575157+00:00;6
2024-01-03 13:26:31.178124+00:00;2
2024-01-03 13:28:20.212421+00:00;2
2024-01-03 13:29:46.318889+00:00;2
2024-01-03 13:34:41.860624+00:00;6
2024-01-04 06:49:14.045242+00:00;5
2024-01-04 06:58:15.594706+00:00;1
2024-01-04 07:07:32.445977+00:00;2
2024-01-04 07:09:35.999023+00:00;2
2024-01-04 07:10:51.412231+00:00;2
2024-01-04 07:12:40.428266+00:00;1
2024-01-04 07:56:50.386661+00:00;1
2024-01-04 08:03:52.102615+00:00;2
2024-01-04 08:11:27.310790+00:00;13
2024-01-04 08:17:09.040859+00:00;2
2024-01-04 08:57:55.694064+00:00;1
2024-01-04 09:05:22.173327+00:00;5
2024-01-04 09:11:51.337818+00:00;1
2024-01-04 09:20:22.099364+00:00;2
2024-01-04 09:56:49.094756+00:00;1
2024-01-04 10:05:40.422542+00:00;1
2024-01-04 10:10:28.061864+00:00;1
2024-01-04 10:13:29.274701+00:00;6
2024-01-05 05:37:39.309280+00:00;10
2024-01-05 05:47:11.689734+00:00;10
2024-01-05 05:55:12.164620+00:00;2
2024-01-05 06:21:08.297024+00:00;1
2024-01-05 06:26:47.690155+00:00;1
2024-01-05 06:29:26.081628+00:00;2
2024-01-05 06:32:42.036258+00:00;1
2024-01-05 06:36:17.175832+00:00;1
2024-01-05 06:37:51.902863+00:00;3
2024-01-05 06:40:40.938570+00:00;11
2024-01-05 06:44:18.594713+00:00;1
2024-01-05 07:29:20.745957+00:00;1
2024-01-05 08:59:52.957516+00:00;2
2024-01-05 09:03:06.374584+00:00;1
2024-01-05 13:17:35.923438+00:00;1
2024-01-05 13:23:48.344280+00:00;1
2024-01-05 13:27:00.657839+00:00;1
2024-01-05 13:30:29.166015+00:00;1
2024-01-05 13:36:09.717007+00:00;1
2024-01-05 13:49:16.247910+00:00;1
2024-01-05 13:51:55.223767+00:00;1
2024-01-05 13:54:24.284821+00:00;1
2024-01-05 13:56:14.814568+00:00;1
2024-01-05 13:59:11.220453+00:00;2
2024-01-05 14:03:25.099343+00:00;1
2024-01-05 14:05:44.202630+00:00;1
2024-01-09 08:22:54.687760+00:00;2
2024-01-09 09:52:23.694503+00:00;1
2024-01-09 09:56:56.206114+00:00;4
2024-01-09 10:01:19.793521+00:00;2
2024-01-09 10:15:25.396387+00:00;2
2024-01-09 10:21:05.769754+00:00;1
2024-01-09 11:03:41.891397+00:00;8
2024-01-09 12:01:03.331644+00:00;1
2024-01-09 12:18:06.890293+00:00;9
2024-01-09 12:26:51.533531+00:00;1
2024-01-09 12:43:04.390632+00:00;3
2024-01-09 13:10:04.305226+00:00;2
2024-01-09 13:16:50.446502+00:00;3
2024-01-09 13:26:39.894943+00:00;4
2024-01-09 13:31:01.825344+00:00;3
2024-01-09 13:37:53.582262+00:00;1
2024-01-09 13:41:50.744955+00:00;1
2024-01-09 13:48:12.268228+00:00;1
2024-01-10 05:26:14.993850+00:00;1
2024-01-10 05:27:38.401295+00:00;1
2024-01-10 05:30:51.551824+00:00;1
2024-01-10 05:34:52.558835+00:00;1
2024-01-10 05:38:15.760739+00:00;1
2024-01-10 05:41:41.160554+00:00;1
2024-01-10 05:49:39.200160+00:00;2
2024-01-10 06:31:55.752305+00:00;2
2024-01-10 07:45:31.508881+00:00;3
2024-01-10 10:16:50.834943+00:00;1
2024-01-10 10:29:45.705123+00:00;2
2024-01-10 10:32:08.458979+00:00;1
2024-01-10 10:32:49.864652+00:00;1
2024-01-10 10:33:24.946140+00:00;1
2024-01-10 10:37:04.632202+00:00;1
2024-01-10 10:41:37.523535+00:00;1
2024-01-10 10:45:58.083171+00:00;2
2024-01-10 10:51:35.528682+00:00;1
2024-01-10 11:21:08.275756+00:00;3
2024-01-10 12:59:14.582049+00:00;1
2024-01-10 13:04:41.830416+00:00;2
2024-01-10 13:47:00.366411+00:00;5
2024-01-10 13:54:31.932975+00:00;6
2024-01-11 07:01:30.728946+00:00;1
2024-01-11 07:04:50.331400+00:00;5
2024-01-11 07:17:26.836172+00:00;3
2024-01-11 07:19:27.551725+00:00;3
2024-01-11 07:48:00.883207+00:00;2
2024-01-11 09:39:44.786752+00:00;2
2024-01-11 10:06:19.581444+00:00;1
2024-01-11 10:17:00.617502+00:00;2
2024-01-11 10:25:03.595324+00:00;1
2024-01-11 10:26:57.143373+00:00;1
2024-01-11 10:30:26.791484+00:00;1
2024-01-11 12:02:31.236792+00:00;2
2024-01-12 06:09:48.674630+00:00;1
2024-01-12 06:14:46.881683+00:00;1
2024-01-12 06:47:05.775045+00:00;6
2024-01-12 06:58:31.193453+00:00;3
2024-01-12 07:01:45.810898+00:00;1
2024-01-12 07:02:51.293121+00:00;1
2024-01-12 07:47:24.007805+00:00;2
2024-01-12 07:50:22.687304+00:00;1
2024-01-12 09:17:52.686341+00:00;1
2024-01-12 09:26:16.305284+00:00;4
2024-01-12 09:30:03.628807+00:00;4
2024-01-12 09:46:47.402101+00:00;3
2024-01-12 09:49:56.607325+00:00;4
2024-01-12 10:04:34.700091+00:00;16
2024-01-12 10:13:32.320141+00:00;2
2024-01-12 10:15:17.472125+00:00;3
2024-01-12 12:41:38.012190+00:00;4
2024-01-12 12:45:30.458802+00:00;2
2024-01-12 12:50:21.908362+00:00;1
2024-01-12 12:53:04.870651+00:00;1
2024-01-12 12:54:10.796199+00:00;1
2024-01-12 12:59:20.596426+00:00;2
2024-01-12 13:03:15.224178+00:00;3
2024-01-12 13:17:16.173854+00:00;1
2024-01-16 07:11:10.583134+00:00;6
2024-01-16 07:18:16.841428+00:00;6
2024-01-16 08:53:05.948553+00:00;2
2024-01-16 08:59:22.596125+00:00;1
2024-01-16 09:01:35.798146+00:00;1
2024-01-16 09:04:10.694977+00:00;1
2024-01-16 09:09:58.120693+00:00;1
2024-01-16 09:19:34.266833+00:00;1
2024-01-16 09:26:27.687484+00:00;1
2024-01-16 09:58:48.055852+00:00;2
2024-01-16 12:22:39.923267+00:00;2
2024-01-16 12:36:34.783656+00:00;18
2024-01-16 12:41:46.197954+00:00;1
2024-01-16 12:43:36.238395+00:00;6
2024-01-16 12:44:36.231612+00:00;1
2024-01-16 12:46:19.321492+00:00;2
2024-01-16 12:49:06.450019+00:00;1
2024-01-17 06:51:40.052896+00:00;1
2024-01-17 06:59:38.997155+00:00;1
2024-01-17 07:02:21.139676+00:00;1
2024-01-17 07:05:29.857382+00:00;1
2024-01-17 07:23:14.826409+00:00;1
2024-01-17 07:29:57.054505+00:00;1
2024-01-17 07:35:03.857578+00:00;1
2024-01-17 07:36:01.563240+00:00;1
2024-01-17 07:52:31.865242+00:00;1
2024-01-17 07:54:11.198823+00:00;1
2024-01-17 07:55:31.114292+00:00;1
2024-01-17 08:18:29.273879+00:00;2
2024-01-17 08:21:52.272831+00:00;1
2024-01-17 08:23:23.346310+00:00;1
2024-01-17 08:24:59.391811+00:00;1
2024-01-17 08:34:03.776483+00:00;1
2024-01-17 12:13:07.236334+00:00;8
2024-01-17 12:18:25.684375+00:00;4
2024-01-17 13:03:51.767692+00:00;11
2024-01-17 13:16:18.571410+00:00;4
2024-01-17 13:27:49.284509+00:00;1
2024-01-17 13:34:49.726734+00:00;1
2024-01-18 06:22:52.864028+00:00;1
2024-01-18 06:26:54.420179+00:00;1
2024-01-18 06:44:56.046782+00:00;2
2024-01-18 07:31:47.217772+00:00;3
2024-01-18 07:42:16.435537+00:00;1
2024-01-18 08:32:26.318333+00:00;1
2024-01-18 08:53:10.807070+00:00;1
2024-01-18 09:53:01.742872+00:00;1
2024-01-18 09:56:33.099596+00:00;1
2024-01-18 09:58:55.182672+00:00;2
2024-01-18 10:04:52.104470+00:00;7
2024-01-18 10:08:27.512273+00:00;7
2024-01-18 10:27:57.381126+00:00;4
2024-01-18 10:36:41.506187+00:00;1
2024-01-19 06:38:05.557343+00:00;1
2024-01-19 06:42:22.940811+00:00;1
2024-01-19 06:49:42.609345+00:00;2
2024-01-19 06:54:07.382035+00:00;1
2024-01-19 06:59:32.350058+00:00;1
2024-01-19 07:02:31.192578+00:00;1
2024-01-19 09:29:55.136524+00:00;1
2024-01-19 09:33:45.117709+00:00;1
2024-01-19 10:17:20.335787+00:00;5
2024-01-19 12:05:39.554302+00:00;1
2024-01-23 06:47:20.066253+00:00;6
2024-01-23 06:59:22.286004+00:00;3
2024-01-23 07:05:40.391140+00:00;2
2024-01-23 07:39:55.361706+00:00;1
2024-01-23 09:02:10.376775+00:00;10
2024-01-23 09:07:02.673672+00:00;1
2024-01-23 09:23:45.154716+00:00;6
2024-01-25 06:03:36.823206+00:00;1
2024-01-25 06:16:21.719035+00:00;7
2024-01-25 06:18:05.136143+00:00;1
2024-01-25 06:19:07.454408+00:00;1
2024-01-25 07:06:54.932720+00:00;1
2024-01-25 07:08:13.603703+00:00;1
2024-01-25 07:10:02.121708+00:00;1
2024-01-25 07:11:43.022604+00:00;5
2024-01-25 09:01:24.802706+00:00;1
2024-01-25 09:07:04.296001+00:00;1
2024-01-25 09:08:29.769068+00:00;1
2024-01-25 09:43:44.397918+00:00;1
2024-01-25 09:44:43.533902+00:00;1
2024-01-25 10:00:49.605740+00:00;3
2024-01-25 10:10:08.408985+00:00;1
2024-01-25 10:11:26.517908+00:00;1
2024-01-25 10:20:40.429452+00:00;1
2024-01-25 10:32:11.489440+00:00;1
2024-01-25 11:36:38.716835+00:00;1
2024-01-25 12:11:48.406126+00:00;2
2024-01-26 06:57:53.734684+00:00;2
2024-01-26 08:23:15.847384+00:00;1
2024-01-26 09:12:54.169521+00:00;2
2024-01-26 09:17:07.281382+00:00;1
2024-01-26 09:44:48.708633+00:00;3
2024-01-26 09:46:13.219653+00:00;1
2024-01-26 10:00:34.555787+00:00;1
2024-01-26 10:06:13.206943+00:00;2
2024-01-29 07:47:42.140726+00:00;1
2024-01-30 06:44:33.177089+00:00;2
2024-01-30 06:51:08.285450+00:00;1
2024-01-30 07:09:10.967043+00:00;1
2024-01-30 08:37:47.125442+00:00;1
2024-01-30 08:40:07.049176+00:00;3
2024-01-30 08:45:09.539426+00:00;8
2024-01-30 08:46:36.195903+00:00;1
2024-01-30 08:48:19.129983+00:00;3
2024-01-30 08:53:43.844858+00:00;2
2024-01-30 09:03:24.665103+00:00;1
2024-01-30 09:16:31.355288+00:00;1
2024-01-30 09:21:09.661351+00:00;3
2024-01-30 09:24:05.846600+00:00;3
2024-01-30 09:39:49.197229+00:00;1
2024-01-30 09:42:18.772930+00:00;1
2024-01-30 09:56:16.608642+00:00;1
2024-01-30 09:58:05.438782+00:00;1
2024-01-30 11:13:17.077477+00:00;3
2024-01-30 12:45:02.497161+00:00;1
2024-01-30 13:50:23.032261+00:00;1
2024-01-30 14:03:06.214448+00:00;3
2024-01-30 14:07:36.417109+00:00;1
2024-01-30 14:09:51.437661+00:00;2
2024-01-30 14:19:22.593720+00:00;13
2024-02-01 06:27:59.819155+00:00;4
2024-02-01 06:43:19.913676+00:00;3
2024-02-01 06:46:10.492970+00:00;1
2024-02-01 08:51:55.616726+00:00;2
2024-02-01 08:55:53.795663+00:00;1
2024-02-01 09:00:13.461777+00:00;4
2024-02-01 09:08:01.826217+00:00;1
2024-02-01 10:09:51.339103+00:00;3
2024-02-01 10:18:21.507934+00:00;4
2024-02-01 10:27:38.238731+00:00;2
2024-02-01 10:32:53.458149+00:00;1
2024-02-01 10:35:41.598994+00:00;1
2024-02-01 10:56:42.057336+00:00;1
2024-02-01 12:18:11.493740+00:00;2
2024-02-01 12:23:31.475548+00:00;2
2024-02-01 12:37:44.044578+00:00;1
2024-02-01 13:56:33.899258+00:00;1
2024-02-02 06:29:41.845596+00:00;2
2024-02-02 06:33:03.694880+00:00;1
2024-02-02 06:37:37.274766+00:00;1
2024-02-02 06:42:39.178667+00:00;1
2024-02-02 06:54:34.942096+00:00;1
2024-02-02 06:57:58.214860+00:00;1
2024-02-02 07:02:25.714557+00:00;4
2024-02-02 09:21:58.825538+00:00;1
2024-02-02 09:28:20.658991+00:00;5
2024-02-02 09:44:30.015204+00:00;1
2024-02-02 10:11:07.769211+00:00;6
2024-02-02 10:28:35.865393+00:00;6
2024-02-02 12:03:57.500774+00:00;1
2024-02-02 12:09:49.453276+00:00;1
2024-02-02 12:22:45.624957+00:00;1
2024-02-02 12:31:49.204571+00:00;1
2024-02-02 12:33:26.741834+00:00;1
2024-02-02 12:34:34.375846+00:00;1
2024-02-02 12:36:18.396432+00:00;1
2024-02-02 12:41:31.100743+00:00;1
2024-02-02 12:46:53.793918+00:00;1
2024-02-02 12:47:58.941688+00:00;1
2024-02-02 12:48:58.063737+00:00;1
2024-02-06 08:59:36.086888+00:00;2
2024-02-06 09:05:15.919088+00:00;1
2024-02-06 09:13:20.238082+00:00;1
2024-02-06 09:29:48.441506+00:00;9
2024-02-06 09:52:52.614696+00:00;1
2024-02-06 10:05:11.952758+00:00;8
2024-02-06 10:35:19.429922+00:00;2
2024-02-06 10:40:04.995120+00:00;5
2024-02-06 10:49:19.243292+00:00;1
2024-02-06 11:54:14.198739+00:00;1
2024-02-06 14:17:52.207064+00:00;8
2024-02-07 06:42:52.710497+00:00;4
2024-02-07 06:52:53.597907+00:00;1
2024-02-07 07:30:36.038666+00:00;1
2024-02-07 07:47:43.753180+00:00;1
2024-02-07 08:10:10.487623+00:00;17
2024-02-07 08:20:08.364575+00:00;1
2024-02-07 08:55:42.190262+00:00;3
2024-02-07 09:06:28.512971+00:00;2
2024-02-07 09:08:49.621116+00:00;1
2024-02-07 09:12:03.792669+00:00;3
2024-02-07 09:57:35.237408+00:00;1
2024-02-07 10:04:01.802885+00:00;1
2024-02-07 10:05:39.600921+00:00;1
2024-02-07 10:07:24.080975+00:00;1
2024-02-07 12:13:46.647211+00:00;2
2024-02-07 12:16:20.718410+00:00;1
2024-02-07 12:28:11.573837+00:00;1
2024-02-07 12:44:39.138023+00:00;1
2024-02-08 05:42:57.576383+00:00;2
2024-02-08 07:07:47.625957+00:00;2
2024-02-08 07:16:34.591206+00:00;1
2024-02-08 07:29:32.011192+00:00;1
2024-02-08 07:32:44.366834+00:00;2
2024-02-08 07:41:59.933247+00:00;3
2024-02-08 09:04:16.877268+00:00;2
2024-02-08 09:09:17.736017+00:00;10
2024-02-08 09:11:16.710287+00:00;1
2024-02-08 09:15:57.249524+00:00;16
2024-02-08 09:19:52.415613+00:00;1
2024-02-08 12:25:04.165007+00:00;7
2024-02-12 14:23:47.276839+00:00;1
2024-02-13 07:37:56.866088+00:00;7
2024-02-13 07:40:41.558552+00:00;8
2024-02-13 07:57:45.785733+00:00;1
2024-02-13 08:45:59.763505+00:00;1
2024-02-13 08:49:33.575957+00:00;10
2024-02-13 08:54:07.297914+00:00;9
2024-02-13 09:11:07.917848+00:00;10
2024-02-13 10:04:10.572495+00:00;23
2024-02-13 10:08:19.020457+00:00;3
2024-02-13 10:14:44.981871+00:00;3
2024-02-13 10:33:56.487402+00:00;6
2024-02-13 10:35:36.206224+00:00;1
2024-02-13 10:38:10.621687+00:00;1
2024-02-13 10:42:39.493923+00:00;1
2024-02-13 12:42:50.351376+00:00;5
2024-02-13 12:53:39.578523+00:00;2
2024-02-13 12:55:16.531225+00:00;3
2024-02-13 13:00:35.898925+00:00;1
2024-02-13 13:10:13.030393+00:00;1
2024-02-14 06:41:19.292331+00:00;4
2024-02-14 07:10:00.360015+00:00;5
2024-02-14 08:08:10.148912+00:00;2
2024-02-14 08:17:18.804671+00:00;3
2024-02-14 08:18:36.532976+00:00;2
2024-02-14 08:19:42.953230+00:00;1
2024-02-14 08:21:47.475447+00:00;11
2024-02-14 08:29:32.664250+00:00;5
2024-02-14 08:33:12.329336+00:00;2
2024-02-14 08:35:39.782240+00:00;1
2024-02-14 08:39:35.624992+00:00;1
2024-02-14 08:43:59.522698+00:00;5
2024-02-14 08:53:19.333706+00:00;2
2024-02-14 09:04:24.074768+00:00;8
2024-02-14 09:50:27.084915+00:00;5
2024-02-14 09:55:18.292231+00:00;1
2024-02-14 09:56:13.464490+00:00;1
2024-02-14 10:00:28.852877+00:00;1
2024-02-14 11:09:09.110974+00:00;1
2024-02-14 13:13:43.042753+00:00;1
2024-02-15 06:42:08.164284+00:00;8
2024-02-15 06:44:51.335099+00:00;14
2024-02-15 06:51:19.912963+00:00;1
2024-02-15 06:56:30.816800+00:00;1
2024-02-15 06:58:22.730366+00:00;2
2024-02-15 07:11:20.660051+00:00;1
2024-02-15 07:51:23.042145+00:00;2
2024-02-15 08:50:25.877805+00:00;1
2024-02-15 09:21:06.741881+00:00;3
2024-02-15 09:22:33.571268+00:00;1
2024-02-15 09:31:40.429573+00:00;1
2024-02-15 09:34:49.630414+00:00;1
2024-02-15 10:13:36.663809+00:00;2
2024-02-15 10:17:56.201407+00:00;2
2024-02-15 10:26:31.605424+00:00;1
2024-02-15 10:28:16.653198+00:00;6
2024-02-15 10:30:43.622776+00:00;1
2024-02-15 10:33:18.574420+00:00;2
2024-02-16 06:55:15.566547+00:00;2
2024-02-16 07:02:40.529583+00:00;3
2024-02-16 07:46:53.539593+00:00;1
2024-02-16 07:48:39.086215+00:00;2
2024-02-16 08:00:13.171964+00:00;7
2024-02-16 08:22:45.788042+00:00;3
2024-02-16 08:27:32.128667+00:00;1
2024-02-16 09:19:00.977271+00:00;1
2024-02-16 09:25:45.237303+00:00;1
2024-02-16 09:29:14.839753+00:00;7
2024-02-16 09:32:31.094656+00:00;2
2024-02-16 09:41:06.687635+00:00;1
2024-02-16 09:43:03.658339+00:00;2
2024-02-16 09:49:03.175091+00:00;1
2024-02-16 09:51:20.249304+00:00;5
2024-02-16 09:54:33.648379+00:00;1
2024-02-16 09:56:20.614771+00:00;1
2024-02-16 09:58:42.773627+00:00;5
2024-02-16 10:00:12.288374+00:00;3
2024-02-16 10:01:21.428507+00:00;3
2024-02-16 10:04:12.077145+00:00;1
2024-02-16 10:32:51.511546+00:00;1
2024-02-20 06:20:07.040553+00:00;1
2024-02-20 06:32:19.846014+00:00;8
2024-02-20 06:48:34.741516+00:00;3
2024-02-20 06:57:49.466662+00:00;1
2024-02-20 07:35:25.557372+00:00;1
2024-02-20 07:38:44.954567+00:00;2
2024-02-20 07:47:19.945046+00:00;2
2024-02-20 08:32:51.959737+00:00;2
2024-02-20 09:23:46.812376+00:00;3
2024-02-20 09:33:45.948643+00:00;3
2024-02-20 09:54:16.281834+00:00;2
2024-02-20 10:25:27.842405+00:00;2
2024-02-20 11:02:51.115868+00:00;2
2024-02-21 06:39:25.829074+00:00;1
2024-02-21 06:46:49.681629+00:00;1
2024-02-21 06:48:25.710777+00:00;2
2024-02-21 06:58:51.030525+00:00;1
2024-02-21 07:29:49.138329+00:00;1
2024-02-21 07:37:02.313895+00:00;2
2024-02-21 07:41:31.039657+00:00;1
2024-02-21 07:46:27.856604+00:00;1
2024-02-21 07:54:14.340970+00:00;2
2024-02-21 07:58:08.099145+00:00;2
2024-02-21 13:13:56.017350+00:00;1
2024-02-21 13:18:04.004045+00:00;1
2024-02-21 13:21:08.839439+00:00;1
2024-02-21 13:28:13.900802+00:00;5
2024-02-21 13:31:57.911280+00:00;2
2024-02-21 13:34:31.461380+00:00;2
2024-02-22 04:46:08.271336+00:00;1
2024-02-22 06:14:09.499084+00:00;1
2024-02-22 06:33:59.353740+00:00;1
2024-02-22 06:38:20.372894+00:00;1
2024-02-22 06:42:35.125019+00:00;1
2024-02-22 06:51:09.214434+00:00;1
2024-02-22 06:58:21.523003+00:00;3
2024-02-22 09:20:36.576880+00:00;1
2024-02-22 09:32:50.963411+00:00;2
2024-02-22 10:17:53.157292+00:00;1
2024-02-22 10:27:29.373654+00:00;2
2024-02-22 10:29:48.167962+00:00;1
2024-02-22 10:46:25.431100+00:00;3
2024-02-22 10:51:12.074257+00:00;1
2024-02-22 12:07:05.372385+00:00;3
2024-02-22 12:12:31.567600+00:00;1
2024-02-22 12:22:18.095221+00:00;1
2024-02-23 06:04:28.068151+00:00;3
2024-02-23 07:15:08.593602+00:00;1
2024-02-23 07:21:01.011066+00:00;1
2024-02-23 07:55:49.548604+00:00;3
2024-02-23 08:02:13.184286+00:00;1
2024-02-23 08:05:11.633515+00:00;1
2024-02-23 08:10:25.096471+00:00;1
2024-02-23 08:51:40.201237+00:00;16
2024-02-27 07:05:29.238142+00:00;9
2024-02-27 07:06:46.228331+00:00;2
2024-02-27 07:10:40.788363+00:00;1
2024-02-27 07:15:01.006701+00:00;5
2024-02-27 08:33:44.361176+00:00;1
2024-02-27 08:56:49.530197+00:00;73
2024-02-27 09:12:19.570644+00:00;1
2024-02-27 09:16:57.583224+00:00;1
2024-02-27 09:20:47.733845+00:00;1
2024-02-27 09:24:46.316622+00:00;1
2024-02-27 09:32:57.806238+00:00;1
2024-02-27 09:37:45.592319+00:00;8
2024-02-27 10:12:41.400600+00:00;4
2024-02-27 10:21:17.783498+00:00;3
2024-02-27 10:28:29.148671+00:00;1
2024-02-27 10:34:56.563003+00:00;1
2024-02-27 10:40:39.702679+00:00;1
2024-02-27 10:47:57.669031+00:00;5
2024-02-28 05:36:04.483073+00:00;1
2024-02-28 06:21:18.641624+00:00;1
2024-02-28 06:23:06.841968+00:00;1
2024-02-28 06:24:33.503499+00:00;3
2024-02-28 06:26:08.958651+00:00;3
2024-02-28 06:45:08.169686+00:00;2
2024-02-28 06:54:15.090310+00:00;5
2024-02-28 07:03:48.545726+00:00;2
2024-02-28 07:50:09.404179+00:00;4
2024-02-28 07:57:01.825473+00:00;1
2024-02-28 07:58:58.583285+00:00;2
2024-02-28 08:02:19.034650+00:00;3
2024-02-28 10:45:04.555329+00:00;1
2024-02-28 12:09:41.687147+00:00;1
2024-02-28 14:11:47.650028+00:00;2
2024-02-28 14:16:47.957605+00:00;2
2024-02-28 14:23:48.096631+00:00;3
2024-02-28 14:27:34.143965+00:00;4
2024-02-29 05:08:38.927322+00:00;3
2024-02-29 05:15:34.052148+00:00;1
2024-02-29 07:07:54.859020+00:00;8
2024-02-29 07:16:19.951458+00:00;1
2024-02-29 08:07:29.022692+00:00;1
2024-02-29 08:14:50.991299+00:00;2
2024-02-29 08:36:52.026073+00:00;4
2024-02-29 08:41:23.154545+00:00;3
2024-02-29 08:42:45.675387+00:00;7
2024-02-29 08:55:12.501919+00:00;15
2024-02-29 09:26:39.941632+00:00;3
2024-02-29 09:32:28.843235+00:00;2
2024-02-29 12:15:59.889850+00:00;13
2024-02-29 12:23:53.026083+00:00;33
2024-02-29 13:00:37.688627+00:00;1
2024-02-29 13:11:55.827479+00:00;1
2024-03-05 05:48:30.113679+00:00;1
2024-03-05 05:52:07.372365+00:00;1
2024-03-05 06:08:35.824286+00:00;3
2024-03-05 06:50:36.082695+00:00;3
2024-03-05 07:48:21.574058+00:00;4
2024-03-05 08:45:11.161897+00:00;1
2024-03-05 08:57:27.392590+00:00;7
2024-03-05 09:02:36.987875+00:00;1
2024-03-05 09:07:17.298562+00:00;8
2024-03-05 09:12:49.792155+00:00;2
2024-03-05 09:19:41.964555+00:00;1
2024-03-05 09:22:27.766427+00:00;3
2024-03-05 09:29:40.643587+00:00;1
2024-03-05 09:39:50.568995+00:00;3
2024-03-05 09:51:34.120014+00:00;4
2024-03-05 09:56:16.580200+00:00;1
2024-03-05 10:03:54.538282+00:00;3
2024-03-05 10:14:45.364332+00:00;1
2024-03-05 10:16:56.291199+00:00;1
2024-03-05 10:24:52.765180+00:00;4
2024-03-05 10:32:58.352080+00:00;47
2024-03-05 10:41:15.403276+00:00;2
2024-03-05 10:44:41.071259+00:00;10
2024-03-05 10:49:43.913353+00:00;2
2024-03-05 12:09:07.969186+00:00;2
2024-03-05 12:12:10.355628+00:00;1
2024-03-05 12:30:54.370763+00:00;5
2024-03-05 13:28:30.837477+00:00;2
2024-03-05 13:36:20.743032+00:00;11
2024-03-05 13:44:51.150153+00:00;2
2024-03-06 05:33:57.152022+00:00;2
2024-03-06 05:39:05.500857+00:00;3
2024-03-06 06:03:03.093832+00:00;1
2024-03-06 07:00:42.749210+00:00;5
2024-03-06 07:05:46.181482+00:00;6
2024-03-06 07:06:51.867913+00:00;3
2024-03-06 07:14:40.301121+00:00;18
2024-03-06 07:17:19.735143+00:00;6
2024-03-06 07:54:50.574454+00:00;9
2024-03-06 07:56:43.724315+00:00;3
2024-03-06 07:59:30.098797+00:00;1
2024-03-06 10:00:28.158405+00:00;4
2024-03-06 10:14:44.939200+00:00;1
2024-03-06 10:18:49.857756+00:00;3
2024-03-06 11:57:41.863340+00:00;3
2024-03-06 12:09:21.122493+00:00;7
2024-03-06 12:18:10.063770+00:00;4
2024-03-06 12:22:50.753127+00:00;2
2024-03-06 12:28:50.735020+00:00;3
2024-03-06 12:40:32.932411+00:00;11
2024-03-06 13:01:22.975431+00:00;1
2024-03-06 13:35:59.142745+00:00;10
2024-03-06 13:44:03.734521+00:00;1
2024-03-06 13:50:40.119396+00:00;6
2024-03-07 07:46:37.779183+00:00;7
2024-03-07 08:22:16.382587+00:00;1
2024-03-07 08:25:21.117118+00:00;1
2024-03-07 08:26:22.356719+00:00;1
2024-03-07 08:41:32.146509+00:00;5
2024-03-07 08:48:32.113766+00:00;7
2024-03-07 09:42:24.973310+00:00;3
2024-03-07 09:45:02.498959+00:00;1
2024-03-07 09:47:41.975078+00:00;7
2024-03-07 09:50:11.592750+00:00;5
2024-03-07 09:53:59.541016+00:00;7
2024-03-07 10:05:19.044966+00:00;8
2024-03-07 10:07:06.801878+00:00;7
2024-03-07 10:17:48.168936+00:00;10
2024-03-07 10:51:29.731710+00:00;4
2024-03-07 11:54:22.586369+00:00;1
2024-03-07 11:56:59.890731+00:00;7
2024-03-07 12:12:36.246138+00:00;1
2024-03-07 12:19:31.592630+00:00;3
2024-03-07 12:29:33.848552+00:00;6
2024-03-08 07:08:57.214651+00:00;5
2024-03-08 07:49:28.960982+00:00;6
2024-03-08 08:03:07.713638+00:00;5
2024-03-08 08:14:49.919439+00:00;4
2024-03-08 08:18:31.231230+00:00;17
2024-03-08 08:42:37.235774+00:00;10
2024-03-08 08:53:30.704816+00:00;4
2024-03-08 08:55:55.769904+00:00;1
2024-03-12 06:04:33.003951+00:00;4
2024-03-12 06:33:27.177793+00:00;4
2024-03-12 07:04:41.582820+00:00;5
2024-03-12 07:25:40.049969+00:00;4
2024-03-12 08:19:44.277969+00:00;3
2024-03-12 08:33:44.328927+00:00;10
2024-03-12 08:35:36.605616+00:00;1
2024-03-12 08:36:44.289106+00:00;1
2024-03-12 08:46:54.498261+00:00;6
2024-03-12 08:51:36.245381+00:00;2
2024-03-12 08:54:23.190187+00:00;4
2024-03-12 09:04:47.259476+00:00;5
2024-03-12 09:06:00.641379+00:00;1
2024-03-12 09:07:45.338764+00:00;1
2024-03-12 09:21:31.676515+00:00;3
2024-03-12 09:24:35.081353+00:00;2
2024-03-12 09:28:32.331658+00:00;67
2024-03-12 09:42:38.250467+00:00;2
2024-03-12 09:45:44.789593+00:00;1
2024-03-12 10:06:23.972014+00:00;2
2024-03-12 10:12:11.387311+00:00;8
2024-03-12 10:16:40.619089+00:00;3
2024-03-12 10:20:22.847976+00:00;1
2024-03-12 11:47:35.208086+00:00;1
2024-03-12 11:50:19.939213+00:00;1
2024-03-12 12:03:11.886510+00:00;2
2024-03-12 12:10:35.599554+00:00;3
2024-03-12 12:12:44.181563+00:00;2
2024-03-12 12:17:21.919491+00:00;1
2024-03-12 12:21:20.297618+00:00;1
2024-03-13 07:26:31.756163+00:00;3
2024-03-13 07:46:14.960561+00:00;2
2024-03-13 07:54:34.972806+00:00;2
2024-03-13 08:48:40.613254+00:00;1
2024-03-13 08:55:09.127245+00:00;8
2024-03-13 09:58:35.514466+00:00;1
2024-03-13 10:02:01.358310+00:00;1
2024-03-13 10:03:25.219839+00:00;1
2024-03-13 10:05:25.279675+00:00;4
2024-03-13 10:08:56.577339+00:00;1
2024-03-13 10:10:39.090639+00:00;1
2024-03-13 10:15:15.368115+00:00;1
2024-03-13 10:23:47.723538+00:00;1
2024-03-13 10:29:07.901083+00:00;4
2024-03-13 11:18:10.473571+00:00;2
2024-03-13 11:35:36.636910+00:00;2
2024-03-14 05:27:17.528642+00:00;4
2024-03-14 05:34:01.691970+00:00;2
2024-03-14 06:37:46.786660+00:00;1
2024-03-14 06:47:30.211453+00:00;2
2024-03-14 06:51:51.825580+00:00;3
2024-03-14 07:19:57.745516+00:00;3
2024-03-14 07:38:36.531169+00:00;1
2024-03-14 07:40:24.935684+00:00;1
2024-03-14 07:48:39.020571+00:00;2
2024-03-14 08:32:50.038007+00:00;2
2024-03-14 08:40:56.890919+00:00;1
2024-03-14 08:47:32.520396+00:00;1
2024-03-14 08:53:10.134937+00:00;2
2024-03-14 08:57:41.968751+00:00;1
2024-03-14 10:20:00.300050+00:00;1
2024-03-14 10:39:21.140108+00:00;3
2024-03-14 12:23:02.352587+00:00;1
2024-03-15 05:44:15.368451+00:00;1
2024-03-15 06:10:36.184243+00:00;2
2024-03-15 06:16:16.042935+00:00;1
2024-03-15 06:29:02.590656+00:00;1
2024-03-15 07:11:20.792221+00:00;2
2024-03-15 09:12:08.615623+00:00;1
2024-03-15 09:13:38.872794+00:00;1
2024-03-15 09:17:34.165901+00:00;2
2024-03-15 12:11:34.683473+00:00;1
2024-03-15 13:08:24.623786+00:00;4
2024-03-15 13:13:00.601623+00:00;2
2024-03-15 13:18:43.317182+00:00;1
2024-03-15 13:26:23.483817+00:00;1
2024-03-19 07:33:21.088201+00:00;2
2024-03-19 09:14:39.416641+00:00;1
2024-03-19 10:09:02.866697+00:00;1
2024-03-19 10:35:35.702788+00:00;1
2024-03-19 10:38:26.508946+00:00;1
2024-03-19 10:40:41.472834+00:00;1
2024-03-19 10:46:03.477124+00:00;1
2024-03-19 11:25:07.208137+00:00;2
2024-03-20 07:44:42.328037+00:00;11
2024-03-20 10:28:31.100442+00:00;1
2024-03-20 10:30:42.594217+00:00;2
2024-03-20 12:30:52.498425+00:00;3
2024-03-20 13:20:50.817517+00:00;2
2024-03-21 06:10:57.063352+00:00;1
2024-03-21 06:14:51.489335+00:00;2
2024-03-21 06:36:16.730121+00:00;1
2024-03-21 06:45:08.543945+00:00;15
2024-03-21 07:17:37.992544+00:00;6
2024-03-21 07:36:27.372096+00:00;2
2024-03-21 07:40:07.303646+00:00;3
2024-03-21 07:56:52.237881+00:00;1
2024-03-21 08:04:12.906209+00:00;2
2024-03-21 08:26:25.479902+00:00;1
2024-03-21 08:32:33.728725+00:00;1
2024-03-21 08:35:57.057450+00:00;2
2024-03-21 08:38:12.436434+00:00;5
2024-03-21 11:07:30.603412+00:00;15
2024-03-22 06:54:51.013790+00:00;4
2024-03-22 07:01:29.964409+00:00;1
2024-03-22 07:28:05.615754+00:00;1
2024-03-22 07:29:12.355766+00:00;1
2024-03-22 07:33:36.324624+00:00;6
2024-03-22 09:25:21.056086+00:00;5
2024-03-22 09:34:31.122290+00:00;1
2024-03-22 09:37:33.866801+00:00;2
2024-03-22 09:52:23.736598+00:00;4
2024-03-22 10:18:59.245262+00:00;1
2024-03-22 10:41:20.636268+00:00;1
2024-03-22 10:43:03.258034+00:00;1
2024-03-22 10:44:17.918872+00:00;1
2024-03-26 05:55:51.172368+00:00;9
2024-03-26 07:00:02.493657+00:00;1
2024-03-26 10:38:19.954675+00:00;4
2024-03-26 10:48:37.637111+00:00;1
2024-03-26 10:54:54.618146+00:00;6
2024-03-26 11:49:08.014028+00:00;1
2024-03-26 11:57:03.657569+00:00;46
2024-03-27 07:20:37.206280+00:00;1
2024-03-27 07:23:26.139847+00:00;6
2024-03-27 07:37:42.088002+00:00;2
2024-03-27 07:47:08.165792+00:00;15
2024-03-27 07:55:50.012216+00:00;1
2024-03-27 08:02:34.380653+00:00;1
2024-03-27 08:05:33.542701+00:00;1
2024-03-27 08:09:20.932927+00:00;1
2024-03-27 08:11:04.624503+00:00;1
2024-03-27 08:13:12.923002+00:00;1
2024-03-27 08:19:20.542555+00:00;1
2024-03-27 08:52:47.576124+00:00;1
2024-03-27 09:05:47.221024+00:00;2
2024-03-27 09:12:10.881246+00:00;1
2024-03-27 09:16:19.136945+00:00;4
2024-03-27 09:18:50.219096+00:00;1
2024-03-27 09:20:04.242979+00:00;1
2024-03-27 09:21:25.618711+00:00;1
2024-03-27 09:23:08.934138+00:00;1
2024-03-27 09:24:29.171460+00:00;1
2024-03-27 09:27:43.769032+00:00;2
2024-03-27 09:28:48.137165+00:00;1
2024-03-27 09:29:45.465519+00:00;2
2024-03-27 09:34:43.808487+00:00;2
2024-03-27 09:41:54.730606+00:00;1
2024-03-27 09:50:14.302189+00:00;4
2024-03-27 09:54:21.859722+00:00;1
2024-03-27 09:55:59.680941+00:00;2
2024-03-27 10:00:23.792841+00:00;1
2024-03-27 10:13:37.566036+00:00;3
2024-03-27 10:19:08.612820+00:00;2
2024-03-27 10:45:07.119900+00:00;1
2024-03-27 10:47:10.111644+00:00;1
2024-03-27 11:45:45.898902+00:00;1
2024-03-27 11:47:32.278161+00:00;1
2024-03-27 11:49:22.884385+00:00;2
2024-03-27 11:58:06.728005+00:00;1
2024-03-27 12:04:06.524041+00:00;1
2024-03-27 12:13:32.484508+00:00;1
2024-03-27 12:14:53.086193+00:00;1
2024-03-27 12:29:57.033163+00:00;1
2024-03-27 12:31:46.237173+00:00;3
2024-03-27 12:36:42.119658+00:00;2
2024-03-27 12:40:34.091366+00:00;4
2024-03-27 12:43:11.226800+00:00;1
2024-03-27 12:44:20.460160+00:00;1
2024-03-27 13:06:17.319042+00:00;2
2024-03-27 13:10:34.808023+00:00;6
2024-03-27 13:24:33.379684+00:00;1
2024-03-27 13:32:10.716870+00:00;1
2024-03-28 05:16:44.783043+00:00;1
2024-03-28 05:22:20.253625+00:00;1
2024-03-28 05:25:13.864775+00:00;1
2024-03-28 05:58:09.015787+00:00;1
2024-03-28 06:36:28.420579+00:00;3
2024-03-28 06:43:54.096438+00:00;1
2024-03-28 06:46:32.404742+00:00;1
2024-03-28 07:48:22.474471+00:00;1
2024-03-28 08:23:36.835927+00:00;2
2024-03-28 08:24:48.428444+00:00;2
2024-03-28 08:26:20.999671+00:00;3
2024-03-28 08:27:34.745074+00:00;1
2024-03-28 08:28:37.531200+00:00;2
2024-03-28 08:31:03.321340+00:00;1
2024-03-28 08:39:09.040403+00:00;1
2024-03-28 08:47:42.646698+00:00;2
2024-03-28 08:49:34.221088+00:00;2
2024-03-28 08:50:59.043719+00:00;2
2024-03-28 08:53:03.334470+00:00;1
2024-03-28 09:52:46.656673+00:00;1
2024-03-28 09:53:48.245250+00:00;2
2024-03-28 09:55:12.615576+00:00;2
2024-03-28 09:56:11.490111+00:00;2
2024-03-28 09:57:44.851866+00:00;3
2024-03-28 09:59:40.376327+00:00;2
2024-03-28 10:02:01.141567+00:00;2
2024-03-28 10:03:38.688532+00:00;1
2024-03-28 10:04:55.760574+00:00;4
2024-03-28 10:07:00.826632+00:00;5
2024-03-28 10:27:17.742614+00:00;4
2024-03-28 10:29:01.127075+00:00;1
2024-03-28 11:49:58.884589+00:00;3
2024-03-28 11:52:28.624439+00:00;2
2024-03-28 11:54:52.660355+00:00;3
2024-03-28 11:56:16.158941+00:00;5
2024-03-28 12:00:15.589710+00:00;4
2024-03-28 12:02:40.789856+00:00;5
2024-03-28 12:04:04.942948+00:00;2
2024-03-28 12:06:50.420431+00:00;3
2024-03-28 12:08:54.587874+00:00;3
2024-04-02 04:40:42.646263+00:00;3
2024-04-02 04:50:45.491664+00:00;7
2024-04-02 05:36:06.316107+00:00;1
2024-04-02 05:38:38.095194+00:00;1
2024-04-02 05:42:10.352873+00:00;1
2024-04-02 05:43:16.968596+00:00;1
2024-04-02 05:44:58.355373+00:00;1
2024-04-02 05:47:55.365215+00:00;2
2024-04-02 05:50:33.565236+00:00;1
2024-04-02 05:53:47.535423+00:00;1
2024-04-02 05:55:24.584055+00:00;1
2024-04-02 05:56:32.450375+00:00;1
2024-04-02 05:57:58.654701+00:00;1
2024-04-02 05:59:06.246641+00:00;1
2024-04-02 06:06:16.401450+00:00;1
2024-04-02 06:52:18.962105+00:00;1
2024-04-02 07:29:15.753908+00:00;1
2024-04-02 07:34:10.917133+00:00;1
2024-04-02 07:40:50.304467+00:00;6
2024-04-02 07:47:44.444226+00:00;2
2024-04-02 08:06:14.983126+00:00;1
2024-04-02 08:08:58.782597+00:00;3
2024-04-02 08:12:56.736451+00:00;5
2024-04-02 08:25:32.081599+00:00;1
2024-04-02 08:26:48.047440+00:00;1
2024-04-02 08:28:03.948391+00:00;1
2024-04-02 08:29:00.188977+00:00;1
2024-04-02 08:29:42.647583+00:00;1
2024-04-02 08:30:23.789188+00:00;1
2024-04-02 08:31:21.638536+00:00;1
2024-04-02 08:32:06.266340+00:00;1
2024-04-02 08:33:53.924209+00:00;1
2024-04-02 08:35:19.653662+00:00;1
2024-04-02 08:36:03.230527+00:00;1
2024-04-02 08:36:52.036551+00:00;1
2024-04-02 08:37:45.162709+00:00;1
2024-04-02 08:38:41.808587+00:00;1
2024-04-02 08:39:20.926777+00:00;1
2024-04-02 08:41:47.333719+00:00;1
2024-04-02 08:43:30.293838+00:00;1
2024-04-02 08:44:17.121156+00:00;1
2024-04-02 08:44:56.488749+00:00;1
2024-04-02 08:46:20.849271+00:00;1
2024-04-02 08:47:48.619099+00:00;1
2024-04-02 08:48:30.672399+00:00;1
2024-04-02 08:49:19.621240+00:00;1
2024-04-02 08:52:38.164864+00:00;1
2024-04-02 08:53:34.378131+00:00;1
2024-04-02 08:54:47.366333+00:00;1
2024-04-02 08:55:30.862276+00:00;1
2024-04-02 08:59:10.753089+00:00;4
2024-04-02 09:01:31.219625+00:00;1
2024-04-02 09:03:58.145789+00:00;1
2024-04-02 09:25:06.194955+00:00;6
2024-04-02 09:31:11.298081+00:00;1
2024-04-02 11:05:27.256159+00:00;2
2024-04-02 11:06:17.721909+00:00;8
2024-04-03 04:38:09.094347+00:00;1
2024-04-03 05:48:11.881584+00:00;3
2024-04-03 05:54:41.400064+00:00;2
2024-04-03 05:57:24.486067+00:00;3
2024-04-03 06:02:13.450922+00:00;1
2024-04-03 06:23:01.836869+00:00;4
2024-04-03 06:24:39.605142+00:00;3
2024-04-03 06:28:28.353783+00:00;2
2024-04-03 06:50:36.262377+00:00;7
2024-04-03 07:19:14.868162+00:00;6
2024-04-03 07:30:54.661771+00:00;2
2024-04-03 07:44:58.538510+00:00;6
2024-04-03 08:11:33.753914+00:00;2
2024-04-03 08:20:05.216517+00:00;3
2024-04-03 08:24:25.299219+00:00;1
2024-04-03 08:30:53.004072+00:00;3
2024-04-03 08:36:45.865117+00:00;1
2024-04-03 08:38:54.936792+00:00;1
2024-04-03 08:52:27.867636+00:00;1
2024-04-03 09:10:45.721481+00:00;2
2024-04-03 09:30:28.868811+00:00;1
2024-04-03 09:36:25.334772+00:00;1
2024-04-03 09:38:22.652507+00:00;1
2024-04-03 09:43:08.758208+00:00;12
2024-04-03 09:44:49.432838+00:00;4
2024-04-03 09:51:05.250953+00:00;1
2024-04-03 09:59:59.981167+00:00;1
2024-04-03 10:41:43.741062+00:00;2
2024-04-03 10:45:34.289658+00:00;3
2024-04-03 10:52:55.113651+00:00;1
2024-04-03 11:05:08.251002+00:00;1
2024-04-03 11:30:34.593700+00:00;1
2024-04-03 11:36:06.899460+00:00;1
2024-04-03 11:50:35.280116+00:00;34
2024-04-04 04:22:40.228707+00:00;1
2024-04-04 05:42:18.419830+00:00;2
2024-04-04 05:54:37.981096+00:00;1
2024-04-04 06:02:30.524554+00:00;1
2024-04-04 06:12:38.909490+00:00;1
2024-04-04 06:38:13.692093+00:00;4
2024-04-04 06:47:46.701534+00:00;1
2024-04-04 08:46:00.549657+00:00;1
2024-04-04 08:47:35.634294+00:00;2
2024-04-04 08:50:24.567275+00:00;3
2024-04-04 08:52:46.986490+00:00;1
2024-04-04 08:56:07.498976+00:00;3
2024-04-04 09:01:31.502487+00:00;7
2024-04-04 09:09:24.215540+00:00;1
2024-04-04 09:10:42.923956+00:00;2
2024-04-04 09:12:40.901951+00:00;3
2024-04-04 09:14:19.013002+00:00;6
2024-04-04 09:29:23.055629+00:00;1
2024-04-04 09:30:47.367196+00:00;2
2024-04-04 09:32:18.726769+00:00;2
2024-04-04 09:33:32.606971+00:00;1
2024-04-04 09:36:26.992642+00:00;2
2024-04-04 09:52:41.745010+00:00;2
2024-04-04 10:35:56.044008+00:00;4
2024-04-04 10:42:02.539684+00:00;4
2024-04-04 10:52:40.637974+00:00;2
2024-04-04 11:05:30.238024+00:00;6
2024-04-04 11:06:49.543737+00:00;3
2024-04-04 11:07:55.687307+00:00;1
2024-04-04 11:09:11.382681+00:00;6
2024-04-04 11:10:30.175222+00:00;2
2024-04-04 11:11:19.713916+00:00;2
2024-04-04 11:15:08.737983+00:00;5
2024-04-04 11:17:03.113721+00:00;2
2024-04-04 11:19:15.784846+00:00;3
2024-04-04 11:20:16.966007+00:00;1
2024-04-05 04:29:56.430573+00:00;5
2024-04-05 05:04:19.701905+00:00;1
2024-04-05 05:06:45.183237+00:00;1
2024-04-05 05:07:40.871902+00:00;1
2024-04-05 05:09:59.889856+00:00;3
2024-04-05 05:32:22.551996+00:00;7
2024-04-05 05:51:48.290460+00:00;3
2024-04-05 05:56:08.205010+00:00;10
2024-04-05 06:45:43.772173+00:00;9
2024-04-05 09:15:32.763698+00:00;1
2024-04-05 09:23:07.823376+00:00;10
2024-04-05 09:32:05.177701+00:00;1
2024-04-05 10:56:37.059814+00:00;1
2024-04-05 11:00:49.766807+00:00;1
2024-04-05 11:10:15.869476+00:00;3
2024-04-05 11:12:16.359052+00:00;1
2024-04-05 11:15:26.340411+00:00;2
2024-04-05 11:24:47.125372+00:00;3
2024-04-05 11:32:40.366529+00:00;1
2024-04-05 11:34:09.555040+00:00;1
2024-04-05 11:36:05.502399+00:00;2
2024-04-05 11:39:45.656848+00:00;1
2024-04-09 06:15:48.573325+00:00;1
2024-04-09 06:22:20.151538+00:00;1
2024-04-09 06:25:44.625320+00:00;1
2024-04-09 06:27:48.332856+00:00;1
2024-04-09 07:02:26.233190+00:00;1
2024-04-09 07:14:51.569956+00:00;3
2024-04-09 07:27:45.938799+00:00;1
2024-04-09 07:31:39.124693+00:00;1
2024-04-09 07:32:49.390381+00:00;1
2024-04-09 07:34:40.813141+00:00;1
2024-04-09 07:48:15.713464+00:00;1
2024-04-09 08:04:01.332210+00:00;1
2024-04-09 08:48:07.419409+00:00;1
2024-04-09 09:44:48.538852+00:00;1
2024-04-09 11:23:16.774622+00:00;3
2024-04-09 11:30:39.552654+00:00;1
2024-04-09 11:32:37.508731+00:00;1
2024-04-10 06:36:05.779039+00:00;2
2024-04-10 06:39:15.787192+00:00;1
2024-04-10 07:10:17.354428+00:00;1
2024-04-10 07:34:41.740169+00:00;3
2024-04-10 07:36:07.576350+00:00;2
2024-04-10 07:42:45.240747+00:00;5
2024-04-10 07:57:53.659992+00:00;1
2024-04-10 08:01:06.371379+00:00;2
2024-04-10 08:33:22.686575+00:00;2
2024-04-10 09:05:32.837018+00:00;1
2024-04-10 09:06:33.326618+00:00;1
2024-04-11 05:50:41.849670+00:00;2
2024-04-11 05:55:21.942426+00:00;2
2024-04-11 07:37:55.333236+00:00;1
2024-04-11 07:50:01.396654+00:00;3
2024-04-11 08:15:04.626714+00:00;5
2024-04-15 13:05:36.301782+00:00;1
2024-04-29 14:50:33.014178+00:00;1
2024-04-30 07:01:39.401982+00:00;1
2024-04-30 07:41:48.931448+00:00;2
2024-04-30 08:09:16.847810+00:00;12
2024-04-30 11:47:52.247531+00:00;1
2024-05-16 19:21:40.700600+00:00;1
2024-05-27 06:33:43.176003+00:00;1
2024-06-11 12:55:31.577723+00:00;1
2024-06-12 10:01:12.558204+00:00;1
2024-06-18 11:14:07.504803+00:00;1
2024-06-20 08:47:20.946627+00:00;9
2024-06-26 07:50:32.399994+00:00;5
2024-06-26 07:53:23.022109+00:00;1
2024-06-26 08:45:22.760537+00:00;3
2024-06-26 08:50:31.920982+00:00;1
2024-06-27 06:10:30.376462+00:00;5
2024-06-27 07:46:04.271002+00:00;2
2024-06-27 07:53:55.008517+00:00;1
2024-06-27 08:02:02.821267+00:00;9
2024-06-27 08:09:42.413329+00:00;1
2024-06-27 08:16:53.570890+00:00;1
2024-06-27 08:18:58.966601+00:00;1
2024-06-28 07:09:49.308312+00:00;1
2024-06-28 07:11:28.415437+00:00;1
2024-06-28 07:13:11.564954+00:00;1
2024-07-02 06:40:29.535822+00:00;1
2024-07-02 06:48:08.476931+00:00;1
2024-07-02 06:50:14.359913+00:00;1
2024-07-02 06:51:18.836225+00:00;1
2024-07-02 06:52:20.384177+00:00;1
2024-07-02 06:54:12.990359+00:00;1
2024-07-02 06:56:15.968295+00:00;1
2024-07-02 06:57:46.562769+00:00;1
2024-07-02 06:59:16.375501+00:00;1
2024-07-02 07:04:47.138537+00:00;1
2024-07-02 07:21:04.517972+00:00;1
2024-07-02 07:34:58.827693+00:00;1
2024-07-02 07:50:36.496322+00:00;3
2024-07-02 08:28:34.876916+00:00;1
2024-07-02 08:38:09.529434+00:00;3
2024-07-03 06:04:42.912871+00:00;5
2024-07-03 06:35:41.401090+00:00;1
2024-07-03 09:04:21.469837+00:00;1
2024-07-03 09:10:58.271830+00:00;1
2024-07-04 04:27:09.804892+00:00;1
2024-07-04 04:29:01.910467+00:00;1
2024-07-04 04:31:57.367967+00:00;6
2024-07-04 06:43:29.690834+00:00;2
2024-07-04 07:23:17.382295+00:00;1
2024-07-04 07:44:58.219869+00:00;1
2024-07-05 09:02:54.216908+00:00;1
2024-07-09 05:22:26.046866+00:00;2
2024-07-09 05:28:50.150445+00:00;1
2024-07-09 06:04:22.483541+00:00;56
2024-07-09 07:31:35.261299+00:00;1
2024-07-09 07:40:44.221821+00:00;1
2024-07-09 07:43:03.696365+00:00;1
2024-07-09 07:46:33.430093+00:00;1
2024-07-09 07:50:14.766576+00:00;1
2024-07-09 07:56:04.522814+00:00;5
2024-07-09 07:59:13.714501+00:00;2
2024-07-09 08:10:53.338005+00:00;1
2024-07-09 08:30:08.730094+00:00;1
2024-07-10 08:13:22.496418+00:00;1
2024-07-10 08:28:33.224606+00:00;2
2024-07-10 08:31:32.159482+00:00;1
2024-07-11 04:27:55.405819+00:00;1
2024-07-11 04:31:23.526081+00:00;8
2024-07-11 04:37:21.639189+00:00;4
2024-07-11 04:39:19.885844+00:00;1
2024-07-11 05:08:37.198324+00:00;1
2024-07-11 05:13:05.200475+00:00;1
2024-07-11 05:22:19.777064+00:00;2
2024-07-11 05:54:11.641003+00:00;1
2024-07-11 07:12:59.955680+00:00;1
2024-07-11 07:19:40.043113+00:00;1
2024-07-11 07:37:30.011797+00:00;1
2024-07-11 07:39:43.926468+00:00;1
2024-07-11 08:39:30.195213+00:00;1
2024-07-12 06:38:49.318256+00:00;1
2024-07-12 07:47:40.804015+00:00;2
2024-07-12 08:02:12.470399+00:00;1
2024-07-12 08:09:04.949431+00:00;3
2024-07-12 08:21:43.662565+00:00;2
2024-07-12 08:25:30.495320+00:00;1
2024-07-16 05:14:22.224897+00:00;1
2024-07-16 05:26:40.867768+00:00;2
2024-07-16 05:35:56.625508+00:00;1
2024-07-16 05:44:37.390110+00:00;1
2024-07-16 06:04:53.833774+00:00;1
2024-07-16 06:31:38.109696+00:00;1
2024-07-16 06:53:26.274495+00:00;3
2024-07-16 08:54:48.879326+00:00;1
2024-07-16 09:01:53.007467+00:00;5
2024-07-17 04:23:12.554606+00:00;10
2024-07-17 04:24:57.477378+00:00;3
2024-07-17 04:38:48.456523+00:00;6
2024-07-17 04:50:19.900765+00:00;2
2024-07-17 06:36:48.290691+00:00;2
2024-07-17 06:38:03.962394+00:00;2
2024-07-17 06:41:52.427014+00:00;2
2024-07-17 06:43:26.441336+00:00;1
2024-07-17 07:08:34.390451+00:00;7
2024-07-17 07:19:32.140213+00:00;1
2024-07-17 07:26:39.067436+00:00;1
2024-07-17 08:06:48.570247+00:00;2
2024-07-17 08:08:20.076196+00:00;1
2024-07-17 08:13:36.408194+00:00;1
2024-07-17 08:27:43.291784+00:00;1
2024-07-18 05:59:30.434765+00:00;1
2024-07-18 06:05:59.087324+00:00;2
2024-07-18 06:08:16.079491+00:00;1
2024-07-18 07:47:04.148552+00:00;2
2024-07-18 07:56:16.021331+00:00;6
2024-07-18 08:52:38.138267+00:00;1
2024-07-18 08:56:16.084509+00:00;1
2024-07-18 08:59:14.613232+00:00;1
2024-07-18 09:04:15.658208+00:00;1
2024-07-23 05:39:24.304264+00:00;2
2024-07-23 05:41:50.165310+00:00;1
2024-07-23 05:48:10.683709+00:00;1
2024-07-23 05:54:56.626124+00:00;1
2024-07-23 06:00:44.107008+00:00;1
2024-07-23 06:39:00.385895+00:00;4
2024-07-23 08:25:51.298461+00:00;1
2024-07-24 05:29:55.063275+00:00;10
2024-07-24 05:37:26.015597+00:00;5
2024-07-24 05:40:10.743377+00:00;3
2024-07-24 05:49:05.541025+00:00;1
2024-07-24 05:53:42.927505+00:00;1
2024-07-24 05:57:36.121878+00:00;2
2024-07-24 06:00:56.432204+00:00;2
2024-07-24 06:08:10.165139+00:00;1
2024-07-24 07:25:26.649467+00:00;1
2024-07-24 07:35:58.206127+00:00;1
2024-07-24 07:40:20.016682+00:00;2
2024-07-24 07:44:58.193607+00:00;2
2024-07-24 07:48:59.717607+00:00;1
2024-07-24 07:51:44.029495+00:00;5
2024-07-24 07:55:35.169383+00:00;2
2024-07-24 08:47:00.996762+00:00;2
2024-07-25 06:06:42.733223+00:00;3
2024-07-25 06:24:38.905358+00:00;1
2024-07-25 06:46:31.394732+00:00;1
2024-07-25 07:06:24.955041+00:00;1
2024-07-25 07:22:44.444114+00:00;1
2024-07-25 07:26:04.577493+00:00;1
2024-07-25 07:27:13.413328+00:00;1
2024-07-25 07:34:17.639843+00:00;1
2024-07-25 07:39:55.528992+00:00;1
2024-07-25 07:47:26.922752+00:00;2
2024-07-25 08:08:37.779473+00:00;1
2024-07-25 08:18:58.999153+00:00;1
2024-07-25 08:40:43.951286+00:00;1
2024-07-26 05:54:04.083643+00:00;77
2024-07-26 05:59:06.737021+00:00;2
2024-07-26 06:06:54.093972+00:00;1
2024-07-26 06:11:14.128104+00:00;1
2024-07-26 06:13:18.618816+00:00;1
2024-07-26 06:28:11.433893+00:00;3
2024-07-26 06:51:33.985817+00:00;1
2024-07-26 06:54:59.135752+00:00;3
2024-07-26 07:35:07.906257+00:00;1
2024-07-26 07:51:09.577204+00:00;1
2024-07-26 07:54:44.529140+00:00;1
2024-07-26 08:16:16.063706+00:00;1
2024-07-30 06:19:14.477380+00:00;1
2024-07-30 06:45:20.323590+00:00;5
2024-07-30 07:55:38.856306+00:00;2
2024-07-30 08:01:04.565421+00:00;1
2024-08-02 07:51:19.840272+00:00;2
2024-08-02 08:03:59.349227+00:00;22
2024-08-07 07:38:57.560919+00:00;1
2024-08-08 05:43:25.355532+00:00;5
2024-08-08 05:46:18.129553+00:00;1
2024-08-08 05:50:20.840010+00:00;1
2024-08-08 05:55:25.795924+00:00;4
2024-08-08 05:57:10.441972+00:00;1
2024-08-08 05:58:16.351405+00:00;2
2024-08-08 06:03:08.802524+00:00;2
2024-08-08 06:06:14.941104+00:00;1
2024-08-08 06:27:45.992092+00:00;2
2024-08-08 06:35:16.583425+00:00;7
2024-08-08 06:57:51.227869+00:00;3
2024-08-08 07:03:12.170861+00:00;2
2024-08-08 07:08:36.276065+00:00;3
2024-08-08 07:13:29.043484+00:00;1
2024-08-08 07:19:14.436651+00:00;1
2024-08-13 06:00:03.445014+00:00;1
2024-08-13 06:01:22.527998+00:00;1
2024-08-13 06:06:23.687550+00:00;1
2024-08-13 06:07:36.799548+00:00;1
2024-08-13 06:09:35.762206+00:00;3
2024-08-13 06:11:25.091375+00:00;1
2024-08-13 06:15:02.957166+00:00;1
2024-08-13 07:38:59.392556+00:00;2
2024-08-13 07:46:13.278094+00:00;4
2024-08-13 07:50:07.740723+00:00;4
2024-08-13 07:51:51.790753+00:00;1
2024-08-13 07:57:09.642601+00:00;1
2024-08-14 06:36:00.238365+00:00;2
2024-08-14 06:55:03.620991+00:00;1
2024-08-14 07:12:25.791428+00:00;1
2024-08-14 07:15:03.032704+00:00;3
2024-08-14 07:17:20.282965+00:00;3
2024-08-14 07:21:02.392180+00:00;1
2024-08-14 07:24:59.624071+00:00;1
2024-08-14 07:33:38.510757+00:00;1
2024-08-14 08:58:16.032271+00:00;10
2024-08-15 08:20:28.550702+00:00;1
2024-08-15 08:25:44.265035+00:00;3
2024-08-15 08:28:07.749063+00:00;2
2024-08-15 08:29:33.008493+00:00;3
2024-08-15 08:35:38.562732+00:00;4
2024-08-15 08:38:27.914478+00:00;4
2024-08-15 08:41:35.148552+00:00;2
2024-08-15 08:48:00.437718+00:00;2
2024-08-15 08:57:38.264108+00:00;1
2024-08-15 09:03:38.589558+00:00;2
2024-08-15 09:19:31.666242+00:00;4
2024-08-15 09:21:47.509164+00:00;6
2024-08-15 09:27:50.676096+00:00;4
2024-08-15 09:28:56.476588+00:00;2
2024-08-15 09:30:08.379718+00:00;1
2024-08-15 13:27:22.771980+00:00;1
2024-08-15 13:34:21.467683+00:00;1
2024-08-16 06:06:24.138625+00:00;1
2024-08-16 06:14:54.823324+00:00;1
2024-08-16 06:25:43.314618+00:00;1
2024-08-16 06:27:08.526710+00:00;1
2024-08-16 06:34:42.556686+00:00;1
2024-08-16 06:36:03.376302+00:00;1
2024-08-16 06:52:16.698462+00:00;2
2024-08-16 07:52:22.712496+00:00;1
2024-08-16 07:53:56.247174+00:00;1
2024-08-16 07:55:37.751978+00:00;1
2024-08-16 08:25:55.739433+00:00;1
2024-08-16 08:29:35.477466+00:00;1
2024-08-20 14:05:40.386802+00:00;1
2024-08-20 14:11:10.455850+00:00;1
2024-08-20 14:13:57.088823+00:00;1
2024-08-21 06:33:52.197762+00:00;1
2024-08-21 07:10:59.831404+00:00;2
2024-08-21 07:55:45.591462+00:00;3
2024-08-22 05:09:19.224423+00:00;1
2024-08-22 05:20:45.068619+00:00;1
2024-08-22 08:13:59.956160+00:00;1
2024-08-22 08:22:43.452584+00:00;3
2024-08-22 08:26:40.919522+00:00;1
2024-08-27 08:10:01.441286+00:00;1
2024-08-27 08:11:37.034887+00:00;5
2024-08-27 09:08:56.258172+00:00;3
2024-08-29 08:38:39.982518+00:00;2
2024-08-29 11:49:14.232838+00:00;1
2024-08-29 11:50:26.316401+00:00;1
2024-08-29 11:51:35.732085+00:00;1
2024-08-29 12:00:21.699102+00:00;1
2024-08-29 12:03:41.363138+00:00;1
2024-08-29 12:13:35.256277+00:00;1
2024-08-29 12:16:44.376018+00:00;1
2024-08-29 12:22:13.741963+00:00;4
2024-08-29 12:25:45.010052+00:00;2
2024-08-29 12:27:11.740610+00:00;1
2024-09-03 07:05:55.812221+00:00;1
2024-09-24 09:24:54.615300+00:00;3
2024-09-24 09:26:45.748134+00:00;8
2024-09-24 09:28:59.548243+00:00;14
2024-09-26 11:40:59.168768+00:00;1
2024-09-27 05:51:11.546053+00:00;3
2024-09-27 05:56:56.743363+00:00;1
2024-09-27 05:58:39.407752+00:00;1
2024-09-27 06:29:07.395513+00:00;3
2024-09-27 07:33:31.607486+00:00;1
2024-09-27 11:41:05.420230+00:00;1
2024-09-27 11:44:17.451488+00:00;1
2024-09-27 12:04:54.445488+00:00;5
2024-09-27 12:13:04.901134+00:00;2
2024-09-27 12:16:27.912997+00:00;2
2024-09-27 14:59:37.897375+00:00;1
2024-10-01 12:38:00.604999+00:00;6
2024-10-01 12:54:00.202214+00:00;1
2024-10-02 05:21:46.443460+00:00;1
2024-10-02 05:45:07.736960+00:00;7
2024-10-02 05:58:12.390029+00:00;1
2024-10-02 06:04:44.499846+00:00;2
2024-10-02 06:08:58.547135+00:00;7
2024-10-02 06:16:45.822749+00:00;1
2024-10-02 06:22:09.024085+00:00;4
2024-10-02 06:27:18.275127+00:00;12
2024-10-02 07:19:42.676455+00:00;1
2024-10-03 06:58:32.752913+00:00;2
2024-10-03 07:02:33.809006+00:00;4
2024-10-03 07:08:05.999098+00:00;1
2024-10-03 07:42:49.021400+00:00;13
2024-10-03 08:22:21.949086+00:00;2
2024-10-03 08:26:22.459191+00:00;2
2024-10-03 08:28:13.816157+00:00;2
2024-10-03 08:35:36.473486+00:00;3
2024-10-03 08:56:47.707311+00:00;4
2024-10-03 09:00:53.043810+00:00;1
2024-10-03 09:16:36.617029+00:00;1
2024-10-03 09:19:51.152430+00:00;4
2024-10-03 09:24:49.590681+00:00;1
2024-10-04 06:13:08.100719+00:00;1
2024-10-04 07:05:44.749341+00:00;1
2024-10-04 07:12:56.541365+00:00;2
2024-10-04 07:14:49.615703+00:00;5
2024-10-04 07:28:38.796438+00:00;2
2024-10-08 08:53:20.317096+00:00;3
2024-10-08 09:01:25.440786+00:00;2
2024-10-08 12:00:42.952438+00:00;1
2024-10-09 05:18:56.158336+00:00;2
2024-10-09 05:33:34.826944+00:00;1
2024-10-09 05:48:29.118949+00:00;1
2024-10-09 06:34:26.342471+00:00;1
2024-10-09 06:42:16.167197+00:00;8
2024-10-09 06:47:11.115988+00:00;3
2024-10-09 06:50:30.243410+00:00;3
2024-10-09 07:06:46.980663+00:00;5
2024-10-09 08:14:51.220906+00:00;1
2024-10-09 08:17:03.786055+00:00;10
2024-10-10 08:21:21.511517+00:00;1
2024-10-10 08:28:56.834800+00:00;4
2024-10-10 08:55:44.885845+00:00;1
2024-10-10 09:07:49.905088+00:00;36
2024-10-10 09:14:09.283464+00:00;6
2024-10-10 09:46:44.614879+00:00;3
2024-10-10 12:28:09.510916+00:00;1
2024-10-10 12:33:54.279206+00:00;1
2024-10-10 12:37:00.982426+00:00;1
2024-10-10 12:38:33.811304+00:00;1
2024-10-10 12:51:35.925174+00:00;1
2024-10-10 12:55:53.708542+00:00;4
2024-10-11 06:06:49.364583+00:00;1
2024-10-11 06:11:13.213404+00:00;1
2024-10-11 09:18:09.359880+00:00;1
2024-10-11 09:24:11.813070+00:00;2
2024-10-11 09:26:44.470240+00:00;2
2024-10-11 09:33:38.942114+00:00;1
2024-10-16 05:17:37.233773+00:00;1
2024-10-16 05:20:55.293763+00:00;1
2024-10-16 05:23:17.443124+00:00;1
2024-10-16 06:25:29.525522+00:00;1
2024-10-16 06:53:16.815982+00:00;1
2024-10-16 07:18:57.478862+00:00;2
2024-10-16 07:53:55.368744+00:00;1
2024-10-16 07:56:26.130823+00:00;1
2024-10-16 08:02:57.493141+00:00;1
2024-10-16 08:14:47.654532+00:00;1
2024-10-16 08:38:34.014421+00:00;5
2024-10-16 08:49:29.552832+00:00;1
2024-10-18 09:32:56.206709+00:00;1
2024-10-22 07:51:38.210564+00:00;1
2024-10-22 07:55:35.258423+00:00;1
2024-10-22 07:58:59.208932+00:00;1
2024-10-22 08:00:52.101121+00:00;1
2024-10-22 08:03:02.501386+00:00;4
2024-10-22 08:05:09.319104+00:00;3
2024-10-22 08:06:25.335758+00:00;1
2024-10-22 08:07:41.585251+00:00;1
2024-10-22 08:08:52.643504+00:00;1
2024-10-22 08:10:04.315662+00:00;2
2024-10-22 08:11:14.476637+00:00;1
2024-10-22 08:28:48.094448+00:00;1
2024-10-22 08:34:28.231805+00:00;1
2024-10-22 08:35:54.744930+00:00;1
2024-10-22 09:02:36.309991+00:00;1
2024-10-22 09:03:33.708012+00:00;1
2024-10-22 09:05:46.898952+00:00;1
2024-10-22 09:07:24.318203+00:00;1
2024-10-22 09:08:25.778163+00:00;1
2024-10-22 09:12:50.486668+00:00;1
2024-10-22 09:21:54.316622+00:00;2
2024-10-22 09:30:25.210648+00:00;1
2024-10-22 09:33:00.099203+00:00;2
2024-10-22 09:36:47.701006+00:00;1
2024-10-23 04:30:58.095906+00:00;4
2024-10-23 04:33:06.605898+00:00;1
2024-10-23 05:04:10.896617+00:00;1
2024-10-23 05:09:47.726246+00:00;1
2024-10-23 05:13:56.759004+00:00;3
2024-10-23 05:51:41.861336+00:00;5
2024-10-23 06:26:42.047475+00:00;1
2024-10-23 06:58:41.268350+00:00;2
2024-10-23 07:04:26.261401+00:00;1
2024-10-23 07:05:35.491864+00:00;1
2024-10-23 07:11:40.482481+00:00;1
2024-10-23 07:33:17.945311+00:00;4
2024-10-23 09:14:08.287797+00:00;1
2024-10-23 09:20:20.092904+00:00;3
2024-10-23 09:21:31.605236+00:00;1
2024-10-23 09:28:28.011720+00:00;2
2024-10-23 09:30:10.073756+00:00;1
2024-10-23 09:32:20.721152+00:00;13
2024-10-23 09:55:17.797197+00:00;4
2024-10-23 10:10:32.587177+00:00;4
2024-10-23 10:16:21.589124+00:00;1
2024-10-23 10:17:46.783015+00:00;1
2024-10-23 10:21:51.402728+00:00;3
2024-10-23 10:23:58.502874+00:00;1
2024-10-23 13:26:31.710960+00:00;5
2024-10-23 13:55:59.455329+00:00;1
2024-10-23 13:58:43.993341+00:00;1
2024-10-24 08:59:01.161810+00:00;2
2024-10-24 09:04:55.223926+00:00;1
2024-10-24 09:10:15.988227+00:00;8
2024-10-24 09:32:38.194528+00:00;1
2024-10-24 09:34:49.263983+00:00;1
2024-10-24 09:37:19.057177+00:00;3
2024-10-24 09:39:30.252379+00:00;3
2024-10-24 09:43:18.125591+00:00;1
2024-10-24 09:44:32.893636+00:00;1
2024-10-24 09:45:32.903697+00:00;1
2024-10-24 09:46:37.413679+00:00;1
2024-10-24 09:47:41.862707+00:00;1
2024-10-24 09:48:36.616972+00:00;1
2024-10-24 11:40:25.917225+00:00;2
2024-10-24 11:46:19.194989+00:00;2
2024-10-25 05:37:06.275999+00:00;6
2024-10-25 06:21:37.741370+00:00;1
2024-10-25 06:24:42.996352+00:00;41
2024-10-25 06:35:00.619317+00:00;1
2024-10-25 06:39:43.853426+00:00;3
2024-10-25 06:44:26.350079+00:00;4
2024-10-25 09:03:38.534094+00:00;3
2024-10-25 09:30:41.702021+00:00;3
2024-10-25 09:32:15.165611+00:00;1
2024-10-25 09:44:48.490617+00:00;5
2024-10-29 08:06:17.473991+00:00;6
2024-10-29 09:28:56.816011+00:00;1
2024-10-29 09:43:07.773823+00:00;3
2024-10-29 10:01:14.627873+00:00;1
2024-10-29 11:42:59.622694+00:00;3
2024-10-29 11:56:18.896670+00:00;1
2024-10-29 12:10:59.607736+00:00;1
2024-10-29 12:13:45.077451+00:00;1
2024-10-30 06:26:29.228730+00:00;1
2024-10-30 06:57:18.509749+00:00;1
2024-10-30 06:59:18.269943+00:00;7
2024-10-30 07:07:06.412142+00:00;3
2024-10-30 07:24:55.274150+00:00;4
2024-10-30 08:06:58.814832+00:00;1
2024-10-30 08:14:37.843397+00:00;1
2024-10-30 08:20:40.138454+00:00;1
2024-10-30 08:25:44.153041+00:00;1
2024-10-30 08:28:23.504636+00:00;3
2024-10-30 08:33:15.823913+00:00;1
2024-10-30 08:42:06.526693+00:00;1
2024-10-30 08:47:00.502855+00:00;23
2024-10-30 09:03:49.961415+00:00;4
2024-10-30 09:08:37.266087+00:00;3
2024-10-30 09:12:39.354527+00:00;11
2024-10-30 09:16:49.573284+00:00;2
2024-10-30 09:18:18.905059+00:00;2
2024-10-30 10:15:25.912222+00:00;1
2024-10-30 10:25:00.505945+00:00;1
2024-10-30 10:30:48.702960+00:00;2
2024-10-30 10:38:49.455965+00:00;1
2024-10-30 10:41:55.938877+00:00;1
2024-10-30 10:42:57.637862+00:00;1
2024-10-30 10:47:25.594703+00:00;1
2024-10-30 10:48:12.094819+00:00;1
2024-10-31 08:30:48.267741+00:00;4
2024-10-31 08:42:08.893856+00:00;2
2024-10-31 09:34:24.477929+00:00;1
2024-10-31 09:38:34.574524+00:00;1
2024-10-31 09:40:55.368196+00:00;1
2024-10-31 10:02:46.093576+00:00;1
2024-10-31 10:04:49.607267+00:00;2
2024-10-31 10:08:08.826347+00:00;1
2024-10-31 10:46:26.795984+00:00;1
2024-11-05 08:25:49.622119+00:00;2
2024-11-05 08:55:09.533635+00:00;1
2024-11-05 09:17:23.091723+00:00;1
2024-11-05 09:21:02.346035+00:00;1
2024-11-05 09:24:43.976486+00:00;1
2024-11-05 09:29:24.371265+00:00;1
2024-11-05 09:31:36.786557+00:00;1
2024-11-05 09:50:38.465828+00:00;5
2024-11-05 09:56:52.320260+00:00;1
2024-11-05 09:57:54.111606+00:00;1
2024-11-05 10:10:00.950709+00:00;1
2024-11-05 10:17:28.020879+00:00;1
2024-11-05 10:19:14.625938+00:00;1
2024-11-05 10:20:05.072185+00:00;1
2024-11-06 08:26:14.530796+00:00;1
2024-11-06 09:20:34.006939+00:00;3
2024-11-06 09:23:30.178607+00:00;3
2024-11-06 09:33:57.594032+00:00;1
2024-11-06 09:38:03.234435+00:00;2
2024-11-06 10:51:36.345744+00:00;2
2024-11-06 10:57:24.599948+00:00;1
2024-11-06 11:02:27.283310+00:00;5
2024-11-07 07:47:20.091138+00:00;1
2024-11-07 09:04:09.243441+00:00;1
2024-11-07 09:19:51.882035+00:00;67
2024-11-07 10:12:12.104512+00:00;1
2024-11-07 10:19:08.937002+00:00;3
2024-11-07 10:36:15.562795+00:00;6
2024-11-07 10:40:18.601217+00:00;1
2024-11-08 06:54:21.860674+00:00;4
2024-11-08 06:58:25.168569+00:00;4
2024-11-08 07:10:41.051277+00:00;2
2024-11-08 07:21:54.235801+00:00;2
2024-11-08 08:32:22.068492+00:00;2
2024-11-08 09:01:22.922336+00:00;2
2024-11-08 09:13:24.372652+00:00;1
2024-11-08 09:18:14.295949+00:00;1
2024-11-08 09:54:28.315597+00:00;4
2024-11-08 10:16:04.929675+00:00;1
2024-11-08 10:16:45.664732+00:00;1
2024-11-08 10:18:08.076153+00:00;1
2024-11-08 10:19:16.994517+00:00;1
2024-11-08 10:21:14.185805+00:00;1
2024-11-08 10:29:25.590836+00:00;2
2024-11-08 10:30:40.160913+00:00;1
2024-11-08 10:33:02.933526+00:00;1
2024-11-08 11:06:06.775776+00:00;5
2024-11-08 11:07:55.507891+00:00;2
2024-11-12 08:56:15.725259+00:00;1
2024-11-12 08:58:18.334396+00:00;7
2024-11-12 12:35:46.638366+00:00;1
2024-11-12 13:34:49.889983+00:00;7
2024-11-14 10:40:55.277594+00:00;1
2024-11-14 10:46:10.309660+00:00;2
2024-11-14 10:59:40.398553+00:00;1
2024-11-14 11:10:59.171743+00:00;1
2024-11-14 11:35:45.571487+00:00;1
2024-11-14 11:38:40.399816+00:00;1
2024-11-14 14:11:30.610996+00:00;1
2024-11-14 14:18:05.839980+00:00;8
2024-11-14 14:21:04.376689+00:00;10
2024-11-14 14:25:26.484676+00:00;2
2024-11-14 14:34:50.360326+00:00;2
2024-11-14 14:38:24.405616+00:00;6
2024-11-14 14:40:34.857204+00:00;2
2024-11-14 14:42:43.414681+00:00;1
2024-11-15 07:00:15.457590+00:00;2
2024-11-15 07:01:48.643847+00:00;2
2024-11-15 07:11:28.503890+00:00;7
2024-11-15 07:41:07.124134+00:00;2
2024-11-15 07:49:55.510480+00:00;2
2024-11-15 07:59:27.792874+00:00;2
2024-11-15 08:01:10.806023+00:00;3
2024-11-15 08:05:35.484998+00:00;2
2024-11-15 08:10:57.809775+00:00;1
2024-11-15 08:36:44.304592+00:00;28
2024-11-15 09:09:09.495772+00:00;12
2024-11-18 10:48:09.063403+00:00;1
2024-11-18 10:50:18.389488+00:00;3
2024-11-19 05:30:52.451789+00:00;2
2024-11-19 06:58:29.012050+00:00;1
2024-11-19 07:00:50.072584+00:00;1
2024-11-19 07:02:07.900990+00:00;1
2024-11-19 07:03:43.871512+00:00;1
2024-11-19 07:05:53.056833+00:00;2
2024-11-19 07:07:47.683708+00:00;1
2024-11-19 08:30:56.830483+00:00;4
2024-11-19 08:35:08.895408+00:00;3
2024-11-19 08:36:36.959705+00:00;1
2024-11-19 08:40:11.982232+00:00;1
2024-11-19 08:42:17.248003+00:00;1
2024-11-19 08:44:09.813640+00:00;1
2024-11-19 09:17:10.121245+00:00;2
2024-11-19 09:19:55.308097+00:00;1
2024-11-19 09:23:17.697366+00:00;5
2024-11-19 09:36:15.054874+00:00;1
2024-11-19 09:40:42.165834+00:00;2
2024-11-19 09:51:13.048239+00:00;1
2024-11-19 10:01:49.474398+00:00;1
2024-11-19 10:04:55.954887+00:00;1
2024-11-19 10:06:13.425887+00:00;1
2024-11-19 10:17:19.185738+00:00;1
2024-11-19 11:34:57.248356+00:00;3
2024-11-19 11:37:53.328297+00:00;2
2024-11-19 11:42:00.742387+00:00;1
2024-11-19 11:55:02.079516+00:00;1
2024-11-19 11:59:12.388873+00:00;1
2024-11-19 12:04:40.757680+00:00;1
2024-11-19 12:06:28.486089+00:00;1
2024-11-19 12:14:00.102400+00:00;4
2024-11-19 12:17:49.724939+00:00;8
2024-11-20 05:19:27.825547+00:00;1
2024-11-20 05:24:01.819148+00:00;1
2024-11-20 05:27:03.150221+00:00;1
2024-11-20 05:44:50.330369+00:00;1
2024-11-20 05:47:31.267424+00:00;1
2024-11-20 05:50:19.533467+00:00;1
2024-11-20 06:35:41.036322+00:00;2
2024-11-20 06:38:27.142514+00:00;4
2024-11-20 06:53:30.432705+00:00;4
2024-11-20 06:54:53.453994+00:00;3
2024-11-20 07:00:24.184833+00:00;4
2024-11-20 07:03:23.908550+00:00;5
2024-11-20 07:04:55.973778+00:00;4
2024-11-20 07:10:57.185843+00:00;5
2024-11-20 07:19:52.600663+00:00;2
2024-11-20 07:23:00.815167+00:00;6
2024-11-20 07:32:34.985905+00:00;1
2024-11-20 07:36:26.514188+00:00;2
2024-11-20 07:41:49.232017+00:00;1
2024-11-20 08:00:15.231181+00:00;4
2024-11-20 08:02:48.964103+00:00;1
2024-11-20 08:05:10.758736+00:00;2
2024-11-20 08:10:02.825106+00:00;3
2024-11-20 08:42:30.566357+00:00;6
2024-11-20 08:49:19.029680+00:00;2
2024-11-21 08:22:16.488006+00:00;30
2024-11-21 08:34:31.506751+00:00;2
2024-11-21 08:35:06.129260+00:00;1
2024-11-21 08:38:14.040317+00:00;2
2024-11-21 08:39:21.345370+00:00;3
2024-11-21 08:41:50.202926+00:00;5
2024-11-21 08:43:17.202249+00:00;4
2024-11-21 08:44:33.023793+00:00;2
2024-11-21 08:48:16.176412+00:00;17
2024-11-21 08:50:30.284402+00:00;43
2024-11-21 08:51:35.667569+00:00;5
2024-11-21 09:30:35.048942+00:00;8
2024-11-21 09:51:19.008054+00:00;3
2024-11-21 10:16:56.187433+00:00;2
2024-11-21 10:20:09.681427+00:00;1
2024-11-21 10:24:18.686028+00:00;5
2024-11-21 10:41:31.183164+00:00;2
2024-11-21 10:44:31.344950+00:00;1
2024-11-21 10:50:47.814564+00:00;1
2024-11-21 11:40:14.302048+00:00;3
2024-11-21 11:43:38.718413+00:00;4
2024-11-21 11:47:00.215100+00:00;2
2024-11-21 11:49:22.887224+00:00;1
2024-11-21 11:51:21.532256+00:00;3
2024-11-21 12:02:11.686230+00:00;1
2024-11-21 12:03:12.305168+00:00;1
2024-11-21 12:05:24.057101+00:00;2
2024-11-21 12:09:40.854909+00:00;3
2024-11-21 12:26:18.486786+00:00;2
2024-11-21 12:58:32.597782+00:00;1
2024-11-21 13:03:43.096555+00:00;2
2024-11-21 13:06:40.658784+00:00;1
2024-11-21 13:08:27.503339+00:00;1
2024-11-21 13:12:05.473220+00:00;1
2024-11-22 05:51:06.697472+00:00;5
2024-11-22 05:54:27.039029+00:00;3
2024-11-22 07:16:51.770679+00:00;1
2024-11-22 08:50:50.986537+00:00;2
2024-11-22 08:53:25.844655+00:00;4
2024-11-22 08:57:32.613384+00:00;3
2024-11-22 09:01:30.866119+00:00;3
2024-11-22 09:03:03.863282+00:00;2
2024-11-22 09:05:25.015026+00:00;1
2024-11-22 09:08:22.778805+00:00;4
2024-11-22 10:19:18.531014+00:00;2
2024-11-22 10:22:32.734773+00:00;4
2024-11-22 10:35:53.237098+00:00;1
2024-11-22 10:42:18.510266+00:00;6
2024-11-22 10:44:57.315808+00:00;1
2024-11-22 10:48:15.283912+00:00;1
2024-11-22 10:49:58.590474+00:00;1
2024-11-22 10:51:06.350518+00:00;1
2024-11-22 10:52:18.698619+00:00;1
2024-11-22 10:53:25.003518+00:00;1
2024-11-22 10:56:41.640499+00:00;1
2024-11-22 10:59:20.147841+00:00;49
2024-11-26 05:47:29.304278+00:00;1
2024-11-26 06:53:47.518803+00:00;1
2024-11-26 06:57:23.670171+00:00;1
2024-11-26 06:59:41.320726+00:00;2
2024-11-26 07:38:54.962816+00:00;1
2024-11-26 07:47:38.400012+00:00;1
2024-11-26 07:49:14.404460+00:00;1
2024-11-26 07:50:17.945881+00:00;1
2024-11-26 08:35:42.284352+00:00;1
2024-11-26 08:40:32.400867+00:00;3
2024-11-26 09:36:37.287887+00:00;2
2024-11-26 09:41:51.541523+00:00;5
2024-11-26 09:49:15.684230+00:00;1
2024-11-26 09:51:10.742999+00:00;2
2024-11-26 09:53:37.744500+00:00;2
2024-11-26 10:10:25.496481+00:00;1
2024-11-26 10:13:48.410711+00:00;1
2024-11-26 10:19:02.807856+00:00;1
2024-11-26 10:21:21.659945+00:00;1
2024-11-26 10:24:12.088203+00:00;1
2024-11-26 10:28:24.992680+00:00;1
2024-11-26 10:37:54.130335+00:00;1
2024-11-26 10:39:59.893125+00:00;1
2024-11-26 10:42:40.067804+00:00;1
2024-11-27 09:04:34.983727+00:00;7
2024-11-27 09:15:40.930332+00:00;3
2024-11-27 09:20:31.370603+00:00;1
2024-12-03 06:15:14.427510+00:00;1
2024-12-03 06:50:29.721076+00:00;4
2024-12-03 06:57:16.002397+00:00;1
2024-12-03 07:03:38.961965+00:00;1
2024-12-03 07:07:09.457583+00:00;1
2024-12-03 07:09:45.038280+00:00;9
2024-12-03 07:45:58.342542+00:00;1
2024-12-03 08:40:51.516750+00:00;2
2024-12-03 08:44:25.774436+00:00;1
2024-12-03 09:02:50.468055+00:00;14
2024-12-03 09:30:07.257178+00:00;1
2024-12-03 09:34:47.821122+00:00;2
2024-12-03 09:55:08.307525+00:00;1
2024-12-03 10:40:28.746795+00:00;3
2024-12-03 10:48:16.730217+00:00;2
2024-12-03 10:54:23.106756+00:00;1
2024-12-03 10:58:01.236892+00:00;1
2024-12-03 12:07:19.461563+00:00;2
2024-12-03 12:12:17.517461+00:00;3
2024-12-03 12:18:10.424247+00:00;1
2024-12-03 12:23:03.804675+00:00;1
2024-12-03 12:25:31.176627+00:00;1
2024-12-03 12:32:58.390926+00:00;1
2024-12-03 12:36:43.894595+00:00;6
2024-12-03 12:41:58.230584+00:00;1
2024-12-03 12:43:17.825394+00:00;1
2024-12-03 13:48:47.660257+00:00;7
2024-12-03 13:57:06.300065+00:00;2
2024-12-03 14:01:49.193635+00:00;1
2024-12-03 14:05:03.078311+00:00;2
2024-12-03 14:06:10.573184+00:00;1
2024-12-03 14:07:17.491406+00:00;3
2024-12-03 14:09:24.037505+00:00;5
2024-12-03 14:20:11.193653+00:00;2
2024-12-03 14:25:12.668022+00:00;2
2024-12-04 05:58:01.538307+00:00;3
2024-12-04 06:32:28.549049+00:00;2
2024-12-04 06:40:01.607767+00:00;2
2024-12-04 06:41:17.798547+00:00;1
2024-12-04 06:42:01.308791+00:00;1
2024-12-04 06:46:23.793947+00:00;2
2024-12-04 06:48:03.074042+00:00;2
2024-12-04 06:52:43.336986+00:00;3
2024-12-04 07:56:00.560417+00:00;6
2024-12-04 08:05:16.351627+00:00;10
2024-12-04 08:12:38.021885+00:00;3
2024-12-04 08:21:53.392963+00:00;1
2024-12-04 08:32:53.980537+00:00;1
2024-12-04 08:34:29.217730+00:00;1
2024-12-04 08:36:09.742336+00:00;1
2024-12-04 08:39:19.406911+00:00;5
2024-12-04 08:46:34.828630+00:00;1
2024-12-04 08:49:58.861637+00:00;1
2024-12-04 08:52:10.595970+00:00;1
2024-12-04 08:53:45.926342+00:00;3
2024-12-04 08:55:12.632591+00:00;1
2024-12-04 08:57:37.701181+00:00;3
2024-12-04 08:59:34.388927+00:00;2
2024-12-04 09:05:48.428126+00:00;12
2024-12-04 09:32:42.680093+00:00;2
2024-12-04 09:41:27.691310+00:00;10
2024-12-04 09:45:38.044741+00:00;8
2024-12-04 09:52:18.869925+00:00;1
2024-12-04 09:57:52.393882+00:00;3
2024-12-04 10:01:53.579596+00:00;2
2024-12-04 11:31:42.270986+00:00;1
2024-12-04 11:35:41.366638+00:00;5
2024-12-04 11:41:58.608758+00:00;7
2024-12-04 12:54:08.525886+00:00;3
2024-12-04 12:58:11.517021+00:00;2
2024-12-04 12:59:34.546826+00:00;1
2024-12-04 13:01:51.430388+00:00;1
2024-12-05 08:06:50.342421+00:00;4
2024-12-05 08:35:29.230529+00:00;3
2024-12-05 09:03:00.813105+00:00;6
2024-12-05 09:30:04.495786+00:00;4
2024-12-05 09:33:08.592981+00:00;5
2024-12-05 09:46:22.304804+00:00;2
2024-12-05 09:49:06.025194+00:00;5
2024-12-05 10:08:40.927092+00:00;3
2024-12-05 10:35:33.243047+00:00;1
2024-12-05 10:41:06.656414+00:00;5
2024-12-05 12:44:43.808374+00:00;2
2024-12-05 12:54:17.196073+00:00;9
2024-12-05 13:29:24.609653+00:00;6
2024-12-05 13:32:09.173361+00:00;2
2024-12-05 13:34:07.710770+00:00;1
2024-12-05 13:39:24.604154+00:00;1
2024-12-05 13:40:30.195054+00:00;1
2024-12-05 13:42:19.348215+00:00;1
2024-12-05 13:43:14.197757+00:00;1
2024-12-05 13:44:09.989928+00:00;1
2024-12-05 13:47:31.303735+00:00;1
2024-12-05 13:48:41.674711+00:00;1
2024-12-06 05:40:08.278690+00:00;1
2024-12-06 06:37:01.067607+00:00;2
2024-12-06 06:42:02.955690+00:00;1
2024-12-06 06:58:38.030216+00:00;1
2024-12-06 07:01:01.825803+00:00;1
2024-12-06 07:02:17.684480+00:00;2
2024-12-06 07:14:49.836460+00:00;1
2024-12-06 07:19:14.554400+00:00;1
2024-12-06 09:20:55.445104+00:00;2
2024-12-06 09:22:34.674327+00:00;1
2024-12-06 10:58:40.368761+00:00;1
2024-12-06 11:01:52.839106+00:00;2
2024-12-06 11:03:34.040956+00:00;2
2024-12-06 11:14:08.914890+00:00;1
2024-12-06 12:10:44.291391+00:00;1
2024-12-06 12:14:35.779777+00:00;1
2024-12-06 12:16:25.686186+00:00;2
2024-12-06 12:25:11.956575+00:00;3
2024-12-06 12:29:47.850740+00:00;3
2024-12-06 12:33:25.507192+00:00;1
2024-12-06 12:45:48.491653+00:00;2
2024-12-10 05:24:40.796652+00:00;1
2024-12-10 05:31:38.414943+00:00;1
2024-12-10 05:33:33.169277+00:00;1
2024-12-10 13:30:16.389996+00:00;10
2024-12-10 13:41:17.911505+00:00;2
2024-12-10 13:47:59.716412+00:00;3
2024-12-11 06:23:49.891326+00:00;2
2024-12-11 06:28:27.840291+00:00;3
2024-12-11 06:46:40.857926+00:00;7
2024-12-11 07:03:46.144978+00:00;5
2024-12-11 08:08:25.851581+00:00;1
2024-12-11 08:12:37.159917+00:00;5
2024-12-11 08:18:47.137498+00:00;4
2024-12-11 08:24:30.844449+00:00;3
2024-12-11 08:39:32.817587+00:00;10
2024-12-11 13:38:40.528217+00:00;3
2024-12-11 13:57:09.347834+00:00;2
2024-12-11 13:58:44.428774+00:00;1
2024-12-11 14:01:23.284170+00:00;1
2024-12-12 07:47:05.738675+00:00;1
2024-12-12 08:34:47.373694+00:00;1
2024-12-12 08:49:16.303339+00:00;1
2024-12-12 08:56:36.102538+00:00;4
2024-12-12 09:07:49.869491+00:00;10
2024-12-12 10:25:31.060111+00:00;1
2024-12-12 10:31:30.895466+00:00;1
2024-12-12 10:33:37.182238+00:00;1
2024-12-12 10:35:48.346325+00:00;1
2024-12-13 05:42:04.149787+00:00;2
2024-12-13 05:45:00.697924+00:00;3
2024-12-13 05:48:29.476468+00:00;1
2024-12-13 05:51:08.833528+00:00;1
2024-12-13 05:53:59.990010+00:00;1
2024-12-13 06:00:20.364200+00:00;1
2024-12-13 06:04:10.592171+00:00;1
2024-12-13 06:05:22.675313+00:00;1
2024-12-13 06:06:21.170562+00:00;1
2024-12-13 06:07:58.713047+00:00;1
2024-12-13 07:40:35.448527+00:00;5
2024-12-13 12:31:27.220389+00:00;1
2024-12-13 12:40:41.380178+00:00;1
2024-12-13 13:20:08.625294+00:00;2
2024-12-13 13:30:19.276406+00:00;1
2024-12-17 06:45:41.235741+00:00;2
2024-12-17 06:47:31.817888+00:00;4
2024-12-17 07:11:06.411236+00:00;1
2024-12-17 07:28:48.231330+00:00;2
2024-12-17 07:31:40.784977+00:00;4
2024-12-17 07:40:20.769554+00:00;1
2024-12-17 07:41:50.574414+00:00;2
2024-12-17 08:22:54.609835+00:00;12
2024-12-17 09:17:11.011288+00:00;1
2024-12-17 09:19:14.118770+00:00;2
2024-12-17 09:21:05.880992+00:00;1
2024-12-17 09:25:11.399714+00:00;1
2024-12-17 09:27:35.000827+00:00;1
2024-12-17 09:34:57.866726+00:00;2
2024-12-17 09:36:57.315863+00:00;1
2024-12-17 09:38:32.097763+00:00;1
2024-12-17 09:40:15.639965+00:00;1
2024-12-17 09:44:49.980338+00:00;1
2024-12-17 09:47:09.372642+00:00;1
2024-12-17 09:56:04.263706+00:00;2
2024-12-17 09:58:39.749067+00:00;1
2024-12-17 10:01:56.015777+00:00;24
2024-12-17 11:13:57.001450+00:00;1
2024-12-17 11:15:58.146767+00:00;1
2024-12-17 11:20:04.486801+00:00;1
2024-12-17 12:07:46.540237+00:00;1
2024-12-17 12:11:31.253319+00:00;1
2024-12-17 12:18:50.374683+00:00;2
2024-12-17 12:22:15.093357+00:00;1
2024-12-18 05:51:32.490751+00:00;1
2024-12-18 06:31:19.939275+00:00;1
2024-12-18 07:51:55.344274+00:00;1
2024-12-18 07:54:49.101069+00:00;1
2024-12-18 08:03:15.326912+00:00;3
2024-12-18 08:04:55.614744+00:00;1
2024-12-18 08:06:08.292175+00:00;8
2024-12-18 08:09:52.067493+00:00;2
2024-12-18 08:11:32.014335+00:00;2
2024-12-18 08:13:03.333567+00:00;1
2024-12-18 08:18:07.101779+00:00;3
2024-12-18 08:25:26.829904+00:00;2
2024-12-18 10:35:48.910886+00:00;2
2024-12-18 10:44:17.447590+00:00;11
2024-12-18 10:54:27.527900+00:00;2
2024-12-19 09:23:35.751196+00:00;1
2024-12-19 09:26:00.272850+00:00;3
2024-12-19 09:28:15.926740+00:00;7
2024-12-19 09:35:08.260003+00:00;1
2024-12-19 09:49:12.151707+00:00;4
2024-12-19 10:46:10.691468+00:00;4
2024-12-19 10:49:03.001521+00:00;10
2024-12-20 05:43:42.403581+00:00;1
2024-12-20 05:44:46.796794+00:00;1
2024-12-20 05:46:10.314998+00:00;1
2024-12-20 05:48:16.537131+00:00;1
2024-12-20 05:49:32.455930+00:00;1
2024-12-20 05:50:32.057644+00:00;1
2024-12-20 06:25:33.398909+00:00;2
2024-12-20 06:33:37.772140+00:00;7
2024-12-20 06:41:27.534190+00:00;2
2024-12-20 06:44:50.716538+00:00;1
2024-12-20 06:54:57.885358+00:00;1
2024-12-20 06:57:53.080076+00:00;1
2024-12-20 07:03:56.242756+00:00;1
2024-12-20 07:23:24.036876+00:00;1
2024-12-20 07:56:29.880167+00:00;4
2024-12-20 08:16:22.613121+00:00;1
2024-12-20 08:25:37.836360+00:00;2
2024-12-20 08:33:12.395413+00:00;1
2024-12-20 08:34:24.767156+00:00;1
2024-12-20 08:36:42.912723+00:00;1
2024-12-20 08:38:22.339816+00:00;1
2024-12-20 08:39:18.125285+00:00;1
2024-12-20 08:39:58.754583+00:00;1
2024-12-20 08:50:04.369377+00:00;12
2024-12-20 08:54:12.178842+00:00;1
2024-12-20 09:02:07.249409+00:00;2
2024-12-20 09:05:04.179998+00:00;1
2024-12-20 09:10:35.430363+00:00;2
2024-12-20 09:14:03.078332+00:00;2
2025-01-07 10:34:15.219801+00:00;2
2025-01-07 10:36:22.505216+00:00;1
2025-01-07 10:37:38.585124+00:00;2
2025-01-07 11:03:11.784650+00:00;4
2025-01-07 13:15:29.705933+00:00;1
2025-01-07 13:26:02.047153+00:00;3
2025-01-07 13:29:07.251293+00:00;1
2025-01-08 07:24:54.810363+00:00;2
2025-01-08 07:28:44.900797+00:00;1
2025-01-08 07:47:53.474219+00:00;4
2025-01-08 07:49:35.891390+00:00;2
2025-01-08 07:51:42.540678+00:00;7
2025-01-08 07:58:28.874622+00:00;6
2025-01-08 08:00:00.528322+00:00;4
2025-01-08 08:02:23.303002+00:00;4
2025-01-08 08:04:03.432229+00:00;4
2025-01-08 09:24:41.270756+00:00;1
2025-01-08 09:29:44.515255+00:00;3
2025-01-08 10:37:37.253533+00:00;1
2025-01-08 10:38:28.944379+00:00;1
2025-01-08 10:39:51.802749+00:00;1
2025-01-08 12:20:01.011285+00:00;2
2025-01-08 12:31:12.739494+00:00;5
2025-01-08 13:23:29.623591+00:00;2
2025-01-08 13:35:58.070617+00:00;4
2025-01-09 06:08:17.772902+00:00;1
2025-01-09 06:19:55.416060+00:00;1
2025-01-09 06:28:39.864569+00:00;2
2025-01-09 06:31:25.829651+00:00;1
2025-01-09 06:42:34.443299+00:00;1
2025-01-09 07:01:40.570415+00:00;1
2025-01-09 08:00:15.990660+00:00;1
2025-01-09 08:04:12.184237+00:00;31
2025-01-09 08:25:25.983830+00:00;4
2025-01-09 08:36:31.126391+00:00;19
2025-01-09 10:27:00.243233+00:00;2
2025-01-09 10:28:22.139783+00:00;3
2025-01-09 10:30:03.167230+00:00;1
2025-01-09 10:44:00.959169+00:00;2
2025-01-09 13:27:18.076367+00:00;2
2025-01-10 06:40:57.558559+00:00;7
2025-01-10 06:46:47.829809+00:00;1
2025-01-10 06:48:14.540094+00:00;5
2025-01-10 06:50:35.623931+00:00;3
2025-01-10 06:55:47.422542+00:00;1
2025-01-10 06:58:27.971282+00:00;2
2025-01-10 07:00:27.308995+00:00;3
2025-01-10 07:08:52.705284+00:00;4
2025-01-10 07:22:29.562885+00:00;1
2025-01-10 08:08:03.556093+00:00;1
2025-01-10 08:13:25.596171+00:00;1
2025-01-10 08:20:38.704453+00:00;5
2025-01-10 08:24:55.038820+00:00;2
2025-01-10 08:37:17.453372+00:00;1
2025-01-10 08:43:40.188902+00:00;2
2025-01-10 08:50:43.322313+00:00;1
2025-01-10 08:53:16.181396+00:00;1
2025-01-10 08:58:04.857011+00:00;1
2025-01-10 09:05:32.390174+00:00;10
2025-01-10 09:09:35.139359+00:00;1
2025-01-10 10:00:31.532288+00:00;1
2025-01-10 10:08:02.775572+00:00;1
2025-01-10 12:44:23.560426+00:00;1
2025-01-10 13:06:48.154859+00:00;1
2025-01-10 13:12:55.693335+00:00;1
2025-01-10 13:26:53.877054+00:00;2
2025-01-10 13:29:08.381192+00:00;3
2025-01-10 13:30:49.766618+00:00;1
2025-01-10 13:32:14.249255+00:00;1
2025-01-10 13:34:43.295460+00:00;1
2025-01-10 13:42:12.811052+00:00;5
2025-01-14 06:07:48.221053+00:00;1
2025-01-14 06:10:05.178512+00:00;1
2025-01-14 06:11:54.615097+00:00;1
2025-01-14 07:16:49.521489+00:00;3
2025-01-14 07:25:45.815411+00:00;3
2025-01-14 13:21:17.104542+00:00;2
2025-01-14 13:22:43.458667+00:00;1
2025-01-14 13:24:22.953036+00:00;3
2025-01-14 13:30:03.346649+00:00;1
2025-01-14 13:32:18.911356+00:00;1
2025-01-14 13:34:17.351013+00:00;1
2025-01-14 13:36:13.653095+00:00;1
2025-01-14 13:37:59.018388+00:00;1
2025-01-14 13:44:02.986671+00:00;4
2025-01-14 13:46:16.592908+00:00;1
2025-01-14 13:51:44.045450+00:00;1
2025-01-14 13:54:55.290453+00:00;3
2025-01-14 14:09:13.086796+00:00;1
2025-01-15 06:53:14.949977+00:00;1
2025-01-15 06:54:47.504452+00:00;2
2025-01-15 06:58:22.042691+00:00;1
2025-01-15 07:09:15.596408+00:00;1
2025-01-15 07:20:15.803896+00:00;1
2025-01-15 07:21:49.479856+00:00;2
2025-01-15 07:30:05.964844+00:00;7
2025-01-15 07:37:23.708123+00:00;1
2025-01-15 08:10:56.255925+00:00;1
2025-01-15 08:20:42.573941+00:00;1
2025-01-15 08:26:04.542101+00:00;3
2025-01-15 08:32:02.183641+00:00;1
2025-01-15 08:34:06.007295+00:00;8
2025-01-15 08:35:44.812884+00:00;5
2025-01-15 10:05:40.454672+00:00;7
2025-01-15 10:37:22.885549+00:00;3
2025-01-15 10:44:06.746516+00:00;1
2025-01-15 10:50:51.408408+00:00;4
2025-01-15 10:58:39.396329+00:00;5
2025-01-15 12:33:06.665361+00:00;1
2025-01-15 12:39:56.490129+00:00;1
2025-01-15 12:40:58.834696+00:00;1
2025-01-15 12:42:21.437449+00:00;1
2025-01-15 13:44:07.273578+00:00;2
2025-01-15 13:53:35.916083+00:00;1
2025-01-16 09:55:29.829093+00:00;1
2025-01-16 10:00:32.095345+00:00;6
2025-01-16 10:43:26.491235+00:00;1
2025-01-16 12:36:39.016793+00:00;1
2025-01-16 12:53:22.826621+00:00;1
2025-01-16 13:00:16.420001+00:00;3
2025-01-16 13:07:27.382944+00:00;1
2025-01-16 13:09:36.692343+00:00;1
2025-01-16 13:21:13.356098+00:00;3
2025-01-16 13:27:21.238587+00:00;4
2025-01-16 13:34:41.508693+00:00;1
2025-01-16 13:38:51.482078+00:00;1
2025-01-16 13:41:12.577730+00:00;2
2025-01-17 05:47:43.122335+00:00;3
2025-01-17 05:49:18.784335+00:00;2
2025-01-17 05:51:45.396776+00:00;1
2025-01-17 06:44:07.299547+00:00;8
2025-01-17 06:57:49.488086+00:00;4
2025-01-17 07:05:32.786507+00:00;1
2025-01-17 07:10:57.919711+00:00;1
2025-01-17 07:12:08.109197+00:00;5
2025-01-17 07:14:01.789351+00:00;3
2025-01-17 07:23:44.500103+00:00;4
2025-01-17 09:08:40.273958+00:00;1
2025-01-17 09:19:07.169572+00:00;3
2025-01-17 09:23:18.870294+00:00;1
2025-01-17 09:27:08.958987+00:00;1
2025-01-17 09:36:19.415494+00:00;2
2025-01-17 09:41:39.860952+00:00;6
2025-01-17 09:49:05.753120+00:00;2
2025-01-17 09:50:37.586218+00:00;2
2025-01-17 09:52:28.397815+00:00;5
2025-01-17 09:53:46.478646+00:00;2
2025-01-17 09:55:53.101636+00:00;5
2025-01-17 09:58:05.625391+00:00;1
2025-01-17 10:00:46.158786+00:00;8
2025-01-17 10:03:09.377556+00:00;1
2025-01-17 10:06:44.821295+00:00;1
2025-01-17 10:09:34.119134+00:00;3
2025-01-17 10:11:14.874020+00:00;1
2025-01-17 10:13:38.460325+00:00;1
2025-01-17 10:21:54.920202+00:00;1
2025-01-17 10:23:28.089658+00:00;1
2025-01-17 10:42:17.706426+00:00;3
2025-01-17 10:44:15.917085+00:00;13
2025-01-20 12:36:37.702999+00:00;1
2025-01-20 12:40:17.919983+00:00;1
2025-01-20 12:50:41.331539+00:00;1
2025-01-21 09:12:51.914322+00:00;29
2025-01-28 06:07:47.202302+00:00;2
2025-01-28 06:13:37.602493+00:00;2
2025-02-19 09:36:02.722312+00:00;2
2025-02-20 08:15:39.064144+00:00;6
2025-02-20 08:25:15.969713+00:00;1
2025-02-20 08:27:18.841424+00:00;1
2025-02-20 13:22:55.562164+00:00;1
2025-02-20 13:26:02.431288+00:00;4
2025-02-20 13:29:19.896120+00:00;1
2025-02-20 13:31:43.801639+00:00;3
2025-02-25 05:37:23.232125+00:00;2
2025-02-25 05:43:30.741449+00:00;1
2025-02-25 05:56:59.006971+00:00;2
2025-02-26 05:17:41.633045+00:00;1
2025-02-26 13:24:39.435307+00:00;2
2025-02-26 13:28:26.843569+00:00;20
2025-02-26 13:51:02.383181+00:00;1
2025-02-26 13:53:05.278198+00:00;1
2025-02-27 08:16:59.303624+00:00;3
2025-02-27 08:24:25.627527+00:00;1
2025-02-27 13:30:02.080154+00:00;7
2025-02-27 13:41:20.475624+00:00;1
2025-02-27 13:44:08.849703+00:00;2
2025-02-27 13:47:47.416360+00:00;8
2025-02-27 13:55:45.532397+00:00;1
2025-02-28 05:36:24.655320+00:00;3
2025-02-28 05:38:19.544524+00:00;1
2025-02-28 05:51:07.151387+00:00;1
2025-02-28 05:52:23.586443+00:00;1
2025-02-28 05:59:47.648258+00:00;1
2025-02-28 06:10:26.352946+00:00;1
2025-02-28 06:12:58.488583+00:00;1
2025-02-28 09:04:00.696818+00:00;10
2025-02-28 09:07:00.868495+00:00;2
2025-02-28 09:11:03.529520+00:00;1
2025-02-28 09:17:24.141309+00:00;1
2025-03-03 08:50:14.198381+00:00;1
2025-03-03 08:53:22.136591+00:00;1
2025-03-03 08:54:52.368014+00:00;1
2025-03-03 08:56:14.236652+00:00;1
2025-03-03 08:57:32.323058+00:00;1
2025-03-03 09:01:46.304333+00:00;2
2025-03-10 11:46:54.708539+00:00;2
2025-03-11 10:26:05.172308+00:00;2
2025-03-24 13:30:19.957152+00:00;1
2025-03-25 08:13:53.085610+00:00;2
2025-03-25 08:21:24.352779+00:00;2
2025-03-25 08:29:48.875761+00:00;1
2025-03-25 08:37:49.231700+00:00;1
