106095;1
46401;1
790;1
103729;1
;0
402995;1
44127;1
37876;1
436936;1
120036;1
439741;1
31789;1
56903;1
103443;1
40694;1
103155;1
47114;1
214081;1
48663;1
429039;1
47216;1
37922;1
9038;1
25886;1
5697;1
41011;1
42422;1
408793;1
32144;1
23851;1
42166;1
402202;1
1552;1
27996;1
10792;1
137098;1
1373;1
232119;1
32429;1
34235;1
33685;1
15805;1
401197;1
402033;1
54492;1
131091;1
37974;1
161;1
41844;1
102859;1
23986;1
25110;1
438031;1
220024;1
104693;1
59789;1
1595;1
220013;1
409370;1
31761;1
8869;1
106115;1
420764;1
42411;1
46402;1
12629;1
239581;1
103013;1
45926;1
36704;1
106137;1
298013;1
238438;1
292131;1
127620;1
32628;1
424811;1
46910;1
410927;1
41806;1
6861;1
17697;1
42392;1
14764;1
30263;1
30255;1
402659;1
6258;1
10431;1
21274;1
429722;1
34607;1
422818;1
14205;1
138576;1
34810;1
104283;1
9362;1
9491;1
431246;1
401768;1
238369;1
37995;1
239298;1
434123;1
105720;1
253031;1
20961;1
59260;1
39115;1
428946;1
104221;1
4754;1
30210;1
26031;1
20244;1
436930;1
414659;1
58793;1
127530;1
238535;1
23087;1
434695;1
121169;1
101521;1
23735;1
56618;1
411949;1
38334;1
2952;1
19381;1
19331;1
214810;1
431625;1
47790;1
18379;1
30214;1
102755;1
56405;1
406795;1
60148;1
35528;1
431647;1
214890;1
407408;1
238048;1
400312;1
53593;1
19592;1
24348;1
32907;1
402378;1
13831;1
528;1
17952;1
12464;1
12045;1
45788;1
1613;1
667;1
34618;1
27214;1
59043;1
46889;1
57920;1
51130;1
438055;1
60428;1
2073;1
438864;1
37096;1
9890;1
443144;1
442814;1
57264;1
39989;1
45899;1
43659;1
238105;1
12686;1
46622;1
49240;1
20513;1
56057;1
4893;1
300389;1
127509;1
438727;1
27128;1
35710;1
20252;1
14872;1
17146;1
48393;1
34496;1
59582;1
7691;1
57074;1
401623;1
102880;1
211061;1
11152;1
15508;1
420776;1
302130;1
45440;1
428893;1
55205;1
42088;1
438128;1
211371;1
39112;1
400788;1
232022;1
35060;1
401201;1
400701;1
26961;1
45234;1
103378;1
444360;1
14626;1
238505;1
214902;1
41979;1
20020;1
100784;1
410977;1
103344;1
424732;1
26725;1
9413;1
409595;1
11265;1
7711;1
7520;1
44613;1
19246;1
400471;1
419198;1
15046;1
49477;1
20639;1
238775;1
35169;1
10574;1
238570;1
38613;1
53533;1
60334;1
8624;1
3311;1
238552;1
300550;1
6723;1
36583;1
19224;1
430907;1
105338;1
30169;1
10064;1
54956;1
302432;1
45929;1
24442;1
49487;1
18142;1
9924;1
3688;1
9626;1
404537;1
58001;1
7105;1
51806;1
35693;1
414950;1
101661;1
8522;1
41671;1
424138;1
28057;1
56325;1
431519;1
59142;1
24093;1
2486;1
103943;1
11373;1
29788;1
300163;1
427966;1
100354;1
104841;1
33251;1
3495;1
18278;1
425433;1
23209;1
384;1
300460;1
16494;1
104957;1
407217;1
60134;1
402146;1
7982;1
45755;1
35766;1
211394;1
14291;1
239611;1
38832;1
427493;1
58558;1
13645;1
15479;1
435293;1
20030;1
21831;1
21571;1
14115;1
6228;1
38284;1
42149;1
13071;1
120427;1
127344;1
6575;1
40350;1
37888;1
1928;1
10784;1
400025;1
188;1
50369;1
46804;1
4232;1
38152;1
2155;1
426114;1
31035;1
101944;1
214316;1
412504;1
200017;1
53537;1
400797;1
17729;1
408149;1
36082;1
418380;1
21814;1
11126;1
401543;1
411455;1
48351;1
7545;1
6447;1
35473;1
239989;1
30747;1
22321;1
104777;1
14653;1
18743;1
6070;1
41046;1
8720;1
434129;1
401211;1
439925;1
6616;1
420350;1
45728;1
425129;1
42657;1
236005;1
2227;1
12311;1
2865;1
53726;1
444;1
103384;1
100894;1
418529;1
300334;1
13417;1
6028;1
31214;1
54700;1
46896;1
6233;1
402553;1
430887;1
238787;1
3876;1
102653;1
10166;1
44858;1
426917;1
44312;1
48239;1
56880;1
34813;1
130876;1
20274;1
22042;1
6249;1
10763;1
239976;1
49053;1
23591;1
302158;1
121173;1
414150;1
238800;1
42366;1
39597;1
39909;1
49671;1
9808;1
18299;1
238862;1
434326;1
401706;1
441820;1
5903;1
21801;1
105937;1
35412;1
302353;1
424738;1
58874;1
3772;1
32722;1
220033;1
400262;1
19454;1
104138;1
52058;1
434254;1
127632;1
411663;1
38562;1
47007;1
417440;1
138314;1
33227;1
8815;1
52037;1
10721;1
12350;1
43001;1
28879;1
4231;1
42368;1
39983;1
412912;1
102189;1
12673;1
58963;1
51444;1
6844;1
9984;1
52896;1
49838;1
103036;1
25275;1
434288;1
3654;1
6395;1
131095;1
104355;1
58931;1
42945;1
33815;1
401998;1
14117;1
432535;1
26183;1
42393;1
15510;1
3543;1
427847;1
11805;1
59920;1
429954;1
20927;1
15161;1
21060;1
18928;1
2278;1
5040;1
1159;1
10480;1
33759;1
725;1
32520;1
37208;1
59203;1
59029;1
58025;1
56993;1
14522;1
5536;1
11284;1
33863;1
238559;1
58983;1
300086;1
35394;1
239566;1
214208;1
30947;1
59288;1
33454;1
8832;1
21053;1
58609;1
39878;1
20581;1
32879;1
11130;1
55216;1
31510;1
13335;1
430759;1
51907;1
21090;1
5413;1
26464;1
19119;1
28707;1
13468;1
405022;1
30968;1
29731;1
14854;1
59511;1
430262;1
403701;1
33525;1
6597;1
409961;1
6441;1
2120;1
47518;1
101477;1
12506;1
28178;1
214281;1
27467;1
102817;1
46322;1
38732;1
9014;1
101703;1
15786;1
21546;1
23889;1
39418;1
104466;1
47949;1
292070;1
30430;1
11580;1
25386;1
18027;1
232111;1
15739;1
100844;1
22418;1
21271;1
15772;1
14439;1
100543;1
9297;1
220032;1
103280;1
412786;1
33022;1
34014;1
402727;1
43879;1
31049;1
19876;1
412906;1
400969;1
849;1
9188;1
9298;1
127601;1
29308;1
20659;1
211374;1
404824;1
432097;1
53643;1
17293;1
16756;1
2403;1
55462;1
439072;1
103750;1
444133;1
101768;1
292020;1
2592;1
22243;1
414328;1
15146;1
9694;1
40475;1
31137;1
434599;1
39195;1
438248;1
421931;1
28567;1
9471;1
400338;1
232177;1
21235;1
20757;1
406950;1
401179;1
238824;1
8220;1
40698;1
120361;1
20268;1
48508;1
46092;1
104878;1
43104;1
409903;1
239883;1
120810;1
844;1
214522;1
6884;1
232221;1
28797;1
239590;1
41762;1
19968;1
1650;1
106391;1
11211;1
292283;1
211291;1
30915;1
444299;1
42330;1
238996;1
45588;1
4369;1
2167;1
11904;1
50271;1
42952;1
404280;1
5405;1
6645;1
16967;1
60210;1
106122;1
28375;1
6658;1
238783;1
21660;1
130628;1
21867;1
422335;1
24061;1
7722;1
44315;1
430915;1
36632;1
38310;1
428238;1
102217;1
405554;1
34828;1
34202;1
1601;1
422715;1
2092;1
300247;1
57136;1
5846;1
414881;1
41118;1
9439;1
411527;1
238733;1
401338;1
103493;1
1654;1
28183;1
414370;1
408652;1
405887;1
106440;1
13898;1
401742;1
44452;1
12773;1
33772;1
7254;1
410186;1
401588;1
12943;1
12504;1
121285;1
16930;1
105885;1
27421;1
100037;1
238218;1
47907;1
13172;1
1063;1
407801;1
22117;1
422481;1
404653;1
58057;1
36317;1
26176;1
239937;1
54831;1
36860;1
1445;1
238006;1
33121;1
12194;1
15240;1
302022;1
5509;1
2233;1
132677;1
54369;1
46433;1
23706;1
47923;1
51611;1
27555;1
11669;1
420768;1
239151;1
13310;1
29683;1
238423;1
15530;1
52548;1
59382;1
445683;1
37579;1
58949;1
101086;1
24104;1
411610;1
211395;1
22141;1
30705;1
31302;1
444486;1
24367;1
302313;1
1732;1
56;1
134224;1
105981;1
239762;1
214134;1
23139;1
41537;1
18554;1
11376;1
30358;1
404633;1
2670;1
443610;1
421580;1
19108;1
103256;1
10213;1
44290;1
100501;1
48355;1
292155;1
7981;1
239063;1
168;1
48001;1
34662;1
25421;1
13433;1
21281;1
30359;1
102330;1
433681;1
38030;1
31002;1
8042;1
3084;1
101524;1
7804;1
420545;1
59045;1
11090;1
16721;1
20240;1
24116;1
402774;1
102370;1
29263;1
214669;1
1035;1
29009;1
25031;1
34196;1
406553;1
48376;1
20592;1
27823;1
22262;1
17196;1
106021;1
36692;1
25056;1
405276;1
21869;1
21325;1
407048;1
4779;1
40099;1
39304;1
49295;1
50735;1
239191;1
59773;1
422561;1
102771;1
439353;1
402799;1
26598;1
24905;1
220017;1
131042;1
53119;1
234012;1
5459;1
408968;1
36992;1
42543;1
38454;1
101571;1
238121;1
4994;1
14866;1
43572;1
24666;1
438233;1
411350;1
52475;1
13202;1
33771;1
37342;1
4441;1
2822;1
424712;1
39032;1
34912;1
2342;1
19864;1
7082;1
15590;1
400463;1
430615;1
18230;1
5137;1
2795;1
122339;1
444213;1
34766;1
21905;1
34561;1
103371;1
300162;1
15524;1
214181;1
429833;1
104421;1
1670;1
292183;1
15837;1
36963;1
3914;1
401941;1
433834;1
232101;1
102110;1
47414;1
11019;1
11240;1
10426;1
420907;1
39290;1
239292;1
8465;1
23724;1
37840;1
21547;1
7267;1
35650;1
406883;1
302264;1
122066;1
121316;1
130436;1
44860;1
13306;1
28575;1
1516;1
21626;1
9383;1
10464;1
239767;1
414990;1
102059;1
8836;1
19506;1
428114;1
37889;1
14767;1
104968;1
29354;1
42180;1
49660;1
8853;1
102557;1
16366;1
105857;1
422179;1
52401;1
45523;1
15183;1
10838;1
437905;1
26213;1
24596;1
59247;1
232104;1
21930;1
2262;1
404177;1
10445;1
239821;1
24954;1
54776;1
37987;1
28781;1
25130;1
44408;1
401879;1
102528;1
44360;1
238341;1
102471;1
59668;1
411417;1
14799;1
39556;1
214993;1
7865;1
103508;1
21430;1
8747;1
32044;1
101798;1
102246;1
41685;1
400050;1
41368;1
412808;1
42029;1
44944;1
410585;1
131087;1
30229;1
424861;1
412000;1
9557;1
4866;1
42833;1
37431;1
121176;1
24789;1
31463;1
408467;1
101510;1
29475;1
424382;1
3468;1
26199;1
12760;1
36399;1
40370;1
59864;1
401539;1
5217;1
132908;1
57492;1
24444;1
11115;1
32160;1
24812;1
22974;1
37227;1
104129;1
106413;1
60336;1
34628;1
14023;1
131044;1
50843;1
23936;1
38408;1
431157;1
412531;1
2408;1
404193;1
29817;1
24519;1
35750;1
47418;1
38485;1
34125;1
403017;1
7033;1
43132;1
20139;1
22542;1
413981;1
21719;1
60051;1
15518;1
100991;1
51975;1
11021;1
101642;1
36544;1
4899;1
12949;1
7567;1
138564;1
21424;1
10432;1
238428;1
20673;1
402920;1
409251;1
25104;1
31044;1
408570;1
411640;1
54817;1
17364;1
6529;1
104459;1
40346;1
15342;1
33457;1
407215;1
103961;1
35068;1
102283;1
11975;1
302195;1
31969;1
102106;1
60226;1
20016;1
43719;1
232187;1
23173;1
12555;1
53853;1
411752;1
104675;1
41616;1
30852;1
104185;1
105131;1
43256;1
104365;1
30537;1
45954;1
39218;1
25747;1
105376;1
42418;1
22038;1
302068;1
42997;1
211019;1
56539;1
19186;1
18772;1
45840;1
43043;1
666;1
238094;1
37500;1
9479;1
50284;1
35119;1
410041;1
103716;1
1655;1
59468;1
239924;1
57803;1
428016;1
55308;1
401506;1
420541;1
300188;1
50834;1
25079;1
21740;1
440013;1
40094;1
37164;1
440731;1
41020;1
15180;1
26550;1
238526;1
39069;1
20924;1
408547;1
40753;1
5454;1
58055;1
38264;1
409915;1
34665;1
404521;1
19208;1
43082;1
48990;1
34526;1
410741;1
7703;1
18221;1
35459;1
30817;1
9220;1
36344;1
19053;1
6573;1
104348;1
15422;1
52051;1
46797;1
19484;1
414107;1
5940;1
40612;1
24770;1
46325;1
214855;1
55038;1
1989;1
11963;1
8133;1
10294;1
33402;1
1108;1
10168;1
40810;1
14619;1
21628;1
27044;1
48375;1
30849;1
106093;1
5484;1
5910;1
19762;1
104667;1
45610;1
439413;1
36081;1
407843;1
44795;1
300514;1
41153;1
413653;1
46666;1
13926;1
103976;1
17602;1
25580;1
14692;1
427640;1
300274;1
2385;1
14614;1
56188;1
400784;1
27870;1
5383;1
1682;1
401492;1
13151;1
121354;1
42301;1
238371;1
211192;1
422212;1
52054;1
25002;1
13878;1
433095;1
409416;1
102393;1
403071;1
11709;1
422753;1
24809;1
410966;1
23415;1
17997;1
45569;1
34056;1
29690;1
9893;1
30619;1
433752;1
232075;1
12552;1
33095;1
428465;1
103499;1
45551;1
102302;1
15387;1
2553;1
100245;1
102291;1
45017;1
27377;1
9660;1
19056;1
26036;1
19542;1
422709;1
420088;1
48477;1
42625;1
35415;1
104713;1
16371;1
15270;1
29675;1
413075;1
57498;1
19307;1
13877;1
43086;1
411368;1
5480;1
34831;1
122325;1
42753;1
20762;1
20444;1
414632;1
19215;1
13980;1
43507;1
34945;1
28400;1
121017;1
283123;1
12471;1
409257;1
31490;1
12902;1
10941;1
21330;1
24665;1
238666;1
12494;1
44916;1
406466;1
138402;1
23313;1
30123;1
48105;1
14094;1
20660;1
38837;1
9817;1
49088;1
436381;1
104686;1
57971;1
43653;1
17575;1
10990;1
12623;1
403640;1
41622;1
11652;1
37773;1
414097;1
7793;1
407837;1
34032;1
48742;1
1845;1
29922;1
41266;1
55772;1
131060;1
17734;1
33277;1
34734;1
49149;1
439324;1
10246;1
214013;1
238101;1
59532;1
8333;1
238334;1
15403;1
30563;1
418459;1
36703;1
420318;1
9363;1
102794;1
29147;1
40772;1
406147;1
2452;1
105709;1
43427;1
1458;1
131194;1
100647;1
18116;1
405596;1
21687;1
40079;1
35783;1
7736;1
14516;1
292023;1
40697;1
104630;1
39910;1
406230;1
5921;1
131201;1
14370;1
7028;1
238823;1
407497;1
436154;1
7604;1
3112;1
56802;1
236020;1
34318;1
402231;1
4215;1
41710;1
292257;1
20850;1
44145;1
30525;1
302384;1
54617;1
283110;1
412920;1
405590;1
10295;1
402074;1
14873;1
10855;1
302306;1
417486;1
42251;1
302053;1
40711;1
20439;1
7239;1
26093;1
13467;1
29331;1
4342;1
421792;1
439412;1
59115;1
13892;1
431008;1
1217;1
127654;1
57631;1
55120;1
17142;1
214066;1
410050;1
4411;1
407;1
105483;1
130534;1
20628;1
427976;1
46387;1
7176;1
39;1
56707;1
28644;1
5319;1
12024;1
37615;1
28086;1
2977;1
42742;1
36059;1
17117;1
430659;1
58013;1
3666;1
298007;1
416507;1
283038;1
106441;1
15476;1
407925;1
422657;1
37038;1
412938;1
18354;1
2726;1
42018;1
41037;1
14073;1
6336;1
121011;1
121276;1
101837;1
434399;1
432323;1
214282;1
10766;1
30308;1
32370;1
33289;1
36312;1
6585;1
423793;1
26650;1
16209;1
10092;1
102072;1
12443;1
19844;1
14537;1
23632;1
34086;1
283062;1
238488;1
37824;1
402932;1
200008;1
300023;1
42994;1
137468;1
23580;1
18954;1
33101;1
55611;1
4712;1
435668;1
12647;1
101437;1
29438;1
44096;1
40795;1
106457;1
29538;1
53995;1
105616;1
408161;1
10921;1
23985;1
239458;1
127712;1
408338;1
1977;1
214185;1
298020;1
14867;1
9366;1
53691;1
401169;1
415561;1
23537;1
100134;1
20080;1
51689;1
39320;1
21054;1
430442;1
8131;1
101090;1
24401;1
21937;1
43943;1
105743;1
25597;1
13110;1
23032;1
37924;1
410896;1
15058;1
238879;1
214480;1
46270;1
439933;1
59134;1
3996;1
38250;1
12318;1
5187;1
133717;1
33872;1
48283;1
30166;1
302351;1
13286;1
55760;1
214457;1
46598;1
21632;1
1015;1
41496;1
283176;1
14049;1
7329;1
54758;1
46037;1
24689;1
11661;1
422045;1
28224;1
14616;1
28704;1
14894;1
18638;1
53615;1
13213;1
406525;1
59683;1
14540;1
11063;1
214789;1
100421;1
3420;1
21091;1
410958;1
51037;1
274030;1
122042;1
43416;1
300341;1
423584;1
106017;1
239992;1
410993;1
104008;1
417559;1
23170;1
44499;1
12303;1
26732;1
45065;1
42082;1
9365;1
300393;1
300502;1
12380;1
3304;1
46718;1
102519;1
302117;1
430296;1
239034;1
36932;1
103563;1
14628;1
23661;1
401720;1
34944;1
28787;1
50619;1
228102;1
45600;1
2315;1
104084;1
40280;1
8773;1
434660;1
57781;1
8582;1
7031;1
4863;1
413286;1
302023;1
104301;1
28190;1
420770;1
426248;1
17348;1
59015;1
46309;1
238468;1
138279;1
13028;1
14815;1
408028;1
104292;1
28135;1
220021;1
41482;1
28344;1
47294;1
51609;1
60218;1
100707;1
101992;1
238576;1
30748;1
239540;1
417622;1
36696;1
34612;1
34476;1
16757;1
1395;1
58720;1
29932;1
23722;1
21532;1
35048;1
33286;1
407308;1
292331;1
33883;1
239319;1
104121;1
128132;1
20972;1
54641;1
102600;1
401155;1
37212;1
239085;1
916;1
428373;1
403913;1
300027;1
45797;1
37107;1
114;1
420465;1
28150;1
34331;1
14297;1
214679;1
53362;1
8278;1
43918;1
21399;1
430776;1
29774;1
41692;1
7049;1
10515;1
302274;1
214794;1
22689;1
130781;1
131182;1
25693;1
38827;1
32201;1
20917;1
102453;1
54682;1
427646;1
14742;1
14943;1
3312;1
29295;1
444243;1
36014;1
34686;1
432249;1
239699;1
40716;1
40874;1
57061;1
8771;1
48516;1
238031;1
100384;1
1962;1
130558;1
59908;1
31700;1
33021;1
831;1
34297;1
435622;1
130938;1
300198;1
41054;1
18717;1
401899;1
6145;1
428841;1
427167;1
49304;1
38987;1
33401;1
29257;1
439561;1
28572;1
23759;1
891;1
35313;1
29536;1
37005;1
102496;1
36;1
103569;1
1802;1
30155;1
403611;1
25901;1
46224;1
22904;1
33426;1
58169;1
8787;1
43704;1
415716;1
36827;1
11206;1
27565;1
4914;1
429746;1
137463;1
9295;1
35274;1
18189;1
105289;1
401401;1
46650;1
17924;1
33549;1
9048;1
25197;1
59490;1
6718;1
33380;1
6689;1
3746;1
46035;1
214249;1
17443;1
404691;1
7462;1
43360;1
29411;1
239703;1
44589;1
30296;1
7500;1
24036;1
6673;1
3443;1
408188;1
26468;1
38853;1
4804;1
409159;1
211010;1
100372;1
40212;1
102574;1
302080;1
41985;1
20131;1
2723;1
60224;1
133770;1
102604;1
128016;1
401711;1
42179;1
51903;1
401516;1
45070;1
11807;1
4304;1
51235;1
37000;1
46541;1
15194;1
38669;1
214293;1
19930;1
15062;1
44725;1
239203;1
101953;1
36686;1
123294;1
436069;1
21563;1
28600;1
16640;1
17429;1
2463;1
2392;1
28103;1
21862;1
3868;1
100770;1
22767;1
24201;1
32425;1
18223;1
4708;1
48503;1
35860;1
131058;1
8674;1
302390;1
257;1
33117;1
422810;1
422367;1
30893;1
58896;1
43770;1
9698;1
2300;1
302280;1
30276;1
431968;1
239416;1
228105;1
436190;1
53660;1
12310;1
10565;1
101715;1
45198;1
19641;1
105318;1
103295;1
411250;1
15035;1
52023;1
26227;1
101611;1
6394;1
6245;1
407501;1
29795;1
25484;1
53138;1
214370;1
239994;1
104148;1
130232;1
435623;1
34646;1
30316;1
35374;1
417436;1
32516;1
10149;1
32995;1
6537;1
19039;1
15564;1
102492;1
37179;1
2176;1
6428;1
410890;1
20529;1
32305;1
103185;1
441293;1
53406;1
100735;1
429445;1
20273;1
433031;1
29879;1
408555;1
302324;1
36193;1
20842;1
25641;1
406765;1
23320;1
401743;1
105324;1
34456;1
7998;1
432297;1
420739;1
101294;1
56640;1
28099;1
26688;1
13724;1
22631;1
42719;1
37762;1
50132;1
442937;1
409875;1
101841;1
30424;1
6873;1
9658;1
45142;1
29994;1
419097;1
597;1
403743;1
21960;1
14296;1
21025;1
43658;1
102099;1
59736;1
54795;1
8958;1
58146;1
51979;1
408437;1
28979;1
21374;1
12182;1
44711;1
130748;1
22682;1
557;1
14534;1
57352;1
23918;1
137214;1
22190;1
19057;1
32535;1
441437;1
419075;1
59452;1
302198;1
27014;1
130719;1
138506;1
44727;1
32157;1
100645;1
405601;1
431242;1
405713;1
19732;1
31737;1
106044;1
13579;1
54311;1
29356;1
11296;1
31602;1
1376;1
405109;1
28609;1
41585;1
42361;1
18370;1
33304;1
43902;1
24654;1
14536;1
6513;1
48353;1
44810;1
441058;1
31307;1
435672;1
42053;1
413246;1
105899;1
410053;1
427596;1
58468;1
438266;1
438536;1
402068;1
52947;1
106365;1
8431;1
4300;1
20991;1
30427;1
401249;1
37650;1
34469;1
442437;1
8092;1
13044;1
28435;1
13374;1
37849;1
51630;1
104423;1
44389;1
14527;1
12179;1
35384;1
44050;1
11780;1
406012;1
413651;1
38148;1
238219;1
41279;1
17568;1
138842;1
29213;1
42594;1
103945;1
58955;1
414030;1
22443;1
6082;1
33161;1
24776;1
13076;1
57346;1
17644;1
133757;1
26600;1
27132;1
239916;1
418173;1
37908;1
133811;1
120643;1
444319;1
292248;1
38315;1
38540;1
434551;1
414954;1
411007;1
43611;1
29347;1
18974;1
3496;1
214201;1
10003;1
34622;1
44176;1
41916;1
22493;1
29537;1
121269;1
7205;1
21444;1
12990;1
3381;1
411278;1
45778;1
36817;1
102551;1
238938;1
5476;1
300238;1
1412;1
123190;1
127609;1
214094;1
6026;1
28207;1
23428;1
404921;1
103513;1
103103;1
13576;1
252081;1
43426;1
53051;1
300095;1
137219;1
105498;1
11710;1
37775;1
21684;1
41077;1
40767;1
105392;1
410084;1
37022;1
58486;1
21162;1
56282;1
27960;1
10966;1
35223;1
40635;1
400244;1
887;1
3265;1
418378;1
4775;1
8129;1
434091;1
426124;1
19631;1
18709;1
28643;1
50273;1
49351;1
292254;1
18830;1
104843;1
121018;1
41457;1
10786;1
428000;1
300201;1
52842;1
5614;1
541;1
409366;1
402047;1
31886;1
292277;1
39374;1
441710;1
292042;1
41340;1
38350;1
36407;1
24246;1
214677;1
30435;1
127329;1
665;1
410392;1
26978;1
130712;1
14883;1
120301;1
38336;1
30501;1
18358;1
32562;1
404474;1
23604;1
17466;1
25910;1
18968;1
27506;1
16321;1
424917;1
52775;1
21833;1
8024;1
25323;1
42783;1
19184;1
5666;1
102097;1
401734;1
61;1
409857;1
137173;1
21292;1
238515;1
406729;1
9324;1
3278;1
9173;1
3123;1
19205;1
30507;1
43528;1
23855;1
408217;1
48358;1
27383;1
232208;1
33514;1
42545;1
9849;1
106463;1
104381;1
238282;1
18161;1
123228;1
39300;1
104219;1
34398;1
100429;1
6604;1
436349;1
45023;1
404641;1
39155;1
9218;1
422637;1
2248;1
434206;1
41123;1
25870;1
55201;1
433060;1
27235;1
57416;1
43003;1
33416;1
14709;1
103695;1
6317;1
27213;1
26886;1
45629;1
418541;1
44263;1
22362;1
25171;1
102607;1
49929;1
6940;1
252054;1
422333;1
434741;1
17642;1
4503;1
35785;1
8069;1
44896;1
27358;1
214759;1
37541;1
25103;1
403493;1
432055;1
46389;1
45280;1
120632;1
34294;1
300266;1
3684;1
49507;1
6494;1
100756;1
302359;1
8931;1
48684;1
100768;1
22131;1
105909;1
42464;1
25953;1
19794;1
23829;1
211488;1
20391;1
105566;1
432079;1
422385;1
402139;1
29282;1
30096;1
9333;1
35811;1
238338;1
3060;1
3423;1
431002;1
751;1
1892;1
409630;1
238351;1
409309;1
40876;1
8621;1
232113;1
23733;1
103958;1
100298;1
105347;1
428898;1
400854;1
3372;1
31958;1
102439;1
5473;1
106070;1
239432;1
15279;1
5743;1
401330;1
40034;1
416948;1
2895;1
31584;1
411519;1
424994;1
17114;1
414649;1
214191;1
429786;1
39199;1
106320;1
3115;1
10974;1
50047;1
101800;1
137116;1
408886;1
400379;1
37047;1
37953;1
57257;1
138916;1
21015;1
36575;1
101554;1
25412;1
130834;1
401714;1
238766;1
31182;1
417626;1
24652;1
28083;1
434515;1
239778;1
3004;1
407513;1
104482;1
41551;1
55392;1
403115;1
669;1
1103;1
29189;1
22495;1
35723;1
59868;1
21562;1
25242;1
41205;1
31751;1
30910;1
20000;1
404481;1
11133;1
53751;1
45555;1
42334;1
238072;1
24043;1
130453;1
38774;1
2202;1
7977;1
33359;1
5717;1
28378;1
19936;1
28213;1
102826;1
211389;1
42207;1
57253;1
14406;1
43449;1
655;1
214554;1
414012;1
17936;1
406302;1
3408;1
104533;1
22231;1
24107;1
26635;1
31264;1
36714;1
45556;1
441275;1
404189;1
34074;1
59902;1
17637;1
102403;1
9046;1
106109;1
122269;1
42866;1
39528;1
40982;1
35387;1
15008;1
42574;1
30978;1
4105;1
104708;1
417249;1
19416;1
100618;1
1898;1
120628;1
239600;1
6108;1
39230;1
431574;1
214471;1
2128;1
22238;1
8651;1
102642;1
15126;1
46651;1
408432;1
16197;1
27533;1
29892;1
11036;1
32828;1
47040;1
41929;1
18615;1
302418;1
102747;1
239765;1
2038;1
33127;1
22317;1
45366;1
239137;1
9869;1
414055;1
10489;1
43562;1
22987;1
400523;1
406559;1
25657;1
234033;1
39177;1
54331;1
16532;1
57481;1
46654;1
22080;1
412974;1
101177;1
28686;1
29304;1
10637;1
20304;1
632;1
51626;1
436134;1
27920;1
21922;1
12893;1
23541;1
54423;1
37463;1
103212;1
24324;1
18378;1
15179;1
412524;1
31884;1
18659;1
412850;1
138823;1
9179;1
411431;1
6257;1
25378;1
238295;1
26131;1
102457;1
45399;1
31062;1
441289;1
41003;1
214069;1
47794;1
29212;1
405985;1
26857;1
11924;1
405475;1
53268;1
4298;1
34062;1
35480;1
402915;1
43819;1
433087;1
29114;1
47221;1
130518;1
292266;1
238792;1
44038;1
100507;1
12143;1
8113;1
46625;1
32479;1
238085;1
408210;1
131018;1
39967;1
420945;1
283125;1
433710;1
17027;1
56152;1
14949;1
38083;1
44272;1
29678;1
17787;1
131114;1
46208;1
32384;1
438035;1
427650;1
415200;1
53434;1
37042;1
104181;1
27090;1
23020;1
12650;1
49503;1
101087;1
16840;1
432264;1
50159;1
4892;1
8987;1
103607;1
8697;1
103768;1
232174;1
445144;1
32407;1
104514;1
22511;1
45709;1
31505;1
11877;1
26177;1
424754;1
40399;1
42135;1
421644;1
11820;1
302214;1
24672;1
11339;1
5951;1
23519;1
16157;1
34870;1
16783;1
4274;1
1050;1
32723;1
6928;1
6132;1
409348;1
292319;1
5658;1
24202;1
9496;1
137231;1
28758;1
122202;1
12383;1
14386;1
422230;1
214227;1
20550;1
9979;1
424792;1
44466;1
34621;1
11853;1
2388;1
103529;1
138762;1
27242;1
438293;1
55774;1
22486;1
39091;1
38420;1
32513;1
410596;1
20265;1
408305;1
46039;1
39785;1
414084;1
434284;1
41595;1
409169;1
42609;1
44734;1
7587;1
519;1
48352;1
3603;1
127371;1
12431;1
403428;1
2303;1
7788;1
56380;1
4084;1
36851;1
103083;1
11861;1
48721;1
122975;1
106424;1
418179;1
40297;1
404706;1
283180;1
36639;1
21079;1
32754;1
36128;1
417318;1
57883;1
10958;1
104766;1
57600;1
42094;1
40005;1
34459;1
22663;1
28335;1
1774;1
434893;1
23860;1
413041;1
55021;1
44113;1
105390;1
58953;1
46790;1
24432;1
7997;1
44088;1
27700;1
127302;1
35186;1
60124;1
60426;1
16109;1
422591;1
42452;1
36332;1
27327;1
8741;1
430883;1
11052;1
10694;1
53445;1
232186;1
101403;1
238471;1
403545;1
106056;1
34586;1
18481;1
105875;1
6159;1
239980;1
407507;1
15320;1
32621;1
25608;1
11778;1
25258;1
28626;1
1476;1
24565;1
38171;1
46584;1
419760;1
238639;1
101309;1
24170;1
479;1
103496;1
42095;1
292015;1
41891;1
105526;1
18794;1
101047;1
101431;1
8507;1
59136;1
36426;1
25917;1
969;1
133787;1
443896;1
1253;1
137521;1
101471;1
58400;1
302302;1
7019;1
2807;1
16687;1
38681;1
32311;1
22128;1
440194;1
410032;1
423591;1
411513;1
48125;1
300412;1
33921;1
38992;1
42708;1
105605;1
14456;1
29321;1
38401;1
18507;1
418801;1
15470;1
7282;1
52945;1
6403;1
44753;1
14133;1
413989;1
444672;1
402653;1
404100;1
232011;1
283044;1
103533;1
405429;1
26486;1
407717;1
422405;1
239230;1
10000;1
20594;1
41238;1
7912;1
239770;1
34552;1
59354;1
22593;1
33260;1
37758;1
20579;1
8648;1
16548;1
35045;1
41809;1
130644;1
214905;1
5062;1
4325;1
58624;1
402186;1
130895;1
56670;1
24870;1
432914;1
15738;1
15174;1
55155;1
23207;1
130726;1
39641;1
45601;1
20420;1
101219;1
29283;1
373;1
412533;1
30517;1
104598;1
20921;1
4733;1
100744;1
102867;1
234002;1
42822;1
232170;1
105459;1
3396;1
412083;1
418610;1
36434;1
407457;1
59157;1
21405;1
10692;1
32280;1
10753;1
101215;1
5503;1
417324;1
21693;1
33862;1
24963;1
104452;1
34138;1
408014;1
40816;1
5335;1
22814;1
18625;1
12039;1
43634;1
20049;1
6442;1
8535;1
41274;1
100851;1
106387;1
32218;1
1382;1
20150;1
20177;1
10191;1
429559;1
7879;1
22662;1
405325;1
29804;1
48320;1
26920;1
32256;1
14244;1
1592;1
102415;1
17822;1
6796;1
29348;1
33575;1
52216;1
12201;1
28436;1
44363;1
103850;1
100847;1
300479;1
13092;1
26908;1
3784;1
41113;1
102786;1
38502;1
31098;1
408390;1
65;1
138830;1
23225;1
30083;1
44089;1
46828;1
36775;1
121252;1
58131;1
26997;1
54389;1
35177;1
10669;1
46787;1
102634;1
42478;1
37088;1
56196;1
403209;1
28565;1
21094;1
13905;1
32287;1
45758;1
27834;1
238955;1
42471;1
10396;1
121246;1
100828;1
137203;1
22772;1
104860;1
45894;1
39649;1
41271;1
410099;1
9120;1
49881;1
41854;1
434585;1
50014;1
238396;1
214429;1
10104;1
421883;1
15561;1
10534;1
25773;1
38646;1
26424;1
12551;1
138584;1
50413;1
44786;1
8429;1
418526;1
239283;1
1568;1
38287;1
29489;1
100364;1
12419;1
103836;1
45480;1
24909;1
104188;1
53704;1
21518;1
19036;1
20406;1
23482;1
9519;1
24065;1
8150;1
31495;1
12507;1
127602;1
18737;1
131084;1
12643;1
214870;1
42443;1
32053;1
37569;1
45005;1
19265;1
434845;1
53404;1
36168;1
31982;1
300010;1
105627;1
52399;1
38847;1
15601;1
211370;1
130795;1
402206;1
15216;1
7466;1
123222;1
23190;1
31938;1
27364;1
29474;1
123003;1
16001;1
40645;1
15465;1
45163;1
10658;1
443920;1
440971;1
47509;1
10253;1
300268;1
17078;1
103937;1
21685;1
10340;1
19360;1
29315;1
36976;1
23353;1
39566;1
101532;1
34873;1
27752;1
28948;1
7806;1
46416;1
1683;1
409115;1
214422;1
4288;1
415898;1
10997;1
21694;1
56547;1
403984;1
137687;1
21728;1
434868;1
39446;1
5906;1
436198;1
408740;1
200012;1
34406;1
130811;1
430929;1
104273;1
29872;1
30436;1
14124;1
104445;1
423425;1
26255;1
40931;1
232150;1
22849;1
105041;1
10447;1
14313;1
102773;1
18269;1
35002;1
34785;1
104576;1
407791;1
39679;1
413971;1
17857;1
439510;1
434005;1
25036;1
43862;1
14003;1
432231;1
33506;1
32777;1
3214;1
239683;1
28618;1
104936;1
5374;1
43057;1
13291;1
7734;1
214907;1
5006;1
9589;1
1416;1
253033;1
27320;1
36152;1
102904;1
11611;1
28216;1
17537;1
54669;1
422066;1
18414;1
4142;1
137410;1
2419;1
25446;1
404497;1
422741;1
411971;1
43641;1
103971;1
36289;1
60284;1
214515;1
35574;1
102925;1
100793;1
29346;1
418515;1
40332;1
14024;1
29383;1
8328;1
104451;1
211175;1
4800;1
442629;1
401344;1
407473;1
14040;1
101655;1
29843;1
27598;1
435836;1
103839;1
43888;1
8451;1
14762;1
55913;1
426709;1
400009;1
13839;1
51698;1
18953;1
102795;1
30483;1
214443;1
28146;1
21984;1
7363;1
232014;1
405835;1
14274;1
47126;1
403050;1
11198;1
3292;1
3520;1
138755;1
33280;1
39416;1
42861;1
27886;1
239614;1
35072;1
103418;1
211419;1
44761;1
31088;1
623;1
410721;1
103680;1
559;1
20643;1
6674;1
11176;1
302378;1
2338;1
22454;1
412858;1
44476;1
40570;1
17979;1
12796;1
101684;1
6402;1
232015;1
34675;1
43859;1
274006;1
47041;1
437065;1
283079;1
51941;1
31153;1
15788;1
7415;1
105022;1
104743;1
211117;1
29019;1
27240;1
42538;1
23599;1
11402;1
302425;1
36698;1
35160;1
40960;1
120445;1
103992;1
408;1
37626;1
101125;1
39667;1
25188;1
252071;1
35892;1
12654;1
407400;1
22222;1
402027;1
134303;1
36664;1
30811;1
404699;1
431785;1
414198;1
51194;1
101423;1
31449;1
29861;1
34823;1
59679;1
37599;1
32009;1
47666;1
41433;1
9644;1
407833;1
21072;1
5077;1
401474;1
53314;1
38493;1
3424;1
104762;1
23255;1
104246;1
433397;1
15015;1
3416;1
102272;1
298043;1
24885;1
40922;1
31893;1
239608;1
41044;1
29770;1
45188;1
4387;1
6709;1
102333;1
25365;1
16919;1
23514;1
232036;1
100487;1
25920;1
38032;1
28992;1
401463;1
8926;1
106088;1
428403;1
50036;1
12589;1
413865;1
105758;1
16238;1
102563;1
436140;1
413393;1
214177;1
49470;1
102040;1
38661;1
105415;1
421674;1
167;1
17491;1
239740;1
407971;1
30976;1
292244;1
44007;1
3887;1
239677;1
1441;1
405763;1
211121;1
40078;1
2458;1
32380;1
411318;1
8539;1
131078;1
17005;1
104351;1
51845;1
18251;1
409204;1
428495;1
7263;1
105603;1
43239;1
214659;1
22146;1
23510;1
18517;1
20797;1
11106;1
408119;1
47279;1
422317;1
332;1
47745;1
27578;1
404018;1
402041;1
29484;1
104462;1
138862;1
34655;1
101936;1
14480;1
300463;1
18229;1
22811;1
7748;1
133842;1
9487;1
408430;1
32982;1
28252;1
17978;1
401898;1
9410;1
400077;1
55948;1
45058;1
17324;1
100223;1
45388;1
434523;1
32438;1
292276;1
10332;1
27486;1
40351;1
34636;1
50723;1
25967;1
8652;1
43370;1
445004;1
32632;1
238199;1
4450;1
14418;1
239206;1
9810;1
32560;1
10495;1
104179;1
29643;1
105717;1
3143;1
401475;1
40685;1
4273;1
9677;1
100087;1
32257;1
36852;1
12153;1
1407;1
25783;1
18881;1
35273;1
2158;1
57128;1
34374;1
14252;1
103920;1
211268;1
431244;1
407272;1
214739;1
14479;1
211038;1
19457;1
30174;1
16626;1
19404;1
17742;1
3323;1
238897;1
9968;1
105903;1
58053;1
428883;1
20425;1
1270;1
35237;1
26757;1
25401;1
434332;1
17087;1
138907;1
17670;1
50200;1
59840;1
11260;1
10290;1
239459;1
11753;1
434409;1
42446;1
10703;1
14689;1
27264;1
214052;1
101757;1
10730;1
123194;1
105351;1
32755;1
19636;1
18450;1
34886;1
9067;1
29023;1
13187;1
400149;1
10609;1
407404;1
53664;1
405105;1
403440;1
120646;1
52991;1
11166;1
26632;1
54577;1
415573;1
302377;1
25373;1
45041;1
1596;1
41273;1
40320;1
53674;1
31881;1
409364;1
13598;1
40353;1
44463;1
44930;1
44698;1
411314;1
377;1
13011;1
159;1
59507;1
292123;1
104313;1
130940;1
14384;1
3102;1
300231;1
32316;1
33775;1
46273;1
100214;1
127557;1
45266;1
14968;1
48287;1
5130;1
25157;1
105011;1
21299;1
53162;1
38972;1
234003;1
38921;1
412840;1
405715;1
238854;1
2517;1
6586;1
429744;1
7615;1
20587;1
443612;1
2003;1
23486;1
414318;1
9140;1
238192;1
428493;1
102460;1
32620;1
130598;1
20235;1
300237;1
401609;1
46381;1
402119;1
27536;1
9217;1
11563;1
41587;1
1482;1
2268;1
417198;1
1340;1
18227;1
101270;1
55067;1
10449;1
423578;1
16565;1
7075;1
42621;1
10832;1
121244;1
412868;1
35065;1
30465;1
24002;1
38563;1
408203;1
102231;1
41544;1
40845;1
31729;1
102443;1
439711;1
11634;1
32747;1
36680;1
19367;1
409060;1
21356;1
58837;1
29054;1
44344;1
138411;1
414255;1
45052;1
40336;1
27760;1
403988;1
16737;1
442058;1
26388;1
2416;1
35121;1
406889;1
23773;1
25575;1
103089;1
1839;1
214495;1
434531;1
3095;1
4982;1
16098;1
27839;1
402064;1
14464;1
52160;1
23531;1
408449;1
21425;1
40009;1
300127;1
409241;1
9756;1
15192;1
38626;1
424762;1
300074;1
411453;1
106468;1
15317;1
104325;1
32284;1
438495;1
408343;1
38968;1
39062;1
59280;1
30243;1
403621;1
35475;1
102627;1
27043;1
54321;1
18460;1
2185;1
300386;1
414169;1
100027;1
29873;1
14039;1
422288;1
214601;1
45524;1
15685;1
103254;1
53278;1
30232;1
23166;1
47198;1
410715;1
18956;1
211236;1
26406;1
24923;1
413867;1
52923;1
45205;1
445663;1
419740;1
58402;1
16313;1
19587;1
138858;1
34528;1
32073;1
5772;1
24031;1
6554;1
2740;1
14422;1
407288;1
51337;1
1175;1
402742;1
105527;1
33976;1
39485;1
15014;1
31183;1
6377;1
25636;1
26331;1
27316;1
24026;1
298027;1
23149;1
5452;1
55468;1
47327;1
214688;1
16686;1
22011;1
423452;1
32133;1
104216;1
24156;1
29015;1
13376;1
45377;1
137196;1
36586;1
130369;1
239591;1
130365;1
11787;1
23010;1
48265;1
200099;1
406595;1
211461;1
4048;1
300050;1
36038;1
28308;1
211327;1
105904;1
239993;1
59973;1
402366;1
16600;1
28197;1
103476;1
30577;1
14353;1
26797;1
401737;1
11896;1
15087;1
40145;1
2015;1
10035;1
443446;1
5849;1
6123;1
1007;1
403589;1
22370;1
18982;1
39036;1
11208;1
24557;1
18158;1
59456;1
30864;1
5209;1
300512;1
292111;1
30664;1
33519;1
9628;1
2183;1
48106;1
33436;1
1321;1
406664;1
56838;1
104243;1
22833;1
43116;1
30291;1
42947;1
20883;1
44191;1
19902;1
102089;1
100925;1
444952;1
102391;1
54992;1
104594;1
24207;1
122129;1
44733;1
33473;1
424090;1
38523;1
37136;1
37398;1
6429;1
407231;1
24975;1
46375;1
137715;1
134242;1
29205;1
18846;1
49960;1
16755;1
228;1
405003;1
283088;1
14339;1
408221;1
11125;1
24424;1
36847;1
22013;1
48515;1
34917;1
1708;1
6654;1
22930;1
408649;1
428271;1
300280;1
23111;1
100463;1
30057;1
10735;1
12266;1
59249;1
28109;1
7519;1
22976;1
42676;1
20423;1
430469;1
40684;1
127579;1
38880;1
3467;1
120470;1
23544;1
32137;1
39242;1
51668;1
437169;1
26615;1
4410;1
22290;1
56995;1
239680;1
4312;1
43323;1
239018;1
103284;1
15311;1
19520;1
52213;1
48485;1
45771;1
24505;1
1780;1
408405;1
14489;1
401503;1
43206;1
13698;1
2741;1
14113;1
101946;1
46502;1
130445;1
3848;1
7119;1
10041;1
47339;1
36512;1
402056;1
37332;1
44747;1
9119;1
26885;1
239643;1
30103;1
19132;1
20447;1
22441;1
56686;1
105986;1
27280;1
4377;1
26340;1
24893;1
406909;1
103732;1
442969;1
232192;1
33994;1
24320;1
28017;1
19264;1
30223;1
10068;1
52323;1
423809;1
20225;1
13902;1
52104;1
422850;1
48115;1
38368;1
35324;1
137415;1
302248;1
36771;1
16677;1
14500;1
104733;1
43318;1
102467;1
444121;1
36542;1
100339;1
425062;1
407292;1
37418;1
414075;1
3750;1
417596;1
3562;1
11174;1
211422;1
34598;1
11080;1
239718;1
103985;1
409667;1
130520;1
27396;1
33157;1
5672;1
420244;1
127546;1
32432;1
33054;1
49951;1
105434;1
426475;1
102995;1
32029;1
421293;1
32412;1
28439;1
420848;1
35814;1
15301;1
9839;1
10715;1
122063;1
15566;1
29904;1
428270;1
52493;1
12509;1
441830;1
7061;1
37656;1
27420;1
408569;1
20683;1
14387;1
421534;1
443940;1
1219;1
103463;1
102764;1
25356;1
22550;1
3634;1
49319;1
103574;1
26137;1
18622;1
402838;1
4112;1
408691;1
100338;1
42456;1
10347;1
33105;1
130459;1
101974;1
28570;1
25290;1
105984;1
56665;1
408018;1
406515;1
30457;1
50390;1
34026;1
102979;1
51041;1
410297;1
51081;1
35391;1
44108;1
22110;1
434543;1
54667;1
47688;1
39084;1
228062;1
56232;1
21207;1
31606;1
106187;1
426697;1
45813;1
214065;1
19873;1
406294;1
22588;1
36490;1
101425;1
5838;1
29813;1
7842;1
214627;1
22579;1
35795;1
17013;1
2837;1
28994;1
410616;1
428521;1
25701;1
48094;1
427311;1
56182;1
417563;1
130235;1
102951;1
56451;1
19398;1
52462;1
100666;1
39380;1
20482;1
402066;1
11682;1
23390;1
7933;1
52158;1
138488;1
423361;1
10843;1
8001;1
430893;1
439106;1
6327;1
31410;1
29972;1
41338;1
609;1
29560;1
106007;1
7017;1
6760;1
130810;1
23330;1
238573;1
51476;1
13065;1
12235;1
25898;1
404822;1
105905;1
106039;1
101371;1
214162;1
43549;1
31484;1
238650;1
8758;1
421476;1
31065;1
421602;1
29001;1
7834;1
38055;1
45310;1
419049;1
105031;1
421518;1
25486;1
60444;1
35585;1
10354;1
45585;1
437674;1
402348;1
102198;1
962;1
123001;1
1200;1
101413;1
8153;1
34023;1
104305;1
130714;1
211022;1
103241;1
16172;1
39395;1
401877;1
21776;1
9899;1
4646;1
105334;1
41316;1
15318;1
18831;1
122305;1
28259;1
137776;1
421470;1
2076;1
52512;1
403445;1
45820;1
35818;1
13732;1
105754;1
6833;1
413228;1
409899;1
19144;1
17565;1
442725;1
430639;1
52151;1
5850;1
51164;1
106006;1
1471;1
54092;1
105214;1
37254;1
10903;1
105014;1
423242;1
439414;1
105253;1
57664;1
402212;1
17066;1
401501;1
47276;1
5832;1
16149;1
416479;1
421942;1
37558;1
20251;1
19429;1
10101;1
39880;1
3317;1
37837;1
8493;1
5867;1
238457;1
130527;1
410790;1
44961;1
300429;1
4835;1
302463;1
353;1
21958;1
43188;1
438242;1
434286;1
46886;1
436948;1
35265;1
5905;1
5778;1
417310;1
38533;1
214819;1
58232;1
49181;1
19556;1
42296;1
101311;1
409762;1
26223;1
434153;1
45222;1
35040;1
39723;1
52723;1
101343;1
404064;1
15737;1
12122;1
430366;1
440017;1
102660;1
36645;1
239184;1
27233;1
28832;1
433677;1
405327;1
12520;1
35234;1
25601;1
19552;1
28667;1
33971;1
132634;1
35986;1
5234;1
20440;1
13336;1
19239;1
18262;1
30701;1
121196;1
2046;1
47969;1
128010;1
14499;1
6464;1
36378;1
100396;1
400938;1
214498;1
3722;1
47146;1
20817;1
22515;1
18834;1
421574;1
16052;1
57869;1
31556;1
12246;1
410878;1
20181;1
9911;1
405987;1
6211;1
47214;1
40348;1
36340;1
39686;1
56905;1
51895;1
120011;1
14442;1
103643;1
33498;1
20169;1
51712;1
401581;1
401699;1
7035;1
37345;1
24356;1
43282;1
1854;1
57835;1
101001;1
17766;1
37976;1
428262;1
28647;1
42284;1
54591;1
252025;1
44048;1
437983;1
402118;1
36358;1
43758;1
5168;1
19646;1
54480;1
33608;1
3307;1
236103;1
15987;1
39052;1
28933;1
36786;1
3775;1
39421;1
32309;1
437879;1
6559;1
22270;1
44907;1
41666;1
45116;1
13834;1
1258;1
17793;1
47169;1
418121;1
300220;1
11007;1
18451;1
6846;1
21702;1
22440;1
101490;1
33731;1
914;1
34955;1
15924;1
6295;1
56892;1
433097;1
17067;1
59320;1
100275;1
45371;1
44403;1
402013;1
441610;1
40203;1
42702;1
106439;1
29979;1
302221;1
18540;1
15985;1
9896;1
424752;1
121338;1
38299;1
33099;1
11828;1
7034;1
54430;1
13269;1
32456;1
444948;1
18741;1
41007;1
23113;1
102338;1
425841;1
24476;1
2643;1
8593;1
23240;1
137103;1
25831;1
14172;1
417514;1
2265;1
215004;1
36286;1
12375;1
408815;1
47226;1
238962;1
32267;1
47290;1
24404;1
21668;1
31897;1
40618;1
15639;1
42377;1
32860;1
409806;1
37197;1
16771;1
411281;1
8039;1
21542;1
9791;1
406396;1
105055;1
15028;1
22707;1
302152;1
22878;1
403664;1
5744;1
9930;1
2189;1
15167;1
426943;1
419874;1
35130;1
432037;1
104994;1
30686;1
214041;1
23981;1
122289;1
727;1
33357;1
2430;1
404326;1
41628;1
300426;1
12451;1
48082;1
404956;1
4873;1
56029;1
403324;1
421524;1
211062;1
28328;1
58774;1
121189;1
102738;1
402611;1
17884;1
211315;1
4749;1
421217;1
1315;1
60190;1
20501;1
35432;1
47076;1
52736;1
19018;1
4556;1
25310;1
27429;1
101718;1
10381;1
442736;1
34567;1
29181;1
101308;1
432895;1
121010;1
401762;1
19124;1
100575;1
27942;1
120713;1
37097;1
28053;1
17610;1
411409;1
34365;1
101482;1
522;1
1806;1
422665;1
411776;1
428810;1
19947;1
40651;1
1948;1
27946;1
412110;1
9962;1
238372;1
405171;1
133831;1
433746;1
6608;1
7728;1
57844;1
17837;1
43201;1
214546;1
130512;1
36414;1
300388;1
37252;1
422331;1
42060;1
103159;1
17031;1
33151;1
238808;1
132588;1
121321;1
444480;1
418889;1
32352;1
430818;1
214483;1
53171;1
34735;1
26844;1
13549;1
104874;1
283037;1
409859;1
31994;1
408425;1
39379;1
437828;1
60160;1
214831;1
32340;1
8642;1
130362;1
37419;1
20290;1
102652;1
58696;1
39527;1
23047;1
100581;1
31389;1
26932;1
44641;1
38928;1
32110;1
29719;1
10066;1
414925;1
52537;1
28745;1
30240;1
30381;1
46517;1
48564;1
211452;1
44912;1
23114;1
404587;1
128131;1
23210;1
39382;1
22887;1
18063;1
292182;1
37454;1
10043;1
5214;1
31571;1
401509;1
16032;1
300501;1
239790;1
10873;1
283017;1
41955;1
120623;1
8822;1
43909;1
29200;1
31256;1
3657;1
42886;1
15886;1
14441;1
35941;1
292284;1
252007;1
8903;1
39343;1
1855;1
434417;1
552;1
11182;1
31161;1
412990;1
409062;1
28819;1
1187;1
102253;1
9495;1
6493;1
403348;1
14680;1
21943;1
35214;1
53370;1
50010;1
302414;1
404334;1
39945;1
1065;1
211271;1
33017;1
22610;1
21023;1
443992;1
38724;1
7041;1
43602;1
1536;1
49604;1
43465;1
239209;1
121363;1
26859;1
4970;1
51747;1
283195;1
19151;1
32916;1
28220;1
50263;1
439845;1
21959;1
36823;1
3803;1
43489;1
28646;1
14140;1
239997;1
15506;1
35117;1
239313;1
19090;1
2240;1
41838;1
7098;1
55273;1
52555;1
102694;1
443944;1
101624;1
47832;1
13447;1
21146;1
25732;1
13981;1
137675;1
11598;1
53554;1
28273;1
28799;1
15486;1
15515;1
26803;1
433891;1
300361;1
43234;1
35839;1
127550;1
39672;1
103877;1
283161;1
1819;1
37200;1
30084;1
25433;1
33913;1
14225;1
239492;1
23122;1
25024;1
419216;1
132699;1
44297;1
9101;1
58255;1
33130;1
26834;1
426822;1
48688;1
12259;1
104448;1
100163;1
38414;1
35911;1
4211;1
130902;1
22532;1
33233;1
103532;1
26062;1
16722;1
36960;1
7899;1
104105;1
41879;1
427279;1
6025;1
18047;1
214941;1
23562;1
38907;1
428469;1
123252;1
26735;1
412543;1
24329;1
34826;1
59021;1
28462;1
123292;1
28506;1
15684;1
417644;1
30056;1
440741;1
236176;1
28762;1
33595;1
9300;1
6111;1
413027;1
21894;1
239201;1
29049;1
17504;1
41613;1
400717;1
28950;1
7725;1
57940;1
438257;1
22555;1
60430;1
32043;1
412968;1
403461;1
31857;1
2941;1
4497;1
23742;1
103699;1
35327;1
443916;1
44582;1
411619;1
16778;1
103763;1
55722;1
302335;1
31995;1
6099;1
5809;1
38655;1
45870;1
9760;1
22691;1
20543;1
5029;1
414620;1
36477;1
29567;1
127279;1
8491;1
20804;1
47338;1
9759;1
37298;1
4601;1
404277;1
28753;1
58361;1
102547;1
21272;1
3598;1
101115;1
31482;1
20065;1
17374;1
12999;1
419310;1
410755;1
1895;1
46857;1
29251;1
28225;1
137724;1
41239;1
14502;1
45315;1
45965;1
39820;1
56432;1
58967;1
413248;1
3062;1
14713;1
417227;1
6050;1
31934;1
400687;1
11878;1
38862;1
38898;1
51999;1
6149;1
36186;1
5797;1
214707;1
47539;1
19722;1
15414;1
431341;1
35498;1
302345;1
1393;1
25602;1
423592;1
34931;1
302201;1
41515;1
43048;1
223;1
53127;1
406422;1
432235;1
17070;1
36594;1
60404;1
26554;1
23451;1
54224;1
28269;1
32787;1
37448;1
6451;1
20869;1
30610;1
6008;1
51140;1
17470;1
18908;1
41505;1
36270;1
30683;1
4183;1
9388;1
103091;1
403387;1
58749;1
35601;1
4833;1
21695;1
37927;1
57368;1
406901;1
214058;1
8713;1
55349;1
137353;1
18461;1
32763;1
25919;1
2033;1
54967;1
43225;1
44645;1
50684;1
138911;1
137274;1
400210;1
12180;1
43675;1
36716;1
400747;1
428120;1
4944;1
104126;1
58518;1
18545;1
104814;1
24667;1
24321;1
47008;1
100898;1
38996;1
423533;1
18862;1
401332;1
38266;1
214431;1
121160;1
105714;1
45459;1
29171;1
101416;1
25864;1
238731;1
283065;1
20375;1
51224;1
409947;1
403260;1
46585;1
32813;1
23539;1
14466;1
6375;1
431614;1
421662;1
5377;1
26113;1
31816;1
104811;1
431976;1
52039;1
418711;1
413300;1
54413;1
238646;1
37231;1
132448;1
41060;1
14636;1
405765;1
31051;1
402148;1
30027;1
28772;1
404877;1
113;1
11728;1
14108;1
104364;1
52487;1
45989;1
2172;1
414375;1
26766;1
101751;1
24539;1
18356;1
104584;1
236185;1
34234;1
3837;1
411133;1
121229;1
37669;1
412976;1
101895;1
427292;1
43310;1
23565;1
232123;1
45703;1
409711;1
14824;1
305;1
104849;1
18172;1
15269;1
15346;1
424415;1
14517;1
425465;1
44192;1
5237;1
27961;1
26266;1
29061;1
9912;1
26729;1
420758;1
104583;1
444364;1
823;1
25379;1
32643;1
20812;1
43898;1
39947;1
13823;1
25165;1
406062;1
246;1
429267;1
29996;1
105919;1
30163;1
47187;1
9569;1
405796;1
402485;1
104698;1
239336;1
42887;1
29697;1
52518;1
120614;1
40026;1
39895;1
6090;1
47332;1
104309;1
9050;1
102781;1
408427;1
5986;1
49840;1
130990;1
106141;1
19235;1
30009;1
106128;1
19778;1
25866;1
34844;1
55127;1
35124;1
38183;1
104643;1
35484;1
430402;1
421825;1
55587;1
5194;1
421299;1
103606;1
419204;1
44512;1
382;1
33038;1
443063;1
419077;1
1349;1
403121;1
105164;1
32764;1
44091;1
432823;1
18169;1
411539;1
42554;1
39396;1
418935;1
402198;1
14582;1
32293;1
6998;1
104099;1
239168;1
21140;1
16844;1
103060;1
36923;1
4150;1
417292;1
47860;1
439969;1
401245;1
56751;1
292288;1
38930;1
33113;1
60222;1
404276;1
60354;1
19678;1
32853;1
58452;1
46231;1
5305;1
24806;1
441722;1
239921;1
11649;1
36876;1
413621;1
48312;1
441323;1
10824;1
42343;1
44527;1
24998;1
37559;1
401894;1
422062;1
22764;1
25531;1
9841;1
26168;1
400887;1
239660;1
34623;1
127614;1
105118;1
209;1
41890;1
8402;1
15054;1
12786;1
137666;1
302086;1
239193;1
400831;1
238522;1
10506;1
7192;1
133692;1
401465;1
128015;1
421860;1
10849;1
3957;1
404038;1
25100;1
13354;1
33784;1
26952;1
424388;1
22041;1
137252;1
405503;1
34923;1
100680;1
41521;1
407488;1
25021;1
104871;1
30361;1
15998;1
428475;1
101255;1
19473;1
24245;1
36655;1
23204;1
214037;1
17459;1
38169;1
100829;1
30888;1
13300;1
38998;1
3960;1
434356;1
55692;1
405689;1
58043;1
33630;1
423680;1
46373;1
23976;1
41087;1
14255;1
130704;1
41163;1
20098;1
23771;1
400683;1
424088;1
2494;1
45908;1
36267;1
5517;1
52629;1
214298;1
419854;1
33892;1
100402;1
5736;1
35294;1
23649;1
12696;1
238408;1
30732;1
22684;1
441974;1
428210;1
2894;1
39588;1
437391;1
105374;1
38717;1
39259;1
427045;1
409833;1
417508;1
430681;1
404958;1
13512;1
28648;1
419196;1
60031;1
20749;1
13963;1
35426;1
54351;1
19423;1
401901;1
5708;1
54124;1
6613;1
18960;1
434825;1
20303;1
30209;1
54075;1
132455;1
29676;1
106136;1
2243;1
18260;1
3130;1
8173;1
431029;1
401300;1
11981;1
292209;1
10712;1
400405;1
7245;1
401241;1
43439;1
19443;1
16801;1
101291;1
33408;1
39393;1
21347;1
409778;1
28025;1
28486;1
17701;1
105420;1
101369;1
10523;1
102576;1
416261;1
26979;1
14234;1
105216;1
122972;1
105908;1
400017;1
8809;1
25180;1
239712;1
406171;1
127560;1
12291;1
413501;1
414043;1
31438;1
32300;1
21421;1
35174;1
37420;1
54854;1
15881;1
14193;1
138412;1
214284;1
53535;1
31301;1
102645;1
15260;1
429515;1
41609;1
239288;1
30603;1
22687;1
302474;1
105343;1
43195;1
26765;1
54220;1
58650;1
100253;1
23316;1
48120;1
30553;1
11738;1
238090;1
427381;1
18344;1
740;1
35318;1
38389;1
419802;1
19576;1
22129;1
230;1
29900;1
39150;1
39637;1
11699;1
4618;1
105679;1
25529;1
10817;1
131049;1
40568;1
1927;1
434159;1
32494;1
300263;1
236001;1
45210;1
239346;1
103805;1
26910;1
402913;1
24908;1
23246;1
9276;1
6246;1
44678;1
106321;1
26915;1
29562;1
44231;1
100109;1
7656;1
410778;1
104222;1
49479;1
713;1
36706;1
7367;1
102870;1
9987;1
15937;1
19594;1
16388;1
16680;1
17603;1
21177;1
100971;1
105465;1
17737;1
133696;1
102560;1
59402;1
38783;1
25246;1
18608;1
35411;1
30499;1
11662;1
437942;1
52369;1
30260;1
33835;1
410586;1
29450;1
42624;1
32434;1
101862;1
4766;1
33766;1
428839;1
43775;1
3852;1
104810;1
39684;1
14546;1
19842;1
120664;1
14565;1
57005;1
427798;1
105301;1
440039;1
10598;1
211100;1
36964;1
3676;1
31807;1
101061;1
214533;1
37529;1
642;1
12416;1
41226;1
36958;1
12634;1
54710;1
406105;1
6148;1
19718;1
7294;1
41216;1
45696;1
232135;1
19375;1
44898;1
37242;1
121198;1
239200;1
302108;1
20892;1
8867;1
101725;1
45897;1
14053;1
431755;1
214369;1
442413;1
121312;1
105618;1
8971;1
105204;1
33968;1
59945;1
23689;1
23818;1
406269;1
55754;1
21040;1
12407;1
137683;1
21856;1
132734;1
236033;1
123180;1
42904;1
8537;1
238805;1
2943;1
103617;1
43291;1
31435;1
238799;1
52464;1
34988;1
57534;1
38872;1
11696;1
42293;1
31988;1
53859;1
10027;1
44900;1
7730;1
58819;1
13066;1
43555;1
39445;1
102835;1
9213;1
441734;1
434559;1
236023;1
17570;1
413019;1
214099;1
131082;1
5176;1
443836;1
4514;1
421933;1
20334;1
105774;1
407052;1
32545;1
414462;1
35560;1
130613;1
7389;1
102367;1
6487;1
400281;1
16080;1
51628;1
123465;1
46689;1
32272;1
54066;1
239723;1
42042;1
48219;1
101812;1
20824;1
429181;1
127293;1
2124;1
433241;1
100728;1
405321;1
51486;1
33345;1
26335;1
57956;1
13948;1
50864;1
295039;1
27092;1
410407;1
137312;1
105397;1
103737;1
269;1
411272;1
47230;1
45616;1
121155;1
239268;1
45080;1
3507;1
134249;1
43995;1
8280;1
36187;1
17721;1
55150;1
38494;1
104304;1
1444;1
48425;1
5096;1
7759;1
127725;1
302069;1
102960;1
131111;1
19754;1
57514;1
38895;1
18591;1
40357;1
14378;1
214877;1
18682;1
48450;1
137534;1
15068;1
41659;1
40367;1
120617;1
24571;1
101361;1
32301;1
46355;1
44082;1
39338;1
20372;1
106145;1
409954;1
406733;1
1028;1
52581;1
56871;1
435576;1
41932;1
3457;1
424740;1
56317;1
104018;1
38450;1
35813;1
1039;1
44929;1
3473;1
25084;1
432742;1
54936;1
102952;1
214290;1
11884;1
12557;1
1432;1
105162;1
35020;1
40301;1
9879;1
103724;1
441387;1
414279;1
6696;1
36387;1
31736;1
440317;1
39104;1
238740;1
29973;1
10736;1
37920;1
22526;1
45325;1
414908;1
26035;1
24365;1
19654;1
440771;1
20318;1
200067;1
414092;1
46014;1
54949;1
55009;1
29628;1
103916;1
104374;1
21663;1
7606;1
300317;1
409354;1
17794;1
15991;1
34221;1
931;1
53374;1
55017;1
138822;1
56246;1
130848;1
229;1
3668;1
47293;1
22813;1
4016;1
103955;1
20638;1
35044;1
105487;1
37278;1
5528;1
42077;1
16832;1
300094;1
100813;1
238547;1
13029;1
25655;1
23840;1
406705;1
214879;1
34268;1
418721;1
133955;1
292280;1
430515;1
131186;1
18314;1
132459;1
403549;1
401844;1
30282;1
401302;1
44625;1
38263;1
3100;1
406388;1
44283;1
22703;1
36762;1
414028;1
300370;1
6450;1
419051;1
411256;1
44814;1
36637;1
1481;1
105329;1
431980;1
35244;1
47365;1
29071;1
36668;1
102948;1
43828;1
21416;1
101240;1
239396;1
211344;1
24256;1
10031;1
34284;1
32249;1
15022;1
127341;1
445729;1
13456;1
26929;1
9993;1
19663;1
37244;1
18983;1
36912;1
407827;1
7716;1
19854;1
16982;1
4281;1
433070;1
47150;1
39358;1
445759;1
32405;1
39472;1
406624;1
9591;1
42928;1
1060;1
32282;1
27947;1
409393;1
41169;1
413993;1
101882;1
105760;1
5107;1
2868;1
26992;1
37893;1
39596;1
10382;1
2886;1
35897;1
41727;1
105845;1
38069;1
36232;1
57146;1
424106;1
31623;1
41;1
412852;1
10102;1
39547;1
18780;1
19314;1
51474;1
9948;1
20801;1
40121;1
47453;1
423568;1
130824;1
106107;1
102700;1
5694;1
7483;1
27497;1
20474;1
27793;1
40022;1
410731;1
49557;1
40708;1
59138;1
52175;1
434370;1
17668;1
5200;1
39805;1
121243;1
41749;1
17148;1
31005;1
3581;1
53938;1
5427;1
274007;1
24333;1
53203;1
34300;1
14345;1
130650;1
432059;1
11382;1
12411;1
7908;1
5165;1
52313;1
49948;1
295015;1
412916;1
25428;1
43745;1
15292;1
20690;1
13451;1
4257;1
104408;1
419011;1
432023;1
42022;1
30382;1
48056;1
137301;1
949;1
400328;1
51248;1
5949;1
40070;1
4267;1
57712;1
302349;1
423830;1
4928;1
57636;1
3440;1
37807;1
24718;1
104432;1
52764;1
232120;1
100776;1
34732;1
43454;1
38113;1
8311;1
6072;1
252087;1
238803;1
15846;1
24465;1
411379;1
32672;1
400703;1
407797;1
21845;1
7008;1
5701;1
41555;1
42200;1
12965;1
1367;1
22429;1
34370;1
402326;1
401525;1
5425;1
410936;1
38224;1
101712;1
19741;1
19268;1
31299;1
56612;1
29163;1
46455;1
40371;1
34630;1
58927;1
55351;1
46333;1
406636;1
59041;1
26481;1
25997;1
2210;1
33639;1
9102;1
34466;1
8963;1
4240;1
36746;1
53584;1
36950;1
31604;1
404464;1
35658;1
101515;1
103915;1
13000;1
46411;1
17901;1
32020;1
14984;1
19827;1
130608;1
22678;1
46244;1
3219;1
35164;1
17080;1
411220;1
1714;1
58425;1
409064;1
39014;1
33264;1
16941;1
239658;1
48675;1
8778;1
16857;1
121003;1
101749;1
127610;1
46614;1
30012;1
28977;1
403577;1
405782;1
27845;1
200024;1
404436;1
414100;1
120063;1
411408;1
57942;1
127502;1
30224;1
25094;1
53825;1
45327;1
33586;1
101204;1
23442;1
14251;1
413977;1
32942;1
418945;1
37940;1
53331;1
100123;1
43192;1
102295;1
39469;1
120077;1
6007;1
13523;1
50212;1
55818;1
437867;1
421435;1
28981;1
433887;1
28221;1
16716;1
430871;1
60453;1
10716;1
44835;1
42644;1
38170;1
27801;1
38756;1
38044;1
103333;1
17735;1
24120;1
37223;1
51815;1
236018;1
422919;1
2113;1
422745;1
59332;1
2944;1
101295;1
31989;1
102622;1
16297;1
106435;1
431960;1
20882;1
12491;1
424710;1
42387;1
26089;1
429740;1
40958;1
105219;1
55086;1
441311;1
38207;1
41931;1
13728;1
10372;1
44871;1
29670;1
8478;1
419856;1
120079;1
42310;1
101495;1
8573;1
438762;1
17076;1
16879;1
41800;1
39853;1
20641;1
400681;1
16192;1
102562;1
214541;1
103359;1
120002;1
45113;1
416070;1
57922;1
405087;1
102251;1
2316;1
16672;1
425955;1
239169;1
28075;1
21236;1
42693;1
55012;1
16112;1
6140;1
46869;1
102534;1
55042;1
51395;1
49242;1
60142;1
409209;1
57538;1
13706;1
15939;1
29449;1
42214;1
49610;1
49250;1
402800;1
23679;1
411096;1
432019;1
24197;1
28929;1
127353;1
24610;1
19841;1
33760;1
21204;1
54502;1
409657;1
46639;1
406287;1
411843;1
211006;1
102277;1
19802;1
414042;1
31959;1
410757;1
59003;1
137529;1
2213;1
30161;1
16026;1
100373;1
41140;1
101939;1
214594;1
434244;1
127363;1
440043;1
403397;1
35559;1
16936;1
20356;1
239814;1
1223;1
408116;1
20099;1
34063;1
103456;1
35518;1
422862;1
400577;1
425953;1
130461;1
18841;1
2207;1
405207;1
14980;1
103939;1
17808;1
211;1
5455;1
214935;1
105727;1
102552;1
100865;1
411313;1
23507;1
427851;1
15549;1
13268;1
408819;1
38034;1
40721;1
33805;1
101965;1
28868;1
46522;1
10514;1
25063;1
42738;1
4674;1
401870;1
33544;1
30690;1
33063;1
9534;1
59388;1
19309;1
13719;1
46264;1
41581;1
101427;1
26392;1
105544;1
5679;1
7958;1
442657;1
441309;1
30156;1
101947;1
21953;1
34047;1
24227;1
4348;1
16147;1
8007;1
55677;1
45707;1
56270;1
401233;1
105315;1
7548;1
40525;1
44579;1
43831;1
200078;1
436246;1
239259;1
403380;1
46128;1
102740;1
6066;1
101673;1
16809;1
13271;1
429439;1
283043;1
105198;1
41219;1
40097;1
36265;1
46491;1
32099;1
22452;1
13666;1
4974;1
26157;1
52122;1
443053;1
1289;1
35698;1
60402;1
441354;1
56072;1
30990;1
214453;1
9739;1
40361;1
27926;1
35777;1
101613;1
417472;1
36767;1
12770;1
302311;1
14322;1
100634;1
103305;1
302070;1
1614;1
19651;1
104040;1
23158;1
35638;1
412100;1
105567;1
408728;1
39691;1
58369;1
403719;1
239302;1
57648;1
11318;1
220;1
401707;1
100156;1
44448;1
23292;1
26673;1
36010;1
12764;1
413817;1
16938;1
37952;1
102517;1
26257;1
13596;1
5665;1
403779;1
12400;1
35372;1
20767;1
132716;1
418989;1
128021;1
411754;1
34574;1
438632;1
152;1
39781;1
17560;1
105706;1
130892;1
2581;1
32260;1
445649;1
33916;1
402058;1
46653;1
57058;1
104001;1
37313;1
103136;1
300108;1
102708;1
6561;1
17003;1
14505;1
36006;1
1929;1
14159;1
1548;1
25467;1
13813;1
33886;1
52913;1
104714;1
14444;1
10193;1
20063;1
7857;1
28665;1
31475;1
22137;1
14417;1
441337;1
47071;1
32175;1
105359;1
42505;1
14284;1
4870;1
33643;1
8606;1
1009;1
13600;1
607;1
252008;1
8839;1
12713;1
5039;1
436991;1
34681;1
10240;1
1619;1
34478;1
6523;1
302496;1
19532;1
53979;1
37583;1
26052;1
14599;1
29826;1
23247;1
427269;1
414283;1
400876;1
7882;1
100973;1
102585;1
29403;1
137661;1
57839;1
292287;1
17439;1
53762;1
101678;1
26839;1
18198;1
42966;1
32732;1
405925;1
58876;1
424915;1
2232;1
423661;1
45521;1
11480;1
103085;1
437873;1
49224;1
410286;1
37392;1
103264;1
41735;1
4922;1
40565;1
8284;1
300070;1
200006;1
236156;1
40524;1
47875;1
106402;1
443373;1
2370;1
55891;1
432109;1
27038;1
403087;1
300422;1
35711;1
6130;1
12021;1
51721;1
128013;1
414384;1
54377;1
52700;1
138382;1
20941;1
59999;1
54347;1
17677;1
101284;1
54013;1
43407;1
5760;1
131001;1
7769;1
18749;1
17069;1
232024;1
409811;1
414259;1
4494;1
3715;1
10897;1
437161;1
39855;1
102156;1
22258;1
16948;1
37791;1
32767;1
21800;1
13792;1
26591;1
10421;1
123071;1
302050;1
29890;1
58586;1
15658;1
37171;1
13999;1
49741;1
130381;1
10823;1
436464;1
49133;1
46033;1
411068;1
406693;1
411558;1
300428;1
11583;1
11557;1
45302;1
44815;1
45416;1
102204;1
47761;1
30342;1
3011;1
11432;1
411556;1
100024;1
7807;1
19953;1
404235;1
26436;1
103490;1
59340;1
15949;1
16198;1
5704;1
23879;1
35877;1
133846;1
9227;1
3680;1
432704;1
102336;1
54291;1
46374;1
4455;1
6411;1
52378;1
439837;1
48222;1
214525;1
46560;1
47563;1
41518;1
45024;1
1179;1
133767;1
300309;1
23474;1
106010;1
8446;1
19397;1
32854;1
1810;1
26586;1
24645;1
130427;1
34625;1
104980;1
22590;1
2979;1
6653;1
30832;1
22334;1
7354;1
41511;1
104229;1
58117;1
47401;1
424411;1
132587;1
1567;1
47412;1
4675;1
8709;1
46607;1
103304;1
27978;1
21983;1
402388;1
239886;1
239517;1
3051;1
6541;1
50522;1
27036;1
6189;1
30447;1
21555;1
21143;1
33311;1
104911;1
30675;1
27881;1
18118;1
7658;1
2506;1
39659;1
34434;1
32661;1
51849;1
43350;1
39094;1
12615;1
48;1
238038;1
13143;1
4907;1
239344;1
55107;1
3340;1
8985;1
405439;1
22339;1
16078;1
11678;1
32639;1
23298;1
120003;1
50826;1
133761;1
3959;1
32212;1
137544;1
2731;1
103781;1
439051;1
100718;1
3028;1
29276;1
5181;1
426881;1
14836;1
8610;1
6525;1
404126;1
121021;1
44207;1
410144;1
13817;1
101786;1
17190;1
214535;1
30890;1
57011;1
36315;1
44426;1
408504;1
1345;1
104067;1
300314;1
407465;1
411275;1
15341;1
49859;1
27505;1
27379;1
238098;1
6840;1
2673;1
36772;1
6165;1
102216;1
25559;1
402577;1
36060;1
32622;1
34695;1
430770;1
283154;1
100993;1
105997;1
407330;1
283066;1
33955;1
58482;1
429467;1
30991;1
1949;1
44482;1
32981;1
239555;1
39794;1
106671;1
39594;1
2786;1
238664;1
47926;1
49494;1
408403;1
236030;1
7220;1
26276;1
30433;1
401605;1
45511;1
37688;1
130771;1
427853;1
120712;1
52601;1
101877;1
101342;1
4856;1
20849;1
58320;1
404559;1
106423;1
46515;1
421874;1
22192;1
102888;1
45489;1
415274;1
13945;1
401393;1
4753;1
56899;1
48414;1
423557;1
48411;1
396;1
32320;1
15543;1
41782;1
24040;1
20498;1
27398;1
16213;1
104604;1
131099;1
434874;1
43832;1
421594;1
11937;1
431615;1
58554;1
54411;1
47178;1
26500;1
122316;1
238796;1
38935;1
40051;1
32303;1
214433;1
20025;1
5997;1
42364;1
23963;1
410310;1
101324;1
302366;1
59087;1
10798;1
24733;1
8532;1
7649;1
130738;1
44492;1
435046;1
401985;1
47733;1
407219;1
292245;1
104947;1
10630;1
42005;1
25971;1
274018;1
6160;1
408624;1
54959;1
35172;1
14286;1
406907;1
45812;1
239967;1
101996;1
28440;1
42298;1
105768;1
40923;1
34081;1
403189;1
441090;1
104020;1
104900;1
225;1
45784;1
49894;1
414310;1
104117;1
421289;1
38256;1
23418;1
174;1
238509;1
15857;1
105541;1
431440;1
7195;1
46771;1
37178;1
34906;1
41402;1
122993;1
100366;1
19455;1
238274;1
43502;1
35091;1
20401;1
54655;1
238116;1
31832;1
239613;1
121317;1
915;1
55241;1
433287;1
26845;1
16638;1
439805;1
104422;1
43614;1
6137;1
43404;1
25075;1
18599;1
52347;1
100133;1
406222;1
57278;1
427935;1
36779;1
283019;1
214985;1
27478;1
16216;1
2364;1
36003;1
40938;1
23286;1
38704;1
18377;1
35582;1
47389;1
211360;1
105192;1
39847;1
33688;1
36928;1
47595;1
40770;1
422822;1
30189;1
57617;1
24298;1
8861;1
26408;1
54043;1
912;1
103818;1
24743;1
49338;1
441780;1
401258;1
19561;1
432649;1
44236;1
15423;1
30307;1
36863;1
122060;1
45763;1
6172;1
9107;1
19670;1
127607;1
122242;1
45729;1
200042;1
57818;1
42474;1
401918;1
16926;1
8646;1
137244;1
54025;1
641;1
8784;1
55091;1
47404;1
11235;1
502;1
34872;1
427126;1
102871;1
40000;1
200081;1
404422;1
45469;1
27493;1
22806;1
20043;1
402991;1
51055;1
122333;1
31566;1
5602;1
3577;1
3707;1
33439;1
402836;1
404905;1
211091;1
44197;1
418201;1
5943;1
19578;1
54136;1
18574;1
105832;1
238903;1
32265;1
47913;1
214268;1
409350;1
22851;1
105551;1
137362;1
6300;1
1201;1
36578;1
47847;1
103974;1
103255;1
238914;1
17464;1
428952;1
411975;1
106050;1
410045;1
219;1
49451;1
238864;1
403430;1
239123;1
31673;1
441285;1
401385;1
53849;1
440148;1
17947;1
429704;1
423651;1
52290;1
33752;1
122296;1
40666;1
5327;1
11100;1
214097;1
36051;1
18032;1
429379;1
9699;1
130837;1
32584;1
29801;1
42925;1
28351;1
127511;1
7588;1
121298;1
50199;1
238060;1
7114;1
13960;1
12285;1
404483;1
44738;1
2856;1
53408;1
2101;1
3804;1
37965;1
30674;1
43738;1
34305;1
35576;1
54729;1
10185;1
43820;1
8966;1
24407;1
402792;1
239760;1
4166;1
25899;1
12448;1
403101;1
27545;1
21606;1
400786;1
441788;1
1506;1
60037;1
13404;1
283025;1
45362;1
416016;1
712;1
57557;1
3564;1
408190;1
409265;1
4108;1
22018;1
16378;1
32762;1
8255;1
200084;1
41162;1
33392;1
37697;1
26254;1
214416;1
34869;1
100127;1
238542;1
5766;1
41719;1
16217;1
11003;1
434778;1
302430;1
29488;1
13689;1
32561;1
35866;1
48213;1
26580;1
41350;1
60047;1
10242;1
11365;1
49325;1
401694;1
25704;1
12445;1
214141;1
27999;1
48215;1
438813;1
43530;1
441588;1
34049;1
100251;1
440315;1
29407;1
39509;1
428491;1
100534;1
7631;1
622;1
34076;1
44281;1
38475;1
47765;1
239317;1
1926;1
27216;1
6320;1
45405;1
51144;1
102082;1
5868;1
444456;1
408162;1
427505;1
53158;1
46481;1
55262;1
23201;1
25201;1
325;1
22444;1
46724;1
45158;1
17061;1
334;1
130914;1
31593;1
437096;1
32820;1
46399;1
53291;1
8348;1
413897;1
31612;1
9351;1
42939;1
409422;1
407000;1
239915;1
1777;1
1842;1
409431;1
33458;1
406871;1
12115;1
27676;1
40600;1
37023;1
28097;1
101488;1
3874;1
300359;1
25746;1
40461;1
14775;1
43897;1
440325;1
48118;1
14983;1
128117;1
405195;1
102267;1
46406;1
53233;1
55324;1
30017;1
103464;1
19209;1
8433;1
105900;1
34839;1
37854;1
32258;1
38237;1
10949;1
33249;1
1734;1
5131;1
35846;1
413049;1
14218;1
405385;1
17016;1
37866;1
102742;1
283080;1
406159;1
38513;1
380;1
44100;1
30369;1
9597;1
29349;1
101023;1
21678;1
30344;1
103360;1
6305;1
9537;1
15911;1
413887;1
410954;1
436130;1
24453;1
44040;1
5534;1
104141;1
104135;1
104903;1
11253;1
24308;1
101498;1
21104;1
238477;1
445136;1
3829;1
35233;1
34952;1
214617;1
403414;1
27378;1
21551;1
55559;1
10836;1
27600;1
5072;1
102873;1
32373;1
38951;1
59211;1
101590;1
101322;1
40178;1
35319;1
400021;1
101186;1
26326;1
411292;1
11489;1
18465;1
20548;1
120706;1
252094;1
419065;1
105035;1
45002;1
33925;1
44936;1
420012;1
138295;1
50824;1
132582;1
32695;1
414624;1
40843;1
3255;1
2381;1
18735;1
4122;1
38904;1
130733;1
36688;1
44018;1
48373;1
43305;1
101774;1
8789;1
211324;1
101566;1
2030;1
102912;1
100206;1
11122;1
20189;1
45715;1
38834;1
18052;1
410024;1
102289;1
426828;1
33162;1
24058;1
18958;1
292221;1
407580;1
232218;1
39674;1
14782;1
50235;1
31018;1
57737;1
31128;1
44149;1
238385;1
417561;1
19276;1
54599;1
102896;1
47275;1
32383;1
4609;1
2154;1
17529;1
11028;1
30678;1
17090;1
1402;1
100335;1
54246;1
14295;1
40626;1
404002;1
17193;1
409591;1
46705;1
408574;1
414912;1
31919;1
42748;1
25232;1
8783;1
5742;1
49615;1
400362;1
30411;1
418461;1
238162;1
402635;1
44933;1
405716;1
425135;1
11985;1
120638;1
214903;1
60314;1
13153;1
24313;1
13556;1
19333;1
14687;1
34347;1
37380;1
12758;1
27784;1
38182;1
9250;1
400874;1
51391;1
130371;1
427584;1
100833;1
28177;1
18163;1
419756;1
29353;1
12440;1
50518;1
2289;1
43524;1
6260;1
15955;1
102939;1
412168;1
54886;1
401753;1
30522;1
24995;1
24022;1
14141;1
7871;1
2834;1
33305;1
274001;1
410451;1
46175;1
5098;1
405930;1
33918;1
410076;1
39342;1
26980;1
200022;1
420014;1
10588;1
16933;1
133949;1
211388;1
15951;1
13212;1
45062;1
1068;1
26694;1
103110;1
21580;1
420533;1
26750;1
13023;1
41920;1
7016;1
24955;1
100751;1
5048;1
410272;1
106160;1
516;1
13226;1
422091;1
15284;1
100222;1
440156;1
38647;1
416344;1
7268;1
13062;1
37519;1
57714;1
28551;1
25415;1
5110;1
425710;1
105728;1
104712;1
100385;1
121344;1
16908;1
8956;1
238825;1
39327;1
419332;1
29855;1
24728;1
302233;1
17229;1
409863;1
27029;1
5500;1
412411;1
429443;1
19369;1
21049;1
438870;1
29319;1
44693;1
100926;1
40577;1
132571;1
416243;1
3283;1
8860;1
25706;1
33922;1
47225;1
31471;1
37148;1
439226;1
14808;1
137520;1
43715;1
1125;1
31962;1
138501;1
54833;1
438833;1
105273;1
5134;1
405588;1
31347;1
23812;1
214274;1
43904;1
11427;1
427804;1
22893;1
13438;1
302101;1
45741;1
16105;1
130479;1
8938;1
428812;1
20155;1
30535;1
103417;1
401615;1
47775;1
13969;1
25006;1
35269;1
432699;1
20359;1
214933;1
30946;1
60199;1
102472;1
30461;1
434039;1
214820;1
11637;1
420730;1
30001;1
423807;1
7054;1
436144;1
214700;1
236153;1
417204;1
122127;1
39368;1
48417;1
4407;1
138577;1
138726;1
404549;1
11715;1
31079;1
55473;1
417684;1
14017;1
420605;1
39595;1
19145;1
54653;1
22970;1
41828;1
408575;1
54905;1
26692;1
33545;1
104113;1
238632;1
25248;1
10232;1
137117;1
28744;1
132714;1
33530;1
45546;1
2764;1
17661;1
292051;1
43366;1
34042;1
13660;1
407629;1
214868;1
20863;1
35849;1
45825;1
300078;1
35428;1
411628;1
10682;1
418507;1
2825;1
19387;1
32909;1
54468;1
437234;1
20656;1
36182;1
132635;1
33455;1
34164;1
24263;1
8246;1
236101;1
27447;1
8444;1
2275;1
232066;1
137270;1
38900;1
59832;1
33358;1
25954;1
103811;1
422980;1
418757;1
222;1
2599;1
6013;1
432974;1
48519;1
44094;1
409973;1
406050;1
59440;1
420807;1
428519;1
42277;1
2555;1
48736;1
10657;1
31997;1
37992;1
43059;1
49298;1
30505;1
23864;1
300007;1
100416;1
283014;1
102648;1
33679;1
14298;1
15659;1
13266;1
26269;1
292048;1
26111;1
417612;1
3827;1
25878;1
32971;1
24312;1
16692;1
19214;1
23097;1
53899;1
29261;1
137710;1
18019;1
20272;1
41235;1
40170;1
27139;1
23525;1
10807;1
44955;1
100649;1
103494;1
12387;1
104988;1
405054;1
400579;1
10441;1
407350;1
13084;1
1646;1
5974;1
21004;1
423791;1
400389;1
35416;1
15525;1
22221;1
105029;1
36571;1
412419;1
443786;1
35894;1
40008;1
54754;1
101164;1
26308;1
38117;1
14771;1
30945;1
412263;1
32350;1
214258;1
409224;1
42940;1
15688;1
214714;1
24513;1
11518;1
418420;1
11025;1
59677;1
23110;1
52467;1
238954;1
6943;1
27769;1
50775;1
105911;1
9463;1
6820;1
29158;1
134215;1
407340;1
45611;1
21414;1
418416;1
120676;1
41964;1
37946;1
239865;1
103206;1
15822;1
9632;1
440805;1
120047;1
45047;1
51729;1
15288;1
238644;1
7207;1
45491;1
405774;1
59334;1
53869;1
418467;1
12474;1
38173;1
36691;1
20008;1
104204;1
406351;1
15017;1
20629;1
37865;1
24614;1
12997;1
433033;1
18193;1
28805;1
18038;1
440723;1
404410;1
32951;1
101639;1
12467;1
411406;1
4768;1
102442;1
22564;1
29960;1
214068;1
42231;1
104157;1
33268;1
239146;1
435;1
19800;1
4313;1
102766;1
418913;1
409219;1
43822;1
432198;1
439801;1
414306;1
239840;1
55025;1
438118;1
19445;1
35509;1
437375;1
28185;1
13150;1
15066;1
17545;1
7780;1
401025;1
24046;1
9235;1
101114;1
402079;1
20809;1
15003;1
104508;1
870;1
15023;1
39491;1
45286;1
38678;1
37522;1
46306;1
17257;1
20208;1
101280;1
400411;1
425833;1
422585;1
46578;1
442266;1
50490;1
402938;1
28620;1
33137;1
407721;1
31257;1
29247;1
54178;1
214489;1
35851;1
104798;1
2536;1
137448;1
101720;1
36019;1
34267;1
403996;1
214921;1
121220;1
6966;1
9075;1
214778;1
211302;1
14097;1
55995;1
26226;1
103211;1
5686;1
26278;1
19632;1
47792;1
22607;1
130234;1
46734;1
6248;1
214893;1
401593;1
18399;1
13384;1
100780;1
128005;1
28737;1
438960;1
4454;1
11448;1
101999;1
300345;1
17789;1
4098;1
38328;1
7127;1
33923;1
34314;1
31517;1
52073;1
829;1
122072;1
16019;1
214922;1
33195;1
25523;1
47598;1
30754;1
20661;1
102606;1
239033;1
21050;1
15038;1
39286;1
4212;1
59184;1
50585;1
27587;1
34453;1
29622;1
141912;1
420458;1
7450;1
236040;1
56659;1
17167;1
418440;1
21093;1
14966;1
15495;1
105348;1
22520;1
42161;1
238043;1
45029;1
14888;1
26872;1
32242;1
21438;1
10631;1
239450;1
103348;1
438919;1
58973;1
27558;1
412752;1
59178;1
42637;1
32493;1
105511;1
987;1
412097;1
36395;1
22964;1
8102;1
41509;1
20373;1
22381;1
31393;1
23405;1
101949;1
407223;1
423146;1
40185;1
4083;1
3899;1
414408;1
2479;1
38370;1
7839;1
131097;1
708;1
42713;1
44237;1
55060;1
45516;1
42073;1
14895;1
27067;1
13876;1
930;1
55836;1
429890;1
130833;1
1414;1
10568;1
2835;1
429297;1
104151;1
40792;1
52337;1
17172;1
20575;1
106673;1
49028;1
10493;1
35157;1
23622;1
238979;1
128122;1
27751;1
34896;1
31251;1
8294;1
100604;1
39579;1
16174;1
102662;1
32193;1
427367;1
406224;1
102674;1
211180;1
105558;1
127749;1
439689;1
401974;1
27163;1
58508;1
33028;1
437159;1
220001;1
401521;1
238558;1
20759;1
23421;1
130779;1
480;1
860;1
214723;1
122237;1
56483;1
6794;1
51911;1
437032;1
36422;1
20667;1
55936;1
418749;1
49509;1
36683;1
6750;1
36236;1
38564;1
6527;1
58546;1
18083;1
54293;1
17932;1
39398;1
37860;1
410091;1
34184;1
24445;1
434472;1
26076;1
31181;1
130710;1
41848;1
43787;1
48343;1
25563;1
412758;1
433885;1
55070;1
5347;1
18565;1
422294;1
10082;1
423799;1
27058;1
54812;1
15912;1
57775;1
4009;1
103191;1
24815;1
25320;1
413053;1
440373;1
40974;1
404328;1
20480;1
60229;1
47133;1
44440;1
42856;1
33930;1
7210;1
7477;1
18175;1
1418;1
214956;1
16119;1
8378;1
15455;1
128107;1
3094;1
39145;1
59301;1
39779;1
25416;1
11829;1
408532;1
5990;1
51857;1
100084;1
24637;1
10587;1
53625;1
238314;1
37692;1
33763;1
101985;1
50051;1
8239;1
401587;1
44254;1
52773;1
34194;1
18053;1
38632;1
100398;1
27334;1
238717;1
414706;1
17694;1
48319;1
54508;1
130357;1
39623;1
104710;1
7128;1
34718;1
43772;1
31682;1
40454;1
48731;1
101764;1
9072;1
8895;1
15710;1
6454;1
232026;1
7560;1
415905;1
8087;1
30837;1
416343;1
6314;1
57479;1
29300;1
104289;1
11276;1
14531;1
51273;1
15836;1
102790;1
13685;1
131059;1
427644;1
401365;1
14890;1
104379;1
38870;1
214432;1
38543;1
42041;1
15544;1
133855;1
214096;1
16145;1
51170;1
52859;1
7204;1
56703;1
19160;1
430996;1
53958;1
21566;1
100591;1
19749;1
45918;1
49481;1
34022;1
120696;1
22847;1
38588;1
400177;1
405883;1
27797;1
292256;1
283096;1
404687;1
439961;1
412848;1
29647;1
130942;1
41662;1
34497;1
105260;1
427808;1
101285;1
211311;1
283055;1
38307;1
40490;1
3366;1
44997;1
47125;1
412559;1
57262;1
31896;1
27212;1
47987;1
36384;1
37753;1
33572;1
48325;1
59394;1
414628;1
43423;1
405066;1
1572;1
33833;1
39658;1
422796;1
56036;1
26905;1
104529;1
100989;1
101731;1
437054;1
104155;1
300164;1
33694;1
411158;1
48530;1
132572;1
40402;1
35094;1
5565;1
414728;1
29153;1
138396;1
48453;1
53441;1
238724;1
13553;1
18210;1
14352;1
412177;1
36954;1
56597;1
31952;1
40245;1
17866;1
420697;1
31656;1
439687;1
779;1
36902;1
35907;1
7488;1
101402;1
12060;1
411795;1
32404;1
422589;1
405793;1
20410;1
38028;1
428043;1
419742;1
408350;1
417336;1
19026;1
2772;1
414927;1
406873;1
43023;1
238863;1
25464;1
101547;1
428900;1
31996;1
29022;1
405052;1
403463;1
36699;1
228079;1
375;1
48487;1
429521;1
401161;1
24037;1
680;1
37831;1
432148;1
25521;1
12061;1
12148;1
1152;1
55820;1
101605;1
214934;1
401208;1
17323;1
34255;1
100307;1
33173;1
7471;1
15729;1
211178;1
34463;1
17334;1
413173;1
16780;1
6701;1
101520;1
214567;1
27469;1
120815;1
239898;1
20248;1
104240;1
127647;1
106367;1
31466;1
100856;1
401270;1
48954;1
36841;1
101735;1
48910;1
35371;1
8973;1
436581;1
53925;1
11368;1
11823;1
8083;1
431083;1
6797;1
18296;1
26015;1
31645;1
41501;1
402489;1
5700;1
12903;1
54248;1
22556;1
22886;1
19234;1
21185;1
5725;1
39141;1
30899;1
425853;1
302048;1
18933;1
6135;1
138413;1
35067;1
239096;1
292001;1
41017;1
45622;1
8250;1
15763;1
228064;1
402868;1
1720;1
19346;1
45676;1
137202;1
12716;1
1424;1
417530;1
47116;1
6453;1
131068;1
42435;1
440369;1
252022;1
30112;1
417638;1
410727;1
443880;1
24811;1
138908;1
302252;1
21291;1
211108;1
1389;1
46725;1
427933;1
406333;1
39362;1
43504;1
27494;1
101761;1
31120;1
302112;1
51397;1
5852;1
55490;1
40127;1
239334;1
408542;1
8701;1
106117;1
53495;1
401231;1
101575;1
33712;1
2805;1
101739;1
21131;1
105749;1
20232;1
239941;1
406941;1
400823;1
12146;1
18362;1
6738;1
403591;1
102520;1
120017;1
292115;1
46661;1
120634;1
130393;1
43633;1
137223;1
437563;1
421572;1
407712;1
423806;1
34007;1
3296;1
10928;1
18985;1
32733;1
1840;1
41637;1
14396;1
58969;1
14187;1
45053;1
10610;1
239402;1
100566;1
7913;1
33669;1
50269;1
44265;1
9214;1
5864;1
423433;1
21955;1
35929;1
19298;1
2980;1
27672;1
405655;1
421287;1
401295;1
37961;1
442290;1
24094;1
437940;1
25285;1
38946;1
30440;1
2353;1
46741;1
25481;1
16336;1
28652;1
19311;1
105542;1
8557;1
35753;1
104587;1
239843;1
130519;1
32377;1
46226;1
105501;1
1455;1
54120;1
16097;1
239588;1
104915;1
9246;1
34703;1
18443;1
36499;1
416187;1
26571;1
130468;1
101166;1
11147;1
42510;1
41107;1
27289;1
101599;1
238961;1
40946;1
5532;1
35282;1
22021;1
401992;1
103566;1
38617;1
40995;1
407068;1
3482;1
48323;1
31009;1
407724;1
101154;1
55306;1
600;1
103999;1
7511;1
11167;1
36730;1
335;1
401705;1
40631;1
408982;1
103124;1
411080;1
15600;1
19731;1
5226;1
48023;1
120055;1
214745;1
404685;1
21725;1
33312;1
7514;1
11892;1
239510;1
15898;1
104826;1
43922;1
411537;1
56890;1
239143;1
34919;1
1873;1
39602;1
106459;1
32720;1
444388;1
413234;1
21528;1
11209;1
407227;1
12325;1
10459;1
10664;1
406923;1
35534;1
11786;1
444225;1
39187;1
39751;1
300146;1
102567;1
32932;1
37426;1
15892;1
24193;1
46617;1
23054;1
18473;1
402541;1
104933;1
120475;1
43219;1
105677;1
31507;1
22909;1
404187;1
33927;1
36405;1
13296;1
22165;1
58431;1
39136;1
101938;1
5418;1
419328;1
37543;1
443632;1
211475;1
38679;1
408593;1
236053;1
55015;1
4571;1
21035;1
54009;1
102026;1
239220;1
20588;1
122101;1
23769;1
55006;1
440551;1
10557;1
405586;1
28852;1
3506;1
401812;1
3807;1
133832;1
30955;1
28;1
6016;1
51921;1
418809;1
405688;1
274009;1
4703;1
440869;1
40494;1
421309;1
32551;1
292273;1
417682;1
101348;1
57695;1
425904;1
11350;1
101609;1
102864;1
11808;1
441098;1
401721;1
8288;1
404897;1
138393;1
409919;1
100302;1
403369;1
17845;1
102401;1
430792;1
22250;1
38810;1
28780;1
402891;1
102783;1
25551;1
100151;1
407398;1
35303;1
993;1
28814;1
133732;1
409163;1
33322;1
50135;1
406042;1
4330;1
405775;1
440168;1
420743;1
400591;1
6372;1
58301;1
23801;1
33240;1
15365;1
1342;1
38273;1
302175;1
138562;1
40717;1
440555;1
21672;1
49357;1
31846;1
6421;1
430679;1
64;1
29285;1
409144;1
20327;1
46320;1
49593;1
17640;1
444209;1
127581;1
27243;1
105356;1
14954;1
56164;1
102366;1
103807;1
440955;1
411615;1
100547;1
132450;1
298045;1
52857;1
28883;1
40219;1
26512;1
22;1
100561;1
438126;1
11525;1
20366;1
411853;1
37075;1
23385;1
21225;1
443792;1
40657;1
253003;1
236034;1
35516;1
298023;1
28082;1
40906;1
432958;1
43546;1
26775;1
131122;1
407545;1
30722;1
19288;1
5151;1
29424;1
445753;1
12141;1
36007;1
405523;1
443894;1
49131;1
239720;1
9428;1
39002;1
5716;1
102126;1
12848;1
302282;1
443300;1
101632;1
440413;1
20704;1
11977;1
58107;1
102796;1
34140;1
22519;1
33048;1
121216;1
29385;1
130467;1
5827;1
1162;1
444255;1
2962;1
39692;1
238572;1
105200;1
46843;1
104851;1
31724;1
21112;1
12869;1
9367;1
54;1
220008;1
55481;1
14111;1
14069;1
422659;1
5099;1
417680;1
14109;1
232065;1
411600;1
59182;1
100517;1
40115;1
239882;1
58908;1
8908;1
56220;1
445050;1
28855;1
27084;1
300190;1
45477;1
51166;1
406527;1
4457;1
417160;1
57034;1
39959;1
438124;1
412439;1
440303;1
32697;1
26795;1
106475;1
23670;1
414671;1
410987;1
2609;1
414141;1
420505;1
10526;1
428943;1
48354;1
35575;1
25999;1
36056;1
422864;1
11195;1
53582;1
42536;1
8994;1
6173;1
10942;1
23554;1
101134;1
24503;1
21099;1
26171;1
22900;1
436142;1
12410;1
27851;1
232152;1
239766;1
412794;1
26430;1
3355;1
410892;1
405095;1
101316;1
54737;1
34753;1
423214;1
101147;1
407270;1
40969;1
37350;1
238499;1
14868;1
21393;1
438172;1
32036;1
412958;1
33356;1
105165;1
58322;1
424895;1
214846;1
115;1
59349;1
29734;1
7700;1
31557;1
12659;1
24277;1
8906;1
57447;1
36226;1
411116;1
429523;1
30579;1
404678;1
39965;1
16785;1
409263;1
429197;1
439567;1
676;1
40472;1
21951;1
44184;1
19712;1
55085;1
406847;1
238619;1
45671;1
50583;1
42567;1
8381;1
9605;1
11057;1
22615;1
49690;1
405365;1
21836;1
200098;1
35871;1
12296;1
401713;1
14621;1
100323;1
24362;1
35967;1
10864;1
43157;1
436474;1
437967;1
410686;1
3007;1
134035;1
26983;1
442483;1
104976;1
7324;1
57881;1
10785;1
403885;1
32724;1
29735;1
33557;1
10044;1
430753;1
387;1
101068;1
42848;1
403567;1
2716;1
24778;1
29182;1
58993;1
101104;1
24047;1
435574;1
408601;1
425479;1
100414;1
418344;1
400075;1
48235;1
21522;1
103664;1
100736;1
53635;1
238889;1
283086;1
39460;1
702;1
11799;1
239091;1
403990;1
40715;1
137238;1
31536;1
13589;1
432073;1
239622;1
120606;1
10084;1
37154;1
20387;1
405183;1
104054;1
43194;1
214805;1
16034;1
45640;1
100787;1
34510;1
22043;1
39324;1
154;1
30592;1
424714;1
11244;1
32011;1
239451;1
238479;1
14397;1
42789;1
103687;1
56549;1
36818;1
37577;1
21565;1
40984;1
407280;1
101372;1
127583;1
14788;1
22778;1
430772;1
2049;1
10874;1
37774;1
417760;1
43866;1
15323;1
1974;1
429568;1
32105;1
408869;1
29392;1
421445;1
137433;1
127724;1
52828;1
127750;1
22442;1
20315;1
10140;1
429606;1
18919;1
55096;1
8010;1
106444;1
441235;1
104161;1
444794;1
404757;1
9078;1
422619;1
6019;1
13064;1
435320;1
402977;1
12168;1
35965;1
103177;1
411375;1
37607;1
56988;1
36090;1
41418;1
29610;1
1771;1
19024;1
20187;1
406237;1
27028;1
4722;1
2374;1
3458;1
56692;1
5734;1
421833;1
40068;1
39433;1
105443;1
16262;1
7721;1
44355;1
17213;1
444263;1
238905;1
22890;1
50917;1
31096;1
22272;1
25558;1
403119;1
102658;1
24027;1
413879;1
121310;1
103205;1
10114;1
45874;1
101159;1
5724;1
22406;1
51670;1
104704;1
32670;1
405495;1
302350;1
24491;1
402857;1
401256;1
23254;1
49714;1
412485;1
44343;1
14803;1
123010;1
21760;1
42701;1
14752;1
432322;1
101327;1
214235;1
48185;1
22161;1
232037;1
34849;1
6153;1
400413;1
103219;1
3685;1
22605;1
418326;1
60183;1
11960;1
2789;1
103118;1
20657;1
41791;1
8806;1
407702;1
31986;1
27519;1
100719;1
39952;1
12009;1
283074;1
22613;1
400326;1
439731;1
37485;1
25887;1
5045;1
211232;1
21759;1
103077;1
36936;1
105161;1
8550;1
17923;1
42821;1
10956;1
33049;1
19937;1
21002;1
411151;1
18492;1
300410;1
106014;1
24570;1
48554;1
34333;1
18258;1
4053;1
105305;1
428020;1
46812;1
55300;1
414147;1
400648;1
103984;1
439811;1
21010;1
52709;1
40030;1
854;1
295046;1
30943;1
104227;1
5220;1
436924;1
101185;1
24147;1
39800;1
434537;1
39059;1
35829;1
26574;1
17754;1
41874;1
2883;1
40850;1
422777;1
47557;1
414687;1
57646;1
27525;1
407511;1
300474;1
44491;1
33524;1
35312;1
101326;1
41428;1
19644;1
405999;1
11269;1
422711;1
17436;1
55047;1
33998;1
102376;1
12577;1
9936;1
43187;1
6065;1
122207;1
24591;1
32619;1
401891;1
22308;1
214123;1
441120;1
24660;1
408679;1
17885;1
123244;1
214691;1
431858;1
31631;1
1164;1
10536;1
26482;1
28761;1
37446;1
29962;1
413893;1
416076;1
438164;1
41270;1
26589;1
32607;1
413821;1
20018;1
134;1
16788;1
10781;1
31322;1
432716;1
104695;1
49872;1
12800;1
60451;1
432692;1
434042;1
10355;1
214748;1
10337;1
43324;1
10655;1
400377;1
401582;1
409802;1
300235;1
137714;1
22841;1
55479;1
39331;1
44633;1
12680;1
10981;1
48072;1
133750;1
122297;1
47119;1
438503;1
42517;1
420761;1
23085;1
130553;1
35555;1
35353;1
424841;1
5026;1
32842;1
211298;1
49898;1
48626;1
302263;1
292250;1
12613;1
239219;1
12299;1
3388;1
105949;1
137335;1
19153;1
292318;1
419013;1
103258;1
134226;1
18882;1
19097;1
300450;1
6227;1
40458;1
6730;1
103170;1
38012;1
37610;1
41233;1
101329;1
16691;1
184;1
753;1
121248;1
30318;1
49656;1
16695;1
12458;1
2414;1
34976;1
105127;1
409837;1
416644;1
407945;1
100872;1
25640;1
9248;1
15041;1
6071;1
138802;1
292290;1
14874;1
103152;1
7544;1
33187;1
13516;1
42680;1
20654;1
19289;1
405739;1
401418;1
46811;1
21334;1
50028;1
22740;1
415061;1
11295;1
37910;1
431972;1
57205;1
302098;1
104046;1
10419;1
49943;1
10720;1
50168;1
433729;1
137347;1
100963;1
40835;1
57928;1
12705;1
47497;1
400101;1
51122;1
11212;1
11530;1
53319;1
238482;1
401098;1
41841;1
404169;1
102263;1
104555;1
416535;1
19204;1
20162;1
50603;1
15452;1
411744;1
20371;1
29993;1
26046;1
53543;1
2655;1
416848;1
412409;1
40951;1
35058;1
424835;1
239807;1
238828;1
43468;1
48101;1
27972;1
1617;1
32012;1
22733;1
32857;1
104251;1
53747;1
431212;1
20727;1
30726;1
35149;1
14451;1
52082;1
12785;1
27800;1
24062;1
130721;1
59404;1
414248;1
138520;1
33445;1
214619;1
34436;1
400153;1
101136;1
13484;1
34117;1
13195;1
44076;1
9681;1
17209;1
29856;1
414211;1
6027;1
25004;1
39748;1
28561;1
23667;1
20650;1
12656;1
440353;1
32435;1
27572;1
104318;1
19379;1
28818;1
434533;1
51813;1
104198;1
13632;1
412042;1
52695;1
35030;1
100717;1
31282;1
32553;1
43857;1
405827;1
3965;1
7902;1
1439;1
31260;1
35675;1
1453;1
57268;1
444928;1
425843;1
45649;1
403656;1
238806;1
18688;1
22426;1
408506;1
15272;1
127623;1
405142;1
42406;1
407290;1
24305;1
52887;1
18154;1
410770;1
214271;1
130951;1
441730;1
48692;1
22560;1
31352;1
103626;1
437995;1
101976;1
418927;1
41971;1
5167;1
41224;1
8782;1
418511;1
407841;1
408155;1
300249;1
58101;1
35893;1
29667;1
46025;1
26785;1
20163;1
232091;1
35975;1
102831;1
34862;1
28026;1
42291;1
21176;1
2663;1
402773;1
47107;1
3216;1
52067;1
103998;1
100861;1
58732;1
122283;1
28536;1
2880;1
37292;1
28849;1
17915;1
46834;1
54651;1
5622;1
4661;1
410859;1
40120;1
27277;1
40758;1
4467;1
422854;1
406610;1
11246;1
31839;1
407371;1
673;1
433405;1
2086;1
34696;1
7365;1
30219;1
2330;1
47278;1
104850;1
3038;1
27262;1
302220;1
103760;1
18627;1
100286;1
33476;1
41378;1
12810;1
47027;1
30051;1
104892;1
103059;1
42985;1
28523;1
55730;1
2368;1
101158;1
292233;1
137213;1
20742;1
58603;1
440565;1
3023;1
105771;1
425427;1
300319;1
437604;1
47155;1
29588;1
33609;1
50999;1
22561;1
123199;1
5460;1
408960;1
12160;1
57769;1
53113;1
9903;1
17014;1
105125;1
40644;1
401453;1
35181;1
436192;1
1868;1
430840;1
101040;1
30099;1
401387;1
43435;1
32783;1
654;1
29831;1
9857;1
15055;1
104460;1
35264;1
15996;1
30541;1
445210;1
402382;1
402192;1
10456;1
28028;1
211057;1
23101;1
31386;1
402989;1
3447;1
416964;1
34882;1
427351;1
49139;1
441360;1
401487;1
133781;1
48103;1
59596;1
8915;1
1983;1
440757;1
57625;1
403571;1
32996;1
214325;1
22372;1
21579;1
39914;1
22972;1
41075;1
120124;1
4716;1
4403;1
101288;1
32502;1
404913;1
40546;1
105624;1
37693;1
4290;1
18901;1
10756;1
4905;1
13111;1
47157;1
8090;1
10737;1
49941;1
101569;1
482;1
45273;1
5788;1
42261;1
100368;1
2161;1
3389;1
444089;1
101927;1
402695;1
13454;1
238403;1
6345;1
104519;1
105780;1
49783;1
13661;1
18631;1
53668;1
38729;1
103565;1
2461;1
41149;1
420790;1
42219;1
58039;1
29202;1
35221;1
238420;1
105880;1
49358;1
32773;1
102944;1
105007;1
100584;1
39981;1
29035;1
40304;1
51658;1
7876;1
34057;1
30962;1
24601;1
179;1
7085;1
408875;1
50691;1
28903;1
12837;1
103610;1
29848;1
239779;1
404056;1
14277;1
33622;1
53749;1
20545;1
40207;1
30329;1
37382;1
25302;1
5966;1
104813;1
427592;1
283046;1
400426;1
103442;1
60238;1
214090;1
443168;1
42475;1
23434;1
4861;1
45978;1
22824;1
101803;1
36022;1
232052;1
52951;1
295029;1
416770;1
36457;1
14774;1
6380;1
23589;1
23913;1
34465;1
42035;1
441070;1
18250;1
15813;1
103817;1
239380;1
104303;1
34077;1
42714;1
239934;1
23130;1
54688;1
35797;1
30787;1
412984;1
40551;1
19247;1
57259;1
39802;1
18279;1
1763;1
435466;1
402739;1
27443;1
103693;1
426020;1
30217;1
404927;1
8169;1
9081;1
27492;1
211386;1
430465;1
401124;1
29646;1
102568;1
31033;1
29642;1
2269;1
15982;1
32616;1
15963;1
407633;1
106129;1
232167;1
214032;1
237;1
47739;1
401347;1
27628;1
33262;1
442105;1
16342;1
40768;1
101387;1
22548;1
24899;1
35969;1
58061;1
414604;1
35486;1
39287;1
29148;1
10498;1
11697;1
3576;1
120054;1
39891;1
102101;1
40867;1
40775;1
239409;1
24347;1
211211;1
22257;1
32992;1
8696;1
3044;1
42198;1
8829;1
47336;1
59153;1
11441;1
100329;1
406604;1
39264;1
130999;1
21595;1
43244;1
41921;1
32106;1
47886;1
19985;1
127659;1
214784;1
238536;1
292059;1
27453;1
300371;1
59813;1
238185;1
214153;1
13255;1
239968;1
232029;1
211090;1
18587;1
38074;1
83;1
24698;1
5300;1
434805;1
405560;1
19131;1
40341;1
37465;1
4227;1
18292;1
130655;1
36213;1
414354;1
44204;1
103613;1
439789;1
55264;1
35436;1
253007;1
127343;1
238361;1
430814;1
53847;1
404426;1
13935;1
433099;1
49127;1
6761;1
101935;1
20398;1
16290;1
11013;1
17214;1
27034;1
2070;1
214330;1
43603;1
40064;1
326;1
404952;1
39456;1
45706;1
371;1
55143;1
300013;1
6341;1
21088;1
400587;1
214510;1
121187;1
28108;1
6740;1
45308;1
51823;1
431619;1
9521;1
45975;1
104819;1
408929;1
102723;1
438045;1
413308;1
42998;1
232097;1
21916;1
648;1
432247;1
431610;1
45179;1
404368;1
214744;1
21085;1
43493;1
130882;1
23780;1
17676;1
34280;1
432227;1
17892;1
9098;1
46236;1
5642;1
419788;1
25005;1
101140;1
123241;1
5761;1
42596;1
51511;1
7662;1
32594;1
23718;1
15377;1
406249;1
15820;1
104359;1
24825;1
103055;1
34266;1
4993;1
27987;1
39005;1
46913;1
25459;1
5001;1
105918;1
19618;1
2749;1
35643;1
10364;1
13894;1
56491;1
421283;1
34946;1
405961;1
239869;1
47235;1
43557;1
19979;1
13277;1
4611;1
18375;1
238118;1
239669;1
11196;1
33977;1
100106;1
16717;1
238659;1
53428;1
824;1
5719;1
54973;1
52782;1
101331;1
36844;1
17376;1
58203;1
17867;1
403256;1
101074;1
408605;1
104371;1
17526;1
428148;1
18434;1
15088;1
19940;1
421205;1
42931;1
91;1
12220;1
44186;1
3986;1
127636;1
1940;1
426314;1
9313;1
26091;1
18879;1
21485;1
406205;1
435038;1
45402;1
409305;1
44441;1
50795;1
45467;1
28811;1
105096;1
5014;1
6219;1
239635;1
31452;1
100343;1
30545;1
1319;1
401585;1
23056;1
102601;1
211431;1
31241;1
29547;1
37444;1
300066;1
1522;1
101779;1
1967;1
33388;1
18610;1
39268;1
102321;1
127717;1
30804;1
10214;1
6015;1
41174;1
300090;1
12196;1
58734;1
8613;1
103511;1
34460;1
45623;1
26369;1
408841;1
14162;1
12774;1
6716;1
53753;1
200074;1
9685;1
35245;1
19537;1
33849;1
1549;1
21453;1
21409;1
12497;1
439164;1
53942;1
440295;1
102683;1
26305;1
104856;1
402609;1
432980;1
36466;1
41008;1
39960;1
420430;1
101926;1
3378;1
417543;1
27082;1
13887;1
429179;1
48510;1
138870;1
27879;1
589;1
7942;1
20051;1
40706;1
41158;1
17796;1
329;1
60286;1
440281;1
17228;1
11964;1
11562;1
48211;1
9661;1
44690;1
407919;1
11483;1
414076;1
134308;1
1540;1
31030;1
25202;1
211215;1
49617;1
23359;1
130857;1
35481;1
439224;1
48130;1
436940;1
31520;1
10330;1
438162;1
214673;1
8118;1
22746;1
47426;1
7141;1
103399;1
34203;1
120414;1
13816;1
407394;1
101835;1
292316;1
43680;1
122056;1
410043;1
20786;1
421868;1
42259;1
25994;1
50610;1
437050;1
5352;1
24017;1
403658;1
17550;1
418993;1
28472;1
16060;1
27487;1
27818;1
12415;1
105404;1
46940;1
23435;1
436124;1
130731;1
862;1
7566;1
40660;1
15119;1
100554;1
44484;1
27366;1
298040;1
43713;1
39008;1
20839;1
239406;1
44350;1
21748;1
33093;1
7388;1
101174;1
24864;1
43390;1
4194;1
102245;1
407727;1
29436;1
121185;1
42571;1
34608;1
38584;1
435966;1
104328;1
41245;1
6024;1
100059;1
102949;1
104471;1
26968;1
11761;1
441555;1
400729;1
101957;1
52687;1
26124;1
103567;1
13818;1
20567;1
37859;1
30714;1
25271;1
33188;1
46252;1
36585;1
264;1
22621;1
34080;1
33302;1
41031;1
23800;1
4433;1
106415;1
41249;1
12878;1
103927;1
50972;1
11869;1
283149;1
60273;1
37564;1
30940;1
9506;1
428461;1
55712;1
4897;1
22830;1
26086;1
50176;1
22208;1
54244;1
300356;1
23935;1
29532;1
46817;1
16094;1
38569;1
100766;1
39465;1
416580;1
52641;1
26741;1
45688;1
6921;1
49449;1
47058;1
20896;1
434390;1
56126;1
17181;1
30783;1
37086;1
42557;1
7421;1
410733;1
40545;1
2292;1
14542;1
292124;1
413950;1
33870;1
10116;1
3686;1
25313;1
1467;1
42787;1
20969;1
105778;1
411214;1
32629;1
46210;1
232151;1
101037;1
302246;1
409332;1
24984;1
45112;1
42809;1
298024;1
5301;1
138736;1
24945;1
239364;1
405083;1
422917;1
102940;1
33340;1
30269;1
27667;1
21753;1
11438;1
40298;1
411774;1
102910;1
2455;1
428409;1
410579;1
137718;1
40774;1
40787;1
4396;1
60098;1
415100;1
105726;1
41999;1
39076;1
423566;1
413256;1
25715;1
422355;1
22191;1
6208;1
12469;1
426824;1
20071;1
214719;1
438780;1
27577;1
131103;1
38472;1
33169;1
537;1
42455;1
25515;1
22115;1
137515;1
32015;1
19728;1
104532;1
407723;1
48931;1
17320;1
44977;1
35868;1
2534;1
100247;1
27039;1
104013;1
37932;1
42245;1
9549;1
36604;1
15144;1
2078;1
28477;1
444609;1
31873;1
30190;1
408744;1
407704;1
434149;1
21197;1
10504;1
435744;1
49415;1
38752;1
23426;1
7399;1
410276;1
8819;1
34934;1
27322;1
436852;1
419001;1
36333;1
31637;1
8455;1
438305;1
402889;1
2199;1
852;1
436252;1
42782;1
55416;1
47234;1
53934;1
35752;1
137175;1
100876;1
13341;1
14242;1
211306;1
23763;1
101051;1
22411;1
239893;1
42667;1
28204;1
53950;1
15303;1
436973;1
48259;1
28866;1
34475;1
27958;1
60489;1
102427;1
26767;1
105621;1
17033;1
55601;1
20964;1
48261;1
30207;1
105380;1
26914;1
33580;1
27022;1
101762;1
9360;1
28493;1
102555;1
104373;1
289;1
39534;1
283101;1
424746;1
13057;1
33328;1
274035;1
30504;1
103559;1
17390;1
400960;1
214553;1
22079;1
101463;1
40423;1
57837;1
104724;1
5863;1
9633;1
41022;1
121330;1
103202;1
24849;1
17235;1
35051;1
4826;1
41528;1
34228;1
12554;1
403960;1
59384;1
3117;1
100132;1
60366;1
417536;1
238157;1
120026;1
30824;1
5309;1
37445;1
33924;1
424865;1
4615;1
45836;1
41926;1
103074;1
4636;1
406939;1
56131;1
9244;1
423427;1
38657;1
39631;1
2679;1
29379;1
105352;1
105673;1
443038;1
439681;1
406897;1
43615;1
35936;1
2050;1
400397;1
422747;1
104102;1
103740;1
239802;1
440908;1
27451;1
413312;1
10383;1
20755;1
32121;1
46655;1
24804;1
48073;1
21605;1
214337;1
44509;1
102061;1
33382;1
133748;1
37651;1
103355;1
36197;1
30785;1
21048;1
46970;1
37003;1
308;1
7583;1
53416;1
418662;1
138882;1
106436;1
6584;1
104784;1
32355;1
39031;1
36519;1
40608;1
36966;1
421397;1
2148;1
6382;1
28939;1
56141;1
131200;1
28203;1
7390;1
9395;1
26463;1
104238;1
232110;1
29106;1
11337;1
57414;1
214869;1
51422;1
106092;1
400553;1
419850;1
239374;1
6033;1
408801;1
431081;1
422826;1
4849;1
42227;1
33903;1
432031;1
239249;1
401735;1
302342;1
29098;1
412551;1
21583;1
7241;1
5751;1
34130;1
30147;1
3743;1
39932;1
25318;1
403300;1
413011;1
10398;1
403213;1
420772;1
239002;1
35128;1
214881;1
21897;1
418051;1
40541;1
20264;1
211165;1
44580;1
42249;1
37393;1
33945;1
14414;1
2756;1
40448;1
10799;1
105576;1
26935;1
37560;1
25488;1
15331;1
45108;1
123461;1
53944;1
105209;1
104959;1
101508;1
39452;1
414297;1
413906;1
41913;1
34559;1
33132;1
302322;1
137432;1
404591;1
31767;1
31220;1
420741;1
17679;1
401786;1
105823;1
41992;1
44194;1
102094;1
24286;1
23496;1
60326;1
137308;1
411274;1
1148;1
439529;1
26138;1
127545;1
19001;1
19242;1
302288;1
3501;1
434384;1
406304;1
5718;1
103484;1
433511;1
26421;1
8272;1
1970;1
42605;1
24477;1
1850;1
38294;1
13570;1
5298;1
2023;1
50354;1
24195;1
26053;1
410285;1
404432;1
4531;1
1054;1
7986;1
51128;1
57938;1
31882;1
57380;1
14385;1
420754;1
300246;1
27485;1
56983;1
238745;1
214742;1
28771;1
217;1
410782;1
33257;1
41672;1
402304;1
27597;1
238478;1
45345;1
21722;1
430239;1
30464;1
59132;1
27571;1
400936;1
105609;1
24460;1
25128;1
27129;1
415452;1
103474;1
40119;1
15916;1
408669;1
410717;1
9657;1
104002;1
421755;1
47773;1
20754;1
3481;1
10639;1
30549;1
27717;1
101830;1
22591;1
18483;1
26130;1
35381;1
44526;1
41103;1
32538;1
13378;1
138475;1
105267;1
16736;1
32824;1
6897;1
214378;1
401935;1
22387;1
104699;1
414780;1
28891;1
49566;1
122311;1
51208;1
49676;1
4268;1
27611;1
27118;1
239609;1
57544;1
13167;1
30556;1
24569;1
7060;1
9493;1
238501;1
39533;1
29096;1
407913;1
283047;1
104308;1
36281;1
52448;1
33079;1
7585;1
15866;1
9358;1
4334;1
24300;1
20537;1
8681;1
927;1
104031;1
19271;1
25760;1
12420;1
137305;1
238352;1
106380;1
32784;1
30934;1
413088;1
214703;1
14908;1
10644;1
441443;1
43440;1
404676;1
236155;1
420255;1
54068;1
100120;1
42641;1
17462;1
26679;1
402194;1
40652;1
25466;1
39603;1
414194;1
133782;1
214430;1
35879;1
11897;1
123256;1
101960;1
484;1
18225;1
39962;1
105306;1
252023;1
130604;1
19685;1
20895;1
102804;1
10937;1
403466;1
28604;1
11783;1
38754;1
11096;1
36773;1
105201;1
103820;1
3414;1
47590;1
7967;1
52605;1
31610;1
43159;1
33634;1
406075;1
42623;1
39919;1
25499;1
292238;1
429632;1
106455;1
415708;1
123258;1
104145;1
440841;1
36866;1
401141;1
12630;1
8004;1
434638;1
2186;1
404449;1
122120;1
59119;1
105224;1
35280;1
13737;1
316;1
105167;1
26435;1
127304;1
408412;1
238616;1
38280;1
13739;1
4415;1
137542;1
22869;1
33053;1
302270;1
29458;1
426839;1
27472;1
137209;1
25265;1
41818;1
302272;1
37202;1
27550;1
101710;1
5977;1
37527;1
441834;1
24649;1
408364;1
432369;1
23315;1
1541;1
5274;1
17963;1
414004;1
1671;1
424619;1
48570;1
133723;1
25970;1
29754;1
400951;1
29290;1
22888;1
25659;1
35242;1
47292;1
120476;1
35816;1
100488;1
102937;1
403310;1
239021;1
37349;1
42559;1
406960;1
29939;1
100071;1
1169;1
405690;1
100879;1
4724;1
52041;1
11392;1
239481;1
36492;1
404631;1
36408;1
104261;1
41404;1
39063;1
21530;1
100741;1
138954;1
414262;1
35934;1
17908;1
423550;1
27412;1
404702;1
53366;1
407300;1
26459;1
37251;1
38736;1
1738;1
56684;1
100273;1
37122;1
102164;1
232050;1
130708;1
400147;1
415076;1
416201;1
47373;1
239772;1
3802;1
18534;1
58201;1
43115;1
232061;1
45219;1
47746;1
32330;1
6209;1
120402;1
58466;1
37761;1
7756;1
25784;1
401717;1
14320;1
123332;1
434517;1
10402;1
38248;1
415490;1
21258;1
33487;1
427353;1
34674;1
45145;1
15391;1
32501;1
19340;1
9498;1
8225;1
5086;1
50569;1
42490;1
236190;1
1882;1
26411;1
432365;1
406573;1
401864;1
426831;1
19919;1
33020;1
435030;1
31813;1
134306;1
39777;1
105732;1
28379;1
24609;1
105828;1
239812;1
43801;1
404708;1
39067;1
36223;1
38664;1
808;1
101698;1
105562;1
7572;1
17432;1
238028;1
133786;1
31497;1
25904;1
407481;1
48614;1
130226;1
41975;1
58799;1
58097;1
17401;1
411667;1
16167;1
36415;1
32610;1
23572;1
22491;1
23886;1
238517;1
51297;1
123186;1
19233;1
41325;1
425127;1
403350;1
24289;1
27849;1
55260;1
39113;1
29893;1
47433;1
431600;1
22367;1
402655;1
47317;1
104196;1
101455;1
101588;1
105012;1
46789;1
30251;1
434137;1
414385;1
46495;1
3411;1
45154;1
14395;1
44667;1
16715;1
1466;1
104966;1
239681;1
14919;1
42229;1
9926;1
34064;1
407274;1
102769;1
7642;1
131089;1
6116;1
428577;1
130752;1
302453;1
405559;1
21541;1
17048;1
405311;1
214676;1
26515;1
27392;1
228065;1
120016;1
39621;1
24016;1
41972;1
422779;1
22458;1
403193;1
137425;1
19279;1
23682;1
22198;1
401650;1
18271;1
10577;1
9691;1
26528;1
22075;1
36819;1
298009;1
48459;1
46243;1
409684;1
9916;1
5841;1
102861;1
404696;1
58640;1
130605;1
236160;1
917;1
416087;1
34891;1
426837;1
18623;1
211299;1
3286;1
9389;1
36647;1
17887;1
16009;1
103537;1
292260;1
44583;1
424829;1
413101;1
10842;1
57988;1
7420;1
131005;1
40287;1
410647;1
9511;1
8627;1
17063;1
53187;1
7659;1
35855;1
49049;1
29990;1
105303;1
31664;1
44181;1
55069;1
405657;1
17152;1
4688;1
100576;1
22673;1
402026;1
6662;1
40898;1
211347;1
417664;1
568;1
29064;1
22150;1
21078;1
239983;1
5059;1
13757;1
9462;1
53384;1
21033;1
45247;1
400798;1
23959;1
35461;1
236089;1
38524;1
925;1
38029;1
10909;1
21362;1
8020;1
8827;1
105681;1
12568;1
18514;1
36614;1
29739;1
434717;1
37823;1
232025;1
423637;1
45249;1
5024;1
104235;1
26962;1
47200;1
437294;1
2902;1
54609;1
103414;1
27564;1
100671;1
3734;1
15576;1
100626;1
232142;1
17855;1
401349;1
401420;1
33158;1
26942;1
12175;1
105538;1
104149;1
127276;1
138410;1
130861;1
26651;1
44425;1
45935;1
283076;1
443898;1
26924;1
211224;1
56749;1
27266;1
292022;1
104288;1
14551;1
59418;1
13483;1
405773;1
10869;1
3464;1
416501;1
45384;1
25029;1
55169;1
30108;1
428377;1
24490;1
12381;1
442393;1
49583;1
214392;1
402981;1
31708;1
404274;1
47160;1
30370;1
791;1
413284;1
228083;1
17960;1
423553;1
30277;1
23533;1
16383;1
19809;1
102019;1
12609;1
11127;1
18366;1
423817;1
236124;1
101253;1
18653;1
45697;1
443493;1
3954;1
302332;1
103725;1
122958;1
429408;1
35858;1
23231;1
400256;1
508;1
50727;1
105235;1
38825;1
46424;1
13170;1
5083;1
26195;1
55137;1
39524;1
20432;1
105571;1
2451;1
42026;1
17662;1
18918;1
24775;1
138568;1
410912;1
101465;1
408517;1
214021;1
100605;1
11737;1
434139;1
101022;1
440569;1
40282;1
34918;1
35059;1
31284;1
35;1
48366;1
106067;1
440011;1
37786;1
32653;1
4625;1
2147;1
102152;1
53476;1
104952;1
48067;1
40534;1
33665;1
50970;1
2116;1
41066;1
27883;1
42832;1
44813;1
11790;1
6807;1
4277;1
39373;1
45762;1
39450;1
404567;1
214955;1
100240;1
423438;1
33847;1
26469;1
18132;1
403800;1
238095;1
41460;1
412946;1
13280;1
23478;1
52650;1
43391;1
418455;1
60469;1
17136;1
130885;1
5441;1
7949;1
214371;1
31198;1
214686;1
28976;1
44756;1
23280;1
20648;1
401535;1
133816;1
105615;1
421690;1
400212;1
27635;1
409289;1
17147;1
414958;1
10417;1
37760;1
26452;1
668;1
59670;1
43068;1
5123;1
36284;1
104083;1
12124;1
32623;1
15967;1
10819;1
18996;1
41569;1
300493;1
6539;1
402765;1
37064;1
102856;1
5495;1
435707;1
51366;1
403746;1
26150;1
300257;1
6764;1
60241;1
23845;1
407078;1
33574;1
15084;1
25143;1
102141;1
23982;1
132903;1
26055;1
7575;1
36713;1
23655;1
100621;1
9071;1
419019;1
16702;1
44877;1
1170;1
103579;1
35732;1
26731;1
39770;1
38625;1
420677;1
102565;1
434022;1
40796;1
438235;1
100291;1
59578;1
404096;1
7474;1
30773;1
48207;1
406668;1
14526;1
14224;1
868;1
40743;1
6800;1
102478;1
34570;1
214561;1
283094;1
57889;1
6892;1
10600;1
43158;1
415133;1
106466;1
34091;1
2005;1
413503;1
417736;1
103466;1
404677;1
41796;1
21552;1
21366;1
27229;1
404901;1
8413;1
49090;1
9996;1
103594;1
42258;1
410039;1
15980;1
104028;1
36039;1
25980;1
417720;1
424809;1
3428;1
39161;1
20203;1
41439;1
100419;1
440355;1
6801;1
4463;1
3919;1
120825;1
122004;1
418175;1
14041;1
120448;1
46467;1
100958;1
1257;1
122288;1
30933;1
138423;1
10558;1
407364;1
2485;1
24099;1
4660;1
11613;1
37328;1
30198;1
409426;1
49332;1
17906;1
4015;1
439677;1
435222;1
23273;1
3322;1
408530;1
16345;1
405048;1
105457;1
8339;1
58912;1
102102;1
22934;1
53247;1
2685;1
401106;1
32079;1
28366;1
10023;1
17859;1
42117;1
42329;1
23331;1
105524;1
300206;1
238971;1
19546;1
211312;1
3627;1
4746;1
836;1
100226;1
33818;1
228084;1
439354;1
6081;1
103609;1
15921;1
29309;1
39246;1
403707;1
420557;1
25149;1
13396;1
525;1
292089;1
39429;1
25457;1
13010;1
28864;1
41415;1
11691;1
214307;1
137566;1
9966;1
40327;1
17634;1
211139;1
10416;1
30502;1
437609;1
30999;1
101694;1
25327;1
29899;1
21781;1
17949;1
36419;1
101984;1
38141;1
42039;1
48210;1
404669;1
5216;1
49165;1
4755;1
20352;1
1741;1
13511;1
21212;1
414630;1
12638;1
10148;1
16770;1
1115;1
24685;1
35210;1
38104;1
439430;1
33966;1
127714;1
100563;1
11707;1
214004;1
441;1
20182;1
11138;1
6199;1
49911;1
43587;1
14631;1
403381;1
14705;1
36151;1
26103;1
434354;1
20512;1
214360;1
38794;1
49965;1
14420;1
16983;1
12845;1
32005;1
408001;1
101681;1
238443;1
214706;1
11640;1
30987;1
122225;1
26604;1
101213;1
103236;1
42108;1
400013;1
44368;1
439931;1
35375;1
104314;1
414363;1
439312;1
44622;1
20793;1
100623;1
401316;1
2402;1
15021;1
103163;1
8993;1
1472;1
428158;1
132454;1
100498;1
41578;1
6948;1
2435;1
104674;1
56787;1
52728;1
27160;1
9060;1
411427;1
400054;1
214180;1
31233;1
23927;1
407383;1
127375;1
12176;1
19061;1
29088;1
400023;1
103408;1
238892;1
25144;1
38393;1
46747;1
11523;1
402184;1
44959;1
56250;1
138278;1
37554;1
35687;1
16684;1
300447;1
39940;1
19750;1
423116;1
5063;1
48142;1
104771;1
419824;1
40853;1
40333;1
5698;1
130841;1
25815;1
15735;1
15713;1
416636;1
5804;1
40718;1
14158;1
8997;1
24038;1
101120;1
310;1
33479;1
12324;1
38471;1
122303;1
121261;1
44605;1
411797;1
425847;1
232173;1
103373;1
410270;1
41640;1
4836;1
32138;1
40981;1
104812;1
433446;1
53169;1
48289;1
133773;1
31094;1
9379;1
46497;1
214111;1
3294;1
59697;1
15293;1
1790;1
29790;1
1577;1
105815;1
12608;1
34343;1
56361;1
22417;1
418447;1
21452;1
3116;1
411695;1
214410;1
430757;1
32902;1
43834;1
16749;1
106392;1
105692;1
417488;1
418266;1
36163;1
5519;1
38948;1
40106;1
18373;1
415009;1
236125;1
442549;1
407931;1
35178;1
1909;1
22153;1
31911;1
43356;1
200028;1
402705;1
408667;1
5512;1
35572;1
15098;1
416223;1
27158;1
24636;1
100388;1
36881;1
2949;1
32052;1
32063;1
130791;1
100711;1
9509;1
13861;1
418003;1
295014;1
36516;1
137411;1
105961;1
12725;1
15032;1
427218;1
55008;1
35949;1
105405;1
13244;1
106037;1
45057;1
443970;1
236054;1
21505;1
52975;1
15203;1
434989;1
21578;1
3550;1
16586;1
55414;1
56773;1
22997;1
105196;1
406741;1
18216;1
21598;1
47584;1
102010;1
9717;1
422870;1
26587;1
52915;1
130755;1
4559;1
292126;1
48795;1
18170;1
7618;1
4208;1
404874;1
26401;1
20466;1
20379;1
10952;1
2115;1
44110;1
13256;1
39291;1
10659;1
434278;1
238752;1
18775;1
4190;1
35931;1
300462;1
27106;1
32532;1
401949;1
100107;1
44185;1
5113;1
14917;1
300264;1
35135;1
1468;1
292031;1
17144;1
302124;1
15971;1
24088;1
57825;1
25025;1
438019;1
6308;1
9369;1
9995;1
411298;1
405465;1
15092;1
44253;1
2853;1
432739;1
405825;1
31250;1
2059;1
105010;1
12909;1
22382;1
106163;1
23825;1
55756;1
24712;1
10710;1
6433;1
16051;1
406329;1
11341;1
10516;1
35122;1
40989;1
34215;1
32331;1
23761;1
238939;1
49308;1
406869;1
17412;1
137151;1
10438;1
440553;1
60248;1
23687;1
28296;1
300340;1
12867;1
12230;1
60436;1
21882;1
122212;1
36918;1
431033;1
30005;1
123235;1
441327;1
101039;1
238553;1
24551;1
106148;1
24958;1
230006;1
54579;1
35823;1
100899;1
102220;1
101573;1
23806;1
18592;1
100379;1
2001;1
49918;1
11573;1
43069;1
105037;1
426759;1
100700;1
20383;1
5145;1
214408;1
41957;1
46643;1
43600;1
14593;1
10617;1
11890;1
238020;1
39233;1
36194;1
105093;1
438250;1
39767;1
34378;1
130609;1
48872;1
13769;1
23582;1
15073;1
404398;1
41790;1
35132;1
1824;1
44504;1
10427;1
426597;1
35191;1
100397;1
30591;1
9659;1
31735;1
1897;1
27561;1
401884;1
300156;1
43131;1
214639;1
34000;1
434827;1
103766;1
39370;1
48277;1
418430;1
123463;1
434117;1
55657;1
419792;1
10686;1
42445;1
38484;1
239329;1
214182;1
411624;1
103121;1
100511;1
434290;1
24019;1
238654;1
104884;1
56474;1
120432;1
55013;1
5674;1
412621;1
30707;1
104176;1
239411;1
20184;1
11628;1
57747;1
38522;1
404498;1
13753;1
10349;1
15990;1
57771;1
438816;1
413836;1
58664;1
3421;1
52207;1
103668;1
2378;1
50560;1
422196;1
132575;1
433269;1
40559;1
24524;1
35167;1
12372;1
8520;1
18134;1
52579;1
33470;1
14169;1
11706;1
409359;1
38129;1
103078;1
128124;1
43541;1
7683;1
54915;1
437046;1
427228;1
17623;1
17109;1
44679;1
56479;1
12241;1
41597;1
300232;1
440367;1
405653;1
59522;1
214367;1
40842;1
101654;1
34126;1
417064;1
45984;1
300471;1
238974;1
58245;1
55007;1
40879;1
11482;1
27265;1
443856;1
41015;1
400853;1
34004;1
36508;1
101973;1
5965;1
8950;1
38555;1
37188;1
49737;1
38161;1
26899;1
101287;1
407839;1
238388;1
8599;1
28580;1
137703;1
414703;1
13086;1
427202;1
121194;1
134255;1
33012;1
14501;1
39073;1
404663;1
239592;1
432978;1
43402;1
14967;1
40138;1
422389;1
34941;1
53412;1
37173;1
404445;1
21408;1
6682;1
411046;1
16151;1
102554;1
5874;1
405965;1
238710;1
131063;1
102668;1
1123;1
101657;1
92;1
437199;1
43663;1
46846;1
13760;1
40507;1
30285;1
16200;1
46550;1
443866;1
8952;1
431831;1
12362;1
414744;1
16634;1
292239;1
25553;1
311;1
131027;1
43089;1
23821;1
2372;1
21511;1
44906;1
406919;1
20107;1
38779;1
26736;1
44158;1
20751;1
10477;1
37111;1
403714;1
196;1
11128;1
50298;1
291;1
44051;1
2376;1
434547;1
3003;1
439236;1
34252;1
43791;1
239367;1
3127;1
437564;1
58105;1
46089;1
21918;1
101036;1
127515;1
104152;1
16120;1
408048;1
300387;1
434833;1
236108;1
55180;1
33829;1
440132;1
14030;1
35427;1
105326;1
57025;1
17245;1
8100;1
2079;1
100361;1
10687;1
8309;1
36560;1
26936;1
16261;1
104076;1
20873;1
101823;1
105312;1
10175;1
55292;1
36627;1
402539;1
101429;1
403652;1
131055;1
22312;1
103525;1
238565;1
44721;1
17204;1
100125;1
424419;1
428031;1
47721;1
130745;1
34501;1
13315;1
36282;1
45627;1
10269;1
50057;1
102581;1
43084;1
42010;1
44241;1
45723;1
12762;1
41049;1
239943;1
34673;1
37777;1
18153;1
2483;1
414110;1
21950;1
44362;1
27878;1
52691;1
15559;1
9931;1
432205;1
12234;1
56678;1
5242;1
105665;1
17507;1
122985;1
105535;1
435083;1
26153;1
1347;1
25926;1
10561;1
420044;1
419634;1
44862;1
101239;1
405727;1
15111;1
43635;1
36537;1
19223;1
7244;1
71;1
32525;1
430867;1
6288;1
238375;1
427692;1
6352;1
431612;1
42106;1
401272;1
105591;1
28635;1
105729;1
3360;1
102187;1
439669;1
8988;1
41229;1
49317;1
415004;1
7077;1
60316;1
7522;1
23939;1
54234;1
37447;1
28953;1
214466;1
120700;1
134040;1
8922;1
39726;1
431884;1
422204;1
55328;1
44588;1
22113;1
39239;1
19639;1
23406;1
36141;1
3694;1
29192;1
48590;1
33313;1
232184;1
41038;1
23333;1
25066;1
25243;1
302049;1
300168;1
428537;1
31809;1
42156;1
51981;1
34553;1
22792;1
25189;1
55519;1
302056;1
24014;1
102558;1
57822;1
25896;1
46441;1
38421;1
292278;1
132758;1
29711;1
29571;1
163;1
441664;1
409023;1
37405;1
37341;1
300087;1
18200;1
238261;1
51891;1
438049;1
46308;1
32424;1
47767;1
22585;1
35499;1
21100;1
1709;1
26852;1
32899;1
2052;1
35069;1
103323;1
23457;1
406421;1
42892;1
138904;1
24757;1
47736;1
53617;1
34299;1
423450;1
3544;1
416578;1
214226;1
3225;1
105445;1
22484;1
23696;1
4367;1
33097;1
51583;1
30248;1
9296;1
41900;1
55804;1
3697;1
26085;1
18011;1
45651;1
104983;1
49076;1
18577;1
11793;1
37434;1
50381;1
38596;1
438059;1
40143;1
403565;1
350;1
100080;1
32219;1
434862;1
18498;1
2425;1
7970;1
21957;1
104526;1
5590;1
292303;1
37806;1
32183;1
41939;1
100058;1
31025;1
414105;1
19146;1
51985;1
20335;1
238781;1
35669;1
402589;1
34133;1
54639;1
54409;1
100617;1
298036;1
300195;1
16152;1
42132;1
31486;1
409574;1
42849;1
34878;1
37384;1
44116;1
29701;1
13055;1
6660;1
6528;1
402895;1
45298;1
27055;1
28927;1
38402;1
43014;1
102129;1
30462;1
50715;1
55450;1
121396;1
39821;1
407286;1
7473;1
19087;1
410906;1
252042;1
5769;1
440920;1
137215;1
419041;1
33907;1
138976;1
18673;1
412210;1
28360;1
14757;1
30926;1
25336;1
103381;1
443501;1
23575;1
6986;1
20615;1
274026;1
413997;1
3476;1
15867;1
429706;1
103922;1
417524;1
4271;1
302402;1
51652;1
7290;1
14042;1
17927;1
138944;1
300364;1
18821;1
414548;1
41958;1
49548;1
45077;1
11989;1
31960;1
408174;1
8060;1
11399;1
23171;1
434298;1
439807;1
47877;1
22051;1
37437;1
436411;1
45698;1
402092;1
7874;1
55752;1
59947;1
121336;1
439152;1
6814;1
48861;1
46875;1
39721;1
22677;1
232079;1
401964;1
19527;1
45007;1
23117;1
105563;1
422497;1
6234;1
101891;1
302363;1
43988;1
427380;1
29980;1
44077;1
14153;1
103632;1
58385;1
16900;1
46713;1
17380;1
11173;1
102709;1
103300;1
292113;1
102495;1
34769;1
408356;1
5663;1
32328;1
11023;1
59842;1
55930;1
55170;1
409149;1
440547;1
36727;1
21297;1
440365;1
426919;1
406608;1
6611;1
15102;1
102383;1
37906;1
18093;1
49947;1
49391;1
130485;1
40615;1
400342;1
12735;1
32947;1
104657;1
16184;1
14471;1
4949;1
440817;1
16787;1
422771;1
16826;1
45408;1
15094;1
438658;1
433867;1
6231;1
57863;1
816;1
22630;1
10690;1
6691;1
58464;1
432094;1
45633;1
300486;1
56147;1
47413;1
214118;1
122272;1
57993;1
20061;1
234021;1
58328;1
36356;1
439995;1
300489;1
12844;1
104330;1
27681;1
15430;1
40358;1
21992;1
3101;1
413900;1
58712;1
25510;1
35176;1
5444;1
39978;1
37063;1
14740;1
48473;1
239308;1
134304;1
14182;1
438436;1
3073;1
52760;1
16299;1
33823;1
214994;1
14325;1
401359;1
8241;1
51879;1
300395;1
40368;1
437917;1
33449;1
416197;1
8515;1
47623;1
46378;1
4200;1
414270;1
46720;1
17883;1
16942;1
26028;1
25924;1
45411;1
25382;1
30473;1
408598;1
44485;1
35005;1
27188;1
418262;1
27413;1
58989;1
19150;1
52595;1
440347;1
39953;1
409673;1
302131;1
24613;1
3571;1
57340;1
428056;1
4143;1
49962;1
27542;1
11326;1
53877;1
437955;1
120613;1
44318;1
104338;1
35730;1
105962;1
20351;1
10440;1
49705;1
20326;1
133775;1
10848;1
100508;1
10322;1
35588;1
55976;1
302398;1
50024;1
132589;1
34564;1
10996;1
47901;1
38883;1
411127;1
105130;1
43768;1
25097;1
130900;1
49736;1
302412;1
47673;1
3626;1
28282;1
15040;1
214224;1
24389;1
8889;1
105506;1
36484;1
122302;1
436395;1
7663;1
239858;1
26526;1
24568;1
104068;1
44537;1
429724;1
24206;1
10122;1
60394;1
51619;1
295001;1
40947;1
47569;1
37701;1
48600;1
1844;1
15751;1
40693;1
239379;1
6623;1
302206;1
439979;1
280;1
100587;1
104388;1
20086;1
127309;1
3243;1
23304;1
6773;1
2164;1
12015;1
434274;1
431369;1
44967;1
100480;1
403077;1
17711;1
30305;1
43896;1
101627;1
51233;1
21818;1
41495;1
102181;1
138732;1
34310;1
137280;1
102733;1
53623;1
405126;1
37783;1
18140;1
238247;1
1608;1
214383;1
214372;1
102806;1
407461;1
400027;1
238200;1
106451;1
418304;1
40065;1
20520;1
440769;1
6177;1
5278;1
105708;1
47159;1
8075;1
32472;1
105649;1
106146;1
19330;1
409804;1
214858;1
25916;1
23772;1
10773;1
411438;1
1316;1
100957;1
44278;1
11784;1
46180;1
1757;1
103797;1
130502;1
20394;1
1097;1
33774;1
28029;1
419772;1
20461;1
17656;1
138848;1
42628;1
419063;1
47408;1
39894;1
422489;1
6440;1
28198;1
26674;1
127328;1
39695;1
47922;1
434386;1
55196;1
31721;1
44746;1
103774;1
438764;1
434364;1
407578;1
53243;1
35175;1
402819;1
45088;1
43355;1
26950;1
7368;1
41084;1
410676;1
412864;1
16282;1
58115;1
36968;1
39716;1
409659;1
252001;1
42057;1
5859;1
101058;1
23290;1
39190;1
29755;1
9203;1
37622;1
101468;1
33640;1
3403;1
102776;1
6077;1
238296;1
133742;1
47369;1
14317;1
40429;1
27215;1
53666;1
432741;1
31898;1
41057;1
27790;1
11631;1
138877;1
18026;1
25542;1
435183;1
55440;1
48004;1
25694;1
6923;1
2938;1
103174;1
414907;1
238467;1
9237;1
444382;1
21777;1
16294;1
53317;1
104022;1
59268;1
28004;1
5227;1
292326;1
18995;1
38537;1
29269;1
121555;1
239253;1
239574;1
400473;1
401183;1
418270;1
17824;1
35478;1
26881;1
105066;1
105285;1
3275;1
424819;1
60276;1
15349;1
41712;1
3511;1
239464;1
57856;1
31247;1
10865;1
104476;1
4710;1
403519;1
35779;1
6486;1
9231;1
15043;1
37796;1
2187;1
102637;1
425694;1
402971;1
52671;1
7142;1
18557;1
29100;1
18561;1
425123;1
24243;1
418977;1
23125;1
39929;1
23360;1
431653;1
31608;1
8293;1
302099;1
23727;1
19715;1
407437;1
44433;1
7619;1
15614;1
38591;1
100239;1
35923;1
405822;1
403231;1
52060;1
51317;1
45901;1
42208;1
55488;1
37191;1
27115;1
101727;1
421427;1
9947;1
2755;1
444900;1
43592;1
102931;1
24868;1
50055;1
12317;1
434415;1
2725;1
24;1
105417;1
24419;1
130996;1
24331;1
46900;1
23057;1
7903;1
35885;1
35156;1
54007;1
19788;1
133956;1
214693;1
43016;1
133740;1
27000;1
46744;1
101279;1
25735;1
122039;1
26937;1
41431;1
409121;1
430340;1
5308;1
407213;1
423573;1
29185;1
23368;1
239656;1
36442;1
132492;1
406;1
43346;1
55176;1
120365;1
22668;1
20367;1
239731;1
14928;1
103446;1
19611;1
1573;1
38635;1
400575;1
28739;1
37596;1
44563;1
20350;1
32184;1
55645;1
105510;1
40952;1
104964;1
53572;1
31279;1
9000;1
33348;1
14199;1
405071;1
34071;1
11679;1
8967;1
214406;1
423858;1
35329;1
443780;1
20421;1
424774;1
103952;1
6732;1
417600;1
60477;1
238747;1
37659;1
21650;1
38430;1
21646;1
238237;1
22147;1
407338;1
103644;1
5372;1
436979;1
410759;1
31931;1
105634;1
35775;1
21788;1
25993;1
292246;1
33652;1
43511;1
42362;1
214329;1
56438;1
17888;1
32714;1
27404;1
6083;1
58722;1
18388;1
25635;1
45162;1
43959;1
43821;1
106438;1
418983;1
29671;1
422603;1
28431;1
25090;1
421940;1
44468;1
43861;1
34998;1
15425;1
56764;1
13464;1
54995;1
7758;1
17693;1
4786;1
283020;1
103509;1
38795;1
20721;1
34024;1
4934;1
24391;1
33825;1
23891;1
792;1
422359;1
24659;1
101228;1
105292;1
43049;1
7170;1
39436;1
15151;1
359;1
104517;1
55028;1
36945;1
400352;1
19248;1
101821;1
9152;1
32934;1
40994;1
22020;1
439166;1
32558;1
34581;1
32527;1
214098;1
238493;1
137092;1
32582;1
104776;1
428156;1
52278;1
7183;1
8036;1
121370;1
48054;1
22174;1
45604;1
10008;1
59598;1
3247;1
442661;1
11053;1
238758;1
441770;1
1112;1
11689;1
102244;1
100046;1
16862;1
20441;1
105449;1
413505;1
16349;1
21689;1
6856;1
37836;1
401871;1
33285;1
31177;1
5389;1
411465;1
16358;1
878;1
443118;1
983;1
26594;1
9262;1
400660;1
54108;1
427149;1
418049;1
38446;1
12730;1
300227;1
26509;1
54271;1
239194;1
4443;1
60358;1
214638;1
10957;1
39714;1
6784;1
48782;1
426871;1
9243;1
11404;1
27971;1
238430;1
102067;1
821;1
52885;1
123288;1
41342;1
23872;1
404894;1
7062;1
42412;1
41317;1
25137;1
302456;1
30554;1
417290;1
414879;1
18635;1
104560;1
38427;1
21490;1
11868;1
28785;1
23779;1
22143;1
434725;1
30309;1
40673;1
413712;1
252010;1
414689;1
238492;1
9130;1
406478;1
410308;1
18076;1
403806;1
232018;1
435127;1
102625;1
407314;1
4820;1
20818;1
302448;1
426699;1
2645;1
28317;1
19604;1
38314;1
10039;1
214725;1
252011;1
22573;1
20713;1
405580;1
558;1
300367;1
34244;1
414421;1
2511;1
42014;1
22756;1
103352;1
37407;1
4261;1
412818;1
7208;1
102435;1
30788;1
7051;1
13346;1
7559;1
28922;1
17646;1
6497;1
44405;1
434870;1
100378;1
404848;1
106189;1
29375;1
214035;1
3349;1
39448;1
411653;1
59606;1
400929;1
411062;1
864;1
25273;1
24961;1
17934;1
15091;1
12365;1
401603;1
39560;1
54359;1
214840;1
434819;1
211070;1
54910;1
2554;1
423444;1
6828;1
17085;1
28887;1
625;1
54824;1
59326;1
435383;1
419125;1
22982;1
44228;1
27726;1
56139;1
302227;1
31360;1
52969;1
21826;1
31692;1
33333;1
10618;1
43473;1
5837;1
104735;1
43315;1
39934;1
101129;1
22837;1
21896;1
101292;1
37045;1
17531;1
38715;1
5546;1
8617;1
47355;1
100675;1
36900;1
106470;1
46156;1
122112;1
37960;1
302479;1
33008;1
7930;1
103597;1
137664;1
8022;1
27539;1
130695;1
39420;1
137260;1
1438;1
7197;1
122258;1
19418;1
426915;1
32870;1
29466;1
55513;1
24004;1
403107;1
211068;1
22848;1
436478;1
22651;1
49759;1
13973;1
6642;1
37675;1
45713;1
8021;1
106471;1
42340;1
33740;1
214749;1
428383;1
24052;1
11107;1
103871;1
436928;1
35922;1
55464;1
27775;1
50422;1
45606;1
35224;1
443182;1
35782;1
274027;1
120618;1
31649;1
101704;1
22633;1
35246;1
45848;1
2932;1
1487;1
100056;1
100395;1
15376;1
42101;1
40491;1
20101;1
42776;1
408666;1
228076;1
302020;1
405594;1
24881;1
238400;1
4310;1
19491;1
12121;1
45452;1
406539;1
23446;1
420016;1
48696;1
17698;1
300219;1
3090;1
43883;1
441706;1
21404;1
238998;1
56835;1
11670;1
37918;1
424766;1
404243;1
10249;1
59588;1
7257;1
36377;1
14878;1
28622;1
131019;1
414771;1
13413;1
8067;1
100545;1
5862;1
52661;1
416372;1
45659;1
18902;1
4937;1
300499;1
405412;1
24648;1
102917;1
21516;1
105532;1
11936;1
1208;1
57280;1
6307;1
16272;1
27126;1
441954;1
451;1
410768;1
18035;1
5135;1
9393;1
40258;1
105936;1
400196;1
1042;1
42802;1
7611;1
421305;1
30441;1
21029;1
53081;1
20417;1
8117;1
964;1
424341;1
211124;1
56384;1
100602;1
232047;1
14683;1
43040;1
50375;1
39997;1
5005;1
19143;1
120684;1
22246;1
610;1
232063;1
422202;1
39471;1
292270;1
50982;1
25308;1
44218;1
13358;1
132741;1
14180;1
6735;1
31526;1
238995;1
41614;1
20321;1
401716;1
100294;1
38912;1
515;1
22294;1
53981;1
18403;1
37985;1
417176;1
101473;1
571;1
19703;1
106170;1
5268;1
44897;1
1114;1
29248;1
414149;1
123009;1
3942;1
43472;1
34719;1
23449;1
44720;1
35738;1
408823;1
25423;1
30605;1
11232;1
26431;1
238082;1
2201;1
265;1
5714;1
4093;1
435652;1
9288;1
26112;1
28397;1
105722;1
238340;1
16328;1
100705;1
42592;1
432982;1
41792;1
12604;1
12739;1
44533;1
55629;1
414161;1
214237;1
414233;1
23810;1
8179;1
53787;1
13024;1
53645;1
443170;1
403766;1
38538;1
28402;1
17044;1
34282;1
214442;1
435572;1
427796;1
405636;1
30881;1
121168;1
401640;1
26566;1
39425;1
422157;1
45776;1
412806;1
5088;1
37518;1
24275;1
292226;1
19803;1
5434;1
37768;1
444350;1
21470;1
105262;1
400187;1
43375;1
19070;1
50477;1
429271;1
437863;1
232213;1
5019;1
14510;1
214078;1
20955;1
54845;1
419105;1
1691;1
121164;1
429469;1
103748;1
27772;1
40227;1
28562;1
11571;1
47958;1
38942;1
15443;1
295040;1
410694;1
404288;1
46161;1
3042;1
406060;1
404253;1
18329;1
36189;1
441240;1
434611;1
20365;1
408108;1
40497;1
403824;1
53913;1
44770;1
39543;1
412766;1
47711;1
214968;1
22252;1
7347;1
32803;1
18822;1
100457;1
1431;1
302128;1
34868;1
402708;1
214008;1
43179;1
6770;1
238103;1
407929;1
401423;1
7682;1
427265;1
101955;1
15703;1
403363;1
46774;1
436100;1
36258;1
307011;1
1692;1
23343;1
400300;1
101857;1
1463;1
408145;1
2400;1
409437;1
437915;1
36644;1
9991;1
28574;1
47173;1
427067;1
421842;1
31790;1
30716;1
28498;1
100452;1
433895;1
414913;1
7162;1
42081;1
31100;1
16819;1
131168;1
424028;1
23715;1
239781;1
16005;1
105394;1
104882;1
23283;1
14350;1
4278;1
9741;1
8403;1
49679;1
13038;1
433035;1
50637;1
403133;1
425582;1
402833;1
236045;1
33486;1
105694;1
292180;1
3774;1
49376;1
20292;1
411594;1
36456;1
26575;1
105245;1
13181;1
50606;1
39016;1
56218;1
32103;1
402360;1
48651;1
29310;1
22435;1
30042;1
9224;1
102889;1
40071;1
31948;1
27347;1
3900;1
302232;1
2586;1
18413;1
35037;1
22459;1
438156;1
300436;1
47100;1
302176;1
47716;1
239619;1
29631;1
429692;1
415714;1
104088;1
19511;1
105926;1
33118;1
22865;1
412095;1
238175;1
40828;1
646;1
10460;1
37803;1
43975;1
238858;1
410150;1
12689;1
300122;1
18087;1
57586;1
418485;1
238575;1
104134;1
31820;1
434462;1
103989;1
1697;1
101353;1
402907;1
10689;1
9802;1
408522;1
43637;1
424875;1
37591;1
30786;1
44311;1
239618;1
105762;1
422172;1
20864;1
408716;1
14391;1
33573;1
439250;1
29975;1
23882;1
21076;1
15953;1
400934;1
15484;1
8717;1
104877;1
24010;1
300305;1
8983;1
17666;1
404418;1
38268;1
8602;1
103860;1
39562;1
6235;1
403605;1
31127;1
101340;1
15722;1
404380;1
425716;1
10790;1
440001;1
44824;1
439502;1
33389;1
419852;1
402810;1
239860;1
18518;1
29325;1
59442;1
21733;1
21370;1
430272;1
104333;1
28063;1
12605;1
239300;1
433052;1
1209;1
405199;1
100738;1
214426;1
43661;1
434484;1
424889;1
211161;1
43576;1
11472;1
25799;1
38792;1
43062;1
100284;1
45574;1
42195;1
407178;1
8076;1
438917;1
33807;1
3727;1
49971;1
441002;1
414056;1
719;1
404293;1
56396;1
44249;1
30668;1
38131;1
16459;1
302385;1
411515;1
293;1
53386;1
22261;1
23382;1
7832;1
400200;1
234;1
423412;1
21434;1
49196;1
4055;1
14972;1
105108;1
19675;1
407619;1
2557;1
300214;1
22300;1
9077;1
4954;1
33407;1
32039;1
4046;1
3923;1
138814;1
47573;1
27962;1
214950;1
47514;1
45183;1
6530;1
434109;1
26866;1
403627;1
10397;1
4526;1
34800;1
10065;1
2556;1
232215;1
434880;1
2053;1
1563;1
238984;1
21195;1
23819;1
3616;1
100662;1
41687;1
38518;1
400340;1
28881;1
56813;1
214275;1
478;1
13072;1
56168;1
25383;1
46885;1
26832;1
7666;1
404321;1
9443;1
425423;1
56200;1
409975;1
214894;1
8204;1
29087;1
433349;1
35707;1
419139;1
20528;1
13326;1
5916;1
38525;1
33513;1
5201;1
6913;1
422759;1
239715;1
426794;1
103660;1
435036;1
434115;1
41579;1
53637;1
56019;1
14791;1
10744;1
411426;1
422083;1
407235;1
16257;1
302163;1
101686;1
45802;1
10353;1
300033;1
29409;1
238298;1
46765;1
19040;1
35789;1
57477;1
428216;1
49426;1
4795;1
37157;1
36656;1
18395;1
36911;1
17839;1
101919;1
122334;1
32706;1
44575;1
19986;1
18932;1
28449;1
39312;1
38442;1
93;1
130240;1
418481;1
419123;1
39015;1
26217;1
440192;1
3629;1
300414;1
232016;1
406335;1
23666;1
120070;1
25303;1
1529;1
44878;1
104844;1
19138;1
21798;1
13723;1
4383;1
214697;1
25206;1
8881;1
14280;1
26576;1
55998;1
2876;1
2490;1
56008;1
423208;1
33582;1
413943;1
20291;1
38547;1
1888;1
403139;1
27824;1
105284;1
31920;1
283098;1
211339;1
23500;1
409237;1
101621;1
106012;1
59145;1
13538;1
58923;1
402436;1
295050;1
432537;1
3356;1
54559;1
29620;1
52117;1
37263;1
55080;1
31822;1
30616;1
5193;1
42603;1
436793;1
51692;1
418729;1
42830;1
6848;1
137317;1
422253;1
11256;1
437934;1
57877;1
23198;1
407959;1
34549;1
389;1
133850;1
15369;1
45473;1
419600;1
41208;1
33383;1
214920;1
22383;1
120078;1
104912;1
14576;1
44762;1
418973;1
422969;1
104017;1
25092;1
36230;1
427043;1
13444;1
24713;1
409269;1
133860;1
43336;1
39576;1
4004;1
407879;1
46250;1
3913;1
133914;1
54476;1
403525;1
6997;1
29823;1
407064;1
2442;1
43501;1
43163;1
406964;1
14177;1
404609;1
104116;1
31501;1
423585;1
57852;1
19723;1
11711;1
57126;1
55968;1
9800;1
20888;1
412898;1
14933;1
34461;1
22319;1
412982;1
14068;1
432727;1
133951;1
47083;1
409374;1
52771;1
41861;1
407649;1
439244;1
407609;1
46321;1
23700;1
42642;1
400206;1
14816;1
28172;1
18797;1
432108;1
404755;1
17201;1
214015;1
121259;1
105429;1
134302;1
48442;1
123466;1
9219;1
40725;1
238319;1
47723;1
34351;1
441990;1
402712;1
18523;1
30977;1
25070;1
42725;1
44839;1
12278;1
24398;1
103794;1
239078;1
5314;1
104369;1
57334;1
34920;1
9263;1
422731;1
417738;1
48231;1
32215;1
24910;1
21658;1
127626;1
7533;1
59109;1
41042;1
103460;1
32753;1
420597;1
106065;1
14368;1
29465;1
57999;1
435220;1
29250;1
418741;1
7188;1
421670;1
420479;1
105537;1
15634;1
44636;1
104110;1
55167;1
425213;1
2771;1
214705;1
403438;1
54379;1
103557;1
9751;1
57338;1
300041;1
9530;1
407030;1
36394;1
39923;1
23238;1
36636;1
30526;1
104037;1
443369;1
426705;1
30973;1
424;1
25341;1
55259;1
11443;1
48357;1
8423;1
48202;1
105596;1
407253;1
48356;1
101106;1
100051;1
214077;1
53482;1
29393;1
21671;1
46343;1
16870;1
38605;1
25959;1
214189;1
30485;1
25627;1
102632;1
211352;1
56190;1
59746;1
49339;1
414214;1
438178;1
137339;1
421814;1
11949;1
102007;1
403241;1
38297;1
37452;1
27353;1
26170;1
10645;1
20819;1
45283;1
59163;1
42907;1
52533;1
104277;1
106002;1
24791;1
9403;1
47223;1
29594;1
302486;1
33808;1
428433;1
36662;1
238676;1
5836;1
14555;1
30989;1
45361;1
422633;1
33041;1
54128;1
103249;1
49532;1
15933;1
292204;1
13790;1
913;1
24261;1
24360;1
16158;1
47194;1
214672;1
13312;1
4682;1
401837;1
101690;1
41540;1
104930;1
42240;1
4557;1
101843;1
23990;1
214511;1
439947;1
32455;1
19477;1
26251;1
22882;1
411609;1
33058;1
427903;1
424907;1
401841;1
38852;1
20838;1
8945;1
25772;1
12939;1
298029;1
50511;1
424026;1
60498;1
37439;1
48166;1
4966;1
407935;1
28701;1
34856;1
300012;1
54841;1
19178;1
15907;1
103044;1
411236;1
39212;1
401951;1
47607;1
409917;1
11070;1
238155;1
414619;1
440885;1
26399;1
27122;1
17869;1
17975;1
26896;1
20671;1
419836;1
434302;1
415601;1
6350;1
27080;1
42263;1
41770;1
30744;1
37177;1
14579;1
43378;1
58605;1
23857;1
104680;1
41576;1
403015;1
25250;1
35606;1
30581;1
54563;1
211319;1
415003;1
131037;1
404499;1
17091;1
33334;1
35624;1
8006;1
11335;1
430293;1
36833;1
33184;1
30586;1
45277;1
105147;1
29732;1
100655;1
34187;1
412730;1
427503;1
46007;1
12522;1
238217;1
14304;1
17278;1
8467;1
24973;1
39458;1
22116;1
420084;1
44542;1
441794;1
32587;1
45915;1
9919;1
37016;1
49854;1
445681;1
17373;1
103308;1
120396;1
238462;1
6788;1
35908;1
38338;1
28901;1
25520;1
44341;1
40704;1
6244;1
36882;1
405967;1
43626;1
3711;1
10433;1
403169;1
120126;1
31618;1
41711;1
31295;1
4486;1
102303;1
402392;1
138399;1
39403;1
28581;1
2848;1
214837;1
211195;1
31738;1
14640;1
10156;1
415180;1
35657;1
239173;1
425617;1
132578;1
15402;1
6769;1
56833;1
24410;1
214211;1
130770;1
40126;1
407708;1
53342;1
214062;1
25809;1
4380;1
100124;1
404382;1
7953;1
33810;1
31597;1
34822;1
404593;1
17639;1
425823;1
29351;1
53115;1
434782;1
292063;1
51679;1
42640;1
13465;1
5995;1
13171;1
123053;1
56064;1
27627;1
2445;1
43607;1
37972;1
12596;1
401459;1
12360;1
102493;1
12304;1
50682;1
53189;1
10319;1
105370;1
11845;1
434541;1
24657;1
28505;1
421646;1
7539;1
16096;1
6553;1
2481;1
106442;1
402867;1
9732;1
1773;1
1801;1
214318;1
30762;1
232030;1
22921;1
20213;1
25860;1
42188;1
104228;1
11145;1
40018;1
31325;1
411021;1
100822;1
4359;1
56349;1
402784;1
26805;1
27904;1
23;1
300044;1
45769;1
1521;1
43458;1
11894;1
50878;1
50705;1
37469;1
53525;1
120692;1
24258;1
44483;1
55548;1
300191;1
444854;1
403634;1
40596;1
19335;1
50941;1
3736;1
38283;1
404622;1
300483;1
26069;1
404998;1
34864;1
23833;1
444087;1
54295;1
23916;1
9570;1
31728;1
35018;1
43109;1
28754;1
7224;1
37499;1
419986;1
300091;1
11520;1
42256;1
5554;1
31068;1
413927;1
133776;1
423657;1
31935;1
43662;1
417648;1
28549;1
12652;1
101705;1
122005;1
26275;1
58228;1
50065;1
200036;1
426318;1
101320;1
20862;1
23467;1
200062;1
13827;1
54315;1
17643;1
407183;1
400843;1
30375;1
402803;1
101929;1
24034;1
307007;1
41481;1
53193;1
1032;1
37671;1
34154;1
238263;1
24328;1
7401;1
435657;1
405111;1
1518;1
105587;1
43030;1
21669;1
433029;1
41257;1
52853;1
27722;1
13169;1
102798;1
42508;1
47897;1
58811;1
1746;1
401580;1
25057;1
434803;1
55022;1
20524;1
39668;1
17418;1
421391;1
414359;1
22265;1
16099;1
21521;1
10393;1
407322;1
101194;1
402751;1
42099;1
437219;1
24302;1
42569;1
403877;1
132458;1
41984;1
46499;1
445783;1
41376;1
24580;1
105574;1
12855;1
100048;1
45134;1
31905;1
14920;1
43338;1
7523;1
56128;1
45858;1
16920;1
55302;1
5462;1
121200;1
103467;1
26754;1
51530;1
438721;1
59188;1
106087;1
15926;1
10358;1
46867;1
433994;1
430324;1
6681;1
103370;1
39765;1
127555;1
211151;1
19508;1
47060;1
214992;1
40678;1
6957;1
274050;1
417842;1
56795;1
25859;1
9927;1
401436;1
56105;1
105805;1
105798;1
40957;1
34986;1
103780;1
57312;1
20734;1
38902;1
423570;1
38623;1
43793;1
400821;1
17023;1
408409;1
423434;1
11506;1
34198;1
211146;1
58632;1
22260;1
45885;1
432903;1
38180;1
138507;1
26790;1
103674;1
24475;1
28339;1
42436;1
1379;1
101780;1
132759;1
422647;1
34229;1
103479;1
239141;1
137169;1
58995;1
40978;1
239926;1
20998;1
38289;1
7596;1
414433;1
33318;1
25234;1
16255;1
127364;1
405075;1
41240;1
439991;1
22569;1
43670;1
12364;1
54172;1
39125;1
11552;1
54132;1
47562;1
232108;1
29131;1
101448;1
232007;1
37797;1
40419;1
3911;1
13821;1
401318;1
8426;1
53857;1
56421;1
25793;1
239636;1
28719;1
38058;1
48015;1
122213;1
40247;1
29288;1
50992;1
239172;1
4080;1
44764;1
100287;1
419137;1
33522;1
58833;1
35843;1
31619;1
34163;1
38840;1
24440;1
1288;1
404844;1
43688;1
8920;1
3376;1
36717;1
36443;1
44767;1
34388;1
253011;1
101289;1
43994;1
407485;1
21965;1
6138;1
18906;1
406212;1
29317;1
283081;1
103776;1
23593;1
440705;1
405006;1
200052;1
417792;1
133771;1
17696;1
25946;1
26439;1
8053;1
43697;1
441397;1
105490;1
37944;1
37473;1
55764;1
21621;1
24218;1
47093;1
439949;1
32173;1
9629;1
4678;1
38451;1
59144;1
17804;1
10725;1
52619;1
14918;1
33777;1
17384;1
8394;1
413306;1
19522;1
42220;1
426834;1
424728;1
402897;1
24545;1
20913;1
228066;1
14067;1
421311;1
51650;1
5843;1
438725;1
58492;1
5729;1
53954;1
103402;1
100211;1
39251;1
33196;1
122113;1
239896;1
104577;1
47098;1
105942;1
2614;1
59620;1
44559;1
44396;1
42114;1
102195;1
1331;1
15447;1
420491;1
33936;1
410115;1
7090;1
3725;1
10677;1
556;1
22059;1
10219;1
18696;1
302242;1
7130;1
9768;1
104326;1
104233;1
23469;1
33831;1
37057;1
36784;1
439919;1
10585;1
32796;1
100342;1
236042;1
45815;1
47816;1
38397;1
37668;1
38395;1
41207;1
58417;1
27245;1
19;1
414284;1
120671;1
33387;1
30216;1
6922;1
41869;1
419166;1
130640;1
53376;1
103285;1
33944;1
429758;1
41925;1
25059;1
40231;1
100336;1
430834;1
239673;1
34444;1
31572;1
13205;1
24375;1
120631;1
10159;1
36372;1
101667;1
23187;1
13503;1
55502;1
406308;1
36974;1
24544;1
17219;1
411402;1
25436;1
27636;1
41956;1
33827;1
8767;1
12894;1
27923;1
24006;1
7607;1
54613;1
4197;1
2;1
26869;1
45959;1
3735;1
44167;1
130508;1
39951;1
102965;1
253020;1
211128;1
214818;1
13426;1
2140;1
9821;1
417412;1
2575;1
408548;1
440293;1
41183;1
19042;1
19548;1
14487;1
17775;1
120004;1
220036;1
9752;1
407996;1
11928;1
45175;1
41475;1
31850;1
138863;1
39498;1
9482;1
23337;1
441287;1
292061;1
298018;1
24553;1
41289;1
8516;1
432225;1
52715;1
43046;1
59342;1
100047;1
238853;1
40857;1
405820;1
403782;1
43456;1
34013;1
56726;1
137523;1
214766;1
37351;1
413913;1
12271;1
60254;1
36364;1
26644;1
48454;1
43124;1
138296;1
14434;1
5819;1
1804;1
6204;1
31744;1
101983;1
2579;1
2526;1
48336;1
30557;1
51153;1
408302;1
8776;1
5623;1
400401;1
252041;1
120687;1
239158;1
239979;1
214593;1
103351;1
13513;1
102290;1
19475;1
41440;1
32802;1
425829;1
130692;1
104881;1
54822;1
104809;1
53436;1
17500;1
3728;1
36561;1
415079;1
27581;1
27164;1
51465;1
12677;1
102264;1
49887;1
43812;1
4371;1
292222;1
45886;1
4430;1
10262;1
29885;1
4429;1
29651;1
28076;1
3107;1
31232;1
4533;1
430895;1
32118;1
137326;1
43539;1
6920;1
1334;1
2465;1
238706;1
34298;1
120829;1
17202;1
3308;1
105182;1
15734;1
42339;1
300116;1
6325;1
30242;1
211409;1
25112;1
14154;1
15764;1
31650;1
45852;1
55424;1
31343;1
424742;1
421733;1
403555;1
238419;1
404278;1
3689;1
411284;1
300299;1
48769;1
1265;1
302326;1
21045;1
435842;1
54938;1
35764;1
36602;1
28774;1
1048;1
105114;1
10717;1
15554;1
5069;1
402138;1
17665;1
50509;1
17636;1
28697;1
238985;1
27329;1
12265;1
122118;1
103919;1
53388;1
15148;1
7821;1
15854;1
15416;1
13943;1
402737;1
19433;1
54058;1
214178;1
14777;1
52777;1
53776;1
232179;1
39812;1
405205;1
214083;1
54027;1
8751;1
104739;1
40955;1
44800;1
13318;1
23335;1
283060;1
4459;1
28882;1
16011;1
28496;1
21631;1
100659;1
414403;1
58574;1
424855;1
20434;1
28298;1
59186;1
13879;1
28489;1
7713;1
444253;1
34353;1
44247;1
2737;1
28110;1
52059;1
103953;1
130532;1
404625;1
6942;1
409713;1
130653;1
434113;1
11556;1
32492;1
214234;1
105153;1
1397;1
2160;1
41855;1
15256;1
232107;1
60235;1
21755;1
47115;1
17971;1
302329;1
434097;1
15329;1
214581;1
48577;1
407598;1
2817;1
51731;1
43446;1
14210;1
408413;1
421377;1
5366;1
43364;1
406697;1
5646;1
417455;1
28579;1
103730;1
445755;1
37597;1
302235;1
402841;1
401778;1
17744;1
415091;1
130797;1
425674;1
127590;1
26711;1
407360;1
37691;1
55106;1
32511;1
18276;1
3541;1
47990;1
407427;1
13670;1
46858;1
300326;1
101230;1
43173;1
410230;1
19093;1
57240;1
47740;1
20395;1
440697;1
37053;1
42421;1
434004;1
47250;1
422325;1
42618;1
2705;1
439977;1
47003;1
43118;1
40688;1
9011;1
214592;1
132435;1
43266;1
7782;1
30781;1
28429;1
102879;1
20331;1
18057;1
211168;1
32512;1
100834;1
11496;1
56896;1
15671;1
1914;1
214777;1
432940;1
1401;1
30904;1
292036;1
40362;1
29168;1
343;1
302002;1
32189;1
57111;1
214800;1
57500;1
48761;1
103553;1
101426;1
12499;1
2288;1
56567;1
22251;1
411466;1
11059;1
104347;1
42529;1
274003;1
41953;1
412828;1
402132;1
38811;1
432257;1
445363;1
39937;1
19868;1
238768;1
239721;1
100955;1
19012;1
23236;1
433283;1
408509;1
211110;1
405480;1
28836;1
47215;1
19999;1
414625;1
101034;1
232182;1
1246;1
9851;1
36098;1
57850;1
22027;1
239281;1
428359;1
428431;1
10767;1
402962;1
3879;1
101691;1
42295;1
21218;1
55854;1
100750;1
414220;1
101491;1
411153;1
44201;1
6005;1
211104;1
42626;1
100204;1
5893;1
200009;1
32402;1
27699;1
46909;1
104414;1
439679;1
43369;1
444279;1
20620;1
4168;1
14056;1
138504;1
302460;1
24656;1
27400;1
101401;1
59662;1
131080;1
9308;1
49282;1
430806;1
40194;1
444117;1
20007;1
412854;1
40169;1
32111;1
138485;1
298025;1
443990;1
38051;1
102440;1
37441;1
376;1
37731;1
42736;1
104987;1
127576;1
411183;1
4370;1
410690;1
405007;1
48678;1
31562;1
44138;1
411613;1
17075;1
211355;1
7148;1
20035;1
21056;1
44036;1
5046;1
25811;1
29127;1
434214;1
438973;1
54945;1
37110;1
302228;1
211241;1
439411;1
2656;1
406031;1
32392;1
46775;1
40492;1
19357;1
31288;1
45185;1
5526;1
406415;1
23043;1
32357;1
29239;1
29644;1
39083;1
23897;1
7990;1
36981;1
302269;1
105372;1
51555;1
20438;1
122002;1
426826;1
420342;1
34795;1
102262;1
32865;1
11188;1
59752;1
12199;1
32993;1
37737;1
45378;1
54964;1
38770;1
44460;1
19027;1
31669;1
13446;1
18213;1
239578;1
53091;1
43481;1
11062;1
43747;1
418463;1
105745;1
55089;1
12946;1
434589;1
48371;1
238407;1
408766;1
104039;1
32084;1
45239;1
24632;1
300226;1
18836;1
44474;1
54634;1
102881;1
58211;1
211361;1
413995;1
25975;1
10841;1
40274;1
1055;1
401280;1
137127;1
11764;1
46917;1
14168;1
238252;1
39648;1
54533;1
24605;1
42544;1
238441;1
15670;1
18962;1
33613;1
427175;1
9618;1
18089;1
239035;1
444305;1
52342;1
402008;1
1580;1
429943;1
3925;1
21082;1
58454;1
7272;1
19535;1
47807;1
19648;1
239536;1
32411;1
429780;1
400310;1
409821;1
14477;1
11886;1
133857;1
102474;1
23124;1
439927;1
7936;1
7524;1
130790;1
27704;1
4424;1
103232;1
444231;1
30510;1
5466;1
4020;1
18981;1
18947;1
104823;1
15783;1
30883;1
15841;1
21219;1
13402;1
439981;1
239647;1
1090;1
292118;1
43137;1
40285;1
9191;1
34129;1
405899;1
45530;1
402043;1
15695;1
302285;1
22099;1
38878;1
419996;1
102232;1
16362;1
30885;1
13758;1
50730;1
424124;1
29161;1
19077;1
2690;1
33386;1
41859;1
100727;1
104463;1
23919;1
44322;1
13710;1
103645;1
55770;1
238732;1
411064;1
15900;1
33702;1
46487;1
8929;1
4917;1
37979;1
20997;1
302065;1
26240;1
30468;1
47392;1
20047;1
31117;1
100905;1
435654;1
24859;1
24587;1
408357;1
37997;1
13590;1
12336;1
32322;1
6771;1
105261;1
49540;1
101867;1
38304;1
400467;1
11251;1
412617;1
43799;1
33207;1
33706;1
295016;1
5323;1
21711;1
120364;1
103627;1
44361;1
11968;1
10153;1
6085;1
18663;1
59499;1
211107;1
9615;1
57356;1
410025;1
24449;1
2815;1
17686;1
45403;1
418258;1
40223;1
18496;1
50862;1
1140;1
25131;1
10379;1
40854;1
15862;1
405044;1
48204;1
38355;1
438954;1
214215;1
130967;1
34505;1
33335;1
41401;1
29851;1
32725;1
104363;1
55552;1
102532;1
120123;1
32897;1
414629;1
9858;1
239124;1
38226;1
417706;1
101128;1
22557;1
414329;1
422087;1
6385;1
3595;1
6197;1
9558;1
105393;1
59959;1
10519;1
36869;1
42660;1
410696;1
8142;1
102394;1
239822;1
38122;1
58498;1
29669;1
22895;1
900;1
419214;1
104033;1
57528;1
41484;1
407435;1
33734;1
32164;1
35880;1
20161;1
411019;1
1197;1
103267;1
6675;1
2369;1
27619;1
427927;1
411738;1
47622;1
101752;1
406279;1
407379;1
102697;1
32148;1
782;1
100382;1
24830;1
418348;1
51146;1
18039;1
429710;1
238046;1
428740;1
26347;1
425851;1
9373;1
21519;1
40192;1
416211;1
12330;1
16667;1
34927;1
442284;1
15420;1
402204;1
439727;1
23429;1
23741;1
44465;1
100639;1
58237;1
47762;1
27513;1
403338;1
101002;1
23559;1
7392;1
239930;1
137336;1
24556;1
101928;1
440361;1
22024;1
22541;1
49978;1
429191;1
23148;1
5568;1
820;1
39197;1
417490;1
35300;1
200050;1
300115;1
17815;1
400641;1
16984;1
24639;1
58977;1
413886;1
8886;1
50813;1
55734;1
52296;1
6684;1
2169;1
418372;1
45436;1
427240;1
10878;1
27650;1
48365;1
104942;1
32420;1
23318;1
12453;1
10662;1
238496;1
438247;1
130282;1
22084;1
402131;1
38666;1
300057;1
211073;1
46795;1
102512;1
434368;1
25921;1
43102;1
123291;1
400633;1
12203;1
1282;1
214598;1
12600;1
105585;1
418491;1
236014;1
424014;1
25717;1
8073;1
5225;1
185;1
404332;1
57270;1
444464;1
27482;1
220037;1
5400;1
41768;1
14912;1
409147;1
42004;1
32399;1
45893;1
101989;1
238228;1
100798;1
51595;1
7620;1
54589;1
239320;1
19801;1
400531;1
23129;1
24414;1
40818;1
101137;1
30970;1
10678;1
3135;1
432015;1
35254;1
13595;1
9289;1
429453;1
51400;1
43078;1
27841;1
18526;1
429958;1
37661;1
214798;1
9121;1
3085;1
421889;1
51377;1
137289;1
1171;1
3203;1
401754;1
25750;1
24862;1
43878;1
45931;1
11039;1
10245;1
17792;1
31876;1
138414;1
10898;1
5028;1
29281;1
14571;1
38479;1
444346;1
19052;1
236149;1
30805;1
26693;1
19257;1
443760;1
420955;1
41348;1
17834;1
59438;1
55092;1
55456;1
40379;1
16486;1
420735;1
100519;1
46627;1
13893;1
429380;1
415373;1
105317;1
58642;1
12399;1
7265;1
292305;1
56156;1
35801;1
122235;1
3695;1
403147;1
56133;1
104614;1
412960;1
404787;1
25437;1
7468;1
43900;1
10641;1
12587;1
10794;1
2947;1
16171;1
1934;1
239831;1
23176;1
56307;1
38465;1
2844;1
7934;1
54863;1
424851;1
31061;1
42186;1
23598;1
2887;1
42715;1
8485;1
415571;1
11594;1
28543;1
25868;1
5003;1
106672;1
31991;1
402731;1
38720;1
38331;1
26536;1
400547;1
408837;1
400774;1
1785;1
31050;1
14266;1
26751;1
38710;1
47018;1
40374;1
39772;1
418402;1
239048;1
17210;1
41063;1
104875;1
28021;1
13249;1
14979;1
29839;1
25408;1
32459;1
238893;1
45782;1
103541;1
7164;1
300218;1
121372;1
4092;1
13070;1
10177;1
407825;1
59892;1
39045;1
52959;1
4489;1
34075;1
28092;1
439541;1
21001;1
25950;1
407170;1
1082;1
137681;1
413766;1
24626;1
47204;1
292234;1
28311;1
211420;1
37235;1
44260;1
403187;1
34379;1
43312;1
11595;1
106897;1
15259;1
57432;1
22234;1
302240;1
11009;1
34542;1
422911;1
38891;1
18936;1
41421;1
323;1
3273;1
402847;1
138727;1
103069;1
46908;1
430808;1
409143;1
214929;1
28144;1
18705;1
3683;1
39742;1
29657;1
26297;1
414843;1
7135;1
401250;1
45475;1
10882;1
37857;1
133915;1
19526;1
419982;1
238027;1
102100;1
430643;1
11973;1
3252;1
239470;1
51717;1
21758;1
100892;1
39861;1
45730;1
408371;1
100437;1
7223;1
419160;1
403473;1
239355;1
100126;1
105482;1
59262;1
103944;1
8258;1
38112;1
45977;1
5166;1
302477;1
214664;1
27826;1
24063;1
32142;1
216;1
11190;1
403827;1
414660;1
19465;1
958;1
211357;1
283131;1
120805;1
404826;1
415052;1
21442;1
437122;1
9062;1
413061;1
51901;1
7391;1
39080;1
434609;1
23156;1
499;1
30706;1
7594;1
5973;1
104908;1
26008;1
43026;1
37843;1
102759;1
19761;1
103281;1
31984;1
48179;1
24115;1
436240;1
441345;1
292090;1
238691;1
54575;1
45437;1
26382;1
4862;1
406349;1
11415;1
14942;1
101607;1
27411;1
39599;1
25366;1
238271;1
45714;1
41950;1
13362;1
39634;1
44983;1
43018;1
105652;1
105910;1
901;1
103881;1
22103;1
100528;1
7609;1
40020;1
17986;1
18848;1
24392;1
41826;1
302208;1
6179;1
44850;1
24005;1
402936;1
19231;1
23452;1
404730;1
32302;1
436158;1
29454;1
34647;1
54504;1
34289;1
6862;1
439733;1
9567;1
105940;1
57489;1
238330;1
409146;1
274004;1
438872;1
402835;1
46967;1
403893;1
8509;1
10811;1
131031;1
48111;1
10002;1
100306;1
402089;1
8862;1
283118;1
14048;1
103436;1
29121;1
7431;1
25358;1
21385;1
39127;1
405741;1
50015;1
7674;1
9359;1
13434;1
54750;1
17858;1
9186;1
58021;1
35945;1
35647;1
433113;1
40290;1
102238;1
23288;1
54848;1
298008;1
43968;1
103061;1
411260;1
3373;1
32806;1
47416;1
60338;1
425455;1
214537;1
292152;1
1030;1
26002;1
412609;1
11058;1
409809;1
21947;1
18729;1
401165;1
15877;1
414623;1
40617;1
292085;1
16243;1
2576;1
130812;1
23757;1
38187;1
15407;1
105572;1
42065;1
239171;1
238378;1
421751;1
439359;1
58392;1
59566;1
2441;1
405791;1
48457;1
37280;1
29747;1
55806;1
120635;1
424015;1
402845;1
404364;1
411017;1
434650;1
11101;1
53695;1
417668;1
22488;1
438700;1
2397;1
418837;1
26354;1
31955;1
21715;1
37381;1
43927;1
407180;1
424776;1
1786;1
220016;1
102190;1
56068;1
55921;1
128114;1
5792;1
50841;1
415116;1
28773;1
16792;1
1098;1
412615;1
402128;1
29680;1
15235;1
421893;1
420613;1
100650;1
421753;1
6286;1
10296;1
238882;1
59009;1
39902;1
424076;1
31224;1
403332;1
409699;1
22407;1
40159;1
138837;1
22104;1
439833;1
51472;1
28510;1
44623;1
36271;1
23237;1
40522;1
51266;1
56260;1
58235;1
43313;1
45274;1
6830;1
444137;1
430549;1
645;1
120456;1
29357;1
438261;1
33234;1
13807;1
236121;1
24515;1
12156;1
122111;1
5902;1
35682;1
292261;1
14019;1
131026;1
101533;1
22348;1
422729;1
42501;1
211187;1
4857;1
3034;1
34038;1
105737;1
409780;1
27143;1
8876;1
100761;1
40962;1
100451;1
41089;1
59796;1
48253;1
104821;1
33979;1
33896;1
20738;1
437163;1
13736;1
41667;1
23949;1
32890;1
29791;1
7672;1
444490;1
17393;1
292282;1
3251;1
407208;1
101486;1
10931;1
13634;1
130782;1
100656;1
9986;1
439355;1
29542;1
30419;1
19000;1
33181;1
4302;1
409342;1
45291;1
6901;1
48562;1
102530;1
38175;1
12370;1
32291;1
430709;1
59011;1
14496;1
46370;1
238026;1
23656;1
9053;1
131069;1
19624;1
40365;1
5124;1
27005;1
407304;1
1477;1
100165;1
8969;1
300464;1
26413;1
34754;1
102363;1
40221;1
29470;1
419029;1
1674;1
411011;1
50223;1
102341;1
8588;1
418497;1
122126;1
13488;1
16568;1
32913;1
406311;1
27077;1
6916;1
46758;1
46114;1
12332;1
1296;1
103298;1
214340;1
404955;1
103656;1
56459;1
28499;1
19989;1
22264;1
9199;1
407823;1
38744;1
20975;1
24493;1
34793;1
422781;1
33646;1
43111;1
52027;1
32109;1
28582;1
24802;1
20002;1
53597;1
130389;1
8251;1
33103;1
43101;1
122103;1
440711;1
439571;1
46542;1
1767;1
42791;1
28591;1
33753;1
58920;1
130825;1
30640;1
33413;1
4894;1
300539;1
28702;1
408400;1
3220;1
263;1
31544;1
38236;1
21313;1
100315;1
239856;1
28058;1
106324;1
417132;1
30659;1
33284;1
48623;1
43077;1
101747;1
7144;1
21139;1
53298;1
35383;1
42698;1
52265;1
120015;1
19793;1
401584;1
5357;1
20075;1
49821;1
406745;1
418368;1
4243;1
3081;1
121193;1
428343;1
2766;1
32078;1
13319;1
17183;1
22530;1
102208;1
36616;1
20635;1
401121;1
29221;1
104264;1
238655;1
50279;1
42297;1
456;1
796;1
1247;1
47075;1
44500;1
409029;1
137668;1
22559;1
38418;1
400922;1
417286;1
400475;1
26256;1
100410;1
292225;1
55113;1
2395;1
7271;1
48220;1
43344;1
44244;1
25263;1
25463;1
1383;1
438239;1
26889;1
8910;1
53539;1
228086;1
12510;1
41462;1
12707;1
32266;1
55253;1
54202;1
106888;1
433629;1
30334;1
7314;1
28093;1
100716;1
103926;1
440585;1
8212;1
25751;1
100886;1
19290;1
422739;1
23950;1
45441;1
14492;1
2421;1
15704;1
411316;1
43039;1
429096;1
36343;1
48446;1
423619;1
238474;1
406474;1
2295;1
20500;1
419158;1
59159;1
29751;1
40450;1
238907;1
8231;1
49475;1
43215;1
10429;1
15504;1
101956;1
430673;1
433098;1
4943;1
416027;1
420561;1
2377;1
47829;1
1935;1
43702;1
23169;1
406480;1
103262;1
101363;1
428134;1
45474;1
55095;1
33175;1
413280;1
402350;1
400899;1
20902;1
232033;1
102477;1
232068;1
18923;1
58350;1
406929;1
238114;1
105753;1
439140;1
4697;1
52218;1
16935;1
27445;1
400950;1
29026;1
214945;1
18031;1
40401;1
28655;1
35073;1
18090;1
30252;1
41349;1
58472;1
12000;1
300413;1
36539;1
46565;1
10292;1
5238;1
414690;1
38516;1
21995;1
22671;1
104225;1
59053;1
443808;1
22793;1
29231;1
48974;1
437545;1
35004;1
22919;1
17799;1
403917;1
46629;1
29978;1
295041;1
6343;1
45487;1
35339;1
134245;1
44525;1
43739;1
24430;1
300532;1
31405;1
39007;1
417344;1
19180;1
402791;1
35438;1
42177;1
38223;1
51831;1
32004;1
37435;1
31741;1
404442;1
4961;1
28155;1
30299;1
232021;1
24009;1
13124;1
413945;1
36207;1
43714;1
292151;1
46912;1
32080;1
11290;1
45764;1
42690;1
13937;1
49118;1
47690;1
13501;1
20634;1
14781;1
14922;1
25447;1
50935;1
10846;1
979;1
24938;1
300406;1
27970;1
46474;1
33512;1
439993;1
42838;1
417466;1
7636;1
130866;1
11745;1
33343;1
413590;1
47417;1
33521;1
132577;1
21970;1
32948;1
47366;1
214792;1
19489;1
420196;1
28212;1
26193;1
20297;1
300480;1
127597;1
18475;1
1500;1
56186;1
58580;1
39252;1
25291;1
232038;1
38272;1
17704;1
443051;1
410031;1
29836;1
29305;1
100076;1
43345;1
444850;1
12395;1
137383;1
24021;1
11785;1
9178;1
6960;1
54474;1
30127;1
33018;1
137171;1
421449;1
101925;1
43388;1
102323;1
430338;1
20496;1
9085;1
19195;1
41978;1
7458;1
4258;1
127619;1
420515;1
28056;1
9656;1
104396;1
60392;1
38957;1
23553;1
239030;1
39807;1
55219;1
283067;1
302468;1
32030;1
103572;1
238074;1
9472;1
423596;1
26184;1
4640;1
17034;1
12536;1
28980;1
19974;1
105006;1
1166;1
43432;1
4182;1
25050;1
42772;1
15112;1
29539;1
16291;1
41604;1
37151;1
17760;1
105553;1
51720;1
6839;1
48367;1
29862;1
402768;1
11995;1
9490;1
53808;1
57967;1
37929;1
120061;1
37801;1
46549;1
106124;1
138508;1
2867;1
27866;1
39740;1
41892;1
214348;1
30965;1
420314;1
42815;1
28383;1
42169;1
43703;1
5007;1
418382;1
45544;1
9716;1
409586;1
446;1
38821;1
8632;1
24200;1
19699;1
14569;1
57555;1
105954;1
274046;1
239556;1
2618;1
3667;1
10704;1
27138;1
40289;1
27284;1
414615;1
414985;1
283166;1
300295;1
10548;1
1452;1
14063;1
239825;1
137089;1
37371;1
18228;1
400465;1
413807;1
26017;1
21062;1
6501;1
14246;1
40801;1
211234;1
22776;1
48673;1
138490;1
46408;1
130784;1
54983;1
12001;1
59167;1
16195;1
236011;1
56967;1
130946;1
37887;1
36942;1
101610;1
26931;1
409113;1
238614;1
20568;1
121153;1
20933;1
12839;1
2710;1
39829;1
302030;1
130767;1
423063;1
43329;1
23980;1
48270;1
30280;1
29439;1
47387;1
137269;1
34517;1
16025;1
411601;1
100391;1
131179;1
38570;1
3579;1
2017;1
409200;1
420733;1
401473;1
22474;1
441417;1
19550;1
13884;1
513;1
130230;1
214825;1
10481;1
406508;1
104183;1
415;1
35420;1
274017;1
105850;1
9127;1
15039;1
102839;1
42537;1
41706;1
102930;1
42654;1
19427;1
133714;1
405634;1
434466;1
31558;1
21355;1
211345;1
402928;1
40732;1
28426;1
137450;1
12258;1
58342;1
22187;1
1440;1
39628;1
25200;1
15942;1
411304;1
127652;1
3295;1
21493;1
120081;1
101978;1
38571;1
36287;1
14254;1
16743;1
22896;1
412838;1
19197;1
100636;1
406128;1
406052;1
54553;1
10056;1
32469;1
9162;1
22758;1
35983;1
13958;1
130630;1
407549;1
41025;1
132710;1
405806;1
2085;1
56515;1
39815;1
30769;1
9653;1
122981;1
403724;1
57656;1
34713;1
32742;1
37119;1
14491;1
7407;1
54871;1
100210;1
433237;1
39130;1
298004;1
137386;1
417257;1
32638;1
26380;1
56894;1
405983;1
22181;1
55863;1
54276;1
230002;1
105803;1
38349;1
103689;1
103019;1
400272;1
16117;1
443505;1
19807;1
409629;1
43690;1
405875;1
53410;1
60055;1
21875;1
211191;1
20920;1
7790;1
411315;1
21636;1
15558;1
9649;1
103560;1
302132;1
21098;1
13442;1
1537;1
137283;1
403945;1
101543;1
26287;1
31411;1
34113;1
40310;1
18128;1
50415;1
24198;1
412089;1
37336;1
8156;1
22004;1
37247;1
8591;1
60471;1
133774;1
17404;1
43081;1
50023;1
30833;1
28180;1
53952;1
103757;1
17898;1
41636;1
36600;1
101113;1
12657;1
37609;1
18137;1
24177;1
53129;1
17714;1
43868;1
26966;1
13832;1
4432;1
211085;1
211382;1
133893;1
39752;1
20277;1
35938;1
425498;1
104564;1
106895;1
6909;1
239382;1
425678;1
421297;1
3546;1
15716;1
33564;1
3197;1
302182;1
7153;1
407857;1
10327;1
55565;1
56258;1
103631;1
101741;1
2888;1
29976;1
27401;1
41740;1
49505;1
428039;1
25081;1
28684;1
292137;1
35615;1
33788;1
409140;1
13701;1
29338;1
8364;1
443930;1
100551;1
46915;1
44662;1
46962;1
50100;1
57438;1
444848;1
15757;1
6917;1
211455;1
400099;1
29906;1
44701;1
26925;1
104282;1
105531;1
6993;1
20052;1
406773;1
41006;1
105025;1
238504;1
42113;1
239330;1
132745;1
1228;1
430361;1
5359;1
13680;1
4842;1
101093;1
44153;1
38221;1
47342;1
59128;1
38920;1
33143;1
32152;1
38292;1
40038;1
28792;1
23371;1
234007;1
55234;1
44298;1
50261;1
238258;1
3119;1
411578;1
122130;1
419808;1
104938;1
103692;1
12282;1
25360;1
26991;1
11121;1
14749;1
15312;1
33592;1
105042;1
404762;1
26502;1
56278;1
414668;1
411366;1
37643;1
14365;1
122239;1
414929;1
11154;1
49278;1
442823;1
36731;1
25781;1
56115;1
12025;1
104320;1
23973;1
1061;1
404496;1
411675;1
33061;1
403340;1
28713;1
2260;1
36608;1
16307;1
102049;1
27868;1
31701;1
433679;1
3316;1
427125;1
105399;1
37657;1
29179;1
401434;1
56403;1
425419;1
421542;1
38829;1
103052;1
238652;1
3070;1
104540;1
34915;1
8155;1
1504;1
15388;1
547;1
48044;1
5558;1
56443;1
12970;1
409723;1
32596;1
48829;1
134254;1
30723;1
411590;1
29566;1
409893;1
31218;1
103742;1
138856;1
54567;1
404649;1
42407;1
434630;1
45919;1
13750;1
138957;1
23677;1
302085;1
34846;1
36024;1
18072;1
102276;1
30981;1
214119;1
292103;1
274047;1
25369;1
33765;1
101066;1
433691;1
25164;1
102310;1
283126;1
400332;1
443081;1
37403;1
24192;1
48583;1
102121;1
2862;1
405698;1
43700;1
13207;1
13441;1
14991;1
40261;1
9901;1
440914;1
55298;1
46822;1
429207;1
417565;1
101732;1
37571;1
7813;1
431627;1
9674;1
130607;1
408516;1
17438;1
35079;1
33982;1
9562;1
25674;1
20790;1
214804;1
23877;1
20632;1
405993;1
17856;1
18671;1
300270;1
11997;1
44731;1
36938;1
211203;1
35368;1
404090;1
2340;1
137278;1
10279;1
415710;1
47213;1
37535;1
34774;1
1327;1
33142;1
43395;1
22405;1
29326;1
11377;1
11850;1
35980;1
105340;1
23334;1
20798;1
103874;1
130475;1
8323;1
440994;1
29495;1
30157;1
238987;1
45338;1
232132;1
55040;1
438822;1
37249;1
20157;1
34483;1
100627;1
302169;1
13239;1
52270;1
403533;1
407635;1
400107;1
2335;1
406382;1
14629;1
36369;1
25688;1
1560;1
8230;1
106113;1
302262;1
33961;1
5084;1
19148;1
58197;1
45061;1
26311;1
8456;1
33433;1
214375;1
14525;1
33094;1
45476;1
138478;1
434721;1
405849;1
122211;1
5508;1
41990;1
411290;1
292035;1
14940;1
417255;1
300053;1
18291;1
419490;1
127346;1
122114;1
10930;1
5733;1
42286;1
38319;1
9750;1
24204;1
27843;1
42;1
422559;1
43467;1
13788;1
422381;1
1742;1
19682;1
27071;1
56595;1
22523;1
411367;1
17234;1
10281;1
24137;1
39866;1
34513;1
211313;1
43247;1
29119;1
302106;1
105670;1
41548;1
10989;1
8913;1
42812;1
138517;1
40148;1
36774;1
34150;1
120822;1
26667;1
419816;1
26525;1
408178;1
55236;1
31698;1
439985;1
409770;1
58071;1
239414;1
5054;1
28118;1
25357;1
239469;1
3824;1
28925;1
25040;1
58035;1
40682;1
15677;1
19245;1
22873;1
300079;1
38215;1
35400;1
130813;1
38874;1
236158;1
408836;1
34227;1
35289;1
239393;1
1025;1
20055;1
417716;1
422643;1
14787;1
134301;1
31539;1
130954;1
43612;1
19336;1
42970;1
17039;1
238811;1
31406;1
12033;1
128;1
44160;1
104336;1
37370;1
234045;1
102643;1
13740;1
417532;1
7070;1
33282;1
31667;1
4610;1
9770;1
401801;1
105439;1
31529;1
29616;1
33220;1
419073;1
39426;1
430875;1
432489;1
412992;1
406865;1
38194;1
18730;1
27556;1
5157;1
238663;1
102566;1
424788;1
48346;1
22361;1
100724;1
100110;1
44973;1
427762;1
103934;1
105283;1
429845;1
55534;1
55515;1
100672;1
18332;1
54385;1
105827;1
20886;1
238531;1
40232;1
32711;1
435324;1
103685;1
105170;1
300513;1
127283;1
302499;1
28538;1
26189;1
20831;1
103806;1
9172;1
14544;1
8291;1
38923;1
45799;1
19956;1
239156;1
421846;1
56503;1
33226;1
41678;1
18877;1
39633;1
5848;1
8182;1
29740;1
302424;1
24049;1
8115;1
5212;1
39038;1
35660;1
6863;1
24141;1
100665;1
25807;1
22517;1
45180;1
102114;1
214961;1
22175;1
10663;1
8891;1
44688;1
9287;1
12189;1
411855;1
44846;1
401819;1
406392;1
47055;1
6871;1
300454;1
29294;1
55810;1
414378;1
38914;1
404016;1
122343;1
48445;1
8989;1
24497;1
30092;1
131057;1
422984;1
937;1
20036;1
425477;1
421660;1
36079;1
120006;1
22494;1
214670;1
431508;1
29240;1
11455;1
6485;1
12672;1
2594;1
441076;1
53570;1
433094;1
127552;1
1151;1
407016;1
43457;1
421628;1
46993;1
437137;1
45184;1
26248;1
130953;1
409134;1
10872;1
3912;1
418714;1
413537;1
29220;1
21052;1
9665;1
20598;1
19260;1
6594;1
100228;1
23346;1
33475;1
101697;1
50019;1
46591;1
42197;1
49910;1
404771;1
300109;1
405841;1
14951;1
9648;1
10783;1
42398;1
24319;1
292322;1
22832;1
15821;1
4743;1
50058;1
45705;1
22046;1
10207;1
42884;1
55133;1
292099;1
101652;1
134214;1
6424;1
50591;1
442905;1
407915;1
238224;1
103340;1
440904;1
432924;1
11137;1
5078;1
45953;1
106057;1
405138;1
17093;1
46803;1
6749;1
30250;1
47510;1
102256;1
413025;1
409086;1
105112;1
39814;1
29871;1
24624;1
51226;1
101699;1
138871;1
417346;1
214012;1
100569;1
441784;1
6954;1
5031;1
102891;1
20989;1
432984;1
36612;1
33879;1
30274;1
10314;1
8145;1
7326;1
102748;1
18391;1
300244;1
23768;1
300446;1
24931;1
12898;1
37695;1
408896;1
30439;1
29641;1
408544;1
3970;1
33295;1
102504;1
104927;1
415559;1
405050;1
31759;1
55056;1
104339;1
13682;1
38550;1
2129;1
102481;1
23403;1
22358;1
56882;1
45587;1
14050;1
33050;1
16132;1
413975;1
100873;1
430903;1
6582;1
23838;1
23529;1
104166;1
33529;1
3846;1
17496;1
6284;1
28333;1
415603;1
33875;1
22341;1
102132;1
55186;1
300282;1
33674;1
45103;1
21874;1
283041;1
406126;1
9774;1
422379;1
283169;1
54889;1
102877;1
252;1
20534;1
45884;1
9037;1
40681;1
39836;1
11813;1
1086;1
105033;1
406783;1
424080;1
409933;1
130397;1
440431;1
423218;1
52418;1
47072;1
16874;1
902;1
45385;1
214011;1
15283;1
400185;1
122952;1
102673;1
31519;1
435580;1
45754;1
58947;1
132679;1
25252;1
50219;1
45453;1
12971;1
14121;1
443796;1
8847;1
422345;1
57765;1
24872;1
440845;1
24101;1
232160;1
37297;1
22470;1
211320;1
4414;1
44200;1
38447;1
6475;1
38045;1
433115;1
440371;1
21744;1
585;1
24175;1
127599;1
407505;1
443950;1
39121;1
412820;1
18488;1
26789;1
239780;1
22352;1
423072;1
411235;1
40191;1
238610;1
18355;1
34175;1
31043;1
44591;1
20607;1
417241;1
402669;1
9872;1
427390;1
12369;1
39955;1
300052;1
1413;1
8998;1
28844;1
10680;1
132488;1
418723;1
421620;1
31193;1
21933;1
100890;1
100783;1
402115;1
2608;1
238370;1
9056;1
53043;1
4832;1
30644;1
423927;1
57672;1
53655;1
238041;1
36099;1
440495;1
25065;1
24266;1
38722;1
34593;1
214585;1
3690;1
35027;1
49334;1
418543;1
29528;1
418521;1
415005;1
34296;1
38317;1
5175;1
35263;1
38459;1
36117;1
106125;1
211297;1
121234;1
35612;1
5909;1
414926;1
2527;1
21206;1
10840;1
14249;1
127616;1
60459;1
49423;1
28809;1
13039;1
10108;1
138575;1
214886;1
430;1
100614;1
424879;1
404597;1
40214;1
138924;1
28592;1
31901;1
101247;1
38519;1
122261;1
47545;1
252075;1
214915;1
24991;1
292295;1
15692;1
8432;1
12900;1
211260;1
60264;1
104307;1
429582;1
6860;1
15663;1
45424;1
56192;1
54197;1
103754;1
101734;1
49009;1
27104;1
26313;1
432350;1
60320;1
12808;1
39539;1
130449;1
214502;1
104504;1
238977;1
35142;1
36909;1
12349;1
432274;1
403559;1
438231;1
29575;1
238070;1
18232;1
420213;1
106001;1
20249;1
408998;1
17689;1
25555;1
300353;1
41756;1
438548;1
429598;1
36488;1
4504;1
23412;1
10567;1
57396;1
14021;1
16674;1
6171;1
40701;1
302454;1
60281;1
52577;1
34226;1
138886;1
33396;1
29793;1
403406;1
28563;1
932;1
2298;1
7469;1
21923;1
103855;1
407543;1
1594;1
300416;1
8682;1
236087;1
22392;1
28631;1
21233;1
42027;1
38184;1
17071;1
39670;1
9391;1
409852;1
44796;1
19216;1
15064;1
232155;1
45739;1
44334;1
11822;1
35787;1
6929;1
422519;1
18522;1
36947;1
19413;1
434482;1
27804;1
121165;1
43054;1
408005;1
7434;1
22332;1
40899;1
37031;1
17954;1
55738;1
413250;1
43516;1
404964;1
6774;1
130845;1
44436;1
24237;1
105685;1
37804;1
404734;1
7727;1
14092;1
408697;1
28111;1
9602;1
11911;1
3321;1
8628;1
29476;1
8704;1
121222;1
41742;1
232190;1
422513;1
54702;1
27813;1
214461;1
24498;1
44325;1
36297;1
44914;1
9155;1
44866;1
21064;1
54571;1
1982;1
31433;1
401342;1
11921;1
429449;1
924;1
132711;1
21581;1
2748;1
11398;1
7001;1
17467;1
35407;1
22122;1
128179;1
32811;1
420260;1
29677;1
43487;1
104742;1
214675;1
47315;1
32748;1
425421;1
60015;1
47224;1
985;1
404237;1
42826;1
14263;1
238980;1
18275;1
432829;1
411605;1
27816;1
33988;1
440583;1
16711;1
300385;1
120302;1
38308;1
19256;1
20978;1
32599;1
400304;1
450;1
53815;1
418666;1
36118;1
101696;1
6656;1
55581;1
406454;1
35451;1
35822;1
22259;1
50549;1
31456;1
16813;1
12010;1
21774;1
105994;1
59546;1
103548;1
424887;1
103849;1
40605;1
7593;1
419314;1
31679;1
13332;1
50049;1
32359;1
24592;1
17522;1
14453;1
104424;1
214391;1
100839;1
7201;1
32591;1
9086;1
103157;1
8742;1
6766;1
7445;1
238725;1
100469;1
16215;1
8448;1
8405;1
1041;1
104916;1
400561;1
434202;1
106174;1
9904;1
16091;1
103582;1
28830;1
295009;1
103851;1
429837;1
100785;1
406683;1
1267;1
412734;1
25942;1
29854;1
7822;1
54090;1
32101;1
120648;1
34185;1
8049;1
103451;1
28537;1
214358;1
44313;1
11144;1
215005;1
32973;1
37489;1
441273;1
411100;1
43352;1
49467;1
17477;1
402757;1
14294;1
421459;1
51855;1
239557;1
5002;1
42335;1
45968;1
43150;1
32454;1
418899;1
59068;1
300351;1
20125;1
411530;1
101676;1
422699;1
402645;1
41901;1
1735;1
32083;1
20810;1
17137;1
60270;1
131104;1
214978;1
22521;1
43415;1
104074;1
239734;1
58757;1
38926;1
15198;1
103424;1
25427;1
2639;1
100208;1
37085;1
14222;1
36162;1
407525;1
3108;1
35055;1
40403;1
444115;1
45980;1
130563;1
418320;1
405735;1
5120;1
12511;1
14438;1
53075;1
19933;1
423057;1
34448;1
15082;1
44148;1
300434;1
36649;1
34393;1
17118;1
214033;1
21596;1
37886;1
26480;1
8260;1
36610;1
19808;1
26422;1
22186;1
138810;1
106446;1
19764;1
24172;1
238720;1
408180;1
11519;1
40781;1
211466;1
13982;1
422397;1
17572;1
31238;1
106105;1
43373;1
454;1
402663;1
18531;1
102899;1
214687;1
406071;1
123262;1
441896;1
40484;1
10034;1
43288;1
121;1
431290;1
24546;1
32914;1
103931;1
106009;1
433145;1
16153;1
402005;1
31554;1
33737;1
100032;1
404010;1
238249;1
400137;1
410160;1
17420;1
28484;1
292004;1
101161;1
6508;1
411364;1
137187;1
429768;1
55084;1
43601;1
103179;1
27419;1
4163;1
24814;1
1436;1
33536;1
34989;1
400984;1
10988;1
104061;1
104800;1
443810;1
3681;1
24164;1
40363;1
24167;1
13518;1
18807;1
238452;1
6565;1
5531;1
22939;1
400234;1
24732;1
11991;1
321;1
36998;1
55151;1
47592;1
36137;1
6338;1
214411;1
121309;1
39351;1
42548;1
36853;1
21435;1
413272;1
15202;1
4172;1
105082;1
28071;1
100929;1
413994;1
13956;1
42121;1
18701;1
137424;1
42482;1
100131;1
51847;1
28651;1
33222;1
8189;1
57893;1
34999;1
17739;1
41204;1
8786;1
11622;1
130379;1
33291;1
2978;1
27858;1
410772;1
27495;1
56543;1
24334;1
411025;1
39928;1
32430;1
25737;1
418821;1
5222;1
40664;1
15929;1
43808;1
20333;1
29894;1
409153;1
441305;1
419790;1
18310;1
440815;1
8840;1
1214;1
50601;1
23907;1
102035;1
10771;1
101824;1
6591;1
445639;1
234008;1
120019;1
1181;1
138845;1
42428;1
39788;1
14007;1
37065;1
33246;1
100629;1
12684;1
3721;1
104914;1
239768;1
421211;1
38185;1
30327;1
122265;1
31404;1
444111;1
17224;1
44856;1
43275;1
23067;1
1634;1
47849;1
29142;1
103076;1
49924;1
10350;1
41709;1
9555;1
404986;1
42722;1
32458;1
103195;1
1581;1
57995;1
38805;1
438080;1
20105;1
423587;1
34547;1
13880;1
44073;1
56343;1
133822;1
46668;1
38346;1
35425;1
36429;1
403907;1
443932;1
422198;1
419762;1
43710;1
23023;1
302151;1
21394;1
10484;1
57879;1
408472;1
15664;1
17773;1
37971;1
9023;1
211200;1
1089;1
15251;1
38486;1
429819;1
102746;1
29293;1
1605;1
32195;1
295020;1
29406;1
10919;1
28586;1
40607;1
37792;1
11513;1
407346;1
13808;1
408512;1
45322;1
17166;1
3310;1
11327;1
8897;1
28349;1
28854;1
404492;1
27798;1
26804;1
23355;1
48935;1
16250;1
4567;1
437677;1
36523;1
57609;1
40806;1
24388;1
102540;1
55290;1
54627;1
47678;1
7327;1
23979;1
101920;1
402750;1
104535;1
105187;1
3962;1
35403;1
43651;1
10227;1
33588;1
26892;1
22820;1
43340;1
3553;1
35666;1
214254;1
122136;1
30336;1
47432;1
403758;1
131000;1
407266;1
45902;1
54151;1
5246;1
21070;1
60306;1
11431;1
52331;1
102488;1
430852;1
24135;1
26681;1
101469;1
102911;1
102080;1
37025;1
104656;1
12292;1
28300;1
12974;1
200015;1
37601;1
8559;1
19584;1
412904;1
40426;1
1128;1
103960;1
21360;1
214970;1
424756;1
13566;1
18509;1
14363;1
53819;1
412423;1
16143;1
29546;1
214267;1
37062;1
39927;1
11181;1
8637;1
43280;1
271;1
7359;1
56977;1
45844;1
32356;1
16762;1
127639;1
29523;1
445138;1
440327;1
402864;1
17571;1
445519;1
22380;1
30574;1
421467;1
5438;1
238463;1
4762;1
5404;1
13867;1
402860;1
37304;1
104769;1
57707;1
9303;1
12964;1
34389;1
578;1
232040;1
104955;1
2259;1
37220;1
21224;1
106431;1
19929;1
31530;1
409072;1
28412;1
39072;1
132706;1
300333;1
35611;1
9941;1
57318;1
104834;1
30115;1
35862;1
9414;1
38981;1
27294;1
35856;1
18819;1
3749;1
214591;1
413883;1
421702;1
54470;1
103865;1
104340;1
11221;1
411072;1
16883;1
274012;1
38944;1
40739;1
414786;1
11695;1
13054;1
41969;1
33494;1
24711;1
211083;1
102696;1
4845;1
6017;1
13547;1
27549;1
1880;1
6758;1
18148;1
58882;1
42747;1
438041;1
44028;1
214755;1
35961;1
239356;1
23284;1
29059;1
403264;1
105452;1
53969;1
430400;1
49957;1
29586;1
8668;1
30497;1
13783;1
20059;1
16040;1
405584;1
36316;1
423671;1
31366;1
232073;1
12040;1
431833;1
13243;1
10511;1
16183;1
1325;1
32542;1
35987;1
292075;1
411400;1
36607;1
4953;1
100690;1
22528;1
41820;1
21717;1
404120;1
238607;1
38040;1
26913;1
411252;1
3814;1
55044;1
214479;1
441122;1
425558;1
400515;1
104064;1
38887;1
14283;1
422842;1
8754;1
300245;1
16960;1
43289;1
58095;1
14596;1
28842;1
411425;1
127698;1
122299;1
441032;1
236116;1
23285;1
28963;1
49900;1
18979;1
405527;1
238431;1
4632;1
54993;1
300313;1
15630;1
239890;1
50497;1
103084;1
11487;1
52528;1
127290;1
25788;1
211243;1
400743;1
8609;1
41185;1
104346;1
33980;1
1447;1
49936;1
434397;1
400113;1
30575;1
36218;1
4838;1
21949;1
438069;1
14597;1
34516;1
49778;1
214280;1
15107;1
29883;1
101885;1
59064;1
416068;1
414133;1
26921;1
400461;1
33316;1
105730;1
407042;1
409138;1
409905;1
5346;1
57797;1
443047;1
105607;1
54723;1
100081;1
38482;1
422187;1
41137;1
41141;1
12005;1
434619;1
18787;1
41945;1
418783;1
27091;1
102287;1
14570;1
20450;1
24690;1
3789;1
48966;1
23356;1
438774;1
121293;1
26578;1
403517;1
410737;1
21988;1
5688;1
13136;1
401438;1
3916;1
23605;1
2681;1
300554;1
22710;1
26045;1
14727;1
41858;1
1210;1
437124;1
32894;1
44164;1
10881;1
42040;1
34842;1
33193;1
7571;1
27714;1
38002;1
300107;1
12519;1
43450;1
3563;1
432410;1
15758;1
23073;1
101479;1
17910;1
14157;1
57588;1
37253;1
21263;1
444273;1
27116;1
29807;1
58195;1
253012;1
11776;1
732;1
132667;1
214420;1
55813;1
55828;1
439533;1
34093;1
16911;1
211259;1
101099;1
104984;1
32245;1
3893;1
36359;1
38218;1
41610;1
238317;1
13674;1
54890;1
35171;1
21558;1
121205;1
10112;1
300075;1
57003;1
37206;1
104829;1
26901;1
300397;1
49485;1
15609;1
11289;1
34764;1
51295;1
3134;1
24268;1
22233;1
9444;1
43804;1
44070;1
18851;1
23269;1
127611;1
400947;1
24233;1
28661;1
55178;1
120806;1
35821;1
55655;1
14181;1
104331;1
39888;1
239321;1
36185;1
103230;1
58015;1
402220;1
427624;1
37310;1
21832;1
51152;1
300401;1
33704;1
15709;1
31465;1
34186;1
102799;1
5647;1
38566;1
12594;1
105516;1
16798;1
7253;1
39315;1
130868;1
53576;1
58480;1
20092;1
19123;1
1658;1
45353;1
122990;1
3573;1
101879;1
427996;1
104130;1
39281;1
1406;1
3110;1
12835;1
103842;1
139766;1
418579;1
43328;1
48301;1
38791;1
46473;1
14176;1
51109;1
40382;1
8223;1
1513;1
7437;1
434199;1
104329;1
21904;1
15011;1
35924;1
18740;1
17801;1
414936;1
407584;1
31912;1
40109;1
100678;1
2320;1
441986;1
45576;1
439495;1
16008;1
424967;1
34956;1
33339;1
9915;1
48303;1
101522;1
35100;1
16129;1
11524;1
437854;1
34763;1
274038;1
41834;1
35343;1
5900;1
24420;1
27427;1
239785;1
24078;1
48175;1
419990;1
101785;1
417704;1
214100;1
130524;1
16897;1
128186;1
370;1
23660;1
409473;1
26315;1
58886;1
22196;1
101717;1
440605;1
403109;1
2972;1
138280;1
20625;1
18297;1
31358;1
44219;1
40671;1
420573;1
17474;1
26753;1
17312;1
411254;1
420709;1
15374;1
7555;1
17421;1
26370;1
24472;1
47882;1
417634;1
38575;1
24956;1
12560;1
41572;1
11824;1
17313;1
16346;1
52742;1
120663;1
43953;1
43919;1
39755;1
105203;1
422351;1
437837;1
56066;1
35251;1
55272;1
12421;1
52613;1
10238;1
406001;1
126860;1
4971;1
44931;1
33806;1
103744;1
404185;1
104317;1
214407;1
20814;1
51739;1
6459;1
44255;1
29916;1
56951;1
13159;1
405831;1
21718;1
57050;1
433460;1
300020;1
30820;1
101970;1
43826;1
400804;1
44865;1
1609;1
283159;1
39831;1
32366;1
22035;1
18421;1
28030;1
404695;1
401957;1
18722;1
103946;1
406177;1
419007;1
3963;1
333;1
20880;1
22453;1
401629;1
34604;1
15505;1
38257;1
40726;1
238348;1
239119;1
105223;1
404480;1
58379;1
32221;1
6870;1
435656;1
138394;1
34274;1
22313;1
19519;1
6392;1
32275;1
9274;1
238795;1
2090;1
21202;1
123223;1
292040;1
44287;1
14484;1
27309;1
33186;1
10265;1
32705;1
6550;1
121271;1
47960;1
14753;1
5281;1
101793;1
37018;1
2563;1
300030;1
32104;1
45615;1
40907;1
10091;1
426859;1
130856;1
419085;1
33029;1
127561;1
140;1
57001;1
220044;1
101499;1
433889;1
14032;1
30286;1
433002;1
10575;1
232224;1
1131;1
16644;1
220049;1
20058;1
102468;1
34575;1
11791;1
43387;1
239714;1
742;1
415375;1
46300;1
7651;1
100258;1
33351;1
33742;1
214916;1
38168;1
19839;1
10532;1
408404;1
29399;1
32794;1
130625;1
417821;1
415063;1
23219;1
26513;1
412138;1
8164;1
101789;1
127365;1
309;1
36741;1
404645;1
50000;1
9967;1
23663;1
50227;1
19081;1
2423;1
42305;1
24688;1
102500;1
137412;1
41725;1
17907;1
101707;1
28130;1
42401;1
40933;1
6360;1
43316;1
2394;1
37864;1
45236;1
40225;1
57168;1
45595;1
130877;1
410109;1
40384;1
31976;1
436148;1
132457;1
29105;1
48252;1
32077;1
238762;1
15278;1
106467;1
55784;1
300192;1
36412;1
431367;1
32089;1
405521;1
38137;1
52940;1
408851;1
5493;1
34697;1
40266;1
13714;1
55782;1
406843;1
49108;1
104572;1
1486;1
1461;1
14399;1
39276;1
7140;1
419133;1
10365;1
43990;1
121307;1
429656;1
42100;1
22235;1
16304;1
29073;1
27665;1
9285;1
429612;1
39222;1
102353;1
138724;1
10123;1
27837;1
236064;1
27249;1
31365;1
13223;1
7752;1
100407;1
42533;1
1803;1
5111;1
48098;1
39854;1
123239;1
7222;1
21940;1
4167;1
413873;1
22447;1
57212;1
18833;1
10731;1
292311;1
422757;1
236050;1
16273;1
15512;1
20464;1
411458;1
47835;1
8695;1
55508;1
415374;1
44884;1
42002;1
50089;1
11642;1
47474;1
214076;1
239949;1
120038;1
18641;1
302118;1
43620;1
34350;1
102491;1
19874;1
434823;1
106309;1
58758;1
5409;1
15651;1
104502;1
102730;1
12747;1
2763;1
106374;1
14208;1
32358;1
427905;1
138716;1
429596;1
59360;1
405919;1
11739;1
28716;1
41452;1
408845;1
4670;1
15839;1
402651;1
23874;1
39813;1
17379;1
27803;1
137385;1
37498;1
22922;1
11424;1
8003;1
10241;1
102915;1
137294;1
440172;1
41539;1
11757;1
18845;1
14863;1
25973;1
407728;1
406289;1
29963;1
47516;1
211246;1
105938;1
32388;1
101236;1
8136;1
104128;1
716;1
20224;1
58576;1
33661;1
29457;1
50909;1
37917;1
5318;1
281;1
102286;1
211334;1
53831;1
32307;1
2788;1
214900;1
440773;1
44068;1
55386;1
7688;1
16373;1
16187;1
20478;1
10907;1
130571;1
232051;1
40007;1
30073;1
105770;1
120607;1
34096;1
21772;1
29024;1
105825;1
44166;1
403711;1
36568;1
55303;1
28275;1
41638;1
411401;1
122270;1
13529;1
421504;1
53556;1
418290;1
131002;1
67;1
37340;1
414033;1
120027;1
41385;1
2066;1
14786;1
34121;1
16534;1
38124;1
15105;1
292212;1
105090;1
100812;1
101567;1
105767;1
19122;1
18817;1
14973;1
39744;1
27875;1
32991;1
105212;1
34939;1
277;1
26631;1
32166;1
101160;1
105617;1
2449;1
39687;1
41217;1
23859;1
23440;1
406990;1
103082;1
100023;1
8306;1
401428;1
102857;1
5537;1
1459;1
17746;1
427961;1
37152;1
426461;1
58190;1
4400;1
24185;1
406097;1
38405;1
30790;1
413033;1
5941;1
103117;1
47095;1
1597;1
105277;1
43877;1
238837;1
16557;1
214965;1
55627;1
238001;1
46954;1
413914;1
134233;1
103801;1
133829;1
41522;1
401553;1
51569;1
40383;1
300089;1
36145;1
8496;1
3877;1
23883;1
104156;1
18713;1
38822;1
24697;1
127603;1
23396;1
39111;1
400371;1
25778;1
130766;1
40470;1
35226;1
138489;1
101065;1
50059;1
28687;1
32536;1
25535;1
42193;1
17635;1
100987;1
1651;1
44208;1
29178;1
302258;1
239199;1
15702;1
54827;1
7750;1
47644;1
422599;1
419302;1
13918;1
409243;1
16414;1
4493;1
401100;1
430349;1
414190;1
58728;1
11615;1
3989;1
3271;1
44619;1
21440;1
103204;1
23052;1
211123;1
11075;1
401371;1
434711;1
417598;1
100413;1
409808;1
106434;1
21317;1
35589;1
14654;1
409154;1
133859;1
214815;1
32235;1
11322;1
34572;1
130359;1
14472;1
138283;1
292324;1
43268;1
47094;1
17772;1
55108;1
5331;1
30652;1
40887;1
46448;1
22309;1
220018;1
10204;1
101537;1
38073;1
1237;1
410274;1
102269;1
100952;1
56846;1
60159;1
36096;1
32731;1
25023;1
214028;1
33373;1
8093;1
137218;1
292006;1
130788;1
3418;1
424400;1
421235;1
26830;1
211314;1
10333;1
409006;1
428136;1
36047;1
43950;1
31329;1
436415;1
104967;1
60390;1
102811;1
20361;1
22872;1
12200;1
104716;1
15287;1
30622;1
442336;1
33720;1
214564;1
25804;1
3363;1
12851;1
3485;1
434497;1
47280;1
100118;1
41529;1
408795;1
214943;1
13975;1
44556;1
17177;1
419754;1
38125;1
103139;1
410026;1
434507;1
409027;1
14147;1
38541;1
409447;1
48416;1
24606;1
12742;1
5150;1
103935;1
432126;1
404583;1
138582;1
101430;1
414426;1
53039;1
239833;1
44966;1
35681;1
37941;1
120619;1
104734;1
57629;1
445851;1
39154;1
434617;1
10611;1
40434;1
34791;1
438493;1
59602;1
19317;1
100560;1
34334;1
41078;1
13247;1
47502;1
32344;1
104653;1
11336;1
232140;1
48148;1
4088;1
35084;1
33812;1
302067;1
48045;1
19826;1
57178;1
130375;1
44480;1
417732;1
239020;1
34762;1
13495;1
11566;1
38145;1
130457;1
29345;1
47016;1
400557;1
17392;1
436916;1
40936;1
423236;1
27340;1
300496;1
41715;1
40356;1
17341;1
445256;1
400222;1
11576;1
14447;1
3638;1
220015;1
51103;1
22111;1
13497;1
239964;1
406468;1
101077;1
29110;1
1304;1
31000;1
102757;1
59270;1
12128;1
238693;1
31306;1
29195;1
51754;1
10038;1
20293;1
120679;1
45780;1
40081;1
51430;1
42897;1
35696;1
24332;1
53227;1
214967;1
300494;1
17850;1
23296;1
14567;1
408634;1
43674;1
413065;1
54156;1
7311;1
105195;1
432200;1
239081;1
2997;1
21186;1
120387;1
42221;1
40584;1
8934;1
8355;1
26819;1
32413;1
420509;1
7261;1
60372;1
58023;1
104873;1
411029;1
13791;1
36458;1
23878;1
18255;1
130504;1
100450;1
29084;1
232161;1
414999;1
34957;1
122991;1
236147;1
417261;1
431838;1
48993;1
49768;1
24416;1
45639;1
33711;1
4790;1
433093;1
302392;1
47766;1
232078;1
54437;1
29089;1
407637;1
414011;1
300461;1
40488;1
4326;1
39153;1
32117;1
104209;1
11092;1
408685;1
33355;1
9719;1
437193;1
402126;1
38885;1
103270;1
43249;1
48037;1
764;1
51414;1
103215;1
4116;1
25664;1
41497;1
48150;1
10073;1
49989;1
42498;1
38206;1
26032;1
404150;1
13048;1
20860;1
427299;1
400254;1
444852;1
121273;1
101028;1
33353;1
46739;1
407006;1
429273;1
32895;1
13035;1
132656;1
211163;1
50346;1
43295;1
27796;1
214671;1
33885;1
441796;1
214906;1
3840;1
102770;1
307;1
366;1
3199;1
47295;1
6445;1
402290;1
57465;1
20029;1
418825;1
15851;1
214951;1
104639;1
27612;1
6458;1
44784;1
130915;1
39180;1
127718;1
13866;1
28202;1
22537;1
43622;1
440351;1
41315;1
47161;1
40090;1
436176;1
302061;1
52877;1
407588;1
2544;1
105038;1
25032;1
26172;1
102838;1
12525;1
13273;1
122043;1
106004;1
45878;1
4689;1
442274;1
13272;1
57682;1
54185;1
17407;1
103701;1
22060;1
44061;1
15072;1
130703;1
42400;1
409625;1
25609;1
24129;1
3442;1
211490;1
26493;1
30458;1
32423;1
42388;1
42716;1
238969;1
453;1
47301;1
103407;1
43560;1
41734;1
300358;1
11752;1
414106;1
33795;1
11157;1
302317;1
40778;1
28515;1
236039;1
19870;1
400771;1
33367;1
14741;1
8401;1
37815;1
51416;1
22761;1
43537;1
104131;1
439422;1
42759;1
438630;1
31589;1
100832;1
407362;1
101209;1
26261;1
38416;1
36157;1
43885;1
103634;1
400495;1
102513;1
58011;1
41250;1
238464;1
16847;1
441014;1
28312;1
36752;1
20805;1
302472;1
238018;1
4967;1
17473;1
101716;1
3671;1
440713;1
403687;1
433131;1
414776;1
23548;1
36595;1
6631;1
232129;1
34756;1
443804;1
27354;1
25613;1
104430;1
54206;1
138554;1
28254;1
420627;1
211406;1
4921;1
103088;1
123229;1
16708;1
14547;1
39703;1
15436;1
403523;1
21333;1
45036;1
36337;1
6086;1
408966;1
54981;1
35261;1
444380;1
434652;1
31133;1
12836;1
436196;1
5628;1
32070;1
6473;1
214390;1
10188;1
283049;1
39868;1
39434;1
40510;1
123013;1
426459;1
137275;1
6329;1
408658;1
54858;1
3374;1
30725;1
103878;1
28227;1
403013;1
103703;1
411163;1
37015;1
60181;1
21625;1
214860;1
102777;1
424096;1
15137;1
35231;1
5511;1
4959;1
53827;1
33212;1
404959;1
35151;1
42063;1
411317;1
39118;1
6818;1
12019;1
439508;1
39191;1
52019;1
429594;1
38953;1
434428;1
101258;1
29187;1
13253;1
57559;1
44099;1
402896;1
15984;1
19217;1
47446;1
120615;1
20868;1
38702;1
103677;1
44541;1
11474;1
4082;1
441670;1
31666;1
17331;1
131079;1
56284;1
18570;1
45792;1
2477;1
434723;1
238744;1
106066;1
22518;1
4151;1
100479;1
402813;1
58137;1
29496;1
232127;1
234024;1
54130;1
20209;1
24042;1
302265;1
40125;1
48527;1
32016;1
405923;1
4574;1
55010;1
56242;1
238915;1
8314;1
17893;1
24265;1
4725;1
55766;1
427636;1
214851;1
33537;1
15220;1
31561;1
55243;1
211341;1
18449;1
30573;1
47005;1
214761;1
13175;1
18602;1
27456;1
58904;1
302122;1
33309;1
17937;1
9041;1
302164;1
88;1
105691;1
16332;1
416438;1
100443;1
22924;1
27788;1
232210;1
130560;1
407356;1
30812;1
403219;1
39996;1
417740;1
3549;1
36277;1
239163;1
1161;1
2413;1
36525;1
35227;1
56840;1
13088;1
26208;1
405561;1
56424;1
32570;1
432905;1
44046;1
47231;1
105476;1
36052;1
239264;1
211418;1
59687;1
5;1
15075;1
433059;1
3406;1
283045;1
100334;1
214746;1
214342;1
30452;1
238779;1
24541;1
47443;1
407344;1
37387;1
239870;1
28663;1
10326;1
13562;1
400358;1
15932;1
8044;1
44015;1
7274;1
4607;1
12222;1
8350;1
36448;1
42828;1
238042;1
33015;1
18742;1
100164;1
211198;1
236088;1
43410;1
39302;1
239182;1
30853;1
31243;1
20255;1
104611;1
417334;1
411418;1
43795;1
13539;1
42814;1
12221;1
436377;1
402318;1
44432;1
369;1
292191;1
36071;1
39620;1
19763;1
29967;1
36885;1
34147;1
19278;1
16131;1
53873;1
47982;1
47597;1
47730;1
44577;1
7487;1
14034;1
411352;1
53768;1
42386;1
36880;1
51575;1
105381;1
28681;1
444354;1
239575;1
439701;1
440577;1
401794;1
55675;1
43980;1
103573;1
407316;1
54811;1
130472;1
40288;1
302446;1
239170;1
422874;1
46767;1
19977;1
211122;1
137157;1
32062;1
27362;1
120127;1
12963;1
4924;1
29038;1
9715;1
17074;1
31285;1
137518;1
7102;1
14498;1
24092;1
17451;1
10030;1
7291;1
6503;1
35950;1
25106;1
42189;1
17903;1
283129;1
19867;1
45174;1
24330;1
401760;1
40956;1
9344;1
106473;1
44614;1
51033;1
28280;1
19577;1
424108;1
103520;1
437238;1
22014;1
412832;1
57428;1
18351;1
45110;1
43331;1
20677;1
36174;1
36192;1
51502;1
283124;1
50448;1
409945;1
421566;1
44011;1
7316;1
39618;1
404323;1
302200;1
105788;1
19463;1
34401;1
52473;1
14248;1
409283;1
120649;1
43097;1
100810;1
55532;1
432017;1
31595;1
105119;1
43720;1
51927;1
122132;1
214897;1
424845;1
292252;1
101647;1
403215;1
40812;1
20707;1
441970;1
57846;1
41180;1
60164;1
21095;1
439881;1
45684;1
52898;1
58083;1
20012;1
408460;1
23675;1
104599;1
25524;1
20217;1
4363;1
34149;1
45685;1
409993;1
417340;1
3766;1
14299;1
292272;1
428587;1
19188;1
238059;1
15635;1
3796;1
23704;1
36939;1
23638;1
104041;1
20577;1
101124;1
33170;1
24231;1
45336;1
30511;1
411098;1
4444;1
16278;1
411162;1
55314;1
31866;1
39563;1
35322;1
411227;1
59007;1
34272;1
8745;1
35259;1
238651;1
3669;1
239853;1
35744;1
42048;1
2852;1
38071;1
31829;1
40408;1
54531;1
401698;1
292328;1
102633;1
430490;1
18398;1
130233;1
283139;1
105750;1
103112;1
60318;1
105435;1
45630;1
11257;1
25540;1
9980;1
846;1
439935;1
6398;1
5043;1
105451;1
137503;1
406791;1
42032;1
30806;1
1554;1
26724;1
34359;1
106016;1
35189;1
13211;1
14207;1
15265;1
428152;1
29881;1
29137;1
22157;1
408166;1
54098;1
103150;1
18792;1
27124;1
46644;1
292010;1
7680;1
40528;1
16156;1
42611;1
13967;1
406885;1
7775;1
49153;1
444332;1
38469;1
9969;1
32549;1
133734;1
137195;1
18636;1
239059;1
36165;1
3191;1
302084;1
32463;1
6408;1
30907;1
29840;1
423575;1
766;1
100869;1
34216;1
101851;1
43347;1
103853;1
15595;1
55334;1
54891;1
12734;1
228085;1
5451;1
42480;1
410598;1
121399;1
429199;1
15286;1
20619;1
16675;1
20336;1
214404;1
25671;1
214236;1
32227;1
42766;1
56545;1
59954;1
41074;1
45594;1
406265;1
43843;1
36202;1
39189;1
14977;1
41297;1
48682;1
121158;1
42807;1
38473;1
4123;1
20442;1
423795;1
22978;1
32847;1
41721;1
238011;1
9138;1
415051;1
238113;1
33452;1
35705;1
3364;1
18914;1
20407;1
27955;1
101504;1
400417;1
26958;1
409233;1
9822;1
400883;1
13530;1
239799;1
3058;1
103410;1
407978;1
416259;1
24511;1
1965;1
12331;1
102854;1
5577;1
11548;1
11351;1
3009;1
58419;1
405669;1
53552;1
55363;1
214733;1
16628;1
18042;1
102306;1
409518;1
431765;1
127646;1
11873;1
102223;1
29092;1
419162;1
26786;1
45669;1
45781;1
409405;1
14008;1
40576;1
440375;1
47314;1
20735;1
137537;1
400944;1
26547;1
137377;1
36110;1
8614;1
29634;1
26221;1
214347;1
10388;1
37476;1
20938;1
69;1
36978;1
103029;1
31080;1
238549;1
214129;1
54226;1
53133;1
437001;1
11527;1
14936;1
422789;1
283006;1
34619;1
19679;1
43287;1
15276;1
32095;1
8012;1
3701;1
53545;1
58047;1
32659;1
27468;1
18621;1
105180;1
43106;1
279;1
41804;1
29625;1
413071;1
438260;1
302383;1
427392;1
431639;1
23123;1
402667;1
34127;1
8104;1
1640;1
26487;1
45841;1
12435;1
10813;1
30018;1
41068;1
11974;1
104945;1
22489;1
434733;1
16735;1
58133;1
422315;1
38809;1
33598;1
419442;1
3059;1
412692;1
418282;1
17972;1
406620;1
403447;1
100693;1
137502;1
292119;1
30587;1
35336;1
131169;1
18456;1
16114;1
103495;1
298022;1
8912;1
14009;1
133820;1
1885;1
40516;1
407054;1
29930;1
430223;1
7532;1
214863;1
34606;1
13733;1
23697;1
105472;1
22439;1
238913;1
43571;1
18194;1
404360;1
401972;1
400785;1
39685;1
2718;1
238761;1
302278;1
137300;1
105297;1
420022;1
405928;1
43903;1
39335;1
41912;1
21513;1
48176;1
31388;1
55097;1
26532;1
21227;1
121260;1
32968;1
51549;1
415007;1
40173;1
20893;1
214109;1
9981;1
410610;1
27432;1
20546;1
422973;1
3387;1
11811;1
402078;1
1454;1
427509;1
7926;1
13299;1
40601;1
419670;1
407621;1
130629;1
407137;1
29756;1
421389;1
439263;1
38757;1
101827;1
31973;1
127745;1
27613;1
3850;1
31869;1
28278;1
27479;1
43564;1
239445;1
5458;1
30154;1
428523;1
238675;1
26491;1
29135;1
426413;1
445743;1
14518;1
18034;1
44043;1
18339;1
101011;1
2761;1
411283;1
9245;1
439929;1
17710;1
402018;1
46054;1
103216;1
105003;1
22563;1
45944;1
45736;1
45580;1
300528;1
39023;1
45538;1
26405;1
26445;1
40352;1
55181;1
2418;1
50174;1
411147;1
13896;1
859;1
16962;1
44069;1
105734;1
53237;1
405814;1
239312;1
48544;1
2206;1
19403;1
5989;1
39708;1
34678;1
26713;1
23389;1
40278;1
59205;1
432229;1
31658;1
18416;1
405611;1
38143;1
16729;1
960;1
105425;1
131052;1
22398;1
46703;1
423689;1
10505;1
439569;1
31261;1
11429;1
238678;1
42686;1
51534;1
28902;1
18600;1
405764;1
104241;1
423134;1
239763;1
14272;1
56226;1
31887;1
239689;1
428423;1
37764;1
430810;1
131117;1
15123;1
104368;1
19513;1
32065;1
122241;1
7677;1
239461;1
214494;1
19883;1
406316;1
236139;1
411168;1
442040;1
432136;1
58207;1
8283;1
409435;1
11872;1
105499;1
591;1
25003;1
414369;1
46220;1
43755;1
26704;1
104115;1
8184;1
23552;1
5753;1
42914;1
239389;1
19538;1
137329;1
11380;1
32112;1
403346;1
15808;1
100969;1
100477;1
25396;1
100579;1
101634;1
47377;1
409046;1
404736;1
60446;1
120076;1
432047;1
403385;1
24045;1
432027;1
4623;1
29249;1
104888;1
22913;1
30220;1
104616;1
42409;1
214644;1
8412;1
30598;1
12829;1
133749;1
102961;1
238797;1
400031;1
38814;1
23491;1
55958;1
49658;1
101529;1
49017;1
4644;1
433078;1
400383;1
59358;1
54307;1
19862;1
442226;1
35910;1
421840;1
30534;1
409738;1
42919;1
35874;1
419646;1
14357;1
5112;1
16807;1
100553;1
26146;1
36919;1
11012;1
16380;1
47306;1
44547;1
103465;1
36865;1
45159;1
59303;1
35861;1
401143;1
211401;1
15852;1
14450;1
13480;1
8079;1
53680;1
441313;1
10197;1
400517;1
103828;1
105427;1
42292;1
5570;1
15294;1
104411;1
7526;1
31760;1
20456;1
234032;1
51656;1
102172;1
103221;1
49846;1
35639;1
106029;1
6576;1
214044;1
429360;1
45443;1
101663;1
33112;1
59647;1
38786;1
28596;1
10089;1
400264;1
18871;1
46888;1
12819;1
28694;1
2286;1
7150;1
214514;1
17084;1
104443;1
12405;1
24311;1
36334;1
400061;1
300120;1
38057;1
18139;1
57756;1
21008;1
434121;1
9548;1
59126;1
22136;1
8734;1
4641;1
40032;1
46576;1
39506;1
439695;1
445961;1
24821;1
23808;1
11102;1
22284;1
18662;1
238643;1
44054;1
43533;1
12925;1
103200;1
102048;1
52738;1
100;1
406006;1
7203;1
13904;1
45206;1
31223;1
445861;1
55609;1
835;1
42681;1
5878;1
21286;1
19129;1
214889;1
59235;1
9158;1
421550;1
105211;1
137723;1
42503;1
31408;1
16155;1
409041;1
41656;1
30362;1
39529;1
409774;1
5348;1
41059;1
5584;1
423556;1
402785;1
38429;1
56337;1
239101;1
1091;1
10889;1
8811;1
19642;1
5691;1
3559;1
239750;1
423228;1
409596;1
441423;1
429566;1
419492;1
31788;1
17207;1
13624;1
444277;1
5439;1
40941;1
22097;1
428122;1
43759;1
7496;1
32674;1
41987;1
58648;1
417;1
23944;1
54976;1
29949;1
211244;1
413948;1
211342;1
33310;1
103702;1
405650;1
42097;1
102103;1
103445;1
16106;1
14541;1
17925;1
21657;1
7402;1
19421;1
31953;1
50364;1
41480;1
3521;1
404569;1
38581;1
28447;1
60296;1
9310;1
22061;1
37320;1
21174;1
27170;1
53893;1
39453;1
37525;1
131081;1
15899;1
55332;1
57054;1
419616;1
25492;1
53125;1
2504;1
34009;1
408377;1
8201;1
36195;1
103895;1
120478;1
39313;1
9335;1
38692;1
11391;1
8636;1
2610;1
13616;1
58716;1
14346;1
8930;1
20855;1
405181;1
414705;1
44891;1
239337;1
52272;1
9953;1
42430;1
438246;1
43628;1
402140;1
7840;1
60039;1
22045;1
5228;1
400825;1
29563;1
42342;1
33828;1
12930;1
39507;1
54486;1
3591;1
8384;1
32191;1
120732;1
45814;1
58352;1
26708;1
50488;1
408590;1
406363;1
238165;1
4406;1
1922;1
35792;1
120010;1
214602;1
17010;1
228097;1
428218;1
408434;1
400393;1
442935;1
10932;1
52921;1
402911;1
400897;1
8693;1
20695;1
15274;1
28345;1
428;1
409845;1
405576;1
42597;1
20740;1
100778;1
22969;1
54214;1
48307;1
30611;1
16837;1
300233;1
401684;1
423574;1
400314;1
214809;1
24845;1
46096;1
46726;1
47868;1
405154;1
44634;1
33248;1
14285;1
9001;1
44331;1
440162;1
27428;1
214409;1
5339;1
102736;1
292174;1
5783;1
22602;1
238356;1
417702;1
27382;1
211256;1
40636;1
214629;1
406640;1
7916;1
24119;1
439232;1
102091;1
29797;1
6332;1
400895;1
427208;1
46623;1
427943;1
3903;1
29062;1
302388;1
412079;1
55134;1
20846;1
137369;1
138873;1
5304;1
37014;1
38364;1
36638;1
424831;1
302036;1
18447;1
18319;1
4250;1
200023;1
400549;1
121224;1
33327;1
292102;1
101772;1
59983;1
238743;1
39720;1
424815;1
1062;1
7627;1
16387;1
55800;1
56256;1
408232;1
59635;1
20553;1
100168;1
105092;1
104544;1
43766;1
238970;1
414340;1
43761;1
10635;1
137464;1
104894;1
423577;1
57502;1
45693;1
103793;1
14995;1
13789;1
445853;1
41923;1
5684;1
39867;1
42718;1
426457;1
23618;1
47321;1
100624;1
49374;1
47103;1
2273;1
437177;1
138722;1
7861;1
9792;1
46539;1
40300;1
14407;1
984;1
41171;1
401872;1
26828;1
232176;1
15969;1
32481;1
128121;1
44462;1
21850;1
415088;1
42246;1
38804;1
18176;1
38158;1
123196;1
428124;1
419025;1
32335;1
24883;1
15887;1
47258;1
31928;1
101602;1
5775;1
317;1
26730;1
8504;1
40205;1
11172;1
435443;1
15731;1
120064;1
1887;1
1146;1
402070;1
31840;1
132640;1
253002;1
51142;1
26876;1
47599;1
10625;1
9680;1
52535;1
47777;1
33868;1
58755;1
38343;1
10179;1
13330;1
438628;1
425821;1
49493;1
9611;1
102973;1
41502;1
16704;1
418412;1
100772;1
38906;1
101472;1
53029;1
121212;1
14045;1
10135;1
436242;1
12493;1
22954;1
100950;1
401268;1
15247;1
11694;1
56875;1
35798;1
55027;1
445212;1
239256;1
29805;1
214020;1
49226;1
43940;1
409368;1
46665;1
46452;1
15618;1
401391;1
43134;1
34611;1
44431;1
14047;1
12931;1
104109;1
295038;1
29910;1
44224;1
238763;1
214588;1
40239;1
400974;1
23221;1
25935;1
102868;1
46882;1
37696;1
36573;1
32382;1
19348;1
47242;1
6729;1
26379;1
439479;1
130722;1
17825;1
441158;1
328;1
120407;1
236035;1
9892;1
414366;1
29468;1
100254;1
200004;1
32656;1
105137;1
102711;1
283172;1
23911;1
38561;1
100946;1
39606;1
2530;1
137131;1
120622;1
239668;1
14881;1
39467;1
16033;1
24186;1
40973;1
101797;1
45275;1
24436;1
35867;1
12753;1
238689;1
20856;1
239381;1
137310;1
28843;1
31777;1
47267;1
23358;1
403042;1
19757;1
4616;1
103600;1
36489;1
35671;1
300545;1
2678;1
22066;1
36231;1
44838;1
38157;1
39626;1
4408;1
406179;1
34715;1
10946;1
28585;1
13474;1
406793;1
44415;1
35677;1
21285;1
6890;1
302495;1
103838;1
104071;1
38990;1
434374;1
426274;1
105787;1
27521;1
283084;1
40181;1
26810;1
420811;1
13258;1
56825;1
5420;1
401486;1
26173;1
17753;1
16776;1
45911;1
23245;1
104782;1
11930;1
33690;1
40638;1
26663;1
211322;1
60172;1
302466;1
105382;1
444398;1
32058;1
130559;1
58121;1
239433;1
401846;1
5638;1
32414;1
30409;1
21708;1
16133;1
6133;1
9233;1
5477;1
35026;1
7623;1
105050;1
59916;1
105869;1
25766;1
443848;1
45169;1
445395;1
102113;1
9108;1
41680;1
36210;1
44202;1
11882;1
46935;1
20652;1
138493;1
32379;1
58359;1
29404;1
2873;1
426324;1
42383;1
31141;1
101049;1
29995;1
8619;1
121166;1
42062;1
8243;1
20004;1
130869;1
39817;1
2349;1
408720;1
407795;1
38423;1
53693;1
30745;1
37627;1
22057;1
39873;1
2634;1
32054;1
30986;1
402876;1
26;1
13944;1
9886;1
54883;1
100805;1
11516;1
47329;1
9833;1
40158;1
101238;1
10758;1
28443;1
4076;1
417461;1
5362;1
137708;1
53364;1
38008;1
123259;1
414314;1
33732;1
38534;1
411655;1
39890;1
102375;1
236010;1
37137;1
30187;1
34892;1
9564;1
239710;1
416284;1
18268;1
17533;1
15615;1
21938;1
405789;1
49145;1
5883;1
302490;1
418483;1
25184;1
10033;1
300415;1
26891;1
239273;1
25187;1
101924;1
38785;1
214650;1
31052;1
23152;1
104727;1
429948;1
24721;1
422517;1
20044;1
433727;1
137434;1
48475;1
14132;1
104669;1
404639;1
402100;1
11486;1
41345;1
7504;1
19467;1
102108;1
23502;1
404494;1
7603;1
7045;1
41251;1
127527;1
17460;1
105270;1
24623;1
137394;1
218;1
11751;1
19924;1
441798;1
104342;1
19727;1
104416;1
39799;1
3719;1
102663;1
34344;1
232043;1
105862;1
39520;1
6678;1
416505;1
15790;1
130802;1
17590;1
48385;1
406056;1
8141;1
105943;1
44006;1
22508;1
22365;1
27728;1
416495;1
59072;1
15686;1
18884;1
3478;1
25500;1
41845;1
48390;1
5993;1
45827;1
3825;1
127713;1
36139;1
32393;1
17086;1
407526;1
41536;1
19593;1
42165;1
34637;1
14148;1
8845;1
103904;1
19980;1
13735;1
104249;1
239362;1
25939;1
6676;1
105564;1
49544;1
10173;1
39364;1
423492;1
1122;1
38958;1
106469;1
1485;1
35535;1
236114;1
18463;1
40798;1
7995;1
5612;1
36005;1
16668;1
414673;1
414350;1
24325;1
12718;1
430901;1
413882;1
47386;1
105129;1
292312;1
137698;1
12457;1
104245;1
12801;1
49025;1
18085;1
14850;1
25351;1
105630;1
30226;1
20733;1
22225;1
128009;1
40324;1
36857;1
106053;1
404227;1
59779;1
698;1
302409;1
23157;1
18400;1
9483;1
37054;1
409827;1
32187;1
102397;1
7436;1
409705;1
1196;1
3757;1
22456;1
5748;1
14514;1
105466;1
283102;1
58311;1
6038;1
420535;1
404733;1
27023;1
10414;1
435750;1
42068;1
11703;1
101476;1
34079;1
50296;1
23060;1
424639;1
14107;1
29136;1
214131;1
37600;1
132430;1
21997;1
31870;1
30043;1
404408;1
37788;1
16074;1
11032;1
17539;1
401228;1
106404;1
417588;1
400862;1
1381;1
381;1
44479;1
45733;1
23352;1
434252;1
414281;1
100633;1
123192;1
29999;1
31013;1
1087;1
45034;1
408473;1
27306;1
21156;1
24877;1
21167;1
100028;1
8211;1
420939;1
413881;1
300347;1
403177;1
20259;1
45791;1
35470;1
18990;1
409401;1
30086;1
421387;1
20033;1
56228;1
40773;1
409507;1
28248;1
49135;1
27853;1
9372;1
56075;1
50589;1
22310;1
400992;1
429610;1
22659;1
38359;1
15419;1
33749;1
19098;1
12640;1
100874;1
411210;1
8733;1
121233;1
214516;1
22596;1
7661;1
234010;1
128128;1
102550;1
36135;1
26551;1
18905;1
20653;1
44384;1
16263;1
54062;1
104870;1
6808;1
40318;1
400294;1
59313;1
55101;1
22315;1
6638;1
409887;1
292106;1
444237;1
26242;1
105388;1
49055;1
13773;1
4186;1
431580;1
47138;1
127628;1
2136;1
52514;1
54086;1
37260;1
211326;1
34404;1
44911;1
105755;1
443594;1
102464;1
439074;1
48117;1
14033;1
100171;1
300242;1
37746;1
38819;1
434654;1
402001;1
12988;1
403449;1
104997;1
54727;1
2753;1
11031;1
130355;1
40670;1
16352;1
59615;1
30095;1
41355;1
414614;1
8957;1
283026;1
7554;1
38826;1
45849;1
7171;1
39682;1
8015;1
50807;1
57203;1
21921;1
45560;1
19302;1
54500;1
411285;1
102575;1
25390;1
33003;1
2261;1
8054;1
103833;1
106052;1
123069;1
7351;1
47515;1
33761;1
36035;1
46253;1
402906;1
283100;1
15229;1
48314;1
24039;1
15567;1
7442;1
239439;1
22220;1
403503;1
40428;1
102143;1
236122;1
414377;1
2184;1
32156;1
401297;1
35215;1
25403;1
239159;1
102876;1
402042;1
40769;1
36747;1
32468;1
47345;1
120670;1
22248;1
28487;1
433227;1
47718;1
24818;1
21961;1
102475;1
13361;1
26239;1
4889;1
2436;1
11384;1
137382;1
20939;1
9937;1
421725;1
25052;1
1528;1
427163;1
239884;1
14213;1
56351;1
211333;1
433;1
443503;1
23141;1
439753;1
100549;1
1517;1
34324;1
413923;1
437;1
401853;1
413079;1
31172;1
443834;1
418408;1
292262;1
12863;1
17872;1
104236;1
411197;1
56781;1
413916;1
16614;1
104512;1
438086;1
105250;1
54671;1
2738;1
22425;1
100500;1
420711;1
9465;1
47368;1
28675;1
34588;1
20003;1
51049;1
121202;1
104200;1
5016;1
214630;1
41589;1
18569;1
9655;1
34002;1
409951;1
27042;1
434992;1
53111;1
429553;1
55244;1
54846;1
238067;1
408918;1
44794;1
38703;1
171;1
59305;1
137254;1
14282;1
103025;1
50221;1
56254;1
408050;1
40316;1
2424;1
57084;1
15981;1
130893;1
421463;1
214394;1
300045;1
41314;1
103017;1
30090;1
292206;1
21885;1
43573;1
24585;1
7048;1
45235;1
24965;1
1369;1
60112;1
17641;1
2343;1
422533;1
402040;1
26116;1
429776;1
42932;1
411104;1
41194;1
42948;1
239221;1
15396;1
32728;1
15943;1
43807;1
19776;1
18812;1
121152;1
29494;1
103633;1
41798;1
435032;1
31647;1
12811;1
2188;1
410824;1
4442;1
44532;1
292236;1
408453;1
42367;1
13508;1
445745;1
54874;1
24737;1
402756;1
105816;1
4824;1
29328;1
432;1
122102;1
214339;1
30654;1
16049;1
101173;1
32918;1
13491;1
433045;1
412846;1
10346;1
35109;1
8541;1
104019;1
59969;1
21027;1
102684;1
417158;1
401415;1
43567;1
12784;1
28228;1
3881;1
41105;1
59592;1
105152;1
403131;1
12210;1
30227;1
12682;1
300211;1
58607;1
302465;1
8996;1
214492;1
30050;1
8722;1
20843;1
11299;1
46840;1
17638;1
441028;1
19681;1
13836;1
17667;1
102396;1
105051;1
23413;1
420046;1
406187;1
18150;1
14589;1
421905;1
11367;1
28219;1
238257;1
403495;1
409003;1
13356;1
103489;1
31439;1
432057;1
417652;1
17946;1
102680;1
13457;1
24180;1
33009;1
407423;1
44109;1
14099;1
406331;1
434509;1
27113;1
20031;1
17955;1
8449;1
2909;1
43631;1
437911;1
4612;1
104522;1
434561;1
13327;1
16165;1
28653;1
51877;1
2437;1
412154;1
37513;1
5044;1
23659;1
35404;1
427039;1
1876;1
101620;1
30141;1
16042;1
123264;1
25043;1
17199;1
38771;1
56783;1
103620;1
102434;1
45119;1
111;1
13692;1
23807;1
8226;1
130912;1
48502;1
211362;1
40754;1
30072;1
15572;1
404504;1
416060;1
42145;1
19164;1
45383;1
300022;1
1225;1
214159;1
12935;1
8263;1
26290;1
56274;1
4858;1
134234;1
48292;1
14733;1
995;1
102157;1
127606;1
283116;1
6505;1
18647;1
130474;1
28250;1
27684;1
9160;1
43156;1
148;1
21077;1
14914;1
22552;1
440699;1
15661;1
101271;1
236075;1
23820;1
406093;1
409891;1
120444;1
35211;1
137201;1
14910;1
11202;1
23765;1
423431;1
10950;1
430667;1
102400;1
239645;1
121385;1
14167;1
14822;1
406757;1
300111;1
37373;1
25468;1
238966;1
47684;1
45721;1
432907;1
6563;1
25388;1
7032;1
24952;1
1493;1
101598;1
416497;1
418682;1
401579;1
103551;1
406430;1
406058;1
1963;1
12390;1
104591;1
12532;1
211034;1
29327;1
37241;1
429790;1
402136;1
43617;1
23305;1
41629;1
211116;1
408832;1
52818;1
54933;1
426907;1
5141;1
43141;1
14907;1
18767;1
130931;1
100090;1
413226;1
160;1
18272;1
21431;1
19887;1
105436;1
43127;1
56614;1
238451;1
200079;1
1143;1
33362;1
28361;1
127335;1
214047;1
41409;1
37625;1
8856;1
12575;1
18972;1
5692;1
239174;1
7189;1
47962;1
283115;1
45264;1
300117;1
48431;1
30221;1
24041;1
38415;1
100207;1
29896;1
6534;1
18997;1
239661;1
103259;1
17253;1
20934;1
43126;1
33848;1
13274;1
21275;1
40640;1
53057;1
17645;1
2890;1
27051;1
18157;1
22584;1
12376;1
7889;1
22760;1
28808;1
102279;1
441433;1
16177;1
1078;1
6500;1
411851;1
15640;1
122216;1
239055;1
44053;1
440285;1
4738;1
12834;1
13471;1
9312;1
24338;1
5296;1
417728;1
46799;1
7965;1
442268;1
36077;1
130821;1
131025;1
59390;1
19469;1
15154;1
56915;1
3176;1
11636;1
31375;1
6122;1
34830;1
23901;1
39454;1
423543;1
104481;1
58527;1
54313;1
811;1
54763;1
14649;1
13787;1
33482;1
12423;1
21006;1
23427;1
26154;1
22355;1
424821;1
6156;1
28043;1
45240;1
123064;1
100622;1
41004;1
25725;1
54879;1
44314;1
431635;1
138835;1
8506;1
103512;1
46095;1
214721;1
23725;1
9316;1
46268;1
18521;1
41730;1
29699;1
48498;1
41036;1
43292;1
28599;1
28347;1
36926;1
7400;1
49400;1
23579;1
1336;1
405058;1
3526;1
58167;1
29887;1
105797;1
238104;1
239963;1
30376;1
41372;1
406675;1
35836;1
100426;1
9544;1
13033;1
214976;1
2345;1
54657;1
11034;1
20388;1
54381;1
417700;1
31552;1
3944;1
21634;1
431520;1
439104;1
54280;1
44393;1
438244;1
238543;1
639;1
28233;1
34960;1
100119;1
26097;1
19925;1
432709;1
10206;1
34850;1
3229;1
1411;1
58144;1
417676;1
419200;1
105707;1
407961;1
22254;1
16996;1
24066;1
2329;1
49463;1
410692;1
101570;1
236123;1
2800;1
44378;1
44289;1
128008;1
9889;1
10143;1
118;1
33039;1
27403;1
431764;1
18482;1
57066;1
42775;1
17520;1
47001;1
38453;1
2591;1
29869;1
434583;1
354;1
60017;1
413924;1
12386;1
101485;1
33448;1
13517;1
105554;1
29809;1
45617;1
23609;1
4761;1
238163;1
44306;1
10566;1
121183;1
424402;1
33273;1
11371;1
414121;1
23931;1
11110;1
7422;1
104917;1
29018;1
38908;1
12750;1
47851;1
34916;1
46261;1
40056;1
417632;1
20476;1
34236;1
403286;1
239634;1
53380;1
56551;1
21944;1
7720;1
41802;1
3351;1
39877;1
30104;1
104184;1
413260;1
239892;1
402852;1
405525;1
292057;1
413869;1
21537;1
40963;1
17037;1
100689;1
37624;1
5186;1
47015;1
418718;1
7956;1
43274;1
3607;1
35979;1
211416;1
43218;1
411058;1
102138;1
27198;1
405231;1
28206;1
27099;1
434835;1
103409;1
54230;1
22770;1
12864;1
17442;1
1328;1
45248;1
34230;1
138734;1
42034;1
38758;1
33491;1
1647;1
57854;1
1684;1
120442;1
52796;1
5538;1
214335;1
137330;1
20930;1
17965;1
3012;1
211353;1
104294;1
413702;1
413976;1
42633;1
34346;1
239914;1
30469;1
5159;1
131010;1
17441;1
50819;1
26677;1
18067;1
31308;1
9338;1
103980;1
302009;1
104690;1
43138;1
29609;1
20348;1
102903;1
220014;1
43598;1
29210;1
104431;1
302445;1
239149;1
101225;1
35722;1
105148;1
7710;1
24441;1
21602;1
19573;1
26902;1
15045;1
239278;1
16395;1
407815;1
28247;1
11268;1
43238;1
434430;1
36682;1
440439;1
420080;1
18632;1
44329;1
33959;1
56583;1
410606;1
424042;1
24353;1
17103;1
29452;1
16265;1
6388;1
100998;1
3519;1
24326;1
1864;1
9272;1
412184;1
100552;1
17715;1
46750;1
35654;1
120639;1
415134;1
424730;1
44637;1
421536;1
21126;1
17458;1
105514;1
49681;1
428563;1
48298;1
41485;1
38939;1
41122;1
28691;1
228071;1
31883;1
30059;1
53480;1
40023;1
38483;1
137246;1
3886;1
41774;1
434366;1
434107;1
2600;1
4963;1
60096;1
58987;1
30259;1
436900;1
4376;1
100947;1
31189;1
6845;1
21604;1
27001;1
1052;1
43428;1
414935;1
420565;1
38422;1
9622;1
405853;1
238079;1
6420;1
693;1
441226;1
39466;1
20462;1
14064;1
410284;1
429772;1
37537;1
30966;1
37933;1
50288;1
420428;1
27193;1
102596;1
23458;1
25577;1
38901;1
300008;1
44992;1
28821;1
4117;1
132433;1
103941;1
103187;1
238084;1
8149;1
424452;1
30423;1
31825;1
411229;1
7737;1
19401;1
120005;1
36050;1
50859;1
12003;1
24709;1
4521;1
214010;1
1820;1
58668;1
9317;1
4529;1
7811;1
42203;1
30641;1
413086;1
10470;1
54998;1
39078;1
14062;1
1943;1
101492;1
300254;1
413984;1
39905;1
420577;1
24785;1
22217;1
44755;1
102088;1
35595;1
39586;1
5125;1
3157;1
44659;1
35208;1
36084;1
39049;1
434851;1
105914;1
16867;1
429412;1
46677;1
123;1
103956;1
410113;1
403005;1
29359;1
35379;1
102919;1
42535;1
421816;1
37936;1
31226;1
28590;1
17559;1
1072;1
59470;1
10724;1
248;1
433881;1
23890;1
45923;1
8326;1
44849;1
127547;1
102159;1
401234;1
441130;1
41601;1
432954;1
11050;1
440679;1
42668;1
103461;1
2069;1
408672;1
9239;1
53757;1
100777;1
239657;1
11369;1
441271;1
57354;1
20282;1
137399;1
27285;1
21664;1
405771;1
17225;1
19659;1
14354;1
30558;1
402274;1
47004;1
17281;1
436997;1
214151;1
430371;1
238171;1
238159;1
23556;1
31399;1
417200;1
427230;1
41463;1
18346;1
23063;1
239039;1
430842;1
24343;1
8594;1
17863;1
214896;1
31082;1
18578;1
417545;1
410989;1
444518;1
17600;1
13180;1
4977;1
18387;1
55011;1
26194;1
45318;1
40848;1
38954;1
3985;1
106102;1
45126;1
105858;1
10683;1
101849;1
38052;1
33194;1
27623;1
48380;1
411234;1
42434;1
8322;1
14409;1
420539;1
1533;1
138297;1
103713;1
138310;1
26761;1
408418;1
6790;1
407715;1
103229;1
12455;1
52261;1
11266;1
10700;1
137705;1
103743;1
412112;1
37508;1
18541;1
37956;1
22998;1
4614;1
4878;1
26858;1
49019;1
7283;1
37094;1
52732;1
26349;1
105740;1
300028;1
36990;1
51683;1
55212;1
35655;1
35352;1
57542;1
441034;1
10602;1
239628;1
101871;1
200097;1
414254;1
406016;1
44708;1
11078;1
35625;1
414696;1
28639;1
356;1
31222;1
103289;1
3988;1
30328;1
26160;1
105643;1
48144;1
211099;1
19048;1
38985;1
106077;1
236167;1
29190;1
10172;1
24379;1
436468;1
418739;1
429570;1
44292;1
28539;1
27624;1
30368;1
412872;1
8059;1
238711;1
38;1
12129;1
239638;1
437515;1
36413;1
11558;1
440009;1
412004;1
31583;1
7802;1
434262;1
34780;1
3328;1
5597;1
428828;1
102201;1
13628;1
9627;1
19161;1
403125;1
214769;1
37165;1
138309;1
10751;1
55365;1
17588;1
30311;1
5983;1
29786;1
408366;1
23754;1
15097;1
15520;1
28807;1
34651;1
10125;1
26339;1
4070;1
54619;1
4747;1
100753;1
402675;1
44354;1
45028;1
18248;1
9908;1
22302;1
16295;1
274022;1
30684;1
7228;1
104719;1
433175;1
22728;1
127374;1
903;1
102331;1
133913;1
22485;1
239045;1
26336;1
36867;1
238673;1
45504;1
31328;1
12052;1
105150;1
6994;1
55072;1
104213;1
49781;1
41306;1
40487;1
24635;1
211133;1
18941;1
16887;1
9920;1
123253;1
101302;1
433683;1
19711;1
56931;1
16805;1
105377;1
40590;1
122262;1
7669;1
7751;1
422763;1
5544;1
239420;1
238628;1
35652;1
122984;1
23481;1
436039;1
43534;1
36404;1
29686;1
53755;1
105135;1
424128;1
18471;1
302014;1
6489;1
54454;1
1538;1
39238;1
26777;1
413023;1
127558;1
105330;1
41634;1
409577;1
40930;1
404344;1
31691;1
422185;1
23834;1
9860;1
411665;1
26990;1
401805;1
45030;1
45032;1
120681;1
8536;1
19407;1
1946;1
869;1
428899;1
433026;1
307005;1
32685;1
436527;1
28270;1
36314;1
132696;1
401589;1
32310;1
18328;1
23774;1
55305;1
443928;1
405647;1
238958;1
103521;1
236111;1
6101;1
405766;1
44694;1
131193;1
9241;1
29859;1
39889;1
29600;1
22337;1
402061;1
42466;1
127662;1
54966;1
5177;1
444408;1
14503;1
19747;1
211189;1
16810;1
19923;1
19846;1
27701;1
401861;1
418294;1
39518;1
421584;1
239610;1
44193;1
413904;1
137228;1
38211;1
53432;1
300169;1
45425;1
41751;1
292333;1
28993;1
16673;1
8064;1
122960;1
405328;1
37492;1
31191;1
9036;1
436987;1
127645;1
302179;1
45955;1
58894;1
413819;1
4434;1
401959;1
11627;1
17050;1
31706;1
133701;1
401945;1
100821;1
100708;1
13301;1
127593;1
39183;1
12816;1
38851;1
27998;1
17580;1
238773;1
33517;1
253021;1
29923;1
105742;1
34345;1
14575;1
138408;1
23476;1
55631;1
409885;1
19951;1
57623;1
47078;1
14243;1
60067;1
24241;1
120452;1
49255;1
104172;1
60185;1
30551;1
39548;1
16921;1
5115;1
400695;1
53346;1
6782;1
29821;1
25163;1
415031;1
58682;1
52740;1
414922;1
14678;1
238991;1
6700;1
430461;1
5129;1
32765;1
11907;1
21345;1
22981;1
29434;1
101232;1
43794;1
100485;1
1394;1
24520;1
18710;1
35919;1
100295;1
102712;1
412437;1
411154;1
15589;1
239867;1
37128;1
105355;1
38621;1
20655;1
130367;1
51725;1
27231;1
33210;1
40407;1
41707;1
8665;1
36335;1
37516;1
39570;1
300404;1
406403;1
16781;1
33869;1
440707;1
432955;1
123293;1
236182;1
53901;1
19490;1
438265;1
234040;1
7590;1
401746;1
16090;1
14921;1
40738;1
11283;1
420354;1
239692;1
137368;1
211445;1
238849;1
35596;1
413973;1
10594;1
29498;1
238151;1
22926;1
3578;1
105860;1
12771;1
19373;1
283187;1
53180;1
32217;1
434714;1
214616;1
24937;1
6185;1
433046;1
120491;1
40132;1
36272;1
2974;1
38407;1
38353;1
436098;1
8990;1
53566;1
29940;1
300182;1
105087;1
16134;1
58540;1
8261;1
43970;1
102739;1
40142;1
302493;1
46778;1
59231;1
408994;1
32041;1
28998;1
57793;1
103141;1
434292;1
238626;1
3731;1
22017;1
13720;1
412099;1
214064;1
5275;1
59658;1
55248;1
437401;1
443491;1
138525;1
956;1
302426;1
434083;1
43119;1
430788;1
121322;1
400589;1
34490;1
21383;1
22359;1
40916;1
20386;1
14014;1
26778;1
17625;1
31771;1
5479;1
30860;1
44628;1
137725;1
402156;1
21884;1
50599;1
19721;1
10803;1
25756;1
433006;1
414263;1
20907;1
47459;1
805;1
14475;1
42599;1
5051;1
437602;1
29936;1
8905;1
53599;1
50003;1
14813;1
43890;1
53603;1
41704;1
239552;1
137261;1
21927;1
422375;1
432045;1
442224;1
28365;1
17060;1
29128;1
35713;1
105009;1
1498;1
132675;1
404062;1
105398;1
401421;1
30939;1
51138;1
23128;1
34661;1
56370;1
432606;1
29046;1
44833;1
402787;1
37779;1
44130;1
419027;1
40912;1
16446;1
4512;1
38013;1
839;1
130352;1
3726;1
121341;1
46434;1
45321;1
13437;1
292026;1
12822;1
36122;1
8329;1
41895;1
41868;1
33224;1
414212;1
27197;1
101600;1
413296;1
12859;1
770;1
7577;1
44211;1
408311;1
22052;1
414734;1
16368;1
8459;1
105437;1
52800;1
211060;1
10254;1
419164;1
24514;1
32809;1
50292;1
5932;1
24422;1
14271;1
100091;1
19831;1
404197;1
239901;1
419037;1
6644;1
14952;1
121162;1
34699;1
39926;1
23515;1
436260;1
9151;1
53734;1
130473;1
18957;1
238756;1
19008;1
5626;1
18003;1
9089;1
18184;1
17025;1
43277;1
436741;1
9166;1
1239;1
45801;1
28120;1
407889;1
46393;1
11874;1
9161;1
34206;1
35735;1
55271;1
47307;1
46645;1
238554;1
47043;1
134225;1
427652;1
1755;1
13756;1
406535;1
32904;1
48779;1
18975;1
34320;1
10226;1
30614;1
54443;1
19064;1
47351;1
2630;1
36449;1
211134;1
33929;1
25264;1
53641;1
239397;1
103720;1
55198;1
105725;1
401911;1
15412;1
402699;1
31210;1
429391;1
13337;1
414216;1
13287;1
40502;1
238640;1
58951;1
23364;1
11857;1
103349;1
239693;1
17512;1
412103;1
22149;1
19285;1
421546;1
47912;1
103020;1
13251;1
18872;1
8810;1
41191;1
34975;1
777;1
15718;1
16103;1
400071;1
9779;1
414193;1
43908;1
298026;1
37312;1
402190;1
31851;1
408115;1
45084;1
105494;1
121302;1
7441;1
32692;1
9499;1
34237;1
1629;1
138910;1
438025;1
6455;1
47727;1
403891;1
402952;1
32351;1
4545;1
102997;1
42562;1
5677;1
5842;1
26143;1
39941;1
17996;1
8191;1
14745;1
9801;1
6281;1
19126;1
379;1
128183;1
58922;1
35396;1
45122;1
408765;1
7794;1
47423;1
300383;1
32446;1
31176;1
2171;1
100811;1
138290;1
32531;1
37012;1
22464;1
238709;1
34820;1
24459;1
300509;1
407769;1
4040;1
52530;1
19156;1
39730;1
37399;1
214;1
9442;1
416169;1
2389;1
410304;1
22992;1
102008;1
409516;1
137285;1
103266;1
12976;1
16892;1
13016;1
11228;1
12135;1
18826;1
44095;1
32163;1
40321;1
104177;1
132905;1
417294;1
30635;1
16075;1
100460;1
21676;1
13429;1
130573;1
105473;1
10040;1
23730;1
13688;1
28158;1
55669;1
33842;1
33331;1
30421;1
302157;1
214149;1
400775;1
6899;1
419119;1
26450;1
38989;1
33791;1
48032;1
6971;1
400427;1
50459;1
11644;1
50198;1
302114;1
15638;1
2230;1
39294;1
104943;1
2096;1
130693;1
41062;1
19299;1
18077;1
302459;1
32592;1
120625;1
238039;1
29727;1
38536;1
408164;1
59674;1
437092;1
8026;1
431747;1
26385;1
10816;1
404850;1
404460;1
22852;1
42363;1
44644;1
429696;1
133726;1
408849;1
19694;1
59771;1
14481;1
23526;1
27015;1
8761;1
33834;1
9304;1
58849;1
2582;1
34029;1
13725;1
26202;1
20087;1
35921;1
37311;1
102860;1
51522;1
104694;1
31964;1
17363;1
417302;1
26573;1
402145;1
45513;1
429362;1
28231;1
26087;1
18708;1
57274;1
36225;1
18160;1
42646;1
120455;1
19002;1
401730;1
214937;1
38606;1
4129;1
403181;1
238855;1
404205;1
8227;1
31655;1
19500;1
105818;1
137431;1
6919;1
105890;1
44156;1
104404;1
38009;1
239244;1
33534;1
435854;1
21586;1
402069;1
19280;1
15047;1
15013;1
54317;1
211115;1
52416;1
47469;1
103684;1
101531;1
44801;1
120090;1
40296;1
413587;1
13357;1
47145;1
15972;1
52693;1
400238;1
439735;1
27644;1
100733;1
432344;1
3604;1
38348;1
46453;1
102996;1
128110;1
413863;1
52522;1
51093;1
127305;1
686;1
13954;1
37914;1
32368;1
30839;1
106123;1
104751;1
238092;1
101964;1
137119;1
6029;1
232102;1
6457;1
103247;1
445665;1
19356;1
14563;1
104865;1
20813;1
102829;1
38081;1
403272;1
39206;1
442272;1
8463;1
32046;1
105111;1
21358;1
12590;1
402940;1
43646;1
42712;1
25142;1
104100;1
55698;1
407160;1
1675;1
31992;1
17843;1
21147;1
19845;1
42133;1
400083;1
20806;1
38979;1
27767;1
425603;1
43184;1
43209;1
31492;1
46050;1
8319;1
27061;1
3742;1
5380;1
178;1
42514;1
19043;1
3234;1
43936;1
25183;1
55058;1
130799;1
402022;1
103377;1
11215;1
45963;1
10183;1
441066;1
427794;1
409325;1
1234;1
104923;1
239820;1
239370;1
48275;1
418356;1
38604;1
440943;1
53035;1
47760;1
238193;1
300265;1
102178;1
17012;1
39024;1
236119;1
29273;1
11574;1
45783;1
21931;1
11545;1
8393;1
20495;1
214270;1
35865;1
8699;1
11540;1
33569;1
31603;1
105271;1
43618;1
426833;1
33100;1
22604;1
3958;1
429425;1
53611;1
20701;1
50031;1
101913;1
122956;1
102134;1
38127;1
12827;1
7155;1
232128;1
409279;1
407207;1
8687;1
8335;1
21767;1
415376;1
101013;1
7880;1
10215;1
40865;1
411219;1
214206;1
101461;1
8760;1
35463;1
104808;1
33830;1
401962;1
28390;1
14292;1
295049;1
3995;1
60380;1
2863;1
23900;1
42176;1
53276;1
35917;1
106076;1
422655;1
21475;1
103530;1
35443;1
426877;1
36215;1
100034;1
105974;1
214797;1
24795;1
211095;1
34217;1
211278;1
138389;1
435451;1
45316;1
10719;1
58085;1
40141;1
130509;1
239126;1
102150;1
416321;1
12908;1
102356;1
1758;1
43367;1
13403;1
57674;1
28041;1
441281;1
34885;1
2692;1
30415;1
16254;1
295012;1
402398;1
8148;1
20853;1
440912;1
3542;1
406797;1
14988;1
23121;1
403278;1
33953;1
292094;1
34458;1
121324;1
441724;1
410052;1
55209;1
39051;1
28287;1
101210;1
45934;1
238994;1
6205;1
35199;1
100311;1
15195;1
51320;1
414138;1
33502;1
16318;1
20228;1
22327;1
45241;1
59544;1
43226;1
56204;1
7665;1
23490;1
32364;1
23431;1
103497;1
55466;1
23016;1
48291;1
400707;1
17509;1
238191;1
23062;1
40237;1
39798;1
302229;1
417196;1
23899;1
28955;1
402034;1
54975;1
443994;1
52292;1
38683;1
302369;1
15925;1
120808;1
39385;1
31037;1
406954;1
7435;1
29109;1
123250;1
407992;1
28340;1
428385;1
418658;1
401398;1
5066;1
55138;1
105552;1
21348;1
51915;1
47297;1
35378;1
410888;1
47122;1
409173;1
211377;1
12446;1
58287;1
28827;1
55337;1
21432;1
400069;1
24607;1
8210;1
45211;1
28763;1
45261;1
26826;1
6951;1
9340;1
104620;1
55240;1
30516;1
23455;1
100409;1
4962;1
434640;1
28519;1
48026;1
239204;1
51929;1
16903;1
214386;1
14057;1
411056;1
34177;1
8313;1
300025;1
34883;1
39768;1
100933;1
31823;1
300343;1
238293;1
425857;1
414397;1
432284;1
214952;1
36285;1
17411;1
103321;1
45677;1
42254;1
31353;1
52146;1
407976;1
132686;1
422765;1
425133;1
21601;1
16443;1
13162;1
15222;1
429862;1
16296;1
21290;1
439921;1
29440;1
48212;1
59398;1
37949;1
17508;1
443397;1
30851;1
5085;1
44840;1
33670;1
1435;1
13505;1
432948;1
23009;1
177;1
14005;1
20206;1
32667;1
46664;1
414253;1
23613;1
100546;1
18501;1
12319;1
416249;1
10702;1
57824;1
44002;1
9033;1
214587;1
10285;1
431222;1
41195;1
42941;1
25509;1
21459;1
40917;1
50830;1
20679;1
52615;1
430669;1
42683;1
38072;1
18124;1
430567;1
4329;1
42792;1
26943;1
406426;1
42735;1
35728;1
238846;1
32007;1
9735;1
25846;1
7509;1
5470;1
22704;1
137279;1
424444;1
427053;1
29423;1
407524;1
35393;1
214103;1
739;1
20658;1
7516;1
405562;1
130909;1
422487;1
21280;1
100573;1
4130;1
18512;1
9554;1
40634;1
403179;1
30868;1
9364;1
85;1
45892;1
413929;1
22883;1
6958;1
100806;1
58997;1
34083;1
24399;1
121204;1
400625;1
38404;1
33192;1
407807;1
8379;1
49011;1
9052;1
21507;1
30212;1
435328;1
25139;1
51547;1
19598;1
22151;1
13742;1
26288;1
31904;1
28791;1
2029;1
21312;1
420567;1
401925;1
42091;1
19334;1
11816;1
36896;1
409340;1
3973;1
60271;1
402687;1
420679;1
133785;1
38133;1
401886;1
13387;1
2327;1
20870;1
44345;1
442869;1
37237;1
403814;1
33736;1
421480;1
101165;1
4389;1
50990;1
42268;1
17360;1
103848;1
25245;1
123063;1
102523;1
415033;1
2350;1
7167;1
45370;1
58247;1
443986;1
402563;1
39254;1
420615;1
106086;1
21525;1
31695;1
436870;1
138923;1
101948;1
407969;1
127355;1
239839;1
408129;1
121171;1
408150;1
438707;1
238429;1
47955;1
238316;1
132583;1
29316;1
17391;1
30237;1
8812;1
438043;1
211438;1
14486;1
424373;1
5913;1
57777;1
36001;1
24264;1
102058;1
408514;1
31732;1
18295;1
36878;1
130800;1
12147;1
49230;1
345;1
20349;1
5693;1
49442;1
10777;1
21439;1
957;1
104383;1
441301;1
409440;1
23441;1
31078;1
101594;1
130749;1
35213;1
13801;1
35248;1
27715;1
2621;1
428401;1
41125;1
414276;1
406829;1
23557;1
15880;1
41326;1
3729;1
4891;1
103096;1
27318;1
1985;1
23596;1
121369;1
1069;1
238238;1
406775;1
408661;1
137671;1
56298;1
49427;1
30186;1
23108;1
34657;1
35050;1
30799;1
48744;1
59517;1
6556;1
44531;1
54147;1
14351;1
24707;1
38714;1
46196;1
137288;1
15115;1
2569;1
26357;1
50866;1
44861;1
137731;1
32348;1
9726;1
43780;1
20828;1
30599;1
3748;1
413051;1
441102;1
44707;1
45670;1
214067;1
30496;1
8750;1
422717;1
4886;1
44229;1
409867;1
16563;1
39632;1
53730;1
419083;1
6950;1
26946;1
13067;1
19482;1
3076;1
137284;1
23386;1
239612;1
5625;1
106071;1
56327;1
32006;1
57374;1
44215;1
12757;1
21545;1
46340;1
32939;1
26928;1
417754;1
412114;1
38066;1
427972;1
121019;1
34722;1
402010;1
103596;1
7766;1
22874;1
8177;1
49892;1
417539;1
402807;1
300518;1
2638;1
30600;1
37706;1
33319;1
18418;1
41222;1
435034;1
56919;1
102090;1
14902;1
7923;1
414036;1
1582;1
38796;1
319;1
236100;1
13400;1
36829;1
9625;1
44098;1
12950;1
15711;1
46737;1
133712;1
434135;1
38890;1
50593;1
48758;1
104287;1
32505;1
4981;1
27893;1
26811;1
1817;1
101890;1
14372;1
59155;1
53348;1
30527;1
582;1
14976;1
57124;1
23748;1
34176;1
439847;1
24563;1
104036;1
34951;1
420471;1
425425;1
430713;1
19702;1
51772;1
48556;1
14338;1
403205;1
51387;1
42910;1
11241;1
33263;1
21648;1
23202;1
19035;1
569;1
47645;1
44595;1
408074;1
31545;1
411349;1
295036;1
29373;1
418704;1
41188;1
16140;1
29850;1
17325;1
103900;1
685;1
17973;1
8256;1
26626;1
25469;1
25900;1
444706;1
51504;1
410682;1
302343;1
22209;1
40683;1
100331;1
7561;1
239876;1
22460;1
19895;1
11838;1
997;1
444233;1
29004;1
45228;1
53989;1
24644;1
57400;1
10422;1
37033;1
105804;1
100497;1
413298;1
23711;1
16891;1
214708;1
105836;1
31880;1
406091;1
130794;1
1294;1
28782;1
47054;1
55793;1
414550;1
133852;1
1904;1
44668;1
408054;1
24322;1
31784;1
42289;1
32601;1
104417;1
431970;1
5325;1
40013;1
38166;1
4887;1
31990;1
103846;1
36666;1
12212;1
8347;1
429352;1
410119;1
401355;1
302074;1
104272;1
302060;1
15415;1
46887;1
102033;1
14226;1
27154;1
20623;1
138578;1
52806;1
5942;1
1659;1
6813;1
8677;1
24594;1
17974;1
56850;1
128091;1
58839;1
420529;1
409517;1
423494;1
30047;1
41995;1
53702;1
15310;1
59412;1
402858;1
19932;1
28358;1
137178;1
3314;1
402016;1
33043;1
406452;1
238630;1
8180;1
40045;1
27088;1
3532;1
17578;1
19589;1
130400;1
45417;1
104092;1
6087;1
104613;1
104549;1
7885;1
38023;1
38665;1
12967;1
429547;1
53489;1
58744;1
42453;1
15459;1
7494;1
239942;1
411054;1
104725;1
27222;1
34806;1
103067;1
44729;1
33172;1
55275;1
951;1
403455;1
28425;1
20923;1
42111;1
29998;1
36037;1
18818;1
2196;1
102908;1
9126;1
404301;1
26214;1
5478;1
13168;1
44062;1
52052;1
5601;1
31908;1
239507;1
28078;1
30004;1
29758;1
18687;1
283140;1
7159;1
406081;1
26951;1
49771;1
19430;1
6035;1
238677;1
32597;1
53310;1
32785;1
429249;1
406819;1
15547;1
57913;1
38220;1
55898;1
27232;1
22119;1
31508;1
5018;1
29209;1
409522;1
28550;1
23646;1
104485;1
47253;1
274045;1
15940;1
11690;1
53156;1
31289;1
30826;1
7761;1
44851;1
18870;1
6141;1
12279;1
295035;1
211468;1
42143;1
17678;1
25332;1
33140;1
401551;1
15326;1
56663;1
40344;1
52546;1
105336;1
438074;1
35206;1
21972;1
38146;1
19791;1
405358;1
42773;1
42493;1
408204;1
429378;1
50786;1
15493;1
120372;1
102036;1
211454;1
43213;1
302334;1
403141;1
25616;1
11051;1
220009;1
33397;1
39653;1
418250;1
404616;1
30314;1
133765;1
444269;1
6930;1
33797;1
355;1
41847;1
9820;1
29160;1
137172;1
22369;1
105662;1
220012;1
137087;1
5249;1
4773;1
32952;1
11817;1
102926;1
19103;1
239794;1
57445;1
28013;1
35025;1
411649;1
44535;1
413224;1
50632;1
55016;1
214445;1
400781;1
435103;1
34965;1
24222;1
10547;1
104868;1
40269;1
18294;1
283099;1
26134;1
409453;1
404545;1
37490;1
16029;1
15171;1
400367;1
100216;1
6240;1
39442;1
409734;1
407209;1
14538;1
19758;1
103374;1
434360;1
26707;1
411983;1
13013;1
23161;1
15513;1
39841;1
26088;1
100843;1
22214;1
38181;1
21508;1
239178;1
3786;1
400469;1
34609;1
1848;1
100698;1
414392;1
238337;1
421642;1
130450;1
404032;1
101577;1
214114;1
16943;1
7502;1
53461;1
11358;1
6180;1
416127;1
21967;1
409434;1
35450;1
23869;1
16126;1
42238;1
427303;1
424066;1
408941;1
302283;1
936;1
28615;1
51330;1
45545;1
9866;1
23274;1
239875;1
18601;1
37388;1
46363;1
24630;1
426827;1
300131;1
22207;1
45208;1
10252;1
24158;1
6256;1
401929;1
52329;1
51396;1
47181;1
131076;1
39683;1
15858;1
402912;1
33064;1
40040;1
414223;1
402080;1
43186;1
41467;1
8445;1
7866;1
21835;1
421385;1
46971;1
415078;1
36843;1
3300;1
10563;1
415887;1
55174;1
24240;1
19388;1
426649;1
127362;1
18448;1
28255;1
629;1
435149;1
35545;1
430705;1
11500;1
51516;1
6791;1
414670;1
52683;1
36748;1
19690;1
51446;1
38654;1
105226;1
1354;1
138315;1
7971;1
24552;1
43569;1
17015;1
422399;1
122131;1
11484;1
899;1
417044;1
47575;1
54953;1
12243;1
102139;1
26465;1
402592;1
418700;1
26954;1
22446;1
403607;1
417172;1
42524;1
39870;1
11029;1
42338;1
56521;1
37885;1
24470;1
13342;1
3675;1
57330;1
416982;1
7169;1
23438;1
35016;1
428417;1
19627;1
214949;1
33785;1
40727;1
445266;1
31151;1
24518;1
436096;1
51238;1
300152;1
100317;1
36149;1
21838;1
409056;1
15840;1
29746;1
3780;1
47391;1
417498;1
43583;1
137304;1
7396;1
31332;1
404881;1
436248;1
44206;1
28720;1
41630;1
25314;1
48528;1
132894;1
35133;1
42518;1
33865;1
55177;1
402390;1
402613;1
429437;1
43337;1
127532;1
40945;1
34643;1
26352;1
5696;1
3908;1
7300;1
24950;1
41940;1
422890;1
101149;1
14011;1
30225;1
21746;1
441026;1
137728;1
32858;1
406228;1
20256;1
5908;1
27526;1
21989;1
54994;1
19117;1
8882;1
19739;1
55246;1
6711;1
56363;1
28194;1
128210;1
439493;1
18247;1
28666;1
105843;1
44364;1
41649;1
104495;1
20145;1
37919;1
34653;1
8916;1
55203;1
27982;1
292052;1
302502;1
59111;1
430822;1
57510;1
28236;1
37787;1
401562;1
236170;1
11160;1
3880;1
103011;1
48449;1
28595;1
403909;1
100070;1
102146;1
20542;1
18875;1
199;1
16050;1
27140;1
137197;1
15429;1
21373;1
27439;1
22800;1
105976;1
26760;1
122980;1
19166;1
424134;1
120611;1
106400;1
17881;1
5586;1
44989;1
432112;1
38614;1
29518;1
26050;1
4029;1
3865;1
43092;1
56272;1
422852;1
41988;1
36083;1
29477;1
26356;1
37660;1
4734;1
23732;1
51589;1
7216;1
46327;1
292105;1
120327;1
45816;1
137419;1
47636;1
15948;1
41254;1
30920;1
39762;1
104793;1
17478;1
59161;1
36283;1
402683;1
37167;1
18681;1
13476;1
211485;1
34306;1
863;1
413209;1
23791;1
45118;1
29829;1
101084;1
7589;1
46876;1
23956;1
29524;1
25495;1
431876;1
439056;1
436162;1
138298;1
2762;1
33139;1
19555;1
1462;1
527;1
105124;1
35994;1
211251;1
9095;1
104749;1
214187;1
101100;1
5553;1
51083;1
302259;1
16351;1
39323;1
26919;1
428421;1
33612;1
32690;1
211185;1
238670;1
34455;1
51605;1
444123;1
44019;1
32751;1
24219;1
40927;1
29720;1
3645;1
30728;1
34493;1
40650;1
41881;1
44663;1
252046;1
11938;1
407677;1
35570;1
8479;1
405975;1
20227;1
30492;1
434535;1
27554;1
105546;1
15333;1
48093;1
60352;1
21630;1
16747;1
54510;1
100434;1
31937;1
122276;1
13990;1
36396;1
23875;1
418676;1
33456;1
57406;1
7490;1
105801;1
26973;1
103665;1
41888;1
3744;1
52469;1
6564;1
7896;1
131064;1
102918;1
106188;1
6194;1
56211;1
2163;1
606;1
14288;1
401933;1
6193;1
36849;1
414020;1
104641;1
14554;1
19462;1
8170;1
46060;1
414266;1
32489;1
105365;1
41885;1
39850;1
19614;1
101000;1
239861;1
28723;1
121394;1
5807;1
422838;1
13718;1
6739;1
48566;1
16237;1
15652;1
14423;1
28441;1
59503;1
41605;1
28770;1
9061;1
415547;1
234025;1
101179;1
28989;1
425849;1
101409;1
11763;1
31180;1
43920;1
14657;1
16146;1
17398;1
400409;1
409999;1
34308;1
30797;1
28080;1
46868;1
302356;1
432255;1
232109;1
23937;1
1799;1
57036;1
15884;1
15448;1
411432;1
408914;1
408228;1
39117;1
59509;1
39070;1
409955;1
19095;1
21137;1
37092;1
102890;1
46428;1
37027;1
31983;1
38490;1
18095;1
3818;1
10088;1
103387;1
18948;1
46056;1
23351;1
27795;1
43162;1
15976;1
20686;1
37771;1
409215;1
36617;1
21721;1
49306;1
14708;1
9733;1
103326;1
33673;1
402809;1
101029;1
23144;1
441453;1
58253;1
33000;1
34519;1
35258;1
31677;1
101290;1
9663;1
130374;1
426927;1
408160;1
34677;1
238318;1
36255;1
106899;1
43841;1
419448;1
30378;1
239255;1
19481;1
137395;1
5486;1
13609;1
133777;1
106190;1
54301;1
413787;1
103440;1
13550;1
35424;1
25451;1
13759;1
239400;1
16995;1
104542;1
33850;1
3509;1
408423;1
15654;1
130350;1
25511;1
17981;1
27184;1
39192;1
429177;1
54472;1
8715;1
34099;1
13001;1
100435;1
430786;1
49693;1
40263;1
9566;1
35243;1
21043;1
55093;1
405211;1
59082;1
26923;1
103719;1
441810;1
5190;1
422073;1
418921;1
103066;1
22436;1
15517;1
36049;1
24890;1
30060;1
27130;1
400567;1
1449;1
18243;1
35347;1
412834;1
236093;1
13663;1
37963;1
232027;1
295031;1
37573;1
40667;1
402880;1
3948;1
44183;1
18070;1
29241;1
13856;1
34336;1
30353;1
1364;1
29154;1
403597;1
438088;1
26977;1
50152;1
18277;1
45694;1
419069;1
59714;1
404195;1
401485;1
238227;1
102537;1
40809;1
51240;1
47895;1
5345;1
21868;1
18976;1
7357;1
103176;1
54361;1
19448;1
14627;1
41309;1
17649;1
32936;1
44594;1
408980;1
57899;1
1514;1
4193;1
29743;1
418256;1
39074;1
292071;1
45541;1
28986;1
37356;1
38800;1
401500;1
51403;1
32778;1
300141;1
410631;1
4691;1
211179;1
33908;1
239947;1
40968;1
410225;1
18147;1
415113;1
9;1
127524;1
435150;1
565;1
239846;1
11433;1
138281;1
200010;1
103528;1
417594;1
58051;1
24977;1
40668;1
35102;1
9504;1
59666;1
127526;1
58809;1
134250;1
434468;1
46302;1
40153;1
50038;1
44647;1
53017;1
138880;1
440377;1
27861;1
5885;1
429100;1
48771;1
104478;1
37007;1
421500;1
106370;1
20522;1
58135;1
2427;1
7269;1
37616;1
121257;1
2901;1
417836;1
439545;1
442463;1
12412;1
10446;1
14989;1
410095;1
211177;1
27520;1
42577;1
105064;1
400773;1
51758;1
2625;1
102149;1
35431;1
30814;1
439809;1
406855;1
17133;1
28100;1
412092;1
442405;1
24179;1
45091;1
38323;1
20022;1
32100;1
441277;1
35610;1
9815;1
46794;1
292259;1
20666;1
17992;1
214362;1
41801;1
30905;1
10109;1
239808;1
402439;1
42846;1
420601;1
21169;1
23620;1
10742;1
45593;1
415035;1
10713;1
26005;1
103054;1
44880;1
130465;1
441700;1
422143;1
54948;1
2083;1
11608;1
44948;1
43222;1
56981;1
44599;1
1860;1
228092;1
31941;1
33429;1
44781;1
5703;1
214031;1
29520;1
410103;1
46907;1
41983;1
130706;1
32949;1
22827;1
4793;1
409756;1
440691;1
40804;1
428250;1
105896;1
123066;1
34629;1
24764;1
44445;1
17292;1
50499;1
15756;1
120060;1
14818;1
9027;1
1317;1
44304;1
19400;1
214478;1
402396;1
37287;1
128108;1
405356;1
35717;1
52679;1
238120;1
31359;1
21187;1
214059;1
23311;1
47046;1
48146;1
28846;1
32930;1
42337;1
27720;1
46520;1
46518;1
20825;1
122201;1
33689;1
402085;1
44025;1
283068;1
214615;1
411206;1
406713;1
412605;1
9468;1
101481;1
29005;1
15187;1
239931;1
57799;1
49102;1
31811;1
39489;1
402875;1
51375;1
105083;1
26855;1
19432;1
41464;1
11302;1
9197;1
426589;1
103106;1
426664;1
55643;1
48576;1
30429;1
429572;1
52769;1
104608;1
43250;1
21221;1
17107;1
302059;1
39879;1
3348;1
402055;1
401061;1
27605;1
10679;1
37080;1
130574;1
18756;1
104095;1
48702;1
40884;1
52188;1
5391;1
102825;1
211092;1
46881;1
2521;1
283021;1
138521;1
28894;1
102681;1
409682;1
127643;1
401702;1
6056;1
6935;1
4203;1
105019;1
422161;1
300538;1
421927;1
58173;1
59993;1
8101;1
214604;1
302212;1
4956;1
25381;1
23892;1
23524;1
238729;1
21121;1
10286;1
137378;1
41165;1
14583;1
442643;1
431594;1
38154;1
26917;1
30185;1
789;1
409291;1
214160;1
131036;1
414151;1
407973;1
28018;1
1351;1
56006;1
12547;1
26123;1
2914;1
23339;1
10321;1
103261;1
38204;1
127564;1
31844;1
41330;1
438476;1
38820;1
7706;1
48469;1
6694;1
25711;1
33364;1
10488;1
138912;1
42908;1
43707;1
33738;1
23804;1
4715;1
45326;1
29284;1
33278;1
33239;1
120053;1
33884;1
138769;1
30145;1
44473;1
11119;1
100271;1
53529;1
21110;1
44723;1
435920;1
15583;1
24651;1
40555;1
12171;1
1981;1
13784;1
424799;1
200001;1
28055;1
45375;1
400306;1
9840;1
46837;1
106334;1
437513;1
2588;1
429956;1
47836;1
102433;1
433143;1
137321;1
101528;1
18495;1
434839;1
40509;1
130952;1
421680;1
408281;1
17311;1
103847;1
22071;1
14869;1
214093;1
57162;1
14903;1
45619;1
41989;1
12540;1
102614;1
53803;1
32027;1
18679;1
400019;1
101583;1
130652;1
53766;1
137713;1
5516;1
414394;1
55034;1
20621;1
31599;1
26162;1
8128;1
53241;1
45000;1
44538;1
21412;1
41441;1
31437;1
28497;1
426861;1
29080;1
106458;1
37268;1
10685;1
31720;1
31550;1
27750;1
4649;1
9874;1
48490;1
12777;1
29903;1
33271;1
137266;1
239518;1
3599;1
439743;1
15302;1
2039;1
17308;1
2933;1
300290;1
19308;1
42741;1
15992;1
11550;1
211277;1
30489;1
43385;1
127332;1
4945;1
443902;1
36451;1
406460;1
22903;1
37630;1
43168;1
27592;1
24620;1
238502;1
21168;1
102706;1
211318;1
46605;1
7864;1
421925;1
24540;1
238147;1
103097;1
8948;1
27155;1
49040;1
104112;1
101755;1
406254;1
121013;1
46894;1
36858;1
29777;1
239040;1
401248;1
5273;1
42967;1
214738;1
52587;1
46533;1
300418;1
239390;1
22403;1
211285;1
238776;1
440035;1
200063;1
56654;1
38219;1
8375;1
412770;1
23477;1
442280;1
55744;1
439829;1
211349;1
39346;1
33793;1
130961;1
422601;1
10121;1
28757;1
131028;1
28924;1
14671;1
17554;1
11227;1
100478;1
28709;1
25505;1
402831;1
54857;1
434847;1
405903;1
103712;1
3922;1
47602;1
214709;1
25186;1
9321;1
405959;1
26427;1
39097;1
12450;1
105048;1
407467;1
105265;1
40646;1
9957;1
220005;1
31114;1
17543;1
34781;1
53005;1
411644;1
12326;1
12928;1
18408;1
4252;1
19565;1
17385;1
25841;1
12437;1
409157;1
30113;1
7298;1
422529;1
425453;1
239261;1
44066;1
440945;1
4727;1
11736;1
15676;1
35617;1
41086;1
22993;1
60378;1
45011;1
906;1
57526;1
49473;1
37894;1
400713;1
49534;1
4667;1
45217;1
1685;1
13542;1
747;1
28728;1
406670;1
26420;1
36890;1
102514;1
104726;1
13144;1
128189;1
38047;1
44574;1
34364;1
35533;1
33926;1
59951;1
47318;1
302314;1
13978;1
414237;1
404488;1
35930;1
27509;1
122012;1
22694;1
7597;1
440073;1
44398;1
428061;1
926;1
21825;1
25723;1
441006;1
283005;1
418713;1
45156;1
28988;1
33076;1
36263;1
56055;1
3500;1
27016;1
22514;1
44230;1
400643;1
411320;1
17004;1
239426;1
100073;1
428557;1
302399;1
436126;1
17798;1
430755;1
36751;1
60203;1
7002;1
406401;1
17006;1
409746;1
414352;1
104905;1
10814;1
24208;1
48834;1
236049;1
423669;1
56033;1
25638;1
283085;1
4393;1
37281;1
23033;1
292185;1
3383;1
407336;1
22269;1
38186;1
13586;1
5857;1
103727;1
19785;1
5320;1
214179;1
5922;1
6789;1
54033;1
15257;1
239965;1
32131;1
11765;1
10608;1
40250;1
214876;1
41714;1
48013;1
25156;1
20826;1
131047;1
11192;1
211281;1
37229;1
404817;1
133851;1
5126;1
214110;1
3758;1
45244;1
102818;1
413554;1
9583;1
7507;1
8788;1
14674;1
21323;1
283073;1
444004;1
7731;1
27921;1
422361;1
7844;1
19121;1
55342;1
239415;1
400672;1
416620;1
13578;1
39791;1
33165;1
40531;1
432110;1
138476;1
29905;1
414365;1
28997;1
35757;1
138480;1
463;1
214959;1
419840;1
55019;1
26300;1
43064;1
44621;1
50919;1
422303;1
40624;1
25801;1
302189;1
18406;1
4666;1
105657;1
55220;1
9323;1
239887;1
3198;1
11561;1
102268;1
100823;1
101044;1
419101;1
3249;1
295037;1
401010;1
214833;1
105744;1
5631;1
4395;1
40017;1
34948;1
17465;1
42347;1
48669;1
407145;1
20488;1
14632;1
39057;1
411216;1
214555;1
46688;1
102728;1
41968;1
102609;1
401379;1
37348;1
1856;1
28148;1
34027;1
26668;1
45650;1
43050;1
46463;1
37219;1
436521;1
5321;1
414634;1
33275;1
239114;1
430611;1
105687;1
11189;1
100143;1
10992;1
38489;1
53478;1
35405;1
126858;1
36483;1
6239;1
11129;1
36175;1
7893;1
104539;1
33221;1
401159;1
26185;1
404610;1
13726;1
5173;1
414672;1
7809;1
47548;1
417342;1
14789;1
717;1
104986;1
436914;1
32862;1
104660;1
292307;1
19274;1
211448;1
239911;1
40929;1
25299;1
101562;1
13824;1
58764;1
31730;1
25099;1
423583;1
214305;1
302192;1
50821;1
429821;1
15997;1
18827;1
15397;1
17846;1
10857;1
1896;1
26109;1
39156;1
234014;1
100988;1
37532;1
7339;1
403375;1
49861;1
438866;1
10298;1
239011;1
435964;1
30922;1
19451;1
14736;1
29361;1
47059;1
421441;1
53662;1
20250;1
300100;1
433523;1
34263;1
52910;1
104603;1
130478;1
133818;1
238986;1
409303;1
41192;1
3665;1
20741;1
4629;1
29372;1
100807;1
15417;1
4119;1
428142;1
420820;1
38392;1
419640;1
55452;1
38789;1
8271;1
48269;1
417730;1
43698;1
103265;1
408176;1
38461;1
103821;1
41816;1
427206;1
133724;1
10998;1
17238;1
5012;1
238937;1
409203;1
9134;1
11512;1
15529;1
11590;1
214762;1
38056;1
302174;1
302442;1
5661;1
37653;1
52339;1
22249;1
102327;1
106149;1
46672;1
12683;1
106098;1
434320;1
105185;1
48999;1
13352;1
34532;1
11423;1
809;1
42896;1
27860;1
48097;1
49606;1
421488;1
41647;1
19893;1
20834;1
5428;1
53697;1
45482;1
23512;1
2356;1
295002;1
15184;1
37524;1
9836;1
15581;1
2097;1
51398;1
33532;1
102524;1
214628;1
413081;1
137220;1
25697;1
58216;1
41167;1
17382;1
104940;1
300161;1
19623;1
102608;1
238753;1
60457;1
8268;1
1132;1
26080;1
36988;1
14055;1
420751;1
6577;1
13388;1
72;1
11275;1
5762;1
103168;1
437387;1
55023;1
22892;1
30008;1
402735;1
42847;1
36778;1
232201;1
58694;1
35209;1
28764;1
23929;1
14834;1
58496;1
43942;1
238292;1
133715;1
101612;1
32668;1
43019;1
434296;1
41360;1
137217;1
18429;1
25824;1
23195;1
1298;1
30098;1
55192;1
4637;1
51148;1
131030;1
4955;1
40077;1
5251;1
400191;1
413304;1
402717;1
18293;1
48579;1
214091;1
45779;1
402101;1
238379;1
102734;1
133844;1
37353;1
239333;1
14838;1
6470;1
444938;1
50438;1
34804;1
414054;1
13797;1
30304;1
26639;1
19806;1
22063;1
418674;1
29624;1
300350;1
32203;1
40602;1
408114;1
55858;1
4012;1
14144;1
407664;1
23560;1
14729;1
6803;1
47664;1
238063;1
7296;1
29006;1
131053;1
104768;1
56137;1
437048;1
32563;1
12425;1
232116;1
31287;1
30846;1
402808;1
17185;1
10344;1
58394;1
211213;1
402966;1
34978;1
414260;1
22420;1
19911;1
122045;1
411734;1
41065;1
42015;1
25247;1
441844;1
292117;1
51072;1
32480;1
412006;1
8813;1
5933;1
60491;1
411449;1
32540;1
55223;1
39644;1
28845;1
406367;1
50968;1
30434;1
44686;1
238767;1
28012;1
56103;1
411569;1
302275;1
7860;1
14552;1
104453;1
42957;1
25101;1
409192;1
29000;1
300424;1
102483;1
31164;1
32470;1
25710;1
138859;1
29045;1
101443;1
13635;1
10734;1
5632;1
404954;1
14239;1
11804;1
50845;1
14330;1
14957;1
418660;1
41574;1
51760;1
12874;1
18654;1
104718;1
21635;1
419410;1
32823;1
39964;1
302297;1
32055;1
7213;1
15313;1
238383;1
21353;1
137376;1
14455;1
27936;1
25159;1
39330;1
34702;1
416080;1
10137;1
58991;1
283134;1
405542;1
427288;1
18010;1
57986;1
35662;1
31354;1
2910;1
25754;1
302312;1
31769;1
47312;1
426543;1
26762;1
137371;1
6502;1
37576;1
19499;1
19353;1
19104;1
214538;1
36532;1
408700;1
36158;1
30287;1
14701;1
38637;1
17730;1
420815;1
413891;1
15086;1
21384;1
27912;1
28077;1
30245;1
9696;1
30595;1
42043;1
46557;1
18896;1
13397;1
409817;1
51268;1
103954;1
438100;1
27725;1
404510;1
21852;1
41248;1
21974;1
47671;1
130356;1
38861;1
36949;1
31638;1
18001;1
11497;1
8159;1
7432;1
35085;1
18525;1
9377;1
105620;1
22672;1
102248;1
31396;1
106118;1
29047;1
238928;1
19825;1
7579;1
403436;1
22597;1
409171;1
295028;1
13320;1
16325;1
45347;1
20526;1
21013;1
406373;1
43248;1
28656;1
886;1
22330;1
810;1
15934;1
407008;1
411520;1
302143;1
19210;1
27282;1
9938;1
43910;1
409597;1
239529;1
42770;1
28036;1
130275;1
100369;1
407765;1
48970;1
24402;1
100970;1
13235;1
10884;1
23053;1
6322;1
39963;1
283165;1
43978;1
23150;1
1365;1
232090;1
41621;1
14663;1
7193;1
7805;1
36291;1
53205;1
25895;1
26397;1
18097;1
138798;1
104284;1
32082;1
59059;1
16064;1
9730;1
40749;1
32022;1
17994;1
20770;1
36535;1
56925;1
15905;1
239216;1
4392;1
409643;1
442362;1
407176;1
38739;1
411447;1
34070;1
402714;1
100215;1
410776;1
11862;1
51937;1
239371;1
27887;1
24583;1
419384;1
45251;1
37604;1
30039;1
54023;1
253025;1
18415;1
404743;1
10571;1
13858;1
239957;1
429700;1
38611;1
101138;1
23862;1
35240;1
402753;1
44826;1
22031;1
48407;1
60440;1
100791;1
138316;1
100406;1
22466;1
102812;1
42600;1
19600;1
441435;1
130924;1
29761;1
11998;1
41218;1
432604;1
402801;1
27967;1
26964;1
408604;1
40702;1
443952;1
6514;1
41090;1
33010;1
100928;1
48499;1
46461;1
418358;1
23126;1
56045;1
44458;1
5956;1
23856;1
12357;1
5671;1
44918;1
300;1
25764;1
401731;1
105980;1
300445;1
31686;1
4152;1
32849;1
103546;1
26719;1
9431;1
238182;1
60005;1
102424;1
23693;1
292140;1
100824;1
13021;1
8188;1
100438;1
27157;1
40315;1
100590;1
15770;1
3873;1
104173;1
105416;1
39427;1
42199;1
439415;1
60253;1
37674;1
104468;1
401157;1
10886;1
36788;1
24294;1
23167;1
239383;1
102525;1
400163;1
403735;1
59093;1
16896;1
30241;1
128185;1
39544;1
57697;1
47151;1
34650;1
127281;1
38718;1
403465;1
103181;1
138843;1
52844;1
101884;1
130822;1
35111;1
28525;1
28271;1
8277;1
5981;1
37503;1
6767;1
402886;1
58933;1
17383;1
292066;1
45749;1
292268;1
38036;1
101961;1
409829;1
39110;1
138977;1
54256;1
32354;1
21517;1
15121;1
105883;1
422975;1
42930;1
137545;1
25354;1
17216;1
402547;1
1252;1
31160;1
14638;1
432614;1
43005;1
25673;1
130789;1
121333;1
33092;1
30559;1
105581;1
35977;1
131074;1
57394;1
28342;1
214505;1
1361;1
402073;1
18777;1
24967;1
402985;1
40649;1
13003;1
238730;1
407859;1
6280;1
41196;1
13544;1
27490;1
37552;1
105462;1
5004;1
47859;1
53964;1
44518;1
104692;1
35546;1
123068;1
443806;1
11321;1
401377;1
408644;1
13242;1
39040;1
409534;1
137333;1
55927;1
438703;1
24228;1
34110;1
31348;1
239121;1
19822;1
11806;1
105252;1
45583;1
45862;1
40135;1
48347;1
48302;1
1724;1
22774;1
405833;1
46225;1
100654;1
19402;1
409740;1
581;1
37491;1
30767;1
46513;1
8312;1
406337;1
428091;1
43419;1
8297;1
8710;1
121208;1
39001;1
7578;1
130754;1
440873;1
19068;1
17187;1
105613;1
420643;1
36328;1
426003;1
41832;1
7482;1
421291;1
9780;1
37317;1
120084;1
400228;1
39159;1
105385;1
19049;1
104890;1
21540;1
15413;1
7191;1
405189;1
214373;1
22675;1
430087;1
409299;1
45912;1
29889;1
76;1
410699;1
34397;1
415000;1
10351;1
102954;1
35706;1
100277;1
7218;1
404354;1
238834;1
59834;1
55802;1
238359;1
18811;1
48039;1
433117;1
14797;1
25448;1
23940;1
401648;1
5221;1
443045;1
302449;1
32390;1
54838;1
18037;1
50247;1
302315;1
283171;1
100764;1
24190;1
409277;1
19359;1
408665;1
421610;1
21038;1
504;1
414906;1
6112;1
38668;1
412802;1
58243;1
300507;1
21179;1
28163;1
25720;1
48286;1
302033;1
4952;1
51923;1
7106;1
283095;1
8324;1
28679;1
19686;1
45350;1
236013;1
42506;1
21925;1
17266;1
429914;1
413059;1
36329;1
36221;1
7948;1
17731;1
104199;1
19716;1
54876;1
25581;1
2409;1
7258;1
28314;1
30523;1
30713;1
283011;1
422635;1
52403;1
103872;1
45567;1
413848;1
26249;1
106369;1
33779;1
439156;1
419055;1
542;1
40146;1
19786;1
239309;1
408428;1
11774;1
24677;1
443164;1
42030;1
239514;1
41546;1
402898;1
26180;1
101283;1
15534;1
421492;1
28682;1
403750;1
106331;1
407469;1
432041;1
50803;1
3983;1
47066;1
3024;1
443850;1
20564;1
7635;1
33153;1
13568;1
417569;1
31803;1
100983;1
102285;1
40840;1
302115;1
22363;1
49515;1
100893;1
418422;1
214939;1
408097;1
30271;1
101211;1
417512;1
10892;1
54375;1
43847;1
21506;1
37455;1
10409;1
5831;1
13936;1
26870;1
13744;1
1355;1
418887;1
29587;1
238560;1
11492;1
44377;1
30367;1
137096;1
36474;1
21034;1
51029;1
45049;1
6883;1
33201;1
130698;1
103641;1
32882;1
433153;1
24876;1
41693;1
17456;1
38986;1
6002;1
414682;1
105251;1
42670;1
104805;1
28346;1
104595;1
101157;1
28467;1
29984;1
31084;1
27223;1
3935;1
45563;1
27440;1
406339;1
27365;1
6354;1
35136;1
7301;1
6431;1
50465;1
31455;1
59122;1
23379;1
36726;1
34767;1
638;1
40814;1
11291;1
37833;1
406579;1
55842;1
4188;1
102916;1
414603;1
35028;1
103758;1
19855;1
34271;1
658;1
31681;1
444358;1
413854;1
22028;1
23456;1
29360;1
56038;1
36472;1
1857;1
58488;1
40593;1
42771;1
8050;1
239100;1
417400;1
44416;1
41301;1
214350;1
29391;1
40788;1
27657;1
24767;1
13927;1
59530;1
406634;1
37765;1
22445;1
415569;1
47268;1
417692;1
411319;1
239849;1
238511;1
441321;1
15800;1
27274;1
36859;1
127291;1
44954;1
20925;1
100932;1
27713;1
102052;1
17475;1
105597;1
238909;1
421827;1
35718;1
300081;1
23448;1
32274;1
58892;1
23843;1
16923;1
11905;1
42192;1
400796;1
14443;1
211472;1
17064;1
44546;1
9846;1
442167;1
232180;1
413884;1
121382;1
101940;1
10601;1
102473;1
138765;1
20151;1
131112;1
637;1
100088;1
101729;1
130904;1
33852;1
421731;1
12240;1
19004;1
31946;1
401139;1
43575;1
21610;1
413047;1
44276;1
54587;1
41897;1
43817;1
4811;1
6346;1
25129;1
41214;1
411423;1
11913;1
236059;1
400208;1
27476;1
439709;1
36977;1
38373;1
7563;1
414947;1
18572;1
29386;1
137460;1
43108;1
405545;1
34036;1
42440;1
443280;1
105469;1
45924;1
22777;1
283033;1
28038;1
13840;1
30623;1
252095;1
131029;1
39316;1
137233;1
57322;1
47462;1
101656;1
17838;1
23224;1
29619;1
411166;1
10022;1
33508;1
102510;1
137511;1
18839;1
13193;1
104298;1
418268;1
36061;1
22094;1
58853;1
8391;1
16053;1
8817;1
43827;1
9322;1
33965;1
432718;1
412536;1
1398;1
23153;1
14714;1
4771;1
101025;1
44938;1
36331;1
239254;1
238005;1
24602;1
17248;1
2214;1
28803;1
24880;1
29514;1
35472;1
41436;1
252017;1
14435;1
965;1
42882;1
42481;1
7664;1
27147;1
25682;1
14550;1
127588;1
43757;1
16664;1
409058;1
106414;1
58073;1
51837;1
36473;1
20521;1
20196;1
36406;1
100722;1
32471;1
14900;1
238131;1
104795;1
434099;1
55428;1
101740;1
34970;1
100244;1
300138;1
4379;1
406193;1
4515;1
106133;1
2682;1
44782;1
102647;1
16142;1
46602;1
36425;1
408448;1
53245;1
46936;1
401578;1
11900;1
498;1
414053;1
45941;1
4913;1
52099;1
20171;1
100420;1
35410;1
238055;1
239401;1
14556;1
434749;1
50949;1
130823;1
435548;1
400715;1
2999;1
4740;1
30717;1
412115;1
41143;1
43574;1
33533;1
1792;1
22781;1
1976;1
1574;1
104215;1
214807;1
444494;1
420436;1
239708;1
28611;1
60019;1
40347;1
8158;1
430751;1
232034;1
4785;1
57104;1
127506;1
30602;1
17584;1
10273;1
17189;1
43436;1
43243;1
42854;1
100476;1
42878;1
5920;1
6722;1
104979;1
17340;1
56025;1
22000;1
22169;1
211383;1
432239;1
48189;1
102266;1
424154;1
711;1
21963;1
17254;1
44514;1
404718;1
7812;1
34649;1
58209;1
48311;1
104774;1
239850;1
103491;1
421556;1
426879;1
59924;1
21217;1
8259;1
34135;1
428212;1
15243;1
27595;1
1911;1
413905;1
35597;1
34051;1
33478;1
57905;1
130577;1
432947;1
4405;1
7066;1
13165;1
58263;1
30710;1
103739;1
55942;1
408825;1
404030;1
7854;1
23091;1
1495;1
53917;1
422866;1
42206;1
27313;1
22102;1
10443;1
15207;1
37327;1
22658;1
102192;1
26078;1
407789;1
408647;1
35077;1
34981;1
401505;1
10573;1
421771;1
13261;1
681;1
400756;1
428107;1
18462;1
49969;1
49491;1
22498;1
239477;1
239304;1
105106;1
15860;1
122277;1
104638;1
238804;1
42817;1
23384;1
436885;1
48545;1
31929;1
400085;1
41545;1
53653;1
128181;1
45270;1
18680;1
1374;1
22178;1
28016;1
47830;1
44016;1
27406;1
138513;1
431608;1
105835;1
415104;1
10198;1
400731;1
11888;1
120410;1
38583;1
34922;1
409965;1
59019;1
12737;1
28322;1
100473;1
56413;1
37916;1
103175;1
432266;1
35418;1
14633;1
404286;1
292175;1
421878;1
30366;1
10158;1
103167;1
31474;1
30836;1
30068;1
250;1
36360;1
15587;1
214958;1
410081;1
57934;1
44175;1
53715;1
437248;1
42993;1
5935;1
102455;1
12185;1
2387;1
103503;1
413903;1
426228;1
47099;1
28885;1
44067;1
103911;1
1630;1
211204;1
9209;1
412398;1
2776;1
19774;1
1861;1
8500;1
239960;1
11992;1
32179;1
100330;1
236140;1
54045;1
10525;1
23692;1
46496;1
5502;1
411669;1
42303;1
744;1
22797;1
20871;1
105228;1
37084;1
100936;1
33199;1
9863;1
44528;1
238404;1
100129;1
16077;1
214075;1
234016;1
43740;1
36461;1
130979;1
46842;1
432930;1
47741;1
2432;1
44529;1
38210;1
8564;1
11581;1
24661;1
4283;1
11577;1
14960;1
400519;1
7219;1
429716;1
3771;1
407519;1
130840;1
104543;1
9223;1
41136;1
907;1
16987;1
43748;1
10934;1
104011;1
239571;1
102863;1
100951;1
1335;1
60007;1
51290;1
24796;1
5560;1
102260;1
37344;1
23683;1
9467;1
47915;1
21200;1
106801;1
28606;1
11238;1
26622;1
38956;1
10375;1
422301;1
37698;1
137229;1
128123;1
45076;1
41414;1
28642;1
17489;1
41819;1
28837;1
8512;1
52482;1
238450;1
38150;1
434212;1
36558;1
38208;1
405845;1
11909;1
443431;1
22547;1
105775;1
10019;1
50435;1
413378;1
13700;1
101558;1
37686;1
414007;1
443005;1
52846;1
2134;1
30515;1
15719;1
401237;1
35580;1
7757;1
51745;1
120647;1
34238;1
12289;1
436164;1
422329;1
16993;1
7173;1
30218;1
404012;1
423565;1
27547;1
14946;1
6364;1
23530;1
36446;1
424734;1
407257;1
36622;1
31796;1
39630;1
434095;1
24619;1
420543;1
26179;1
21900;1
441128;1
409323;1
101181;1
239449;1
214735;1
43098;1
45711;1
409247;1
17300;1
37711;1
50064;1
105247;1
53631;1
43708;1
21418;1
42796;1
32994;1
46646;1
2365;1
5776;1
12518;1
3231;1
8823;1
31921;1
34875;1
8781;1
22670;1
13449;1
33939;1
9092;1
18441;1
5207;1
30631;1
700;1
38694;1
15655;1
13658;1
406163;1
32801;1
28786;1
29463;1
40387;1
300417;1
236180;1
12116;1
13231;1
16088;1
28926;1
26798;1
5976;1
52096;1
16124;1
16714;1
302003;1
428929;1
32815;1
211351;1
19316;1
10747;1
102004;1
36427;1
10221;1
39209;1
105440;1
234013;1
411608;1
9950;1
33440;1
100997;1
39407;1
56861;1
24801;1
23437;1
25236;1
10695;1
238605;1
13541;1
211065;1
3154;1
40083;1
101745;1
58152;1
45294;1
18350;1
13686;1
28641;1
11972;1
49648;1
433008;1
20681;1
3533;1
440581;1
407503;1
444261;1
56533;1
41732;1
433707;1
403093;1
400493;1
411740;1
33347;1
33853;1
9669;1
28032;1
234029;1
132585;1
411265;1
59025;1
103734;1
405209;1
36709;1
55088;1
22741;1
417506;1
21952;1
27934;1
302328;1
40312;1
420828;1
101237;1
102142;1
105959;1
411167;1
44269;1
42463;1
31143;1
239601;1
21443;1
2811;1
283003;1
405062;1
42239;1
46589;1
405057;1
437367;1
5796;1
54780;1
23411;1
28540;1
38114;1
101345;1
238700;1
20644;1
41676;1
105610;1
11387;1
6857;1
12828;1
18000;1
20970;1
122031;1
34368;1
43341;1
30350;1
36908;1
432216;1
429127;1
8171;1
32987;1
34178;1
24953;1
45483;1
239744;1
17877;1
19664;1
411566;1
18655;1
44064;1
15199;1
404458;1
238013;1
102924;1
18739;1
444301;1
48006;1
28245;1
424758;1
10086;1
1160;1
44252;1
239970;1
21344;1
100885;1
38481;1
421612;1
24777;1
7626;1
43384;1
21582;1
23425;1
12749;1
214124;1
40821;1
130792;1
7423;1
39574;1
32181;1
427212;1
13107;1
26309;1
47708;1
13364;1
57320;1
40464;1
17647;1
102043;1
32791;1
22540;1
104705;1
7641;1
35614;1
27441;1
40397;1
36887;1
14562;1
31586;1
29796;1
3370;1
40620;1
12887;1
128093;1
8638;1
56525;1
54011;1
37898;1
405632;1
400754;1
8207;1
45621;1
23181;1
22275;1
19540;1
105703;1
41343;1
28623;1
42973;1
16249;1
28173;1
232017;1
102935;1
12112;1
52734;1
239754;1
35310;1
104913;1
43297;1
35082;1
103290;1
104931;1
53073;1
37438;1
103885;1
21860;1
39060;1
23817;1
2221;1
23083;1
38026;1
16102;1
15074;1
10698;1
104106;1
17322;1
105308;1
21328;1
214646;1
10651;1
428429;1
239112;1
408288;1
52685;1
44170;1
420609;1
15213;1
445098;1
3980;1
101323;1
40154;1
21560;1
406879;1
10395;1
38602;1
300542;1
412956;1
45386;1
411066;1
412078;1
3662;1
10274;1
435746;1
121327;1
105658;1
2649;1
20693;1
35996;1
18156;1
10341;1
16000;1
42269;1
428266;1
414102;1
13938;1
55077;1
105331;1
32024;1
39587;1
100992;1
423483;1
14054;1
58740;1
11356;1
13560;1
30791;1
17525;1
433142;1
11201;1
14720;1
39160;1
21342;1
47966;1
238380;1
5369;1
19259;1
132900;1
33256;1
103786;1
411781;1
43582;1
36744;1
46809;1
106341;1
19063;1
32817;1
302083;1
6635;1
35850;1
44766;1
23472;1
39719;1
101262;1
32141;1
31334;1
130694;1
27278;1
103050;1
11357;1
122011;1
60344;1
2334;1
43581;1
37193;1
227;1
14725;1
214821;1
500;1
29203;1
7305;1
103468;1
414551;1
20732;1
3436;1
3915;1
26346;1
55270;1
6255;1
130801;1
53867;1
40377;1
31541;1
31102;1
31063;1
11929;1
415669;1
11940;1
1088;1
413901;1
36834;1
407500;1
137525;1
444930;1
27026;1
11010;1
6974;1
32394;1
214459;1
57907;1
102202;1
105712;1
421614;1
54623;1
37690;1
8245;1
56335;1
105757;1
24309;1
24189;1
39215;1
58019;1
32972;1
402627;1
104989;1
404098;1
102163;1
37602;1
42462;1
39737;1
104026;1
46066;1
467;1
27575;1
12524;1
27359;1
10297;1
8511;1
401151;1
214969;1
12738;1
23422;1
38960;1
17492;1
239070;1
16913;1
414238;1
20485;1
7251;1
412405;1
422391;1
422697;1
35998;1
104410;1
409686;1
18182;1
20769;1
434155;1
434268;1
422723;1
10833;1
14847;1
12901;1
6492;1
6754;1
104553;1
302004;1
408183;1
28460;1
19691;1
421844;1
103350;1
36677;1
8385;1
420120;1
47781;1
50029;1
130446;1
44222;1
100043;1
27199;1
104174;1
102928;1
48532;1
39561;1
45514;1
28242;1
40259;1
6315;1
430234;1
22725;1
1220;1
39538;1
19496;1
28265;1
19028;1
101552;1
283050;1
60108;1
437377;1
403091;1
9268;1
59922;1
58731;1
36761;1
103621;1
55255;1
54649;1
403625;1
292224;1
56722;1
402158;1
59486;1
101344;1
44657;1
414729;1
409330;1
54771;1
424197;1
43154;1
35337;1
60161;1
214029;1
44039;1
19961;1
401363;1
28508;1
100631;1
401491;1
48638;1
40172;1
18322;1
37294;1
236105;1
417338;1
12218;1
10176;1
25370;1
23669;1
3326;1
26415;1
1656;1
36924;1
2208;1
27330;1
105824;1
34954;1
30782;1
2913;1
211443;1
2358;1
5936;1
406567;1
439937;1
14974;1
28612;1
40750;1
26595;1
414654;1
26709;1
1730;1
44702;1
36453;1
407282;1
23103;1
24701;1
211037;1
423418;1
302340;1
45673;1
7740;1
407072;1
43333;1
239640;1
3754;1
6984;1
58935;1
36361;1
432270;1
13077;1
211484;1
133814;1
49608;1
24959;1
37735;1
15322;1
236063;1
22717;1
103401;1
38382;1
11609;1
401572;1
105672;1
423594;1
402821;1
46800;1
37594;1
18009;1
20764;1
2697;1
46451;1
444406;1
30076;1
400292;1
22467;1
6229;1
302370;1
34151;1
52497;1
45667;1
45332;1
51954;1
15607;1
10391;1
26652;1
413230;1
6802;1
30199;1
40813;1
38899;1
6872;1
413947;1
54287;1
100808;1
400511;1
239472;1
43296;1
5954;1
24155;1
53962;1
10615;1
300378;1
15602;1
37425;1
401697;1
25042;1
36634;1
4946;1
1587;1
292332;1
38812;1
21543;1
404693;1
58823;1
105249;1
13571;1
239749;1
302337;1
105594;1
49489;1
137315;1
440887;1
29672;1
34209;1
28116;1
18149;1
28810;1
104021;1
26241;1
100594;1
34413;1
403274;1
58900;1
30131;1
42230;1
19575;1
30253;1
32735;1
417678;1
21173;1
42500;1
414778;1
28170;1
40213;1
54643;1
138400;1
239353;1
44926;1
428435;1
42528;1
122071;1
300001;1
13218;1
1510;1
103906;1
238119;1
300166;1
21024;1
123057;1
434912;1
26485;1
37112;1
24523;1
414079;1
430657;1
33773;1
23102;1
48648;1
21158;1
4154;1
11618;1
46341;1
33505;1
418885;1
19391;1
11730;1
104646;1
403905;1
23849;1
4085;1
292298;1
17652;1
57962;1
30040;1
25251;1
54077;1
239094;1
18257;1
443106;1
239282;1
101845;1
5896;1
295047;1
33882;1
27209;1
102069;1
402573;1
101648;1
26985;1
40700;1
8199;1
409907;1
34405;1
431343;1
22685;1
37397;1
1190;1
7123;1
5682;1
45843;1
58821;1
20979;1
8302;1
106185;1
13060;1
292294;1
16811;1
60116;1
434352;1
37502;1
31364;1
6381;1
17624;1
24250;1
238641;1
40190;1
19034;1
56477;1
9013;1
17232;1
443846;1
102320;1
21423;1
6051;1
214482;1
30020;1
238866;1
18188;1
401726;1
7110;1
421072;1
401631;1
405418;1
239157;1
239025;1
19171;1
443876;1
4676;1
421684;1
5036;1
8209;1
411324;1
302476;1
34717;1
127351;1
442773;1
5109;1
401709;1
7073;1
401022;1
298048;1
12932;1
33120;1
17836;1
57158;1
238481;1
29431;1
19792;1
405613;1
438760;1
101811;1
408110;1
12270;1
4797;1
31436;1
211440;1
30471;1
49958;1
239854;1
7818;1
7000;1
46572;1
8726;1
40677;1
100585;1
100512;1
100136;1
41849;1
405733;1
13145;1
51935;1
20879;1
19228;1
3503;1
105640;1
7616;1
36029;1
31231;1
130705;1
22938;1
138282;1
104073;1
35957;1
30148;1
105519;1
130949;1
424704;1
44235;1
30310;1
15844;1
420082;1
437763;1
101227;1
15325;1
54818;1
37093;1
26939;1
14893;1
21449;1
10482;1
26476;1
2012;1
238143;1
14581;1
407537;1
26329;1
436132;1
239177;1
5854;1
26851;1
33671;1
1870;1
21745;1
55252;1
422177;1
404046;1
426947;1
29688;1
46827;1
41246;1
31722;1
424677;1
11796;1
33504;1
13949;1
302376;1
45845;1
59233;1
47333;1
18308;1
292242;1
5464;1
211385;1
104297;1
402997;1
10392;1
29530;1
24999;1
8494;1
26345;1
238556;1
130521;1
43809;1
43147;1
7724;1
793;1
41278;1
103072;1
130939;1
30687;1
14898;1
31197;1
444370;1
445316;1
19967;1
41643;1
419664;1
26092;1
318;1
104271;1
33219;1
409865;1
25670;1
100903;1
44719;1
48164;1
236186;1
30935;1
292073;1
38690;1
292169;1
27202;1
419396;1
34326;1
9477;1
49982;1
21844;1
238523;1
32130;1
17222;1
100931;1
18624;1
18959;1
214005;1
44994;1
31961;1
19364;1
28464;1
101078;1
3488;1
28898;1
26774;1
9976;1
30261;1
10293;1
422245;1
34819;1
409420;1
3633;1
57596;1
439939;1
302298;1
439504;1
20144;1
41320;1
15489;1
27980;1
120490;1
13031;1
42734;1
22789;1
32017;1
23726;1
30862;1
127300;1
34111;1
28364;1
8603;1
39102;1
292232;1
13019;1
17852;1
44309;1
1016;1
23506;1
302075;1
41186;1
51019;1
437924;1
102486;1
48124;1
35161;1
5295;1
55432;1
47277;1
239851;1
103700;1
430240;1
41679;1
29156;1
401825;1
45624;1
6851;1
31136;1
39234;1
41448;1
42643;1
29222;1
27237;1
10127;1
412603;1
410786;1
406359;1
22708;1
27979;1
11417;1
15453;1
1427;1
440829;1
401336;1
29864;1
100255;1
59710;1
15521;1
414599;1
53907;1
443049;1
13796;1
34538;1
402432;1
102702;1
38815;1
130557;1
441074;1
28628;1
9809;1
18151;1
239181;1
17486;1
33578;1
42233;1
47561;1
411172;1
130929;1
6624;1
38873;1
100593;1
29303;1
101665;1
127589;1
43875;1
16894;1
8739;1
408279;1
13248;1
42509;1
20627;1
10908;1
42923;1
60422;1
101796;1
123230;1
405020;1
36838;1
427497;1
416852;1
300148;1
123065;1
3867;1
5197;1
47334;1
211365;1
39948;1
105149;1
5271;1
35616;1
8932;1
438023;1
13118;1
3026;1
102934;1
33106;1
18762;1
425486;1
41400;1
10926;1
42727;1
130871;1
12229;1
36868;1
104439;1
46262;1
44196;1
49913;1
40881;1
60049;1
9026;1
100154;1
18263;1
38728;1
5617;1
59245;1
24926;1
409736;1
57689;1
14127;1
39444;1
404795;1
3189;1
11236;1
47395;1
11103;1
31462;1
9678;1
17495;1
13900;1
424786;1
59750;1
19782;1
8396;1
27663;1
56049;1
133721;1
53491;1
15707;1
38050;1
404084;1
45854;1
52321;1
417174;1
417500;1
434474;1
44638;1
407410;1
422775;1
14382;1
121377;1
9345;1
214446;1
408581;1
8358;1
408954;1
41896;1
55211;1
401395;1
102564;1
48911;1
31024;1
20409;1
46819;1
25441;1
14001;1
4906;1
25340;1
123011;1
102933;1
41655;1
28996;1
238459;1
2467;1
29002;1
44805;1
44927;1
42779;1
32068;1
34712;1
428240;1
11199;1
19640;1
18757;1
406805;1
38332;1
8185;1
59101;1
35309;1
39886;1
58578;1
11027;1
41299;1
17921;1
3258;1
418336;1
55135;1
26098;1
3857;1
33745;1
18138;1
239323;1
401389;1
300076;1
58878;1
52589;1
9546;1
425959;1
238014;1
18579;1
422475;1
22690;1
18820;1
238500;1
40102;1
33860;1
427620;1
442723;1
121242;1
7978;1
400364;1
24962;1
35549;1
56150;1
214164;1
103502;1
422081;1
30273;1
27206;1
60163;1
14726;1
445741;1
40453;1
19009;1
22424;1
105698;1
272;1
46382;1
100531;1
50452;1
39502;1
101314;1
13699;1
55571;1
401511;1
11537;1
59420;1
39797;1
21769;1
49991;1
445844;1
42794;1
18603;1
417449;1
105061;1
432975;1
35442;1
37180;1
43325;1
435344;1
302406;1
214294;1
440549;1
127569;1
429622;1
214637;1
7040;1
214243;1
28332;1
32247;1
403237;1
238128;1
35017;1
400679;1
43957;1
28446;1
300541;1
103611;1
27344;1
48557;1
8441;1
30249;1
22340;1
41262;1
5133;1
26048;1
407531;1
34797;1
238096;1
101191;1
283148;1
43245;1
105053;1
292027;1
506;1
413258;1
104580;1
17362;1
6705;1
238433;1
41148;1
18191;1
8317;1
12012;1
59991;1
211290;1
47914;1
41967;1
13392;1
32572;1
26609;1
24695;1
101055;1
15372;1
405691;1
33928;1
45259;1
17428;1
434240;1
48699;1
43951;1
22757;1
103623;1
32646;1
436616;1
15379;1
302487;1
409455;1
6042;1
13772;1
103988;1
16998;1
48947;1
9580;1
104394;1
103113;1
46357;1
20811;1
55000;1
36353;1
2917;1
421652;1
42465;1
35328;1
238427;1
214112;1
441439;1
23178;1
10665;1
21456;1
15957;1
39915;1
32290;1
2211;1
50311;1
220045;1
401848;1
120610;1
35053;1
132690;1
10643;1
127297;1
46058;1
402088;1
19676;1
30721;1
19237;1
137345;1
102905;1
434799;1
43891;1
29987;1
413158;1
4522;1
19005;1
4210;1
122968;1
411762;1
34172;1
10061;1
404683;1
11142;1
145;1
101901;1
408809;1
24108;1
24292;1
434470;1
444362;1
9299;1
41284;1
10885;1
411750;1
28741;1
12645;1
409599;1
42705;1
2747;1
45916;1
300212;1
40262;1
4502;1
36171;1
24646;1
238801;1
127635;1
130363;1
236106;1
104513;1
409676;1
1575;1
51356;1
422181;1
130378;1
429872;1
412518;1
130826;1
408215;1
106034;1
43938;1
3833;1
102095;1
14203;1
44333;1
32750;1
4217;1
3878;1
41948;1
45898;1
438942;1
15155;1
40937;1
12671;1
413499;1
105809;1
12013;1
4436;1
302371;1
50997;1
24554;1
429961;1
20021;1
54428;1
58398;1
29435;1
35358;1
104143;1
50766;1
33393;1
2245;1
31227;1
50884;1
11325;1
130878;1
19199;1
406597;1
426832;1
131051;1
35212;1
100835;1
43012;1
7360;1
14495;1
238032;1
18209;1
422925;1
42984;1
39164;1
37734;1
14603;1
13282;1
418370;1
239247;1
412508;1
12401;1
30994;1
35891;1
43913;1
433547;1
52961;1
49740;1
436476;1
44279;1
104256;1
33129;1
25538;1
239017;1
41898;1
23520;1
45422;1
103595;1
39217;1
3043;1
32526;1
3806;1
284;1
438684;1
30508;1
29229;1
16654;1
45591;1
18806;1
55546;1
51198;1
12975;1
6353;1
32655;1
17314;1
30298;1
53966;1
36999;1
434866;1
401564;1
35776;1
44021;1
132429;1
400334;1
9283;1
30080;1
3508;1
14390;1
30765;1
24810;1
420178;1
214345;1
41558;1
410873;1
406809;1
405000;1
21472;1
421902;1
133769;1
27548;1
43798;1
10718;1
24299;1
44822;1
406825;1
6203;1
16529;1
104982;1
12945;1
46731;1
408805;1
15223;1
27876;1
220046;1
7856;1
20699;1
443523;1
13874;1
20981;1
10145;1
25767;1
440200;1
130385;1
41241;1
2518;1
103837;1
23374;1
402703;1
400375;1
101079;1
403068;1
407907;1
105208;1
406648;1
101626;1
41566;1
414383;1
15467;1
999;1
4365;1
405762;1
10629;1
16739;1
403788;1
103068;1
48377;1
105700;1
106096;1
34319;1
35095;1
5615;1
401988;1
30847;1
12675;1
428118;1
23151;1
20147;1
15136;1
845;1
418276;1
302187;1
417722;1
21028;1
414170;1
409483;1
4418;1
138733;1
36256;1
18494;1
10059;1
40236;1
300135;1
42267;1
21498;1
402701;1
3939;1
22345;1
43327;1
32867;1
30923;1
102819;1
104;1
51204;1
26944;1
7753;1
28388;1
27689;1
48293;1
35299;1
15690;1
29775;1
22475;1
409155;1
302237;1
37432;1
408865;1
21813;1
28276;1
36320;1
42167;1
33614;1
13401;1
23920;1
22618;1
8631;1
10796;1
43353;1
23719;1
21400;1
39615;1
133716;1
440160;1
31090;1
130395;1
39622;1
20117;1
25279;1
5149;1
427224;1
4687;1
9205;1
440196;1
60144;1
128178;1
44264;1
120502;1
20339;1
7078;1
220041;1
9990;1
35649;1
603;1
105358;1
401261;1
38366;1
8768;1
283179;1
10141;1
24181;1
414846;1
27108;1
3982;1
49722;1
34425;1
409481;1
444946;1
28769;1
53649;1
7966;1
55267;1
13703;1
408987;1
100651;1
41867;1
35780;1
407515;1
28478;1
25889;1
292308;1
3036;1
57208;1
5745;1
2739;1
239841;1
105471;1
27673;1
138419;1
405877;1
18651;1
39899;1
43544;1
12712;1
425660;1
23630;1
43639;1
13007;1
25867;1
12911;1
738;1
130736;1
797;1
20212;1
11749;1
7562;1
100297;1
421721;1
50371;1
26511;1
214658;1
6659;1
337;1
15827;1
400135;1
10411;1
137695;1
21978;1
47898;1
12929;1
9225;1
38553;1
414191;1
232095;1
10552;1
5975;1
283013;1
292114;1
39612;1
17124;1
4339;1
12056;1
8389;1
402188;1
2585;1
24131;1
38723;1
48328;1
5711;1
6265;1
2337;1
17430;1
990;1
402710;1
905;1
43750;1
18244;1
1532;1
40137;1
101250;1
10787;1
16636;1
413937;1
44128;1
60406;1
302091;1
19658;1
12152;1
101475;1
102301;1
8298;1
22763;1
18754;1
406261;1
21564;1
6386;1
1029;1
427326;1
42799;1
302405;1
48304;1
37883;1
55710;1
36619;1
105669;1
6412;1
22353;1
30829;1
52863;1
44962;1
104579;1
45718;1
100608;1
27664;1
49590;1
24349;1
7024;1
35360;1
17337;1
9222;1
35275;1
14817;1
31891;1
19374;1
41753;1
56407;1
102687;1
100974;1
46759;1
400266;1
38500;1
36633;1
59225;1
292084;1
16602;1
26624;1
39186;1
239777;1
28027;1
8708;1
37288;1
26448;1
402795;1
38278;1
37470;1
23317;1
6057;1
1939;1
44699;1
5645;1
422054;1
29760;1
44888;1
409510;1
57404;1
17298;1
11978;1
40089;1
5637;1
418931;1
414747;1
29175;1
15128;1
302202;1
24536;1
21732;1
18357;1
18909;1
49450;1
40904;1
36572;1
3022;1
422521;1
30405;1
418539;1
530;1
21982;1
100615;1
404830;1
53493;1
8524;1
55;1
3858;1
105956;1
400857;1
36402;1
444195;1
6114;1
401477;1
11719;1
53335;1
28920;1
38217;1
137466;1
30317;1
14852;1
414275;1
44573;1
100111;1
421788;1
103158;1
102556;1
102695;1
34418;1
443888;1
438098;1
56445;1
42396;1
411187;1
238323;1
137458;1
1003;1
427199;1
7984;1
2784;1
214333;1
10671;1
422507;1
406032;1
18626;1
402983;1
18041;1
405864;1
121186;1
29226;1
51406;1
15904;1
58446;1
443309;1
104345;1
12610;1
6905;1
54210;1
413037;1
25780;1
9612;1
40986;1
412164;1
101003;1
417674;1
52006;1
29275;1
2054;1
414652;1
134253;1
2702;1
302161;1
102787;1
16363;1
437959;1
56107;1
22906;1
34610;1
211008;1
357;1
19120;1
402120;1
100875;1
39046;1
432367;1
100609;1
35771;1
16047;1
33060;1
27930;1
15833;1
426784;1
300065;1
428927;1
42912;1
42315;1
400179;1
214311;1
12513;1
60077;1
430913;1
406285;1
105838;1
101670;1
120711;1
29557;1
105907;1
41339;1
437505;1
402404;1
104043;1
120023;1
19255;1
32696;1
33900;1
36940;1
408260;1
21754;1
138875;1
13128;1
34101;1
24168;1
441768;1
47430;1
45173;1
14587;1
101738;1
17368;1
11099;1
434743;1
34582;1
34317;1
6095;1
430110;1
3046;1
33296;1
106064;1
443515;1
39792;1
38830;1
25418;1
24118;1
23824;1
417666;1
21739;1
16622;1
406353;1
4351;1
12114;1
41547;1
28991;1
409526;1
33308;1
408978;1
44687;1
416199;1
34512;1
401064;1
24344;1
104796;1
14660;1
10749;1
11570;1
406197;1
21141;1
104498;1
41883;1
15714;1
47878;1
130762;1
19434;1
37687;1
236174;1
12347;1
42024;1
104562;1
46974;1
22015;1
401671;1
43563;1
133703;1
401987;1
9647;1
412195;1
130741;1
104568;1
55326;1
28727;1
2598;1
40418;1
239064;1
232172;1
38849;1
15437;1
8254;1
40979;1
14776;1
29471;1
443517;1
41281;1
7900;1
8267;1
100316;1
28022;1
46905;1
442107;1
56400;1
21756;1
36973;1
27529;1
102538;1
106587;1
39823;1
102118;1
239848;1
435824;1
400885;1
981;1
415655;1
24517;1
31582;1
53903;1
50980;1
52550;1
8366;1
101579;1
409523;1
47564;1
12475;1
1747;1
438170;1
29969;1
23035;1
972;1
34180;1
12486;1
8097;1
39654;1
45824;1
8841;1
43484;1
7985;1
38838;1
10453;1
52902;1
37233;1
26119;1
41453;1
405461;1
40129;1
211369;1
29771;1
15817;1
8362;1
36398;1
38582;1
2906;1
400270;1
488;1
2255;1
4548;1
418688;1
4705;1
19829;1
419306;1
214074;1
52832;1
19179;1
27281;1
32021;1
8407;1
102234;1
103368;1
43309;1
214772;1
14761;1
47531;1
39394;1
33265;1
55840;1
2254;1
12;1
30859;1
9673;1
6756;1
440339;1
54183;1
32010;1
102583;1
44585;1
30194;1
408468;1
24377;1
35928;1
11163;1
8854;1
22825;1
302277;1
49578;1
30593;1
43483;1
31885;1
123462;1
103228;1
43561;1
5961;1
27670;1
10795;1
238835;1
14264;1
103824;1
42234;1
7453;1
44165;1
420813;1
432053;1
7479;1
45418;1
105173;1
826;1
30662;1
15986;1
404486;1
292293;1
21652;1
102661;1
105367;1
47682;1
5322;1
434807;1
57228;1
28712;1
18123;1
40264;1
10962;1
439853;1
54160;1
45400;1
45700;1
300323;1
100981;1
26916;1
24805;1
33940;1
60310;1
420986;1
23370;1
768;1
49998;1
14770;1
434553;1
434987;1
283016;1
24051;1
32168;1
429187;1
17938;1
18347;1
18726;1
130622;1
428845;1
6612;1
214140;1
41758;1
11259;1
43031;1
409509;1
8792;1
200002;1
38463;1
25951;1
44670;1
31087;1
27553;1
232191;1
13156;1
7898;1
38099;1
32689;1
5504;1
12709;1
16035;1
35507;1
404507;1
34440;1
20557;1
20837;1
20062;1
13146;1
38638;1
50158;1
18644;1
232124;1
40911;1
18125;1
103950;1
101799;1
432483;1
25385;1
33368;1
408830;1
19472;1
55397;1
410594;1
29322;1
39933;1
22005;1
405435;1
30882;1
39476;1
27580;1
413988;1
411228;1
239859;1
420716;1
9202;1
100237;1
26148;1
214286;1
8486;1
18440;1
18847;1
432825;1
33796;1
41045;1
239027;1
239573;1
402023;1
423586;1
2010;1
103949;1
29556;1
28165;1
102784;1
43412;1
27674;1
39101;1
100030;1
101669;1
421650;1
442457;1
34597;1
55057;1
24912;1
105968;1
34035;1
106033;1
78;1
27020;1
300209;1
105091;1
37333;1
433348;1
2007;1
29017;1
38961;1
24739;1
239077;1
23017;1
417239;1
21895;1
17296;1
2175;1
102357;1
43008;1
24176;1
33610;1
438262;1
53574;1
37026;1
22210;1
103959;1
104175;1
448;1
104438;1
22729;1
39532;1
128115;1
238234;1
32285;1
6652;1
101167;1
26072;1
11216;1
421876;1
8554;1
34408;1
427998;1
53011;1
23551;1
7988;1
44078;1
15960;1
419780;1
21183;1
14885;1
30867;1
1400;1
130820;1
238695;1
50928;1
28175;1
41170;1
422844;1
103973;1
18585;1
59562;1
27692;1
6236;1
58916;1
100541;1
20066;1
28437;1
51971;1
6269;1
56368;1
4301;1
2117;1
105663;1
11724;1
3672;1
3056;1
435199;1
432795;1
55982;1
440889;1
22203;1
37087;1
214791;1
28253;1
43797;1
26122;1
37190;1
18324;1
417076;1
36705;1
49955;1
28610;1
21726;1
431835;1
59424;1
44449;1
402893;1
33899;1
239394;1
424901;1
434644;1
211011;1
18436;1
238109;1
32081;1
422537;1
19551;1
400418;1
418678;1
415048;1
412876;1
28743;1
17058;1
50595;1
43846;1
300390;1
102193;1
46649;1
26507;1
24714;1
53887;1
25517;1
10980;1
102710;1
40206;1
302320;1
33430;1
102843;1
11383;1
38247;1
29633;1
30120;1
50072;1
56869;1
29433;1
49691;1
11186;1
401695;1
4658;1
38048;1
3596;1
45628;1
52869;1
36593;1
238133;1
44554;1
20533;1
422038;1
31956;1
3781;1
10994;1
35832;1
105539;1
35914;1
47097;1
423563;1
300435;1
4272;1
413876;1
50417;1
20491;1
409037;1
34979;1
123260;1
411200;1
411279;1
52259;1
441672;1
435662;1
58566;1
10579;1
58259;1
14691;1
411395;1
25785;1
400117;1
130989;1
32026;1
37663;1
50894;1
2606;1
407773;1
14091;1
48549;1
37617;1
27639;1
44847;1
414251;1
444384;1
6290;1
104461;1
101277;1
409923;1
403401;1
408659;1
44691;1
32925;1
239110;1
422159;1
19189;1
51060;1
32588;1
50394;1
39784;1
13399;1
12253;1
401110;1
38747;1
1728;1
238951;1
45357;1
51481;1
23174;1
214338;1
32856;1
41556;1
5423;1
238999;1
105606;1
104833;1
44421;1
15712;1
121256;1
101260;1
22449;1
16576;1
13355;1
18055;1
17315;1
13343;1
16141;1
25607;1
439489;1
274015;1
16678;1
35291;1
38760;1
50018;1
2065;1
54899;1
47110;1
103630;1
425104;1
16740;1
37549;1
24314;1
103165;1
431753;1
406165;1
32686;1
36618;1
26788;1
4;1
41691;1
21764;1
27283;1
292130;1
283194;1
10922;1
102936;1
274025;1
30924;1
105227;1
214272;1
11532;1
10339;1
13160;1
101420;1
10642;1
8077;1
4079;1
29674;1
6706;1
40042;1
103914;1
429203;1
5992;1
416020;1
12002;1
133950;1
138491;1
44296;1
57314;1
238945;1
43684;1
51690;1
33696;1
25151;1
54970;1
138974;1
53469;1
26273;1
23495;1
40342;1
28876;1
104838;1
20443;1
3461;1
238089;1
400565;1
26423;1
402021;1
3678;1
47954;1
38706;1
48591;1
411424;1
50621;1
14702;1
49977;1
42420;1
104377;1
103030;1
15537;1
6279;1
21497;1
13709;1
58111;1
5624;1
30927;1
6126;1
48518;1
408689;1
1712;1
16800;1
39492;1
24029;1
2190;1
45025;1
440877;1
50398;1
102815;1
56357;1
15037;1
31313;1
29363;1
45027;1
44136;1
437373;1
40275;1
40888;1
122123;1
36967;1
6488;1
406065;1
18861;1
6886;1
423407;1
40713;1
102314;1
33459;1
40476;1
49529;1
100108;1
214302;1
54216;1
1141;1
47618;1
105238;1
30699;1
18944;1
31776;1
2238;1
34958;1
23996;1
444143;1
7717;1
20332;1
408084;1
44970;1
36088;1
236115;1
10845;1
39846;1
28473;1
441708;1
17083;1
38140;1
57932;1
27012;1
13972;1
239741;1
441088;1
47916;1
239686;1
34168;1
228094;1
12257;1
214779;1
121361;1
26395;1
39760;1
37285;1
41876;1
5403;1
5282;1
39822;1
6393;1
20847;1
56823;1
24427;1
49176;1
417476;1
28589;1
30863;1
41127;1
421708;1
2615;1
43664;1
3016;1
58925;1
29652;1
103809;1
100542;1
5073;1
18078;1
43776;1
405505;1
14507;1
417166;1
11411;1
122264;1
20238;1
26666;1
7444;1
11045;1
5737;1
34853;1
26126;1
6397;1
1859;1
130441;1
419432;1
302482;1
7095;1
101912;1
418706;1
38001;1
14844;1
5835;1
104120;1
9128;1
36875;1
238376;1
58500;1
238810;1
105300;1
57744;1
103963;1
46523;1
5726;1
103515;1
214142;1
403666;1
122244;1
3267;1
17351;1
3065;1
401508;1
214220;1
7525;1
3145;1
101382;1
5491;1
34283;1
401927;1
38054;1
24024;1
101782;1
50209;1
427294;1
100962;1
20782;1
402874;1
45093;1
101539;1
101081;1
13190;1
238353;1
7084;1
47044;1
38281;1
4014;1
138574;1
437907;1
239047;1
9811;1
425018;1
45147;1
6683;1
403268;1
103681;1
22680;1
11264;1
423281;1
28279;1
102042;1
411102;1
407528;1
28552;1
33108;1
37632;1
32741;1
104902;1
16331;1
6885;1
439987;1
105248;1
19212;1
10466;1
405803;1
17415;1
15662;1
138914;1
24670;1
22929;1
15163;1
1138;1
35603;1
100055;1
38020;1
23029;1
406851;1
27269;1
18439;1
16700;1
1688;1
33576;1
9104;1
300026;1
406300;1
48279;1
18020;1
102810;1
138486;1
417298;1
29700;1
24408;1
842;1
16884;1
101689;1
2062;1
211470;1
102081;1
403037;1
31415;1
106340;1
402400;1
25325;1
14131;1
1192;1
103105;1
236120;1
404882;1
27844;1
18453;1
50393;1
45503;1
6707;1
40826;1
11068;1
5136;1
13386;1
400344;1
51571;1
103137;1
412128;1
20976;1
120039;1
6303;1
7480;1
419175;1
29235;1
26660;1
11733;1
60475;1
408668;1
44827;1
102273;1
211040;1
436887;1
105582;1
31146;1
44438;1
425463;1
20887;1
13240;1
27646;1
104557;1
43687;1
31400;1
252019;1
31249;1
41952;1
440777;1
11170;1
54934;1
436166;1
41308;1
2405;1
106023;1
434898;1
44517;1
57733;1
29585;1
43579;1
57812;1
214462;1
406153;1
26873;1
45374;1
101501;1
34736;1
32143;1
104052;1
30669;1
44754;1
39650;1
39780;1
18528;1
36148;1
102186;1
101649;1
130535;1
26174;1
17685;1
7920;1
10917;1
411407;1
15051;1
415998;1
105375;1
20926;1
433877;1
300204;1
300437;1
24894;1
2249;1
3319;1
106447;1
8222;1
26209;1
43796;1
32259;1
211036;1
412691;1
943;1
29639;1
300520;1
412532;1
34641;1
34134;1
239015;1
15006;1
10524;1
1745;1
23319;1
37520;1
103365;1
2730;1
400218;1
39214;1
408133;1
5412;1
54329;1
424640;1
43408;1
418716;1
19787;1
34363;1
402029;1
430475;1
20369;1
58768;1
411114;1
31525;1
408956;1
100376;1
31762;1
8894;1
47888;1
37827;1
17682;1
20670;1
16744;1
51543;1
104691;1
11396;1
2587;1
10924;1
33320;1
1186;1
45725;1
36983;1
132678;1
19301;1
37547;1
16246;1
105134;1
103590;1
238843;1
5474;1
408031;1
43964;1
101683;1
60043;1
37402;1
239345;1
11239;1
38627;1
20479;1
27585;1
122107;1
43729;1
20221;1
131020;1
436383;1
29886;1
138759;1
3412;1
410162;1
24144;1
47940;1
42507;1
11827;1
45150;1
101836;1
437981;1
47774;1
433940;1
19534;1
29459;1
20983;1
8315;1
238122;1
238820;1
105515;1
102518;1
46342;1
7495;1
21855;1
12729;1
57342;1
23863;1
103562;1
100684;1
31831;1
292241;1
40999;1
11114;1
130536;1
33895;1
29762;1
428275;1
292141;1
402180;1
21803;1
27418;1
420523;1
35235;1
120082;1
440363;1
404484;1
120408;1
104385;1
16144;1
59174;1
56585;1
51242;1
137392;1
100436;1
423709;1
15706;1
15353;1
414186;1
102964;1
127613;1
58525;1
17455;1
410146;1
3756;1
2009;1
20393;1
22285;1
36684;1
104405;1
409142;1
423485;1
13793;1
101820;1
27307;1
55036;1
23436;1
411273;1
34603;1
101658;1
38228;1
41259;1
34571;1
292039;1
45596;1
15499;1
31653;1
32956;1
11735;1
434340;1
7424;1
19232;1
18510;1
20559;1
24479;1
419081;1
36753;1
34605;1
414948;1
123184;1
34400;1
32800;1
11836;1
52253;1
439499;1
37043;1
33792;1
211378;1
9429;1
23036;1
33691;1
9422;1
408301;1
211156;1
15910;1
423074;1
56608;1
31040;1
27253;1
42700;1
429662;1
24925;1
26618;1
8859;1
39763;1
28395;1
42797;1
50713;1
13012;1
138730;1
39516;1
105952;1
21307;1
430869;1
104239;1
421532;1
302481;1
14318;1
105674;1
400053;1
7895;1
24828;1
18912;1
25397;1
25307;1
42573;1
408056;1
7484;1
44494;1
6414;1
30297;1
16912;1
58626;1
238232;1
105140;1
434967;1
50290;1
9421;1
128182;1
238139;1
12882;1
44677;1
1266;1
1718;1
443936;1
238130;1
42757;1
11543;1
214484;1
405414;1
3733;1
10090;1
438818;1
426009;1
28161;1
40633;1
239152;1
35830;1
4706;1
41754;1
53607;1
23248;1
416072;1
408639;1
408450;1
1008;1
15571;1
47864;1
427586;1
28408;1
14661;1
7845;1
21264;1
441096;1
32677;1
32903;1
34375;1
30738;1
10132;1
55681;1
43121;1
412054;1
33676;1
35296;1
102603;1
420209;1
418499;1
22595;1
47102;1
44934;1
10331;1
102022;1
401999;1
37814;1
2803;1
17057;1
29228;1
25985;1
6004;1
412161;1
27025;1
420965;1
414643;1
11016;1
105861;1
22292;1
18809;1
23753;1
11934;1
31403;1
411446;1
137247;1
11708;1
408821;1
1862;1
211348;1
102441;1
13875;1
101470;1
15212;1
423629;1
131086;1
51532;1
420927;1
423832;1
28272;1
103752;1
41071;1
402410;1
214175;1
134216;1
6344;1
23902;1
28127;1
122973;1
101146;1
50890;1
15462;1
104060;1
436881;1
105030;1
6583;1
23896;1
20674;1
35619;1
36629;1
16777;1
408935;1
23972;1
402019;1
324;1
408007;1
400489;1
283054;1
59852;1
38160;1
11741;1
5678;1
123322;1
100799;1
8152;1
42622;1
31390;1
420521;1
46788;1
34835;1
29696;1
35008;1
35781;1
42929;1
239696;1
21123;1
16018;1
26812;1
38174;1
23870;1
410848;1
24866;1
104958;1
421395;1
33973;1
437861;1
41946;1
214661;1
23179;1
444251;1
10229;1
17499;1
430655;1
292135;1
19351;1
407318;1
40932;1
25118;1
30698;1
15375;1
224;1
28568;1
20023;1
42547;1
133889;1
46485;1
404789;1
30335;1
4647;1
31628;1
238818;1
12881;1
48209;1
214848;1
238662;1
102005;1
13966;1
438754;1
200090;1
8883;1
51749;1
406167;1
292083;1
28136;1
25409;1
27007;1
26701;1
41914;1
437126;1
43779;1
20601;1
42120;1
35338;1
432408;1
122204;1
50597;1
239567;1
21122;1
438588;1
427897;1
21587;1
4918;1
130814;1
106159;1
21396;1
57801;1
3384;1
12853;1
414749;1
52663;1
56004;1
48981;1
16404;1
438844;1
428826;1
412407;1
39175;1
49408;1
438446;1
403062;1
103686;1
46879;1
105032;1
41446;1
17243;1
7430;1
104679;1
16618;1
31421;1
44126;1
106058;1
100456;1
11287;1
100310;1
26963;1
104804;1
44908;1
41403;1
780;1
38640;1
239560;1
106142;1
17129;1
47092;1
56947;1
37020;1
39921;1
23276;1
48852;1
444235;1
20788;1
30929;1
105088;1
20631;1
14862;1
6282;1
30528;1
36273;1
13885;1
34254;1
100139;1
10546;1
406247;1
32807;1
300224;1
103813;1
410030;1
432150;1
5576;1
40527;1
6560;1
58271;1
434888;1
408540;1
17277;1
56886;1
8301;1
23602;1
34457;1
14751;1
35920;1
105723;1
239559;1
30211;1
37295;1
407062;1
29737;1
132669;1
29515;1
101760;1
43290;1
9254;1
23550;1
410047;1
24662;1
54170;1
55732;1
53065;1
42918;1
101447;1
24738;1
18286;1
239654;1
8892;1
9141;1
4909;1
23647;1
38897;1
127716;1
56434;1
51488;1
47505;1
20517;1
407651;1
40752;1
43815;1
410784;1
21484;1
211330;1
24247;1
7112;1
100238;1
6368;1
416;1
105089;1
30758;1
20665;1
127612;1
26318;1
48168;1
17750;1
101586;1
434210;1
41426;1
54056;1
436034;1
23003;1
37623;1
42266;1
414022;1
238648;1
2620;1
17020;1
34725;1
214334;1
43056;1
8163;1
412842;1
5757;1
13197;1
43349;1
407459;1
10120;1
130855;1
50442;1
39245;1
36308;1
24213;1
8363;1
12995;1
102986;1
409267;1
46604;1
131006;1
42352;1
48932;1
27112;1
410886;1
30323;1
45092;1
302420;1
36943;1
2323;1
102485;1
40074;1
105995;1
434372;1
403111;1
15401;1
300291;1
408838;1
50925;1
35663;1
239179;1
6157;1
44461;1
60132;1
43300;1
35081;1
418501;1
10676;1
36665;1
214303;1
101646;1
7429;1
3538;1
121029;1
21941;1
13383;1
20211;1
26343;1
28266;1
35747;1
406821;1
406048;1
101833;1
24297;1
13766;1
16767;1
3092;1
238489;1
6792;1
20630;1
106134;1
103870;1
11844;1
422595;1
43185;1
137465;1
17569;1
400723;1
33074;1
32232;1
6266;1
3025;1
238865;1
13121;1
33044;1
26695;1
59070;1
2650;1
106443;1
238195;1
132456;1
7459;1
101072;1
127536;1
127624;1
5979;1
11082;1
10560;1
49524;1
8120;1
101873;1
35939;1
211343;1
9697;1
3434;1
8342;1
54884;1
19177;1
33422;1
2336;1
130399;1
20446;1
239700;1
29935;1
47195;1
32150;1
419709;1
4090;1
104756;1
21153;1
18376;1
19669;1
419424;1
25995;1
238343;1
214256;1
584;1
23744;1
9294;1
36620;1
20729;1
13430;1
17096;1
48586;1
45943;1
9240;1
17431;1
12752;1
37776;1
51524;1
6215;1
300147;1
102906;1
413956;1
292161;1
5777;1
31053;1
3994;1
419023;1
432061;1
408368;1
28584;1
44087;1
42168;1
24730;1
106068;1
441814;1
238734;1
36660;1
105689;1
24483;1
12979;1
409641;1
21261;1
5195;1
418805;1
400198;1
214087;1
12597;1
9022;1
7124;1
431267;1
51868;1
10328;1
5360;1
133911;1
406915;1
238917;1
417770;1
25283;1
28714;1
2042;1
138415;1
1080;1
45817;1
35951;1
6953;1
58289;1
33442;1
2399;1
407781;1
18050;1
44372;1
41088;1
15491;1
55065;1
17227;1
13779;1
48238;1
412950;1
4748;1
130438;1
403684;1
211055;1
438057;1
44251;1
430241;1
54573;1
104554;1
18192;1
405609;1
41905;1
105882;1
45485;1
26165;1
443934;1
17481;1
408828;1
45182;1
5261;1
25612;1
102490;1
46238;1
105017;1
13196;1
9909;1
3885;1
130724;1
101483;1
13406;1
54176;1
12213;1
39479;1
33006;1
101097;1
1604;1
37066;1
57220;1
26029;1
11685;1
45857;1
29260;1
40748;1
38595;1
104075;1
11704;1
21842;1
239430;1
46525;1
422876;1
409971;1
103131;1
52153;1
30133;1
101357;1
21108;1
300049;1
33460;1
403583;1
15842;1
2291;1
19313;1
7289;1
31048;1
407911;1
10180;1
401432;1
422321;1
238633;1
121199;1
13923;1
42512;1
33154;1
6048;1
29312;1
38178;1
23644;1
30776;1
20069;1
5834;1
2439;1
214379;1
8689;1
32891;1
48977;1
428515;1
45493;1
23252;1
23192;1
121249;1
45352;1
435445;1
46647;1
104425;1
27423;1
46540;1
214213;1
12916;1
12041;1
14948;1
57524;1
41265;1
8219;1
43869;1
29800;1
6093;1
239737;1
5947;1
292216;1
104700;1
103070;1
21063;1
48534;1
239061;1
40837;1
38688;1
8193;1
132726;1
29412;1
31485;1
52967;1
3045;1
34253;1
44084;1
27900;1
45645;1
1457;1
16944;1
6799;1
417518;1
41583;1
411442;1
5669;1
2897;1
12066;1
238598;1
31693;1
239239;1
59558;1
33958;1
27246;1
14100;1
9451;1
22279;1
7384;1
14460;1
444125;1
33369;1
35531;1
20737;1
57592;1
26687;1
401611;1
18317;1
214534;1
127533;1
33540;1
403352;1
50180;1
38089;1
26814;1
103180;1
105876;1
102194;1
55076;1
56688;1
48713;1
302225;1
40047;1
19912;1
430778;1
16316;1
441295;1
302464;1
40395;1
2131;1
414015;1
32997;1
29117;1
409895;1
407396;1
3479;1
41941;1
21377;1
55141;1
57459;1
38080;1
21144;1
433764;1
403901;1
39211;1
414997;1
239223;1
14795;1
105278;1
48161;1
20901;1
40909;1
46706;1
9170;1
11655;1
21735;1
38428;1
8484;1
5399;1
46599;1
104285;1
49562;1
26204;1
101347;1
38043;1
13022;1
444193;1
38128;1
60196;1
2717;1
23383;1
214146;1
895;1
7318;1
16705;1
100686;1
444488;1
46094;1
58516;1
39839;1
8388;1
32444;1
23447;1
19468;1
406962;1
27943;1
430428;1
29500;1
32503;1
438711;1
52652;1
17056;1
13717;1
426668;1
37969;1
33125;1
41296;1
29234;1
7586;1
342;1
60260;1
42415;1
131113;1
4569;1
1271;1
100611;1
19729;1
26084;1
7729;1
53503;1
403802;1
25880;1
45722;1
402706;1
19021;1
10451;1
35848;1
437946;1
38845;1
34008;1
2515;1
44566;1
23048;1
409389;1
41012;1
25522;1
30412;1
430347;1
44979;1
5886;1
40465;1
16566;1
6811;1
437142;1
407604;1
14746;1
411529;1
653;1
130956;1
46466;1
40747;1
10343;1
408086;1
419834;1
23876;1
103972;1
765;1
433758;1
1277;1
104473;1
37530;1
11074;1
27809;1
137081;1
105313;1
17781;1
386;1
6902;1
13829;1
133768;1
45097;1
5354;1
104057;1
404797;1
18164;1
130621;1
238699;1
214117;1
440579;1
298003;1
35807;1
38589;1
24044;1
38018;1
4445;1
105683;1
54258;1
239279;1
292041;1
60300;1
232163;1
41498;1
32140;1
5307;1
2624;1
41070;1
39835;1
105947;1
48879;1
13331;1
130982;1
17774;1
30284;1
34778;1
40112;1
34199;1
9518;1
214248;1
105078;1
424475;1
406088;1
46624;1
31980;1
444684;1
40340;1
16201;1
4458;1
26904;1
238959;1
122300;1
404629;1
105448;1
120037;1
46751;1
409054;1
137091;1
41408;1
434393;1
428824;1
103772;1
238410;1
103661;1
25727;1
31444;1
11740;1
46482;1
105215;1
401527;1
54005;1
636;1
11141;1
21251;1
48041;1
292198;1
120698;1
21102;1
9063;1
252051;1
17718;1
105595;1
103345;1
101251;1
137296;1
411086;1
408629;1
409217;1
39137;1
27339;1
423931;1
302102;1
31469;1
19547;1
214519;1
51881;1
58867;1
15215;1
32126;1
10858;1
425449;1
425131;1
130238;1
26953;1
239982;1
6367;1
22907;1
220048;1
102616;1
14143;1
5959;1
29141;1
130497;1
4540;1
120471;1
34782;1
3104;1
59338;1
13123;1
20218;1
12927;1
56248;1
18858;1
292317;1
138479;1
40482;1
413495;1
434632;1
439999;1
421959;1
430471;1
102016;1
55162;1
127510;1
9070;1
103711;1
26075;1
43616;1
26238;1
38813;1
106075;1
239519;1
40295;1
103243;1
103182;1
211460;1
106038;1
1386;1
32797;1
214918;1
100312;1
5358;1
23909;1
437679;1
238948;1
34153;1
105521;1
19408;1
21466;1
444348;1
434587;1
40389;1
399;1
122287;1
35668;1
239690;1
12872;1
104356;1
415002;1
42610;1
421854;1
3810;1
27507;1
17267;1
43382;1
238674;1
101190;1
132687;1
60262;1
27449;1
432152;1
26277;1
40862;1
43892;1
58373;1
105314;1
23961;1
3551;1
32548;1
8763;1
2671;1
430931;1
101500;1
54849;1
47785;1
238856;1
138477;1
105489;1
31703;1
103014;1
408147;1
47156;1
38670;1
42385;1
13305;1
103771;1
15974;1
407937;1
104315;1
22480;1
45320;1
17961;1
404601;1
34761;1
214327;1
43606;1
24647;1
23584;1
418963;1
298050;1
52792;1
23558;1
406616;1
14557;1
438234;1
43033;1
138469;1
20807;1
44881;1
418883;1
101059;1
53621;1
414424;1
27530;1
234034;1
400537;1
47282;1
32396;1
19497;1
4777;1
103841;1
44034;1
402124;1
238869;1
17817;1
362;1
17043;1
13398;1
104886;1
15556;1
56366;1
58504;1
13410;1
104836;1
8551;1
28237;1
11164;1
26022;1
101559;1
21381;1
47080;1
30997;1
27792;1
4524;1
28856;1
51660;1
436926;1
20821;1
103130;1
14559;1
409823;1
59290;1
402104;1
10603;1
100314;1
439049;1
300553;1
19370;1
41470;1
100052;1
7671;1
27239;1
31798;1
34144;1
58354;1
101168;1
35637;1
18911;1
26105;1
45224;1
438804;1
238750;1
443790;1
19251;1
12481;1
6391;1
40675;1
28040;1
12563;1
33856;1
137388;1
130647;1
137293;1
32593;1
32642;1
102978;1
45431;1
32086;1
18075;1
52257;1
46805;1
27777;1
102420;1
41619;1
40118;1
22218;1
236175;1
54819;1
6906;1
20593;1
427682;1
21284;1
432909;1
35029;1
15340;1
47547;1
412782;1
43032;1
25929;1
55583;1
121214;1
25506;1
27889;1
929;1
23740;1
3793;1
40197;1
14072;1
57580;1
42731;1
13684;1
24215;1
101373;1
428371;1
422349;1
35250;1
28480;1
45976;1
402108;1
7020;1
104490;1
10205;1
429934;1
417504;1
408923;1
43887;1
15227;1
102571;1
37951;1
47556;1
14698;1
402346;1
38005;1
214645;1
6030;1
26001;1
31629;1
42110;1
19633;1
47491;1
30075;1
33887;1
3093;1
15406;1
9238;1
32739;1
417020;1
239682;1
40943;1
214324;1
101565;1
407692;1
120374;1
48278;1
105697;1
122961;1
10325;1
27952;1
7181;1
12264;1
417764;1
15573;1
444135;1
13079;1
11060;1
9766;1
302109;1
38850;1
238442;1
55694;1
57820;1
35714;1
23511;1
101723;1
45842;1
41542;1
31601;1
12795;1
32962;1
10870;1
1662;1
22328;1
52354;1
13611;1
26791;1
11768;1
236110;1
40523;1
40122;1
4925;1
103171;1
41553;1
7582;1
421303;1
9076;1
31184;1
24725;1
102411;1
31974;1
5794;1
104981;1
300298;1
214080;1
31493;1
47798;1
220043;1
8604;1
39303;1
414362;1
24113;1
405097;1
402780;1
7795;1
23453;1
41700;1
23007;1
102617;1
56507;1
404697;1
400324;1
35889;1
409732;1
9796;1
434079;1
34716;1
49003;1
25974;1
106144;1
19065;1
121328;1
17783;1
39954;1
440779;1
38375;1
54425;1
22325;1
17548;1
12501;1
417304;1
45564;1
3362;1
103731;1
9772;1
403662;1
102404;1
238281;1
3047;1
14738;1
214163;1
102133;1
438660;1
42527;1
429574;1
15966;1
40427;1
20780;1
54922;1
43816;1
436112;1
853;1
444548;1
15178;1
55625;1
239248;1
59520;1
52383;1
5814;1
35230;1
25857;1
13584;1
13307;1
100572;1
46865;1
28001;1
53580;1
40548;1
420382;1
44349;1
428816;1
137331;1
105001;1
17597;1
45066;1
1583;1
5013;1
419494;1
24068;1
426001;1
41771;1
17309;1
20506;1
9532;1
402877;1
236151;1
37481;1
5465;1
238061;1
48711;1
102671;1
42472;1
9951;1
302450;1
1966;1
4532;1
18883;1
13639;1
238075;1
422228;1
214166;1
29428;1
42213;1
36125;1
6980;1
106395;1
28119;1
6976;1
401590;1
14618;1
105194;1
28945;1
421678;1
10948;1
105971;1
402113;1
4776;1
130860;1
402045;1
121211;1
408718;1
408035;1
236172;1
59856;1
402587;1
238136;1
22053;1
36506;1
12944;1
239845;1
236067;1
412433;1
432983;1
14122;1
7884;1
24600;1
24426;1
25703;1
37545;1
436908;1
56961;1
435318;1
238244;1
433522;1
442837;1
440178;1
49552;1
15993;1
13853;1
6222;1
33171;1
24358;1
17900;1
36812;1
400958;1
3979;1
59874;1
407174;1
4049;1
23327;1
302355;1
36768;1
19352;1
11475;1
9301;1
104530;1
24902;1
238722;1
45099;1
34971;1
32253;1
17675;1
417478;1
34569;1
41374;1
214317;1
31026;1
46764;1
29070;1
49973;1
19349;1
3030;1
100067;1
26030;1
8946;1
101763;1
2396;1
408693;1
4416;1
19230;1
404962;1
31142;1
54797;1
20360;1
32091;1
1713;1
101509;1
19850;1
39028;1
401219;1
12207;1
238567;1
54647;1
434646;1
102654;1
55094;1
4094;1
44409;1
403731;1
41778;1
234023;1
2961;1
1226;1
39769;1
100782;1
5999;1
49047;1
432282;1
130850;1
137316;1
56040;1
26884;1
104581;1
10851;1
12895;1
7543;1
101870;1
137519;1
4751;1
414014;1
28096;1
413085;1
402137;1
443854;1
300302;1
45745;1
133919;1
437913;1
1046;1
28616;1
3048;1
41584;1
442334;1
19219;1
25877;1
44706;1
26410;1
46380;1
40889;1
102772;1
27780;1
14278;1
20719;1
422814;1
6881;1
13353;1
411992;1
30724;1
6480;1
11501;1
100853;1
403360;1
105831;1
214626;1
101503;1
407905;1
40985;1
40964;1
33152;1
3131;1
40156;1
13741;1
3800;1
1173;1
26743;1
13515;1
400623;1
43730;1
54261;1
39169;1
302327;1
3815;1
2074;1
33134;1
16093;1
47650;1
423148;1
432799;1
100709;1
43255;1
413963;1
50486;1
35605;1
2448;1
416183;1
24126;1
38740;1
23894;1
42820;1
18284;1
41767;1
32128;1
100265;1
239148;1
35437;1
23777;1
436254;1
412520;1
31112;1
45190;1
416832;1
55099;1
37129;1
105814;1
10225;1
39519;1
5310;1
104190;1
105688;1
27867;1
22366;1
106041;1
424120;1
30312;1
434613;1
42499;1
44102;1
440665;1
404773;1
40474;1
12960;1
440146;1
19677;1
19442;1
434413;1
37055;1
6129;1
444460;1
130611;1
18907;1
39671;1
138833;1
423470;1
28138;1
24628;1
3427;1
133921;1
214247;1
401312;1
214277;1
46462;1
51889;1
400063;1
26712;1
43577;1
36131;1
36142;1
400421;1
14215;1
121179;1
214641;1
12674;1
2545;1
24676;1
59798;1
408303;1
3449;1
132;1
25992;1
54961;1
23648;1
214025;1
4783;1
5102;1
39099;1
10549;1
10196;1
29937;1
9829;1
35981;1
7163;1
9005;1
300072;1
16320;1
131070;1
24216;1
29052;1
214001;1
46793;1
123062;1
100985;1
49137;1
7660;1
10531;1
44168;1
214389;1
443750;1
39607;1
29822;1
23665;1
15596;1
42137;1
41981;1
402837;1
236038;1
34068;1
27746;1
420641;1
29422;1
103120;1
138885;1
16738;1
138844;1
58404;1
42174;1
436934;1
18171;1
47749;1
14658;1
137265;1
36121;1
7404;1
23460;1
17297;1
43221;1
21364;1
22431;1
407909;1
38549;1
18144;1
38084;1
40690;1
60280;1
274014;1
42276;1
4388;1
103310;1
29529;1
5229;1
416718;1
13657;1
46305;1
5172;1
239922;1
57328;1
7038;1
49531;1
37957;1
38425;1
138975;1
14245;1
2918;1
10070;1
35281;1
103021;1
121289;1
18776;1
402451;1
3305;1
403511;1
418696;1
56323;1
11951;1
30407;1
138794;1
33245;1
10621;1
42827;1
104253;1
37978;1
5288;1
880;1
404493;1
137224;1
25534;1
55795;1
51944;1
34479;1
401126;1
16963;1
43858;1
31640;1
4986;1
120724;1
7989;1
101296;1
49303;1
40012;1
36322;1
283127;1
101071;1
29561;1
10782;1
239880;1
4132;1
31975;1
105901;1
37738;1
122304;1
29492;1
440669;1
214988;1
406141;1
27888;1
40273;1
32637;1
15847;1
477;1
100901;1
26158;1
23395;1
432710;1
421729;1
239646;1
439230;1
25755;1
16084;1
38823;1
57156;1
421706;1
403314;1
214380;1
292062;1
8218;1
443732;1
8325;1
400525;1
411450;1
38590;1
22545;1
22620;1
302196;1
11698;1
36452;1
30082;1
106131;1
3765;1
31311;1
130618;1
39258;1
33027;1
42252;1
36554;1
57176;1
417686;1
36276;1
214568;1
1096;1
33579;1
405977;1
10315;1
42874;1
7439;1
12371;1
2532;1
16394;1
400248;1
422557;1
30682;1
40589;1
42037;1
32567;1
17586;1
48567;1
137129;1
20808;1
14985;1
103438;1
49595;1
18925;1
9526;1
404791;1
31793;1
100842;1
43965;1
44085;1
40521;1
42516;1
48410;1
35548;1
48069;1
425439;1
232136;1
5756;1
29541;1
20591;1
48958;1
35222;1
32953;1
41161;1
51255;1
412996;1
101456;1
54144;1
47385;1
414031;1
44751;1
443964;1
104475;1
677;1
22287;1
414647;1
29811;1
30636;1
414406;1
26909;1
60455;1
28541;1
34312;1
283141;1
417516;1
57742;1
18945;1
439817;1
11782;1
439951;1
418969;1
3568;1
40267;1
103803;1
107;1
439821;1
41064;1
8307;1
4506;1
104197;1
56953;1
1641;1
33687;1
18707;1
19174;1
21554;1
3446;1
438192;1
100293;1
444858;1
48236;1
37935;1
104242;1
401518;1
36494;1
19518;1
419153;1
19152;1
38144;1
6349;1
25937;1
26989;1
44521;1
426883;1
5803;1
54902;1
220028;1
427361;1
425287;1
432701;1
101351;1
43992;1
302428;1
30463;1
102066;1
238886;1
424893;1
35043;1
417284;1
408859;1
407647;1
239713;1
34521;1
101370;1
421215;1
59963;1
27710;1
103274;1
122285;1
30677;1
15221;1
430561;1
15741;1
101931;1
1251;1
11042;1
404154;1
104627;1
302319;1
2551;1
102501;1
26947;1
55911;1
105569;1
25964;1
401601;1
26132;1
1971;1
44041;1
42080;1
26721;1
24378;1
238817;1
59548;1
407696;1
55033;1
38466;1
423597;1
49001;1
13189;1
415665;1
17434;1
51778;1
105793;1
35740;1
729;1
105299;1
444326;1
41197;1
12008;1
4263;1
42751;1
52500;1
11701;1
422653;1
57164;1
236086;1
7512;1
12404;1
100917;1
406935;1
11731;1
41327;1
35454;1
418535;1
54407;1
39837;1
3698;1
10437;1
15442;1
432321;1
44286;1
21267;1
1947;1
19165;1
434157;1
33360;1
403358;1
302364;1
55158;1
42139;1
16161;1
42999;1
211425;1
122989;1
444400;1
121387;1
402077;1
47270;1
137397;1
20347;1
3284;1
214711;1
58613;1
47251;1
55081;1
238586;1
9501;1
11511;1
128104;1
20668;1
283143;1
19312;1
35332;1
239306;1
2797;1
105495;1
100644;1
400443;1
13554;1
39071;1
47174;1
59961;1
300077;1
106397;1
426044;1
137390;1
406044;1
37892;1
420675;1
51873;1
8732;1
130830;1
11567;1
35163;1
44631;1
6164;1
417188;1
55082;1
14035;1
417694;1
11250;1
5738;1
26628;1
32579;1
300441;1
18008;1
23789;1
408012;1
39771;1
23268;1
9502;1
138760;1
7178;1
43490;1
401776;1
11419;1
238418;1
26847;1
413912;1
401922;1
105493;1
104136;1
137389;1
14992;1
424046;1
239798;1
25317;1
8186;1
39371;1
51864;1
410729;1
19833;1
56000;1
15482;1
19610;1
6663;1
19083;1
403280;1
403137;1
50245;1
3709;1
32213;1
408759;1
38136;1
15516;1
298017;1
21380;1
31055;1
413996;1
432740;1
28790;1
36507;1
30886;1
17215;1
417247;1
442286;1
123056;1
18715;1
44447;1
5945;1
238286;1
24603;1
3397;1
14189;1
44310;1
31453;1
2970;1
127660;1
33069;1
41808;1
4821;1
38222;1
401190;1
6405;1
43948;1
12769;1
2179;1
54840;1
29123;1
42450;1
404152;1
7101;1
28331;1
239165;1
14233;1
4249;1
409768;1
47550;1
13427;1
25111;1
36982;1
2627;1
10237;1
47313;1
42316;1
432069;1
20544;1
214289;1
17316;1
3949;1
11867;1
101507;1
16929;1
45369;1
2842;1
6776;1
302072;1
238486;1
419043;1
23046;1
22204;1
34515;1
12694;1
47853;1
12022;1
441562;1
26467;1
236019;1
103116;1
440803;1
31662;1
25501;1
17779;1
214266;1
102162;1
33866;1
29339;1
43517;1
11727;1
44749;1
37282;1
23075;1
19892;1
58309;1
37913;1
35444;1
35179;1
422028;1
102789;1
292321;1
8746;1
32880;1
433768;1
403426;1
401120;1
43397;1
444002;1
437094;1
214414;1
39796;1
402424;1
31407;1
49316;1
18445;1
54903;1
14667;1
238859;1
37232;1
100367;1
19622;1
412180;1
48748;1
42021;1
43372;1
418875;1
827;1
104879;1
101212;1
4023;1
45433;1
14408;1
59574;1
26706;1
239365;1
6334;1
130844;1
35182;1
29765;1
34195;1
49632;1
432035;1
45230;1
15359;1
33554;1
419632;1
35958;1
24982;1
413031;1
122104;1
8555;1
417776;1
239697;1
214188;1
39613;1
30477;1
402904;1
42938;1
35076;1
214039;1
42375;1
24924;1
2889;1
27902;1
28387;1
20178;1
47972;1
9932;1
26780;1
14935;1
28822;1
18825;1
292300;1
104648;1
45655;1
407010;1
14612;1
24993;1
5236;1
101993;1
1363;1
39775;1
239907;1
13917;1
100320;1
410970;1
10668;1
422872;1
615;1
41755;1
29324;1
25098;1
17369;1
214891;1
404179;1
28141;1
18146;1
42395;1
4787;1
410780;1
9793;1
137240;1
19091;1
11185;1
9286;1
18750;1
7056;1
29666;1
45257;1
50140;1
11880;1
302129;1
46717;1
400141;1
54836;1
24724;1
510;1
49906;1
427242;1
33030;1
9797;1
6944;1
27422;1
29244;1
41627;1
17806;1
56266;1
239369;1
7776;1
106049;1
214262;1
101203;1
18761;1
138857;1
20948;1
238265;1
29237;1
10479;1
102325;1
8569;1
401467;1
7096;1
103173;1
21398;1
300239;1
18301;1
22583;1
47717;1
406273;1
19142;1
101325;1
442260;1
103710;1
32781;1
15653;1
433080;1
120436;1
444283;1
283057;1
37302;1
30763;1
41494;1
32998;1
1013;1
23299;1
105738;1
9353;1
45936;1
40967;1
403784;1
28564;1
238183;1
39334;1
42459;1
53213;1
100601;1
649;1
100774;1
138800;1
34240;1
29461;1
21283;1
414495;1
402430;1
120032;1
35326;1
2664;1
16334;1
13099;1
106421;1
41303;1
30459;1
405786;1
17153;1
40614;1
41817;1
42372;1
39044;1
48081;1
101854;1
26683;1
44774;1
59027;1
14093;1
441802;1
49689;1
23628;1
874;1
105298;1
51045;1
421508;1
11348;1
59051;1
31118;1
7240;1
104536;1
103361;1
104797;1
15133;1
37394;1
16070;1
302127;1
2541;1
45269;1
8063;1
28617;1
22492;1
400285;1
19737;1
105039;1
30572;1
414850;1
33735;1
404907;1
34759;1
411448;1
4481;1
137309;1
49773;1
130434;1
26147;1
436228;1
105159;1
239789;1
424392;1
413262;1
122018;1
52516;1
404308;1
47298;1
31382;1
35679;1
44057;1
7307;1
50063;1
26283;1
24875;1
56965;1
37305;1
38896;1
102432;1
302358;1
133778;1
46783;1
13667;1
4999;1
25903;1
40558;1
40199;1
424797;1
15232;1
29177;1
420575;1
292049;1
27634;1
33438;1
181;1
25936;1
10046;1
104730;1
33739;1
23050;1
35854;1
407740;1
26846;1
8495;1
34041;1
29929;1
54218;1
42306;1
42069;1
56917;1
13103;1
53591;1
416404;1
58591;1
29219;1
238545;1
11839;1
1920;1
236025;1
401230;1
1216;1
300376;1
10583;1
6426;1
54520;1
21846;1
1324;1
9906;1
400302;1
26841;1
26529;1
8672;1
103033;1
414242;1
10057;1
238483;1
45731;1
39863;1
42863;1
45510;1
436118;1
6865;1
9375;1
15667;1
402162;1
105748;1
39496;1
104752;1
2733;1
35204;1
441082;1
3745;1
429098;1
39776;1
19020;1
9753;1
43666;1
42215;1
15724;1
54769;1
38118;1
36916;1
439831;1
214464;1
14807;1
60214;1
35553;1
51597;1
436205;1
3487;1
26136;1
422357;1
32704;1
28011;1
38265;1
40811;1
320;1
100383;1
35759;1
300032;1
55145;1
7569;1
8146;1
17722;1
302440;1
36757;1
4865;1
58299;1
239862;1
15749;1
55242;1
14309;1
59651;1
60146;1
6200;1
6370;1
41290;1
28319;1
440719;1
403083;1
19047;1
13607;1
44736;1
105944;1
19207;1
28101;1
53235;1
27755;1
44558;1
34977;1
36562;1
2109;1
37181;1
38162;1
23822;1
238225;1
23685;1
404667;1
104765;1
30106;1
7385;1
50095;1
421777;1
12959;1
36591;1
16066;1
38015;1
34992;1
103968;1
16665;1
36559;1
42873;1
19055;1
34520;1
42944;1
28145;1
127306;1
8944;1
104920;1
238512;1
130370;1
20916;1
5182;1
40953;1
30691;1
302150;1
43148;1
50333;1
406849;1
43254;1
46324;1
35900;1
10263;1
25088;1
38010;1
21987;1
106094;1
38063;1
3920;1
57244;1
36975;1
32645;1
413825;1
52552;1
38765;1
27117;1
54585;1
35762;1
10025;1
16985;1
7709;1
24096;1
883;1
7815;1
405443;1
25643;1
29149;1
20363;1
8752;1
38342;1
417618;1
405643;1
200031;1
37930;1
13228;1
121161;1
59800;1
417520;1
52820;1
34812;1
427286;1
41580;1
21184;1
23376;1
239751;1
100301;1
42211;1
5064;1
429774;1
44135;1
27319;1
28789;1
16709;1
401882;1
38330;1
34902;1
252092;1
3371;1
5953;1
102092;1
300051;1
103190;1
402130;1
26722;1
432977;1
39904;1
14506;1
402575;1
57678;1
56908;1
18425;1
3200;1
19536;1
41323;1
35279;1
134220;1
20951;1
56094;1
239707;1
1827;1
214547;1
13209;1
54965;1
103705;1
403383;1
238569;1
12374;1
103331;1
432721;1
412932;1
12906;1
38464;1
121027;1
45832;1
13961;1
7574;1
103688;1
423789;1
13604;1
8542;1
40966;1
2310;1
20799;1
59699;1
42052;1
444468;1
54735;1
27850;1
438723;1
414400;1
134307;1
2703;1
5467;1
132680;1
44404;1
123290;1
22322;1
120721;1
25153;1
100213;1
15449;1
102160;1
38269;1
46626;1
410882;1
24112;1
31696;1
21160;1
38594;1
404183;1
52794;1
40234;1
18800;1
21395;1
104665;1
102389;1
253019;1
252076;1
51562;1
22086;1
8702;1
21807;1
46861;1
17820;1
14079;1
5574;1
27865;1
26250;1
22864;1
39157;1
418352;1
17413;1
10334;1
17088;1
238373;1
407821;1
130807;1
435042;1
35729;1
103859;1
23908;1
45412;1
52431;1
105060;1
51116;1
232105;1
137381;1
5683;1
122069;1
17748;1
214861;1
421763;1
128190;1
238180;1
8831;1
38738;1
14256;1
436082;1
5060;1
423277;1
102226;1
29827;1
239975;1
9522;1
21142;1
46059;1
220026;1
16779;1
51426;1
45568;1
53059;1
41779;1
37767;1
24891;1
9758;1
29099;1
405399;1
6384;1
406555;1
56941;1
50951;1
120041;1
28899;1
8461;1
10999;1
105765;1
26083;1
19882;1
430085;1
7862;1
14710;1
42112;1
5011;1
32465;1
26393;1
24700;1
19917;1
46435;1
21455;1
437120;1
56411;1
12681;1
14022;1
6371;1
60;1
100266;1
283008;1
413733;1
18145;1
28534;1
104399;1
214055;1
35834;1
16681;1
37215;1
34161;1
39677;1
138819;1
21402;1
26253;1
20662;1
35511;1
16904;1
422337;1
413238;1
18384;1
42489;1
6610;1
413119;1
28553;1
12875;1
1527;1
8645;1
29750;1
27009;1
239387;1
409321;1
10387;1
439827;1
22409;1
21397;1
13648;1
25363;1
38011;1
104226;1
38778;1
439819;1
39271;1
43647;1
29256;1
4799;1
18218;1
55422;1
302360;1
45774;1
22144;1
1443;1
407477;1
1344;1
45212;1
6037;1
44056;1
46511;1
295022;1
105941;1
443718;1
1446;1
46093;1
32698;1
100471;1
410932;1
292145;1
10063;1
31300;1
102886;1
44029;1
34560;1
102;1
38165;1
43689;1
406881;1
105873;1
418857;1
138401;1
138758;1
214138;1
44221;1
100529;1
24942;1
55521;1
37648;1
413754;1
20096;1
105930;1
283135;1
6973;1
21491;1
26864;1
406695;1
45397;1
12539;1
407263;1
406458;1
7443;1
9646;1
1851;1
36513;1
32337;1
29138;1
103940;1
239679;1
283002;1
33708;1
407517;1
238685;1
132721;1
36234;1
46057;1
239058;1
101391;1
404468;1
238297;1
20541;1
10356;1
47081;1
418975;1
36352;1
130908;1
100850;1
87;1
11705;1
9798;1
408440;1
18725;1
103875;1
14642;1
121192;1
105366;1
11064;1
14043;1
47363;1
137404;1
2094;1
52433;1
60063;1
7013;1
103883;1
39260;1
36177;1
419121;1
1612;1
30689;1
419039;1
58154;1
123467;1
18605;1
15217;1
10128;1
405648;1
23621;1
51735;1
13890;1
33956;1
438122;1
200089;1
38955;1
31487;1
30476;1
15007;1
12293;1
12614;1
238475;1
13130;1
45098;1
12140;1
9973;1
6479;1
6809;1
44418;1
239773;1
220047;1
53759;1
423558;1
440891;1
45626;1
10652;1
1519;1
17720;1
214713;1
13046;1
24178;1
16348;1
18094;1
239196;1
20708;1
18442;1
47796;1
200066;1
122215;1
27203;1
31422;1
404282;1
292097;1
2146;1
10768;1
42950;1
38881;1
43125;1
19571;1
1525;1
122322;1
41565;1
412942;1
30953;1
37216;1
23852;1
58582;1
15893;1
45229;1
13237;1
30771;1
411454;1
437945;1
220011;1
220031;1
31753;1
8286;1
15721;1
44155;1
29664;1
10604;1
55232;1
102130;1
39487;1
28423;1
26738;1
36346;1
25814;1
214878;1
1843;1
58433;1
37853;1
35720;1
38687;1
40860;1
103928;1
60041;1
57102;1
39484;1
3862;1
100325;1
22983;1
13713;1
29818;1
27828;1
9512;1
438039;1
50857;1
239315;1
21603;1
54545;1
9902;1
48318;1
422713;1
12172;1
8900;1
21878;1
28239;1
434276;1
300485;1
292029;1
55230;1
403475;1
15191;1
4386;1
39464;1
123231;1
408706;1
33084;1
103385;1
19866;1
101517;1
42541;1
52665;1
35506;1
19086;1
7125;1
26190;1
1231;1
228057;1
42311;1
110;1
28930;1
20322;1
19221;1
103362;1
427570;1
101526;1
433942;1
23365;1
23014;1
47320;1
424450;1
35187;1
34847;1
444342;1
10821;1
10681;1
6858;1
239079;1
239948;1
401756;1
427324;1
26965;1
39609;1
60465;1
20191;1
137522;1
7843;1
411269;1
47908;1
35255;1
42542;1
40276;1
211390;1
101595;1
26779;1
48378;1
44118;1
18703;1
409016;1
30389;1
414885;1
234022;1
18829;1
19717;1
55206;1
9539;1
402402;1
133845;1
239140;1
21712;1
49653;1
17741;1
428365;1
36498;1
11258;1
409796;1
46469;1
102641;1
121274;1
33858;1
103164;1
55589;1
27386;1
39893;1
102768;1
10879;1
30608;1
7380;1
33552;1
2893;1
441084;1
46893;1
102210;1
17359;1
35812;1
620;1
302096;1
0;123
415132;1
214287;1
22374;1
33230;1
104663;1
19689;1
292044;1
34328;1
11263;1
105067;1
44640;1
29003;1
21720;1
11285;1
407901;1
38053;1
14163;1
105736;1
430854;1
19183;1
10243;1
106401;1
36393;1
17912;1
283022;1
283121;1
101412;1
440671;1
20947;1
45672;1
46315;1
9520;1
2367;1
40151;1
238245;1
214801;1
34141;1
3560;1
40098;1
238329;1
41286;1
13005;1
406807;1
423813;1
408252;1
11439;1
39998;1
33523;1
12937;1
38860;1
25376;1
418743;1
123034;1
50350;1
122046;1
417551;1
422206;1
39711;1
10111;1
18062;1
402093;1
36036;1
412924;1
3901;1
16790;1
300363;1
403911;1
406027;1
17745;1
13915;1
57860;1
39569;1
26776;1
17612;1
1339;1
21361;1
428944;1
3648;1
31219;1
56509;1
38685;1
6731;1
44498;1
433178;1
27074;1
7308;1
238294;1
19478;1
26203;1
214092;1
20836;1
38799;1
47656;1
40604;1
429299;1
120602;1
15777;1
40880;1
28959;1
11521;1
102846;1
238772;1
58801;1
37032;1
104310;1
5279;1
103049;1
416822;1
36653;1
408687;1
413009;1
424158;1
130624;1
2810;1
7498;1
53997;1
23082;1
105639;1
13883;1
59824;1
104255;1
4850;1
11883;1
23423;1
121002;1
5240;1
100562;1
408016;1
102012;1
13532;1
1043;1
41617;1
24374;1
417838;1
400559;1
24913;1
58009;1
41777;1
238908;1
46961;1
239597;1
32893;1
101545;1
20508;1
418330;1
214073;1
10015;1
59610;1
423963;1
24673;1
30578;1
27305;1
37262;1
2934;1
104939;1
214718;1
6969;1
102168;1
406379;1
409338;1
214322;1
55128;1
21020;1
52229;1
127641;1
433138;1
19621;1
41193;1
16764;1
104323;1
300327;1
102688;1
59718;1
39237;1
15672;1
56561;1
10380;1
27862;1
8865;1
104687;1
9150;1
37880;1
26969;1
138555;1
52689;1
42425;1
2019;1
104567;1
252093;1
18143;1
39994;1
35743;1
1818;1
133730;1
37162;1
27984;1
38087;1
102250;1
423828;1
37330;1
31622;1
402032;1
18423;1
239366;1
23076;1
3089;1
12157;1
12691;1
21572;1
49559;1
283058;1
39942;1
411614;1
20610;1
35323;1
401644;1
408573;1
44258;1
33730;1
2779;1
427396;1
22931;1
422167;1
37172;1
39194;1
10085;1
402775;1
2192;1
100439;1
438913;1
14899;1
120406;1
102332;1
20167;1
214359;1
19385;1
25162;1
22894;1
37201;1
239431;1
137104;1
39140;1
105176;1
443180;1
1973;1
302380;1
2013;1
103186;1
429195;1
131181;1
103478;1
408873;1
101410;1
27914;1
443521;1
48040;1
19368;1
51884;1
34494;1
9652;1
102399;1
31381;1
34684;1
43966;1
48369;1
403149;1
402059;1
5533;1
130889;1
37572;1
21441;1
45214;1
16895;1
408534;1
48419;1
104845;1
101224;1
416000;1
100268;1
20027;1
19492;1
434737;1
18435;1
24948;1
7791;1
39381;1
414697;1
1290;1
121230;1
3401;1
104252;1
409701;1
102461;1
33989;1
34740;1
16061;1
407268;1
35888;1
43512;1
414166;1
405694;1
9057;1
33329;1
427261;1
137144;1
101576;1
17970;1
41970;1
46723;1
435322;1
11320;1
19192;1
45250;1
239709;1
238831;1
44475;1
15214;1
100229;1
20499;1
37325;1
35417;1
101914;1
429535;1
252016;1
408072;1
44875;1
15263;1
411671;1
14732;1
5588;1
33007;1
33270;1
404883;1
427305;1
59215;1
28841;1
300400;1
104016;1
414034;1
102479;1
211289;1
6401;1
3663;1
234006;1
32671;1
37339;1
409581;1
438810;1
19105;1
104163;1
102000;1
25119;1
21324;1
29329;1
137186;1
101809;1
22786;1
434242;1
427275;1
55213;1
1715;1
58690;1
3221;1
101668;1
106670;1
3984;1
102615;1
19819;1
435281;1
25038;1
414946;1
18977;1
401662;1
214872;1
12602;1
429602;1
33589;1
28859;1
9082;1
15687;1
426788;1
42123;1
239111;1
23698;1
103924;1
34407;1
12806;1
32336;1
121247;1
24008;1
3641;1
300337;1
32565;1
407829;1
2276;1
876;1
104101;1
26149;1
26769;1
404815;1
35837;1
18665;1
48774;1
102339;1
238016;1
137719;1
103149;1
211183;1
420370;1
40575;1
430551;1
416247;1
36028;1
100520;1
57;1
1313;1
59904;1
49536;1
26440;1
12047;1
33390;1
14905;1
17105;1
15979;1
200055;1
408004;1
4669;1
17984;1
435101;1
57238;1
220007;1
5869;1
403541;1
211287;1
16135;1
401583;1
24898;1
13232;1
59900;1
1484;1
20317;1
46663;1
441126;1
27501;1
17844;1
100486;1
1602;1
23943;1
238847;1
45040;1
8443;1
16696;1
105867;1
44142;1
101819;1
57326;1
416282;1
57288;1
104970;1
441333;1
423096;1
34577;1
42374;1
18061;1
49939;1
411532;1
214487;1
35166;1
13131;1
7891;1
30584;1
21198;1
106403;1
433061;1
10646;1
8014;1
104045;1
401204;1
302410;1
40961;1
402755;1
2857;1
25969;1
23301;1
214024;1
19294;1
444470;1
42006;1
17879;1
131088;1
38931;1
15193;1
9473;1
39257;1
47397;1
23987;1
17724;1
435665;1
39666;1
29056;1
10627;1
57134;1
56762;1
56355;1
302403;1
30365;1
12231;1
2099;1
19830;1
23409;1
402617;1
137290;1
9099;1
17047;1
31707;1
16812;1
26102;1
35550;1
24896;1
130229;1
414648;1
36153;1
409967;1
17579;1
402902;1
418300;1
402862;1
58041;1
26813;1
6724;1
105325;1
104506;1
11247;1
101419;1
53724;1
29390;1
33893;1
15787;1
33914;1
25172;1
52155;1
22692;1
20756;1
105751;1
5371;1
106408;1
4808;1
31371;1
420623;1
55321;1
406201;1
238537;1
31461;1
28251;1
28396;1
211167;1
14013;1
105244;1
431982;1
41520;1
1167;1
101945;1
408619;1
57720;1
48844;1
238774;1
214862;1
238186;1
43425;1
3991;1
137082;1
31070;1
102436;1
130926;1
138719;1
2391;1
40529;1
137198;1
3950;1
47143;1
8367;1
35844;1
131038;1
435224;1
105034;1
55585;1
101889;1
47269;1
104259;1
19066;1
41198;1
9945;1
408641;1
46498;1
425845;1
409791;1
21429;1
23977;1
102063;1
46686;1
41491;1
26592;1
105288;1
214938;1
53527;1
409319;1
228101;1
138308;1
44295;1
22448;1
2864;1
1084;1
103047;1
100116;1
15681;1
9859;1
30633;1
8712;1
214595;1
36781;1
35788;1
45074;1
37480;1
4391;1
31981;1
35288;1
4157;1
5585;1
415667;1
55597;1
33583;1
18044;1
130480;1
23678;1
494;1
53801;1
440299;1
28767;1
44941;1
44487;1
45301;1
238267;1
57172;1
3057;1
292125;1
38301;1
4225;1
42170;1
23065;1
214002;1
23439;1
138796;1
25832;1
36235;1
438525;1
23277;1
2410;1
100101;1
54875;1
214454;1
37855;1
2426;1
14722;1
52376;1
401696;1
402905;1
27957;1
411584;1
101702;1
414225;1
103273;1
36675;1
56738;1
4654;1
18999;1
16312;1
44660;1
17876;1
10160;1
130280;1
38105;1
127640;1
2954;1
100804;1
104400;1
120467;1
4487;1
17626;1
407302;1
2475;1
11984;1
17632;1
133888;1
103473;1
38934;1
32002;1
8427;1
292142;1
27808;1
29919;1
41716;1
431;1
406341;1
103162;1
38229;1
22400;1
3339;1
40104;1
31014;1
16990;1
32790;1
44162;1
34182;1
127719;1
236133;1
39573;1
404167;1
410604;1
443433;1
100712;1
40014;1
25941;1
33881;1
211309;1
45360;1
426863;1
416510;1
103991;1
239961;1
103448;1
425330;1
31413;1
214663;1
24754;1
1878;1
31999;1
4723;1
33648;1
102074;1
12576;1
21697;1
18791;1
429652;1
13411;1
283151;1
234030;1
13295;1
23058;1
13194;1
100677;1
46289;1
101235;1
14825;1
403752;1
15109;1
101556;1
431420;1
20340;1
8005;1
403245;1
23243;1
424130;1
15864;1
14151;1
3342;1
52985;1
428391;1
25769;1
214814;1
239929;1
100995;1
7428;1
42354;1
31064;1
20835;1
11681;1
27037;1
29330;1
54297;1
31644;1
300243;1
409943;1
39255;1
785;1
49036;1
236131;1
105454;1
10789;1
104601;1
23674;1
40883;1
15362;1
31069;1
7517;1
21130;1
3246;1
427100;1
23967;1
400860;1
419450;1
24288;1
423136;1
13962;1
426695;1
4477;1
300205;1
133694;1
57056;1
102071;1
214255;1
14258;1
44778;1
123185;1
5285;1
19765;1
131009;1
15888;1
105813;1
29907;1
34811;1
409621;1
38302;1
29660;1
29232;1
430715;1
4483;1
100403;1
32651;1
130354;1
29078;1
53568;1
437155;1
413187;1
437963;1
428026;1
36825;1
127339;1
14906;1
56631;1
19645;1
44106;1
36430;1
36831;1
59704;1
104360;1
283001;1
37385;1
38176;1
13379;1
1092;1
22320;1
32760;1
19992;1
31978;1
21619;1
40330;1
40901;1
433048;1
21448;1
3082;1
26383;1
44960;1
14437;1
103311;1
441152;1
105177;1
13141;1
8765;1
30324;1
295045;1
47322;1
48181;1
15335;1
53358;1
15928;1
60228;1
407585;1
42278;1
36224;1
44337;1
406155;1
32226;1
400927;1
402919;1
54319;1
12142;1
47981;1
402899;1
402914;1
11746;1
27739;1
104999;1
39617;1
989;1
40184;1
103007;1
104649;1
32241;1
17658;1
302111;1
414288;1
35131;1
307010;1
24239;1
21975;1
45829;1
42103;1
39922;1
36565;1
46351;1
26140;1
443738;1
17864;1
404858;1
409424;1
49542;1
239042;1
41335;1
34489;1
130985;1
407243;1
5020;1
239795;1
17424;1
36023;1
45304;1
47049;1
38556;1
138909;1
42638;1
28798;1
3710;1
46738;1
127369;1
18197;1
40897;1
44424;1
105341;1
12818;1
33324;1
10854;1
36536;1
412894;1
445787;1
402182;1
2939;1
37228;1
1180;1
35997;1
422200;1
444107;1
104124;1
34390;1
385;1
8168;1
2375;1
104706;1
1631;1
38000;1
417592;1
101614;1
414398;1
22529;1
28073;1
22967;1
37118;1
11665;1
22384;1
10450;1
402052;1
424438;1
35700;1
238513;1
105387;1
431978;1
47918;1
15622;1
44246;1
440136;1
11534;1
132489;1
431724;1
438245;1
44629;1
406853;1
30046;1
40760;1
10707;1
32296;1
32624;1
274029;1
48413;1
18040;1
41974;1
404438;1
436393;1
40530;1
102205;1
1642;1
31478;1
214726;1
13771;1
12697;1
28733;1
411560;1
18640;1
102898;1
120832;1
53260;1
214503;1
53402;1
5424;1
434994;1
59914;1
13496;1
40218;1
43744;1
4950;1
214853;1
8755;1
412760;1
44666;1
17627;1
34106;1
440128;1
17805;1
45800;1
436401;1
21407;1
292092;1
10235;1
239062;1
45765;1
21319;1
16742;1
404996;1
43973;1
27770;1
46255;1
238117;1
106426;1
18217;1
8206;1
422808;1
9157;1
349;1
28569;1
23734;1
2953;1
401728;1
29374;1
22546;1
19790;1
17402;1
292088;1
36515;1
54680;1
42816;1
33126;1
436805;1
407455;1
238911;1
1024;1
22850;1
30315;1
434747;1
41152;1
38116;1
9603;1
53150;1
41013;1
20465;1
238785;1
16799;1
53105;1
100236;1
46830;1
6326;1
130806;1
436094;1
404909;1
22803;1
10199;1
43531;1
19277;1
53948;1
100328;1
101053;1
2200;1
17557;1
14690;1
17116;1
13865;1
37907;1
13265;1
104650;1
47134;1
29783;1
103226;1
238618;1
31894;1
10670;1
137446;1
22877;1
300324;1
239028;1
33323;1
11514;1
408464;1
415050;1
23216;1
50086;1
48737;1
13053;1
35853;1
36242;1
104266;1
54037;1
6474;1
15360;1
104140;1
12137;1
7975;1
14136;1
39419;1
409525;1
4500;1
421951;1
100942;1
400973;1
239774;1
25460;1
101733;1
24716;1
13569;1
3490;1
28700;1
43854;1
1737;1
9347;1
55335;1
252052;1
39554;1
436343;1
102431;1
23098;1
25686;1
410867;1
406369;1
38435;1
16620;1
439963;1
35803;1
27660;1
422365;1
42956;1
11800;1
415605;1
996;1
51202;1
23213;1
30422;1
300524;1
49582;1
103327;1
300339;1
17414;1
29988;1
27293;1
433239;1
424881;1
51433;1
15668;1
44401;1
58213;1
29766;1
32983;1
22914;1
55671;1
239505;1
132709;1
16794;1
36626;1
439379;1
45238;1
137090;1
416203;1
410937;1
29738;1
408920;1
443974;1
46395;1
18457;1
39210;1
200027;1
214715;1
35439;1
43754;1
34805;1
18580;1
60487;1
405979;1
6390;1
20076;1
22629;1
16344;1
35152;1
15535;1
120113;1
18341;1
137548;1
53605;1
103913;1
441818;1
13558;1
42933;1
13018;1
4237;1
53509;1
33992;1
35942;1
211164;1
122061;1
253026;1
29486;1
55458;1
22416;1
35952;1
211338;1
2348;1
11901;1
13440;1
408894;1
100797;1
423572;1
3975;1
408755;1
120326;1
414215;1
400387;1
103814;1
106417;1
14415;1
30016;1
32772;1
103778;1
131061;1
46316;1
283029;1
19505;1
400563;1
211317;1
36712;1
19227;1
27603;1
438776;1
34132;1
25394;1
404028;1
426911;1
105635;1
100454;1
26019;1
24742;1
23594;1
46346;1
214326;1
302437;1
274031;1
239959;1
239534;1
122121;1
47422;1
435578;1
49755;1
238124;1
132899;1
33820;1
26358;1
17833;1
7980;1
3337;1
31099;1
283156;1
46265;1
16786;1
102406;1
138494;1
9129;1
24932;1
17120;1
2759;1
60231;1
414606;1
14601;1
314;1
17098;1
14253;1
51188;1
36776;1
32085;1
877;1
14268;1
1113;1
438862;1
11976;1
38239;1
24633;1
42971;1
45050;1
1702;1
105156;1
46450;1
20900;1
15698;1
13014;1
103869;1
44643;1
103143;1
43962;1
24535;1
38285;1
50695;1
137461;1
47643;1
39188;1
24679;1
27763;1
14806;1
415859;1
44864;1
13965;1
27004;1
238742;1
53117;1
436150;1
21420;1
433703;1
10533;1
55117;1
402168;1
26630;1
42356;1
19978;1
23258;1
19031;1
43079;1
45864;1
20468;1
57019;1
20516;1
51566;1
1725;1
105957;1
46409;1
15895;1
53145;1
419059;1
58544;1
14490;1
26883;1
405329;1
786;1
24579;1
21641;1
29814;1
21629;1
5431;1
434784;1
239935;1
13974;1
13669;1
200037;1
4709;1
56910;1
418849;1
412047;1
37316;1
15149;1
28990;1
31171;1
11912;1
106477;1
991;1
31639;1
408843;1
57166;1
411076;1
431790;1
60356;1
55984;1
38988;1
25527;1
15196;1
239565;1
29394;1
2041;1
104551;1
49561;1
103570;1
132697;1
43231;1
402993;1
25211;1
127349;1
443840;1
402759;1
29789;1
302261;1
239725;1
30091;1
23026;1
130620;1
16044;1
292005;1
12992;1
3470;1
33599;1
14648;1
13871;1
5091;1
51490;1
14287;1
29126;1
5643;1
407627;1
407162;1
238402;1
25714;1
103178;1
46648;1
53430;1
29028;1
54742;1
42151;1
211013;1
49350;1
25634;1
406715;1
20678;1
43823;1
443452;1
6221;1
103045;1
54478;1
9790;1
122314;1
17604;1
12919;1
3650;1
430927;1
12933;1
127352;1
11630;1
46460;1
411585;1
8790;1
40095;1
1183;1
4165;1
10837;1
26064;1
423273;1
238867;1
20437;1
38049;1
52766;1
238830;1
48972;1
29767;1
13363;1
33606;1
100130;1
25965;1
33202;1
103929;1
211078;1
101126;1
30206;1
238336;1
40062;1
23295;1
22223;1
14333;1
101934;1
20753;1
101272;1
34232;1
106046;1
137355;1
7118;1
34859;1
432132;1
408890;1
34431;1
52288;1
26327;1
13921;1
407324;1
20389;1
419778;1
19393;1
104281;1
26678;1
441036;1
49628;1
19286;1
20931;1
19740;1
401678;1
21854;1
57140;1
6481;1
16845;1
27630;1
36780;1
47984;1
30172;1
422783;1
1147;1
52603;1
43197;1
6744;1
42309;1
40055;1
444950;1
417332;1
411268;1
42479;1
408699;1
408192;1
402025;1
2142;1
11957;1
106047;1
401449;1
40481;1
21201;1
404917;1
239425;1
39778;1
15792;1
48028;1
21046;1
431481;1
6866;1
32694;1
37396;1
41347;1
27024;1
32564;1
435822;1
36654;1
7778;1
238406;1
405768;1
18330;1
41994;1
408443;1
23815;1
434719;1
51793;1
239338;1
39503;1
101366;1
9864;1
238152;1
25007;1
16676;1
36937;1
54153;1
417788;1
18549;1
52824;1
43914;1
3924;1
274016;1
45355;1
10901;1
17463;1
232131;1
43475;1
238841;1
414252;1
57570;1
20399;1
23262;1
36336;1
408592;1
406537;1
101991;1
20633;1
28186;1
428427;1
417156;1
429183;1
104108;1
103081;1
3504;1
434300;1
104484;1
8612;1
30049;1
18214;1
31814;1
433141;1
300124;1
441094;1
101538;1
100445;1
8370;1
414698;1
437167;1
433740;1
43934;1
18992;1
298021;1
35820;1
40836;1
106072;1
15370;1
40226;1
5727;1
403135;1
4201;1
403420;1
101180;1
44928;1
29430;1
104474;1
57068;1
28946;1
238798;1
20455;1
130691;1
404448;1
18372;1
52138;1
104998;1
34464;1
10545;1
43193;1
2299;1
32819;1
43492;1
409987;1
18786;1
7302;1
24715;1
408990;1
404304;1
238883;1
37507;1
14785;1
239670;1
55540;1
100340;1
101349;1
35021;1
407716;1
137342;1
421530;1
25530;1
7564;1
18167;1
10234;1
105407;1
15501;1
402214;1
44709;1
28125;1
22093;1
16503;1
214469;1
34323;1
28020;1
130236;1
441080;1
443519;1
137775;1
214884;1
5421;1
14267;1
48965;1
425672;1
33465;1
17551;1
7175;1
407375;1
35909;1
13278;1
8965;1
4784;1
7364;1
35505;1
54746;1
105989;1
42565;1
18955;1
25352;1
21465;1
26642;1
130366;1
803;1
19329;1
41263;1
47463;1
214625;1
16746;1
33453;1
36357;1
22804;1
15000;1
214942;1
22790;1
40871;1
21238;1
13284;1
35978;1
402948;1
8690;1
407402;1
27208;1
239192;1
26409;1
59878;1
30303;1
28919;1
37642;1
19635;1
39875;1
214157;1
283188;1
2296;1
441283;1
102579;1
29661;1
29079;1
42825;1
434569;1
39481;1
122274;1
23516;1
101267;1
33511;1
6618;1
30428;1
420703;1
302284;1
35014;1
46423;1
106453;1
100424;1
120818;1
36220;1
283031;1
435385;1
445701;1
430721;1
21106;1
24205;1
400157;1
410027;1
39842;1
132719;1
103648;1
35256;1
103932;1
28169;1
20005;1
14520;1
28303;1
26462;1
1762;1
406434;1
8299;1
814;1
32927;1
33987;1
37030;1
56857;1
419145;1
44001;1
56682;1
45536;1
40977;1
15031;1
2459;1
103015;1
442042;1
236016;1
23366;1
46667;1
238432;1
406803;1
42604;1
101350;1
220050;1
28735;1
50777;1
401970;1
59089;1
20844;1
13561;1
21946;1
419832;1
39810;1
403066;1
428220;1
20647;1
12635;1
302494;1
406161;1
55166;1
22905;1
425686;1
11833;1
24581;1
6119;1
31324;1
400224;1
28320;1
15441;1
32001;1
103239;1
44726;1
34534;1
26280;1
36606;1
1371;1
43566;1
48159;1
292008;1
128209;1
32789;1
52190;1
13762;1
53789;1
29157;1
16836;1
441242;1
36180;1
420803;1
50457;1
401667;1
32263;1
27757;1
406799;1
32452;1
13161;1
7177;1
17770;1
11814;1
28862;1
403644;1
1524;1
1229;1
37700;1
101794;1
40512;1
101019;1
25093;1
35838;1
234009;1
444199;1
37612;1
105808;1
9764;1
15699;1
15117;1
103741;1
14482;1
41526;1
102345;1
138527;1
39901;1
103336;1
45242;1
17208;1
56821;1
39299;1
24720;1
19191;1
300092;1
53764;1
14139;1
11720;1
3539;1
1665;1
40335;1
13659;1
55963;1
414784;1
5608;1
34634;1
57716;1
19570;1
421856;1
32810;1
15604;1
33571;1
292228;1
41221;1
16016;1
15363;1
104573;1
1306;1
19382;1
122954;1
416091;1
239358;1
6076;1
29613;1
22838;1
20776;1
20487;1
41450;1
46348;1
36760;1
40789;1
26281;1
34840;1
31316;1
6748;1
27100;1
25528;1
101384;1
100746;1
30913;1
238932;1
411612;1
14135;1
214144;1
401238;1
239554;1
42236;1
54774;1
402374;1
17072;1
14755;1
41837;1
7931;1
15468;1
10468;1
14483;1
239513;1
13179;1
36953;1
30132;1
414700;1
238726;1
37369;1
48961;1
101417;1
101155;1
41258;1
58738;1
45307;1
402036;1
33068;1
214397;1
39168;1
105931;1
102020;1
406069;1
127514;1
42341;1
438546;1
445789;1
105463;1
21335;1
50962;1
438208;1
57619;1
27205;1
24574;1
44097;1
38255;1
58371;1
41093;1
7755;1
54839;1
43749;1
23096;1
214155;1
2145;1
50870;1
403073;1
23401;1
1281;1
29753;1
23831;1
531;1
59768;1
102605;1
431865;1
417326;1
55961;1
49702;1
30831;1
101980;1
55391;1
101303;1
46386;1
21310;1
14270;1
105414;1
104951;1
23194;1
105166;1
37266;1
3791;1
34372;1
100064;1
123468;1
42877;1
22855;1
25414;1
2290;1
21392;1
16347;1
423600;1
60396;1
43071;1
57194;1
20140;1
4228;1
6827;1
54031;1
28142;1
155;1
102224;1
24793;1
102659;1
46872;1
27299;1
17283;1
283091;1
43182;1
20449;1
37620;1
30446;1
22197;1
401027;1
434401;1
27031;1
18699;1
102214;1
132453;1
22378;1
417646;1
43271;1
30792;1
7152;1
406143;1
239241;1
58413;1
405229;1
2677;1
43252;1
18873;1
17914;1
52659;1
28738;1
36502;1
41269;1
12472;1
26922;1
401226;1
402762;1
46582;1
40411;1
18527;1
404557;1
25444;1
127651;1
52090;1
100965;1
408386;1
214195;1
417762;1
35521;1
7457;1
20236;1
103250;1
137356;1
101358;1
416163;1
414987;1
200082;1
292267;1
405823;1
51479;1
122106;1
45141;1
104447;1
6725;1
404138;1
33682;1
2308;1
417496;1
9667;1
17673;1
34824;1
12244;1
38610;1
1056;1
41745;1
436194;1
41146;1
15473;1
10530;1
41562;1
302181;1
133959;1
42300;1
51118;1
45710;1
104659;1
3768;1
429377;1
105766;1
36648;1
402685;1
131203;1
2833;1
300491;1
214460;1
25316;1
41582;1
35699;1
214500;1
434166;1
127340;1
37751;1
41486;1
15789;1
29656;1
33146;1
47703;1
58193;1
421880;1
400435;1
105884;1
25662;1
22318;1
7962;1
32877;1
55477;1
58421;1
43538;1
30697;1
37222;1
4327;1
32264;1
50142;1
17616;1
105631;1
100040;1
24892;1
26629;1
38432;1
44564;1
411082;1
21701;1
443148;1
403851;1
36296;1
102853;1
22940;1
127574;1
23223;1
11967;1
50061;1
14721;1
1496;1
211417;1
422249;1
43593;1
13536;1
409925;1
239991;1
36510;1
2508;1
420805;1
200035;1
39439;1
6524;1
29724;1
14993;1
302154;1
406411;1
417670;1
3557;1
100757;1
239134;1
428559;1
425702;1
207;1
122341;1
871;1
15122;1
29544;1
21332;1
103762;1
22016;1
23336;1
15541;1
43782;1
12741;1
424708;1
49556;1
40587;1
14401;1
413222;1
28800;1
44857;1
27059;1
238538;1
11329;1
420980;1
408519;1
13254;1
14085;1
39943;1
2931;1
20233;1
103659;1
46833;1
431602;1
7735;1
39213;1
101107;1
105664;1
10283;1
56513;1
55704;1
138831;1
40659;1
11149;1
31527;1
25374;1
411604;1
100484;1
411593;1
40560;1
37841;1
60398;1
38673;1
100896;1
26366;1
404004;1
27932;1
6039;1
39499;1
19406;1
437052;1
42876;1
22101;1
422860;1
35009;1
138828;1
30660;1
44443;1
302135;1
238532;1
39347;1
21318;1
102959;1
30278;1
4316;1
1599;1
300016;1
122963;1
214344;1
23631;1
101282;1
138512;1
4988;1
3382;1
27500;1
40536;1
25422;1
53709;1
8476;1
8528;1
300344;1
409415;1
11559;1
19881;1
43214;1
105296;1
17007;1
24357;1
430645;1
232112;1
44428;1
408628;1
402060;1
20960;1
59085;1
440575;1
31560;1
32635;1
21021;1
60312;1
426011;1
412535;1
38396;1
43055;1
214883;1
49999;1
17082;1
414029;1
55617;1
23040;1
6600;1
4425;1
2814;1
13849;1
419053;1
39974;1
44739;1
434294;1
7349;1
34694;1
14590;1
22397;1
16382;1
5652;1
26986;1
102754;1
409255;1
236074;1
47646;1
283181;1
211001;1
440170;1
44569;1
32124;1
101407;1
7513;1
422707;1
408370;1
444203;1
2524;1
104295;1
214803;1
28931;1
18868;1
15485;1
46388;1
47374;1
103023;1
36588;1
138585;1
402823;1
39789;1
444603;1
26010;1
10653;1
19007;1
18892;1
9211;1
132909;1
50974;1
439136;1
25115;1
46973;1
36557;1
405950;1
18383;1
51835;1
214964;1
6551;1
18562;1
1105;1
27311;1
44649;1
18678;1
412052;1
8107;1
2552;1
436106;1
21881;1
401032;1
420461;1
27622;1
1102;1
18745;1
4979;1
101297;1
41032;1
41009;1
47782;1
28847;1
42138;1
101883;1
18823;1
130610;1
17497;1
101006;1
11919;1
407761;1
417567;1
21489;1
298014;1
441429;1
9784;1
45562;1
408329;1
42441;1
18326;1
1704;1
441299;1
4465;1
54805;1
127508;1
420753;1
36107;1
1701;1
47323;1
37029;1
407237;1
28295;1
100044;1
302289;1
17328;1
130796;1
58636;1
14821;1
24895;1
59783;1
33794;1
18728;1
20605;1
19804;1
42439;1
46260;1
19185;1
12910;1
410386;1
211346;1
42960;1
11953;1
101127;1
408034;1
34926;1
238210;1
10129;1
407479;1
283190;1
419087;1
32583;1
414152;1
12219;1
412826;1
45973;1
440785;1
409295;1
20414;1
292304;1
14996;1
413802;1
18863;1
25140;1
12618;1
37724;1
239251;1
24826;1
236061;1
239637;1
31859;1
16121;1
400752;1
22570;1
105925;1
56867;1
15776;1
104794;1
300476;1
26945;1
423351;1
105655;1
13854;1
25261;1
7914;1
43136;1
22158;1
32347;1
55226;1
33314;1
239828;1
31293;1
22433;1
13842;1
12351;1
403631;1
12612;1
34930;1
104306;1
443142;1
27405;1
21966;1
11495;1
100648;1
13957;1
238235;1
120066;1
43972;1
445859;1
25758;1
102298;1
403674;1
29860;1
43200;1
38352;1
420493;1
430276;1
414250;1
43989;1
59480;1
19861;1
32581;1
53946;1
25629;1
436084;1
24221;1
19997;1
14186;1
56620;1
239301;1
42384;1
17035;1
549;1
100596;1
421568;1
401749;1
14837;1
402777;1
103389;1
41429;1
403660;1
407149;1
53453;1
48085;1
239016;1
426923;1
41554;1
42066;1
32210;1
45168;1
40797;1
40443;1
35406;1
6805;1
20014;1
21426;1
37170;1
40637;1
42350;1
58279;1
401448;1
26332;1
32208;1
28277;1
302469;1
2271;1
238335;1
14324;1
37400;1
419626;1
25315;1
41018;1
57467;1
19458;1
238622;1
13106;1
3889;1
16251;1
50163;1
105036;1
60220;1
105906;1
23066;1
49504;1
422645;1
433744;1
42709;1
12313;1
302421;1
214572;1
19725;1
16024;1
38684;1
4496;1
8377;1
34973;1
239546;1
292302;1
46396;1
101887;1
228106;1
434151;1
406861;1
16986;1
45272;1
2325;1
283189;1
101091;1
12782;1
56417;1
102075;1
30632;1
414699;1
300438;1
45335;1
52192;1
12802;1
437762;1
414153;1
131124;1
59594;1
26444;1
40791;1
404503;1
19241;1
45324;1
428419;1
25116;1
214474;1
33604;1
417944;1
401627;1
48038;1
407706;1
137162;1
102718;1
58939;1
431071;1
439745;1
409709;1
45737;1
100530;1
120816;1
405413;1
20525;1
239095;1
54071;1
402854;1
51180;1
20599;1
12727;1
414162;1
405812;1
32233;1
422856;1
102990;1
46534;1
103990;1
35724;1
31783;1
19975;1
123012;1
47218;1
408269;1
48561;1
17913;1
106130;1
102832;1
300154;1
33423;1
20606;1
11971;1
39698;1
25796;1
100664;1
56280;1
21269;1
28546;1
59345;1
36303;1
120424;1
401642;1
104802;1
100031;1
417134;1
55526;1
41227;1
15498;1
29102;1
103397;1
130360;1
2373;1
34726;1
21780;1
430856;1
18056;1
137287;1
346;1
68;1
38046;1
48099;1
100262;1
24478;1
127333;1
23616;1
105644;1
41722;1
39399;1
38130;1
419786;1
15954;1
36181;1
39129;1
24248;1
438505;1
19016;1
25561;1
138827;1
44942;1
436920;1
412613;1
818;1
35057;1
32127;1
33605;1
52977;1
415498;1
32950;1
239971;1
401682;1
406837;1
48208;1
138381;1
41111;1
440735;1
137114;1
17684;1
103601;1
36521;1
32874;1
427273;1
402178;1
416185;1
414208;1
13264;1
104707;1
401977;1
5293;1
43332;1
37071;1
5556;1
232197;1
15042;1
300277;1
39747;1
56937;1
16073;1
15552;1
21588;1
18813;1
432307;1
12480;1
15526;1
44771;1
13372;1
442262;1
302186;1
418489;1
102154;1
103755;1
11104;1
48132;1
32308;1
103151;1
48218;1
105833;1
36092;1
300251;1
120468;1
103718;1
57017;1
211465;1
30646;1
955;1
105915;1
22881;1
43233;1
22026;1
11243;1
402822;1
214434;1
38846;1
39298;1
127284;1
10951;1
14759;1
405879;1
6538;1
21828;1
30300;1
418937;1
19901;1
12346;1
239250;1
41213;1
26378;1
41048;1
100346;1
14419;1
444187;1
103406;1
17598;1
137271;1
411421;1
432303;1
25702;1
431248;1
211026;1
21607;1
55426;1
2304;1
26497;1
401673;1
25087;1
407694;1
106032;1
47266;1
18844;1
283053;1
419131;1
34123;1
50554;1
50611;1
31442;1
238891;1
4037;1
21124;1
43251;1
47420;1
6062;1
401660;1
102640;1
120803;1
35203;1
100033;1
59378;1
436357;1
44728;1
13017;1
45454;1
27437;1
13932;1
19054;1
17011;1
3407;1
120065;1
21059;1
13800;1
21529;1
420469;1
31864;1
21706;1
8058;1
7202;1
5311;1
5752;1
60045;1
45038;1
31899;1
10277;1
102153;1
292320;1
25599;1
28853;1
426106;1
27712;1
214463;1
2125;1
41559;1
57249;1
428018;1
2642;1
36067;1
238635;1
50148;1
6625;1
20166;1
133754;1
403161;1
137176;1
11040;1
132452;1
12162;1
25294;1
8670;1
28708;1
33404;1
2420;1
7174;1
39415;1
44406;1
443055;1
14194;1
30552;1
15909;1
29044;1
35991;1
413979;1
239026;1
211458;1
41873;1
48952;1
12402;1
40238;1
1782;1
7089;1
34783;1
434031;1
101221;1
41040;1
35563;1
32634;1
211131;1
104666;1
42561;1
42694;1
14105;1
400385;1
121009;1
418843;1
39106;1
104617;1
41688;1
35268;1
5472;1
10257;1
405099;1
44455;1
6113;1
120022;1
405146;1
31712;1
822;1
20416;1
121207;1
17317;1
405660;1
60089;1
47991;1
9236;1
44664;1
41717;1
40451;1
130948;1
214018;1
44823;1
40041;1
12813;1
40944;1
14533;1
7449;1
42639;1
30026;1
47084;1
32881;1
49396;1
103441;1
436387;1
283069;1
411310;1
47245;1
103006;1
102292;1
7785;1
38134;1
18466;1
922;1
42721;1
6825;1
53390;1
6989;1
42786;1
2920;1
45200;1
43717;1
105840;1
283145;1
14348;1
437682;1
425684;1
563;1
51299;1
103745;1
28978;1
431041;1
419184;1
402812;1
27733;1
401784;1
29333;1
53333;1
2098;1
101888;1
239826;1
24573;1
8968;1
60412;1
35995;1
238860;1
39272;1
25560;1
44086;1
43230;1
138887;1
40598;1
5283;1
105625;1
48221;1
27764;1
26295;1
53350;1
292050;1
402842;1
3527;1
406652;1
6589;1
408797;1
32866;1
252086;1
45260;1
132444;1
5034;1
39441;1
401489;1
12883;1
239664;1
42150;1
14981;1
42473;1
11606;1
32223;1
408962;1
847;1
31029;1
9823;1
410725;1
133910;1
440843;1
40053;1
104670;1
444898;1
11294;1
44275;1
432315;1
6075;1
53229;1
100914;1
105684;1
29982;1
138287;1
102621;1
402364;1
41477;1
292194;1
5668;1
20617;1
47737;1
100242;1
14959;1
42454;1
400811;1
238594;1
24640;1
11875;1
11262;1
106416;1
6617;1
31611;1
32114;1
58460;1
55623;1
2754;1
430368;1
33405;1
408933;1
4527;1
4829;1
422631;1
56457;1
130759;1
300186;1
18915;1
45488;1
105258;1
37103;1
214465;1
54913;1
27705;1
292177;1
9051;1
19683;1
37977;1
300405;1
431596;1
37123;1
41760;1
300458;1
54441;1
58277;1
26210;1
47863;1
52308;1
10944;1
5787;1
22506;1
8305;1
3405;1
44017;1
42181;1
102984;1
414221;1
102921;1
2143;1
102044;1
138418;1
211103;1
7828;1
59649;1
292121;1
406895;1
57350;1
39600;1
15130;1
17233;1
24547;1
239769;1
6243;1
292215;1
412008;1
57760;1
435069;1
445413;1
302034;1
409137;1
25800;1
16037;1
44161;1
2577;1
24968;1
25827;1
54232;1
5773;1
32855;1
26229;1
3236;1
15973;1
20611;1
407933;1
403029;1
130654;1
5833;1
15186;1
36820;1
46923;1
214631;1
1248;1
30079;1
36840;1
17601;1
105210;1
50041;1
102380;1
39363;1
8885;1
404859;1
33729;1
292079;1
25777;1
422047;1
46512;1
14573;1
5087;1
408168;1
23795;1
19045;1
12190;1
32040;1
100282;1
102529;1
37277;1
26827;1
31868;1
26159;1
102546;1
100607;1
2700;1
18760;1
447;1
295011;1
238895;1
239583;1
434411;1
401916;1
25952;1
3969;1
214773;1
41829;1
18091;1
22477;1
56382;1
26324;1
48149;1
30044;1
24236;1
25821;1
214826;1
2322;1
104685;1
440331;1
43905;1
49501;1
138818;1
423862;1
58795;1
43368;1
19292;1
300421;1
11502;1
416151;1
420822;1
405409;1
102515;1
127661;1
39580;1
24130;1
419766;1
7103;1
43120;1
102337;1
14860;1
54611;1
17547;1
38653;1
214540;1
17813;1
101233;1
408052;1
292055;1
405566;1
300331;1
239324;1
120722;1
12418;1
55368;1
39435;1
234019;1
36274;1
11333;1
20578;1
7461;1
26236;1
100491;1
29803;1
59410;1
38945;1
214563;1
100697;1
37870;1
34993;1
51174;1
57232;1
43881;1
37184;1
36216;1
127594;1
404300;1
13844;1
211045;1
7379;1
22070;1
55071;1
30912;1
12018;1
31731;1
47710;1
44411;1
7346;1
6878;1
40393;1
283157;1
130643;1
24526;1
37051;1
26344;1
105309;1
17490;1
441606;1
435093;1
444201;1
130780;1
29242;1
44510;1
104781;1
404745;1
7726;1
138807;1
14235;1
39717;1
15264;1
42666;1
101643;1
42476;1
403318;1
37748;1
37199;1
59821;1
31717;1
18536;1
43535;1
58033;1
406968;1
4382;1
47233;1
56160;1
214710;1
45086;1
11588;1
3716;1
414735;1
1106;1
54892;1
33235;1
418727;1
420625;1
47490;1
53023;1
121267;1
443497;1
435049;1
403203;1
120621;1
31296;1
24949;1
35514;1
19869;1
8234;1
4218;1
20937;1
106081;1
437931;1
406703;1
9015;1
43993;1
439259;1
23958;1
19503;1
43657;1
10247;1
18842;1
47171;1
55062;1
121209;1
105172;1
11541;1
12127;1
57076;1
238735;1
44163;1
13080;1
239796;1
38434;1
104985;1
15947;1
32826;1
5138;1
120669;1
411540;1
29849;1
28315;1
22798;1
239688;1
43686;1
239363;1
13711;1
40815;1
23563;1
127752;1
6931;1
416380;1
41573;1
26488;1
12617;1
400721;1
39256;1
55152;1
28229;1
30332;1
407298;1
25568;1
37257;1
36630;1
4057;1
54073;1
40972;1
41624;1
3534;1
45879;1
410968;1
3580;1
403798;1
414038;1
7018;1
4852;1
20881;1
11766;1
29196;1
459;1
44750;1
104104;1
7231;1
442288;1
400131;1
21338;1
44998;1
9700;1
238715;1
37964;1
105155;1
100137;1
3159;1
53467;1
13333;1
25912;1
7767;1
138391;1
9731;1
9374;1
101381;1
406138;1
1918;1
37004;1
13782;1
7180;1
13389;1
214374;1
40950;1
17158;1
55603;1
21691;1
34045;1
35086;1
19523;1
4158;1
5505;1
17687;1
47769;1
27675;1
14703;1
400685;1
39027;1
444127;1
15539;1
100250;1
43588;1
58348;1
404078;1
102669;1
3778;1
36188;1
49927;1
21428;1
127529;1
436250;1
2956;1
27935;1
17941;1
421560;1
25915;1
30604;1
6717;1
26756;1
103706;1
27601;1
406735;1
105772;1
49874;1
37756;1
30074;1
57540;1
409883;1
22213;1
35804;1
45529;1
238807;1
7630;1
13774;1
4294;1
411620;1
100506;1
404529;1
45232;1
21656;1
302203;1
439797;1
36650;1
106676;1
2633;1
5108;1
40331;1
23308;1
7887;1
14851;1
5627;1
105246;1
7147;1
11802;1
56455;1
445268;1
7612;1
100041;1
302307;1
35041;1
6060;1
138286;1
32367;1
421247;1
23211;1
12915;1
52621;1
18642;1
102869;1
411378;1
421443;1
24307;1
45609;1
46592;1
421676;1
59692;1
33647;1
55860;1
38677;1
414246;1
103970;1
11533;1
14858;1
438969;1
595;1
20396;1
44780;1
102046;1
28851;1
25865;1
18381;1
100468;1
401635;1
28167;1
9305;1
23450;1
11899;1
402596;1
442419;1
46234;1
7053;1
33398;1
238071;1
8167;1
18288;1
54935;1
24816;1
17494;1
34499;1
407714;1
403225;1
425600;1
401586;1
52987;1
402007;1
409552;1
400173;1
35137;1
131083;1
14362;1
120128;1
21293;1
13224;1
26999;1
32269;1
409235;1
239932;1
51089;1
15061;1
438766;1
56489;1
412597;1
444257;1
214698;1
211469;1
39872;1
417815;1
28633;1
405103;1
10473;1
26454;1
2246;1
422701;1
31113;1
441964;1
21109;1
12655;1
105344;1
1242;1
404400;1
138883;1
21165;1
58791;1
425461;1
7600;1
7505;1
34590;1
40500;1
100489;1
41187;1
27706;1
437533;1
23662;1
214009;1
421891;1
9855;1
28674;1
14513;1
102785;1
414602;1
21731;1
22656;1
13200;1
46733;1
425881;1
211053;1
40838;1
56339;1
48587;1
408927;1
14018;1
211427;1
34468;1
36913;1
52352;1
31716;1
11414;1
439573;1
51774;1
30562;1
439428;1
100103;1
33717;1
10740;1
33370;1
12470;1
419017;1
435844;1
33727;1
401149;1
21474;1
48162;1
100318;1
4475;1
58241;1
56990;1
1020;1
440182;1
27697;1
55338;1
46609;1
15069;1
104633;1
403509;1
60021;1
35825;1
283036;1
127568;1
19891;1
8850;1
59005;1
408635;1
11479;1
8229;1
131021;1
44111;1
27331;1
405333;1
41236;1
416157;1
401638;1
42109;1
12155;1
58662;1
55125;1
54222;1
25594;1
408726;1
18068;1
9010;1
238413;1
103642;1
13308;1
10164;1
100039;1
23717;1
408799;1
239978;1
409527;1
27583;1
238425;1
23249;1
34509;1
24345;1
104137;1
8925;1
28419;1
45880;1
133848;1
23079;1
57809;1
402412;1
103439;1
9475;1
22030;1
102612;1
17581;1
236047;1
12409;1
3091;1
102704;1
35632;1
25526;1
43709;1
19837;1
400175;1
1157;1
103628;1
45343;1
5887;1
101802;1
29086;1
408152;1
103454;1
400654;1
436918;1
104662;1
37131;1
44022;1
42926;1
406593;1
401732;1
17985;1
252009;1
10400;1
35963;1
4552;1
26987;1
3240;1
214692;1
54637;1
45330;1
58746;1
16878;1
9148;1
2871;1
32236;1
410709;1
31022;1
444896;1
34596;1
29286;1
44867;1
17758;1
14669;1
444454;1
408704;1
11364;1
42451;1
32533;1
4110;1
17823;1
1751;1
50811;1
434755;1
56495;1
102802;1
41543;1
51383;1
5739;1
6306;1
59906;1
28019;1
35708;1
8175;1
39735;1
17319;1
32066;1
432245;1
239819;1
35080;1
14029;1
6607;1
420485;1
104755;1
59956;1
7883;1
14074;1
104717;1
427501;1
28512;1
239246;1
4413;1
50378;1
60364;1
100845;1
39064;1
302006;1
34018;1
416047;1
415314;1
104602;1
103429;1
12788;1
60330;1
58142;1
29140;1
102850;1
40991;1
105;1
52001;1
24857;1
6715;1
43438;1
48316;1
31578;1
3410;1
283107;1
236073;1
436938;1
421835;1
101096;1
43556;1
123261;1
10248;1
121251;1
425676;1
127591;1
410093;1
55619;1
410735;1
211097;1
42661;1
104637;1
4672;1
101069;1
105272;1
100668;1
25124;1
22118;1
419203;1
60073;1
42183;1
418404;1
18702;1
239252;1
16301;1
433103;1
33307;1
11546;1
211295;1
424716;1
239391;1
31107;1
25681;1
2489;1
12044;1
16916;1
37250;1
33091;1
130936;1
442995;1
423004;1
23540;1
45971;1
2903;1
57552;1
430784;1
412710;1
122282;1
401288;1
401920;1
51470;1
37799;1
30681;1
48436;1
100142;1
6118;1
414956;1
36548;1
120604;1
409461;1
31503;1
38634;1
429878;1
434863;1
401574;1
214932;1
435312;1
41100;1
412182;1
39029;1
130439;1
39733;1
427766;1
613;1
35144;1
40761;1
418531;1
47073;1
40291;1
57455;1
8650;1
44104;1
429457;1
3713;1
34124;1
401560;1
49065;1
17503;1
406419;1
214506;1
137086;1
10069;1
678;1
36475;1
102317;1
46080;1
438241;1
23781;1
198;1
20555;1
17279;1
302210;1
720;1
239897;1
35270;1
298042;1
13081;1
34671;1
103638;1
38254;1
1000;1
11261;1
438249;1
53262;1
214966;1
121191;1
10970;1
12679;1
33252;1
8110;1
40433;1
47256;1
44999;1
19502;1
48136;1
443768;1
1244;1
102494;1
16275;1
438258;1
438626;1
460;1
24988;1
20539;1
211130;1
8202;1
409301;1
103199;1
34669;1
9024;1
35629;1
302224;1
238941;1
893;1
3256;1
26218;1
57284;1
404581;1
44120;1
31592;1
44327;1
34798;1
442827;1
7438;1
403085;1
18890;1
122292;1
33845;1
31265;1
58330;1
14206;1
36173;1
40676;1
23071;1
38530;1
11214;1
106418;1
35101;1
41419;1
39845;1
105711;1
409329;1
300533;1
127372;1
24373;1
402719;1
10596;1
32984;1
302197;1
26619;1
55850;1
105996;1
101436;1
828;1
55980;1
400369;1
102173;1
37999;1
18207;1
3612;1
44626;1
411714;1
20875;1
13448;1
35561;1
9466;1
411791;1
52851;1
29551;1
200085;1
1899;1
239687;1
18274;1
28286;1
137297;1
431837;1
46945;1
26396;1
56604;1
15165;1
412101;1
18371;1
6641;1
408898;1
46766;1
422363;1
435408;1
214172;1
10750;1
38689;1
416541;1
58075;1
23432;1
302148;1
30692;1
105363;1
32238;1
19118;1
59672;1
409792;1
404502;1
27491;1
101422;1
802;1
30658;1
101063;1
11586;1
9923;1
28718;1
13236;1
104862;1
404144;1
42107;1
43924;1
29526;1
48299;1
2006;1
44744;1
12320;1
45133;1
441317;1
417610;1
401011;1
132700;1
236099;1
132595;1
428381;1
41850;1
1841;1
13889;1
411371;1
26714;1
11650;1
102611;1
441461;1
132434;1
101880;1
403033;1
102750;1
2533;1
412978;1
300102;1
25990;1
414156;1
22349;1
133835;1
36385;1
13906;1
420356;1
239276;1
33824;1
54373;1
52078;1
40630;1
57827;1
19879;1
214948;1
42733;1
16082;1
33315;1
400505;1
3287;1
23049;1
21763;1
238044;1
28448;1
11395;1
19512;1
238901;1
137676;1
32683;1
27543;1
419117;1
55024;1
31734;1
106186;1
51719;1
103983;1
44697;1
300392;1
25537;1
105932;1
407367;1
45448;1
43093;1
7187;1
37484;1
52508;1
26317;1
17092;1
13052;1
10029;1
30126;1
404990;1
50021;1
18824;1
7129;1
214240;1
45300;1
57946;1
103470;1
17081;1
121255;1
37459;1
214239;1
23228;1
409052;1
45465;1
483;1
411452;1
39185;1
105545;1
444352;1
130808;1
28061;1
39660;1
2274;1
102387;1
18984;1
3822;1
20133;1
31031;1
239232;1
14925;1
127;1
13281;1
211399;1
410048;1
39173;1
29942;1
428950;1
8837;1
44308;1
44910;1
41268;1
405395;1
53851;1
14600;1
54052;1
411947;1
437215;1
8415;1
434573;1
443946;1
35581;1
40763;1
19748;1
2715;1
239405;1
12406;1
10912;1
20013;1
31458;1
302222;1
404287;1
403197;1
300444;1
42651;1
426110;1
138876;1
427648;1
400395;1
921;1
8344;1
134037;1
428485;1
4624;1
1295;1
31327;1
20535;1
53785;1
404269;1
34683;1
30349;1
30626;1
401994;1
104212;1
27963;1
60463;1
5429;1
14953;1
49086;1
438237;1
13380;1
238445;1
978;1
10324;1
420442;1
26680;1
423801;1
100731;1
35502;1
13881;1
103784;1
37150;1
17397;1
28650;1
424780;1
106114;1
38976;1
406181;1
3380;1
19003;1
34225;1
15439;1
33767;1
41606;1
16910;1
31949;1
25567;1
132443;1
38380;1
2380;1
413902;1
292306;1
232096;1
122307;1
239811;1
46484;1
417582;1
37903;1
238840;1
38064;1
33336;1
14262;1
409311;1
43863;1
35115;1
26289;1
32074;1
232126;1
593;1
57420;1
19114;1
417555;1
32805;1
440729;1
43073;1
413684;1
104059;1
419318;1
31216;1
428094;1
47077;1
8999;1
105872;1
31565;1
47591;1
104831;1
292098;1
239533;1
9862;1
300236;1
1733;1
404201;1
2318;1
35356;1
28143;1
42881;1
43763;1
42128;1
300529;1
38980;1
49244;1
6102;1
433147;1
409871;1
42223;1
239188;1
292003;1
41487;1
426931;1
239852;1
5816;1
400689;1
59454;1
59748;1
29721;1
26522;1
32288;1
38381;1
48878;1
1565;1
52609;1
19915;1
35800;1
21979;1
26781;1
45834;1
104817;1
38974;1
38967;1
18014;1
39975;1
2768;1
33078;1
33492;1
409459;1
9370;1
2995;1
25565;1
420537;1
39025;1
37566;1
102028;1
60266;1
39728;1
6640;1
102638;1
416483;1
39039;1
15767;1
54079;1
31585;1
19990;1
46784;1
40505;1
16890;1
6461;1
434488;1
10818;1
3129;1
444496;1
25217;1
55442;1
419798;1
29927;1
10420;1
292129;1
437403;1
27897;1
104822;1
101007;1
405221;1
36961;1
26930;1
43496;1
440557;1
38619;1
10965;1
130466;1
9894;1
417688;1
51098;1
37909;1
42210;1
20038;1
7321;1
138311;1
1149;1
104969;1
30891;1
441008;1
302019;1
26201;1
412187;1
89;1
51021;1
14088;1
46483;1
7801;1
102140;1
420583;1
41069;1
105626;1
34488;1
43463;1
24502;1
6278;1
11758;1
20493;1
43479;1
19580;1
402024;1
436735;1
104178;1
39511;1
2924;1
408853;1
104566;1
33052;1
2036;1
37284;1
31858;1
20381;1
16796;1
102125;1
215003;1
46349;1
406877;1
104207;1
21220;1
43123;1
20827;1
137379;1
123255;1
11621;1
9825;1
409981;1
26377;1
39718;1
2778;1
39856;1
432301;1
1893;1
444410;1
100771;1
103192;1
101700;1
26585;1
138566;1
15483;1
33410;1
15275;1
15931;1
414129;1
16697;1
60206;1
47732;1
31971;1
15324;1
445831;1
403709;1
36073;1
410869;1
211220;1
21389;1
31902;1
9807;1
283153;1
100937;1
11771;1
34786;1
401859;1
32000;1
23813;1
16688;1
50898;1
100249;1
50680;1
715;1
5963;1
402276;1
42949;1
25353;1
106055;1
238968;1
18584;1
421656;1
46290;1
29445;1
2858;1
47906;1
37068;1
43211;1
33997;1
130451;1
422816;1
43451;1
24102;1
438029;1
8820;1
138756;1
20582;1
15648;1
77;1
25432;1
404506;1
406789;1
49675;1
429519;1
130690;1
402643;1
123286;1
4372;1
20747;1
40920;1
4817;1
31676;1
15380;1
3254;1
38303;1
104362;1
52973;1
402979;1
21548;1
21278;1
36170;1
40993;1
8907;1
5373;1
22619;1
439252;1
28673;1
24803;1
52938;1
53613;1
300420;1
35185;1
413288;1
34950;1
30234;1
38091;1
434246;1
38578;1
6054;1
31317;1
406927;1
103347;1
300177;1
39969;1
17361;1
137447;1
239625;1
421209;1
406751;1
39493;1
15393;1
22527;1
7633;1
101850;1
11846;1
15281;1
283103;1
4651;1
27859;1
137179;1
27438;1
20796;1
413941;1
15824;1
411112;1
35661;1
27480;1
130913;1
1410;1
440733;1
50655;1
2775;1
32644;1
101438;1
34710;1
137482;1
3325;1
44586;1
400870;1
52333;1
44427;1
15147;1
103791;1
404766;1
421520;1
404724;1
32167;1
14469;1
102237;1
105468;1
52681;1
17829;1
17255;1
12962;1
214609;1
31979;1
302478;1
23012;1
55542;1
9242;1
441445;1
428224;1
31570;1
434853;1
23827;1
23120;1
39828;1
1158;1
10850;1
40049;1
550;1
38316;1
409033;1
14848;1
54900;1
10959;1
58597;1
403754;1
27552;1
238623;1
283093;1
10268;1
12794;1
400491;1
2438;1
52169;1
9195;1
22516;1
56804;1
21257;1
15291;1
12181;1
238498;1
4704;1
300451;1
45663;1
31932;1
434662;1
56523;1
101971;1
24595;1
239082;1
21822;1
26386;1
430800;1
100831;1
16298;1
50233;1
54488;1
300534;1
214184;1
2434;1
32617;1
11744;1
21363;1
400350;1
8896;1
429839;1
104180;1
16218;1
55215;1
53687;1
40629;1
47911;1
11330;1
411060;1
127559;1
50399;1
39535;1
15970;1
14792;1
23324;1
421295;1
36420;1
36511;1
415454;1
17736;1
28725;1
47013;1
300304;1
103892;1
19665;1
123061;1
23118;1
19410;1
31036;1
5498;1
4248;1
300019;1
422075;1
128118;1
37296;1
239231;1
104832;1
238888;1
28152;1
41612;1
439372;1
28558;1
5356;1
417708;1
406699;1
32675;1
2307;1
6555;1
1058;1
42656;1
14586;1
440861;1
43006;1
56616;1
228091;1
51051;1
402170;1
16968;1
38042;1
11958;1
421582;1
238384;1
52102;1
14080;1
28870;1
105418;1
31384;1
48810;1
56848;1
35159;1
8235;1
105205;1
16390;1
39267;1
41577;1
27086;1
104760;1
104079;1
19438;1
26417;1
34050;1
730;1
444189;1
34205;1
1769;1
407239;1
47038;1
1902;1
56172;1
6438;1
47248;1
102814;1
13026;1
27787;1
46470;1
414264;1
105160;1
32590;1
50461;1
21654;1
9192;1
20532;1
137726;1
38378;1
409839;1
33116;1
2106;1
403557;1
21608;1
1198;1
11088;1
17511;1
30121;1
341;1
10077;1
429247;1
51557;1
14924;1
45756;1
31379;1
16701;1
30149;1
214597;1
137340;1
105320;1
13764;1
23372;1
441766;1
32920;1
9799;1
54528;1
34880;1
132629;1
17757;1
102384;1
439295;1
32736;1
17918;1
19828;1
428565;1
3677;1
32237;1
7979;1
49673;1
238878;1
133809;1
435330;1
1723;1
14932;1
1492;1
44980;1
51917;1
11544;1
33910;1
8517;1
27557;1
31472;1
26879;1
100060;1
897;1
3113;1
104673;1
214508;1
17155;1
36980;1
32933;1
54448;1
425490;1
19187;1
15048;1
22012;1
36997;1
13643;1
412952;1
12049;1
33964;1
137701;1
24097;1
20710;1
211216;1
105975;1
7689;1
46051;1
102458;1
4469;1
43886;1
15299;1
36530;1
300006;1
44854;1
28677;1
53465;1
49330;1
32271;1
103193;1
50998;1
38388;1
9200;1
56815;1
36480;1
35022;1
440906;1
102521;1
106042;1
300054;1
103423;1
38905;1
20940;1
3313;1
8777;1
20694;1
10554;1
238574;1
14020;1
18698;1
19344;1
35490;1
239448;1
10374;1
434380;1
35525;1
283142;1
45155;1
57668;1
38177;1
400403;1
238931;1
18022;1
275;1
214822;1
60201;1
16210;1
7547;1
46761;1
45515;1
46975;1
44074;1
105438;1
441010;1
56303;1
104565;1
14237;1
5891;1
127376;1
1040;1
120075;1
39581;1
43696;1
300153;1
36509;1
27776;1
36957;1
4631;1
21433;1
6206;1
34428;1
42345;1
239748;1
15150;1
38994;1
38917;1
100412;1
32362;1
419776;1
405021;1
302133;1
404470;1
24381;1
418668;1
430312;1
33891;1
35139;1
25326;1
55430;1
431447;1
13313;1
18253;1
1795;1
214214;1
28490;1
35761;1
707;1
37645;1
57461;1
20267;1
30753;1
22696;1
101518;1
105188;1
401690;1
55683;1
100230;1
34452;1
414388;1
406737;1
21303;1
56043;1
8725;1
18723;1
437195;1
12584;1
42115;1
45689;1
16164;1
18101;1
27981;1
414039;1
283032;1
7229;1
439697;1
45022;1
440965;1
430351;1
406581;1
2604;1
31252;1
411369;1
411410;1
422353;1
20077;1
3856;1
300259;1
50562;1
41810;1
20192;1
11499;1
1652;1
17605;1
41739;1
417168;1
3241;1
300481;1
29120;1
33817;1
30802;1
889;1
30777;1
105141;1
137443;1
4855;1
33527;1
7800;1
127295;1
32804;1
11440;1
692;1
40425;1
13006;1
409081;1
35621;1
5410;1
104759;1
36577;1
59484;1
101687;1
35537;1
418959;1
55740;1
292279;1
232185;1
21135;1
3261;1
137264;1
16504;1
13085;1
404299;1
24018;1
54158;1
25516;1
8828;1
10299;1
39715;1
30033;1
16219;1
46477;1
43590;1
8877;1
36910;1
417316;1
54704;1
400677;1
6247;1
25933;1
11605;1
300024;1
415563;1
27540;1
220006;1
28370;1
28848;1
28502;1
2859;1
33967;1
34615;1
409035;1
35737;1
6777;1
3851;1
27822;1
29623;1
104854;1
239427;1
120690;1
101009;1
292299;1
45160;1
214980;1
16123;1
35158;1
30588;1
131177;1
437965;1
51762;1
47921;1
15411;1
402282;1
39151;1
57729;1
106412;1
100565;1
45464;1
439941;1
101449;1
60370;1
434577;1
54149;1
214963;1
18477;1
442371;1
298015;1
32057;1
8214;1
200;1
283040;1
42902;1
437839;1
404923;1
220039;1
6859;1
232071;1
123181;1
11349;1
27481;1
239871;1
214931;1
35628;1
32589;1
44696;1
38711;1
4822;1
406725;1
438962;1
41549;1
404472;1
79;1
30202;1
23962;1
48978;1
2629;1
32510;1
409336;1
59580;1
102385;1
26000;1
101444;1
1070;1
56901;1
26259;1
130239;1
401451;1
20779;1
29133;1
18904;1
59237;1
138522;1
100377;1
402870;1
410263;1
55690;1
30321;1
101746;1
46397;1
13828;1
407310;1
104740;1
26533;1
26643;1
424863;1
9229;1
31369;1
438176;1
434503;1
23483;1
414256;1
35320;1
15891;1
437217;1
12699;1
8417;1
23471;1
440727;1
6169;1
1093;1
403211;1
26133;1
137185;1
34380;1
43437;1
19067;1
38940;1
29895;1
35247;1
430280;1
42317;1
432120;1
15806;1
29971;1
6741;1
442688;1
415014;1
436120;1
419860;1
2637;1
123321;1
402081;1
426701;1
33032;1
5944;1
400457;1
32421;1
211275;1
14886;1
536;1
19812;1
408550;1
34354;1
53885;1
44342;1
35599;1
10896;1
106119;1
418360;1
39224;1
11233;1
422609;1
133780;1
239291;1
29007;1
42756;1
403623;1
5468;1
35634;1
300427;1
20549;1
439605;1
37878;1
411742;1
33957;1
26770;1
23000;1
402934;1
104887;1
433088;1
35532;1
4321;1
1750;1
132742;1
176;1
576;1
32999;1
28031;1
434817;1
52542;1
6373;1
60035;1
39593;1
292;1
47641;1
17573;1
41114;1
31209;1
23393;1
2204;1
403638;1
1268;1
49406;1
27343;1
36986;1
214108;1
417320;1
27596;1
52784;1
100939;1
26100;1
33873;1
8057;1
43679;1
104550;1
25574;1
444338;1
12251;1
105912;1
44157;1
8873;1
11158;1
442056;1
39158;1
22029;1
104187;1
413057;1
4452;1
214982;1
239483;1
417192;1
19073;1
36086;1
5604;1
8228;1
37526;1
300069;1
443802;1
5644;1
411262;1
220010;1
31204;1
6775;1
441315;1
105179;1
238053;1
102589;1
23241;1
5436;1
37939;1
15945;1
19626;1
43047;1
436244;1
17890;1
57028;1
37557;1
300519;1
40832;1
15177;1
49586;1
19608;1
31019;1
45859;1
31086;1
46937;1
17968;1
103393;1
28729;1
214385;1
24703;1
442216;1
410739;1
55826;1
2773;1
18246;1
44141;1
32165;1
20967;1
42414;1
228087;1
214836;1
54955;1
22840;1
8548;1
239606;1
441325;1
14747;1
34852;1
410861;1
24273;1
402123;1
35745;1
39012;1
436136;1
100859;1
127587;1
26368;1
1006;1
6084;1
13184;1
23826;1
103735;1
404388;1
214244;1
42515;1
414610;1
10385;1
58383;1
239277;1
18751;1
102945;1
122273;1
300517;1
7154;1
137170;1
37825;1
34530;1
22759;1
409835;1
16267;1
48719;1
132447;1
26606;1
414996;1
39482;1
48071;1
120403;1
16858;1
43498;1
440721;1
130552;1
11359;1
23925;1
31483;1
13344;1
435692;1
41028;1
101424;1
29554;1
28369;1
424782;1
292286;1
23710;1
302180;1
406506;1
239386;1
444205;1
421415;1
30256;1
38505;1
408286;1
238868;1
42586;1
38437;1
50429;1
45082;1
44969;1
407352;1
238264;1
55261;1
38763;1
407623;1
106905;1
41696;1
103090;1
103100;1
18487;1
42226;1
16208;1
292086;1
214720;1
42711;1
283119;1
36826;1
132689;1
3882;1
7184;1
130376;1
44172;1
6495;1
28218;1
443752;1
101103;1
38313;1
25587;1
33122;1
23636;1
234041;1
6091;1
32246;1
41405;1
13445;1
228074;1
105934;1
42125;1
48907;1
413880;1
437586;1
414584;1
54419;1
2538;1
10042;1
3890;1
39793;1
300555;1
4702;1
43424;1
49321;1
7541;1
32161;1
22503;1
104457;1
47324;1
58462;1
54926;1
426865;1
48123;1
32107;1
102085;1
524;1
34065;1
16277;1
17265;1
441968;1
405501;1
137267;1
36237;1
22932;1
24572;1
37326;1
27617;1
34784;1
28555;1
18894;1
39265;1
54212;1
32578;1
360;1
33261;1
99;1
413928;1
32522;1
5049;1
432901;1
45354;1
21917;1
214765;1
34011;1
1238;1
17631;1
239478;1
401943;1
38966;1
131043;1
418013;1
238221;1
25639;1
121188;1
8400;1
44328;1
8943;1
411152;1
434789;1
239940;1
34595;1
32250;1
300522;1
238944;1
426761;1
53095;1
35646;1
100092;1
33623;1
41603;1
5100;1
30766;1
28051;1
9334;1
53304;1
20789;1
24615;1
421600;1
9940;1
58914;1
47770;1
137453;1
413964;1
411361;1
45903;1
40643;1
31802;1
32228;1
18242;1
12389;1
44710;1
214306;1
104948;1
431190;1
402602;1
105379;1
33065;1
41422;1
12756;1
402028;1
21512;1
22390;1
408618;1
45565;1
30667;1
405783;1
33906;1
28380;1
2089;1
22957;1
21903;1
6188;1
10410;1
26292;1
43002;1
38361;1
417484;1
43929;1
24162;1
292220;1
103095;1
18544;1
32838;1
46841;1
35640;1
405654;1
430909;1
32418;1
100371;1
39541;1
430641;1
102315;1
105970;1
14328;1
292138;1
214006;1
420501;1
12424;1
23966;1
25344;1
22396;1
105199;1
52873;1
43009;1
1429;1
807;1
37844;1
54859;1
14724;1
300174;1
409728;1
414782;1
403009;1
44131;1
105233;1
53083;1
50275;1
32048;1
32657;1
412732;1
211280;1
7798;1
13850;1
133709;1
13690;1
101505;1
9142;1
436472;1
6726;1
104626;1
200086;1
105337;1
22601;1
58841;1
106352;1
420010;1
408392;1
130862;1
100225;1
26330;1
13293;1
433069;1
104801;1
8264;1
427816;1
37556;1
9083;1
59926;1
300248;1
34801;1
13846;1
36041;1
27835;1
16871;1
37845;1
25615;1
8661;1
100145;1
16925;1
16468;1
29397;1
38306;1
32595;1
238214;1
2354;1
5801;1
33372;1
18127;1
9624;1
9738;1
401740;1
54265;1
100769;1
137139;1
102294;1
239756;1
35526;1
37372;1
16451;1
1693;1
51741;1
21458;1
7613;1
27993;1
414142;1
238025;1
33283;1
54083;1
441455;1
8600;1
27017;1
1886;1
283155;1
283034;1
32774;1
426300;1
47504;1
23933;1
103472;1
36299;1
21306;1
407698;1
24140;1
18419;1
48127;1
54877;1
403235;1
20626;1
406777;1
15588;1
23279;1
26645;1
8803;1
15012;1
14112;1
106472;1
104382;1
23617;1
52325;1
1941;1
3019;1
105834;1
4335;1
430647;1
410751;1
414695;1
400037;1
102175;1
45966;1
40208;1
441030;1
17422;1
31363;1
14412;1
7739;1
239327;1
3751;1
409697;1
43958;1
37514;1
236126;1
39198;1
57473;1
41469;1
11273;1
2242;1
21191;1
14229;1
16377;1
45430;1
54569;1
13314;1
27292;1
292176;1
8976;1
7501;1
39885;1
7122;1
7235;1
18667;1
45575;1
13633;1
50670;1
121215;1
19222;1
22513;1
103504;1
411189;1
18721;1
12748;1
19254;1
428895;1
32209;1
5213;1
138754;1
8805;1
101848;1
412790;1
40180;1
5596;1
298002;1
45695;1
36694;1
20385;1
19377;1
431302;1
4262;1
40647;1
105145;1
27658;1
283170;1
17059;1
236083;1
15078;1
17752;1
426867;1
24578;1
102093;1
406124;1
15225;1
46359;1
32270;1
13805;1
43004;1
43521;1
3929;1
427349;1
39924;1
120419;1
30003;1
418139;1
42801;1
3823;1
130843;1
44718;1
11473;1
36310;1
51066;1
30119;1
36678;1
406263;1
22863;1
104123;1
28722;1
42224;1
25147;1
27909;1
27248;1
22114;1
406978;1
105821;1
31432;1
18412;1
105958;1
100353;1
12942;1
26553;1
443870;1
8902;1
417571;1
127582;1
13996;1
414396;1
102454;1
25039;1
103831;1
19389;1
22500;1
6874;1
20889;1
8919;1
409139;1
54555;1
22562;1
5547;1
39956;1
11091;1
5780;1
102135;1
101674;1
27927;1
55268;1
29066;1
422255;1
60130;1
53239;1
43330;1
32188;1
10329;1
34315;1
57691;1
422235;1
436850;1
105287;1
34704;1
29505;1
100341;1
36641;1
28050;1
21956;1
122236;1
1978;1
427818;1
1789;1
19072;1
38079;1
407690;1
26549;1
44134;1
431208;1
38511;1
35755;1
9146;1
9112;1
101016;1
38788;1
29;1
39746;1
239343;1
41443;1
22239;1
45281;1
300085;1
40564;1
100816;1
102167;1
19647;1
6146;1
100218;1
6;1
30665;1
13597;1
33904;1
33733;1
104996;1
239974;1
13851;1
19566;1
14461;1
103183;1
6628;1
434338;1
29037;1
44508;1
458;1
6896;1
47053;1
16582;1
302318;1
368;1
436417;1
101618;1
101307;1
28115;1
138519;1
419168;1
21683;1
14375;1
34838;1
45701;1
32162;1
424736;1
30171;1
238141;1
29545;1
123249;1
59694;1
105917;1
400125;1
45581;1
137680;1
438094;1
22616;1
8698;1
44511;1
39384;1
16881;1
4714;1
402758;1
103024;1
428361;1
103035;1
4732;1
401515;1
104563;1
238097;1
423787;1
8354;1
45543;1
3906;1
428830;1
50609;1
408767;1
404181;1
4137;1
31808;1
28593;1
5506;1
302488;1
24985;1
105969;1
19483;1
27569;1
283185;1
4010;1
101399;1
236090;1
416630;1
106048;1
28756;1
302089;1
42703;1
420444;1
100923;1
105389;1
428357;1
427849;1
39341;1
432747;1
28557;1
400866;1
407445;1
44903;1
239022;1
24759;1
211335;1
8680;1
22401;1
15488;1
36166;1
25439;1
138561;1
105863;1
33632;1
12217;1
59935;1
433750;1
440345;1
43017;1
31514;1
232048;1
422611;1
22083;1
420747;1
130361;1
36074;1
33718;1
402545;1
8928;1
4438;1
9234;1
16596;1
100141;1
405313;1
400901;1
4285;1
49005;1
424533;1
24719;1
127367;1
23564;1
292269;1
59062;1
103286;1
419015;1
434843;1
3315;1
45579;1
45018;1
418985;1
23145;1
238661;1
8257;1
58595;1
412082;1
407851;1
245;1
439102;1
43495;1
404072;1
58847;1
6313;1
39993;1
50097;1
1807;1
302253;1
38512;1
144;1
105756;1
105505;1
1224;1
434628;1
102148;1
4938;1
34638;1
5699;1
101241;1
40391;1
55460;1
22483;1
300487;1
8477;1
33542;1
239933;1
104170;1
54458;1
402917;1
214520;1
3763;1
37466;1
430332;1
413045;1
41856;1
58672;1
247;1
11193;1
39227;1
33898;1
238786;1
15624;1
43273;1
43731;1
429549;1
26338;1
12048;1
37163;1
438027;1
440333;1
48188;1
38924;1
34242;1
30475;1
9767;1
430505;1
239186;1
7558;1
27152;1
26822;1
16391;1
444330;1
103485;1
1526;1
104159;1
21196;1
442459;1
13780;1
3106;1
100819;1
35817;1
1531;1
22371;1
39093;1
419033;1
414395;1
127595;1
103196;1
1274;1
36460;1
404453;1
56557;1
7055;1
232225;1
106481;1
6181;1
127584;1
37424;1
15392;1
420599;1
405633;1
21127;1
27087;1
43441;1
8935;1
402037;1
430069;1
1759;1
51843;1
123323;1
941;1
431473;1
25685;1
135;1
440190;1
17191;1
283072;1
440765;1
138721;1
101801;1
101892;1
102761;1
43864;1
16928;1
427585;1
17198;1
2495;1
47470;1
211009;1
2946;1
40339;1
8410;1
1031;1
29722;1
37077;1
29810;1
53474;1
104111;1
414676;1
292096;1
5552;1
31768;1
104629;1
42351;1
302247;1
24755;1
122125;1
6069;1
28106;1
21500;1
103858;1
412750;1
9556;1
413940;1
58857;1
37714;1
105536;1
804;1
57483;1
50886;1
56827;1
132907;1
406325;1
9318;1
42850;1
53780;1
12028;1
57106;1
11347;1
100035;1
33800;1
417549;1
435316;1
46574;1
4895;1
105097;1
43503;1
36068;1
33809;1
19060;1
137396;1
53985;1
48131;1
43837;1
412390;1
339;1
102721;1
52933;1
59196;1
47014;1
101959;1
437173;1
20378;1
60013;1
19991;1
411617;1
134219;1
406095;1
49879;1
133747;1
106460;1
44052;1
19303;1
138499;1
26995;1
37517;1
11274;1
128130;1
12556;1
28940;1
35815;1
60106;1
30845;1
17870;1
20;1
39911;1
420809;1
403613;1
422060;1
13540;1
24238;1
39977;1
18520;1
406145;1
214758;1
13405;1
18313;1
105254;1
12969;1
36097;1
53501;1
16194;1
432698;1
17094;1
47148;1
18769;1
21623;1
33385;1
105543;1
26842;1
406761;1
101923;1
401461;1
8531;1
29841;1
420817;1
56315;1
100857;1
48329;1
14000;1
4876;1
31627;1
406271;1
26479;1
13191;1
38535;1
6938;1
214190;1
100888;1
37745;1
29611;1
31636;1
419045;1
46377;1
274011;1
439585;1
988;1
409911;1
46233;1
8095;1
30479;1
419628;1
27779;1
54305;1
106116;1
5768;1
34851;1
302082;1
2203;1
103826;1
10760;1
51764;1
54932;1
121023;1
48896;1
137149;1
12272;1
238255;1
407849;1
239339;1
22711;1
22885;1
55673;1
32297;1
28906;1
51259;1
426703;1
34796;1
28070;1
42078;1
302244;1
403167;1
29265;1
100322;1
10656;1
137391;1
13985;1
22785;1
17371;1
434256;1
7762;1
283075;1
402127;1
56705;1
106074;1
440813;1
440767;1
24699;1
22834;1
407530;1
10595;1
20382;1
101388;1
40746;1
409477;1
57598;1
34321;1
38383;1
36842;1
43459;1
404525;1
13794;1
45656;1
40489;1
419127;1
29280;1
37950;1
402224;1
13025;1
34131;1
433084;1
3491;1
430370;1
7331;1
45837;1
32261;1
421431;1
4802;1
42669;1
211210;1
18752;1
39179;1
36782;1
57210;1
539;1
11177;1
19996;1
278;1
105128;1
121552;1
102437;1
36249;1
2331;1
437971;1
5818;1
14926;1
18547;1
5755;1
400976;1
426804;1
26169;1
15050;1
12860;1
3020;1
24927;1
21234;1
409703;1
33293;1
434318;1
15351;1
9256;1
100773;1
15863;1
25091;1
37741;1
414217;1
22193;1
24674;1
52029;1
20986;1
46796;1
18920;1
42438;1
239516;1
4711;1
34270;1
8096;1
5255;1
35272;1
105345;1
60251;1
236136;1
10494;1
33503;1
12011;1
16432;1
38097;1
417482;1
418817;1
7617;1
418537;1
132631;1
102767;1
101418;1
60461;1
411241;1
32546;1
416165;1
25539;1
42793;1
103616;1
132902;1
1694;1
53713;1
35988;1
422577;1
6174;1
52450;1
426818;1
200053;1
10373;1
432146;1
56077;1
36721;1
432233;1
16173;1
421626;1
401691;1
428533;1
29473;1
36864;1
51827;1
18240;1
238088;1
13594;1
41445;1
27337;1
20188;1
17367;1
44488;1
441269;1
409813;1
421694;1
421911;1
432075;1
100640;1
45063;1
57958;1
420795;1
404726;1
9045;1
45311;1
11522;1
400318;1
12286;1
104992;1
7489;1
57426;1
444894;1
428180;1
24318;1
8992;1
402543;1
16062;1
49274;1
4931;1
5687;1
36278;1
1049;1
12273;1
100959;1
40113;1
27929;1
36431;1
102677;1
23690;1
33813;1
414019;1
34392;1
421576;1
36164;1
27528;1
239422;1
56779;1
21415;1
122105;1
5649;1
18763;1
239908;1
444129;1
11085;1
54269;1
12877;1
412926;1
40520;1
138956;1
45117;1
27759;1
31680;1
239771;1
2220;1
12533;1
1959;1
48708;1
2829;1
7255;1
292007;1
28952;1
16842;1
14250;1
31672;1
19643;1
25637;1
1546;1
409285;1
39611;1
1816;1
302373;1
57122;1
434841;1
44305;1
27829;1
45983;1
27917;1
6817;1
36533;1
41304;1
408863;1
444271;1
26605;1
51768;1
37013;1
40934;1
47289;1
439923;1
32825;1
12936;1
106035;1
106406;1
105264;1
56511;1
40679;1
422725;1
42488;1
43640;1
37811;1
403105;1
26007;1
292065;1
3404;1
60061;1
13166;1
25938;1
12249;1
14238;1
13623;1
36205;1
4358;1
8051;1
34286;1
9066;1
100555;1
214740;1
40610;1
214419;1
43899;1
104869;1
21534;1
418553;1
56292;1
28199;1
23758;1
43792;1
41506;1
408154;1
27794;1
7120;1
20422;1
56535;1
2965;1
407923;1
22755;1
15261;1
48501;1
5573;1
419764;1
132705;1
47166;1
13841;1
441319;1
56428;1
4900;1
53270;1
53728;1
422237;1
10866;1
10287;1
302381;1
104260;1
54490;1
41276;1
10987;1
32319;1
402649;1
104419;1
35500;1
58570;1
42437;1
24160;1
10161;1
211308;1
2281;1
31012;1
12184;1
37482;1
15834;1
15487;1
4149;1
439254;1
405422;1
3525;1
56469;1
105304;1
18550;1
5394;1
2804;1
22427;1
13565;1
32707;1
34472;1
400445;1
424778;1
406958;1
7278;1
407080;1
22274;1
15361;1
105406;1
417233;1
48514;1
1808;1
1120;1
20562;1
405499;1
26043;1
13602;1
101242;1
27317;1
402154;1
21149;1
50313;1
422341;1
37723;1
436413;1
20089;1
20257;1
421383;1
403601;1
14814;1
24448;1
30983;1
214622;1
11641;1
412084;1
122036;1
414428;1
36159;1
22333;1
37733;1
37436;1
45278;1
45037;1
18084;1
44895;1
13745;1
37975;1
41451;1
14101;1
6434;1
34211;1
106011;1
104631;1
180;1
2193;1
34546;1
7508;1
41683;1
138514;1
34171;1
55061;1
411517;1
12805;1
58902;1
302090;1
1571;1
102257;1
238416;1
505;1
302015;1
34579;1
32682;1
425459;1
105169;1
59299;1
9430;1
30778;1
440703;1
105310;1
30266;1
27068;1
26787;1
414199;1
9684;1
57430;1
411589;1
37073;1
404136;1
25272;1
46047;1
23844;1
406135;1
5494;1
12302;1
408417;1
22941;1
1077;1
236003;1
21378;1
21276;1
24906;1
45123;1
23381;1
211129;1
17476;1
419842;1
45051;1
27224;1
408657;1
34302;1
403145;1
400949;1
11067;1
17800;1
405920;1
8565;1
422323;1
39365;1
2854;1
38761;1
130510;1
32814;1
55165;1
414633;1
36661;1
50793;1
300014;1
438084;1
9042;1
400637;1
43036;1
11020;1
42319;1
52048;1
38697;1
122966;1
14369;1
38078;1
404322;1
9055;1
45445;1
30789;1
414006;1
106399;1
28884;1
410079;1
47273;1
49425;1
40116;1
238518;1
25152;1
43444;1
16100;1
4796;1
35305;1
130614;1
432134;1
42685;1
408032;1
236036;1
51546;1
234020;1
42888;1
410858;1
35302;1
32515;1
43778;1
39741;1
103238;1
14859;1
42649;1
55900;1
7768;1
20323;1
20463;1
35308;1
104950;1
236027;1
15101;1
402598;1
13909;1
5057;1
41305;1
29042;1
57154;1
105255;1
52504;1
402888;1
25266;1
53272;1
57936;1
239368;1
49857;1
3961;1
39297;1
130729;1
40254;1
45470;1
9266;1
103500;1
24084;1
15233;1
32573;1
54969;1
6012;1
46707;1
2830;1
440029;1
409748;1
214841;1
3215;1
239480;1
405002;1
47893;1
214986;1
12356;1
53201;1
34384;1
239522;1
5767;1
104753;1
424867;1
2750;1
41130;1
27473;1
42682;1
754;1
19078;1
434709;1
100871;1
29048;1
34594;1
41906;1
445202;1
7705;1
423280;1
14805;1
427812;1
400871;1
419434;1
214451;1
41082;1
2476;1
8633;1
60162;1
37628;1
413392;1
20919;1
58305;1
31836;1
436200;1
133854;1
27989;1
42675;1
20397;1
41206;1
214440;1
427171;1
130364;1
102884;1
12460;1
41058;1
29568;1
409645;1
14790;1
37;1
30164;1
7306;1
422965;1
42160;1
425867;1
46085;1
2935;1
39307;1
29253;1
436458;1
43242;1
408627;1
9088;1
55909;1
26543;1
38290;1
57522;1
104880;1
45757;1
23203;1
4698;1
60083;1
22641;1
104077;1
40036;1
31936;1
48167;1
2558;1
211155;1
6444;1
58367;1
104050;1
428256;1
17566;1
28334;1
403650;1
432702;1
403379;1
48897;1
52814;1
59756;1
45509;1
10960;1
200014;1
41846;1
9778;1
33067;1
53717;1
5489;1
130769;1
60212;1
400169;1
105222;1
57789;1
101908;1
33714;1
436960;1
17127;1
103598;1
27582;1
25675;1
421907;1
60258;1
18267;1
440433;1
55074;1
8597;1
21643;1
42777;1
40019;1
48062;1
26049;1
52667;1
104097;1
7149;1
137350;1
45289;1
29198;1
22121;1
25748;1
46524;1
43067;1
15153;1
34751;1
1478;1
104407;1
426258;1
104764;1
5550;1
405574;1
867;1
190;1
39473;1
122135;1
6598;1
13424;1
6507;1
33699;1
300040;1
670;1
51585;1
40654;1
5882;1
10614;1
239801;1
130742;1
25976;1
42023;1
41168;1
123243;1
52963;1
434539;1
101299;1
409573;1
50017;1
57566;1
238683;1
51286;1
130905;1
42704;1
123232;1
41479;1
2523;1
415932;1
100820;1
9440;1
44450;1
30191;1
45306;1
10538;1
441812;1
8888;1
18788;1
23567;1
127730;1
101249;1
57348;1
413365;1
48102;1
35348;1
22205;1
17294;1
3770;1
44444;1
21576;1
214737;1
14545;1
236041;1
1501;1
17613;1
58077;1
420519;1
102351;1
106375;1
27968;1
414399;1
52220;1
37309;1
2071;1
1464;1
424877;1
232067;1
37140;1
58159;1
32941;1
17688;1
104790;1
8703;1
44507;1
41835;1
49513;1
10436;1
414655;1
54303;1
40571;1
43034;1
26303;1
417744;1
31326;1
50446;1
13970;1
419172;1
47450;1
432697;1
12117;1
105718;1
422309;1
54104;1
422032;1
28890;1
18173;1
102086;1
102834;1
17336;1
30969;1
35630;1
435688;1
103890;1
24280;1
238342;1
40167;1
239899;1
59458;1
16728;1
12016;1
137115;1
43283;1
434701;1
432138;1
20958;1
23975;1
3338;1
35468;1
2011;1
239120;1
39003;1
428172;1
433708;1
10047;1
214043;1
52357;1
27593;1
43409;1
20949;1
54950;1
5988;1
105573;1
29787;1
36611;1
34275;1
33462;1
12572;1
404330;1
444334;1
102096;1
25282;1
5095;1
300171;1
59322;1
23092;1
121295;1
24361;1
16196;1
120024;1
32712;1
121174;1
28240;1
47553;1
105302;1
28573;1
28316;1
410054;1
15683;1
238679;1
1081;1
102470;1
26621;1
402741;1
19249;1
101092;1
406767;1
120727;1
39305;1
21223;1
13951;1
130993;1
13339;1
101810;1
46818;1
42064;1
401247;1
50011;1
14084;1
33638;1
34048;1
22655;1
440134;1
22653;1
6666;1
404673;1
15983;1
34102;1
21573;1
41875;1
15036;1
430665;1
6427;1
57186;1
53055;1
404456;1
19959;1
31312;1
414975;1
31764;1
46692;1
22451;1
7632;1
428379;1
20403;1
32978;1
28105;1
12378;1
31663;1
283191;1
292154;1
104661;1
59149;1
37721;1
120674;1
238571;1
28327;1
130932;1
51601;1
39108;1
423964;1
5972;1
55002;1
214655;1
103057;1
5563;1
238397;1
429155;1
32067;1
102329;1
46871;1
100217;1
36091;1
2838;1
418465;1
417714;1
30426;1
13952;1
39515;1
101446;1
39773;1
56485;1
102344;1
1794;1
37658;1
130761;1
31498;1
435067;1
238925;1
102824;1
42987;1
8411;1
16189;1
36089;1
24274;1
59807;1
405072;1
58548;1
2898;1
31804;1
3661;1
238950;1
132638;1
44832;1
407817;1
105667;1
46271;1
36725;1
31494;1
418585;1
300017;1
105046;1
7382;1
45951;1
12815;1
59641;1
407433;1
433705;1
429930;1
39604;1
23341;1
12514;1
27345;1
24083;1
408290;1
33177;1
46439;1
49353;1
26897;1
128127;1
40195;1
214297;1
46659;1
20346;1
401507;1
406887;1
41998;1
43025;1
37588;1
30928;1
1350;1
419089;1
39134;1
10418;1
105578;1
24262;1
48979;1
4422;1
2964;1
8017;1
30363;1
17860;1
50495;1
28420;1
45309;1
128109;1
57463;1
44262;1
105529;1
102732;1
105817;1
18302;1
35953;1
1797;1
432608;1
44855;1
413871;1
404462;1
5861;1
438860;1
441389;1
40405;1
101640;1
40253;1
437809;1
405678;1
138397;1
405826;1
132722;1
419992;1
13373;1
406345;1
16327;1
26403;1
300409;1
15760;1
44843;1
122318;1
22507;1
138487;1
4431;1
239271;1
5901;1
875;1
7851;1
424795;1
10178;1
58985;1
36584;1
7653;1
11123;1
421433;1
6543;1
429880;1
1322;1
33377;1
32726;1
1761;1
120025;1
404768;1
54199;1
102691;1
435326;1
19422;1
37715;1
12776;1
41034;1
15649;1
6170;1
30848;1
2122;1
12701;1
43117;1
252015;1
4195;1
30712;1
11917;1
3114;1
419103;1
104524;1
22303;1
24530;1
17291;1
445773;1
3049;1
105475;1
104672;1
138799;1
101021;1
239440;1
41652;1
8875;1
127298;1
19872;1
22199;1
31346;1
29581;1
9997;1
413978;1
22512;1
130937;1
127370;1
402786;1
52286;1
18386;1
27895;1
48104;1
236163;1
16669;1
404440;1
17920;1
2004;1
11603;1
22002;1
14;1
300332;1
5010;1
403772;1
130600;1
37261;1
38660;1
408076;1
14427;1
401656;1
429636;1
8409;1
20300;1
427165;1
411518;1
25045;1
17024;1
436585;1
132633;1
17828;1
292054;1
102359;1
104398;1
102797;1
6357;1
411679;1
56143;1
32198;1
102801;1
29381;1
28796;1
16385;1
20312;1
14697;1
417170;1
11990;1
401188;1
15368;1
8791;1
4983;1
41517;1
47811;1
15018;1
57924;1
33107;1
10936;1
412970;1
14276;1
24295;1
421737;1
43466;1
419005;1
33070;1
418388;1
9843;1
7952;1
102675;1
44369;1
4851;1
33366;1
426573;1
238;1
55245;1
20725;1
38341;1
30975;1
406208;1
14835;1
238012;1
430804;1
22357;1
46447;1
414021;1
43648;1
2596;1
411044;1
42522;1
13947;1
40187;1
16248;1
28602;1
408645;1
20222;1
105509;1
10507;1
22230;1
5980;1
48110;1
21792;1
439421;1
102438;1
434601;1
58079;1
443156;1
46328;1
10376;1
49591;1
24469;1
43527;1
19805;1
59590;1
39903;1
34693;1
30874;1
302170;1
403691;1
40547;1
25678;1
100399;1
616;1
274037;1
45271;1
29416;1
27954;1
430794;1
31810;1
53085;1
46163;1
34001;1
14645;1
24586;1
25803;1
30201;1
20070;1
19653;1
104418;1
420571;1
404759;1
434597;1
239512;1
31746;1
410753;1
130758;1
422886;1
29115;1
100370;1
35583;1
24454;1
9737;1
300067;1
122062;1
418684;1
239962;1
13702;1
120626;1
13548;1
103882;1
48877;1
51579;1
105401;1
214071;1
424784;1
41786;1
16256;1
41434;1
47170;1
238638;1
38007;1
101024;1
137245;1
18289;1
1731;1
100943;1
436168;1
102055;1
104612;1
25407;1
101095;1
47372;1
15726;1
7029;1
404828;1
3938;1
2359;1
59777;1
442066;1
31066;1
48107;1
123328;1
413918;1
105335;1
27094;1
27806;1
24106;1
7190;1
38755;1
36808;1
102782;1
46708;1
51;1
137684;1
101205;1
103646;1
404297;1
21246;1
28839;1
32076;1
50749;1
45719;1
15371;1
101911;1
37497;1
47600;1
42130;1
55068;1
53356;1
17079;1
16751;1
32921;1
29270;1
431712;1
5419;1
51821;1
43979;1
11935;1
101792;1
103782;1
440176;1
429698;1
443726;1
28736;1
445310;1
31425;1
9269;1
211482;1
12588;1
19796;1
433537;1
6999;1
413003;1
42744;1
414008;1
33306;1
52758;1
132694;1
16877;1
40893;1
440489;1
24691;1
39990;1
24766;1
14232;1
36198;1
103619;1
214543;1
444368;1
1644;1
30906;1
408674;1
42394;1
105094;1
408009;1
8684;1
26535;1
17755;1
403434;1
407921;1
22589;1
428144;1
20262;1
45833;1
18646;1
133847;1
24729;1
3078;1
412526;1
49129;1
102845;1
300297;1
105878;1
3732;1
60308;1
2891;1
5349;1
344;1
441578;1
46620;1
35915;1
34600;1
22350;1
17671;1
401006;1
45368;1
429557;1
18484;1
439269;1
11632;1
1279;1
2528;1
436747;1
300258;1
31509;1
58787;1
32123;1
100840;1
101378;1
22461;1
433754;1
10916;1
57042;1
3635;1
407982;1
55736;1
411770;1
25445;1
25740;1
29183;1
437165;1
24145;1
41377;1
14470;1
423935;1
40628;1
43895;1
31205;1
13620;1
43777;1
23380;1
239757;1
441764;1
29444;1
120312;1
133731;1
436182;1
29369;1
34985;1
439416;1
4140;1
295043;1
43090;1
24354;1
48091;1
30648;1
57487;1
17354;1
17350;1
425827;1
214095;1
97;1
100079;1
122279;1
103682;1
32574;1
430747;1
39761;1
49372;1
239702;1
239791;1
12832;1
105784;1
3998;1
23061;1
13911;1
214712;1
49356;1
444267;1
130955;1
127562;1
21501;1
45073;1
47465;1
8547;1
420140;1
103635;1
47884;1
35458;1
20281;1
35031;1
9230;1
44340;1
95;1
302236;1
43052;1
30393;1
11871;1
1250;1
172;1
239466;1
239265;1
26059;1
23606;1
101487;1
404234;1
42071;1
104732;1
428268;1
44031;1
23470;1
47252;1
51808;1
440571;1
292197;1
239624;1
27732;1
300183;1
420745;1
35106;1
100944;1
416288;1
433458;1
41215;1
26365;1
5680;1
52441;1
138572;1
37973;1
1681;1
31092;1
27019;1
43844;1
103376;1
130778;1
15750;1
11676;1
409897;1
22598;1
19666;1
406405;1
469;1
10404;1
408857;1
35205;1
10570;1
15330;1
8490;1
46568;1
26293;1
16284;1
43139;1
43506;1
232198;1
48404;1
33990;1
45380;1
13328;1
14010;1
42954;1
27105;1
102507;1
53706;1
16092;1
35805;1
2916;1
283178;1
30643;1
127570;1
15160;1
414334;1
53418;1
239434;1
32518;1
30019;1
27210;1
16160;1
20152;1
415045;1
438300;1
9939;1
9181;1
41099;1
19435;1
270;1
33570;1
408138;1
48337;1
43505;1
14070;1
40360;1
100900;1
102487;1
37968;1
21871;1
418406;1
13321;1
45498;1
20956;1
48345;1
5118;1
48894;1
48585;1
34054;1
43240;1
17453;1
9873;1
55412;1
405788;1
421821;1
39437;1
35765;1
23775;1
283018;1
214680;1
410264;1
50217;1
50231;1
13521;1
422085;1
44503;1
105081;1
19926;1
17346;1
60295;1
22283;1
417328;1
30580;1
1944;1
411108;1
29591;1
401750;1
25138;1
404994;1
214674;1
58628;1
404318;1
20019;1
433126;1
404689;1
400986;1
54323;1
103018;1
16869;1
36899;1
130854;1
101380;1
440867;1
404014;1
27030;1
105063;1
32508;1
39295;1
403919;1
12868;1
434426;1
211144;1
59764;1
127575;1
29934;1
3306;1
30709;1
302451;1
214384;1
10868;1
122017;1
402790;1
33254;1
17145;1
130899;1
238357;1
34815;1
31;1
415053;1
45268;1
433738;1
137423;1
43789;1
8937;1
412822;1
436604;1
403756;1
403471;1
21996;1
439010;1
21241;1
23037;1
100948;1
58186;1
283167;1
15309;1
58363;1
438037;1
17042;1
53911;1
22211;1
211093;1
292116;1
420078;1
44760;1
40037;1
44439;1
16057;1
105412;1
1178;1
10697;1
421775;1
407143;1
29460;1
402815;1
43604;1
57930;1
412191;1
50215;1
407753;1
41014;1
39337;1
28196;1
238612;1
239103;1
1937;1
31972;1
11747;1
137393;1
414543;1
401205;1
55100;1
239599;1
7961;1
434376;1
47207;1
42570;1
16139;1
34576;1
5189;1
300253;1
44715;1
408471;1
302304;1
252018;1
127729;1
15832;1
408513;1
214696;1
425496;1
417235;1
405046;1
8232;1
211145;1
10862;1
38325;1
214954;1
406417;1
436922;1
424978;1
58125;1
413013;1
411334;1
211286;1
238491;1
2138;1
292188;1
4730;1
38409;1
402030;1
436889;1
10062;1
403642;1
2473;1
1834;1
8653;1
438256;1
214995;1
101822;1
39699;1
239698;1
47192;1
236187;1
51160;1
214573;1
120678;1
42470;1
105508;1
28815;1
23250;1
127287;1
4879;1
40229;1
127565;1
439204;1
404162;1
418997;1
120044;1
8330;1
44831;1
12938;1
57070;1
283158;1
17203;1
300123;1
44124;1
32529;1
22698;1
105548;1
39706;1
5960;1
3347;1
423548;1
403410;1
23868;1
434334;1
300316;1
401129;1
6045;1
302142;1
39589;1
283089;1
5483;1
422727;1
420838;1
105779;1
214770;1
401764;1
54180;1
5022;1
100042;1
214320;1
38399;1
101560;1
415228;1
101881;1
18759;1
25931;1
103764;1
39430;1
37354;1
422377;1
411439;1
214022;1
3967;1
401693;1
103746;1
428954;1
239595;1
122294;1
105982;1
46956;1
34437;1
43204;1
105373;1
23790;1
400585;1
409784;1
44324;1
41726;1
24631;1
228099;1
11421;1
411464;1
36167;1
26941;1
417237;1
19220;1
105533;1
34066;1
31671;1
19480;1
35218;1
408904;1
17231;1
19549;1
48620;1
2021;1
19906;1
32416;1
6587;1
274042;1
5987;1
34273;1
428619;1
6342;1
52611;1
102122;1
438839;1
100880;1
41611;1
5094;1
103969;1
414372;1
21300;1
15321;1
5880;1
433194;1
5397;1
53293;1
9666;1
8371;1
15308;1
102450;1
13901;1
4980;1
9762;1
57306;1
104788;1
45460;1
17527;1
24708;1
12261;1
43529;1
11539;1
416121;1
45505;1
33082;1
32990;1
236008;1
404941;1
101175;1
252021;1
19934;1
8868;1
101462;1
51560;1
100578;1
18005;1
125;1
32448;1
43;1
51257;1
14644;1
431147;1
18222;1
25825;1
5948;1
5620;1
44105;1
13812;1
16289;1
14076;1
3619;1
41384;1
55577;1
40642;1
102361;1
419994;1
131062;1
22955;1
104082;1
19660;1
238426;1
22135;1
302415;1
101695;1
45759;1
401504;1
3712;1
21047;1
11554;1
55904;1
40632;1
5127;1
433267;1
402121;1
39431;1
102127;1
42602;1
21190;1
48902;1
36228;1
420961;1
18666;1
437957;1
418702;1
2068;1
21675;1
47220;1
27531;1
441740;1
18168;1
105916;1
16670;1
29259;1
7027;1
200088;1
404142;1
408567;1
302038;1
12388;1
363;1
5338;1
236188;1
434403;1
439565;1
31116;1
10169;1
44700;1
433960;1
401195;1
8620;1
29039;1
45153;1
38440;1
214790;1
21655;1
52113;1
400711;1
56426;1
58825;1
410983;1
43403;1
7652;1
21795;1
51058;1
14432;1
25465;1
403163;1
42936;1
22839;1
12531;1
10317;1
409760;1
1212;1
102386;1
408970;1
41124;1
407044;1
27898;1
103987;1
7921;1
52371;1
21859;1
22481;1
239160;1
33911;1
416119;1
56766;1
239208;1
39232;1
45520;1
6687;1
410587;1
18259;1
58865;1
53833;1
34487;1
400067;1
302011;1
13781;1
29162;1
405286;1
22280;1
23738;1
100996;1
102741;1
444611;1
405;1
20486;1
49185;1
45637;1
25890;1
253006;1
6409;1
34925;1
35216;1
44143;1
411282;1
37982;1
16181;1
302136;1
4794;1
26504;1
238177;1
431335;1
404716;1
430693;1
10764;1
45039;1
428644;1
411562;1
12620;1
46468;1
44407;1
45317;1
44402;1
46852;1
19182;1
57100;1
10938;1
15694;1
101921;1
57150;1
405441;1
214802;1
428822;1
238324;1
122109;1
6207;1
60027;1
33298;1
16761;1
426013;1
300544;1
15067;1
55163;1
13662;1
102971;1
25277;1
6941;1
19904;1
444792;1
49546;1
32571;1
16329;1
36739;1
52280;1
53069;1
426581;1
28624;1
412086;1
238916;1
40166;1
8949;1
22829;1
415312;1
101217;1
104158;1
52996;1
30914;1
10527;1
103714;1
52445;1
37050;1
3898;1
238967;1
29268;1
287;1
435048;1
200016;1
12355;1
44809;1
31459;1
16850;1
8960;1
1716;1
38251;1
17589;1
422581;1
7679;1
25619;1
30688;1
23034;1
3531;1
29589;1
414666;1
39558;1
8736;1
572;1
57976;1
59811;1
41626;1
3333;1
403887;1
51074;1
37925;1
6728;1
22843;1
13096;1
30589;1
13809;1
44203;1
12586;1
34855;1
12183;1
49326;1
431471;1
274005;1
417846;1
38458;1
435179;1
214656;1
422915;1
37718;1
238093;1
3281;1
4868;1
885;1
433066;1
48876;1
18634;1
15454;1
5810;1
415023;1
410904;1
30779;1
29201;1
46612;1
47872;1
5514;1
13199;1
51393;1
102545;1
106422;1
56736;1
214579;1
6713;1
302291;1
56593;1
32204;1
31338;1
24124;1
4690;1
660;1
53195;1
19125;1
100685;1
238615;1
3515;1
3516;1
19176;1
2362;1
292235;1
33974;1
1204;1
8538;1
437936;1
419181;1
44924;1
20974;1
438965;1
46785;1
25348;1
43769;1
440033;1
9003;1
30565;1
134305;1
103602;1
238300;1
400336;1
36783;1
105913;1
60246;1
46165;1
41976;1
468;1
18639;1
432797;1
437875;1
26926;1
102001;1
12422;1
58829;1
24529;1
24914;1
32025;1
234039;1
414656;1
27944;1
404285;1
3776;1
431582;1
8361;1
101606;1
46118;1
400455;1
50876;1
11962;1
4594;1
104096;1
445140;1
15798;1
18316;1
103404;1
402;1
11732;1
33361;1
21945;1
413969;1
102779;1
21182;1
200071;1
44268;1
2104;1
443958;1
439238;1
6992;1
283024;1
31773;1
133727;1
57701;1
11966;1
17777;1
40875;1
408578;1
401308;1
433693;1
41310;1
27709;1
103802;1
10528;1
19559;1
23783;1
6832;1
402555;1
56117;1
19163;1
41155;1
408861;1
42555;1
22510;1
23588;1
138497;1
35162;1
19894;1
429630;1
105371;1
443188;1
403729;1
123058;1
54097;1
952;1
29950;1
43917;1
7266;1
23127;1
3647;1
39979;1
10335;1
29911;1
28034;1
238064;1
12238;1
10739;1
19843;1
283132;1
59742;1
418941;1
19949;1
59937;1
417206;1
416619;1
406994;1
14016;1
300203;1
129;1
28895;1
20009;1
6742;1
103457;1
239659;1
14293;1
24692;1
100269;1
33593;1
38356;1
31089;1
18658;1
18637;1
10877;1
21084;1
37221;1
29550;1
34996;1
407666;1
330;1
33662;1
27661;1
103073;1
404284;1
57944;1
19017;1
239046;1
103639;1
18660;1
295021;1
31715;1
19777;1
441978;1
28153;1
404585;1
4605;1
10780;1
46490;1
49063;1
45115;1
20210;1
23090;1
14146;1
103908;1
16085;1
6804;1
238168;1
4941;1
37511;1
21698;1
103240;1
300064;1
1390;1
138824;1
19973;1
6535;1
236092;1
60278;1
212;1
1796;1
42442;1
13051;1
439997;1
14360;1
46755;1
43053;1
7337;1
30715;1
6104;1
105841;1
417186;1
401758;1
57621;1
101152;1
48509;1
40075;1
42457;1
101706;1
15348;1
102991;1
12956;1
54236;1
5815;1
1423;1
104142;1
694;1
213;1
238290;1
214456;1
420631;1
15319;1
11803;1
436114;1
38449;1
402844;1
211077;1
11680;1
403507;1
22599;1
18684;1
55907;1
32230;1
25869;1
19347;1
25763;1
105530;1
104415;1
103356;1
105349;1
1139;1
23786;1
103172;1
102352;1
43550;1
50424;1
302031;1
16058;1
438253;1
402673;1
419636;1
401913;1
105642;1
103093;1
421;1
27698;1
50076;1
17816;1
47201;1
406521;1
18241;1
400399;1
102031;1
46278;1
38532;1
28421;1
4184;1
102689;1
122969;1
33541;1
239827;1
8667;1
12926;1
10201;1
11301;1
19836;1
1284;1
19562;1
2922;1
54999;1
57441;1
402035;1
412874;1
42589;1
26014;1
25289;1
408640;1
56563;1
58336;1
18352;1
25387;1
443146;1
56319;1
29172;1
40599;1
13928;1
20636;1
48177;1
300457;1
102509;1
2686;1
1833;1
35351;1
2025;1
26272;1
100481;1
409467;1
406988;1
36248;1
405215;1
5969;1
27489;1
137319;1
404166;1
23465;1
238561;1
6154;1
43788;1
43474;1
407967;1
47120;1
200048;1
101506;1
49320;1
121371;1
32519;1
56301;1
444988;1
27719;1
19963;1
427301;1
104195;1
54779;1
25108;1
58718;1
25372;1
302153;1
401286;1
34708;1
433975;1
411621;1
48348;1
104644;1
101269;1
40983;1
51528;1
21840;1
30951;1
214584;1
43660;1
36749;1
39317;1
416059;1
400252;1
102131;1
36785;1
252067;1
30397;1
47243;1
21487;1
20616;1
101907;1
420595;1
28695;1
101026;1
302027;1
55902;1
46055;1
238587;1
432949;1
239672;1
44456;1
41189;1
24317;1
35398;1
300196;1
59151;1
402172;1
43961;1
50002;1
214135;1
41954;1
8086;1
1664;1
104635;1
27911;1
34555;1
100742;1
120725;1
230001;1
239988;1
101457;1
239408;1
13458;1
406386;1
12130;1
402038;1
28888;1
33725;1
57670;1
105633;1
100935;1
37324;1
22281;1
434266;1
44534;1
440341;1
16214;1
133764;1
138816;1
29858;1
8498;1
10348;1
2159;1
8195;1
433122;1
1679;1
445959;1
977;1
15100;1
101484;1
26319;1
26957;1
58797;1
45548;1
401125;1
36432;1
12790;1
34858;1
103625;1
10119;1
20072;1
26090;1
23307;1
402031;1
30520;1
138812;1
44256;1
1836;1
417557;1
103353;1
3918;1
13580;1
22623;1
10428;1
28896;1
423082;1
30764;1
26534;1
130632;1
56053;1
402063;1
7465;1
105464;1
438749;1
34061;1
27267;1
413183;1
36362;1
34307;1
22415;1
42579;1
59307;1
5180;1
16186;1
120653;1
3674;1
292104;1
103994;1
412902;1
402729;1
4309;1
105854;1
8744;1
53136;1
23914;1
17663;1
300058;1
405119;1
412113;1
31081;1
283052;1
103040;1
7681;1
409719;1
43155;1
14823;1
38708;1
6532;1
5634;1
239847;1
417734;1
17935;1
12237;1
8070;1
238355;1
21680;1
36816;1
50976;1
437397;1
23392;1
26831;1
43165;1
3111;1
58389;1
102482;1
7878;1
8068;1
1337;1
432063;1
42539;1
440005;1
3132;1
38903;1
283092;1
19488;1
400817;1
429714;1
30032;1
443184;1
10929;1
9405;1
106342;1
23183;1
45839;1
34188;1
16148;1
33332;1
408102;1
214523;1
40293;1
19428;1
5746;1
32684;1
39171;1
43981;1
422493;1
19431;1
410153;1
239815;1
7534;1
121015;1
26434;1
647;1
402969;1
29564;1
6468;1
41757;1
36848;1
407990;1
22739;1
14611;1
105043;1
103898;1
26744;1
214170;1
437191;1
17562;1
431631;1
7185;1
238592;1
9963;1
30482;1
105686;1
19501;1
239207;1
214574;1
426835;1
14841;1
3592;1
40583;1
34765;1
411598;1
10512;1
50282;1
100274;1
57687;1
15096;1
6476;1
58163;1
300548;1
46249;1
17321;1
56807;1
40729;1
406199;1
24782;1
31148;1
412986;1
13015;1
27291;1
20219;1
20419;1
137241;1
17725;1
103669;1
11226;1
441303;1
302013;1
21802;1
105243;1
436172;1
106456;1
416642;1
14259;1
239076;1
429876;1
39577;1
33431;1
102516;1
40517;1
56760;1
59890;1
31245;1
11891;1
414261;1
105500;1
37816;1
429718;1
100098;1
58087;1
38698;1
34557;1
8844;1
239108;1
42033;1
300430;1
42504;1
43716;1
11916;1
12020;1
6333;1
27410;1
39182;1
9384;1
34540;1
14026;1
41393;1
214849;1
19175;1
239423;1
6032;1
42648;1
37644;1
411625;1
29395;1
127285;1
50911;1
4266;1
41021;1
239043;1
36105;1
15266;1
236069;1
21379;1
298012;1
104767;1
25596;1
27207;1
427660;1
35123;1
31993;1
239056;1
51178;1
3341;1
105826;1
6981;1
3864;1
39243;1
22092;1
195;1
15152;1
406132;1
9828;1
30841;1
40532;1
11716;1
4890;1
50484;1
23570;1
13738;1
57952;1
34098;1
434981;1
413875;1
32050;1
12441;1
22697;1
38271;1
283150;1
101496;1
7531;1
15882;1
298046;1
46514;1
101804;1
14145;1
402781;1
49059;1
15701;1
1356;1
239602;1
5203;1
44592;1
1099;1
59374;1
36471;1
52196;1
22994;1
45104;1
33464;1
44798;1
137250;1
45572;1
214702;1
49526;1
214842;1
31402;1
53518;1
427826;1
239537;1
795;1
19984;1
16606;1
1135;1
441720;1
50407;1
432051;1
25082;1
34197;1
56575;1
33046;1
440751;1
214990;1
3480;1
59328;1
49712;1
41590;1
101625;1
408643;1
38076;1
418199;1
28338;1
138723;1
19905;1
406318;1
103510;1
402869;1
2996;1
39318;1
26082;1
10613;1
32391;1
12301;1
122226;1
48036;1
27342;1
21637;1
23739;1
29053;1
424724;1
29902;1
420607;1
28514;1
26016;1
436727;1
46509;1
48466;1
4848;1
414125;1
8343;1
103257;1
414024;1
18239;1
6319;1
45284;1
35430;1
423561;1
23025;1
138717;1
232200;1
31344;1
436519;1
103605;1
54134;1
11305;1
133916;1
11277;1
409050;1
300449;1
103309;1
19321;1
12714;1
9601;1
104932;1
42653;1
28113;1
4568;1
7846;1
5148;1
33480;1
25068;1
104590;1
24509;1
7497;1
38836;1
46456;1
2263;1
19993;1
51200;1
39277;1
19252;1
106389;1
45661;1
411599;1
403378;1
27238;1
11528;1
133788;1
30340;1
25749;1
443411;1
28495;1
7260;1
12134;1
40819;1
11300;1
15044;1
130576;1
424146;1
24413;1
414351;1
413232;1
434971;1
17728;1
48317;1
47466;1
45947;1
27075;1
239650;1
239052;1
33378;1
102836;1
11721;1
7892;1
37194;1
37772;1
137688;1
31372;1
28630;1
22539;1
425137;1
15956;1
31704;1
27802;1
19816;1
418400;1
51614;1
5629;1
405403;1
302501;1
418551;1
3368;1
104406;1
30550;1
52361;1
211170;1
430613;1
52893;1
415108;1
300256;1
101951;1
54054;1
106432;1
302044;1
2460;1
103022;1
19107;1
239145;1
42423;1
38787;1
20243;1
24290;1
22177;1
5930;1
2407;1
22007;1
7837;1
8331;1
6650;1
30661;1
12934;1
54826;1
2595;1
2846;1
418981;1
44829;1
12119;1
54918;1
404579;1
34053;1
120320;1
102429;1
41471;1
283138;1
104578;1
25844;1
127656;1
411775;1
36114;1
411270;1
7334;1
420701;1
32756;1
36789;1
36438;1
423446;1
9271;1
411634;1
445805;1
426298;1
420992;1
6276;1
39892;1
28777;1
19950;1
2783;1
43845;1
104745;1
6819;1
40585;1
211105;1
48723;1
120100;1
408840;1
21419;1
104025;1
24217;1
35690;1
410028;1
20800;1
7873;1
7781;1
45804;1
25519;1
100739;1
236127;1
5765;1
19572;1
53609;1
101875;1
26612;1
27323;1
232217;1
22385;1
37443;1
31168;1
41746;1
7535;1
408631;1
9582;1
103062;1
408620;1
56505;1
29174;1
417590;1
402097;1
6376;1
30264;1
57948;1
16710;1
7036;1
103316;1
437236;1
439098;1
6321;1
32640;1
36418;1
35767;1
31742;1
137530;1
14887;1
15830;1
238301;1
41738;1
418827;1
123295;1
411764;1
9706;1
6491;1
201;1
434316;1
420737;1
2734;1
6580;1
13838;1
749;1
46026;1
55647;1
404447;1
101119;1
36904;1
302497;1
56170;1
403258;1
21568;1
21612;1
1311;1
31848;1
6312;1
47390;1
238922;1
102610;1
1053;1
6241;1
44376;1
16191;1
23658;1
413015;1
406498;1
405651;1
420559;1
42153;1
35809;1
14311;1
3393;1
9928;1
214767;1
44993;1
41115;1
12631;1
46814;1
46296;1
27817;1
43110;1
426743;1
45107;1
30456;1
7270;1
16886;1
45181;1
37584;1
6399;1
5475;1
405630;1
6841;1
8334;1
239562;1
41101;1
28801;1
35414;1
239538;1
26588;1
130743;1
24023;1
35593;1
407987;1
440847;1
409439;1
13776;1
27046;1
101861;1
31173;1
100612;1
400635;1
428234;1
39166;1
26816;1
44920;1
10106;1
14083;1
37750;1
3124;1
23466;1
414127;1
45033;1
57451;1
418943;1
60481;1
45333;1
421848;1
414196;1
6520;1
43144;1
2361;1
51893;1
1174;1
137663;1
19735;1
122128;1
5287;1
238838;1
214319;1
23138;1
413029;1
10155;1
35519;1
23407;1
30873;1
50099;1
42893;1
56799;1
45008;1
23105;1
400121;1
409307;1
21253;1
302078;1
104004;1
14892;1
131046;1
31867;1
8071;1
9460;1
437254;1
7080;1
27314;1
35943;1
40046;1
29947;1
406038;1
17510;1
120694;1
51694;1
33197;1
405144;1
24788;1
434525;1
4247;1
21;1
101390;1
11718;1
21736;1
42243;1
7168;1
48538;1
432021;1
13916;1
101868;1
58093;1
31147;1
1832;1
48201;1
21686;1
427041;1
57364;1
2252;1
8972;1
430707;1
423589;1
105396;1
211231;1
8858;1
132731;1
220020;1
30487;1
9922;1
39462;1
2084;1
100646;1
228067;1
232125;1
1071;1
51887;1
21296;1
14323;1
33242;1
53999;1
23905;1
427626;1
105206;1
59886;1
21061;1
130805;1
239073;1
7440;1
16766;1
33723;1
4729;1
40390;1
3096;1
12463;1
31058;1
26894;1
437833;1
15819;1
298011;1
46215;1
30967;1
2478;1
137662;1
55934;1
415037;1
102407;1
48716;1
440783;1
403;1
403097;1
3280;1
17851;1
104527;1
57576;1
47748;1
47340;1
45717;1
45471;1
400615;1
25548;1
2744;1
105710;1
46690;1
45072;1
39843;1
414726;1
441908;1
54997;1
53339;1
12921;1
47624;1
120668;1
959;1
40349;1
19378;1
18233;1
23031;1
28601;1
406023;1
39834;1
39387;1
23328;1
422769;1
214152;1
408996;1
10581;1
103967;1
24327;1
434480;1
238142;1
39085;1
410923;1
440781;1
23716;1
58772;1
3008;1
39402;1
44459;1
404058;1
102620;1
300029;1
38978;1
36347;1
106428;1
436391;1
21503;1
29482;1
23752;1
20569;1
10021;1
105294;1
32537;1
15859;1
432251;1
11942;1
36722;1
101659;1
28117;1
13581;1
102275;1
56341;1
47964;1
7634;1
100597;1
132491;1
11488;1
13997;1
127573;1
14119;1
402866;1
35479;1
101535;1
11779;1
44412;1
55575;1
443818;1
22626;1
691;1
21250;1
22899;1
22471;1
137709;1
429451;1
40790;1
438534;1
8047;1
36710;1
30596;1
45846;1
302400;1
9885;1
5330;1
30380;1
7275;1
40594;1
28095;1
9524;1
404527;1
21821;1
44357;1
37646;1
421528;1
232039;1
56859;1
232196;1
33861;1
414662;1
122074;1
21316;1
11046;1
6073;1
3724;1
41318;1
25808;1
55168;1
28304;1
40705;1
41593;1
8615;1
5332;1
102416;1
300073;1
35970;1
4810;1
407686;1
429803;1
19015;1
9946;1
239360;1
414041;1
41535;1
9718;1
13644;1
24252;1
239895;1
24946;1
3232;1
6888;1
49078;1
44885;1
44234;1
120007;1
40903;1
8855;1
302137;1
26782;1
404890;1
21870;1
100972;1
34691;1
425143;1
274039;1
104946;1
42758;1
48112;1
292314;1
45303;1
12151;1
32966;1
408003;1
43319;1
21738;1
283130;1
11812;1
5033;1
42119;1
22817;1
105810;1
430816;1
21929;1
22047;1
27352;1
238392;1
22784;1
21367;1
292082;1
23088;1
20771;1
37048;1
21151;1
239468;1
130921;1
102830;1
27279;1
1633;1
34342;1
132707;1
25502;1
41833;1
38039;1
2812;1
302213;1
13462;1
13775;1
10619;1
54446;1
408664;1
1689;1
7754;1
302171;1
45166;1
3475;1
29132;1
423414;1
428499;1
133743;1
408424;1
47325;1
452;1
33981;1
19898;1
4770;1
27811;1
33259;1
10255;1
44785;1
239872;1
59282;1
401498;1
39725;1
14044;1
29446;1
57606;1
13543;1
32445;1
5825;1
5525;1
238437;1
28422;1
48553;1
17295;1
10510;1
36777;1
27040;1
138884;1
48439;1
238508;1
37808;1
34533;1
16660;1
403334;1
292024;1
11946;1
32528;1
54122;1
45646;1
408410;1
22331;1
22388;1
102062;1
105319;1
436893;1
47370;1
411981;1
46345;1
444000;1
425483;1
43941;1
34484;1
1211;1
106151;1
25776;1
9232;1
29191;1
15723;1
211072;1
27251;1
105871;1
7330;1
400119;1
17128;1
43445;1
28535;1
38593;1
22152;1
1302;1
19531;1
413744;1
236021;1
45344;1
3270;1
43181;1
411543;1
437835;1
434476;1
214276;1
37176;1
24064;1
35469;1
414410;1
430820;1
200047;1
36183;1
433973;1
54847;1
240000;1
24452;1
100352;1
7699;1
11183;1
419151;1
418398;1
401276;1
19167;1
33832;1
103341;1
105629;1
101972;1
101421;1
401845;1
17122;1
414345;1
13370;1
24482;1
402816;1
19798;1
51301;1
28414;1
401440;1
105491;1
102300;1
35592;1
42885;1
47222;1
422933;1
24584;1
29915;1
24380;1
18867;1
14765;1
401533;1
45462;1
133755;1
37802;1
8738;1
402840;1
214209;1
39874;1
29918;1
238736;1
46132;1
427155;1
44137;1
51216;1
38291;1
105647;1
436110;1
4221;1
44351;1
418493;1
122209;1
443762;1
214423;1
414525;1
412002;1
31208;1
43568;1
402834;1
406948;1
437991;1
36191;1
104290;1
405989;1
214034;1
104496;1
19516;1
8499;1
429263;1
214145;1
426637;1
39517;1
8676;1
15009;1
31553;1
406195;1
29166;1
302401;1
11668;1
32506;1
126859;1
103412;1
9977;1
33560;1
414224;1
404434;1
102958;1
34635;1
435273;1
430774;1
238270;1
42333;1
12316;1
15400;1
39756;1
3494;1
121020;1
431989;1
106777;1
53300;1
4314;1
102882;1
36313;1
409647;1
292033;1
54547;1
441352;1
32702;1
429541;1
12498;1
45252;1
34701;1
45571;1
18430;1
8452;1
58326;1
6727;1
422641;1
434896;1
102967;1
127334;1
444344;1
3497;1
23650;1
228088;1
445855;1
4635;1
441702;1
39200;1
33790;1
58961;1
39089;1
22088;1
43685;1
30629;1
29277;1
238933;1
55882;1
422896;1
41002;1
105565;1
39043;1
57750;1
28504;1
421727;1
103799;1
28230;1
411027;1
31540;1
27286;1
239652;1
6620;1
1474;1
481;1
106454;1
27301;1
23684;1
443862;1
214909;1
438;1
421596;1
378;1
28634;1
50493;1
436985;1
6910;1
434990;1
38648;1
6614;1
799;1
292133;1
34690;1
443736;1
11979;1
41437;1
292190;1
236166;1
12736;1
49106;1
4147;1
10289;1
102827;1
133772;1
49817;1
60287;1
211249;1
54524;1
3523;1
13934;1
11418;1
413878;1
32369;1
445849;1
400258;1
414360;1
2760;1
38855;1
101396;1
23536;1
55032;1
48048;1
6655;1
4028;1
408946;1
102305;1
214590;1
30;1
39417;1
39536;1
106036;1
19539;1
24531;1
18548;1
25554;1
46088;1
22271;1
33420;1
26483;1
302293;1
52179;1
249;1
28831;1
28325;1
106104;1
26492;1
43977;1
33693;1
409578;1
128025;1
12191;1
35113;1
5782;1
44837;1
130616;1
232137;1
24763;1
9550;1
10993;1
27133;1
130562;1
33758;1
43351;1
34768;1
15206;1
444245;1
10904;1
34903;1
34146;1
28133;1
8793;1
429427;1
29806;1
11148;1
21883;1
13761;1
405025;1
41157;1
50005;1
30741;1
59866;1
8718;1
405706;1
101355;1
130718;1
15780;1
14923;1
133690;1
39019;1
25411;1
23505;1
422307;1
40299;1
105218;1
434926;1
35742;1
16685;1
105400;1
5924;1
400639;1
106121;1
14367;1
105186;1
214355;1
24874;1
40150;1
44217;1
935;1
127348;1
101915;1
434035;1
10483;1
433701;1
407845;1
36196;1
2498;1
300448;1
21962;1
8125;1
9929;1
31965;1
30854;1
29865;1
7686;1
14265;1
5262;1
42511;1
40317;1
20669;1
12993;1
101886;1
53799;1
28721;1
220019;1
2535;1
137093;1
409391;1
59560;1
104191;1
104746;1
100444;1
429495;1
101759;1
7361;1
409594;1
17141;1
102476;1
414848;1
11352;1
14379;1
238449;1
434745;1
45561;1
9978;1
37705;1
45642;1
12662;1
39132;1
8728;1
23915;1
103209;1
133792;1
3871;1
35709;1
22195;1
20195;1
23782;1
17691;1
21924;1
214824;1
7411;1
120335;1
29782;1
9116;1
11131;1
23903;1
101130;1
58251;1
13672;1
57436;1
18270;1
405821;1
42413;1
239674;1
43267;1
21730;1
48050;1
428345;1
35530;1
10007;1
12277;1
16992;1
9437;1
4902;1
425445;1
7983;1
38106;1
409909;1
443748;1
47452;1
130515;1
123240;1
20794;1
404148;1
214007;1
46465;1
12314;1
37649;1
432700;1
43476;1
302052;1
15405;1
38701;1
21727;1
14673;1
8032;1
36496;1
8756;1
424857;1
104585;1
5089;1
133917;1
18249;1
13860;1
27638;1
20726;1
50507;1
104523;1
24001;1
409861;1
406643;1
48012;1
18252;1
27328;1
5333;1
426908;1
3350;1
41081;1
11895;1
292037;1
7299;1
239054;1
24122;1
436409;1
37790;1
26975;1
54924;1
432286;1
43882;1
100441;1
442332;1
427216;1
102098;1
29952;1
444934;1
19094;1
28409;1
1451;1
36298;1
45342;1
39610;1
41813;1
44392;1
58776;1
29420;1
54972;1
403841;1
402087;1
31678;1
104217;1
22289;1
436904;1
23587;1
21796;1
46564;1
17282;1
20342;1
106893;1
46613;1
34829;1
418917;1
405679;1
10131;1
16115;1
430824;1
292132;1
43949;1
427638;1
59637;1
44652;1
33005;1
19674;1
436724;1
34442;1
14853;1
100558;1
34084;1
7901;1
411451;1
10699;1
46826;1
2688;1
33297;1
211387;1
46870;1
31071;1
16087;1
41132;1
37239;1
429431;1
55702;1
232019;1
147;1
7455;1
30013;1
238484;1
58067;1
123242;1
101903;1
101990;1
52675;1
10370;1
104515;1
232020;1
7332;1
22611;1
35196;1
44909;1
300322;1
408429;1
214578;1
42909;1
47467;1
54394;1
419750;1
417756;1
402738;1
443560;1
50575;1
31481;1
30289;1
401619;1
22901;1
19920;1
39497;1
252072;1
434270;1
236169;1
127288;1
239212;1
429604;1
21651;1
104258;1
130964;1
274008;1
35794;1
32871;1
234004;1
13219;1
44132;1
15355;1
402900;1
36341;1
48051;1
38507;1
121226;1
33119;1
40872;1
1783;1
59472;1
211266;1
6968;1
27514;1
16898;1
28954;1
439234;1
46526;1
100362;1
405085;1
51149;1
40918;1
6516;1
103552;1
401790;1
426929;1
101904;1
102412;1
18704;1
200040;1
302178;1
211264;1
418426;1
24196;1
238347;1
46808;1
50666;1
4421;1
23378;1
44413;1
101636;1
32964;1
14110;1
105361;1
55364;1
238514;1
14337;1
58658;1
51541;1
24257;1
18670;1
100461;1
422313;1
104335;1
14731;1
103918;1
236104;1
5501;1
214233;1
28751;1
23707;1
433402;1
132733;1
422034;1
41560;1
10300;1
49868;1
443562;1
406488;1
34587;1
28288;1
436525;1
24867;1
24209;1
11852;1
31186;1
414005;1
100595;1
18208;1
51704;1
435441;1
48734;1
21778;1
105583;1
6757;1
422751;1
961;1
44882;1
105002;1
27659;1
104621;1
137188;1
409463;1
300312;1
33912;1
33985;1
11734;1
104772;1
27991;1
37225;1
409540;1
18657;1
32614;1
137513;1
133839;1
122217;1
39319;1
401221;1
27201;1
20364;1
44552;1
14095;1
104961;1
5231;1
14891;1
40054;1
434089;1
25729;1
440745;1
3453;1
17692;1
14909;1
214989;1
42521;1
21824;1
7451;1
103868;1
57652;1
11224;1
12862;1
36371;1
49876;1
400521;1
54460;1
239388;1
8835;1
33428;1
416253;1
37834;1
7492;1
37533;1
100706;1
27742;1
37821;1
33672;1
8399;1
103864;1
60110;1
40305;1
44058;1
22714;1
13895;1
104835;1
407471;1
27629;1
4333;1
18616;1
24771;1
410931;1
137239;1
426005;1
15472;1
13100;1
11179;1
54957;1
44467;1
29592;1
11001;1
236015;1
101060;1
37366;1
28284;1
401885;1
42171;1
54583;1
6988;1
53463;1
7320;1
428222;1
6547;1
13976;1
104593;1
104262;1
420826;1
130368;1
28857;1
47088;1
36541;1
34863;1
4638;1
7370;1
428636;1
34118;1
57783;1
26011;1
3870;1
32792;1
27049;1
211257;1
11485;1
3125;1
23633;1
405538;1
409772;1
48563;1
16876;1
51564;1
3590;1
239375;1
788;1
27869;1
13227;1
103245;1
102358;1
11959;1
132702;1
43380;1
9009;1
28394;1
29279;1
20384;1
130442;1
38734;1
429539;1
6293;1
1912;1
214618;1
28825;1
2264;1
46454;1
39266;1
214817;1
13535;1
55762;1
42378;1
25333;1
4680;1
28046;1
25626;1
412385;1
238262;1
410979;1
414952;1
10540;1
239144;1
35784;1
52387;1
16162;1
102369;1
35538;1
32986;1
27300;1
14524;1
45540;1
45988;1
49692;1
100975;1
417502;1
408576;1
22835;1
40244;1
101298;1
45948;1
20783;1
434280;1
42824;1
238374;1
1968;1
19931;1
58975;1
53700;1
28246;1
18311;1
39288;1
404451;1
103480;1
12751;1
29287;1
8321;1
34963;1
39662;1
20123;1
420020;1
10359;1
14668;1
104624;1
122328;1
11633;1
122978;1
58890;1
403654;1
29108;1
411155;1
430364;1
17669;1
214635;1
10452;1
5912;1
133699;1
24393;1
132901;1
25244;1
26328;1
36042;1
14512;1
3444;1
41172;1
103964;1
443942;1
44464;1
26555;1
23039;1
137253;1
55633;1
103198;1
38545;1
8395;1
10288;1
41166;1
3329;1
418775;1
1881;1
40996;1
36467;1
101038;1
47352;1
211153;1
421634;1
36642;1
12275;1
51727;1
430317;1
411370;1
8706;1
38252;1
422;1
18590;1
10233;1
31207;1
442407;1
31274;1
238631;1
21653;1
440283;1
422749;1
44852;1
232199;1
11549;1
35207;1
44065;1
137730;1
102219;1
409465;1
35001;1
130444;1
432309;1
24151;1
105107;1
100160;1
405829;1
43840;1
100526;1
409451;1
23854;1
424768;1
27434;1
20720;1
53286;1
104634;1
11982;1
414534;1
26004;1
879;1
104815;1
13814;1
100326;1
39988;1
214113;1
442965;1
428176;1
239;1
18533;1
1353;1
133833;1
443886;1
36609;1
40188;1
11146;1
9870;1
32064;1
133909;1
6531;1
105410;1
13283;1
409261;1
11893;1
3013;1
44883;1
41919;1
29025;1
408524;1
34191;1
17617;1
238603;1
42729;1
102418;1
29456;1
418664;1
32495;1
55110;1
251;1
7069;1
9084;1
413852;1
52934;1
19038;1
100327;1
49433;1
6158;1
38675;1
41407;1
405101;1
27296;1
22311;1
412780;1
28263;1
408159;1
22522;1
20453;1
22549;1
33190;1
9087;1
409538;1
39109;1
6697;1
10264;1
3548;1
41842;1
232114;1
13908;1
101713;1
100557;1
22791;1
42990;1
105074;1
55714;1
37135;1
3332;1
40823;1
403390;1
2493;1
30827;1
48661;1
137712;1
404233;1
35899;1
400783;1
105072;1
103652;1
238240;1
39881;1
59105;1
55005;1
239649;1
418533;1
11372;1
15158;1
60233;1
238591;1
232099;1
24224;1
36368;1
29371;1
17327;1
41413;1
417614;1
132581;1
28689;1
122271;1
438263;1
28413;1
422233;1
102340;1
56311;1
283010;1
38828;1
59023;1
26129;1
58303;1
44745;1
857;1
101860;1
19461;1
15399;1
130907;1
400769;1
238904;1
15120;1
403007;1
29012;1
400593;1
130227;1
43514;1
37879;1
44209;1
203;1
40447;1
29236;1
39263;1
423021;1
36327;1
432117;1
30519;1
402901;1
54195;1
413966;1
3330;1
214036;1
30151;1
102897;1
422222;1
34214;1
27372;1
32295;1
24974;1
100583;1
33822;1
133728;1
35828;1
42788;1
23566;1
23461;1
40471;1
32928;1
34208;1
51706;1
292074;1
17416;1
6261;1
104697;1
268;1
17389;1
414571;1
24495;1
33624;1
2492;1
104778;1
1657;1
292021;1
7797;1
28475;1
202;1
52013;1
101031;1
56819;1
439953;1
18796;1
1906;1
31697;1
444416;1
422151;1
9279;1
405511;1
300048;1
48656;1
5720;1
8055;1
30233;1
427169;1
40314;1
300521;1
46866;1
400477;1
54895;1
122048;1
239917;1
138761;1
8986;1
11591;1
26783;1
59538;1
137324;1
24512;1
104066;1
40935;1
413907;1
19838;1
239413;1
45481;1
8799;1
100428;1
17784;1
238629;1
302489;1
7478;1
38766;1
10933;1
13601;1
300381;1
20962;1
102968;1
18206;1
37011;1
26918;1
33744;1
36389;1
16724;1
401625;1
239857;1
33136;1
57098;1
20180;1
46042;1
57662;1
37211;1
32136;1
403312;1
27146;1
18327;1
12966;1
130699;1
8874;1
23347;1
12397;1
122986;1
36119;1
20057;1
19318;1
15135;1
25533;1
238132;1
59309;1
434;1
214657;1
24532;1
19696;1
105842;1
3892;1
407058;1
406835;1
41664;1
17709;1
22091;1
59967;1
27872;1
30143;1
100934;1
102064;1
292323;1
6477;1
40764;1
100714;1
23924;1
19426;1
22745;1
426191;1
5206;1
35134;1
24074;1
21968;1
10529;1
428928;1
410701;1
49931;1
406025;1
21243;1
36260;1
54676;1
10403;1
102751;1
102405;1
12799;1
137420;1
43400;1
15548;1
10591;1
9596;1
34724;1
34467;1
438174;1
23528;1
15814;1
105431;1
32957;1
31860;1
429946;1
413800;1
25452;1
408925;1
302021;1
39495;1
12366;1
104257;1
8105;1
400420;1
37290;1
38633;1
105764;1
19376;1
106378;1
14223;1
238584;1
25963;1
11536;1
100061;1
41211;1
105117;1
34290;1
3451;1
32602;1
11162;1
44601;1
32386;1
402890;1
55925;1
1829;1
8796;1
37204;1
23770;1
419844;1
236148;1
2593;1
121236;1
442395;1
214577;1
302087;1
103879;1
432481;1
413001;1
45889;1
408811;1
302404;1
102715;1
105794;1
23302;1
57639;1
36064;1
400;1
100405;1
15464;1
6425;1
418753;1
27073;1
53327;1
411606;1
42963;1
214583;1
137206;1
4394;1
100556;1
101856;1
18808;1
211106;1
44978;1
35024;1
138915;1
30357;1
123178;1
45434;1
6018;1
5781;1
55078;1
422183;1
34369;1
29169;1
4164;1
426857;1
239920;1
120627;1
58652;1
31688;1
439699;1
444281;1
45660;1
5116;1
47164;1
2719;1
283105;1
9380;1
48560;1
35325;1
20859;1
28257;1
27461;1
105847;1
106018;1
58003;1
1900;1
138293;1
56975;1
14087;1
23629;1
8440;1
49143;1
13115;1
417954;1
133691;1
44171;1
214857;1
20204;1
41686;1
47712;1
37132;1
11722;1
101859;1
44658;1
401613;1
6449;1
239823;1
39592;1
300096;1
44012;1
102456;1
400423;1
18036;1
239198;1
39957;1
37506;1
407390;1
1877;1
29298;1
40514;1
10701;1
7297;1
42678;1
27833;1
59;1
21129;1
60384;1
14716;1
26755;1
102920;1
32959;1
439707;1
28174;1
24521;1
33550;1
21584;1
17446;1
37539;1
28629;1
5847;1
13112;1
2157;1
418909;1
130425;1
23147;1
13135;1
5241;1
5555;1
53889;1
53587;1
137257;1
238377;1
39605;1
30175;1
435230;1
26433;1
59176;1
19858;1
12173;1
532;1
39162;1
56017;1
27939;1
6052;1
56059;1
41200;1
23345;1
239735;1
26299;1
211481;1
21692;1
37895;1
7452;1
120720;1
100619;1
404911;1
15579;1
137535;1
410674;1
1126;1
4361;1
6078;1
102543;1
35464;1
9516;1
32798;1
24577;1
7830;1
1249;1
22069;1
33948;1
38882;1
418;1
37598;1
24446;1
43876;1
33124;1
137501;1
102977;1
33942;1
211480;1
13420;1
417575;1
4837;1
36720;1
39542;1
102976;1
38743;1
17377;1
100982;1
40359;1
103392;1
101645;1
33568;1
102502;1
14371;1
239099;1
43884;1
295006;1
104413;1
404266;1
137232;1
10890;1
40855;1
28860;1
17073;1
56767;1
35448;1
47988;1
138579;1
11674;1
103458;1
403371;1
44009;1
7143;1
105512;1
302245;1
27011;1
50984;1
42891;1
420549;1
437381;1
292184;1
32159;1
46823;1
101975;1
25656;1
415567;1
58506;1
41052;1
38802;1
34737;1
33897;1
1847;1
10895;1
433037;1
4490;1
31230;1
40306;1
30275;1
239969;1
17488;1
51897;1
17948;1
401905;1
19962;1
234038;1
101474;1
13804;1
19693;1
41023;1
46076;1
239902;1
2819;1
103844;1
103288;1
120051;1
24879;1
6831;1
5067;1
103307;1
34514;1
24598;1
445763;1
39980;1
36526;1
9672;1
38695;1
8770;1
102676;1
239793;1
420663;1
14171;1
52408;1
27288;1
49612;1
292016;1
402661;1
48017;1
239616;1
19339;1
49361;1
20039;1
33933;1
48010;1
7598;1
410774;1
403636;1
2580;1
53329;1
42307;1
7464;1
100299;1
48628;1
214774;1
19033;1
238349;1
3835;1
35831;1
401752;1
51428;1
15016;1
30188;1
23974;1
104107;1
57224;1
57512;1
434751;1
38433;1
423429;1
29130;1
15304;1
34394;1
21203;1
34439;1
36306;1
21590;1
37090;1
104729;1
137428;1
238934;1
6991;1
45364;1
36528;1
238918;1
409847;1
105592;1
431483;1
43743;1
437606;1
46600;1
31015;1
29378;1
51031;1
419308;1
32988;1
102992;1
37904;1
43094;1
33477;1
239694;1
103507;1
436737;1
134238;1
20745;1
401130;1
52413;1
16880;1
45139;1
7091;1
23848;1
104393;1
214882;1
214273;1
105234;1
16971;1
30014;1
47968;1
32135;1
292149;1
102448;1
441790;1
433039;1
417229;1
100374;1
18162;1
120089;1
13036;1
50237;1
32658;1
120453;1
18029;1
22860;1
40136;1
437056;1
25940;1
402956;1
8122;1
56628;1
104696;1
39912;1
123187;1
103421;1
121237;1
138815;1
100606;1
239351;1
32603;1
407328;1
52957;1
47471;1
28432;1
20053;1
404575;1
31513;1
39968;1
43848;1
34928;1
39022;1
4478;1
442415;1
35408;1
8356;1
57723;1
439543;1
98;1
37730;1
53936;1
137541;1
50896;1
408976;1
238134;1
413846;1
7355;1
47810;1
4877;1
23893;1
50945;1
48789;1
54088;1
306;1
33756;1
103615;1
55780;1
49013;1
8011;1
410981;1
38006;1
15384;1
439855;1
41116;1
422971;1
443596;1
59656;1
12426;1
400931;1
302216;1
32534;1
100305;1
434567;1
120717;1
408950;1
43683;1
53123;1
445725;1
813;1
49069;1
414731;1
14078;1
20959;1
420591;1
10487;1
414391;1
402134;1
9408;1
408352;1
409927;1
409851;1
28264;1
236098;1
31714;1
53770;1
43952;1
102184;1
17009;1
2619;1
103210;1
412714;1
39066;1
45805;1
37561;1
130787;1
26081;1
239684;1
19851;1
105619;1
8572;1
101450;1
411225;1
102541;1
16856;1
104069;1
104857;1
13695;1
13830;1
14156;1
18718;1
18576;1
41055;1
400105;1
40779;1
413925;1
132573;1
24889;1
37036;1
32730;1
401835;1
18878;1
25957;1
103028;1
292056;1
39790;1
6115;1
34602;1
22163;1
14459;1
49538;1
407759;1
104165;1
402465;1
33618;1
57009;1
238212;1
42397;1
416191;1
102144;1
106407;1
105028;1
38142;1
33183;1
43306;1
56741;1
405513;1
17000;1
431645;1
418831;1
36016;1
16774;1
123051;1
138806;1
404988;1
53148;1
8276;1
102840;1
17657;1
40687;1
234026;1
407660;1
13359;1
3472;1
407269;1
39697;1
6680;1
423419;1
554;1
439265;1
35955;1
15908;1
102349;1
1933;1
408446;1
131073;1
33080;1
419047;1
26682;1
411768;1
29418;1
53077;1
30957;1
24820;1
58365;1
1067;1
105898;1
10967;1
30000;1
12920;1
1408;1
6837;1
34451;1
37488;1
40174;1
18529;1
7094;1
33889;1
22816;1
22667;1
14488;1
18215;1
302172;1
11604;1
133744;1
16915;1
45428;1
20050;1
53774;1
8607;1
406727;1
238546;1
32566;1
9319;1
16875;1
32850;1
28222;1
440875;1
24154;1
2547;1
41504;1
49914;1
34680;1
17299;1
211086;1
5978;1
37994;1
34072;1
432610;1
32605;1
50986;1
7733;1
38149;1
239809;1
8196;1
41973;1
38298;1
120633;1
33166;1
43361;1
46158;1
130505;1
15586;1
20116;1
3945;1
417288;1
32900;1
2821;1
16108;1
238283;1
35748;1
31516;1
20894;1
23342;1
25543;1
33073;1
55402;1
103194;1
27633;1
48525;1
401040;1
238009;1
27768;1
8408;1
420517;1
13466;1
214396;1
418915;1
302064;1
15606;1
31888;1
22133;1
6400;1
10861;1
41532;1
211003;1
32216;1
32325;1
28192;1
239631;1
424531;1
6868;1
426909;1
12058;1
39139;1
16355;1
20573;1
39406;1
7580;1
47995;1
3005;1
238728;1
14676;1
132490;1
40844;1
12255;1
35552;1
41079;1
421592;1
438958;1
13460;1
214845;1
46851;1
57246;1
236058;1
36524;1
430297;1
6155;1
22674;1
441732;1
419003;1
22902;1
38426;1
1710;1
214082;1
11832;1
444275;1
239990;1
23278;1
46729;1
132668;1
52544;1
411376;1
292019;1
31362;1
100883;1
18814;1
106019;1
427913;1
47063;1
43279;1
59055;1
15915;1
12159;1
1740;1
24817;1
432375;1
400668;1
137154;1
4525;1
410962;1
436950;1
9988;1
105444;1
438751;1
42728;1
9247;1
17629;1
40827;1
440725;1
137191;1
45172;1
25908;1
8435;1
31083;1
33902;1
10080;1
5707;1
401002;1
46184;1
420195;1
4209;1
42810;1
49831;1
48610;1
50062;1
1473;1
41642;1
43701;1
12766;1
3209;1
30808;1
32132;1
24098;1
2662;1
100029;1
2294;1
33649;1
18537;1
105593;1
1765;1
418296;1
298030;1
13435;1
427204;1
39410;1
25331;1
29296;1
130757;1
418841;1
416123;1
401931;1
101480;1
47139;1
44226;1
17485;1
48271;1
4721;1
3021;1
3740;1
104426;1
12352;1
42072;1
302239;1
214518;1
29951;1
25135;1
100272;1
24555;1
101377;1
49626;1
9307;1
6363;1
2566;1
5970;1
441966;1
662;1
35112;1
19059;1
56842;1
411356;1
214259;1
414023;1
60473;1
46611;1
18102;1
6995;1
2912;1
2118;1
37337;1
53;1
42837;1
336;1
404103;1
407447;1
32550;1
441124;1
211054;1
103037;1
100104;1
214263;1
137262;1
37662;1
403497;1
421917;1
214476;1
52306;1
238241;1
44267;1
40902;1
419796;1
46115;1
104546;1
100166;1
40808;1
9193;1
11575;1
422515;1
59528;1
33467;1
130803;1
59241;1
106420;1
36547;1
406627;1
17818;1
1772;1
38335;1
10991;1
19629;1
413185;1
41277;1
14081;1
42552;1
51520;1
10746;1
47265;1
39844;1
102686;1
420667;1
31103;1
2471;1
101319;1
15201;1
440357;1
27450;1
134243;1
36366;1
12487;1
443814;1
2502;1
105951;1
19662;1
2270;1
27356;1
9194;1
23261;1
4324;1
4509;1
3448;1
402594;1
137106;1
132893;1
403342;1
26927;1
300034;1
5025;1
411129;1
51654;1
104846;1
302026;1
17902;1
12250;1
40177;1
11363;1
47124;1
407392;1
31067;1
214867;1
404416;1
442256;1
11117;1
59664;1
104254;1
106127;1
420499;1
18321;1
15568;1
13593;1
439158;1
14982;1
49565;1
405077;1
39673;1
15446;1
103346;1
404547;1
429626;1
37265;1
28916;1
214346;1
214473;1
406085;1
402681;1
2279;1
24188;1
137364;1
33216;1
33757;1
42924;1
41563;1
34415;1
50078;1
43510;1
27066;1
38214;1
29480;1
412910;1
45960;1
8041;1
39107;1
37460;1
105716;1
106890;1
418254;1
31821;1
200013;1
436743;1
55175;1
47048;1
38995;1
132436;1
39869;1
106061;1
39092;1
33616;1
445765;1
400851;1
60128;1
20064;1
32965;1
56194;1
17423;1
300423;1
211356;1
46694;1
433992;1
23955;1
106026;1
32691;1
100401;1
37040;1
103815;1
436523;1
22085;1
100159;1
45138;1
27703;1
48547;1
30053;1
4447;1
11378;1
422569;1
239069;1
421666;1
19137;1
10444;1
57891;1
19834;1
31854;1
1618;1
47833;1
35370;1
29694;1
27899;1
55494;1
34578;1
29034;1
27159;1
7132;1
100921;1
25927;1
19304;1
27534;1
35508;1
411793;1
211426;1
23021;1
10969;1
120659;1
101664;1
103455;1
4437;1
32604;1
57901;1
137140;1
38004;1
27258;1
59414;1
773;1
21170;1
410602;1
16956;1
53823;1
52953;1
9547;1
46372;1
7030;1
15267;1
19287;1
52367;1
433883;1
51696;1
20377;1
12817;1
6880;1
44522;1
443296;1
33991;1
137659;1
6296;1
100670;1
9125;1
36769;1
14327;1
101133;1
32239;1
11572;1
44842;1
27641;1
103649;1
101777;1
409935;1
22003;1
20595;1
36127;1
15250;1
414219;1
412096;1
9131;1
47856;1
50520;1
15728;1
24468;1
21766;1
22968;1
30313;1
100510;1
120658;1
15170;1
19708;1
9999;1
19952;1
23281;1
5260;1
37743;1
25030;1
5982;1
101750;1
2020;1
422251;1
408360;1
5223;1
431220;1
131105;1
106020;1
24136;1
5962;1
428355;1
402226;1
9485;1
31254;1
51420;1
41300;1
429694;1
45937;1
36811;1
28779;1
13514;1
8558;1
32363;1
50450;1
19419;1
14241;1
45081;1
14341;1
37421;1
409403;1
12592;1
134222;1
52031;1
407565;1
302422;1
53486;1
17654;1
31290;1
298005;1
33594;1
30734;1
28833;1
48492;1
28912;1
52875;1
444394;1
423226;1
200068;1
105086;1
403365;1
30048;1
127650;1
37279;1
120637;1
418797;1
101672;1
100891;1
55659;1
30352;1
12740;1
103825;1
150;1
44250;1
7043;1
413585;1
5706;1
34044;1
4213;1
33768;1
5158;1
131171;1
40915;1
1867;1
21159;1
25203;1
56793;1
421630;1
100620;1
33133;1
236004;1
36178;1
59336;1
103260;1
239019;1
23112;1
414123;1
25046;1
19857;1
417830;1
26625;1
45927;1
103031;1
59912;1
35039;1
17028;1
434860;1
138304;1
70;1
31430;1
422649;1
28373;1
41903;1
409707;1
42798;1
4756;1
298019;1
138813;1
41176;1
29400;1
37608;1
60249;1
41177;1
11754;1
14798;1
20475;1
44695;1
24421;1
6517;1
18505;1
24900;1
21445;1
12036;1
15255;1
16054;1
36238;1
45295;1
6544;1
23952;1
14398;1
238983;1
300157;1
105874;1
130835;1
33515;1
8563;1
103539;1
11035;1
1372;1
103506;1
6939;1
45603;1
23705;1
434809;1
302218;1
33083;1
302241;1
10578;1
14574;1
41928;1
7540;1
39651;1
35702;1
42723;1
23957;1
292207;1
2661;1
300374;1
4066;1
40372;1
27350;1
22076;1
50343;1
417296;1
214105;1
12698;1
402692;1
5875;1
302254;1
26888;1
27842;1
421692;1
1606;1
1312;1
41313;1
55517;1
9103;1
414894;1
17762;1
32944;1
22715;1
12746;1
421085;1
12515;1
409275;1
35524;1
18618;1
14273;1
48294;1
48025;1
596;1
39386;1
34277;1
418471;1
3018;1
42102;1
47576;1
48671;1
13638;1
429543;1
57424;1
128007;1
239036;1
23011;1
34821;1
534;1
31202;1
48899;1
14802;1
34116;1
27668;1
18464;1
37677;1
17194;1
11120;1
37884;1
24683;1
420446;1
787;1
34224;1
104055;1
56184;1
53629;1
30089;1
3432;1
22754;1
130469;1
11242;1
22571;1
33059;1
418735;1
15418;1
417796;1
35114;1
1616;1
402114;1
18738;1
232093;1
106359;1
40160;1
58617;1
402856;1
439257;1
232139;1
402065;1
102536;1
18307;1
302286;1
42598;1
29710;1
211225;1
43630;1
419324;1
31464;1
15026;1
48187;1
55776;1
434111;1
21557;1
17138;1
29367;1
46947;1
441716;1
16310;1
6877;1
101776;1
408127;1
555;1
18758;1
427382;1
43851;1
9255;1
440003;1
22565;1
101226;1
4760;1
103498;1
421588;1
410788;1
42036;1
300549;1
2235;1
102459;1
105893;1
4148;1
429618;1
29819;1
236179;1
444211;1
9210;1
8269;1
232032;1
5289;1
3660;1
28696;1
16831;1
238202;1
45165;1
54168;1
443892;1
1221;1
54241;1
14192;1
13414;1
19564;1
13552;1
3589;1
39459;1
238007;1
7764;1
100878;1
74;1
44758;1
32196;1
58630;1
37901;1
138;1
20121;1
41179;1
14036;1
26453;1
56935;1
121028;1
101898;1
31074;1
5799;1
438303;1
16253;1
410117;1
526;1
102788;1
52904;1
423555;1
30466;1
27785;1
24163;1
419031;1
36925;1
428640;1
274041;1
31427;1
49072;1
24110;1
238435;1
45871;1
302094;1
300330;1
406701;1
31665;1
35618;1
433024;1
29638;1
438067;1
7280;1
292046;1
21057;1
29355;1
20898;1
31420;1
239909;1
12174;1
2105;1
137524;1
45735;1
101089;1
15159;1
56680;1
57693;1
101917;1
41783;1
26446;1
38624;1
18166;1
137153;1
443872;1
20082;1
6714;1
100521;1
130753;1
133697;1
27677;1
22936;1
38585;1
130702;1
21401;1
21461;1
300185;1
18220;1
59099;1
101633;1
239275;1
137543;1
415077;1
100393;1
5270;1
2691;1
16991;1
416171;1
431604;1
34705;1
137706;1
7447;1
406811;1
100603;1
38085;1
105453;1
415565;1
39128;1
27610;1
402372;1
1036;1
420547;1
101954;1
8414;1
402930;1
409649;1
40010;1
13091;1
35554;1
1932;1
408892;1
3853;1
239746;1
37159;1
28878;1
32398;1
40807;1
407847;1
38172;1
40123;1
49402;1
19970;1
33400;1
102182;1
13630;1
46313;1
414003;1
25489;1
14686;1
1639;1
51681;1
45795;1
40544;1
409414;1
401955;1
41427;1
8585;1
800;1
101310;1
34861;1
28544;1
22288;1
411561;1
25367;1
12192;1
37562;1
437871;1
33223;1
57718;1
4935;1
104525;1
102180;1
39804;1
402924;1
35350;1
15816;1
3029;1
53225;1
200007;1
434238;1
104232;1
106311;1
402442;1
23042;1
403165;1
20649;1
35883;1
10424;1
24405;1
101876;1
34631;1
27535;1
11654;1
3714;1
59633;1
30183;1
422220;1
12553;1
55787;1
34990;1
58307;1
5290;1
243;1
138563;1
37079;1
38781;1
11225;1
440969;1
35674;1
2027;1
49848;1
438544;1
48655;1
236161;1
39352;1
37654;1
406893;1
26499;1
402798;1
11582;1
35564;1
444414;1
130819;1
50630;1
211336;1
27602;1
26723;1
36294;1
57302;1
407783;1
274002;1
130776;1
28485;1
24150;1
12685;1
13087;1
419810;1
102239;1
406839;1
103589;1
214775;1
57310;1
20651;1
16417;1
46807;1
25249;1
21086;1
102451;1
30093;1
428818;1
12427;1
46824;1
121241;1
14349;1
432144;1
9933;1
14376;1
40744;1
57594;1
6379;1
103640;1
48506;1
35429;1
44791;1
29876;1
102343;1
29808;1
60247;1
50204;1
25525;1
7328;1
424839;1
408906;1
100422;1
14528;1
38651;1
1202;1
12247;1
100884;1
43269;1
42905;1
404428;1
445417;1
28968;1
21837;1
50286;1
12233;1
302461;1
35034;1
211152;1
283136;1
12820;1
15878;1
286;1
6733;1
414930;1
414144;1
37759;1
24315;1
127727;1
53744;1
40375;1
33185;1
401910;1
5515;1
19896;1
7602;1
24244;1
121275;1
32504;1
4374;1
25037;1
38376;1
12688;1
42593;1
101580;1
6100;1
42697;1
45042;1
2942;1
408096;1
38649;1
1863;1
103147;1
100466;1
36514;1
44129;1
36450;1
9545;1
35842;1
58688;1
302389;1
27085;1
104085;1
105151;1
100765;1
27678;1
42017;1
302500;1
33946;1
13479;1
12535;1
405191;1
406320;1
39806;1
33472;1
101829;1
420086;1
848;1
100062;1
32339;1
8723;1
39409;1
101256;1
432789;1
3298;1
101172;1
443558;1
8762;1
2051;1
2123;1
21677;1
27052;1
25986;1
236181;1
440359;1
46103;1
422393;1
14301;1
12483;1
45527;1
33266;1
412862;1
127580;1
402218;1
443172;1
12711;1
208;1
431512;1
101765;1
413919;1
445769;1
417840;1
25699;1
20368;1
104600;1
29912;1
424442;1
102805;1
37203;1
31212;1
7087;1
419149;1
411636;1
24911;1
4145;1
101017;1
105776;1
239834;1
1955;1
132713;1
32524;1
300260;1
40483;1
103773;1
410639;1
37138;1
405717;1
33510;1
55498;1
101813;1
408992;1
1362;1
102743;1
55555;1
16763;1
858;1
103169;1
35733;1
55119;1
3377;1
55358;1
27367;1
106427;1
402828;1
27949;1
214734;1
103676;1
59352;1
36657;1
409141;1
29877;1
14426;1
101317;1
9278;1
35105;1
429742;1
102602;1
437596;1
425435;1
38191;1
300275;1
14963;1
30796;1
42946;1
27302;1
401798;1
21638;1
18335;1
408650;1
100418;1
30513;1
13368;1
19198;1
34583;1
187;1
20128;1
404250;1
41302;1
57627;1
22037;1
32539;1
22884;1
37655;1
45956;1
406591;1
34249;1
5609;1
7940;1
105481;1
35840;1
18891;1
238231;1
132744;1
5368;1
432553;1
39283;1
4373;1
41991;1
34449;1
101257;1
32190;1
53861;1
43294;1
438232;1
436910;1
25454;1
239392;1
9176;1
15906;1
1628;1
35683;1
422587;1
121005;1
8166;1
405069;1
401577;1
15700;1
2351;1
37712;1
55595;1
49890;1
10925;1
40152;1
11702;1
300250;1
6787;1
48341;1
38068;1
8830;1
40338;1
21515;1
24169;1
39567;1
29908;1
14763;1
12489;1
214014;1
37984;1
7816;1
4473;1
53033;1
407320;1
896;1
239738;1
39405;1
38609;1
28905;1
10551;1
6191;1
8748;1
416406;1
8826;1
423224;1
24682;1
55237;1
42652;1
40228;1
54581;1
6816;1
444197;1
427959;1
45426;1
35488;1
50872;1
238760;1
30649;1
2896;1
45727;1
402428;1
27391;1
48604;1
35515;1
104702;1
283184;1
127621;1
17220;1
7157;1
12941;1
46671;1
304;1
439261;1
14568;1
228100;1
27013;1
411685;1
29780;1
23186;1
400202;1
52754;1
414918;1
101952;1
413890;1
238411;1
409576;1
102927;1
137363;1
6557;1
24220;1
102212;1
20185;1
411445;1
105933;1
130228;1
48415;1
137256;1
404899;1
419644;1
30036;1
976;1
407024;1
8543;1
6506;1
34911;1
19863;1
28760;1
30470;1
26672;1
8625;1
437399;1
4360;1
127663;1
45472;1
16630;1
18444;1
12759;1
15129;1
14190;1
16515;1
104728;1
408419;1
28052;1
25083;1
10415;1
29010;1
295005;1
46247;1
441742;1
37606;1
5587;1
48507;1
20156;1
34667;1
45161;1
52255;1
253023;1
33743;1
302209;1
34776;1
5522;1
45292;1
42159;1
6309;1
9183;1
138583;1
23260;1
54537;1
15941;1
239041;1
137332;1
23645;1
38216;1
58676;1
34100;1
10755;1
37694;1
404908;1
38329;1
4530;1
1357;1
30919;1
39966;1
11947;1
105979;1
47153;1
54893;1
19591;1
40515;1
36409;1
31674;1
2216;1
100980;1
101045;1
29933;1
439683;1
26361;1
42707;1
15347;1
435077;1
3066;1
14875;1
437246;1
7021;1
102145;1
59870;1
32206;1
59981;1
300004;1
443972;1
421779;1
23946;1
6569;1
418919;1
103707;1
39601;1
214026;1
414663;1
127622;1
32042;1
38769;1
14342;1
133763;1
57390;1
6484;1
101076;1
103886;1
15433;1
25155;1
59939;1
6595;1
422787;1
35796;1
1584;1
26364;1
128191;1
34757;1
5334;1
25955;1
1107;1
48121;1
295032;1
53451;1
40537;1
105623;1
10984;1
28433;1
401723;1
43681;1
33244;1
8571;1
16902;1
48096;1
401452;1
401496;1
57964;1
2522;1
38843;1
30109;1
299;1
404306;1
14061;1
23235;1
34443;1
19590;1
42745;1
437597;1
33317;1
11072;1
402987;1
414923;1
120730;1
24085;1
13215;1
38630;1
17882;1
45921;1
54878;1
44299;1
214040;1
34386;1
405792;1
24059;1
35483;1
406925;1
41702;1
105795;1
55856;1
403668;1
43543;1
127637;1
20728;1
59791;1
100574;1
440041;1
29632;1
409079;1
440437;1
437171;1
58556;1
3358;1
23177;1
41812;1
9803;1
11342;1
51607;1
239695;1
20510;1
10313;1
1945;1
41363;1
2223;1
7528;1
2622;1
11014;1
131045;1
10775;1
5894;1
45392;1
24936;1
18298;1
20763;1
12495;1
23363;1
43867;1
418324;1
101083;1
42663;1
418686;1
26737;1
34246;1
34462;1
236046;1
44055;1
9542;1
1566;1
401367;1
19269;1
33666;1
20795;1
2746;1
238746;1
411557;1
25617;1
36160;1
15519;1
101415;1
11723;1
49666;1
6125;1
100586;1
104429;1
4662;1
9122;1
401900;1
43013;1
404207;1
23576;1
43298;1
439039;1
24774;1
3896;1
40355;1
20773;1
302281;1
35607;1
37189;1
11956;1
35433;1
7044;1
137273;1
20142;1
122068;1
16610;1
44277;1
440775;1
407899;1
10856;1
106388;1
56091;1
127753;1
133718;1
105021;1
214192;1
2102;1
105423;1
58005;1
34616;1
7568;1
410680;1
14448;1
9201;1
122041;1
29437;1
31391;1
1491;1
19050;1
39388;1
15065;1
422373;1
406891;1
412541;1
101033;1
21483;1
31547;1
48068;1
23542;1
21550;1
5080;1
33721;1
102828;1
1545;1
50004;1
30803;1
39488;1
214447;1
419071;1
37822;1
102909;1
101748;1
23880;1
41230;1
36217;1
53522;1
412844;1
28740;1
44779;1
28416;1
24114;1
400719;1
426579;1
408877;1
238645;1
105333;1
52224;1
27236;1
47979;1
38003;1
34097;1
3620;1
40556;1
3083;1
102655;1
45613;1
44963;1
25233;1
36350;1
7796;1
12693;1
13649;1
211142;1
22753;1
11596;1
6161;1
239663;1
403676;1
1256;1
3080;1
417630;1
40326;1
23312;1
31258;1
57130;1
2139;1
238409;1
43308;1
28531;1
8046;1
9692;1
20045;1
102950;1
52080;1
5092;1
426955;1
41295;1
283015;1
3335;1
400381;1
56447;1
10010;1
120469;1
52520;1
105441;1
54435;1
18427;1
11491;1
1530;1
46488;1
58027;1
104678;1
54551;1
15528;1
33935;1
46358;1
12809;1
53791;1
104582;1
17246;1
408441;1
19773;1
15093;1
100653;1
101434;1
40410;1
429211;1
422079;1
26142;1
122335;1
239482;1
28958;1
45632;1
39414;1
36931;1
211274;1
418469;1
423283;1
37850;1
5471;1
36219;1
6105;1
8038;1
39809;1
17515;1
6752;1
5144;1
401031;1
1420;1
39105;1
214813;1
103558;1
58906;1
423984;1
101286;1
20307;1
18424;1
211223;1
30270;1
25483;1
103375;1
9914;1
58049;1
35401;1
101808;1
11197;1
100465;1
423408;1
400276;1
103717;1
441992;1
105927;1
4223;1
9114;1
8392;1
7955;1
24618;1
16863;1
46555;1
4448;1
102722;1
34432;1
234042;1
23984;1
59039;1
30840;1
405598;1
10623;1
7194;1
46685;1
48186;1
101775;1
417782;1
14211;1
100203;1
45699;1
130923;1
55233;1
103792;1
132579;1
60194;1
7697;1
416794;1
41689;1
232092;1
214122;1
9341;1
211396;1
31966;1
53019;1
39176;1
415712;1
7200;1
27471;1
23070;1
45810;1
28778;1
239925;1
47131;1
14613;1
411264;1
434264;1
15366;1
41575;1
31830;1
9921;1
5985;1
443926;1
42581;1
444376;1
21304;1
14051;1
22247;1
23487;1
438444;1
28627;1
1278;1
48785;1
105859;1
410282;1
26705;1
440883;1
414234;1
102354;1
48074;1
137670;1
238368;1
48340;1
20137;1
56724;1
11150;1
31235;1
7408;1
101855;1
101085;1
41264;1
131004;1
44302;1
36154;1
11602;1
14446;1
430796;1
50639;1
20280;1
38379;1
45256;1
419454;1
4139;1
400815;1
22578;1
186;1
50882;1
60069;1
8112;1
441291;1
60025;1
47136;1
43113;1
5806;1
3611;1
18;1
105231;1
30135;1
12537;1
46235;1
18795;1
121281;1
55362;1
105411;1
408521;1
58;1
14646;1
2752;1
29101;1
100540;1
5984;1
36009;1
50294;1
53956;1
401513;1
27381;1
400189;1
7015;1
101555;1
5202;1
104312;1
37458;1
401357;1
40980;1
438824;1
25296;1
53344;1
422802;1
56797;1
47558;1
32678;1
105018;1
104358;1
11360;1
23400;1
429423;1
7591;1
31872;1
421590;1
406831;1
302309;1
17482;1
409692;1
236132;1
101874;1
51640;1
120715;1
435277;1
39568;1
7937;1
121359;1
132487;1
422923;1
39930;1
100695;1
409119;1
9438;1
8639;1
30302;1
10741;1
130623;1
100432;1
1753;1
57440;1
51875;1
42084;1
29679;1
132431;1
36873;1
35054;1
415040;1
101832;1
441068;1
1203;1
47427;1
418999;1
39663;1
20168;1
430433;1
5370;1
18115;1
138288;1
6089;1
41960;1
422299;1
20234;1
3469;1
102024;1
2151;1
9346;1
430879;1
426122;1
13641;1
416193;1
130578;1
239950;1
28987;1
7304;1
24363;1
105820;1
131118;1
9275;1
11207;1
27696;1
8622;1
403721;1
401896;1
26477;1
31266;1
2531;1
402637;1
41602;1
45045;1
5243;1
18594;1
101906;1
402918;1
211250;1
411380;1
400220;1
417780;1
45818;1
292150;1
437183;1
9695;1
12658;1
23424;1
13140;1
100641;1
12321;1
413815;1
402529;1
933;1
18511;1
228081;1
57641;1
300523;1
103335;1
104924;1
5160;1
57739;1
413017;1
26715;1
39359;1
40914;1
4196;1
7905;1
435826;1
49343;1
424770;1
5415;1
433993;1
435468;1
17052;1
3968;1
7847;1
26752;1
5530;1
30063;1
22600;1
37041;1
23443;1
232144;1
31267;1
56305;1
11915;1
7650;1
214336;1
5017;1
27820;1
437985;1
101214;1
214614;1
413035;1
2501;1
14839;1
41456;1
16918;1
27693;1
42076;1
422623;1
239490;1
18485;1
39549;1
411802;1
49260;1
10905;1
33272;1
577;1
57109;1
439417;1
45056;1
403804;1
4179;1
13606;1
19194;1
34544;1
24086;1
34980;1
33803;1
401996;1
39871;1
38922;1
33026;1
19267;1
37143;1
39095;1
34679;1
38035;1
101604;1
2225;1
28501;1
302100;1
3730;1
444520;1
8863;1
57660;1
138854;1
17797;1
104380;1
429720;1
32609;1
11742;1
2267;1
25518;1
2181;1
424911;1
28730;1
412778;1
404681;1
22572;1
431381;1
40319;1
21311;1
239818;1
9337;1
411428;1
60442;1
100492;1
105178;1
138503;1
402865;1
300207;1
239215;1
211434;1
48395;1
18784;1
46972;1
34794;1
42986;1
404531;1
419079;1
11089;1
8794;1
21254;1
7760;1
103432;1
28134;1
51364;1
20952;1
432261;1
411094;1
6263;1
132593;1
46155;1
5417;1
46478;1
14096;1
130911;1
48285;1
439983;1
38884;1
20284;1
20980;1
51047;1
423911;1
42461;1
56865;1
54238;1
2660;1
239655;1
238910;1
37565;1
239227;1
6383;1
5630;1
409764;1
20164;1
28871;1
302107;1
3512;1
429209;1
228080;1
22592;1
214435;1
421747;1
33778;1
44093;1
7770;1
49823;1
440441;1
29785;1
21642;1
33636;1
28310;1
410688;1
120603;1
428140;1
21790;1
45883;1
302374;1
21618;1
45607;1
33986;1
405415;1
127548;1
35974;1
13074;1
18938;1
48035;1
50719;1
236024;1
46104;1
26274;1
6806;1
30569;1
407700;1
406040;1
56002;1
101459;1
106357;1
30031;1
53053;1
4694;1
58224;1
19585;1
11939;1
406256;1
8098;1
302062;1
2247;1
19037;1
7947;1
53639;1
4456;1
58861;1
11579;1
137665;1
238982;1
38869;1
214204;1
33668;1
37169;1
235;1
105964;1
40031;1
47472;1
211373;1
101641;1
16182;1
41870;1
138569;1
7702;1
45276;1
21851;1
25911;1
51424;1
105146;1
950;1
232156;1
100083;1
134240;1
42147;1
127571;1
440309;1
434529;1
101615;1
13803;1
130851;1
34887;1
15865;1
14819;1
103386;1
411372;1
100077;1
38894;1
401476;1
214783;1
236065;1
239685;1
292120;1
30498;1
11825;1
13208;1
21673;1
4253;1
57833;1
102887;1
102284;1
14927;1
20942;1
5735;1
36884;1
52625;1
211044;1
9982;1
9090;1
409195;1
37955;1
232145;1
105163;1
58656;1
47089;1
128129;1
23321;1
232158;1
4593;1
37580;1
3037;1
300402;1
409776;1
211391;1
28530;1
28267;1
6810;1
1677;1
11881;1
422371;1
428033;1
30208;1
421698;1
403040;1
48903;1
200093;1
442825;1
27426;1
41852;1
53558;1
41750;1
300279;1
438264;1
18849;1
8481;1
104401;1
433742;1
409273;1
104491;1
24403;1
105327;1
39935;1
406275;1
191;1
1972;1
407012;1
14793;1
27385;1
418302;1
239318;1
27905;1
11279;1
16240;1
434395;1
36538;1
52840;1
422565;1
417690;1
7088;1
34802;1
36381;1
5343;1
27057;1
130817;1
441425;1
431479;1
406504;1
105955;1
59501;1
45398;1
20833;1
412539;1
5169;1
434304;1
130391;1
29868;1
403579;1
411185;1
42173;1
36579;1
27945;1
13043;1
45925;1
6175;1
4684;1
46090;1
17861;1
21244;1
42898;1
138284;1
104436;1
307009;1
47028;1
9824;1
58945;1
4344;1
420714;1
44952;1
9091;1
18949;1
47262;1
45478;1
38231;1
58275;1
15426;1
239001;1
20448;1
441806;1
104758;1
1235;1
422955;1
239830;1
432962;1
100470;1
38286;1
238975;1
9376;1
421622;1
36392;1
103876;1
200041;1
424750;1
407060;1
48726;1
238389;1
428501;1
50467;1
120686;1
43028;1
29451;1
50034;1
36012;1
10761;1
300470;1
408401;1
40165;1
39616;1
56453;1
32498;1
45176;1
39690;1
52526;1
35695;1
444506;1
15968;1
39354;1
434127;1
21670;1
238100;1
30702;1
437179;1
57546;1
40869;1
35195;1
27035;1
8273;1
60332;1
3777;1
43591;1
419035;1
26702;1
4739;1
404124;1
102599;1
53812;1
8577;1
54166;1
408151;1
419170;1
100417;1
1314;1
30718;1
121157;1
12037;1
53840;1
132718;1
402473;1
238551;1
59643;1
5198;1
34356;1
40028;1
402804;1
15241;1
17139;1
18489;1
39859;1
42921;1
25960;1
23362;1
441952;1
436379;1
7284;1
238415;1
444713;1
26294;1
22699;1
439705;1
133810;1
39247;1
404466;1
34006;1
13289;1
40803;1
10260;1
1648;1
40248;1
17205;1
211148;1
18054;1
238127;1
100482;1
407147;1
28742;1
7973;1
35636;1
42141;1
9650;1
239175;1
13531;1
405203;1
418855;1
31587;1
14429;1
139731;1
120719;1
102373;1
21309;1
122976;1
3594;1
138801;1
7221;1
25770;1
15599;1
8769;1
21876;1
47517;1
22286;1
127347;1
17051;1
51518;1
12778;1
100703;1
41586;1
27655;1
55696;1
192;1
53047;1
120701;1
17259;1
31914;1
4214;1
11328;1
406622;1
417451;1
41765;1
9115;1
105057;1
409991;1
105339;1
15773;1
131032;1
45767;1
401444;1
21005;1
29745;1
29812;1
56817;1
102328;1
26496;1
45111;1
44981;1
45987;1
6772;1
17785;1
45896;1
41473;1
38672;1
44618;1
32834;1
8216;1
23168;1
102719;1
2119;1
238196;1
41097;1
417060;1
39100;1
127505;1
4126;1
20067;1
105556;1
104840;1
20802;1
52242;1
411204;1
41911;1
3947;1
34454;1
35578;1
402827;1
5510;1
432348;1
6915;1
18633;1
46831;1
26627;1
45506;1
16789;1
1377;1
17250;1
438212;1
14827;1
783;1
24409;1
12861;1
2360;1
5946;1
18629;1
421897;1
31286;1
4074;1
30431;1
409384;1
24235;1
54694;1
7749;1
27360;1
40414;1
42761;1
21535;1
38090;1
105077;1
413944;1
57230;1
102249;1
16694;1
15605;1
43304;1
50855;1
100167;1
588;1
12164;1
439;1
206;1
101838;1
137517;1
42726;1
104086;1
423595;1
3759;1
100927;1
102972;1
122254;1
100509;1
41530;1
27101;1
22943;1
3103;1
59941;1
14938;1
19655;1
134231;1
38947;1
407855;1
38033;1
40243;1
47720;1
32679;1
239202;1
438254;1
434501;1
35903;1
51756;1
15166;1
15748;1
54597;1
39392;1
5303;1
16369;1
10218;1
200076;1
232134;1
103723;1
238205;1
420617;1
238665;1
214063;1
19474;1
41902;1
40672;1
22022;1
10973;1
39572;1
15394;1
57188;1
39219;1
127535;1
418545;1
28072;1
24081;1
8678;1
302097;1
59744;1
39858;1
101736;1
32793;1
23064;1
10467;1
19159;1
15383;1
238521;1
20912;1
423667;1
5675;1
40006;1
100285;1
42872;1
7867;1
25508;1
30942;1
36930;1
18799;1
214030;1
6168;1
7836;1
41247;1
6347;1
407861;1
101918;1
100113;1
2100;1
44037;1
405837;1
419822;1
300119;1
10223;1
33859;1
42013;1
36116;1
35721;1
15759;1
50480;1
37478;1
37427;1
54557;1
232077;1
19134;1
15610;1
33342;1
15761;1
1988;1
130516;1
10309;1
27096;1
239753;1
20010;1
102636;1
47310;1
123031;1
16020;1
8327;1
405507;1
137374;1
50150;1
52936;1
32008;1
232058;1
7037;1
22472;1
41747;1
45396;1
131119;1
44014;1
50411;1
232169;1
300503;1
28588;1
16339;1
425670;1
103233;1
133791;1
407989;1
5548;1
5791;1
15675;1
415581;1
6448;1
2487;1
27541;1
20596;1
8749;1
412547;1
27683;1
105256;1
27537;1
102650;1
22090;1
13882;1
401177;1
100408;1
441934;1
43486;1
48686;1
52429;1
414322;1
424104;1
432612;1
27976;1
26267;1
7;1
238707;1
13864;1
1600;1
17417;1
438252;1
18402;1
47795;1
17747;1
415103;1
13311;1
439146;1
441916;1
56089;1
214222;1
36319;1
3413;1
26247;1
238497;1
4180;1
38915;1
22608;1
4488;1
238052;1
27361;1
8275;1
16258;1
56775;1
34025;1
39639;1
50801;1
133779;1
861;1
48653;1
444008;1
238328;1
14529;1
39750;1
418893;1
406210;1
130448;1
43377;1
413920;1
51186;1
4233;1
238456;1
23574;1
137500;1
130281;1
214438;1
422607;1
23189;1
4656;1
424843;1
104848;1
121296;1
100348;1
405790;1
36433;1
20451;1
33111;1
409528;1
298044;1
408847;1
17173;1
10174;1
27819;1
130874;1
34165;1
48034;1
13155;1
3324;1
100704;1
58344;1
20266;1
33635;1
130394;1
60424;1
103218;1
40322;1
22807;1
438849;1
45933;1
14493;1
53909;1
412804;1
101440;1
6150;1
57475;1
238470;1
439501;1
44704;1
18612;1
31657;1
24492;1
132732;1
23623;1
5633;1
200054;1
418274;1
100074;1
22702;1
17591;1
6152;1
14142;1
3547;1
28806;1
18074;1
18748;1
437483;1
38735;1
23133;1
6439;1
46864;1
48762;1
137249;1
122970;1
425657;1
400079;1
17786;1
183;1
45253;1
102229;1
239222;1
16095;1
238033;1
35579;1
5264;1
33483;1
26018;1
51467;1
32598;1
48580;1
53378;1
14431;1
122;1
405236;1
50647;1
416255;1
214449;1
24471;1
302341;1
429584;1
9137;1
36889;1
11494;1
420788;1
43164;1
10282;1
59685;1
45192;1
300130;1
35165;1
16592;1
33206;1
41596;1
41748;1
429634;1
25173;1
31132;1
444307;1
17803;1
41733;1
18181;1
53141;1
103225;1
5230;1
302419;1
39598;1
409162;1
44214;1
1811;1
22750;1
122249;1
15494;1
11797;1
20963;1
105386;1
407596;1
27915;1
133918;1
414733;1
54096;1
48134;1
59495;1
10430;1
427632;1
407151;1
134239;1
38391;1
424849;1
409198;1
417819;1
105560;1
25819;1
14403;1
43824;1
26108;1
15197;1
252062;1
39678;1
400481;1
27241;1
130584;1
2366;1
105236;1
4634;1
1550;1
30347;1
436573;1
45044;1
436515;1
413005;1
100692;1
41682;1
41237;1
3068;1
440821;1
105409;1
4356;1
5754;1
101863;1
20175;1
137372;1
35673;1
211125;1
25830;1
100841;1
54752;1
25665;1
423098;1
42369;1
138306;1
401712;1
424805;1
59219;1
12744;1
1603;1
36667;1
51710;1
443766;1
32334;1
12465;1
8579;1
138817;1
22871;1
12692;1
39884;1
15238;1
19688;1
425125;1
38163;1
105923;1
214977;1
37286;1
41663;1
37740;1
5616;1
423659;1
46162;1
9079;1
20966;1
41728;1
20216;1
19700;1
9838;1
430998;1
3530;1
43180;1
9259;1
5581;1
16367;1
401004;1
5208;1
55471;1
23300;1
45537;1
36599;1
34972;1
54645;1
24070;1
54603;1
3463;1
52276;1
43189;1
404376;1
45019;1
409167;1
15850;1
14832;1
37998;1
39676;1
50300;1
3717;1
57402;1
8475;1
420481;1
20502;1
56929;1
433173;1
33938;1
402440;1
17953;1
103796;1
31457;1
41203;1
27369;1
104350;1
40107;1
411716;1
122266;1
8270;1
1144;1
43525;1
416095;1
31368;1
102409;1
1987;1
6912;1
31242;1
29835;1
12905;1
421522;1
8954;1
45744;1
48364;1
292227;1
438082;1
120071;1
10352;1
133912;1
22991;1
2540;1
42154;1
7292;1
27304;1
37832;1
27430;1
238167;1
37160;1
28529;1
52136;1
56441;1
214812;1
412077;1
38259;1
15427;1
58285;1
101977;1
36367;1
434314;1
38384;1
47869;1
38443;1
18282;1
3682;1
45599;1
418835;1
21058;1
16071;1
239050;1
32743;1
14998;1
30995;1
4948;1
7372;1
101737;1
440563;1
411570;1
41938;1
39739;1
33114;1
101223;1
104450;1
102029;1
59612;1
43342;1
26449;1
214695;1
5163;1
25207;1
17831;1
404992;1
51702;1
14826;1
1770;1
408445;1
35982;1
22455;1
43281;1
28956;1
57491;1
292153;1
27503;1
18337;1
48500;1
8766;1
13114;1
431570;1
200011;1
406183;1
404074;1
41937;1
34349;1
44627;1
29442;1
236130;1
8453;1
103292;1
106405;1
411033;1
33799;1
102034;1
443960;1
427173;1
40323;1
413974;1
214246;1
214999;1
214642;1
25972;1
29798;1
13303;1
17660;1
44359;1
33435;1
421608;1
214763;1
7313;1
40841;1
6285;1
37120;1
40552;1
21340;1
239642;1
55356;1
33798;1
434513;1
423102;1
48119;1
23232;1
37872;1
439955;1
12239;1
4995;1
403899;1
431641;1
8172;1
440509;1
18432;1
411433;1
11714;1
11178;1
292101;1
58736;1
3987;1
427238;1
32836;1
102597;1
34591;1
52130;1
25150;1
9844;1
45900;1
411772;1
404044;1
39143;1
131173;1
433445;1
414286;1
17723;1
105611;1
130986;1
32970;1
22660;1
440673;1
405013;1
15290;1
138804;1
15305;1
24922;1
56785;1
45020;1
18112;1
36008;1
7692;1
5994;1
13453;1
402408;1
39133;1
22291;1
130998;1
35052;1
444229;1
32500;1
102885;1
46743;1
31454;1
50725;1
52317;1
37456;1
36439;1
26461;1
10569;1
25692;1
54343;1
51322;1
22395;1
43578;1
409678;1
5991;1
28064;1
11663;1
23414;1
238568;1
18773;1
11657;1
22413;1
101557;1
43762;1
29997;1
13770;1
21014;1
102955;1
302199;1
27190;1
14843;1
423275;1
45083;1
40271;1
4245;1
19558;1
20645;1
5898;1
3861;1
103086;1
105240;1
405089;1
106892;1
29511;1
100350;1
3632;1
7010;1
434198;1
55951;1
300440;1
52889;1
8352;1
45419;1
30911;1
302257;1
407449;1
36481;1
58686;1
211118;1
39474;1
30054;1
8663;1
6151;1
17664;1
101312;1
103213;1
239879;1
10462;1
43464;1
1663;1
32935;1
238582;1
21245;1
127578;1
9754;1
22082;1
18614;1
29824;1
44523;1
18556;1
402537;1
28983;1
417698;1
24439;1
17211;1
24191;1
32775;1
100567;1
13652;1
122291;1
443444;1
16905;1
238563;1
41878;1
12885;1
239395;1
46829;1
40954;1
12567;1
11055;1
56771;1
15545;1
8505;1
3956;1
42185;1
434037;1
411629;1
45807;1
26470;1
5779;1
100775;1
3000;1
416408;1
33149;1
40455;1
432371;1
409575;1
30857;1
9588;1
437185;1
46371;1
18342;1
39181;1
214504;1
4998;1
55808;1
40421;1
43381;1
8469;1
1470;1
33660;1
120819;1
31749;1
211208;1
42124;1
54252;1
2698;1
101116;1
19238;1
20572;1
10871;1
832;1
37991;1
15665;1
18969;1
45750;1
54605;1
27435;1
4350;1
127633;1
41142;1
8691;1
408974;1
12978;1
29608;1
35292;1
54767;1
234018;1
26948;1
103447;1
11048;1
101916;1
295023;1
33374;1
20405;1
50707;1
412718;1
302185;1
7695;1
5386;1
102580;1
35392;1
409175;1
6467;1
133689;1
29635;1
15775;1
38340;1
400047;1
12626;1
16927;1
23309;1
103253;1
14964;1
50581;1
5710;1
8438;1
44320;1
130920;1
53197;1
17251;1
104891;1
1667;1
409165;1
36400;1
10830;1
441792;1
292158;1
405238;1
53737;1
35972;1
438682;1
37587;1
6404;1
130388;1
38650;1
11898;1
103554;1
130918;1
17622;1
45484;1
102053;1
44732;1
32625;1
406462;1
9654;1
39900;1
422343;1
3455;1
103041;1
400745;1
130815;1
34169;1
137107;1
43692;1
400240;1
408952;1
44300;1
1509;1
44119;1
59113;1
26911;1
102851;1
214171;1
38964;1
4798;1
416074;1
27615;1
404505;1
43095;1
25861;1
103981;1
7858;1
1698;1
919;1
106063;1
26127;1
39360;1
29225;1
27632;1
105402;1
16350;1
11849;1
214717;1
239593;1
37877;1
45678;1
15157;1
11481;1
17596;1
40833;1
10605;1
238145;1
13708;1
122295;1
13285;1
35598;1
440166;1
274048;1
16889;1
421719;1
48505;1
437226;1
33437;1
31670;1
12798;1
30410;1
409287;1
39004;1
441808;1
44937;1
45654;1
134321;1
31424;1
35623;1
4480;1
53881;1
44808;1
292205;1
24187;1
10336;1
105851;1
12779;1
42491;1
238660;1
20060;1
38339;1
48060;1
432202;1
104087;1
10800;1
20905;1
101171;1
25047;1
59787;1
8721;1
133830;1
4915;1
412728;1
26772;1
2628;1
30512;1
419147;1
200087;1
40430;1
31276;1
1979;1
120641;1
49842;1
60174;1
137150;1
56694;1
32837;1
38933;1
430651;1
105719;1
35566;1
32509;1
6978;1
40765;1
45094;1
5919;1
410010;1
104668;1
43751;1
105846;1
26689;1
42201;1
49668;1
441457;1
55989;1
45904;1
39707;1
53977;1
34502;1
47593;1
101151;1
30364;1
47628;1
16287;1
44787;1
26246;1
103358;1
236165;1
13621;1
15328;1
3248;1
19158;1
34897;1
57604;1
54021;1
18719;1
15354;1
239307;1
214198;1
42235;1
51956;1
122308;1
54164;1
25676;1
31834;1
300035;1
39310;1
239290;1
24279;1
1991;1
214376;1
39525;1
104904;1
36934;1
42889;1
103536;1
443547;1
2344;1
51733;1
232138;1
418863;1
11843;1
31800;1
133790;1
239946;1
214973;1
419858;1
105496;1
402082;1
30663;1
401066;1
19025;1
6147;1
11798;1
17919;1
137337;1
403282;1
211393;1
426921;1
25683;1
105849;1
100224;1
45492;1
4060;1
34633;1
6693;1
137700;1
38552;1
24915;1
41091;1
659;1
302393;1
6609;1
48002;1
8802;1
43624;1
56577;1
434131;1
6847;1
29155;1
7179;1
566;1
30493;1
8365;1
36150;1
420008;1
11385;1
1520;1
232203;1
402778;1
37810;1
19305;1
48397;1
137533;1
418434;1
59311;1
18458;1
2266;1
2162;1
439539;1
300490;1
120091;1
43865;1
57138;1
104954;1
103486;1
6478;1
9956;1
28850;1
52900;1
24368;1
101963;1
402039;1
307003;1
42486;1
55090;1
239285;1
55123;1
27832;1
5923;1
1930;1
102765;1
38227;1
10195;1
47196;1
236096;1
409941;1
17493;1
48260;1
10852;1
21315;1
5575;1
4939;1
46036;1
39857;1
12611;1
36330;1
9934;1
413739;1
3361;1
4220;1
29596;1
214493;1
31320;1
436385;1
441960;1
440761;1
403737;1
37708;1
54549;1
430863;1
7648;1
12439;1
47729;1
13583;1
411295;1
283048;1
39553;1
48794;1
431856;1
4972;1
23348;1
52810;1
42320;1
283082;1
214251;1
8759;1
434815;1
31376;1
3502;1
214621;1
134252;1
17535;1
36321;1
32176;1
407439;1
404509;1
46687;1
401202;1
2607;1
238386;1
433995;1
49248;1
27376;1
12139;1
102745;1
49621;1
38793;1
8785;1
41886;1
30414;1
1707;1
5392;1
45129;1
101587;1
211109;1
133823;1
105023;1
292053;1
38807;1
214331;1
38641;1
104029;1
17242;1
431256;1
40378;1
20270;1
103986;1
46813;1
28009;1
106474;1
232117;1
427035;1
405235;1
53183;1
19524;1
22393;1
17030;1
5764;1
27414;1
57471;1
403889;1
4236;1
28047;1
18805;1
22438;1
438538;1
57418;1
52836;1
402853;1
417662;1
431878;1
31772;1
104322;1
9775;1
30215;1
5119;1
43285;1
7026;1
22296;1
19099;1
35003;1
106332;1
40029;1
37538;1
9745;1
27460;1
34644;1
36646;1
59033;1
44950;1
8154;1
103056;1
32147;1
18129;1
15002;1
15156;1
283168;1
283104;1
403831;1
404607;1
407975;1
232064;1
40162;1
16101;1
423647;1
18204;1
37487;1
21907;1
300468;1
103372;1
48839;1
214871;1
418897;1
103071;1
39292;1
104683;1
44713;1
33681;1
20697;1
103522;1
53829;1
29792;1
11950;1
372;1
50839;1
302159;1
43174;1
25798;1
43224;1
27397;1
14861;1
300455;1
238461;1
103827;1
410318;1
16719;1
16765;1
104005;1
22617;1
36112;1
39047;1
402278;1
40665;1
410457;1
32868;1
438983;1
214368;1
238782;1
5635;1
104681;1
31600;1
8471;1
1399;1
102618;1
31841;1
34403;1
43813;1
23163;1
416195;1
404728;1
8048;1
421810;1
430763;1
58851;1
42353;1
121154;1
6311;1
6542;1
8460;1
214808;1
21809;1
54678;1
29332;1
20054;1
11271;1
403003;1
40691;1
56579;1
511;1
36301;1
24395;1
23212;1
104731;1
36658;1
432218;1
48481;1
15975;1
45299;1
300506;1
12368;1
439424;1
53821;1
12334;1
18785;1
22164;1
43932;1
24211;1
400527;1
38636;1
14809;1
300398;1
236032;1
12384;1
43497;1
9757;1
32701;1
53321;1
32490;1
36376;1
407547;1
424136;1
214544;1
401780;1
407813;1
24680;1
36342;1
18903;1
16036;1
100082;1
15457;1
232207;1
410946;1
22795;1
411785;1
103277;1
16924;1
12274;1
214788;1
37555;1
48706;1
34193;1
25623;1
100389;1
432985;1
30165;1
415212;1
56329;1
27651;1
101142;1
35791;1
41005;1
123177;1
137211;1
7491;1
214684;1
422721;1
31003;1
39178;1
421484;1
21589;1
23416;1
4789;1
32980;1
413954;1
120035;1
424803;1
20507;1
41398;1
41500;1
7647;1
35147;1
127338;1
18201;1
122332;1
33485;1
23310;1
59826;1
27560;1
26474;1
133698;1
238156;1
14098;1
407688;1
9917;1
17707;1
283182;1
12478;1
27003;1
35904;1
49497;1
39766;1
214662;1
253004;1
34777;1
33659;1
239666;1
41181;1
428437;1
58222;1
13546;1
104390;1
15337;1
138581;1
6853;1
2727;1
102318;1
17437;1
55126;1
121008;1
131100;1
30228;1
8518;1
3039;1
40755;1
38478;1
33949;1
46955;1
404086;1
401450;1
300380;1
5344;1
430891;1
20866;1
232133;1
43074;1
10978;1
18837;1
7546;1
34727;1
130772;1
15070;1
38520;1
19853;1
420778;1
413254;1
25925;1
21848;1
27966;1
26560;1
238399;1
14485;1
37010;1
214539;1
236152;1
9705;1
45724;1
238525;1
122974;1
292170;1
4284;1
15141;1
411687;1
120680;1
30204;1
433076;1
17716;1
58621;1
16072;1
411259;1
19948;1
3964;1
35075;1
103650;1
437539;1
1830;1
428272;1
105426;1
102265;1
2040;1
28368;1
17780;1
55279;1
44768;1
42805;1
31314;1
31500;1
9818;1
33755;1
127330;1
239584;1
46307;1
7003;1
32306;1
4692;1
50602;1
42045;1
10496;1
43644;1
132695;1
50799;1
30478;1
28188;1
17732;1
106450;1
38017;1
130503;1
12534;1
1705;1
43278;1
23217;1
17171;1
9989;1
104319;1
2321;1
30118;1
8262;1
411135;1
2921;1
106364;1
102414;1
9703;1
100941;1
5653;1
52919;1
32846;1
421700;1
42431;1
26768;1
11180;1
2514;1
1913;1
120685;1
8795;1
31246;1
17583;1
442292;1
29649;1
22434;1
238291;1
412762;1
400940;1
27857;1
37275;1
6292;1
138720;1
418851;1
430649;1
133841;1
27141;1
60179;1
23694;1
12958;1
20505;1
21553;1
302104;1
55202;1
103427;1
36070;1
47429;1
41674;1
2667;1
16907;1
37523;1
239053;1
121268;1
26685;1
406173;1
34005;1
39832;1
104293;1
44603;1
19032;1
5027;1
214102;1
28054;1
411240;1
14312;1
420316;1
405437;1
105802;1
411009;1
23193;1
48701;1
18306;1
102913;1
406867;1
29838;1
23887;1
430848;1
436977;1
7693;1
17534;1
23624;1
433879;1
138829;1
39501;1
51220;1
13375;1
55917;1
105731;1
28453;1
22652;1
39540;1
84;1
101549;1
52057;1
238269;1
40800;1
1815;1
48598;1
214991;1
108;1
32097;1
35120;1
19275;1
25429;1
102013;1
403774;1
60298;1
24255;1
29749;1
438713;1
121016;1
104711;1
101466;1
130827;1
19051;1
103905;1
15344;1
13585;1
58937;1
34913;1
10378;1
41673;1
47495;1
47566;1
28234;1
445517;1
32417;1
31201;1
431443;1
132683;1
5871;1
420635;1
36031;1
137686;1
43609;1
26262;1
2567;1
25726;1
132703;1
214552;1
302249;1
50805;1
52395;1
22980;1
28726;1
29741;1
47973;1
239878;1
42136;1
57848;1
214315;1
12149;1
443842;1
37009;1
26541;1
55026;1
404720;1
31489;1
41209;1
239452;1
19705;1
238813;1
2244;1
47442;1
49461;1
7538;1
18086;1
54860;1
57200;1
11529;1
239322;1
41872;1
34411;1
36759;1
232168;1
28362;1
1569;1
15666;1
400322;1
20481;1
300093;1
41534;1
31294;1
15807;1
42373;1
423180;1
38491;1
57358;1
12312;1
38088;1
52389;1
9105;1
214467;1
26552;1
415046;1
133838;1
102235;1
100527;1
21230;1
21834;1
400507;1
200056;1
411677;1
22430;1
16360;1
23571;1
11000;1
55109;1
402015;1
30094;1
24396;1
43208;1
407028;1
413933;1
100220;1
22183;1
1791;1
28048;1
103354;1
403693;1
15306;1
46212;1
21022;1
102946;1
48138;1
438160;1
2314;1
4303;1
39018;1
40799;1
10280;1
409008;1
42607;1
12985;1
29415;1
21627;1
20111;1
300173;1
33148;1
137161;1
38496;1
9441;1
15113;1
967;1
8893;1
58803;1
40251;1
46431;1
439729;1
292196;1
45940;1
409179;1
133735;1
4904;1
47202;1
2878;1
19079;1
408431;1
35697;1
12565;1
26188;1
412116;1
38615;1
253018;1
419428;1
421447;1
239918;1
239089;1
106894;1
37205;1
12598;1
200072;1
25822;1
43421;1
104058;1
406119;1
16732;1
47228;1
13154;1
31779;1
16914;1
24576;1
54327;1
51905;1
11203;1
31711;1
29924;1
17285;1
103575;1
102775;1
443654;1
137677;1
21990;1
25745;1
439959;1
20715;1
408158;1
24705;1
404420;1
211305;1
33014;1
102115;1
19041;1
5648;1
100743;1
100539;1
35731;1
44958;1
50239;1
423249;1
422834;1
45363;1
46712;1
26200;1
15076;1
15689;1
239107;1
6672;1
22329;1
26489;1
100747;1
410620;1
1370;1
105648;1
414393;1
101304;1
102319;1
48338;1
43677;1
400914;1
14904;1
5689;1
238929;1
45164;1
121225;1
884;1
4185;1
131003;1
953;1
3931;1
21791;1
400193;1
54661;1
414746;1
6602;1
4331;1
13317;1
211358;1
40822;1
30794;1
23745;1
105116;1
15385;1
138820;1
22142;1
27402;1
239398;1
34548;1
402944;1
15104;1
40925;1
18929;1
423961;1
49663;1
27781;1
122124;1
16816;1
228090;1
443864;1
5928;1
413055;1
45500;1
123005;1
104214;1
40268;1
3336;1
418967;1
412900;1
10150;1
31806;1
106108;1
302054;1
414124;1
105286;1
8424;1
7242;1
30396;1
15060;1
7715;1
105360;1
20884;1
431763;1
401353;1
17607;1
5269;1
13987;1
400391;1
238080;1
42458;1
27825;1
25027;1
30879;1
102656;1
19941;1
23523;1
7537;1
102057;1
33877;1
30548;1
18141;1
8623;1
46916;1
44271;1
12434;1
130735;1
32499;1
15090;1
28079;1
127598;1
26568;1
418350;1
122067;1
37462;1
47343;1
33888;1
12703;1
26071;1
413069;1
238836;1
30696;1
424813;1
401736;1
238284;1
429614;1
56109;1
121311;1
31957;1
405113;1
120021;1
13575;1
28524;1
564;1
3842;1
3618;1
1916;1
401224;1
20540;1
40603;1
40364;1
54208;1
2454;1
53472;1
404414;1
33587;1
4468;1
24054;1
2861;1
53514;1
33617;1
9132;1
49187;1
214559;1
6074;1
36476;1
16652;1
25984;1
56430;1
434511;1
35200;1
45;1
47772;1
103975;1
228072;1
20148;1
36985;1
20452;1
17352;1
104990;1
22553;1
50645;1
406787;1
36373;1
7708;1
132701;1
3738;1
238062;1
21055;1
443874;1
14209;1
40609;1
47648;1
429586;1
18122;1
29299;1
29306;1
49301;1
439957;1
59540;1
21747;1
18136;1
101994;1
238524;1
434878;1
232122;1
31654;1
105864;1
100099;1
43129;1
23866;1
104193;1
35944;1
292217;1
36615;1
3643;1
292143;1
12032;1
19173;1
31356;1
54041;1
10210;1
103317;1
23059;1
403897;1
56601;1
40616;1
137311;1
120328;1
32329;1
671;1
24055;1
24210;1
120348;1
6621;1
43722;1
38119;1
1964;1
4018;1
27747;1
440291;1
238672;1
34825;1
6212;1
19128;1
2870;1
30613;1
104114;1
49937;1
416499;1
432272;1
439703;1
21118;1
130725;1
214880;1
40386;1
39273;1
29262;1
10272;1
3569;1
1475;1
432122;1
16269;1
8279;1
40669;1
133817;1
300360;1
6389;1
418519;1
238627;1
48335;1
412413;1
17505;1
17819;1
37800;1
16330;1
39369;1
41564;1
34152;1
30488;1
16656;1
35304;1
12131;1
3955;1
400978;1
409423;1
5487;1
18281;1
6097;1
29214;1
9992;1
42299;1
30834;1
103395;1
43522;1
45243;1
413949;1
43623;1
29184;1
14558;1
18886;1
38682;1
131096;1
102713;1
409742;1
103897;1
42031;1
404553;1
441988;1
46254;1
238036;1
234005;1
439409;1
101385;1
8978;1
402788;1
37060;1
410452;1
33776;1
23264;1
12391;1
52798;1
21614;1
28049;1
404556;1
38065;1
44335;1
6829;1
101442;1
23175;1
19701;1
404517;1
431623;1
60009;1
17262;1
27050;1
28452;1
214363;1
38833;1
48391;1
39440;1
13493;1
7419;1
101354;1
735;1
2672;1
214844;1
41654;1
427893;1
405040;1
419536;1
441347;1
35116;1
425688;1
43431;1
25113;1
33419;1
239187;1
19810;1
420925;1
414562;1
29060;1
239521;1
9109;1
17180;1
17448;1
13545;1
41098;1
39882;1
23751;1
33045;1
123195;1
45748;1
104139;1
104744;1
18237;1
25771;1
43695;1
41694;1
38927;1
43830;1
1635;1
33546;1
42844;1
2665;1
101638;1
104858;1
38501;1
300482;1
37406;1
418384;1
414099;1
33288;1
105115;1
28500;1
31569;1
19487;1
105486;1
26057;1
40004;1
45752;1
41684;1
440277;1
410703;1
127331;1
283175;1
16372;1
422505;1
4665;1
29151;1
4828;1
42911;1
1696;1
51950;1
214132;1
39958;1
401251;1
46350;1
427259;1
38521;1
6838;1
13486;1
19509;1
50501;1
283051;1
6182;1
40508;1
5870;1
26960;1
26161;1
31093;1
23185;1
406541;1
13450;1
30751;1
214475;1
16784;1
239399;1
26271;1
59047;1
138826;1
102155;1
423687;1
432458;1
19983;1
17370;1
22979;1
402076;1
9159;1
214156;1
20370;1
100267;1
687;1
130642;1
2798;1
45819;1
100976;1
54761;1
37072;1
48575;1
409506;1
47928;1
402633;1
5277;1
101306;1
104278;1
405973;1
55225;1
407164;1
28458;1
59180;1
120495;1
58692;1
428030;1
434324;1
238755;1
423614;1
14445;1
5567;1
28442;1
423554;1
33425;1
102542;1
413892;1
54958;1
26593;1
2874;1
32703;1
400073;1
403113;1
12120;1
9382;1
13042;1
104872;1
7529;1
29558;1
31710;1
6289;1
101722;1
437899;1
28982;1
440559;1
406569;1
302105;1
412882;1
35886;1
35253;1
23131;1
42405;1
106452;1
34585;1
10305;1
134232;1
47197;1
39339;1
38309;1
24997;1
53215;1
428835;1
403399;1
586;1
34492;1
401658;1
253032;1
39152;1
402621;1
49598;1
33088;1
238260;1
34210;1
25667;1
11870;1
13500;1
37175;1
28107;1
103296;1
31008;1
10779;1
102894;1
4315;1
406029;1
38824;1
14624;1
36365;1
407571;1
100809;1
24858;1
41160;1
18581;1
32371;1
19586;1
214288;1
428814;1
21155;1
41260;1
400373;1
39350;1
18353;1
12007;1
400933;1
24951;1
15613;1
18117;1
37809;1
364;1
428638;1
31781;1
239228;1
45121;1
300042;1
239905;1
103012;1
103282;1
104548;1
121239;1
16356;1
28456;1
409381;1
44724;1
27959;1
34120;1
419009;1
46606;1
55524;1
6128;1
130879;1
32478;1
23289;1
420217;1
40627;1
422483;1
47999;1
13730;1
400447;1
413917;1
211248;1
1255;1
102753;1
7237;1
4763;1
28967;1
5938;1
34148;1
100309;1
46418;1
105517;1
49158;1
127566;1
6737;1
3327;1
432961;1
25566;1
20736;1
15885;1
410014;1
11420;1
431308;1
15314;1
101441;1
123247;1
43526;1
10954;1
23534;1
103010;1
44159;1
14202;1
41827;1
32116;1
23641;1
120654;1
31927;1
1729;1
18431;1
34031;1
30254;1
42237;1
20750;1
9407;1
42075;1
100669;1
29443;1
5759;1
1387;1
32220;1
214197;1
437760;1
403173;1
42853;1
3386;1
25494;1
25892;1
104412;1
238209;1
52198;1
39285;1
34058;1
37210;1
300500;1
122117;1
415094;1
20711;1
300335;1
9361;1
133784;1
411161;1
36962;1
23484;1
5904;1
59987;1
133;1
104493;1
17176;1
52356;1
25653;1
29144;1
412522;1
428507;1
51685;1
11132;1
6316;1
54526;1
16242;1
53601;1
20714;1
214265;1
8035;1
53049;1
33563;1
430780;1
40432;1
16899;1
301;1
401675;1
45468;1
103564;1
33584;1
60157;1
102006;1
20663;1
33999;1
44442;1
18336;1
228082;1
23709;1
103835;1
30258;1
36311;1
236178;1
36500;1
58257;1
51303;1
104589;1
411535;1
47067;1
8124;1
42218;1
438202;1
37256;1
10776;1
434490;1
409655;1
127746;1
30823;1
138897;1
20854;1
54522;1
11945;1
123188;1
41019;1
51454;1
29637;1
42934;1
25855;1
404873;1
405301;1
137302;1
26034;1
127631;1
43500;1
101193;1
45914;1
427290;1
25199;1
130922;1
101452;1
101721;1
45100;1
52311;1
120702;1
10267;1
405319;1
13206;1
7247;1
60449;1
26903;1
130452;1
124;1
40456;1
38096;1
13182;1
11354;1
19713;1
20523;1
100232;1
14877;1
28823;1
54731;1
102999;1
4767;1
406575;1
22049;1
43825;1
53414;1
55955;1
411635;1
211206;1
38776;1
58440;1
19913;1
8137;1
405605;1
36115;1
300467;1
7097;1
101781;1
300469;1
443375;1
102109;1
36386;1
30609;1
30539;1
55919;1
14965;1
49094;1
1116;1
57518;1
41041;1
105889;1
104168;1
31542;1
7212;1
132449;1
35973;1
103936;1
211235;1
10521;1
38726;1
50905;1
33391;1
102938;1
2968;1
16852;1
431079;1
4384;1
2282;1
4282;1
423436;1
17592;1
19100;1
104276;1
8019;1
49151;1
54309;1
58334;1
104454;1
3859;1
14941;1
422820;1
239350;1
352;1
2885;1
26815;1
49116;1
688;1
8519;1
44213;1
407811;1
49987;1
413985;1
403284;1
39088;1
403095;1
200021;1
42172;1
137341;1
51244;1
20536;1
105966;1
104921;1
5239;1
21030;1
26648;1
20141;1
48797;1
45337;1
28444;1
19938;1
30181;1
302455;1
100752;1
54363;1
16835;1
406291;1
103894;1
407535;1
434336;1
46845;1
19498;1
252089;1
48327;1
36755;1
19738;1
34090;1
8523;1
211166;1
400768;1
23430;1
400308;1
8439;1
10809;1
36436;1
44879;1
104230;1
40270;1
421757;1
9722;1
239966;1
24082;1
14608;1
20415;1
7470;1
214332;1
18706;1
47568;1
55940;1
404404;1
8300;1
103736;1
22130;1
137679;1
1136;1
138978;1
32278;1
18478;1
103462;1
423860;1
43625;1
416143;1
18991;1
42260;1
31179;1
33489;1
14580;1
445963;1
49588;1
58762;1
426941;1
39522;1
26603;1
17480;1
60302;1
2855;1
22148;1
137110;1
102866;1
37183;1
25888;1
16046;1
30571;1
45777;1
29874;1
26514;1
10847;1
35859;1
103293;1
407563;1
28518;1
121223;1
104441;1
15181;1
42403;1
6946;1
32023;1
4518;1
18939;1
4841;1
43146;1
20994;1
40373;1
302120;1
54278;1
10835;1
13113;1
24487;1
53657;1
45873;1
130636;1
20435;1
36672;1
407787;1
4696;1
35283;1
8217;1
402176;1
103419;1
23590;1
10893;1
400091;1
426302;1
438120;1
405391;1
19720;1
44991;1
15408;1
24681;1
15825;1
32547;1
3761;1
30531;1
27941;1
2168;1
408589;1
408141;1
402839;1
431477;1
38925;1
138809;1
40468;1
1990;1
241;1
5117;1
32521;1
28812;1
8731;1
130277;1
17556;1
3769;1
407412;1
46992;1
26836;1
46288;1
31845;1
28669;1
699;1
1936;1
40794;1
274043;1
11795;1
10071;1
15253;1
15546;1
56386;1
24622;1
6925;1
23206;1
48565;1
52010;1
40695;1
24390;1
46863;1
50732;1
9508;1
9054;1
29555;1
15188;1
22654;1
28522;1
434626;1
9416;1
46696;1
405372;1
12651;1
101708;1
100345;1
25718;1
419194;1
1828;1
51288;1
103751;1
40623;1
26186;1
1779;1
424905;1
29076;1
32710;1
211020;1
100577;1
33174;1
105202;1
101460;1
24499;1
7774;1
211188;1
1523;1
35301;1
130890;1
20792;1
15532;1
35447;1
102631;1
232055;1
28171;1
7963;1
101787;1
421474;1
104499;1
104615;1
120723;1
55791;1
236109;1
25181;1
300181;1
13843;1
102087;1
43954;1
432960;1
302149;1
134244;1
27931;1
12732;1
102274;1
664;1
49061;1
214349;1
40728;1
44321;1
54829;1
137307;1
19969;1
29173;1
13629;1
429513;1
302367;1
239711;1
103000;1
238015;1
11140;1
24871;1
239639;1
22180;1
4992;1
104234;1
49373;1
300535;1
43874;1
11987;1
10887;1
300391;1
408333;1
414661;1
228104;1
434322;1
16866;1
400533;1
27021;1
11408;1
400283;1
10584;1
239242;1
283192;1
443858;1
211136;1
41588;1
41729;1
23672;1
13192;1
31770;1
238990;1
404094;1
33115;1
2060;1
28074;1
31863;1
4984;1
5618;1
50837;1
35184;1
412792;1
35501;1
104094;1
132576;1
47229;1
46660;1
46166;1
29617;1
239065;1
1986;1
38529;1
421564;1
7833;1
421421;1
48640;1
137258;1
44802;1
19046;1
47722;1
39423;1
24105;1
53013;1
42274;1
31240;1
100038;1
426213;1
33144;1
302055;1
24412;1
18394;1
403099;1
11205;1
300199;1
405592;1
44602;1
133843;1
422208;1
55148;1
14195;1
14591;1
441602;1
39635;1
675;1
55004;1
132684;1
47445;1
9019;1
10472;1
239000;1
898;1
2447;1
429966;1
405187;1
214795;1
28587;1
32092;1
38725;1
53919;1
253015;1
53217;1
2114;1
5170;1
491;1
239998;1
28168;1
302300;1
47881;1
30902;1
426102;1
292243;1
401903;1
40211;1
3664;1
102758;1
214366;1
33495;1
52251;1
102833;1
102586;1
31945;1
36491;1
406875;1
36718;1
138289;1
30647;1
302498;1
36580;1
31855;1
36021;1
44671;1
51708;1
36929;1
39081;1
105044;1
50040;1
5914;1
417620;1
30383;1
122248;1
38631;1
44655;1
23146;1
50455;1
239786;1
15432;1
239868;1
29621;1
4260;1
406548;1
101135;1
400111;1
8991;1
11954;1
101145;1
100147;1
53063;1
300442;1
42209;1
16768;1
418957;1
31140;1
11686;1
302276;1
416022;1
428489;1
26156;1
132590;1
35913;1
7243;1
29867;1
56661;1
403603;1
405217;1
37414;1
36965;1
12209;1
1557;1
400760;1
42250;1
131092;1
409680;1
29507;1
14652;1
38400;1
16271;1
420004;1
11375;1
31377;1
39883;1
39710;1
421361;1
429827;1
404163;1
41030;1
26458;1
48825;1
26070;1
10793;1
432305;1
408827;1
44280;1
36903;1
46091;1
14595;1
439717;1
133825;1
35741;1
24525;1
55285;1
5388;1
17517;1
42696;1
50373;1
413762;1
37283;1
44689;1
37826;1
22006;1
444374;1
427909;1
415388;1
47179;1
34580;1
400171;1
58387;1
33596;1
7256;1
401541;1
31702;1
32650;1
239164;1
102381;1
41252;1
252063;1
31213;1
137212;1
10829;1
5079;1
37098;1
34888;1
2751;1
34947;1
127350;1
274044;1
40831;1
421929;1
420633;1
407034;1
410097;1
407893;1
44578;1
103925;1
45479;1
440749;1
60483;1
238606;1
60011;1
422239;1
38603;1
9552;1
9165;1
55716;1
405060;1
54365;1
583;1
54850;1
41794;1
18155;1
9638;1
56487;1
239891;1
31617;1
21939;1
102763;1
59965;1
105428;1
6634;1
104537;1
7410;1
37896;1
444223;1
104223;1
34966;1
17290;1
47669;1
35896;1
34213;1
122049;1
406992;1
56569;1
14184;1
420637;1
29366;1
11116;1
42699;1
35504;1
9264;1
292208;1
4286;1
49904;1
137722;1
7668;1
2562;1
417213;1
11986;1
1764;1
44971;1
2132;1
17326;1
32155;1
40242;1
22386;1
25853;1
58267;1
283061;1
7050;1
19964;1
37942;1
46528;1
138406;1
12761;1
48862;1
100292;1
60118;1
57398;1
57324;1
57973;1
13627;1
238737;1
239775;1
408835;1
17807;1
16803;1
121180;1
20583;1
19106;1
105184;1
39818;1
138905;1
42858;1
42247;1
51526;1
35007;1
46921;1
131041;1
56888;1
32626;1
11002;1
407656;1
50773;1
400155;1
239977;1
20176;1
53505;1
239325;1
1680;1
300215;1
10186;1
416251;1
21901;1
430846;1
41752;1
401192;1
238620;1
432883;1
44489;1
103272;1
137299;1
104192;1
94;1
405693;1
24629;1
122037;1
30400;1
103156;1
414409;1
414244;1
4353;1
44988;1
283023;1
35277;1
39564;1
34760;1
1969;1
29499;1
40445;1
138573;1
27189;1
781;1
120073;1
44506;1
14315;1
52637;1
14784;1
26734;1
51190;1
9701;1
15409;1
31004;1
103107;1
238940;1
56493;1
14801;1
102425;1
39971;1
24567;1
220038;1
2743;1
406149;1
2813;1
3437;1
411857;1
10589;1
102526;1
2228;1
52489;1
39274;1
425795;1
37962;1
415906;1
47006;1
48976;1
406945;1
44216;1
14430;1
30870;1
434423;1
400230;1
121308;1
14012;1
261;1
6318;1
404402;1
16888;1
101184;1
407523;1
13241;1
414027;1
56244;1
5052;1
239117;1
44259;1
43420;1
19075;1
7416;1
39724;1
45067;1
23115;1
20640;1
26224;1
59074;1
419057;1
433049;1
10572;1
408451;1
214481;1
302287;1
22428;1
49571;1
10463;1
31590;1
25371;1
130279;1
21549;1
12792;1
2226;1
1232;1
10491;1
10822;1
16682;1
103383;1
48361;1
53323;1
34362;1
31591;1
29414;1
438733;1
8386;1
2831;1
28693;1
431403;1
52786;1
429576;1
214634;1
27642;1
405005;1
4058;1
413839;1
23517;1
14388;1
41047;1
30543;1
33528;1
16994;1
33700;1
27734;1
102878;1
120042;1
44454;1
6745;1
404603;1
25774;1
42273;1
130744;1
39898;1
6768;1
41857;1
418680;1
7629;1
31445;1
36435;1
426951;1
238924;1
123060;1
21171;1
408023;1
57520;1
15502;1
43800;1
3741;1
440881;1
300197;1
13940;1
403175;1
43044;1
47967;1
43803;1
23691;1
16319;1
102619;1
13176;1
23233;1
439142;1
239894;1
24340;1
413832;1
137405;1
13971;1
59770;1
35380;1
23081;1
21964;1
9445;1
406614;1
38597;1
408205;1
214727;1
23205;1
214137;1
35452;1
44899;1
52;1
633;1
53312;1
43773;1
14578;1
28321;1
48796;1
49896;1
16817;1
29129;1
433685;1
45552;1
679;1
46998;1
4426;1
14028;1
403717;1
214760;1
409514;1
16450;1
19201;1
121258;1
19942;1
11906;1
441832;1
37905;1
9293;1
105598;1
100324;1
10113;1
11922;1
137658;1
430766;1
736;1
238460;1
104182;1
409293;1
11397;1
7595;1
8085;1
137400;1
44497;1
21216;1
302;1
26437;1
405136;1
35089;1
43260;1
405649;1
406037;1
30444;1
25362;1
14060;1
1385;1
11361;1
1726;1
104511;1
274023;1
47383;1
434519;1
401497;1
33590;1
102932;1
22496;1
9458;1
38120;1
2928;1
992;1
214285;1
34052;1
32139;1
13126;1
300110;1
5545;1
130734;1
103038;1
440037;1
100068;1
29427;1
9047;1
30676;1
471;1
418951;1
21819;1
34531;1
425494;1
137255;1
59653;1
404501;1
28044;1
17223;1
105126;1
1352;1
24296;1
406306;1
31255;1
104507;1
3238;1
12546;1
45132;1
25117;1
12046;1
106379;1
434876;1
102678;1
302290;1
100673;1
46259;1
137361;1
11249;1
292271;1
7831;1
13382;1
58785;1
13799;1
105502;1
414995;1
44242;1
5564;1
400103;1
239032;1
35692;1
2905;1
31076;1
3087;1
9434;1
45853;1
5876;1
412878;1
41759;1
35241;1
404540;1
10620;1
122255;1
45683;1
214115;1
21468;1
403064;1
29307;1
104962;1
28794;1
434545;1
22844;1
19900;1
11725;1
408626;1
1465;1
43232;1
1155;1
10788;1
411592;1
18532;1
31016;1
439989;1
30711;1
25123;1
40021;1
34450;1
41144;1
434456;1
7518;1
4778;1
103977;1
103252;1
16825;1
9834;1
54060;1
7273;1
292193;1
36888;1
6202;1
39082;1
18360;1
57392;1
27098;1
31819;1
55486;1
232165;1
426945;1
7841;1
21820;1
40895;1
38357;1
15570;1
27786;1
38398;1
120046;1
105460;1
105522;1
43833;1
55569;1
437390;1
22058;1
2646;1
11619;1
15593;1
561;1
33642;1
3813;1
30670;1
418670;1
283174;1
214089;1
21533;1
21120;1
103405;1
431726;1
428732;1
407259;1
132438;1
33089;1
22185;1
100748;1
50635;1
132698;1
35314;1
36123;1
5695;1
102241;1
102060;1
44220;1
103840;1
439544;1
43142;1
24028;1
29107;1
438853;1
292255;1
46137;1
407036;1
8244;1
411462;1
18564;1
427980;1
7943;1
30621;1
19486;1
10636;1
33086;1
422986;1
45319;1
24431;1
403705;1
2456;1
6443;1
18159;1
4621;1
401621;1
103667;1
16338;1
43960;1
9854;1
43699;1
16193;1
55746;1
14065;1
42710;1
33031;1
10640;1
9540;1
236128;1
38504;1
26843;1
38719;1
327;1
26107;1
31614;1
3302;1
300354;1
28511;1
26637;1
13929;1
44390;1
57865;1
35049;1
32576;1
13325;1
1921;1
131066;1
24966;1
19596;1
15081;1
122982;1
432833;1
6633;1
42768;1
32507;1
9290;1
7773;1
405093;1
35435;1
55888;1
130906;1
408638;1
49096;1
48969;1
32636;1
122951;1
45263;1
17574;1
42839;1
24132;1
47971;1
105323;1
422617;1
295027;1
22065;1
121280;1
43912;1
36062;1
14440;1
121389;1
33446;1
49745;1
890;1
239060;1
104610;1
28915;1
59286;1
410875;1
420497;1
130987;1
8157;1
24969;1
21773;1
37082;1
30390;1
1957;1
402973;1
414382;1
28962;1
32440;1
34269;1
283035;1
44008;1
33381;1
30627;1
13914;1
45512;1
130530;1
100694;1
4340;1
22050;1
7356;1
39749;1
433391;1
102002;1
19444;1
422836;1
102672;1
132584;1
239580;1
57816;1
37217;1
439715;1
26610;1
11061;1
122253;1
123002;1
25610;1
105948;1
414631;1
38918;1
830;1
101075;1
33611;1
13731;1
408939;1
432696;1
45254;1
427964;1
122280;1
214548;1
402749;1
39545;1
23462;1
11683;1
33341;1
812;1
29519;1
103749;1
12700;1
18910;1
28404;1
34316;1
18986;1
2280;1
38243;1
35959;1
40740;1
437922;1
35751;1
101828;1
137682;1
238313;1
419848;1
102408;1
12315;1
402772;1
239127;1
47731;1
238585;1
34391;1
100827;1
37592;1
33625;1
17620;1
35355;1
29574;1
401244;1
19775;1
22170;1
41893;1
4985;1
17406;1
34309;1
441704;1
9249;1
59570;1
44987;1
43584;1
14800;1
7426;1
32864;1
36354;1
37343;1
406645;1
1760;1
121219;1
403812;1
22870;1
53531;1
211446;1
105695;1
40861;1
413967;1
102793;1
28450;1
13526;1
31304;1
57160;1
410633;1
232147;1
1822;1
133856;1
401020;1
7293;1
18417;1
417190;1
239473;1
33035;1
51192;1
401803;1
25891;1
438092;1
121195;1
12649;1
127748;1
141;1
3088;1
25570;1
32360;1
49554;1
48009;1
300526;1
40308;1
45823;1
28875;1
138701;1
101451;1
101336;1
2468;1
35495;1
28619;1
130276;1
58295;1
409815;1
33644;1
37689;1
26205;1
34470;1
38818;1
422613;1
104275;1
436405;1
30404;1
43362;1
42090;1
120728;1
17217;1
302193;1
14179;1
103901;1
50444;1
101392;1
52607;1
6218;1
437997;1
31077;1
23199;1
29752;1
4269;1
5660;1
44338;1
427263;1
4160;1
55238;1
16322;1
35932;1
9261;1
400139;1
302051;1
41010;1
443298;1
31158;1
429354;1
128125;1
403808;1
30205;1
31668;1
232103;1
2785;1
422523;1
27081;1
20984;1
15641;1
424118;1
103048;1
102462;1
3617;1
130777;1
420569;1
53932;1
7784;1
5723;1
400161;1
30842;1
44173;1
27455;1
26285;1
24722;1
11624;1
104863;1
25456;1
127600;1
408462;1
443984;1
137334;1
16226;1
38772;1
130950;1
403599;1
5263;1
133720;1
413909;1
31374;1
5395;1
414941;1
28003;1
44520;1
43643;1
408461;1
46742;1
27740;1
57858;1
28261;1
427297;1
36920;1
214490;1
10961;1
105492;1
103092;1
37474;1
5520;1
417758;1
421544;1
57362;1
22782;1
405256;1
42636;1
3285;1
25923;1
238604;1
39865;1
422629;1
41761;1
19190;1
103271;1
51068;1
421632;1
411531;1
400041;1
12051;1
55724;1
2198;1
439785;1
30144;1
545;1
35736;1
300145;1
18006;1
13755;1
34860;1
402832;1
106168;1
59408;1
103334;1
414240;1
55029;1
9865;1
121197;1
239739;1
23547;1
417654;1
59207;1
16720;1
52748;1
239617;1
45962;1
51819;1
55367;1
130933;1
2178;1
53991;1
29837;1
420683;1
420380;1
33016;1
103636;1
104244;1
47421;1
36423;1
37664;1
133891;1
23402;1
103396;1
7826;1
51933;1
406407;1
137159;1
302325;1
10752;1
8016;1
24978;1
404116;1
49567;1
411164;1
22176;1
59554;1
22587;1
239438;1
410316;1
49921;1
22499;1
17606;1
238229;1
54870;1
39284;1
47449;1
37794;1
6869;1
421640;1
58099;1
130278;1
27135;1
211176;1
48895;1
21481;1
13734;1
19922;1
34961;1
22509;1
38320;1
4171;1
56016;1
12484;1
432897;1
429406;1
14997;1
25573;1
40805;1
7325;1
42843;1
1915;1
35032;1
12957;1
41468;1
39348;1
13941;1
103996;1
30567;1
60033;1
28008;1
238487;1
411311;1
27442;1
407793;1
50319;1
413282;1
214750;1
12503;1
17536;1
13267;1
13049;1
2780;1
103001;1
418953;1
214996;1
300362;1
41785;1
21877;1
30950;1
17329;1
401016;1
239190;1
238723;1
412429;1
400242;1
50144;1
3105;1
21259;1
27840;1
60360;1
35600;1
34190;1
37536;1
422949;1
41776;1
103866;1
421638;1
426587;1
418374;1
34658;1
41039;1
214596;1
43926;1
11136;1
23695;1
5250;1
437919;1
194;1
102199;1
1620;1
434831;1
27312;1
15582;1
27230;1
1632;1
8240;1
424423;1
9876;1
58599;1
2975;1
45466;1
406432;1
409508;1
42922;1
9044;1
3739;1
122247;1
414271;1
60239;1
410268;1
19568;1
18987;1
22200;1
401724;1
52585;1
127308;1
25564;1
58188;1
1666;1
407251;1
43075;1
39745;1
5076;1
37074;1
21662;1
28069;1
408038;1
58751;1
436981;1
43196;1
47371;1
49067;1
214412;1
105579;1
415062;1
11762;1
400971;1
7448;1
101101;1
30432;1
300036;1
6496;1
42958;1
28318;1
105136;1
134218;1
17790;1
38474;1
406203;1
16650;1
24095;1
239888;1
7100;1
418386;1
40043;1
15753;1
49502;1
36971;1
26556;1
47249;1
100321;1
40033;1
11017;1
7549;1
437221;1
403865;1
214382;1
9139;1
10208;1
11687;1
424082;1
302346;1
42483;1
43693;1
103608;1
131035;1
5740;1
59446;1
102630;1
238690;1
23493;1
14766;1
8406;1
11405;1
105197;1
302238;1
402394;1
56501;1
39424;1
31451;1
104032;1
23686;1
252056;1
17926;1
31944;1
57015;1
42321;1
54868;1
214562;1
28636;1
16961;1
47109;1
35341;1
238184;1
22399;1
44075;1
103319;1
57170;1
15116;1
101806;1
429213;1
48078;1
236056;1
14340;1
17650;1
18104;1
15527;1
42606;1
105922;1
6262;1
15108;1
214174;1
407658;1
24687;1
6985;1
9280;1
1993;1
412930;1
9795;1
49836;1
104003;1
54984;1
19261;1
409969;1
6911;1
423448;1
23938;1
33655;1
16004;1
40139;1
414035;1
24489;1
3067;1
43621;1
420780;1
4940;1
401167;1
15785;1
103571;1
37567;1
15475;1
4224;1
49886;1
892;1
8483;1
8643;1
22162;1
4399;1
44366;1
38192;1
13968;1
35948;1
428896;1
3185;1
440715;1
42730;1
17264;1
407662;1
133722;1
23708;1
102188;1
31567;1
17041;1
121012;1
30384;1
39702;1
1010;1
5589;1
52200;1
36000;1
14975;1
38642;1
34639;1
9189;1
50205;1
33110;1
103863;1
55866;1
51862;1
2565;1
4898;1
15356;1
21926;1
15338;1
50701;1
44735;1
103542;1
105638;1
35895;1
234049;1
8242;1
2382;1
518;1
100907;1
17761;1
37246;1
55018;1
1488;1
24638;1
428170;1
407326;1
14220;1
17131;1
35335;1
338;1
11651;1
16012;1
404903;1
59515;1
101261;1
27679;1
25274;1
33004;1
58742;1
36874;1
1260;1
44985;1
131;1
45410;1
23140;1
437197;1
122245;1
36743;1
19089;1
23555;1
3064;1
128120;1
12637;1
137259;1
20696;1
1624;1
120608;1
104852;1
26495;1
414040;1
409949;1
41507;1
13298;1
409145;1
403223;1
51841;1
11355;1
24861;1
51408;1
238507;1
34642;1
406753;1
45909;1
38889;1
34663;1
36854;1
43726;1
33218;1
4657;1
101264;1
59066;1
38919;1
7134;1
41109;1
32314;1
410600;1
47236;1
32294;1
11969;1
211113;1
423479;1
300223;1
6466;1
14634;1
54029;1
19849;1
102116;1
407539;1
33770;1
33354;1
238222;1
8779;1
100447;1
56667;1
33894;1
52673;1
46832;1
424873;1
402272;1
51277;1
54692;1
416436;1
1442;1
443284;1
26341;1
1559;1
42242;1
45917;1
100867;1
24533;1
54607;1
47961;1
292072;1
424837;1
4726;1
4847;1
214834;1
406361;1
100525;1
102124;1
100535;1
31828;1
103320;1
25958;1
238208;1
413952;1
5541;1
421570;1
17378;1
37938;1
42546;1
31283;1
138918;1
23930;1
3934;1
49057;1
444392;1
19734;1
2564;1
34103;1
414535;1
40292;1
435177;1
10947;1
2809;1
2758;1
4449;1
35365;1
33983;1
408829;1
104247;1
4701;1
302330;1
6043;1
403786;1
12295;1
22713;1
38686;1
7644;1
39325;1
18885;1
34723;1
49580;1
29206;1
32462;1
11407;1
36870;1
34293;1
38782;1
3466;1
1872;1
19011;1
36032;1
19742;1
100767;1
407509;1
300101;1
413613;1
402583;1
30736;1
40279;1
100344;1
133849;1
102895;1
434163;1
10152;1
50751;1
5235;1
238190;1
402324;1
21228;1
417094;1
21471;1
19583;1
5367;1
331;1
1578;1
22062;1
45970;1
9281;1
52812;1
6031;1
101359;1
10876;1
37943;1
19218;1
31838;1
214116;1
29572;1
414243;1
11671;1
31733;1
5312;1
43632;1
35170;1
28776;1
27395;1
421538;1
34876;1
13034;1
28893;1
130377;1
8740;1
920;1
104944;1
401284;1
20684;1
59347;1
34808;1
48273;1
30494;1
43901;1
7814;1
10791;1
1213;1
23970;1
53209;1
32457;1
28348;1
283122;1
407683;1
402794;1
102527;1
425064;1
29193;1
42264;1
8679;1
13924;1
30460;1
130225;1
402107;1
26455;1
9097;1
15794;1
408117;1
238010;1
10638;1
101406;1
21751;1
6348;1
21287;1
402872;1
35905;1
411638;1
4451;1
105704;1
59550;1
6588;1
4485;1
130858;1
105549;1
47085;1
1405;1
37672;1
53783;1
54039;1
430911;1
102569;1
27252;1
28085;1
440411;1
33034;1
22775;1
39412;1
12476;1
1388;1
131188;1
2976;1
40499;1
24143;1
130898;1
36631;1
36179;1
234035;1
33023;1
26301;1
438190;1
427602;1
5097;1
426939;1
31434;1
102282;1
132727;1
24717;1
130852;1
25708;1
11616;1
39918;1
18114;1
43478;1
36895;1
300112;1
56398;1
47211;1
60342;1
36569;1
38344;1
43307;1
24686;1
414018;1
102083;1
21644;1
292281;1
400727;1
100394;1
214056;1
43066;1
26848;1
2061;1
28005;1
101742;1
36652;1
130829;1
302292;1
1094;1
36861;1
430844;1
33371;1
741;1
410049;1
53167;1
46781;1
419190;1
238588;1
440918;1
103889;1
57650;1
16180;1
6361;1
302352;1
232159;1
13603;1
105070;1
411074;1
407671;1
33553;1
57316;1
15781;1
36734;1
22787;1
105098;1
20190;1
33123;1
104664;1
8984;1
238698;1
12062;1
100523;1
214127;1
101724;1
14463;1
292230;1
406743;1
34233;1
5254;1
38126;1
52540;1
6034;1
104586;1
11220;1
137230;1
132717;1
59734;1
38667;1
45638;1
102963;1
34914;1
39461;1
15950;1
4428;1
48776;1
16726;1
5365;1
433022;1
106445;1
13564;1
214957;1
302354;1
11118;1
41789;1
6895;1
34264;1
416161;1
35882;1
36147;1
283056;1
14031;1
8955;1
1019;1
7166;1
34775;1
102426;1
428415;1
138795;1
27874;1
2869;1
238254;1
407977;1
10555;1
44027;1
100227;1
40990;1
5789;1
5971;1
6781;1
27864;1
9541;1
17659;1
46810;1
28668;1
417882;1
32333;1
35664;1
11863;1
59989;1
292060;1
13183;1
106377;1
41822;1
137243;1
300210;1
10804;1
30322;1
25705;1
2713;1
20891;1
103549;1
34417;1
7107;1
28147;1
400808;1
22256;1
4381;1
28517;1
4869;1
8959;1
13027;1
9819;1
44139;1
10688;1
43969;1
8510;1
17835;1
41943;1
100825;1
16056;1
4964;1
2355;1
8382;1
58869;1
413926;1
30901;1
103861;1
44949;1
26040;1
211193;1
47585;1
40686;1
1236;1
407358;1
34039;1
4728;1
420;1
41930;1
102372;1
47205;1
103306;1
127604;1
238164;1
40186;1
300176;1
121557;1
19076;1
5188;1
22858;1
130435;1
28932;1
30200;1
238194;1
414557;1
102572;1
214354;1
104420;1
27669;1
418929;1
238144;1
432466;1
401755;1
5747;1
302417;1
423590;1
11381;1
46339;1
214730;1
14730;1
27877;1
10439;1
35887;1
54142;1
26956;1
14623;1
41793;1
44198;1
408044;1
236051;1
42614;1
59464;1
18490;1
102021;1
53677;1
10900;1
300540;1
102943;1
38733;1
46471;1
238880;1
100050;1
420797;1
45486;1
105456;1
38019;1
5058;1
49313;1
57897;1
101637;1
137194;1
52479;1
14723;1
20877;1
300431;1
122319;1
42755;1
39575;1
5128;1
410001;1
102421;1
214940;1
13489;1
57218;1
40851;1
38225;1
440313;1
408099;1
302162;1
14794;1
37141;1
35225;1
58063;1
11169;1
439445;1
31535;1
29264;1
214947;1
28598;1
35238;1
32098;1
34162;1
4401;1
414556;1
132738;1
18801;1
418524;1
6692;1
22836;1
407988;1
431046;1
138881;1
238791;1
42767;1
27332;1
26739;1
427328;1
404712;1
45979;1
5542;1
37769;1
436739;1
55075;1
444500;1
59975;1
123254;1
442330;1
29410;1
11789;1
31412;1
13506;1
46075;1
51723;1
45444;1
28401;1
4942;1
13950;1
24020;1
11156;1
27083;1
101234;1
31709;1
19620;1
51389;1
36382;1
132737;1
409025;1
401733;1
31875;1
1699;1
409152;1
43112;1
102039;1
436186;1
47031;1
45140;1
22314;1
33019;1
40896;1
123287;1
409535;1
47141;1
408170;1
50032;1
16207;1
60140;1
17812;1
29405;1
4409;1
43781;1
44748;1
54452;1
973;1
21172;1
238458;1
132688;1
432025;1
103148;1
25136;1
12723;1
20431;1
238642;1
13752;1
38762;1
12947;1
238360;1
214023;1
137526;1
419113;1
440819;1
48086;1
239129;1
40080;1
44101;1
25842;1
42582;1
122955;1
106904;1
13537;1
14494;1
283042;1
402358;1
23888;1
48649;1
47348;1
31889;1
103108;1
24538;1
15958;1
50659;1
52182;1
123179;1
35271;1
20271;1
42996;1
14882;1
440116;1
413266;1
50558;1
15226;1
138766;1
402789;1
11293;1
32889;1
405540;1
35340;1
1076;1
103629;1
3555;1
435375;1
40868;1
43711;1
37422;1
27608;1
11374;1
434735;1
16089;1
20772;1
104015;1
103759;1
407608;1
34257;1
47065;1
32709;1
28872;1
5155;1
101375;1
18389;1
55993;1
30760;1
410033;1
406583;1
8380;1
38886;1
10217;1
41474;1
407980;1
39786;1
4297;1
214308;1
13522;1
33071;1
444131;1
21279;1
12899;1
402677;1
100600;1
42988;1
101846;1
430836;1
41212;1
39944;1
31190;1
1489;1
302303;1
6977;1
434342;1
29055;1
14173;1
44568;1
41321;1
101208;1
401545;1
405431;1
211447;1
21199;1
11416;1
49193;1
401133;1
45287;1
41029;1
38179;1
5540;1
47002;1
4683;1
438497;1
48763;1
104941;1
438251;1
37303;1
59524;1
663;1
32207;1
102497;1
431606;1
6259;1
21830;1
5722;1
130935;1
45906;1
2469;1
11344;1
16288;1
401340;1
408046;1
100858;1
28465;1
53061;1
9008;1
27417;1
434731;1
214301;1
3097;1
439202;1
238749;1
18405;1
51799;1
33424;1
51112;1
42477;1
1422;1
415202;1
137156;1
238617;1
103862;1
29150;1
48262;1
26949;1
434312;1
35342;1
12968;1
47441;1
46298;1
302416;1
34843;1
25874;1
57658;1
440967;1
238885;1
42916;1
16822;1
438090;1
12287;1
407284;1
238480;1
23354;1
60001;1
238181;1
28405;1
410158;1
59460;1
137349;1
238520;1
238721;1
102395;1
10875;1
5233;1
102207;1
440910;1
8458;1
3582;1
238964;1
132740;1
32744;1
39694;1
36470;1
27637;1
302462;1
54371;1
105935;1
105332;1
405042;1
11918;1
6952;1
54799;1
37934;1
28556;1
214147;1
56571;1
432899;1
4474;1
434780;1
16341;1
8194;1
100290;1
14006;1
434147;1
43727;1
55504;1
429588;1
214488;1
130471;1
55249;1
17450;1
14416;1
7994;1
420513;1
36133;1
56436;1
48963;1
101831;1
46780;1
31108;1
42795;1
10413;1
5183;1
44060;1
17950;1
39508;1
23074;1
17483;1
11505;1
238176;1
101839;1
29207;1
429835;1
133739;1
12354;1
405034;1
34281;1
21073;1
132724;1
6762;1
40824;1
443580;1
418873;1
406151;1
58678;1
104386;1
103208;1
412431;1
428425;1
58888;1
23398;1
19875;1
403762;1
436170;1
29031;1
37091;1
49923;1
45001;1
23373;1
8374;1
105977;1
402302;1
101379;1
103769;1
3702;1
19671;1
15930;1
30295;1
40493;1
421759;1
408572;1
238624;1
55394;1
7950;1
38598;1
239031;1
22033;1
29846;1
252085;1
1022;1
46376;1
32342;1
16392;1
12053;1
34617;1
103540;1
406931;1
45009;1
104645;1
16612;1
55621;1
20320;1
38460;1
14651;1
7645;1
428214;1
130648;1
404919;1
11553;1
2828;1
103761;1
24173;1
24152;1
15988;1
401063;1
21864;1
134039;1
42763;1
414305;1
48383;1
296;1
19687;1
25680;1
34352;1
1748;1
105844;1
214388;1
410985;1
131174;1
419666;1
436699;1
42348;1
35421;1
420589;1
214019;1
5851;1
405770;1
30195;1
408470;1
407381;1
29208;1
10363;1
29343;1
26302;1
23294;1
41814;1
4620;1
103342;1
53251;1
48330;1
46344;1
45830;1
121024;1
48848;1
14620;1
44799;1
28607;1
53439;1
100036;1
26691;1
55483;1
406513;1
46535;1
1215;1
29491;1
8797;1
25287;1
9398;1
20174;1
214752;1
2736;1
26545;1
38358;1
2224;1
104387;1
18380;1
214070;1
30262;1
27018;1
298041;1
9198;1
22856;1
133836;1
404555;1
239665;1
19424;1
238919;1
28184;1
5139;1
100169;1
55965;1
417636;1
414045;1
4155;1
409752;1
138729;1
100906;1
400918;1
33447;1
39375;1
52591;1
101958;1
9494;1
402105;1
414037;1
17168;1
29917;1
406571;1
4291;1
132432;1
39148;1
39887;1
29441;1
102169;1
42184;1
42047;1
25256;1
440849;1
302231;1
42677;1
39193;1
16384;1
102539;1
401547;1
42513;1
44783;1
100069;1
240;1
45395;1
105045;1
35359;1
37034;1
11927;1
37058;1
32946;1
31739;1
7932;1
211304;1
236118;1
238899;1
27761;1
226;1
12232;1
26898;1
34122;1
14102;1
411536;1
29535;1
81;1
20943;1
414940;1
11944;1
418759;1
14155;1
138878;1
411232;1
431988;1
29604;1
408670;1
122979;1
204;1
1021;1
17077;1
418424;1
101005;1
10167;1
100667;1
29548;1
18553;1
19449;1
11777;1
5068;1
30011;1
401855;1
35833;1
424823;1
412067;1
29522;1
58161;1
45922;1
59095;1
32224;1
100580;1
32225;1
8871;1
36707;1
41922;1
130865;1
27131;1
232069;1
33600;1
35409;1
101360;1
45861;1
17286;1
120731;1
10050;1
4997;1
44112;1
45708;1
238845;1
10891;1
42829;1
37116;1
422909;1
35541;1
20774;1
2166;1
211025;1
6933;1
46330;1
3621;1
27922;1
55131;1
8848;1
35594;1
103653;1
7951;1
19361;1
19515;1
409166;1
4169;1
401200;1
25744;1
440561;1
32090;1
2881;1
11659;1
40114;1
27882;1
239641;1
418881;1
8849;1
52983;1
404500;1
33548;1
9069;1
11018;1
214962;1
4613;1
24669;1
28938;1
45856;1
5802;1
200046;1
41373;1
59330;1
31121;1
411288;1
47631;1
409879;1
48087;1
106027;1
20477;1
431254;1
102679;1
13504;1
435218;1
16239;1
300216;1
56809;1
444670;1
123176;1
3953;1
2757;1
49558;1
3820;1
38369;1
120673;1
6572;1
407483;1
100734;1
30630;1
30585;1
18109;1
51064;1
42632;1
137221;1
402926;1
32229;1
121004;1
300187;1
106101;1
105239;1
14609;1
238173;1
28391;1
12948;1
44150;1
33474;1
24559;1
133725;1
100148;1
32019;1
21295;1
16021;1
19030;1
402098;1
32292;1
138943;1
19341;1
5840;1
15131;1
44187;1
47281;1
2711;1
401119;1
24560;1
44140;1
37515;1
131093;1
13252;1
123246;1
50016;1
6423;1
24989;1
23086;1
52381;1
100721;1
28705;1
105175;1
54506;1
47316;1
55506;1
232189;1
37067;1
43933;1
134320;1
22738;1
239515;1
104677;1
13811;1
29014;1
18816;1
31138;1
432964;1
23904;1
104688;1
5582;1
232094;1
239956;1
8160;1
438194;1
130737;1
302483;1
409651;1
404508;1
21863;1
105800;1
23259;1
12456;1
406779;1
39689;1
3812;1
36495;1
8248;1
60003;1
27852;1
10154;1
9265;1
13722;1
6297;1
11841;1
105316;1
45578;1
45376;1
41126;1
54462;1
121326;1
128105;1
130627;1
47719;1
211074;1
409417;1
41769;1
11555;1
444322;1
238111;1
11343;1
441984;1
49870;1
104971;1
59586;1
101046;1
5817;1
59272;1
48752;1
5721;1
424764;1
138834;1
104000;1
431637;1
2712;1
966;1
24012;1
16163;1
104442;1
30768;1
55199;1
239331;1
412170;1
102962;1
104500;1
24234;1
214217;1
31551;1
133713;1
21181;1
2110;1
6230;1
20608;1
405497;1
40204;1
103114;1
239817;1
42314;1
35758;1
20787;1
123464;1
36109;1
211132;1
39939;1
55536;1
22054;1
37187;1
103624;1
26360;1
440184;1
3010;1
30564;1
411895;1
411602;1
102559;1
29341;1
239568;1
27380;1
406585;1
32713;1
21752;1
41466;1
302423;1
41190;1
8056;1
105075;1
4255;1
60432;1
427895;1
407032;1
300098;1
42576;1
13524;1
31162;1
51552;1
11635;1
2311;1
211269;1
8764;1
29989;1
32833;1
401227;1
43939;1
122320;1
252049;1
405908;1
3787;1
127294;1
45223;1
102724;1
36955;1
28258;1
22414;1
214682;1
101131;1
101062;1
14191;1
104337;1
239299;1
38387;1
30268;1
35390;1
6647;1
436947;1
53520;1
34043;1
19306;1
15793;1
101454;1
401424;1
8589;1
15209;1
12639;1
21615;1
4464;1
421716;1
238448;1
48738;1
427800;1
302205;1
122275;1
60386;1
416410;1
28367;1
3318;1
23858;1
300310;1
19141;1
211029;1
38374;1
28750;1
20305;1
37106;1
29051;1
28889;1
409819;1
14335;1
48447;1
46079;1
440567;1
38024;1
10727;1
24843;1
3642;1
40526;1
102280;1
4161;1
56276;1
40396;1
66;1
401166;1
37461;1
59995;1
58081;1
122959;1
138811;1
11044;1
105561;1
30700;1
12858;1
27006;1
401904;1
23270;1
42739;1
15592;1
401417;1
437493;1
11112;1
48076;1
131170;1
37037;1
9734;1
121265;1
51456;1
20042;1
40061;1
104392;1
283196;1
34949;1
439673;1
54064;1
29748;1
426193;1
5315;1
4156;1
26068;1
432077;1
101313;1
104995;1
12339;1
434499;1
47367;1
22100;1
427384;1
103109;1
14666;1
53915;1
49933;1
2173;1
57090;1
14104;1
36318;1
36846;1
7209;1
409855;1
24642;1
16283;1
53577;1
2234;1
21148;1
121266;1
29425;1
42054;1
440297;1
21704;1
402443;1
57254;1
4508;1
21770;1
238169;1
42631;1
238436;1
100754;1
17582;1
102428;1
406550;1
403372;1
104503;1
105232;1
18503;1
4385;1
408791;1
23947;1
6568;1
46040;1
20172;1
39278;1
46242;1
211064;1
437224;1
24772;1
1359;1
43246;1
33680;1
47444;1
23954;1
104974;1
300465;1
252068;1
45531;1
50475;1
406747;1
238832;1
283117;1
23543;1
42785;1
137457;1
44597;1
1329;1
37868;1
32018;1
55444;1
29364;1
10357;1
238819;1
4087;1
402725;1
402909;1
121337;1
35790;1
433541;1
407225;1
11667;1
44291;1
411289;1
24996;1
406612;1
39034;1
24182;1
444324;1
38103;1
21454;1
132567;1
398;1
26669;1
16303;1
239837;1
12482;1
429429;1
404117;1
16671;1
15145;1
2231;1
41223;1
33337;1
47271;1
45643;1
104042;1
300005;1
11646;1
31336;1
214704;1
28999;1
26024;1
13047;1
239155;1
128188;1
38528;1
22124;1
444119;1
402871;1
47255;1
406589;1
18446;1
27463;1
16376;1
300384;1
40398;1
6023;1
2417;1
422503;1
36469;1
5656;1
104334;1
8357;1
47724;1
18779;1
239903;1
105191;1
414607;1
442871;1
19110;1
130606;1
54456;1
440747;1
38707;1
102342;1
407592;1
42257;1
100912;1
101988;1
407429;1
20538;1
2217;1
25541;1
50093;1
49387;1
400232;1
54514;1
137560;1
130556;1
238138;1
11826;1
50988;1
37070;1
427033;1
16769;1
104632;1
44243;1
30058;1
10586;1
7542;1
42750;1
33516;1
672;1
103016;1
27357;1
40976;1
24850;1
120689;1
103798;1
41503;1
35257;1
32662;1
51172;1
37512;1
40997;1
48169;1
215;1
416207;1
38709;1
12177;1
410618;1
411951;1
25598;1
433977;1
18235;1
43203;1
3993;1
33047;1
24387;1
15917;1
100446;1
30727;1
38808;1
16854;1
102222;1
9616;1
33821;1
6094;1
132708;1
417794;1
46847;1
11965;1
40625;1
23227;1
15542;1
52677;1
409766;1
30379;1
46798;1
412720;1
41364;1
43258;1
29490;1
13323;1
42969;1
23078;1
103329;1
29516;1
31479;1
13588;1
59497;1
101878;1
44769;1
13390;1
300071;1
101163;1
425014;1
105783;1
423378;1
5302;1
26806;1
1129;1
441564;1
400907;1
101502;1
8801;1
47779;1
42601;1
15631;1
10244;1
56606;1
27682;1
1717;1
37504;1
23099;1
105099;1
292258;1
214085;1
2379;1
51603;1
37699;1
401617;1
20717;1
3242;1
23934;1
106069;1
33287;1
5715;1
56236;1
28965;1
27272;1
43229;1
18998;1
100637;1
37710;1
8800;1
404910;1
47784;1
51664;1
42380;1
33229;1
59929;1
29301;1
28062;1
52069;1
444103;1
33826;1
411630;1
56013;1
104119;1
5146;1
438307;1
427210;1
8933;1
8404;1
57699;1
55053;1
214126;1
402003;1
5306;1
57434;1
28307;1
35361;1
54977;1
439739;1
12031;1
2287;1
19115;1
432142;1
32338;1
25691;1
18479;1
40856;1
106360;1
28232;1
38913;1
33213;1
418342;1
4707;1
10971;1
433140;1
18519;1
14535;1
14425;1
2732;1
401285;1
42672;1
59933;1
214395;1
39864;1
238276;1
434849;1
44819;1
51662;1
13083;1
30855;1
11756;1
12573;1
39470;1
59194;1
17874;1
9144;1
410179;1
402863;1
8296;1
36886;1
7779;1
2277;1
238444;1
28166;1
120014;1
36094;1
422226;1
17244;1
414098;1
21128;1
55156;1
232121;1
21248;1
1610;1
101514;1
49112;1
52017;1
239733;1
55228;1
417696;1
12972;1
232188;1
26155;1
6298;1
55222;1
57296;1
52849;1
28337;1
25208;1
130514;1
17150;1
409297;1
100964;1
12014;1
21026;1
42202;1
104391;1
422848;1
104047;1
418751;1
7853;1
47212;1
17719;1
11855;1
24032;1
12113;1
46099;1
21116;1
17100;1
43171;1
406632;1
239195;1
401383;1
60346;1
22861;1
7111;1
18131;1
283112;1
9004;1
17125;1
23077;1
439108;1
15258;1
52194;1
402503;1
137251;1
37948;1
22081;1
402779;1
32666;1
435310;1
130526;1
239955;1
30406;1
15110;1
10500;1
402237;1
102993;1
104220;1
16712;1
32276;1
102073;1
31027;1
22410;1
38246;1
9336;1
43871;1
11281;1
12579;1
6254;1
24558;1
419129;1
37793;1
409067;1
30326;1
46960;1
3972;1
35835;1
11187;1
20298;1
409475;1
27355;1
5328;1
31564;1
443758;1
19935;1
11693;1
100135;1
16848;1
24710;1
7810;1
43645;1
402615;1
214560;1
16802;1
414086;1
21681;1
10883;1
40506;1
17498;1
27436;1
24957;1
52669;1
36574;1
12186;1
41723;1
6566;1
6058;1
27964;1
13260;1
47492;1
404338;1
17542;1
401416;1
37117;1
29215;1
407725;1
6665;1
103125;1
12880;1
44146;1
33330;1
134221;1
238533;1
417742;1
238613;1
6456;1
40707;1
39311;1
38394;1
33909;1
408415;1
10074;1
405420;1
411758;1
58929;1
43811;1
105121;1
28507;1
22705;1
5569;1
423212;1
292110;1
45012;1
54174;1
6396;1
415131;1
31766;1
56718;1
120830;1
45547;1
20514;1
7232;1
418877;1
42906;1
27144;1
238453;1
10095;1
302338;1
444932;1
19976;1
15591;1
444010;1
132486;1
402368;1
20815;1
28545;1
402679;1
32146;1
421281;1
238658;1
400881;1
400424;1
48007;1
37890;1
29337;1
43974;1
7827;1
27576;1
27275;1
413942;1
42781;1
23480;1
45085;1
9355;1
8995;1
39803;1
30756;1
421486;1
15849;1
18810;1
40567;1
29180;1
20614;1
413999;1
38497;1
2357;1
28182;1
22544;1
19411;1
105785;1
45087;1
23671;1
1368;1
23282;1
436256;1
39309;1
5811;1
104483;1
19847;1
10622;1
417784;1
238220;1
55345;1
427214;1
414732;1
19342;1
4965;1
43676;1
131101;1
103039;1
40894;1
16827;1
441078;1
59804;1
47330;1
21592;1
434591;1
56376;1
40439;1
57046;1
9371;1
417492;1
8780;1
20748;1
41050;1
100854;1
26646;1
220027;1
34987;1
420850;1
102324;1
46802;1
411377;1
408148;1
20160;1
27774;1
55573;1
138757;1
18865;1
13108;1
104455;1
32931;1
12358;1
42382;1
11139;1
105291;1
4323;1
17538;1
102626;1
128020;1
27121;1
5401;1
424909;1
31273;1
33365;1
424132;1
23109;1
408912;1
408153;1
44570;1
103276;1
6947;1
403778;1
27894;1
417522;1
5655;1
103477;1
409627;1
25556;1
300170;1
9258;1
131075;1
6059;1
43236;1
20289;1
30730;1
5299;1
102570;1
4204;1
13229;1
5482;1
8508;1
55408;1
25198;1
40412;1
51025;1
25579;1
35249;1
18930;1
214570;1
18617;1
40511;1
11854;1
28784;1
31491;1
19995;1
24753;1
43035;1
102752;1
408884;1
4912;1
401902;1
14650;1
14643;1
46969;1
445130;1
436232;1
130353;1
401324;1
408566;1
8345;1
38741;1
29705;1
57842;1
46652;1
15289;1
20985;1
437883;1
414597;1
36787;1
15079;1
25622;1
422064;1
24127;1
21301;1
17454;1
418453;1
50505;1
47983;1
101195;1
42717;1
58884;1
46963;1
7427;1
21743;1
101758;1
22216;1
214586;1
239525;1
105322;1
60138;1
51281;1
43045;1
11229;1
28560;1
13431;1
6277;1
232214;1
402946;1
30257;1
13294;1
29227;1
9073;1
44648;1
15855;1
41986;1
137322;1
27165;1
9226;1
228073;1
33781;1
24184;1
435922;1
36758;1
101756;1
412549;1
123201;1
49183;1
102371;1
23842;1
239806;1
5317;1
18320;1
100467;1
105660;1
690;1
421761;1
20149;1
52050;1
443668;1
14939;1
302433;1
12973;1
59171;1
420483;1
8109;1
29065;1
130582;1
6637;1
211221;1
43058;1
43586;1
48665;1
16343;1
18856;1
120347;1
122962;1
45068;1
4896;1
26527;1
431598;1
474;1
43742;1
11069;1
42754;1
36172;1
14810;1
38599;1
402657;1
7322;1
302379;1
104093;1
1700;1
45946;1
33692;1
400839;1
441279;1
435308;1
40908;1
106464;1
12394;1
58531;1
22622;1
30810;1
6216;1
41743;1
409150;1
429459;1
438255;1
46011;1
14695;1
2390;1
22347;1
47620;1
409688;1
300193;1
421899;1
428897;1
29768;1
40027;1
13482;1
2034;1
40595;1
28964;1
105290;1
26216;1
422247;1
32450;1
45712;1
441782;1
53743;1
424404;1
137142;1
25782;1
40751;1
11292;1
424094;1
17284;1
8502;1
40735;1
103325;1
47186;1
24303;1
137462;1
34645;1
50932;1
16007;1
43485;1
17513;1
102707;1
22419;1
105221;1
48282;1
27614;1
18103;1
13279;1
28461;1
36134;1
40830;1
431592;1
546;1
411106;1
25948;1
292014;1
54872;1
55129;1
4846;1
22625;1
137360;1
44789;1
23712;1
49404;1
214926;1
41631;1
434460;1
423108;1
28886;1
26877;1
26009;1
105095;1
2668;1
122992;1
8340;1
102047;1
29717;1
44114;1
3670;1
402571;1
6021;1
19092;1
19147;1
48256;1
32033;1
13163;1
57378;1
413992;1
46769;1
407156;1
102820;1
32660;1
23488;1
28164;1
408379;1
238215;1
239269;1
131023;1
6223;1
102017;1
15248;1
17335;1
43462;1
33995;1
32848;1
17332;1
24077;1
18071;1
12690;1
234011;1
28949;1
28002;1
130641;1
40313;1
865;1
2257;1
8351;1
102402;1
45351;1
120601;1
32544;1
238653;1
238769;1
105080;1
238391;1
423607;1
908;1
105702;1
39422;1
26228;1
102056;1
52721;1
33947;1
28256;1
435503;1
34995;1
106390;1
32829;1
3928;1
400437;1
239678;1
44919;1
403389;1
38544;1
411198;1
102111;1
19023;1
106322;1
40971;1
409124;1
3053;1
405134;1
137207;1
40578;1
13636;1
27848;1
40965;1
27748;1
12695;1
36807;1
137685;1
48596;1
105455;1
232074;1
14986;1
44502;1
410641;1
402286;1
58324;1
127554;1
15511;1
38587;1
4860;1
40175;1
420495;1
10499;1
22077;1
434282;1
415068;1
40345;1
35317;1
127336;1
55720;1
22179;1
432712;1
9907;1
44223;1
37603;1
130561;1
120705;1
403682;1
432327;1
40044;1
400800;1
8671;1
104186;1
130500;1
52949;1
56113;1
42961;1
32693;1
102969;1
9118;1
18079;1
30666;1
23941;1
103314;1
414653;1
24434;1
22473;1
17988;1
100078;1
437969;1
49490;1
48759;1
428178;1
57242;1
37873;1
32945;1
422056;1
40538;1
33591;1
403001;1
441972;1
7922;1
421514;1
408916;1
2293;1
4146;1
39985;1
29143;1
14934;1
39098;1
429578;1
252045;1
422089;1
444207;1
400214;1
24960;1
10384;1
4378;1
441848;1
40435;1
15562;1
34895;1
12624;1
106901;1
35127;1
2064;1
8200;1
7907;1
11712;1
6144;1
15815;1
23136;1
10820;1
238668;1
239986;1
41516;1
102218;1
16949;1
37613;1
7342;1
228095;1
102849;1
408630;1
3687;1
5122;1
232083;1
41145;1
31985;1
29352;1
16309;1
32477;1
14413;1
22497;1
40975;1
392;1
401207;1
13573;1
101783;1
414287;1
6579;1
401912;1
26128;1
100635;1
39355;1
414736;1
24025;1
23518;1
46760;1
20743;1
43371;1
27948;1
414364;1
414155;1
42492;1
422575;1
438071;1
102128;1
48272;1
39333;1
30029;1
35297;1
101259;1
20566;1
55001;1
105362;1
50178;1
23573;1
401810;1
6629;1
403961;1
31175;1
48005;1
106165;1
8224;1
8027;1
4853;1
238273;1
428509;1
56746;1
46029;1
30294;1
36737;1
104779;1
26981;1
33844;1
12063;1
445329;1
211112;1
25991;1
43921;1
414622;1
104575;1
103715;1
44818;1
120062;1
47326;1
435040;1
30490;1
9736;1
8576;1
41231;1
29525;1
403863;1
46552;1
40;1
102076;1
46347;1
45340;1
16107;1
29629;1
104080;1
132910;1
102593;1
411586;1
15755;1
406739;1
13671;1
27567;1
26662;1
130711;1
238320;1
232098;1
36892;1
58779;1
11569;1
4781;1
103452;1
32406;1
239074;1
429441;1
20561;1
4307;1
43629;1
20026;1
55434;1
60350;1
102665;1
33814;1
104030;1
104654;1
22072;1
34471;1
33189;1
100814;1
415473;1
415057;1
15740;1
17699;1
302251;1
9560;1
16293;1
18690;1
47919;1
36814;1
11759;1
12772;1
214051;1
17619;1
429215;1
27220;1
402260;1
57676;1
43376;1
48892;1
43986;1
25849;1
37629;1
130958;1
59716;1
44656;1
5673;1
38242;1
27648;1
13852;1
419099;1
9167;1
17115;1
405760;1
1846;1
57142;1
437979;1
104909;1
410;1
405802;1
238469;1
10394;1
402665;1
214799;1
41175;1
401692;1
28969;1
9528;1
405769;1
4241;1
52443;1
44151;1
9094;1
232070;1
133762;1
401209;1
430899;1
214194;1
10005;1
39216;1
40217;1
52559;1
43937;1
3390;1
45341;1
15244;1
439500;1
105604;1
31852;1
42899;1
20768;1
400647;1
6131;1
25902;1
403569;1
239332;1
302357;1
20624;1
16713;1
48214;1
57181;1
8816;1
104023;1
19877;1
418260;1
101188;1
239671;1
438540;1
33258;1
6703;1
37423;1
43638;1
12897;1
23642;1
29627;1
444109;1
170;1
35062;1
26996;1
13555;1
103487;1
473;1
428057;1
410016;1
17832;1
10913;1
429465;1
13696;1
424801;1
11015;1
59762;1
1835;1
40619;1
38629;1
239784;1
18516;1
17726;1
28179;1
60340;1
228063;1
9702;1
405252;1
239576;1
2272;1
32611;1
104842;1
5705;1
47244;1
13329;1
444860;1
33013;1
127296;1
17765;1
211247;1
437009;1
31573;1
22819;1
418011;1
39523;1
6482;1
13822;1
47047;1
22534;1
407278;1
33349;1
19859;1
23022;1
15978;1
401947;1
434382;1
1479;1
409853;1
42376;1
123070;1
59844;1
16909;1
21981;1
406220;1
105242;1
402483;1
132632;1
11409;1
214685;1
239118;1
15049;1
104622;1
214793;1
33011;1
238992;1
46219;1
23968;1
105069;1
37722;1
105478;1
35902;1
31805;1
133736;1
10927;1
2347;1
40722;1
414379;1
18092;1
214260;1
38748;1
32415;1
23408;1
437938;1
401788;1
9433;1
214393;1
408458;1
6465;1
12163;1
2137;1
405695;1
19649;1
30884;1
26215;1
137413;1
12284;1
238852;1
130786;1
46369;1
39174;1
20946;1
22282;1
239138;1
414617;1
41392;1
405027;1
21890;1
42390;1
10535;1
35125;1
15237;1
28892;1
25695;1
40161;1
300342;1
428126;1
15620;1
101616;1
825;1
422735;1
731;1
138838;1
2072;1
414192;1
10251;1
36268;1
5090;1
104839;1
4216;1
46239;1
416167;1
57602;1
26933;1
32541;1
32431;1
411149;1
300543;1
14377;1
435085;1
28995;1
105274;1
25687;1
48971;1
423423;1
58199;1
408642;1
420487;1
411389;1
53131;1
4264;1
402797;1
15224;1
417390;1
12150;1
13469;1
408549;1
15242;1
32919;1
11175;1
54516;1
493;1
441062;1
26442;1
412583;1
46536;1
22688;1
104125;1
29503;1
412018;1
300495;1
54126;1
32170;1
24813;1
7993;1
59977;1
121213;1
19395;1
12731;1
130490;1
105739;1
44797;1
103966;1
130392;1
32202;1
404651;1
22502;1
411651;1
102531;1
48095;1
29072;1
43202;1
9058;1
24976;1
10738;1
42178;1
3866;1
402116;1
44133;1
26742;1
444597;1
30784;1
106478;1
9713;1
604;1
58129;1
9012;1
7974;1
47892;1
232223;1
20878;1
13925;1
47799;1
562;1
134316;1
45559;1
31907;1
418845;1
414032;1
19698;1
13233;1
50534;1
3320;1
45686;1
211462;1
10099;1
102038;1
6053;1
19797;1
137190;1
22095;1
13101;1
400539;1
24456;1
33001;1
59140;1
11840;1
28301;1
420629;1
44490;1
31351;1
2503;1
100642;1
28532;1
28768;1
16079;1
236006;1
55915;1
17502;1
42318;1
239044;1
239545;1
1134;1
405315;1
13061;1
8289;1
51714;1
405885;1
38016;1
432981;1
37590;1
104089;1
434797;1
422661;1
400287;1
30671;1
13041;1
43894;1
411622;1
238590;1
22695;1
41607;1
8368;1
40900;1
1875;1
403422;1
40959;1
26350;1
14004;1
31047;1
12843;1
56672;1
11755;1
429205;1
51230;1
1;1
17922;1
239752;1
27579;1
2384;1
10004;1
31188;1
200034;1
29358;1
28200;1
23220;1
100442;1
23811;1
44560;1
38866;1
416179;1
123329;1
58724;1
52186;1
23464;1
43771;1
41811;1
435189;1
5855;1
28513;1
25716;1
401405;1
102698;1
20929;1
14734;1
17156;1
28597;1
106902;1
14718;1
37391;1
32466;1
5812;1
410713;1
137168;1
42580;1
45969;1
105503;1
29478;1
104866;1
55607;1
214835;1
7417;1
100589;1
737;1
41024;1
52042;1
7829;1
239049;1
425307;1
414367;1
41936;1
38554;1
27745;1
41085;1
400787;1
11210;1
38622;1
35097;1
43753;1
2197;1
37273;1
38565;1
410961;1
52203;1
6510;1
411735;1
428901;1
49336;1
54367;1
105559;1
30128;1
38279;1
31119;1
48029;1
28715;1
41092;1
17830;1
50996;1
59728;1
131178;1
22937;1
16259;1
1280;1
405374;1
37076;1
15795;1
44379;1
402422;1
13068;1
9853;1
57078;1
43167;1
9470;1
42903;1
53256;1
130383;1
100702;1
8373;1
48704;1
30343;1
24534;1
18177;1
20968;1
5853;1
100276;1
52719;1
15200;1
5728;1
444336;1
12413;1
41043;1
37186;1
16833;1
2882;1
10270;1
33543;1
105158;1
21620;1
25544;1
28711;1
57113;1
13222;1
101042;1
33585;1
214608;1
43984;1
409532;1
105354;1
44199;1
8295;1
411607;1
416726;1
8470;1
103008;1
11071;1
57548;1
300403;1
102261;1
238150;1
6511;1
33299;1
5497;1
137678;1
103101;1
11324;1
7987;1
130599;1
30645;1
1798;1
408447;1
21633;1
133737;1
29712;1
26801;1
29467;1
239233;1
59722;1
8980;1
403741;1
133827;1
8034;1
104830;1
239596;1
105109;1
11643;1
48780;1
400407;1
238023;1
51438;1
24625;1
58157;1
35010;1
6983;1
6945;1
54659;1
45194;1
101865;1
49310;1
422268;1
10696;1
31446;1
103431;1
440916;1
31950;1
252069;1
105773;1
28961;1
49883;1
418694;1
408213;1
214292;1
407805;1
35523;1
13679;1
8851;1
15642;1
42917;1
44339;1
19818;1
4417;1
102228;1
40719;1
20313;1
406759;1
7281;1
26974;1
3700;1
442429;1
29125;1
103979;1
34750;1
10810;1
428467;1
407499;1
105139;1
43665;1
34714;1
100514;1
101853;1
32699;1
21815;1
38468;1
52989;1
102413;1
430661;1
8437;1
106398;1
49082;1
46476;1
37726;1
49573;1
42056;1
236146;1
20445;1
17400;1
46593;1
51442;1
24494;1
47405;1
239113;1
10162;1
214550;1
39973;1
422339;1
214981;1
432243;1
104487;1
130522;1
104343;1
52222;1
45003;1
17447;1
41599;1
9113;1
400736;1
25073;1
15679;1
103622;1
410684;1
39736;1
407559;1
28023;1
17310;1
57298;1
5800;1
404655;1
42870;1
52617;1
23643;1
35604;1
19606;1
18774;1
26233;1
15211;1
31588;1
442436;1
21866;1
425706;1
28372;1
406218;1
49342;1
37586;1
133815;1
134246;1
43261;1
23951;1
5712;1
211363;1
35107;1
24986;1
37028;1
27916;1
423538;1
4206;1
22984;1
58123;1
48049;1
52744;1
5053;1
47757;1
120087;1
34115;1
403069;1
60122;1
400979;1
426802;1
57251;1
422743;1
4769;1
29655;1
408362;1
239474;1
214768;1
104518;1
4590;1
42241;1
4693;1
14307;1
4461;1
408577;1
276;1
414239;1
120662;1
101651;1
30568;1
27997;1
12826;1
100483;1
5551;1
29842;1
45237;1
32960;1
42550;1
38351;1
7557;1
411681;1
432707;1
49930;1
45501;1
22172;1
400691;1
6121;1
56873;1
43169;1
39647;1
138821;1
33182;1
437865;1
21811;1
101265;1
12528;1
422243;1
39700;1
9007;1
292178;1
292002;1
46619;1
122251;1
46100;1
20702;1
214120;1
34247;1
27925;1
11788;1
26959;1
401570;1
412108;1
101563;1
33867;1
53711;1
435079;1
29776;1
214558;1
15424;1
12891;1
7704;1
38167;1
418971;1
29090;1
57308;1
60274;1
28042;1
1956;1
232164;1
131110;1
443;1
32154;1
16154;1
238788;1
22346;1
40249;1
20306;1
401494;1
10708;1
1428;1
21948;1
101581;1
20239;1
13778;1
52244;1
33253;1
404158;1
412774;1
437877;1
408568;1
101767;1
31122;1
13122;1
54987;1
32324;1
34968;1
5610;1
34094;1
434624;1
5828;1
130957;1
36300;1
47375;1
18110;1
45312;1
43850;1
132898;1
15059;1
2892;1
40776;1
51196;1
211451;1
439094;1
19300;1
131098;1
26163;1
422761;1
47867;1
283146;1
59400;1
292187;1
410157;1
445731;1
214210;1
239623;1
34361;1
25048;1
418442;1
120034;1
200094;1
134235;1
419093;1
411353;1
53422;1
127707;1
103244;1
103555;1
402050;1
427379;1
17904;1
58615;1
434093;1
35954;1
23721;1
11645;1
411538;1
7413;1
11248;1
42158;1
30401;1
302215;1
10599;1
15843;1
11319;1
25269;1
433016;1
445238;1
34803;1
413077;1
27041;1
51168;1
238821;1
30006;1
42129;1
413593;1
402802;1
59356;1
843;1
100815;1
406677;1
49315;1
36468;1
35754;1
211196;1
13297;1
19780;1
16782;1
45131;1
35976;1
238246;1
44887;1
407670;1
41830;1
130455;1
42355;1
8360;1
24611;1
52834;1
104623;1
436184;1
428022;1
33615;1
292291;1
4279;1
10863;1
4219;1
100643;1
4440;1
28692;1
17811;1
45197;1
26584;1
103673;1
15478;1
1508;1
104218;1
18455;1
3517;1
103942;1
423864;1
300240;1
28389;1
18922;1
43061;1
12348;1
38658;1
8237;1
17842;1
23898;1
17452;1
47768;1
103065;1
402491;1
30247;1
103380;1
412816;1
43880;1
43128;1
283113;1
28520;1
26567;1
1264;1
239245;1
1309;1
37477;1
406008;1
411120;1
214580;1
3536;1
238412;1
33975;1
18396;1
17771;1
441646;1
443832;1
45974;1
26042;1
6898;1
15691;1
31291;1
106078;1
19258;1
49080;1
445685;1
36304;1
300537;1
437928;1
6785;1
402766;1
17268;1
120501;1
6014;1
9551;1
45288;1
8372;1
239106;1
132639;1
403330;1
56973;1
37334;1
55357;1
411286;1
24904;1
5562;1
100701;1
17472;1
34755;1
20915;1
104265;1
1775;1
2653;1
14950;1
455;1
131102;1
21411;1
23960;1
31968;1
26998;1
105065;1
41568;1
5845;1
44816;1
10079;1
37911;1
101709;1
411459;1
24655;1
402112;1
36161;1
19456;1
35036;1
40533;1
433050;1
1953;1
47753;1
15838;1
41877;1
408064;1
26041;1
429193;1
211111;1
10163;1
53121;1
27544;1
121299;1
47096;1
102326;1
441744;1
123227;1
104926;1
100094;1
30467;1
53564;1
434829;1
34771;1
38360;1
32476;1
34893;1
20698;1
52319;1
26510;1
138422;1
44434;1
19466;1
45409;1
42225;1
38775;1
426869;1
100908;1
101770;1
38094;1
18024;1
409245;1
26569;1
102874;1
33811;1
425651;1
36030;1
25033;1
418479;1
40859;1
8727;1
1766;1
211288;1
46053;1
28208;1
29050;1
138524;1
101102;1
40233;1
8215;1
34445;1
421469;1
403153;1
27656;1
27431;1
36355;1
14260;1
45982;1
39468;1
100431;1
31916;1
103585;1
36856;1
27137;1
44984;1
433383;1
25425;1
34245;1
54982;1
29302;1
121170;1
18609;1
102147;1
53398;1
105646;1
40480;1
38767;1
48027;1
445785;1
31020;1
420720;1
105020;1
300160;1
8898;1
40877;1
43414;1
20427;1
21624;1
1586;1
6117;1
56697;1
402312;1
400776;1
103134;1
4345;1
36750;1
409511;1
41533;1
410705;1
26443;1
406956;1
20404;1
300349;1
34787;1
419814;1
7576;1
300375;1
25178;1
43418;1
31940;1
427810;1
35536;1
19972;1
43343;1
408414;1
302452;1
23637;1
7160;1
57064;1
238446;1
29134;1
422673;1
40230;1
427939;1
4844;1
433041;1
414165;1
4554;1
31877;1
33488;1
19982;1
103790;1
105016;1
300355;1
413987;1
19988;1
19824;1
17055;1
53838;1
35232;1
21920;1
19588;1
12262;1
55789;1
228096;1
49174;1
37383;1
283009;1
6242;1
101400;1
214513;1
9958;1
30236;1
12382;1
16220;1
44676;1
5280;1
38390;1
43065;1
101660;1
733;1
56734;1
25828;1
36199;1
405193;1
37243;1
27688;1
413798;1
11859;1
402111;1
1649;1
1687;1
46988;1
43348;1
105395;1
24616;1
101300;1
420782;1
45220;1
430782;1
403229;1
10517;1
104280;1
52929;1
11876;1
102252;1
55974;1
50156;1
13664;1
59760;1
101276;1
19296;1
33414;1
57779;1
35491;1
242;1
424072;1
104353;1
45636;1
214623;1
120067;1
34481;1
28660;1
403298;1
402922;1
11955;1
31263;1
12768;1
38233;1
1543;1
59428;1
45822;1
418859;1
238902;1
41907;1
43554;1
130447;1
8480;1
34243;1
401290;1
41164;1
41311;1
18724;1
22342;1
55593;1
27649;1
43080;1
25805;1
12661;1
405397;1
102901;1
101995;1
46925;1
15053;1
43963;1
512;1
3077;1
402882;1
4989;1
523;1
14120;1
43107;1
18596;1
134036;1
27097;1
405375;1
238494;1
38628;1
44604;1
25837;1
28187;1
3830;1
25472;1
437157;1
33565;1
38531;1
137674;1
100072;1
302025;1
105580;1
50303;1
128116;1
31795;1
26546;1
13040;1
12544;1
15669;1
53009;1
5156;1
435226;1
429628;1
24435;1
40829;1
239014;1
34827;1
300377;1
21544;1
9025;1
49616;1
13391;1
4648;1
105973;1
45950;1
58999;1
37442;1
101176;1
300368;1
49190;1
28528;1
402950;1
36566;1
28817;1
100332;1
28386;1
406169;1
444259;1
4265;1
13250;1
302308;1
402266;1
10323;1
120499;1
11507;1
105888;1
12226;1
27371;1
52209;1
103587;1
232089;1
410766;1
12385;1
52861;1
432241;1
12538;1
26099;1
214193;1
40431;1
401556;1
53973;1
59035;1
100279;1
10187;1
11;1
400034;1
1384;1
23997;1
49324;1
7206;1
2806;1
31652;1
51591;1
100025;1
38841;1
44493;1
134241;1
51009;1
13984;1
8464;1
100924;1
51000;1
457;1
36478;1
31791;1
101263;1
12907;1
214413;1
6639;1
105557;1
106419;1
238884;1
37921;1
35773;1
238421;1
37214;1
23766;1
9147;1
5895;1
26066;1
13188;1
418733;1
424718;1
413931;1
409989;1
46426;1
19169;1
431252;1
46531;1
3385;1
32729;1
48077;1
19581;1
4230;1
31871;1
17929;1
55296;1
123265;1
20730;1
894;1
4178;1
43114;1
22828;1
29693;1
407489;1
41821;1
13432;1
35456;1
11223;1
59706;1
26039;1
18174;1
414249;1
57926;1
16760;1
1051;1
137418;1
50543;1
407917;1
239800;1
430653;1
10406;1
54744;1
46732;1
27148;1
302470;1
32630;1
38121;1
38731;1
42674;1
103612;1
103251;1
405828;1
101754;1
33150;1
412980;1
422403;1
106040;1
127567;1
132896;1
60087;1
214238;1
5340;1
403183;1
58708;1
29992;1
5147;1
57954;1
5449;1
45255;1
58429;1
28576;1
16375;1
44550;1
21849;1
214690;1
137387;1
14704;1
408391;1
34620;1
120666;1
32554;1
17302;1
418418;1
3699;1
423466;1
402014;1
106030;1
40002;1
28877;1
122286;1
49651;1
200045;1
11743;1
430054;1
11087;1
2022;1
819;1
103471;1
20563;1
16791;1
406982;1
411218;1
295030;1
48584;1
41966;1
401283;1
122016;1
55102;1
120714;1
407046;1
238579;1
5081;1
214365;1
103094;1
35493;1
412619;1
34295;1
13765;1
29636;1
6967;1
436460;1
138417;1
2077;1
407533;1
37021;1
9145;1
18551;1
18934;1
127303;1
412934;1
14865;1
45809;1
413980;1
36206;1
12866;1
105076;1
22650;1
21486;1
29199;1
408722;1
137707;1
57026;1
3017;1
32608;1
49098;1
28089;1
415184;1
239855;1
406599;1
101170;1
122298;1
445142;1
4484;1
33577;1
36229;1
35568;1
412098;1
31423;1
28766;1
238946;1
37736;1
5055;1
39124;1
24089;1
7506;1
26809;1
51136;1
43334;1
16374;1
26373;1
121178;1
407643;1
35083;1
441004;1
23497;1
403201;1
232149;1
106425;1
24125;1
421562;1
38115;1
5224;1
16222;1
38542;1
56713;1
6720;1
41677;1
239280;1
238597;1
1177;1
46136;1
102587;1
29419;1
44261;1
34668;1
16514;1
56599;1
19543;1
132493;1
407679;1
239314;1
122337;1
30136;1
42635;1
400003;1
104144;1
24013;1
404957;1
55114;1
16865;1
401519;1
55557;1
40549;1
17445;1
38750;1
47965;1
20775;1
15923;1
34899;1
42981;1
404871;1
5709;1
12294;1
40572;1
35686;1
420621;1
424380;1
51647;1
35382;1
14071;1
44917;1
41699;1
22055;1
32979;1
46323;1
23239;1
103138;1
421808;1
16130;1
5218;1
426910;1
29278;1
13082;1
11278;1
432192;1
30153;1
400982;1
9135;1
430459;1
55231;1
9608;1
45442;1
408931;1
441996;1
5132;1
34562;1
45674;1
10815;1
239437;1
52363;1
29111;1
239130;1
31409;1
1172;1
103102;1
34789;1
43480;1
4205;1
23256;1
12267;1
42282;1
137358;1
1034;1
4439;1
40662;1
39144;1
419340;1
42691;1
6472;1
436287;1
418799;1
8249;1
214747;1
25134;1
16733;1
32963;1
2371;1
434872;1
23024;1
104929;1
42001;1
9020;1
408207;1
45314;1
132428;1
100762;1
40802;1
54706;1
412814;1
12569;1
101346;1
21450;1
102023;1
35489;1
27226;1
422868;1
103962;1
25126;1
16247;1
579;1
24734;1
11298;1
104721;1
425443;1
402639;1
292058;1
29517;1
27799;1
403467;1
127642;1
11610;1
10367;1
3917;1
137248;1
48152;1
4364;1
48542;1
211240;1
438154;1
429730;1
46258;1
47997;1
51440;1
36766;1
36733;1
35725;1
12754;1
292292;1
32759;1
11664;1
25852;1
42148;1
32771;1
41615;1
121384;1
42650;1
40093;1
43060;1
48379;1
123193;1
130730;1
52726;1
3493;1
4177;1
236113;1
4834;1
23369;1
594;1
20851;1
302443;1
60102;1
40016;1
34262;1
19350;1
21107;1
38385;1
238681;1
30695;1
56372;1
8961;1
105424;1
50958;1
18080;1
402581;1
47108;1
445393;1
18133;1
412220;1
18099;1
5594;1
34301;1
49863;1
413885;1
44968;1
31460;1
39397;1
127503;1
9350;1
422369;1
10291;1
102544;1
20226;1
19196;1
41944;1
14615;1
401939;1
428511;1
130651;1
1853;1
49819;1
42671;1
103561;1
25259;1
2429;1
40639;1
39505;1
123197;1
6301;1
8884;1
20613;1
27671;1
28336;1
40709;1
946;1
26562;1
13104;1
6251;1
419386;1
27594;1
24397;1
401976;1
27896;1
10067;1
12396;1
38567;1
48837;1
31045;1
236012;1
101730;1
529;1
234015;1
12781;1
49966;1
32177;1
9599;1
7732;1
4951;1
130523;1
189;1
4936;1
238713;1
120020;1
444378;1
106112;1
418509;1
46642;1
21524;1
132725;1
36401;1
445679;1
120;1
35644;1
2082;1
43354;1
1415;1
36421;1
31383;1
49902;1
9814;1
53382;1
302295;1
300228;1
31675;1
19943;1
50927;1
406905;1
1749;1
37763;1
2313;1
292163;1
9527;1
440311;1
24500;1
41133;1
28824;1
428116;1
56811;1
429555;1
45549;1
7745;1
105174;1
13132;1
315;1
25237;1
100308;1
44045;1
200018;1
8383;1
414017;1
132743;1
422627;1
11006;1
21081;1
439092;1
20509;1
419111;1
45401;1
47311;1
22336;1
404832;1
238530;1
51722;1
30455;1
45451;1
55277;1
7741;1
238894;1
9975;1
21585;1
9972;1
3673;1
7972;1
36140;1
14670;1
14457;1
33607;1
407601;1
214811;1
39486;1
27424;1
26438;1
32843;1
102522;1
104274;1
27110;1
38527;1
6548;1
49634;1
36093;1
10151;1
28944;1
101182;1
22709;1
33102;1
26676;1
238123;1
414094;1
21066;1
23164;1
40658;1
102693;1
19927;1
17756;1
33200;1
37174;1
5566;1
105488;1
421451;1
30078;1
400129;1
121172;1
413986;1
2127;1
27;1
143;1
4916;1
7376;1
17788;1
51062;1
294;1
1800;1
24735;1
436697;1
17633;1
9690;1
40416;1
7250;1
101333;1
17272;1
130873;1
441838;1
41853;1
26792;1
238738;1
104449;1
103576;1
102588;1
6926;1
29167;1
15869;1
60382;1
428579;1
4627;1
406510;1
11403;1
406577;1
214647;1
302411;1
238600;1
1285;1
17567;1
22686;1
16893;1
123067;1
5407;1
432311;1
439053;1
443746;1
138307;1
18287;1
21599;1
153;1
122210;1
7252;1
102791;1
7592;1
442835;1
402075;1
3379;1
15533;1
102725;1
12710;1
31315;1
16707;1
302119;1
3392;1
22996;1
14433;1
100337;1
56884;1
4170;1
18940;1
7345;1
14212;1
11049;1
59971;1
422477;1
58113;1
24142;1
138861;1
38305;1
426707;1
414332;1
5488;1
130715;1
38296;1
45178;1
239913;1
12125;1
7584;1
15249;1
402122;1
39571;1
42322;1
6855;1
8866;1
54696;1
47725;1
102307;1
47873;1
105368;1
2306;1
27588;1
131175;1
43724;1
36855;1
31298;1
7799;1
54985;1
27680;1
421921;1
403306;1
29313;1
50082;1
302071;1
100911;1
406066;1
14359;1
141910;1
292080;1
374;1
32323;1
45742;1
211276;1
414209;1
5456;1
33087;1
7789;1
14497;1
3790;1
33077;1
103938;1
3971;1
45413;1
27620;1
101218;1
31467;1
16252;1
20680;1
15030;1
14694;1
39851;1
292045;1
59660;1
27765;1
37089;1
1910;1
31028;1
433028;1
23611;1
39413;1
351;1
13020;1
57007;1
26121;1
211194;1
35875;1
970;1
10009;1
22975;1
30041;1
1711;1
24627;1
9835;1
434603;1
20408;1
6471;1
412928;1
10478;1
130617;1
12344;1
54978;1
104803;1
238354;1
239813;1
23764;1
7214;1
411035;1
29714;1
12204;1
439823;1
39758;1
42051;1
14607;1
438807;1
55104;1
42875;1
238949;1
121006;1
102549;1
20034;1
8390;1
430170;1
24934;1
21991;1
425680;1
59572;1
32859;1
51593;1
13459;1
41394;1
50643;1
103694;1
214636;1
3816;1
28201;1
34327;1
40513;1
1661;1
436989;1
2440;1
6226;1
431860;1
31998;1
132628;1
43145;1
14783;1
10537;1
413240;1
106449;1
401514;1
26490;1
47834;1
133819;1
30878;1
20990;1
32214;1
30437;1
28928;1
3821;1
214165;1
122014;1
32543;1
22412;1
105733;1
431337;1
38876;1
138958;1
29159;1
2570;1
103823;1
409979;1
19697;1
418495;1
24488;1
42391;1
214200;1
45328;1
429600;1
39584;1
23433;1
1286;1
33748;1
29653;1
238204;1
21799;1
14467;1
41255;1
431825;1
429874;1
104505;1
38258;1
39203;1
400145;1
6335;1
11297;1
55688;1
41344;1
16086;1
45692;1
16185;1
39982;1
238447;1
429253;1
402843;1
45961;1
38267;1
36417;1
401471;1
424891;1
19328;1
24869;1
49237;1
3613;1
30290;1
60114;1
2923;1
20551;1
214458;1
405558;1
300472;1
120655;1
2537;1
57561;1
434922;1
24272;1
400260;1
2177;1
41527;1
404296;1
415105;1
302156;1
8;1
934;1
415920;1
43149;1
36290;1
21999;1
7485;1
38205;1
402623;1
103161;1
10320;1
21097;1
39229;1
238510;1
45847;1
24138;1
8940;1
42049;1
11056;1
2525;1
27488;1
55054;1
414001;1
409788;1
420799;1
41117;1
35197;1
39787;1
26720;1
401239;1
103132;1
34250;1
29186;1
33539;1
17366;1
22240;1
422194;1
5523;1
22245;1
9400;1
11230;1
300325;1
40554;1
18002;1
38950;1
57266;1
35772;1
46138;1
40696;1
102068;1
10469;1
422773;1
19888;1
54391;1
34429;1
1066;1
29781;1
6695;1
428242;1
43228;1
102119;1
101937;1
105520;1
40987;1
21793;1
37819;1
127366;1
430885;1
36464;1
292127;1
410359;1
408695;1
17062;1
103160;1
16646;1
101628;1
19945;1
428150;1
20603;1
23615;1
42664;1
100100;1
59266;1
238251;1
200057;1
10590;1
29640;1
14699;1
43649;1
28973;1
19820;1
22799;1
37719;1
18064;1
104395;1
7825;1
5670;1
21354;1
18359;1
31613;1
17186;1
19485;1
102584;1
37915;1
17905;1
15574;1
102203;1
8521;1
400499;1
418987;1
15744;1
103003;1
55098;1
28430;1
54518;1
45135;1
53219;1
44414;1
12896;1
35118;1
6198;1
55369;1
211261;1
407002;1
27522;1
39825;1
53672;1
424409;1
8714;1
434656;1
313;1
20547;1
27259;1
238405;1
34656;1
11024;1
102923;1
44472;1
15628;1
22985;1
422593;1
53264;1
35198;1
20822;1
34967;1
414272;1
407895;1
40878;1
17802;1
35927;1
28869;1
5258;1
15461;1
400167;1
53836;1
10094;1
15889;1
20816;1
431964;1
34030;1
214130;1
122116;1
424084;1
104647;1
49776;1
24736;1
36552;1
137406;1
36590;1
39228;1
44519;1
402106;1
24455;1
6710;1
211381;1
26252;1
103043;1
26198;1
431741;1
40864;1
24542;1
104965;1
45557;1
434521;1
6274;1
42764;1
14037;1
29816;1
4664;1
403883;1
5741;1
104038;1
28710;1
35369;1
36589;1
35098;1
156;1
30374;1
39608;1
46269;1
104279;1
38753;1
2981;1
52804;1
31248;1
47042;1
12178;1
104370;1
51973;1
59080;1
101464;1
438240;1
134319;1
23714;1
31752;1
103577;1
232148;1
7121;1
54561;1
442200;1
419322;1
52268;1
433748;1
30337;1
415025;1
27974;1
410075;1
54466;1
52303;1
15765;1
43613;1
30193;1
405148;1
37875;1
21810;1
402384;1
239083;1
36244;1
37678;1
12886;1
403710;1
4306;1
120807;1
24643;1
12026;1
29091;1
30168;1
435314;1
42834;1
8804;1
3204;1
46394;1
214042;1
37757;1
10408;1
58410;1
52315;1
50070;1
106433;1
22019;1
43654;1
33874;1
408341;1
17653;1
7348;1
13408;1
405228;1
34112;1
33300;1
15252;1
23377;1
42433;1
422305;1
52816;1
26503;1
100930;1
128012;1
31923;1
42105;1
10553;1
28559;1
33057;1
409669;1
4673;1
20497;1
231;1
440957;1
137407;1
27475;1
35756;1
32766;1
35306;1
137357;1
2774;1
407014;1
102449;1
26363;1
122220;1
12398;1
239310;1
19202;1
434346;1
53855;1
5292;1
16661;1
54990;1
21012;1
10284;1
29377;1
22594;1
302395;1
47;1
300497;1
430404;1
57119;1
103957;1
130773;1
50789;1
4867;1
103357;1
407779;1
420551;1
37851;1
428353;1
295025;1
44225;1
22127;1
59836;1
432259;1
33675;1
232194;1
421406;1
214168;1
33801;1
19193;1
418248;1
128133;1
44682;1
28215;1
410018;1
1195;1
34085;1
35912;1
30542;1
239373;1
29197;1
32211;1
5579;1
56099;1
401908;1
104167;1
437187;1
408186;1
30693;1
40257;1
40168;1
58031;1
57449;1
56716;1
12987;1
137672;1
238395;1
40176;1
46816;1
101769;1
13428;1
2043;1
300338;1
15673;1
15902;1
122988;1
38749;1
18073;1
46361;1
34078;1
417184;1
16823;1
300531;1
17991;1
122964;1
403595;1
100319;1
58700;1
43448;1
407386;1
1027;1
232082;1
300018;1
7309;1
103804;1
104146;1
19044;1
100524;1
402230;1
7333;1
13835;1
53254;1
27273;1
292107;1
42086;1
402420;1
420450;1
43589;1
122301;1
12724;1
31275;1
302441;1
44584;1
1638;1
6605;1
34073;1
100610;1
11983;1
540;1
48605;1
302116;1
52927;1
236168;1
39494;1
29614;1
464;1
46383;1
44042;1
3927;1
412087;1
24790;1
1980;1
18595;1
58089;1
7944;1
32400;1
434145;1
13826;1
103698;1
214771;1
14760;1
412836;1
402748;1
416078;1
1073;1
30887;1
31951;1
45415;1
55116;1
38102;1
410902;1
434405;1
214225;1
428832;1
45740;1
9034;1
420563;1
44792;1
50013;1
3369;1
35046;1
123257;1
35413;1
105987;1
57725;1
239051;1
425311;1
49031;1
439973;1
7941;1
6287;1
103246;1
404290;1
28759;1
36053;1
36687;1
23577;1
57564;1
45499;1
443882;1
35485;1
412914;1
5032;1
406998;1
434478;1
57516;1
43339;1
25794;1
55410;1
47349;1
433265;1
2363;1
127528;1
53266;1
18105;1
40442;1
130635;1
413274;1
411309;1
426145;1
441976;1
56392;1
7747;1
414969;1
58611;1
44352;1
32989;1
3937;1
17218;1
22377;1
6162;1
440164;1
46282;1
19320;1
5153;1
48233;1
34348;1
426689;1
26802;1
302140;1
30138;1
14796;1
214202;1
9543;1
403459;1
20803;1
57086;1
40096;1
19815;1
21817;1
41379;1
41736;1
40742;1
214668;1
22762;1
22010;1
22731;1
49959;1
34322;1
437118;1
403217;1
1591;1
238900;1
104827;1
8489;1
29145;1
9827;1
23702;1
6190;1
408219;1
23884;1
14870;1
39701;1
20245;1
48248;1
27149;1
214694;1
20122;1
445;1
21496;1
402048;1
41653;1
29583;1
37472;1
9035;1
8434;1
27458;1
120013;1
252073;1
22307;1
214364;1
404130;1
9553;1
214732;1
37149;1
412810;1
27384;1
59898;1
21462;1
17700;1
434328;1
29725;1
122278;1
211463;1
32422;1
55366;1
214485;1
52838;1
33783;1
105946;1
38506;1
137456;1
15025;1
130720;1
48578;1
18106;1
9781;1
3782;1
102505;1
35510;1
42563;1
439463;1
17068;1
16166;1
49517;1
214341;1
430860;1
23839;1
51803;1
37829;1
7763;1
4908;1
3293;1
3052;1
132735;1
42358;1
412964;1
10711;1
162;1
403535;1
2500;1
422737;1
7317;1
4932;1
13587;1
1095;1
53160;1
442258;1
20073;1
1958;1
35093;1
23306;1
14361;1
17338;1
252053;1
43585;1
46459;1
104375;1
438096;1
37218;1
238896;1
104492;1
407742;1
14675;1
11535;1
13075;1
100699;1
26829;1
7850;1
52415;1
35591;1
46283;1
5931;1
26117;1
34474;1
25076;1
39504;1
18404;1
25571;1
31626;1
21812;1
38680;1
45035;1
58521;1
11748;1
48658;1
101339;1
104435;1
49417;1
51833;1
24183;1
34218;1
200005;1
437993;1
102364;1
34779;1
24203;1
211301;1
41096;1
37958;1
10228;1
16396;1
440871;1
34721;1
8688;1
438078;1
63;1
133745;1
18401;1
14735;1
104889;1
53302;1
100057;1
427634;1
6734;1
403505;1
57754;1
35716;1
46353;1
426949;1
130454;1
444328;1
57785;1
41703;1
25122;1
29112;1
400123;1
238259;1
432793;1
410148;1
101244;1
15826;1
43358;1
57290;1
415192;1
434041;1
1450;1
436745;1
36640;1
45130;1
17358;1
29029;1
21065;1
57997;1
137497;1
42595;1
28706;1
26211;1
27218;1
9397;1
42279;1
103415;1
419398;1
17349;1
43299;1
400611;1
48324;1
214866;1
37754;1
45435;1
432071;1
402716;1
9180;1
300382;1
406801;1
401472;1
22344;1
30052;1
26745;1
37083;1
211007;1
18803;1
102270;1
12502;1
410678;1
31297;1
13093;1
238172;1
419758;1
13520;1
406686;1
31196;1
2520;1
137084;1
23723;1
60289;1
424793;1
23535;1
46486;1
44515;1
429843;1
46594;1
22299;1
25417;1
32321;1
18474;1
5038;1
23234;1
102852;1
59060;1
100632;1
424859;1
3762;1
214186;1
406561;1
420477;1
239838;1
131180;1
409313;1
411783;1
25816;1
103535;1
30030;1
238476;1
20310;1
42647;1
10454;1
438705;1
7499;1
33556;1
431292;1
100235;1
48766;1
57360;1
37682;1
238777;1
38644;1
23468;1
10399;1
46657;1
407056;1
26564;1
815;1
23600;1
137440;1
36915;1
6127;1
14913;1
3071;1
37196;1
35285;1
12961;1
8724;1
8457;1
27161;1
2721;1
105671;1
9720;1
15271;1
401252;1
9306;1
41805;1
19965;1
19297;1
105143;1
31211;1
28840;1
406472;1
20791;1
2543;1
409570;1
1287;1
47887;1
34219;1
13577;1
43011;1
21205;1
440755;1
120494;1
32234;1
103115;1
19324;1
7946;1
17889;1
300200;1
40759;1
34698;1
59436;1
239701;1
19597;1
12248;1
102667;1
434258;1
43051;1
12622;1
23608;1
14655;1
26466;1
22376;1
52299;1
42324;1
8647;1
22120;1
37818;1
13475;1
421526;1
41382;1
20109;1
100259;1
28659;1
39950;1
13;1
104367;1
436092;1
24744;1
9185;1
438868;1
11194;1
1942;1
104747;1
55846;1
104547;1
7418;1
238137;1
43417;1
48308;1
28132;1
43320;1
37410;1
13697;1
400629;1
55946;1
406933;1
22576;1
3755;1
16727;1
23509;1
24751;1
401260;1
44071;1
422800;1
44063;1
19225;1
51913;1
39550;1
42835;1
220034;1
430761;1
37782;1
44326;1
430838;1
38110;1
30900;1
17387;1
106051;1
22389;1
40392;1
25430;1
408736;1
22064;1
422804;1
403585;1
47428;1
41935;1
101266;1
26808;1
11026;1
4199;1
6786;1
59091;1
127512;1
100212;1
17555;1
17564;1
14659;1
102628;1
18452;1
26196;1
35993;1
21539;1
52711;1
8009;1
300021;1
137174;1
48350;1
19971;1
22951;1
138797;1
238146;1
43276;1
23657;1
44;1
14662;1
103398;1
40417;1
19170;1
36765;1
20716;1
12505;1
29645;1
52177;1
944;1
130927;1
103004;1
435673;1
427802;1
50514;1
3035;1
402515;1
8416;1
100261;1
413599;1
43991;1
24111;1
238943;1
52762;1
42975;1
41788;1
414376;1
57294;1
44505;1
59392;1
406226;1
46086;1
34910;1
53562;1
100404;1
39293;1
48889;1
12145;1
406913;1
101807;1
54684;1
19439;1
15629;1
43928;1
415178;1
24760;1
106025;1
436495;1
17594;1
130464;1
27821;1
292231;1
100246;1
402942;1
44501;1
414077;1
8814;1
120395;1
211424;1
32178;1
105113;1
121334;1
14696;1
20527;1
3133;1
50067;1
402776;1
9018;1
1185;1
35964;1
295004;1
409489;1
9282;1
419326;1
443830;1
42444;1
14290;1
1101;1
50380;1
102800;1
413998;1
7486;1
11436;1
25834;1
423854;1
18582;1
442;1
441449;1
27727;1
8890;1
436729;1
422824;1
55496;1
13443;1
211127;1
13983;1
24990;1
101432;1
17518;1
420603;1
34551;1
55073;1
439357;1
24886;1
17680;1
9386;1
42689;1
102591;1
52802;1
409000;1
105013;1
120624;1
8936;1
214353;1
22241;1
444227;1
5291;1
300046;1
12290;1
133753;1
405963;1
105138;1
14958;1
47353;1
17814;1
57504;1
402999;1
17318;1
239189;1
102883;1
302279;1
33243;1
27326;1
43393;1
23828;1
236191;1
22524;1
442278;1
405570;1
2126;1
418278;1
20906;1
58438;1
102054;1
430466;1
1579;1
15901;1
30818;1
128011;1
104147;1
8213;1
420581;1
7565;1
22437;1
32153;1
417579;1
406394;1
38238;1
103339;1
101771;1
36549;1
26125;1
105433;1
404659;1
13820;1
24684;1
34670;1
232118;1
25504;1
401012;1
2428;1
406409;1
41156;1
15477;1
412988;1
28112;1
137327;1
23182;1
50717;1
36546;1
6339;1
33411;1
1165;1
407004;1
41915;1
58843;1
105497;1
440589;1
25696;1
22457;1
51931;1
12393;1
121263;1
27303;1
15497;1
13763;1
14329;1
106411;1
43272;1
23314;1
45747;1
40780;1
292327;1
105183;1
39819;1
11200;1
419846;1
9584;1
404082;1
25652;1
37471;1
50960;1
401708;1
6648;1
105654;1
30861;1
441846;1
57382;1
6721;1
18226;1
32977;1
30993;1
20584;1
412748;1
3783;1
41119;1
15218;1
36576;1
5257;1
15398;1
137122;1
5607;1
7023;1
21044;1
31309;1
42122;1
55254;1
127596;1
42371;1
36262;1
423834;1
10133;1
15874;1
54809;1
7104;1
13857;1
29504;1
32172;1
105122;1
418853;1
128006;1
302471;1
414404;1
404340;1
59690;1
41840;1
20316;1
18607;1
130836;1
37147;1
102388;1
11213;1
5082;1
122317;1
25741;1
434020;1
6328;1
5613;1
54140;1
422994;1
46633;1
42526;1
15696;1
400509;1
25722;1
21688;1
60126;1
443393;1
38600;1
37531;1
51577;1
19770;1
11578;1
302207;1
127513;1
55852;1
417541;1
298010;1
211294;1
30152;1
434133;1
102792;1
9480;1
5446;1
28037;1
33493;1
16245;1
6743;1
401597;1
214061;1
414258;1
18025;1
19521;1
12205;1
132442;1
23388;1
8238;1
211149;1
52965;1
132728;1
27995;1
31835;1
25426;1
10366;1
2963;1
401185;1
33432;1
403713;1
120068;1
535;1
29074;1
44821;1
41351;1
39269;1
421823;1
103481;1
400029;1
238326;1
127361;1
26027;1
36991;1
26139;1
425690;1
56331;1
18409;1
9100;1
25319;1
58601;1
41328;1
57332;1
32688;1
44615;1
45981;1
6685;1
15033;1
13953;1
2024;1
25713;1
18539;1
283039;1
400543;1
431073;1
5179;1
13942;1
49908;1
18126;1
3441;1
25700;1
24428;1
17990;1
419188;1
37314;1
103275;1
434208;1
3192;1
45393;1
43210;1
7852;1
14811;1
1293;1
54885;1
2133;1
47828;1
31310;1
158;1
105383;1
36379;1
7670;1
12298;1
27805;1
13499;1
214913;1
238417;1
22048;1
16306;1
232088;1
405645;1
2305;1
102922;1
51458;1
41391;1
238394;1
43916;1
24702;1
400621;1
8387;1
60438;1
36247;1
39390;1
8203;1
101108;1
104208;1
18476;1
18793;1
1607;1
11043;1
414644;1
238434;1
21270;1
14305;1
11393;1
137444;1
103133;1
38983;1
11526;1
34817;1
438946;1
100999;1
105600;1
105852;1
105027;1
300088;1
418288;1
33325;1
238637;1
26773;1
59918;1
104072;1
4299;1
105105;1
414704;1
419192;1
10673;1
3239;1
410880;1
38419;1
130351;1
36728;1
48257;1
52830;1
2075;1
8974;1
46850;1
42349;1
18942;1
106393;1
47543;1
14197;1
401240;1
44371;1
56829;1
43227;1
1673;1
59492;1
34506;1
2215;1
25322;1
13847;1
36144;1
34239;1
25787;1
100956;1
236177;1
49360;1
47706;1
300104;1
38867;1
25847;1
51124;1
18422;1
7599;1
36756;1
34015;1
57807;1
32975;1
42502;1
400693;1
31448;1
17768;1
47017;1
57536;1
35154;1
17795;1
42692;1
18832;1
401633;1
214161;1
32649;1
239341;1
53041;1
10508;1
14175;1
23797;1
437987;1
57410;1
19652;1
59860;1
239729;1
103591;1
28285;1
34707;1
21071;1
10360;1
44803;1
41000;1
59416;1
102774;1
43096;1
54725;1
101840;1
20914;1
12821;1
22293;1
120642;1
30069;1
44395;1
44951;1
438979;1
3940;1
33164;1
401595;1
14916;1
39240;1
121001;1
28010;1
11493;1
48266;1
422525;1
33993;1
31450;1
238890;1
11542;1
25858;1
41887;1
5437;1
130746;1
419330;1
402894;1
406277;1
22693;1
32514;1
30615;1
104605;1
1005;1
239572;1
34832;1
295013;1
26051;1
32409;1
45004;1
101394;1
30377;1
440279;1
101608;1
53211;1
21971;1
6036;1
18312;1
423826;1
7556;1
36305;1
102714;1
412944;1
105528;1
19392;1
52644;1
26696;1
22224;1
30239;1
39754;1
238599;1
17405;1
48251;1
26728;1
127280;1
39757;1
214245;1
27287;1
50341;1
47630;1
102841;1
58408;1
238236;1
431206;1
41298;1
404358;1
43997;1
35229;1
25536;1
5385;1
46398;1
403336;1
211004;1
8304;1
428132;1
49602;1
440675;1
47447;1
41417;1
426559;1
238022;1
44828;1
422785;1
39326;1
211039;1
413063;1
238529;1
19582;1
17987;1
31477;1
101156;1
47890;1
33326;1
4806;1
4926;1
439671;1
417494;1
27349;1
18755;1
7553;1
30045;1
12914;1
401235;1
10465;1
4113;1
58458;1
24852;1
26570;1
120446;1
31476;1
51700;1
45605;1
2519;1
101550;1
430355;1
283059;1
18012;1
48746;1
236162;1
3226;1
102690;1
4118;1
422719;1
26530;1
441604;1
22202;1
53473;1
58450;1
33963;1
59239;1
30105;1
21460;1
12136;1
3558;1
292211;1
43705;1
20324;1
4280;1
130583;1
35968;1
442733;1
418547;1
103672;1
403296;1
121210;1
42126;1
402824;1
7675;1
17791;1
130941;1
56625;1
10078;1
292109;1
12888;1
24740;1
25838;1
103444;1
33547;1
44513;1
58293;1
423559;1
239724;1
11592;1
130896;1
27499;1
38580;1
5667;1
57336;1
36033;1
7625;1
256;1
414694;1
8106;1
6351;1
13534;1
33645;1
20664;1
11842;1
50939;1
433171;1
19789;1
5535;1
43083;1
38875;1
411280;1
438731;1
401406;1
35474;1
102170;1
30116;1
46638;1
33531;1
128094;1
214603;1
292203;1
211031;1
102701;1
422311;1
17849;1
53207;1
236094;1
24194;1
100763;1
426;1
42331;1
23832;1
47257;1
239072;1
16815;1
42074;1
60187;1
35466;1
407377;1
42679;1
49167;1
441341;1
26865;1
44868;1
16453;1
27694;1
36055;1
36155;1
103993;1
28393;1
137697;1
403479;1
51027;1
403672;1
102847;1
28357;1
55700;1
407981;1
9935;1
7343;1
46880;1
59781;1
24663;1
13098;1
45382;1
15;1
43835;1
20358;1
47786;1
59848;1
45964;1
6000;1
133738;1
57152;1
13425;1
1124;1
410614;1
238636;1
435839;1
30070;1
12852;1
404680;1
11994;1
211079;1
11450;1
102185;1
45231;1
8529;1
283106;1
2008;1
36921;1
5143;1
46365;1
20119;1
3831;1
14672;1
44610;1
36348;1
120707;1
433058;1
58698;1
46284;1
26508;1
35763;1
18058;1
2047;1
19994;1
409786;1
27466;1
52110;1
431621;1
414002;1
26279;1
137158;1
1636;1
51947;1
33559;1
7344;1
404846;1
41839;1
33427;1
41406;1
56122;1
105268;1
25298;1
418833;1
38999;1
35315;1
51899;1
36479;1
2647;1
56652;1
406707;1
32460;1
27444;1
44083;1
439150;1
10209;1
105040;1
444816;1
33231;1
28140;1
412109;1
426575;1
408757;1
30807;1
58456;1
18212;1
45942;1
34183;1
442967;1
403143;1
102041;1
274020;1
8376;1
21247;1
12951;1
26671;1
51871;1
28434;1
417790;1
26033;1
410006;1
12767;1
33211;1
102837;1
443365;1
14465;1
60293;1
432744;1
53045;1
34969;1
1999;1
48634;1
2482;1
436932;1
15503;1
25405;1
23004;1
404020;1
121253;1
16793;1
18017;1
18420;1
27069;1
441982;1
17969;1
420718;1
45423;1
133710;1
13490;1
239102;1
46505;1
59450;1
283090;1
36545;1
13481;1
437558;1
402370;1
14198;1
15913;1
40337;1
28820;1
407038;1
35108;1
9749;1
412824;1
402380;1
39000;1
403895;1
112;1
5499;1
15125;1
21041;1
10732;1
56321;1
10684;1
401909;1
137323;1
21150;1
19672;1
214148;1
104302;1
239598;1
13622;1
44437;1
7928;1
39235;1
12363;1
7099;1
9174;1
10202;1
101435;1
412892;1
34485;1
10115;1
4397;1
401320;1
211114;1
137660;1
41908;1
10361;1
36948;1
27708;1
41927;1
101817;1
21879;1
26079;1
16076;1
214571;1
21523;1
55748;1
7068;1
5171;1
10559;1
19602;1
17809;1
1176;1
104477;1
17425;1
12488;1
422347;1
17126;1
417272;1
1380;1
23142;1
15603;1
45835;1
413583;1
298047;1
43829;1
214304;1
103683;1
12625;1
16081;1
12529;1
26524;1
40621;1
15164;1
211437;1
53865;1
3575;1
42059;1
13263;1
101979;1
31740;1
15536;1
7910;1
419768;1
295;1
15357;1
47319;1
37713;1
5457;1
422387;1
48464;1
133812;1
8587;1
32182;1
239328;1
435123;1
6592;1
35613;1
14257;1
407354;1
35194;1
41232;1
40222;1
44976;1
24355;1
10802;1
232171;1
8078;1
120085;1
13089;1
10556;1
100430;1
401968;1
434634;1
25707;1
122331;1
21403;1
238822;1
29238;1
410637;1
17112;1
27010;1
421887;1
413896;1
48206;1
23809;1
10136;1
300552;1
4159;1
44072;1
55870;1
11413;1
300129;1
13785;1
12791;1
434362;1
421241;1
37019;1
5793;1
6649;1
8583;1
13605;1
408474;1
132897;1
55224;1
33509;1
46446;1
302160;1
419782;1
38027;1
437011;1
420330;1
48739;1
46849;1
15095;1
405213;1
401637;1
55563;1
302191;1
436345;1
37830;1
9488;1
43814;1
30650;1
50043;1
41865;1
51909;1
3658;1
27762;1
200080;1
37954;1
39408;1
103337;1
1307;1
13395;1
54790;1
1883;1
11688;1
239630;1
214167;1
35667;1
34482;1
5829;1
130237;1
24930;1
32631;1
407668;1
12676;1
30720;1
1018;1
43935;1
28160;1
100868;1
6068;1
239885;1
11065;1
60205;1
122134;1
4435;1
23923;1
421375;1
238906;1
18088;1
104516;1
56294;1
42531;1
404573;1
3764;1
401897;1
407221;1
22351;1
31900;1
302305;1
5907;1
138518;1
31280;1
35434;1
283164;1
35734;1
253014;1
38164;1
5267;1
841;1
6664;1
18048;1
7279;1
32149;1
49123;1
43678;1
26337;1
102735;1
121373;1
46152;1
20483;1
103526;1
6374;1
417202;1
56573;1
2063;1
56701;1
3244;1
10754;1
47341;1
13276;1
20001;1
414016;1
430473;1
57132;1
10542;1
401774;1
285;1
104818;1
43558;1
29097;1
49956;1
6889;1
292165;1
26655;1
24653;1
15569;1
417616;1
25894;1
422401;1
59872;1
41724;1
19709;1
130386;1
18459;1
402216;1
130717;1
15005;1
12516;1
43037;1
37124;1
211005;1
105699;1
4626;1
44777;1
21847;1
130580;1
130511;1
45267;1
238285;1
440015;1
413991;1
103002;1
30192;1
422583;1
441441;1
22138;1
5731;1
36659;1
58273;1
37428;1
11653;1
137314;1
1507;1
41461;1
6643;1
59754;1
239404;1
16745;1
5758;1
429358;1
43930;1
15228;1
403481;1
436807;1
37457;1
441160;1
101414;1
19615;1
7515;1
23805;1
22606;1
436399;1
55031;1
18645;1
942;1
14164;1
40661;1
31126;1
7158;1
130487;1
29974;1
1535;1
24947;1
443838;1
404298;1
120710;1
26871;1
16946;1
49038;1
19127;1
421923;1
19871;1
47883;1
54421;1
47193;1
13959;1
54355;1
51581;1
406519;1
36623;1
26938;1
12566;1
46815;1
42003;1
410723;1
14077;1
416131;1
44540;1
102179;1
54733;1
401399;1
402721;1
131129;1
406921;1
418517;1
252055;1
27338;1
41438;1
40501;1
59121;1
283128;1
405644;1
52435;1
49147;1
7403;1
40948;1
34568;1
20897;1
409592;1
7849;1
104655;1
18598;1
100848;1
427277;1
47800;1
24139;1
45204;1
37495;1
21152;1
40334;1
31987;1
214452;1
17549;1
49377;1
45143;1
434914;1
418698;1
444940;1
49686;1
138767;1
21375;1
41478;1
1837;1
30770;1
683;1
608;1
36076;1
417537;1
9559;1
408433;1
28874;1
31549;1
43461;1
4735;1
56676;1
49576;1
400802;1
29926;1
53863;1
31110;1
19399;1
4402;1
434330;1
102848;1
425441;1
13381;1
434216;1
214613;1
30637;1
657;1
444498;1
15139;1
28835;1
33566;1
27729;1
43619;1
16988;1
3845;1
238850;1
105062;1
100918;1
15959;1
9348;1
60071;1
444412;1
133711;1
274049;1
425447;1
42389;1
22876;1
27783;1
200065;1
422798;1
60059;1
30114;1
36906;1
14820;1
436583;1
423802;1
302211;1
41561;1
101592;1
36952;1
19759;1
6176;1
4276;1
34942;1
409869;1
434707;1
36987;1
239842;1
44894;1
12559;1
18689;1
27433;1
37240;1
25979;1
3122;1
19541;1
8975;1
40133;1
31185;1
292167;1
7081;1
105266;1
417388;1
102865;1
14449;1
302255;1
402057;1
10975;1
19684;1
22897;1
45691;1
42720;1
41447;1
22805;1
438494;1
12305;1
4100;1
26557;1
30509;1
30111;1
43860;1
6483;1
31794;1
7929;1
403699;1
31559;1
101121;1
48250;1
104538;1
34881;1
8190;1
36251;1
402908;1
13946;1
33147;1
23932;1
127282;1
239098;1
42294;1
42688;1
40376;1
13651;1
32037;1
214975;1
211017;1
52053;1
49074;1
24310;1
138516;1
36701;1
38910;1
44144;1
52808;1
105786;1
8601;1
103263;1
32304;1
27855;1
19283;1
33469;1
21665;1
404886;1
404661;1
38410;1
40059;1
8281;1
404042;1
40569;1
7911;1
12055;1
38139;1
40144;1
302301;1
20469;1
40611;1
23326;1
15234;1
27892;1
46368;1
131109;1
11729;1
14911;1
420527;1
103390;1
20899;1
42868;1
26265;1
238997;1
37213;1
137721;1
58918;1
19954;1
401654;1
31331;1
60368;1
406857;1
17911;1
35872;1
444091;1
17365;1
103475;1
59846;1
120612;1
57895;1
423962;1
36045;1
56111;1
435838;1
18937;1
123198;1
138285;1
23445;1
41552;1
50978;1
23794;1
36809;1
128113;1
17738;1
238002;1
103691;1
29146;1
14170;1
100095;1
10189;1
17916;1
29716;1
36674;1
45875;1
3474;1
414096;1
40189;1
49975;1
102980;1
4630;1
102011;1
31215;1
59949;1
44990;1
402270;1
211379;1
422567;1
1809;1
102635;1
401887;1
18560;1
404647;1
39704;1
15637;1
102808;1
16266;1
15176;1
32654;1
105171;1
408803;1
40087;1
23835;1
102553;1
52015;1
10181;1
28214;1
418252;1
35609;1
1821;1
426585;1
105590;1
18782;1
6686;1
403276;1
131039;1
33163;1
18338;1
37778;1
419988;1
34010;1
100616;1
103394;1
58127;1
6291;1
104820;1
10448;1
44759;1
22298;1
37416;1
22925;1
5297;1
25884;1
239109;1
29728;1
15829;1
37493;1
407965;1
2283;1
37544;1
101014;1
28972;1
6699;1
105110;1
400246;1
106089;1
22706;1
20515;1
6570;1
120683;1
19605;1
55649;1
105830;1
6987;1
421837;1
401857;1
9096;1
30500;1
27333;1
211411;1
37115;1
26878;1
43293;1
239088;1
6283;1
214448;1
2031;1
50900;1
440949;1
25158;1
57453;1
2309;1
4930;1
121297;1
416189;1
41523;1
413908;1
23055;1
20554;1
19101;1
12367;1
1515;1
300283;1
44630;1
415536;1
34543;1
411587;1
3630;1
424064;1
102112;1
2623;1
50087;1
41591;1
18470;1
10693;1
437989;1
127278;1
430723;1
11638;1
26993;1
440188;1
31152;1
20093;1
13393;1
5860;1
101252;1
11151;1
100411;1
17878;1
7608;1
239520;1
26893;1
40970;1
22422;1
104403;1
39907;1
234048;1
9292;1
20135;1
54274;1
228078;1
104409;1
421872;1
404963;1
3798;1
36671;1
14508;1
50154;1
407625;1
48184;1
101791;1
406996;1
410266;1
414131;1
234043;1
105168;1
432708;1
43430;1
30235;1
7039;1
103469;1
410963;1
49522;1
55824;1
17304;1
47468;1
300068;1
47870;1
46722;1
403964;1
44834;1
55838;1
3601;1
19736;1
26355;1
415138;1
238976;1
418903;1
11835;1
36993;1
31532;1
239162;1
35173;1
239243;1
422900;1
57532;1
16188;1
23404;1
302260;1
408616;1
55750;1
7086;1
2735;1
102907;1
423971;1
54968;1
33274;1
25757;1
32315;1
106396;1
412726;1
43764;1
429646;1
122953;1
33937;1
8487;1
438063;1
27631;1
410871;1
238289;1
34447;1
41741;1
39764;1
14617;1
20241;1
54937;1
44387;1
102670;1
35727;1
422989;1
20936;1
8121;1
103675;1
300167;1
401008;1
33819;1
102561;1
421852;1
50243;1
406771;1
400268;1
105676;1
18369;1
406486;1
33747;1
420619;1
19440;1
6536;1
57412;1
6509;1
13204;1
13138;1
16748;1
48654;1
105474;1
54711;1
12335;1
402689;1
400791;1
431383;1
130358;1
42920;1
44775;1
401470;1
11781;1
405600;1
55265;1
7746;1
400007;1
13897;1
238581;1
44817;1
41633;1
35940;1
400812;1
4362;1
131050;1
138317;1
31001;1
56333;1
302480;1
29164;1
25223;1
11656;1
33880;1
39451;1
42096;1
20194;1
33707;1
45213;1
8061;1
14630;1
292018;1
121284;1
27502;1
400803;1
434505;1
412772;1
46965;1
41538;1
411212;1
48109;1
41889;1
11286;1
28235;1
20675;1
34867;1
6011;1
422170;1
15280;1
3142;1
214017;1
36764;1
14161;1
47555;1
406281;1
45043;1
101364;1
46704;1
42253;1
14411;1
27324;1
436116;1
29506;1
100796;1
29779;1
138409;1
410863;1
120040;1
23508;1
408633;1
58770;1
292240;1
19380;1
16270;1
32961;1
3174;1
406563;1
16662;1
56499;1
7803;1
34288;1
8611;1
10624;1
103433;1
214405;1
133954;1
11932;1
22139;1
100494;1
52301;1
7877;1
24979;1
8450;1
425103;1
23846;1
5580;1
50624;1
101899;1
418867;1
1672;1
404165;1
400316;1
57550;1
59448;1
48139;1
238608;1
17409;1
17372;1
26056;1
101825;1
421253;1
428513;1
45838;1
7855;1
42134;1
438692;1
300536;1
302168;1
101692;1
214517;1
232045;1
214724;1
24159;1
420268;1
402142;1
12980;1
24123;1
428439;1
36742;1
238287;1
419826;1
5042;1
22335;1
100102;1
16235;1
38574;1
55020;1
26970;1
104770;1
47140;1
46;1
200091;1
51379;1
31187;1
15585;1
26094;1
60275;1
402848;1
36984;1
2820;1
104034;1
414081;1
440587;1
407294;1
31229;1
1033;1
425;1
100170;1
19514;1
5355;1
34504;1
214424;1
292069;1
43682;1
12904;1
411148;1
131172;1
441714;1
18768;1
13751;1
486;1
59882;1
2341;1
19019;1
130489;1
32268;1
127525;1
39367;1
4957;1
20682;1
13185;1
104825;1
38546;1
6959;1
40847;1
9204;1
23030;1
105759;1
100986;1
5593;1
47232;1
239131;1
54015;1
5008;1
56154;1
103425;1
411374;1
49092;1
403393;1
35168;1
1547;1
34371;1
37008;1
103;1
44587;1
30869;1
19726;1
12158;1
102503;1
424160;1
292329;1
402873;1
28411;1
434344;1
17865;1
37258;1
414937;1
3529;1
40730;1
232181;1
130847;1
39010;1
55339;1
121190;1
27590;1
15492;1
45760;1
408663;1
413910;1
283162;1
13322;1
45786;1
11184;1
10239;1
105207;1
292172;1
137320;1
137226;1
104169;1
127703;1
8285;1
55276;1
412966;1
220040;1
130631;1
10390;1
18303;1
23865;1
38333;1
406723;1
10134;1
21349;1
236102;1
43085;1
437007;1
32194;1
54299;1
13050;1
40272;1
3334;1
445857;1
18887;1
400354;1
421937;1
25278;1
100503;1
9196;1
34313;1
28482;1
36307;1
17706;1
3894;1
407785;1
56309;1
100453;1
236031;1
27992;1
58490;1
438671;1
436397;1
239691;1
101635;1
100715;1
6224;1
3439;1
16624;1
409977;1
28547;1
120030;1
35916;1
18900;1
292148;1
24073;1
17471;1
9850;1
415310;1
36740;1
236144;1
408817;1
39443;1
416503;1
24935;1
29094;1
44596;1
146;1
8013;1
105470;1
138482;1
18669;1
15052;1
56288;1
431811;1
8419;1
300221;1
21473;1
101773;1
420123;1
238490;1
42900;1
418869;1
41476;1
413236;1
40606;1
3433;1
238701;1
42617;1
105321;1
19767;1
41797;1
54813;1
28658;1
130934;1
25345;1
59740;1
35006;1
300106;1
45590;1
39727;1
27244;1
432033;1
102726;1
16773;1
441230;1
12338;1
4744;1
100732;1
443890;1
17403;1
51687;1
11923;1
401566;1
34170;1
35201;1
12825;1
411443;1
43024;1
130437;1
38452;1
24069;1
137105;1
11081;1
445415;1
132691;1
412080;1
24270;1
214045;1
13214;1
44457;1
239912;1
102316;1
42951;1
44103;1
438206;1
40198;1
404;1
24527;1
410743;1
104561;1
410910;1
29981;1
414751;1
408964;1
25650;1
22826;1
238765;1
6622;1
15440;1
30524;1
238936;1
34720;1
31723;1
26026;1
408603;1
30267;1
17966;1
52648;1
1512;1
15835;1
105123;1
6606;1
408406;1
38691;1
432791;1
17561;1
14625;1
20309;1
2048;1
130470;1
300062;1
211169;1
40498;1
12123;1
17029;1
26548;1
45331;1
40737;1
41594;1
28685;1
442054;1
26166;1
30936;1
429624;1
211265;1
9925;1
44380;1
238363;1
24103;1
31032;1
413073;1
232042;1
3930;1
21574;1
39688;1
37105;1
405787;1
130859;1
24283;1
15367;1
28343;1
14200;1
51003;1
431475;1
52471;1
47696;1
26558;1
42344;1
27990;1
24359;1
402549;1
128106;1
15575;1
35023;1
20904;1
418505;1
5411;1
45525;1
13225;1
419394;1
36222;1
8318;1
27847;1
102322;1
30865;1
16859;1
51313;1
236112;1
104090;1
421767;1
2080;1
26054;1
31115;1
127504;1
35494;1
22568;1
4056;1
42008;1
52263;1
51412;1
8834;1
104009;1
9149;1
133759;1
8540;1
428837;1
22977;1
421598;1
12035;1
138492;1
44205;1
38973;1
37155;1
100895;1
428098;1
274034;1
427322;1
132672;1
106045;1
41807;1
8198;1
24467;1
105357;1
438729;1
421453;1
43718;1
25605;1
407949;1
41657;1
101601;1
54793;1
428790;1
22501;1
103332;1
23595;1
38727;1
8436;1
55679;1
28238;1
401710;1
29311;1
422030;1
103064;1
103430;1
238861;1
33204;1
100538;1
27753;1
15143;1
5750;1
22078;1
26640;1
127292;1
18924;1
417480;1
34503;1
45502;1
10953;1
54539;1
130390;1
20400;1
56027;1
38816;1
1118;1
6096;1
440150;1
402210;1
239417;1
47763;1
120074;1
4750;1
214854;1
47210;1
28471;1
422905;1
403221;1
444241;1
238050;1
442487;1
130513;1
18869;1
24253;1
19010;1
49649;1
14706;1
411416;1
121151;1
105837;1
9598;1
25389;1
54341;1
429952;1
44904;1
37464;1
16323;1
54484;1
38022;1
37923;1
101790;1
53805;1
42359;1
6275;1
132592;1
57222;1
3462;1
34601;1
30974;1
32937;1
404406;1
14314;1
101080;1
104625;1
105886;1
31718;1
52597;1
31849;1
214501;1
45372;1
138841;1
103197;1
3422;1
55055;1
101216;1
47034;1
120809;1
232206;1
30159;1
28454;1
17247;1
239648;1
211284;1
239270;1
45972;1
28268;1
40441;1
422605;1
31419;1
45761;1
6217;1
214542;1
50947;1
404960;1
8468;1
55822;1
6268;1
1823;1
7959;1
55938;1
404034;1
413968;1
421672;1
58029;1
101629;1
22586;1
27095;1
567;1
104286;1
33538;1
405011;1
7694;1
20709;1
42118;1
19958;1
408070;1
56359;1
239722;1
26675;1
411787;1
407819;1
31357;1
200061;1
507;1
419;1
13292;1
405798;1
45014;1
5316;1
102308;1
37611;1
21265;1
1434;1
34676;1
409;1
10714;1
39261;1
292108;1
120605;1
25721;1
46336;1
44189;1
36275;1
1561;1
19928;1
34982;1
103789;1
429189;1
37095;1
11770;1
408469;1
19338;1
42942;1
22267;1
15230;1
121323;1
44422;1
40741;1
2872;1
13201;1
44033;1
102535;1
14303;1
7655;1
8838;1
23184;1
441329;1
5284;1
130763;1
18203;1
239218;1
239418;1
433858;1
47263;1
47747;1
31689;1
1793;1
2879;1
100026;1
13316;1
16199;1
35471;1
5164;1
423663;1
44386;1
412415;1
302484;1
406101;1
211047;1
726;1
100304;1
57282;1
35449;1
34541;1
404000;1
49920;1
42050;1
49386;1
9040;1
411591;1
55140;1
238714;1
236137;1
103505;1
1727;1
413278;1
105921;1
18365;1
122227;1
10455;1
27477;1
40063;1
45297;1
274036;1
45196;1
41465;1
103728;1
27559;1
438243;1
17608;1
443966;1
12733;1
407673;1
128119;1
14227;1
30746;1
24276;1
1145;1
137165;1
37039;1
214232;1
23639;1
60100;1
436529;1
239471;1
214556;1
10130;1
18966;1
23995;1
30979;1
101335;1
18506;1
405107;1
34107;1
22923;1
252044;1
426017;1
13220;1
103322;1
100423;1
58265;1
41618;1
409317;1
40092;1
17897;1
27145;1
20872;1
22421;1
238307;1
122260;1
36130;1
17782;1
14744;1
33155;1
100881;1
401328;1
43166;1
232049;1
130995;1
31683;1
105058;1
100837;1
650;1
22338;1
21709;1
37725;1
31010;1
100464;1
16959;1
13178;1
11684;1
31109;1
47144;1
102807;1
138383;1
406661;1
26178;1
22933;1
10541;1
238702;1
29909;1
130463;1
404362;1
435342;1
34424;1
39314;1
48784;1
40703;1
57568;1
4923;1
7165;1
33551;1
41525;1
14160;1
19310;1
55172;1
238206;1
104053;1
30612;1
643;1
10475;1
39531;1
28483;1
14374;1
434103;1
41620;1
34258;1
34143;1
39526;1
30521;1
17394;1
102077;1
24171;1
122133;1
13416;1
12541;1
14025;1
5578;1
137384;1
19082;1
48306;1
44607;1
18652;1
414381;1
33002;1
423617;1
45127;1
105892;1
3693;1
856;1
413270;1
120828;1
431920;1
101088;1
49742;1
130384;1
8029;1
8735;1
426120;1
42381;1
292077;1
400109;1
33376;1
19133;1
21305;1
41056;1
47996;1
33344;1
621;1
37276;1
3623;1
46873;1
426666;1
407799;1
59613;1
214296;1
4460;1
428642;1
23989;1
56101;1
22229;1
7398;1
102225;1
24214;1
23251;1
443910;1
409002;1
35688;1
438527;1
300202;1
12571;1
51107;1
28966;1
19783;1
214230;1
101675;1
22266;1
103058;1
44788;1
419456;1
33526;1
28000;1
15811;1
30064;1
32145;1
19625;1
406014;1
51992;1
401361;1
10485;1
40050;1
443754;1
104497;1
31659;1
13102;1
41713;1
236135;1
20325;1
119;1
39475;1
238780;1
31939;1
103951;1
37729;1
2930;1
46727;1
418449;1
20911;1
59386;1
11865;1
12361;1
8534;1
402340;1
402362;1
42092;1
405668;1
6907;1
58396;1
39328;1
104925;1
19358;1
29254;1
214264;1
102334;1
32955;1
55210;1
32555;1
41283;1
443764;1
43725;1
23165;1
3055;1
432963;1
19510;1
8099;1
103523;1
12922;1
103217;1
302184;1
29194;1
42467;1
36375;1
57052;1
58680;1
105190;1
23015;1
30798;1
132712;1
234037;1
19886;1
432065;1
106409;1
30930;1
27250;1
32361;1
58898;1
101027;1
104153;1
52725;1
128103;1
200083;1
39636;1
51851;1
37236;1
408944;1
39301;1
445761;1
492;1
236066;1
32410;1
38444;1
439037;1
6667;1
403873;1
232106;1
10808;1
23503;1
38705;1
46968;1
49;1
12242;1
34220;1
419774;1
9842;1
34511;1
50913;1
20845;1
25095;1
55658;1
35180;1
6887;1
38676;1
3299;1
421461;1
239224;1
283087;1
54349;1
105484;1
23332;1
19319;1
103453;1
402095;1
8775;1
21037;1
4803;1
417432;1
1348;1
122257;1
20954;1
292112;1
7381;1
28625;1
16452;1
3652;1
6063;1
1433;1
283114;1
4677;1
430541;1
436160;1
44420;1
42943;1
122110;1
45031;1
34692;1
23191;1
292186;1
42575;1
23736;1
105651;1
31518;1
31380;1
14717;1
417904;1
1426;1
47499;1
1308;1
3237;1
433294;1
412866;1
30735;1
432885;1
101630;1
411321;1
41371;1
40400;1
28752;1
400081;1
400535;1
3836;1
400770;1
101123;1
36596;1
409010;1
24882;1
36013;1
44763;1
40058;1
24146;1
1576;1
12873;1
18304;1
42743;1
40088;1
14564;1
239075;1
27390;1
5433;1
106140;1
48368;1
10576;1
2301;1
3566;1
38260;1
37185;1
57578;1
44047;1
29481;1
1163;1
34017;1
53810;1
11607;1
32374;1
20311;1
407767;1
418879;1
7236;1
12665;1
214832;1
36732;1
440677;1
131015;1
2911;1
100838;1
6708;1
30655;1
54003;1
32580;1
434486;1
121026;1
142;1
34900;1
443174;1
232041;1
428112;1
52931;1
239615;1
35659;1
32171;1
103538;1
104789;1
438168;1
31634;1
22788;1
405515;1
101826;1
103856;1
32488;1
238216;1
43469;1
44946;1
29794;1
211473;1
40085;1
6661;1
17880;1
429461;1
7025;1
26367;1
41731;1
29684;1
47303;1
27814;1
134229;1
12854;1
27907;1
44986;1
30372;1
3483;1
44288;1
104268;1
47511;1
17727;1
407168;1
410719;1
27724;1
48874;1
5591;1
21327;1
14962;1
36941;1
32745;1
430889;1
47424;1
45952;1
42020;1
38109;1
9484;1
21742;1
56240;1
58702;1
6006;1
10769;1
60322;1
300037;1
28698;1
4134;1
2611;1
420707;1
104434;1
39838;1
29521;1
15977;1
14896;1
252090;1
101020;1
56061;1
14217;1
419095;1
29663;1
16632;1
440493;1
50541;1
444058;1
6302;1
238004;1
25672;1
39696;1
102221;1
8052;1
424748;1
443812;1
1490;1
24878;1
55146;1
20908;1
409889;1
31305;1
9861;1
18700;1
47264;1
43656;1
43029;1
42484;1
23652;1
40998;1
433699;1
132704;1
12452;1
409151;1
23749;1
100790;1
26225;1
774;1
130657;1
414939;1
131116;1
25490;1
409515;1
5640;1
33698;1
239607;1
100260;1
59729;1
14082;1
414197;1
41650;1
408579;1
17269;1
8308;1
11767;1
41645;1
239311;1
100863;1
25179;1
14364;1
34335;1
2222;1
46601;1
101677;1
123225;1
4492;1
17237;1
300143;1
31574;1
55379;1
44013;1
32830;1
10501;1
42019;1
39552;1
39709;1
408867;1
57370;1
57909;1
409877;1
103816;1
11073;1
12982;1
405121;1
29245;1
58478;1
22404;1
35366;1
20932;1
35703;1
434236;1
57234;1
53143;1
436517;1
103488;1
32186;1
37059;1
302413;1
33851;1
2091;1
33695;1
100652;1
26658;1
418891;1
55544;1
54621;1
414942;1
44122;1
7687;1
56959;1
41909;1
214509;1
132895;1
104051;1
292229;1
211214;1
35061;1
106022;1
103690;1
15965;1
36129;1
30985;1
432938;1
55144;1
11864;1
404249;1
35278;1
15103;1
102209;1
19755;1
12984;1
430745;1
105446;1
7964;1
11338;1
130634;1
11510;1
46492;1
443734;1
27255;1
52410;1
33056;1
20345;1
38244;1
431974;1
19553;1
11565;1
100661;1
34037;1
402292;1
43401;1
7581;1
105364;1
33984;1
238126;1
300369;1
43818;1
32014;1
169;1
103075;1
2561;1
295044;1
35087;1
292038;1
404968;1
403695;1
418737;1
105819;1
52108;1
37360;1
51751;1
58831;1
4819;1
16190;1
104541;1
405631;1
43494;1
30958;1
42871;1
9432;1
440491;1
24336;1
9533;1
10316;1
15782;1
1626;1
7872;1
104210;1
409210;1
130477;1
9277;1
41592;1
28329;1
26561;1
3752;1
54017;1
18195;1
25375;1
302505;1
32615;1
101189;1
22068;1
50698;1
12578;1
10342;1
132906;1
36075;1
9729;1
10212;1
44841;1
30442;1
29914;1
22098;1
12628;1
721;1
50782;1
437531;1
23921;1
17674;1
120451;1
15481;1
100505;1
34959;1
15636;1
30122;1
27686;1
21913;1
423234;1
52891;1
28151;1
6358;1
36956;1
11970;1
20760;1
30896;1
22228;1
24658;1
238455;1
17461;1
429545;1
27465;1
14216;1
37869;1
32715;1
1391;1
232162;1
424040;1
42927;1
421419;1
33651;1
49564;1
120122;1
137436;1
214216;1
438204;1
1222;1
1358;1
25724;1
17630;1
408080;1
238963;1
239927;1
27462;1
14166;1
13371;1
14366;1
25775;1
439246;1
32483;1
39557;1
405130;1
100568;1
302204;1
413655;1
443784;1
13377;1
103808;1
17944;1
1360;1
238669;1
7614;1
418376;1
407835;1
48309;1
408408;1
214444;1
5664;1
5821;1
101356;1
6780;1
13677;1
39275;1
407441;1
238923;1
27662;1
434248;1
35557;1
47508;1
16003;1
15962;1
33191;1
19852;1
42417;1
32831;1
9813;1
122057;1
211137;1
6932;1
4404;1
32102;1
33839;1
24053;1
7550;1
24429;1
443059;1
104853;1
401718;1
406107;1
30085;1
5676;1
17587;1
238793;1
37847;1
35841;1
8608;1
7065;1
32151;1
418328;1
407645;1
24423;1
4686;1
100687;1
7369;1
1404;1
60029;1
238178;1
408231;1
33443;1
43849;1
409520;1
55511;1
42572;1
132451;1
238589;1
40582;1
239359;1
40131;1
38892;1
16906;1
33085;1
19181;1
38337;1
58646;1
35627;1
34145;1
9664;1
44348;1
28554;1
432703;1
35457;1
31259;1
12687;1
27211;1
31607;1
57044;1
19753;1
238596;1
214241;1
106132;1
29828;1
48065;1
32125;1
21115;1
401153;1
24537;1
15019;1
138839;1
29958;1
25743;1
45687;1
424386;1
123004;1
40196;1
8982;1
22681;1
13862;1
54035;1
412896;1
51587;1
432714;1
38865;1
101411;1
411413;1
52717;1
17655;1
406296;1
14855;1
43286;1
19695;1
422573;1
422687;1
406232;1
3637;1
53352;1
17440;1
48870;1
19394;1
130615;1
105682;1
42778;1
400799;1
8574;1
5730;1
13615;1
30704;1
211372;1
292156;1
46848;1
10458;1
49382;1
43237;1
104787;1
406322;1
2256;1
38261;1
3767;1
100613;1
413;1
400617;1
405969;1
418949;1
16590;1
127301;1
27464;1
102018;1
138805;1
25630;1
18866;1
417628;1
101619;1
22354;1
60075;1
26749;1
30331;1
19601;1
44294;1
2512;1
52639;1
25096;1
5911;1
22087;1
45089;1
1320;1
103810;1
11255;1
6337;1
422077;1
34974;1
449;1
54996;1
105790;1
30022;1
418829;1
54333;1
8303;1
102893;1
401135;1
405323;1
20950;1
25978;1
44609;1
14214;1
404854;1
5337;1
412940;1
40561;1
104963;1
38188;1
37509;1
292253;1
403857;1
432944;1
236107;1
106147;1
412784;1
122321;1
103227;1
18513;1
239385;1
410711;1
292275;1
12227;1
53883;1
10797;1
9489;1
43007;1
15594;1
11568;1
420553;1
21775;1
41942;1
25109;1
400513;1
440321;1
16043;1
28398;1
37230;1
409161;1
406749;1
402861;1
28577;1
41863;1
402352;1
53772;1
34016;1
21164;1
37542;1
300443;1
2332;1
59396;1
411422;1
435279;1
15779;1
106903;1
19885;1
406970;1
32577;1
101585;1
422563;1
59243;1
34983;1
21136;1
9309;1
130460;1
16314;1
302125;1
15127;1
100723;1
6526;1
300015;1
425299;1
10434;1
15395;1
13262;1
31651;1
424871;1
14889;1
443978;1
4427;1
49926;1
48165;1
239455;1
45794;1
33499;1
37704;1
36124;1
9954;1
441822;1
16950;1
52421;1
2827;1
9955;1
238625;1
131191;1
37453;1
10389;1
436234;1
25051;1
19425;1
420963;1
239029;1
39336;1
31748;1
105701;1
41851;1
46636;1
42495;1
54106;1
18407;1
402921;1
25080;1
214927;1
34527;1
422791;1
104024;1
38656;1
12743;1
46948;1
214610;1
12636;1
214753;1
38977;1
50027;1
8666;1
41053;1
101726;1
420705;1
13837;1
302219;1
424722;1
38424;1
302243;1
214736;1
40302;1
138567;1
239297;1
23197;1
38101;1
37820;1
138510;1
11658;1
15460;1
101561;1
9002;1
14585;1
21659;1
258;1
6452;1
58109;1
211205;1
122965;1
407453;1
26307;1
302066;1
214512;1
41894;1
3884;1
45907;1
41410;1
137126;1
402264;1
434813;1
60485;1
407076;1
239115;1
14584;1
40786;1
44844;1
411542;1
3438;1
3196;1
5549;1
6753;1
427360;1
421213;1
32341;1
5071;1
232209;1
24617;1
21705;1
10906;1
34566;1
10203;1
105547;1
47056;1
37789;1
25514;1
405074;1
47461;1
29093;1
418334;1
40891;1
21042;1
421616;1
840;1
49851;1
50851;1
42695;1
404374;1
15938;1
15769;1
27691;1
3910;1
41639;1
27928;1
130462;1
48909;1
418811;1
33178;1
100657;1
404722;1
105792;1
32158;1
435044;1
239603;1
44117;1
283004;1
24415;1
403129;1
38517;1
3524;1
35071;1
430685;1
7551;1
238485;1
103543;1
105963;1
421379;1
417606;1
11860;1
55561;1
302407;1
102297;1
424744;1
46709;1
8904;1
419135;1
24485;1
30742;1
6419;1
31646;1
2674;1
430725;1
224001;1
33750;1
18178;1
30330;1
23836;1
431373;1
40444;1
123327;1
43672;1
7601;1
419984;1
40309;1
105279;1
26412;1
9998;1
228103;1
122313;1
409620;1
37926;1
1544;1
407891;1
44872;1
43515;1
28124;1
103189;1
7136;1
404348;1
423416;1
6918;1
103822;1
29413;1
35423;1
26115;1
17891;1
295003;1
10093;1
103583;1
434607;1
43985;1
43392;1
101743;1
103843;1
403127;1
14566;1
11097;1
20758;1
239421;1
400981;1
31970;1
3832;1
232220;1
414402;1
7215;1
21406;1
413922;1
52995;1
406565;1
421915;1
33247;1
32461;1
47905;1
14150;1
13683;1
11345;1
300320;1
238440;1
132566;1
33535;1
411673;1
423263;1
23367;1
1627;1
58706;1
48280;1
400749;1
32262;1
236154;1
29432;1
211255;1
626;1
12526;1
239561;1
404571;1
53027;1
33290;1
103830;1
100570;1
470;1
56390;1
8253;1
411078;1
8132;1
23688;1
16849;1
42991;1
402975;1
23922;1
238534;1
105157;1
104321;1
443904;1
103658;1
409253;1
19386;1
24287;1
54593;1
252048;1
42058;1
22802;1
43103;1
41695;1
421688;1
12918;1
26906;1
46673;1
417457;1
18004;1
53199;1
414257;1
18382;1
58269;1
32049;1
16821;1
12670;1
420531;1
444599;1
34128;1
9952;1
36563;1
2453;1
41131;1
15071;1
44266;1
36459;1
14240;1
46632;1
5329;1
302339;1
121218;1
13754;1
35992;1
23978;1
22665;1
432835;1
48938;1
419804;1
19243;1
7718;1
19262;1
408452;1
21559;1
106175;1
400782;1
121558;1
402164;1
238160;1
1153;1
26505;1
16168;1
1744;1
23668;1
12327;1
29833;1
17273;1
48003;1
36708;1
307008;1
47880;1
60023;1
27918;1
7945;1
417164;1
101231;1
47118;1
103203;1
405405;1
33780;1
31262;1
29570;1
13351;1
411362;1
401246;1
105902;1
10634;1
994;1
27730;1
105568;1
35035;1
7109;1
214313;1
134317;1
42855;1
29297;1
11219;1
44496;1
39992;1
401446;1
431230;1
52092;1
8397;1
435944;1
103654;1
405929;1
137540;1
10377;1
54081;1
27448;1
214252;1
37153;1
26664;1
26282;1
120394;1
211094;1
101143;1
36485;1
238826;1
10182;1
42851;1
252047;1
404961;1
41982;1
103588;1
9291;1
3086;1
26268;1
443860;1
15431;1
20343;1
34729;1
408407;1
232154;1
102423;1
55393;1
120645;1
20380;1
2542;1
422705;1
44672;1
53922;1
56174;1
421606;1
232084;1
14300;1
292013;1
42790;1
33837;1
23263;1
358;1
400529;1
100149;1
1168;1
214924;1
23068;1
4501;1
100866;1
238081;1
440667;1
11094;1
239057;1
46404;1
44385;1
55049;1
28755;1
36625;1
13510;1
32969;1
101930;1
19579;1
403547;1
239262;1
415308;1
45753;1
412276;1
126857;1
35715;1
17276;1
22567;1
400093;1
239726;1
46521;1
4603;1
232143;1
40913;1
36444;1
20993;1
37739;1
1430;1
105540;1
37717;1
12831;1
439603;1
239662;1
13819;1
31167;1
401889;1
3217;1
102191;1
438582;1
421696;1
283064;1
283012;1
127289;1
51212;1
406191;1
408420;1
11165;1
9585;1
39655;1
103884;1
35802;1
433000;1
403103;1
37056;1
130944;1
3976;1
405045;1
434555;1
438975;1
12193;1
47203;1
105225;1
20237;1
10026;1
18857;1
23999;1
39555;1
37861;1
20977;1
618;1
47191;1
52906;1
29882;1
53258;1
300456;1
404495;1
236184;1
214427;1
424720;1
36257;1
1736;1
31643;1
5639;1
423210;1
29757;1
9816;1
6103;1
45373;1
103223;1
105229;1
4192;1
53164;1
105588;1
101666;1
33719;1
41435;1
11124;1
104470;1
4695;1
45528;1
37670;1
3429;1
8197;1
435612;1
100233;1
26596;1
10964;1
22853;1
20159;1
403432;1
40793;1
103880;1
19085;1
55153;1
21682;1
11941;1
100112;1
42272;1
104521;1
35925;1
57443;1
25435;1
27089;1
25513;1
35363;1
418979;1
413827;1
58910;1
16179;1
60167;1
49912;1
416826;1
102821;1
28608;1
405603;1
22868;1
8472;1
55347;1
405004;1
121235;1
34728;1
302438;1
103697;1
211066;1
26095;1
292313;1
102822;1
42862;1
100278;1
4239;1
18180;1
211201;1
26353;1
6460;1
21339;1
15647;1
415075;1
35345;1
38639;1
37585;1
402094;1
438061;1
30265;1
29970;1
8927;1
57903;1
14126;1
15922;1
45986;1
20918;1
30474;1
37139;1
23762;1
411463;1
28621;1
443988;1
19282;1
300504;1
104885;1
425835;1
120695;1
214223;1
32252;1
22478;1
32094;1
106054;1
18766;1
86;1
30293;1
28176;1
415060;1
32222;1
21161;1
12884;1
14588;1
102703;1
11113;1
9187;1
23095;1
100592;1
12924;1
236129;1
57021;1
28060;1
123226;1
7113;1
30903;1
1505;1
102398;1
443782;1
20146;1
17164;1
15106;1
5659;1
100400;1
440007;1
52439;1
27136;1
404324;1
32313;1
22854;1
45016;1
40256;1
412800;1
423456;1
434105;1
5774;1
18656;1
211069;1
53595;1
27033;1
11066;1
42328;1
31817;1
44059;1
49222;1
214983;1
41492;1
29421;1
36689;1
44972;1
214847;1
19966;1
302194;1
8824;1
24671;1
23089;1
404490;1
440759;1
54896;1
434492;1
400483;1
22700;1
101815;1
6330;1
13498;1
20712;1
430812;1
50241;1
432540;1
9830;1
214666;1
401888;1
28488;1
14656;1
2241;1
14635;1
411588;1
24706;1
58423;1
427911;1
46806;1
23906;1
137208;1
45648;1
406020;1
32776;1
18994;1
131017;1
101966;1
24458;1
400709;1
431991;1
7378;1
23991;1
46475;1
674;1
39061;1
37467;1
42432;1
13216;1
443844;1
5786;1
30140;1
102953;1
100085;1
101902;1
13647;1
1743;1
422846;1
5888;1
21899;1
417624;1
27409;1
22304;1
12669;1
56633;1
40210;1
29925;1
31756;1
302144;1
130458;1
300301;1
1814;1
7493;1
4308;1
4600;1
42255;1
414965;1
7481;1
430826;1
635;1
10674;1
105696;1
46926;1
132671;1
10405;1
15471;1
103581;1
302396;1
41864;1
408948;1
300498;1
26232;1
10812;1
43599;1
53457;1
60277;1
239788;1
421604;1
422383;1
238106;1
25647;1
23796;1
19661;1
418436;1
239627;1
15029;1
14947;1
22768;1
34997;1
409164;1
14970;1
4287;1
137143;1
3838;1
20295;1
47241;1
101546;1
406357;1
27125;1
24451;1
300399;1
22073;1
18508;1
33996;1
102929;1
7058;1
37993;1
46546;1
40777;1
2480;1
2635;1
136;1
131056;1
42262;1
35126;1
100296;1
4655;1
31522;1
30858;1
17896;1
36437;1
104883;1
39126;1
35960;1
440329;1
423002;1
104465;1
15350;1
436174;1
13198;1
37411;1
131126;1
10626;1
253016;1
11851;1
2648;1
100493;1
48893;1
33972;1
103145;1
30618;1
21111;1
36711;1
409661;1
19957;1
2550;1
3907;1
3990;1
51866;1
40539;1
214582;1
28680;1
440152;1
18066;1
44530;1
33394;1
236145;1
45945;1
418503;1
43020;1
197;1
27574;1
400583;1
105972;1
38608;1
292128;1
18183;1
44776;1
6533;1
22023;1
4991;1
54632;1
42028;1
15523;1
412722;1
34160;1
6755;1
239829;1
101644;1
35357;1
102624;1
41825;1
56466;1
27195;1
411457;1
37703;1
121306;1
4973;1
28131;1
44943;1
414664;1
238857;1
44024;1
103671;1
15577;1
214643;1
54930;1
411691;1
36403;1
5265;1
15500;1
405185;1
12216;1
4990;1
25621;1
214207;1
2112;1
46403;1
35852;1
31538;1
29985;1
21009;1
441100;1
20418;1
19244;1
43545;1
427;1
17521;1
121374;1
35219;1
6515;1
33555;1
409939;1
16584;1
30822;1
422284;1
2693;1
19944;1
60256;1
22316;1
11700;1
23612;1
16492;1
102240;1
436156;1
234027;1
40641;1
239985;1
4131;1
300303;1
28088;1
29266;1
417178;1
29986;1
47039;1
131085;1
138927;1
420525;1
31041;1
23513;1
29706;1
49961;1
228098;1
106480;1
26934;1
130875;1
32708;1
443772;1
41977;1
46595;1
105924;1
36397;1
17226;1
102892;1
19860;1
100333;1
120086;1
45507;1
25384;1
23793;1
104189;1
52274;1
21526;1
21222;1
420141;1
104922;1
214838;1
230010;1
47458;1
14123;1
31568;1
403191;1
30895;1
104231;1
41370;1
38579;1
214088;1
39262;1
18720;1
414991;1
10386;1
267;1
32376;1
35307;1
130283;1
103026;1
127577;1
42304;1
45026;1
100053;1
137469;1
438782;1
16370;1
36553;1
402200;1
300217;1
32381;1
6964;1
55204;1
19337;1
421540;1
45389;1
24225;1
2832;1
47305;1
20829;1
58037;1
18850;1
7536;1
6369;1
101202;1
238688;1
33631;1
103269;1
292043;1
13394;1
26726;1
406428;1
31763;1
442373;1
21157;1
410865;1
101220;1
100532;1
31073;1
402233;1
45379;1
49141;1
292192;1
31576;1
5824;1
404703;1
18789;1
55149;1
19006;1
5513;1
238583;1
239229;1
238696;1
101679;1
412856;1
59284;1
101866;1
23454;1
440898;1
6842;1
51091;1
20207;1
14604;1
239996;1
413043;1
10486;1
29689;1
59862;1
29955;1
40785;1
437495;1
27654;1
274;1
8629;1
120018;1
422279;1
25802;1
283027;1
8842;1
3006;1
132439;1
419820;1
22554;1
441678;1
9891;1
22928;1
6195;1
16934;1
426905;1
29350;1
214633;1
26967;1
20454;1
443918;1
40105;1
45826;1
7076;1
49455;1
47185;1
5844;1
427628;1
53099;1
6558;1
34772;1
440681;1
423602;1
103921;1
49021;1
403416;1
33656;1
20622;1
19955;1
45010;1
7092;1
238358;1
105346;1
2787;1
656;1
122246;1
122336;1
238877;1
19637;1
16690;1
11988;1
127556;1
28970;1
34901;1
3540;1
420377;1
51307;1
41784;1
49483;1
13655;1
48647;1
8514;1
42982;1
30279;1
44743;1
25983;1
57236;1
29384;1
22533;1
59130;1
38712;1
54204;1
59251;1
401664;1
48535;1
438686;1
238771;1
106084;1
300475;1
26284;1
13527;1
404704;1
302458;1
211140;1
38230;1
137348;1
34167;1
430325;1
8178;1
6879;1
295019;1
36390;1
14458;1
43452;1
47842;1
12621;1
1589;1
43262;1
232183;1
55880;1
239205;1
41288;1
39645;1
21256;1
32397;1
414888;1
239372;1
52599;1
130732;1
418445;1
48156;1
14358;1
13653;1
422511;1
408062;1
49743;1
11159;1
438956;1
427357;1
48558;1
138763;1
422898;1
44388;1
20609;1
1004;1
122983;1
36837;1
5927;1
19865;1
103237;1
10592;1
3460;1
24972;1
28492;1
47507;1
19135;1
1262;1
48953;1
39378;1
445835;1
22577;1
433232;1
56178;1
5461;1
26602;1
57829;1
12775;1
400425;1
10772;1
6124;1
38616;1
292218;1
29559;1
47909;1
53449;1
22773;1
200003;1
35691;1
130716;1
42308;1
101054;1
4643;1
28059;1
42346;1
20995;1
104559;1
422041;1
38377;1
214400;1
21536;1
50955;1
50;1
411563;1
25576;1
432029;1
214499;1
24726;1
6961;1
7393;1
7890;1
106889;1
238790;1
36893;1
411271;1
302028;1
105705;1
404412;1
21308;1
2770;1
8669;1
15254;1
36922;1
408345;1
239973;1
283109;1
18778;1
44035;1
101784;1
307012;1
57300;1
37744;1
37856;1
22988;1
28403;1
41033;1
41150;1
29030;1
434196;1
42228;1
428820;1
38241;1
7115;1
29016;1
133752;1
29224;1
418340;1
182;1
17599;1
38499;1
1950;1
43133;1
6670;1
443954;1
24291;1
44316;1
419800;1
13563;1
5252;1
31139;1
101148;1
21986;1
401499;1
406377;1
239340;1
12523;1
283133;1
302134;1
23325;1
2675;1
16528;1
239326;1
228068;1
26972;1
14125;1
440695;1
26096;1
120439;1
105589;1
39282;1
42684;1
8964;1
137236;1
36066;1
415475;1
426197;1
44365;1
35873;1
35145;1
46548;1
11612;1
45359;1
35373;1
407561;1
130740;1
102666;1
302485;1
102227;1
443361;1
400226;1
2925;1
102582;1
432950;1
40714;1
25934;1
28376;1
11517;1
404164;1
1585;1
239866;1
35148;1
120059;1
44876;1
18113;1
103283;1
214741;1
430873;1
551;1
43636;1
12228;1
100283;1
27045;1
239454;1
19599;1
55778;1
14130;1
42530;1
21314;1
10612;1
38693;1
32627;1
521;1
7366;1
49007;1
14610;1
47356;1
105295;1
15332;1
21594;1
406721;1
10976;1
444936;1
22108;1
34672;1
5873;1
1678;1
411642;1
17260;1
55816;1
407853;1
19074;1
439799;1
444924;1
904;1
220003;1
34248;1
44714;1
214491;1
32059;1
102161;1
5442;1
292297;1
3032;1
407594;1
4606;1
16578;1
27474;1
51339;1
5121;1
48940;1
102902;1
102469;1
441391;1
127657;1
29417;1
4096;1
438856;1
44032;1
19517;1
52971;1
13646;1
105378;1
426577;1
6462;1
100458;1
59655;1
413679;1
402099;1
25918;1
105690;1
5839;1
103747;1
429944;1
33969;1
28297;1
54665;1
423606;1
105085;1
44684;1
9856;1
104867;1
47808;1
46356;1
46507;1
22132;1
436593;1
1503;1
13903;1
408591;1
12034;1
32093;1
55258;1
214328;1
20646;1
302391;1
38318;1
33481;1
60420;1
13848;1
11931;1
52583;1
19795;1
238692;1
18524;1
232166;1
437228;1
5605;1
100803;1
437973;1
14424;1
214139;1
25768;1
444402;1
130612;1
410635;1
462;1
440289;1
34739;1
1615;1
54543;1
130991;1
32013;1
41432;1
33633;1
104211;1
130373;1
41661;1
38508;1
39332;1
38277;1
102015;1
428351;1
60136;1
122268;1
32343;1
421790;1
3905;1
7685;1
100363;1
7264;1
52746;1
18916;1
4295;1
24072;1
15339;1
5685;1
400571;1
39391;1
101489;1
26982;1
49945;1
36126;1
12306;1
14046;1
60376;1
33934;1
103568;1
302273;1
300125;1
54267;1
58634;1
42217;1
7022;1
36605;1
414738;1
238898;1
252006;1
42752;1
127747;1
24306;1
43608;1
33255;1
44669;1
26807;1
414371;1
121217;1
12550;1
239626;1
406470;1
437961;1
239503;1
16317;1
253008;1
413507;1
132729;1
239153;1
32108;1
14462;1
102362;1
37681;1
21337;1
407154;1
406121;1
236060;1
14598;1
103388;1
30971;1
138728;1
4700;1
101338;1
47791;1
53185;1
43518;1
402830;1
103437;1
283183;1
2474;1
401206;1
101073;1
29124;1
35694;1
403408;1
413850;1
48295;1
45265;1
439843;1
19756;1
1142;1
127702;1
49833;1
15239;1
239732;1
37605;1
121286;1
300121;1
406719;1
132441;1
238887;1
415762;1
404627;1
130554;1
422509;1
37881;1
104773;1
8664;1
409177;1
302336;1
404875;1
31755;1
406484;1
441842;1
18989;1
103519;1
29659;1
28542;1
100922;1
43447;1
1852;1
131196;1
298031;1
29230;1
58835;1
47300;1
28813;1
33156;1
36681;1
130903;1
48529;1
16300;1
55043;1
6498;1
20903;1
123270;1
239361;1
22866;1
50473;1
130382;1
400330;1
1205;1
401137;1
56587;1
16947;1
47854;1
100800;1
18111;1
13802;1
100967;1
42780;1
7126;1
105879;1
220004;1
30561;1
12702;1
22730;1
36069;1
239240;1
36104;1
439965;1
214218;1
32832;1
20179;1
428369;1
54050;1
9315;1
16063;1
2450;1
211328;1
10995;1
31169;1
5702;1
11933;1
43595;1
41307;1
427630;1
103738;1
33215;1
627;1
45334;1
29866;1
20953;1
45148;1
28045;1
41635;1
33501;1
54698;1
236026;1
51182;1
25840;1
404336;1
39086;1
43553;1
41766;1
33686;1
137563;1
415744;1
27446;1
41285;1
18683;1
48479;1
10024;1
128180;1
41962;1
46603;1
36264;1
8549;1
38070;1
15364;1
54897;1
10096;1
23107;1
49719;1
214242;1
17967;1
103391;1
22927;1
411261;1
38877;1
30909;1
6850;1
41244;1
23720;1
42760;1
128098;1
428006;1
401490;1
55190;1
407241;1
104300;1
424760;1
401036;1
23028;1
9342;1
38041;1
47812;1
40689;1
102778;1
59049;1
33920;1
103534;1
53067;1
45533;1
7917;1
214312;1
295026;1
435099;1
45225;1
41737;1
14404;1
137711;1
13986;1
56388;1
16693;1
21936;1
44551;1
13347;1
55048;1
27618;1
444303;1
6365;1
20922;1
103516;1
33726;1
408058;1
6167;1
35056;1
13133;1
10423;1
102311;1
35476;1
120029;1
132674;1
26012;1
49234;1
45015;1
2982;1
22995;1
214173;1
43021;1
101200;1
40485;1
2907;1
440683;1
36190;1
100789;1
16159;1
232153;1
403561;1
430441;1
25169;1
19910;1
12442;1
429563;1
34332;1
239877;1
121313;1
17827;1
200025;1
23788;1
27257;1
13095;1
41151;1
100945;1
101512;1
37451;1
2841;1
298006;1
1894;1
16460;1
402629;1
55051;1
123052;1
31967;1
435125;1
421207;1
39848;1
7927;1
403233;1
100801;1
42964;1
14519;1
214566;1
17519;1
8134;1
45806;1
41644;1
4546;1
13873;1
101478;1
43946;1
9668;1
7409;1
57048;1
29216;1
8878;1
102079;1
59720;1
28917;1
32491;1
401196;1
57092;1
10888;1
50888;1
214104;1
214701;1
406500;1
104949;1
58710;1
102445;1
422292;1
402322;1
51324;1
40281;1
42859;1
21591;1
2826;1
13705;1
19609;1
52788;1
300134;1
96;1
34367;1
40839;1
30146;1
21514;1
4872;1
403403;1
102446;1
59107;1
421624;1
55039;1
5968;1
408422;1
23569;1
18392;1
48140;1
32780;1
408463;1
401482;1
103053;1
48524;1
35918;1
1919;1
104682;1
39986;1
20530;1
538;1
10616;1
103123;1
105008;1
101043;1
44121;1
57494;1
12991;1
238465;1
13348;1
43253;1
8208;1
406054;1
421935;1
59017;1
56591;1
26537;1
53071;1
403632;1
23271;1
11625;1
36497;1
28098;1
43907;1
14394;1
436407;1
11134;1
410624;1
7684;1
421866;1
414245;1
41243;1
408411;1
101909;1
11340;1
239419;1
413965;1
300047;1
413597;1
6937;1
102716;1
2658;1
57013;1
20158;1
47780;1
22423;1
718;1
407607;1
103098;1
103666;1
19612;1
44212;1
302063;1
51997;1
35542;1
404892;1
48163;1
27782;1
100300;1
36735;1
35989;1
106135;1
406984;1
443043;1
9478;1
35321;1
36697;1
403768;1
434421;1
415006;1
50817;1
2546;1
28749;1
56010;1
103234;1
15762;1
5443;1
42280;1
137291;1
120304;1
20457;1
5396;1
1079;1
43559;1
405530;1
58165;1
420018;1
100381;1
104898;1
102382;1
239836;1
419186;1
414231;1
5393;1
17195;1
407121;1
404208;1
58069;1
553;1
5890;1
16723;1
26955;1
103363;1
253024;1
100158;1
24462;1
127634;1
403689;1
6747;1
13642;1
435232;1
445863;1
37752;1
120429;1
2510;1
43810;1
103483;1
214437;1
122218;1
2641;1
6540;1
13920;1
36120;1
55112;1
42804;1
16828;1
39205;1
8187;1
101183;1
414737;1
239704;1
1326;1
30341;1
13994;1
238527;1
431578;1
413899;1
17426;1
438238;1
24134;1
414555;1
58512;1
404675;1
431234;1
14452;1
19464;1
127638;1
3747;1
16030;1
39270;1
28406;1
10045;1
18196;1
31414;1
2058;1
131048;1
9136;1
103899;1
29681;1
11222;1
36204;1
53394;1
22748;1
36441;1
17712;1
6783;1
3027;1
39849;1
1621;1
106015;1
15208;1
15560;1
420434;1
35586;1
18716;1
443938;1
408068;1
46691;1
103550;1
628;1
40992;1
440158;1
8962;1
3268;1
38713;1
232216;1
437903;1
21294;1
105059;1
401186;1
120697;1
300128;1
300551;1
434143;1
52234;1
27002;1
211403;1
29104;1
19707;1
29362;1
58261;1
412076;1
2808;1
214472;1
41933;1
434658;1
441331;1
1805;1
238268;1
6668;1
3477;1
100289;1
407521;1
238754;1
58220;1
412764;1
35063;1
36685;1
121250;1
1825;1
101453;1
102956;1
47803;1
31159;1
18971;1
8909;1
105985;1
427267;1
419304;1
1193;1
1994;1
400151;1
100781;1
253001;1
440693;1
32721;1
9030;1
132891;1
238366;1
39376;1
239180;1
406833;1
11508;1
1184;1
214843;1
440174;1
239651;1
104352;1
8265;1
47087;1
101222;1
12004;1
37534;1
41458;1
441132;1
38773;1
130528;1
416534;1
214910;1
103726;1
101872;1
44957;1
58871;1
30160;1
23532;1
238578;1
120703;1
22253;1
441668;1
402604;1
25000;1
300321;1
16212;1
415099;1
17154;1
27348;1
44044;1
5037;1
25669;1
22168;1
14711;1
419828;1
866;1
14577;1
423604;1
1542;1
239759;1
401866;1
421239;1
238321;1
776;1
9260;1
23473;1
292173;1
42290;1
36995;1
26747;1
1121;1
137263;1
22867;1
422663;1
120441;1
6271;1
100475;1
19405;1
724;1
15438;1
214136;1
15004;1
25552;1
20104;1
29497;1
12459;1
17945;1
404352;1
30566;1
13230;1
43038;1
42553;1
214756;1
43135;1
23627;1
37947;1
418871;1
34584;1
239620;1
403453;1
214874;1
27325;1
48745;1
58007;1
44982;1
57530;1
239758;1
43314;1
16311;1
60408;1
408882;1
58880;1
27192;1
302439;1
7881;1
238528;1
2840;1
1111;1
30445;1
426925;1
443682;1
104935;1
46078;1
130723;1
236117;1
102105;1
38025;1
411659;1
5996;1
17049;1
422241;1
214176;1
2720;1
407809;1
420426;1
414280;1
413898;1
18888;1
35651;1
103930;1
425429;1
32120;1
2929;1
11033;1
104133;1
58281;1
8757;1
104824;1
214283;1
15056;1
415471;1
404342;1
10520;1
238548;1
9320;1
47158;1
55274;1
26856;1
10806;1
406298;1
45631;1
25709;1
590;1
82;1
25966;1
23784;1
51214;1
2000;1
40048;1
412270;1
23218;1
238912;1
438047;1
16775;1
30653;1
36824;1
55229;1
300272;1
6213;1
401263;1
18261;1
26759;1
6765;1
33468;1
437385;1
101728;1
120008;1
41016;1
7646;1
36830;1
12986;1
489;1
31075;1
36085;1
12633;1
1555;1
400051;1
21133;1
30892;1
17410;1
54228;1
105812;1
214398;1
12297;1
2927;1
18179;1
27791;1
411360;1
31333;1
416082;1
101542;1
29464;1
5490;1
31130;1
20885;1
105586;1
59896;1
103426;1
131072;1
23853;1
39223;1
402851;1
419746;1
23871;1
32924;1
18428;1
60362;1
25660;1
35385;1
46538;1
10831;1
34654;1
4244;1
26167;1
41472;1
403965;1
33678;1
120052;1
214128;1
39906;1
434579;1
23651;1
29447;1
59324;1
4328;1
13913;1
17121;1
4742;1
130930;1
127751;1
29928;1
56378;1
138498;1
28428;1
3554;1
134217;1
40495;1
3839;1
52883;1
58184;1
41104;1
17928;1
45079;1
46820;1
414598;1
43671;1
38253;1
8707;1
403395;1
433770;1
24480;1
18575;1
24823;1
103313;1
38038;1
53845;1
283193;1
33637;1
44182;1
104855;1
401108;1
7654;1
130602;1
425500;1
34433;1
20597;1
414900;1
300525;1
436230;1
27123;1
25789;1
9459;1
16806;1
440138;1
5196;1
9273;1
16699;1
19211;1
14275;1
106308;1
102762;1
29267;1
104267;1
41993;1
22661;1
420197;1
37716;1
16354;1
51262;1
10762;1
46116;1
40067;1
232081;1
21768;1
211415;1
37102;1
104619;1
59462;1
31154;1
46319;1
55382;1
1263;1
132736;1
18593;1
38965;1
33418;1
31195;1
22159;1
9769;1
423440;1
794;1
10072;1
31909;1
57366;1
28065;1
33854;1
441343;1
300433;1
419770;1
214343;1
214415;1
211283;1
421636;1
122267;1
406974;1
26181;1
56176;1
35367;1
32719;1
33561;1
100786;1
59876;1
21976;1
13422;1
440142;1
408106;1
16027;1
36279;1
29252;1
438501;1
414052;1
6417;1
20074;1
14308;1
13767;1
37897;1
41641;1
37673;1
36872;1
9806;1
59802;1
53015;1
4099;1
424899;1
28274;1
105628;1
33905;1
239675;1
137354;1
51126;1
52871;1
431727;1
40108;1
39017;1
130709;1
138825;1
35047;1
3098;1
416117;1
104378;1
100280;1
101596;1
21017;1
47861;1
42427;1
130701;1
44742;1
104607;1
909;1
422485;1
132730;1
18926;1
53107;1
239357;1
41329;1
19372;1
17469;1
54289;1
3794;1
101685;1
44620;1
416085;1
29878;1
120092;1
402723;1
42152;1
45720;1
100870;1
104248;1
45653;1
15469;1
442282;1
24561;1
27778;1
14344;1
408283;1
232175;1
12521;1
52335;1
41184;1
9425;1
20362;1
105777;1
432091;1
20840;1
102009;1
38288;1
5375;1
1460;1
15435;1
10170;1
15619;1
34745;1
441297;1
13470;1
17342;1
9868;1
238921;1
56345;1
12088;1
2626;1
40846;1
37728;1
29944;1
52349;1
137281;1
36959;1
37245;1
10675;1
403573;1
16111;1
42365;1
36176;1
34486;1
127358;1
45518;1
14548;1
414560;1
424869;1
7723;1
425712;1
417453;1
103297;1
30491;1
36603;1
59604;1
409634;1
24873;1
405759;1
53905;1
101536;1
6294;1
13290;1
36969;1
23699;1
9970;1
102729;1
14247;1
19613;1
14754;1
14549;1
54882;1
22796;1
51154;1
47086;1
1923;1
101278;1
302429;1
32954;1
105807;1
239087;1
32231;1
34626;1
29552;1
38455;1
7394;1
4368;1
22676;1
10593;1
5713;1
138277;1
38949;1
58584;1
40557;1
12479;1
8772;1
432293;1
28354;1
10647;1
292162;1
405023;1
239742;1
24385;1
35760;1
30921;1
10442;1
26234;1
2919;1
41280;1
238656;1
236055;1
224014;1
238778;1
7079;1
31915;1
20494;1
403316;1
53817;1
28189;1
130603;1
34894;1
24281;1
11560;1
137401;1
429590;1
414593;1
13933;1
56949;1
38854;1
27771;1
400893;1
15861;1
2093;1
401680;1
30071;1
18411;1
15853;1
127653;1
19155;1
26599;1
405250;1
434837;1
102987;1
200033;1
19530;1
444317;1
9208;1
405666;1
41512;1
10859;1
17895;1
10834;1
406073;1
56415;1
404356;1
440947;1
438858;1
422639;1
51553;1
137138;1
437383;1
400926;1
1961;1
36302;1
417724;1
406937;1
138500;1
38601;1
116;1
41795;1
8353;1
300411;1
130992;1
105005;1
38971;1
13559;1
430802;1
44373;1
27310;1
432992;1
17381;1
51919;1
42627;1
43746;1
29380;1
59478;1
12660;1
26037;1
25280;1
42144;1
35678;1
13045;1
58805;1
55124;1
8114;1
784;1
105891;1
55438;1
33415;1
40592;1
427517;1
234046;1
17353;1
55706;1
17433;1
28191;1
404384;1
418346;1
16795;1
25863;1
436403;1
30417;1
127592;1
25350;1
23253;1
20024;1
43872;1
44543;1
214816;1
120072;1
102749;1
48392;1
6253;1
38937;1
21117;1
11623;1
36598;1
24425;1
5142;1
19751;1
406214;1
40886;1
214150;1
16939;1
2032;1
15555;1
7622;1
44536;1
40076;1
211171;1
47012;1
4780;1
414316;1
17038;1
7225;1
48995;1
34741;1
130842;1
128014;1
416159;1
29389;1
11171;1
101162;1
404482;1
13059;1
40066;1
3235;1
12583;1
22701;1
41423;1
17287;1
3897;1
30547;1
723;1
3144;1
30213;1
434464;1
20890;1
497;1
11252;1
26441;1
44516;1
403727;1
405881;1
47857;1
21750;1
101943;1
18530;1
25288;1
123251;1
37858;1
24076;1
12043;1
44820;1
422495;1
414691;1
132904;1
18364;1
3891;1
403117;1
36917;1
409937;1
435095;1
31106;1
41799;1
30540;1
32746;1
127549;1
39013;1
105230;1
105071;1
411131;1
437003;1
37563;1
220025;1
238739;1
131195;1
21737;1
21105;1
298037;1
38856;1
123237;1
31524;1
33507;1
5690;1
411070;1
45414;1
24369;1
414657;1
100826;1
25337;1
6272;1
54880;1
59526;1
238680;1
34809;1
11412;1
445677;1
36203;1
25041;1
30998;1
34402;1
421704;1
56286;1
102862;1
15378;1
102594;1
416145;1
35104;1
56051;1
22971;1
35388;1
3622;1
20153;1
28904;1
428208;1
28690;1
48690;1
14944;1
8545;1
101680;1
32332;1
401529;1
137225;1
403521;1
18613;1
100679;1
411411;1
28985;1
58704;1
431005;1
413764;1
36738;1
104078;1
1960;1
441451;1
16264;1
15879;1
20040;1
39196;1
402228;1
434581;1
402298;1
39624;1
29569;1
49346;1
408908;1
137344;1
30450;1
23027;1
5272;1
3974;1
17964;1
57735;1
31826;1
27308;1
138407;1
31775;1
239783;1
401381;1
46746;1
574;1
21488;1
38572;1
406755;1
19918;1
418284;1
238424;1
409357;1
6046;1
29122;1
417710;1
39510;1
16028;1
411434;1
59198;1
1375;1
413936;1
13746;1
35513;1
28649;1
59628;1
43610;1
21700;1
19840;1
43542;1
407775;1
30544;1
975;1
412293;1
39087;1
101305;1
1292;1
18859;1
11952;1
11726;1
55142;1
42287;1
239727;1
42706;1
101118;1
30546;1
27985;1
102533;1
401725;1
39077;1
102629;1
11993;1
40409;1
9368;1
404430;1
402767;1
100990;1
3624;1
130838;1
60496;1
101778;1
52943;1
53633;1
200070;1
20585;1
9620;1
32929;1
6924;1
15336;1
27351;1
13988;1
238387;1
417640;1
14897;1
434053;1
414944;1
31192;1
9065;1
100909;1
37683;1
105637;1
426139;1
57080;1
580;1
44023;1
214806;1
29815;1
59880;1
9302;1
5041;1
101869;1
438158;1
938;1
28637;1
11677;1
215001;1
14038;1
22194;1
105763;1
36011;1
10256;1
50768;1
47199;1
3656;1
38403;1
42831;1
30703;1
44233;1
30117;1
58045;1
14118;1
25550;1
103369;1
21266;1
408888;1
4736;1
18433;1
408518;1
18273;1
45282;1
34748;1
509;1
302427;1
58091;1
23357;1
4234;1
17998;1
58943;1
43379;1
53619;1
26063;1
104433;1
52633;1
43357;1
30871;1
57386;1
36380;1
49594;1
418362;1
300155;1
11105;1
9686;1
429269;1
58654;1
10497;1
56097;1
37966;1
42000;1
420507;1
438828;1
16604;1
211376;1
59584;1
53447;1
11237;1
28481;1
12728;1
18874;1
401181;1
300511;1
13407;1
417136;1
34613;1
411689;1
4091;1
44681;1
33667;1
407541;1
434272;1
54001;1
45550;1
16531;1
44107;1
31443;1
18345;1
423138;1
45450;1
28788;1
15747;1
24033;1
121340;1
8753;1
104440;1
412796;1
105369;1
17778;1
53732;1
105432;1
49499;1
24761;1
41051;1
239706;1
14592;1
13727;1
402062;1
21359;1
101511;1
238839;1
3072;1
38037;1
56087;1
138495;1
6934;1
402770;1
12841;1
29938;1
409959;1
137303;1
405629;1
38936;1
26824;1
19981;1
46214;1
3978;1
2044;1
20374;1
1291;1
35739;1
8205;1
52246;1
9875;1
9228;1
412870;1
32779;1
15118;1
43191;1
120616;1
409750;1
53927;1
239938;1
10672;1
103146;1
102623;1
214310;1
4390;1
48030;1
39795;1
5152;1
41924;1
27268;1
21231;1
4864;1
24406;1
55195;1
100779;1
402754;1
45598;1
131107;1
130531;1
104520;1
406245;1
2818;1
55161;1
408750;1
443948;1
18305;1
12955;1
411169;1
121355;1
48254;1
12307;1
48315;1
10028;1
423588;1
41959;1
28861;1
24352;1
28427;1
409039;1
53031;1
36891;1
46779;1
137716;1
133840;1
59200;1
24030;1
44581;1
100252;1
133957;1
56463;1
438981;1
32174;1
5422;1
25012;1
292078;1
49785;1
19102;1
12581;1
400095;1
444458;1
15896;1
419642;1
26540;1
56971;1
100513;1
42164;1
10147;1
104332;1
133834;1
32326;1
47819;1
120677;1
2457;1
24133;1
22140;1
408348;1
1593;1
16958;1
435828;1
123055;1
20874;1
434575;1
20254;1
18935;1
234044;1
401223;1
205;1
15262;1
18309;1
5521;1
100749;1
33952;1
20330;1
439577;1
421423;1
36211;1
100122;1
104569;1
8979;1
239539;1
22973;1
2462;1
19878;1
13164;1
2516;1
30673;1
439803;1
103891;1
35188;1
102914;1
36815;1
137237;1
60120;1
444372;1
41420;1
1133;1
300311;1
408388;1
238602;1
22908;1
19889;1
8852;1
29342;1
27913;1
238848;1
39591;1
27584;1
41787;1
16125;1
10894;1
411323;1
127553;1
214107;1
139;1
420467;1
6214;1
34592;1
138395;1
6979;1
23257;1
10124;1
2801;1
51005;1
18649;1
15643;1
9385;1
29453;1
8616;1
238129;1
55064;1
401026;1
12668;1
19908;1
9525;1
35937;1
4305;1
302267;1
413181;1
24364;1
22184;1
103775;1
38848;1
12280;1
7605;1
29291;1
104715;1
29027;1
407771;1
41708;1
25301;1
35019;1
30876;1
9847;1
33709;1
15389;1
29703;1
132715;1
11011;1
40663;1
214212;1
5595;1
43223;1
1598;1
415119;1
5381;1
23823;1
8028;1
407342;1
442839;1
402814;1
24522;1
21092;1
8556;1
9133;1
29943;1
38984;1
409327;1
10100;1
407312;1
35220;1
7262;1
14134;1
22463;1
103978;1
411828;1
7621;1
42590;1
40863;1
130426;1
35334;1
15680;1
302123;1
105978;1
41668;1
31801;1
101603;1
3272;1
38997;1
5219;1
300318;1
45095;1
405001;1
102983;1
3636;1
36550;1
57117;1
6893;1
434642;1
27336;1
30749;1
57684;1
50668;1
34523;1
42067;1
12879;1
34539;1
44301;1
408571;1
47841;1
215002;1
103420;1
45625;1
41159;1
28363;1
3456;1
50994;1
238166;1
437555;1
44180;1
52713;1
103857;1
406157;1
3075;1
27856;1
2237;1
440737;1
33762;1
302444;1
132594;1
127286;1
300439;1
31933;1
104389;1
28350;1
8310;1
45582;1
412175;1
11717;1
7667;1
57950;1
39090;1
17810;1
58230;1
31620;1
45071;1
18921;1
36643;1
407994;1
18917;1
417772;1
30338;1
402879;1
40260;1
439008;1
39972;1
19719;1
105724;1
30931;1
31625;1
443800;1
37766;1
5192;1
1497;1
43767;1
433689;1
8473;1
23188;1
414140;1
35015;1
21794;1
7198;1
27315;1
409873;1
33412;1
44752;1
27812;1
239543;1
10580;1
14978;1
56215;1
101082;1
51724;1
24694;1
412830;1
445585;1
402109;1
32552;1
407158;1
58684;1
14356;1
14743;1
30780;1
104081;1
1002;1
24282;1
30984;1
122329;1
10190;1
5858;1
422479;1
9392;1
5881;1
15001;1
23776;1
401800;1
21674;1
106363;1
41718;1
2860;1
55798;1
51341;1
411150;1
23226;1
23546;1
239342;1
300505;1
214917;1
37575;1
100365;1
100599;1
102508;1
3343;1
40252;1
434419;1
7395;1
7138;1
3926;1
302093;1
28081;1
39664;1
45570;1
56252;1
14685;1
438941;1
408157;1
106900;1
432237;1
19452;1
7991;1
238751;1
17875;1
105811;1
12245;1
105865;1
9169;1
232202;1
2056;1
9985;1
102259;1
34884;1
54138;1
432317;1
11476;1
39936;1
2144;1
238045;1
413888;1
9163;1
19507;1
49042;1
405197;1
28149;1
433043;1
13810;1
8176;1
25334;1
6143;1
44453;1
50641;1
302348;1
252002;1
292325;1
100760;1
27940;1
292164;1
30964;1
20602;1
122957;1
8918;1
13350;1
1245;1
54756;1
6955;1
5798;1
29662;1
41430;1
21985;1
440701;1
37300;1
137539;1
432959;1
11856;1
882;1
421668;1
36370;1
5561;1
22915;1
5681;1
28223;1
35786;1
221;1
2251;1
104402;1
403292;1
105939;1
32047;1
238812;1
436104;1
137227;1
13090;1
28384;1
24933;1
13612;1
48334;1
423618;1
20285;1
37126;1
409850;1
33716;1
30495;1
55191;1
37404;1
430345;1
46400;1
104437;1
40870;1
19479;1
36324;1
103188;1
22462;1
26716;1
103670;1
106060;1
4958;1
403290;1
19987;1
302126;1
928;1
401147;1
403207;1
414573;1
38868;1
35311;1
406523;1
27524;1
103696;1
10276;1
652;1
29744;1
101243;1
412102;1
409931;1
8174;1
421307;1
200069;1
102657;1
407425;1
13668;1
16379;1
42879;1
409663;1
42155;1
7996;1
8091;1
38730;1
214683;1
417231;1
1831;1
11648;1
302436;1
105741;1
15995;1
239197;1
15268;1
45149;1
423836;1
17040;1
421586;1
131176;1
214928;1
42408;1
36208;1
12648;1
121163;1
2631;1
36570;1
4791;1
21703;1
39995;1
122240;1
16598;1
29618;1
34818;1
415039;1
20103;1
35985;1
133758;1
106376;1
15732;1
422597;1
200077;1
34366;1
42845;1
104676;1
8292;1
404026;1
215000;1
44123;1
102196;1
292334;1
39449;1
40103;1
302147;1
57795;1
104171;1
409601;1
434378;1
42983;1
17909;1
239511;1
239629;1
105645;1
7939;1
214203;1
5600;1
2684;1
20314;1
29365;1
41803;1
103917;1
138879;1
32523;1
11288;1
53685;1
16839;1
175;1
52071;1
21329;1
35824;1
12830;1
14474;1
100994;1
11713;1
417526;1
9206;1
3301;1
36883;1
3282;1
22727;1
300172;1
29565;1
1104;1
32482;1
239953;1
59815;1
52593;1
59258;1
418451;1
239958;1
32911;1
3253;1
40766;1
43399;1
14129;1
50356;1
19270;1
101932;1
10911;1
43650;1
103867;1
7009;1
27166;1
38212;1
33931;1
37882;1
400052;1
239939;1
214624;1
46442;1
38202;1
33782;1
45069;1
239873;1
295010;1
38371;1
5822;1
17449;1
420338;1
23802;1
34984;1
28914;1
31903;1
105220;1
433756;1
15474;1
16202;1
46049;1
8825;1
100638;1
3981;1
105513;1
50626;1
239910;1
43870;1
37264;1
12054;1
31581;1
214923;1
53400;1
123330;1
27977;1
12601;1
22171;1
411405;1
102417;1
414335;1
43565;1
433652;1
211089;1
13186;1
55208;1
42270;1
103201;1
34874;1
9848;1
43303;1
24612;1
33444;1
21096;1
432352;1
15752;1
20558;1
428405;1
15678;1
292315;1
17110;1
16616;1
35878;1
41949;1
21509;1
423665;1
48075;1
300213;1
100691;1
13502;1
105282;1
128112;1
445194;1
431966;1
402846;1
12027;1
37130;1
412936;1
32676;1
28734;1
104934;1
100938;1
44469;1
39629;1
14373;1
16547;1
100836;1
27200;1
33567;1
2605;1
34435;1
26616;1
437250;1
132739;1
29534;1
24370;1
420555;1
412812;1
45647;1
35665;1
100459;1
13614;1
106000;1
34;1
429592;1
41333;1
431332;1
430491;1
35376;1
416706;1
4628;1
19284;1
2900;1
414088;1
15404;1
14383;1
403966;1
14066;1
4731;1
238687;1
12856;1
12912;1
31815;1
12322;1
59552;1
30750;1
38780;1
23867;1
16122;1
29742;1
418725;1
441238;1
28463;1
45855;1
3572;1
5529;1
430877;1
238189;1
2250;1
408833;1
45726;1
28039;1
49437;1
42012;1
45391;1
2513;1
7786;1
6996;1
40518;1
9381;1
104270;1
2948;1
238609;1
433911;1
131034;1
430832;1
56852;1
28880;1
54904;1
34799;1
11425;1
7637;1
100660;1
23375;1
48137;1
2782;1
239407;1
24860;1
59227;1
34139;1
39432;1
49669;1
417282;1
441800;1
27271;1
28479;1
20746;1
37061;1
14665;1
56031;1
41272;1
8951;1
42549;1
33876;1
3398;1
837;1
402817;1
52021;1
6055;1
106062;1
429864;1
911;1
60268;1
50322;1
29068;1
21679;1
12132;1
4975;1
103153;1
34688;1
57991;1
30656;1
4947;1
11037;1
8454;1
409831;1
238170;1
40086;1
300178;1
104556;1
9029;1
44598;1
130947;1
12720;1
20287;1
47627;1
300477;1
16493;1
31818;1
26988;1
100979;1
58817;1
422621;1
404852;1
101622;1
24704;1
56877;1
38448;1
29368;1
59618;1
33131;1
11109;1
300453;1
10899;1
101497;1
302268;1
421506;1
9724;1
414627;1
36440;1
7156;1
298;1
16861;1
13626;1
7285;1
53079;1
31580;1
411541;1
103450;1
412922;1
420489;1
13073;1
421686;1
31447;1
38495;1
24251;1
41275;1
37521;1
31253;1
24128;1
302333;1
283;1
14681;1
445515;1
50880;1
37192;1
16567;1
44863;1
437897;1
428956;1
5967;1
46762;1
47419;1
28951;1
16945;1
430671;1
21051;1
415883;1
138553;1
19692;1
417752;1
12508;1
16804;1
24897;1
100351;1
105614;1
43270;1
9500;1
421381;1
55214;1
408937;1
13869;1
4338;1
19371;1
413090;1
211016;1
8462;1
431987;1
405367;1
47734;1
410008;1
31166;1
400835;1
43087;1
28091;1
120083;1
44152;1
38659;1
34758;1
120812;1
100462;1
408227;1
100380;1
239447;1
47117;1
302088;1
5324;1
45876;1
39366;1
23625;1
435212;1
411579;1
137449;1
4597;1
40486;1
10146;1
30952;1
59614;1
56529;1
54663;1
300484;1
17089;1
405090;1
18135;1
436479;1
56527;1
34104;1
26110;1
422297;1
42634;1
238211;1
13455;1
46043;1
1310;1
56921;1
57978;1
33558;1
50791;1
16683;1
18107;1
24582;1
40422;1
50853;1
300328;1
420774;1
25254;1
14901;1
21357;1
104098;1
411748;1
100161;1
402883;1
35726;1
49218;1
58619;1
238704;1
47526;1
30555;1
30272;1
22167;1
28299;1
200043;1
30346;1
12118;1
6416;1
406185;1
43220;1
33276;1
12591;1
9106;1
5174;1
45850;1
239086;1
42232;1
211267;1
25836;1
443900;1
211120;1
43207;1
419630;1
39463;1
43405;1
12223;1
4920;1
35704;1
28867;1
102998;1
101301;1
29472;1
45245;1
43706;1
430798;1
41027;1
440879;1
12847;1
48933;1
6671;1
25347;1
55538;1
34537;1
21463;1
7011;1
6410;1
102651;1
130831;1
27295;1
25806;1
440709;1
37546;1
27027;1
53308;1
10982;1
29462;1
104896;1
403992;1
34256;1
105237;1
12224;1
100264;1
1303;1
5657;1
15034;1
101337;1
1703;1
409838;1
6499;1
20685;1
295048;1
433165;1
432711;1
102030;1
38232;1
56313;1
8320;1
43712;1
420691;1
101593;1
42737;1
104118;1
18744;1
102994;1
432986;1
24484;1
52867;1
27103;1
21699;1
12417;1
9523;1
131115;1
2669;1
53875;1
411355;1
57590;1
6965;1
41598;1
5518;1
403537;1
11437;1
434310;1
35966;1
11038;1
48520;1
445723;1
7145;1
238684;1
10425;1
12632;1
100515;1
22531;1
35453;1
25286;1
200092;1
42038;1
30638;1
13109;1
29615;1
421429;1
43580;1
27093;1
30830;1
407369;1
415080;1
35477;1
49412;1
422703;1
21977;1
29852;1
214930;1
18065;1
105661;1
411633;1
409798;1
23135;1
239506;1
411559;1
21242;1
16381;1
41080;1
31418;1
18081;1
406769;1
239441;1
40354;1
300315;1
5877;1
23713;1
18231;1
132641;1
409825;1
28605;1
104162;1
102872;1
55179;1
34589;1
21388;1
418322;1
32464;1
13139;1
37486;1
23568;1
7161;1
14269;1
105680;1
11054;1
16698;1
232086;1
434495;1
32254;1
11666;1
3773;1
14116;1
53891;1
57584;1
31917;1
405642;1
236159;1
21942;1
407573;1
44741;1
52427;1
42937;1
429960;1
980;1
232054;1
1890;1
2028;1
32115;1
13217;1
102731;1
54911;1
42216;1
12170;1
440753;1
5952;1
402009;1
10935;1
46714;1
104897;1
340;1
1653;1
11086;1
6446;1
427195;1
58065;1
239135;1
5378;1
17989;1
100830;1
52164;1
28090;1
56555;1
22818;1
45539;1
105133;1
292047;1
14572;1
30125;1
13245;1
406103;1
47033;1
425221;1
214387;1
50815;1
30230;1
51573;1
302177;1
11191;1
59568;1
30948;1
102947;1
123191;1
46588;1
104531;1
429511;1
239589;1
127534;1
1189;1
22044;1
127658;1
422535;1
31392;1
2777;1
10844;1
44399;1
211084;1
39404;1
53221;1
12377;1
54674;1
429851;1
18120;1
438166;1
19939;1
423216;1
403418;1
400278;1
11280;1
102123;1
58218;1
105653;1
1059;1
425484;1
18202;1
39428;1
23942;1
32967;1
101516;1
8981;1
137272;1
13069;1
444113;1
17532;1
30772;1
43175;1
33581;1
23093;1
39033;1
6949;1
33728;1
22112;1
9687;1
23444;1
54387;1
2578;1
30087;1
19437;1
11388;1
37621;1
59639;1
11218;1
16340;1
400133;1
445727;1
434081;1
232178;1
138303;1
6196;1
298038;1
436108;1
102727;1
214003;1
418396;1
15812;1
31862;1
101192;1
3844;1
407463;1
20724;1
19680;1
10368;1
100355;1
30639;1
10550;1
39122;1
411291;1
18361;1
239403;1
56166;1
120652;1
41997;1
43842;1
38275;1
22268;1
238382;1
11095;1
238230;1
127516;1
49915;1
37702;1
400033;1
101653;1
103299;1
407255;1
47331;1
32908;1
9074;1
402125;1
22244;1
38345;1
4718;1
41147;1
105073;1
44793;1
27903;1
22525;1
39011;1
10471;1
49678;1
37127;1
43322;1
2339;1
19291;1
123238;1
15509;1
46052;1
4633;1
21724;1
41459;1
47415;1
104007;1
53512;1
18130;1
239923;1
11760;1
421885;1
26710;1
104049;1
10142;1
38746;1
419614;1
440902;1
40406;1
31947;1
18502;1
37401;1
50074;1
16872;1
44293;1
8274;1
106167;1
103896;1
7412;1
13002;1
1891;1
35096;1
10691;1
19493;1
412538;1
420724;1
418823;1
137373;1
420579;1
419830;1
238019;1
43477;1
10633;1
41455;1
19384;1
34304;1
41397;1
29533;1
133828;1
39006;1
409449;1
35399;1
38438;1
37784;1
100086;1
7196;1
404346;1
443878;1
19366;1
409076;1
421578;1
214229;1
52294;1
46537;1
239116;1
230004;1
31072;1
5361;1
105992;1
102760;1
138403;1
102699;1
20552;1
17854;1
400204;1
239797;1
36972;1
400813;1
28292;1
101139;1
44005;1
300352;1
17894;1
444601;1
19772;1
12558;1
1100;1
28984;1
417642;1
28262;1
29502;1
122977;1
55207;1
38952;1
429868;1
30222;1
42620;1
443363;1
33754;1
26746;1
20761;1
430790;1
11920;1
238815;1
220022;1
423649;1
15140;1
43396;1
407897;1
402310;1
47274;1
433539;1
30320;1
35641;1
20308;1
19909;1
232080;1
7886;1
44319;1
37835;1
409160;1
39559;1
29682;1
32255;1
101132;1
101893;1
1756;1
35971;1
36845;1
1695;1
445771;1
12485;1
21891;1
46977;1
53895;1
239716;1
7521;1
408354;1
44115;1
409995;1
42935;1
32681;1
33160;1
274028;1
120399;1
19567;1
417658;1
134318;1
8031;1
403629;1
38764;1
16359;1
25392;1
104509;1
436891;1
53795;1
408855;1
3352;1
441962;1
39068;1
239274;1
1838;1
422579;1
7172;1
49619;1
1023;1
419806;1
9971;1
232115;1
252088;1
100910;1
214154;1
27830;1
46891;1
19293;1
3869;1
101015;1
11600;1
27387;1
53739;1
101617;1
32786;1
443186;1
12666;1
31521;1
21892;1
43443;1
102957;1
30815;1
20390;1
103379;1
22156;1
402235;1
5061;1
24731;1
48339;1
5884;1
60416;1
34325;1
415671;1
214786;1
37113;1
104783;1
26058;1
28526;1
403733;1
52698;1
36670;1
11498;1
5336;1
56927;1
18586;1
105735;1
43756;1
4476;1
43669;1
409396;1
8103;1
103224;1
19529;1
30925;1
16136;1
44642;1
16648;1
11564;1
104486;1
138523;1
28476;1
45455;1
121240;1
42175;1
14606;1
7969;1
300432;1
43668;1
35066;1
104035;1
411179;1
302431;1
22889;1
37980;1
121300;1
403151;1
441431;1
35770;1
15458;1
3610;1
427499;1
13806;1
8683;1
9354;1
7869;1
426116;1
437145;1
37619;1
8447;1
103948;1
1553;1
6022;1
101386;1
23522;1
8183;1
30875;1
4805;1
236150;1
17873;1
40478;1
134236;1
30597;1
6192;1
37931;1
409985;1
54881;1
32613;1
411084;1
105000;1
34046;1
22368;1
4191;1
214895;1
435020;1
30062;1
25977;1
127551;1
21716;1
408374;1
232053;1
18543;1
54383;1
12787;1
2714;1
49110;1
101198;1
28455;1
413067;1
444474;1
3309;1
30137;1
8336;1
127572;1
407022;1
1075;1
2285;1
413268;1
35262;1
30739;1
15625;1
48000;1
5543;1
29884;1
434250;1
15077;1
302190;1
39490;1
44553;1
401495;1
127337;1
40303;1
423923;1
34446;1
439839;1
12276;1
122994;1
11584;1
27459;1
14381;1
214665;1
53101;1
300103;1
17514;1
106126;1
42769;1
17540;1
390;1
38456;1
2152;1
411456;1
39657;1
17135;1
42288;1
5823;1
418605;1
102644;1
40124;1
59626;1
21998;1
429447;1
104609;1
439242;1
120704;1
2652;1
40183;1
44188;1
300287;1
20430;1
13749;1
23549;1
16754;1
18190;1
59031;1
12704;1
20590;1
3277;1
43389;1
23737;1
21906;1
59422;1
31124;1
10706;1
34500;1
35239;1
42658;1
31426;1
431075;1
42566;1
12017;1
6970;1
402416;1
25989;1
6630;1
35631;1
302447;1
239987;1
36040;1
406115;1
58670;1
50953;1
122293;1
420766;1
438482;1
405056;1
412860;1
12641;1
16820;1
44996;1
24549;1
17690;1
300488;1
25146;1
409208;1
122064;1
37553;1
36520;1
12414;1
36309;1
46902;1
21007;1
400656;1
403539;1
8530;1
42469;1
56831;1
5527;1
292144;1
8346;1
400250;1
21889;1
35078;1
406952;1
31895;1
52033;1
28747;1
104953;1
137318;1
400289;1
13452;1
409983;1
104738;1
35293;1
34889;1
24783;1
24117;1
408714;1
46580;1
42468;1
10230;1
54864;1
211147;1
14231;1
31131;1
438484;1
17444;1
30110;1
25380;1
11819;1
40052;1
6273;1
300547;1
403123;1
42404;1
134237;1
56472;1
438236;1
56234;1
17980;1
38671;1
401466;1
420611;1
416149;1
36951;1
439971;1
292289;1
39999;1
10220;1
58474;1
39280;1
23597;1
40820;1
54825;1
17457;1
400514;1
238519;1
5865;1
8442;1
5820;1
53231;1
5481;1
51087;1
55014;1
28941;1
10582;1
59078;1
412918;1
214425;1
59608;1
17546;1
21101;1
24433;1
19673;1
17943;1
405201;1
101050;1
239705;1
23084;1
31782;1
102243;1
1951;1
44410;1
105281;1
4235;1
428228;1
2945;1
425502;1
39226;1
30685;1
3492;1
14052;1
54986;1
47714;1
46735;1
17576;1
123054;1
11435;1
127648;1
23799;1
104428;1
54162;1
36428;1
402418;1
12215;1
103416;1
104597;1
19460;1
232062;1
35228;1
239476;1
10757;1
130484;1
283160;1
4498;1
48599;1
403715;1
434350;1
22632;1
23994;1
47647;1
23499;1
23792;1
37747;1
40574;1
27766;1
51283;1
20571;1
427814;1
42085;1
54748;1
2156;1
411611;1
421455;1
300329;1
21321;1
6864;1
20294;1
29713;1
408660;1
37125;1
441718;1
39241;1
103779;1
292202;1
105650;1
14393;1
19574;1
4996;1
5379;1
28417;1
239287;1
102941;1
417746;1
401203;1
11672;1
10920;1
27721;1
120691;1
405637;1
104469;1
102271;1
407681;1
16110;1
20329;1
44651;1
7918;1
44624;1
49963;1
35482;1
48427;1
100455;1
58760;1
10110;1
46072;1
19525;1
8872;1
9832;1
137512;1
443614;1
407582;1
25987;1
101623;1
43836;1
14201;1
211197;1
404229;1
48754;1
408060;1
38324;1
27247;1
422290;1
58119;1
236095;1
7217;1
17345;1
22831;1
15645;1
41514;1
3625;1
56777;1
23601;1
26348;1
4349;1
23350;1
4125;1
274010;1
29512;1
44178;1
106476;1
10476;1
417672;1
137451;1
17702;1
32665;1
20355;1
103788;1
239012;1
634;1
16006;1
43241;1
52412;1
239764;1
20739;1
292030;1
36201;1
21039;1
40057;1
25493;1
437684;1
3679;1
18060;1
105384;1
7624;1
430614;1
12256;1
24418;1
14405;1
13939;1
401652;1
300184;1
101844;1
122284;1
401334;1
302223;1
100117;1
239792;1
303;1
38879;1
44716;1
298016;1
20778;1
21902;1
406533;1
4187;1
101897;1
101519;1
24762;1
5651;1
59213;1
47989;1
214477;1
440497;1
121184;1
103887;1
426790;1
120709;1
101574;1
425819;1
36839;1
18390;1
41312;1
22614;1
47985;1
29687;1
18224;1
54630;1
1047;1
102548;1
418745;1
26418;1
31918;1
6615;1
57969;1
33855;1
60410;1
54861;1
409205;1
13487;1
9852;1
430463;1
51452;1
105328;1
21273;1
10301;1
400699;1
11270;1
402160;1
2209;1
42142;1
401704;1
32447;1
47903;1
441020;1
2560;1
26206;1
441086;1
104893;1
22551;1
26539;1
130486;1
405140;1
105602;1
7315;1
40882;1
238697;1
220023;1
104160;1
9064;1
55500;1
415706;1
423043;1
214589;1
23885;1
101950;1
2422;1
414435;1
27370;1
29069;1
20910;1
41267;1
15089;1
14561;1
3614;1
35064;1
31441;1
29139;1
41947;1
214984;1
401907;1
48973;1
17123;1
34019;1
429658;1
2571;1
31278;1
20765;1
21527;1
238926;1
405416;1
23965;1
300151;1
436466;1
443996;1
38312;1
18736;1
401229;1
30825;1
54535;1
55087;1
32559;1
3605;1
120660;1
27546;1
427037;1
46635;1
13210;1
7992;1
30395;1
17280;1
9461;1
443908;1
420344;1
410082;1
3121;1
214199;1
47945;1
31236;1
47917;1
38235;1
130760;1
31632;1
55448;1
23583;1
433056;1
403424;1
11903;1
939;1
214856;1
834;1
418911;1
430543;1
403075;1
31277;1
434595;1
54325;1
238506;1
12449;1
20781;1
11617;1
37417;1
34060;1
55475;1
9427;1
57805;1
133821;1
14804;1
36486;1
24003;1
4659;1
404836;1
29650;1
2616;1
8349;1
421618;1
41836;1
104349;1
9900;1
34179;1
302294;1
15173;1
46326;1
17008;1
14700;1
418819;1
37785;1
2328;1
214953;1
13675;1
120688;1
44382;1
104722;1
36017;1
28305;1
27831;1
214321;1
51017;1
412768;1
12268;1
157;1
402818;1
29075;1
42016;1
15633;1
407417;1
48061;1
16292;1
18368;1
35260;1
36719;1
431872;1
40940;1
19322;1
422963;1
42811;1
103303;1
405808;1
27388;1
22875;1
34687;1
437881;1
408910;1
41035;1
121331;1
56230;1
40130;1
25160;1
18712;1
55390;1
27599;1
37581;1
28678;1
29255;1
15132;1
21593;1
401523;1
41871;1
104206;1
1437;1
407406;1
16951;1
50567;1
432373;1
17140;1
439601;1
121231;1
48274;1
121345;1
10138;1
8833;1
43723;1
100448;1
14219;1
24675;1
16023;1
106394;1
104642;1
36487;1
46415;1
5253;1
132685;1
138874;1
300179;1
423362;1
117;1
35146;1
200032;1
31268;1
406813;1
53178;1
23361;1
40437;1
238362;1
36810;1
11005;1
30333;1
37928;1
2993;1
214987;1
1119;1
40731;1
26825;1
31394;1
405331;1
401782;1
411760;1
30345;1
39042;1
103997;1
101275;1
274013;1
11370;1
32633;1
38262;1
5065;1
24621;1
48070;1
411015;1
31091;1
2568;1
7503;1
24903;1
24079;1
253022;1
20126;1
13008;1
30484;1
23607;1
102174;1
30025;1
131016;1
1778;1
46874;1
24650;1
105181;1
34904;1
283077;1
53993;1
873;1
422767;1
59426;1
100157;1
400165;1
52506;1
401127;1
640;1
20556;1
13078;1
407590;1
421399;1
53975;1
13625;1
433089;1
10867;1
59488;1
29508;1
18790;1
412441;1
7246;1
35527;1
24226;1
26784;1
27076;1
39377;1
7425;1
43398;1
55003;1
103655;1
200058;1
105102;1
292095;1
59223;1
57469;1
238339;1
485;1
38620;1
26429;1
292100;1
238250;1
38716;1
28802;1
12917;1
104671;1
3264;1
19766;1
18864;1
34743;1
44544;1
17611;1
26101;1
4453;1
43956;1
19250;1
214357;1
41331;1
300002;1
238601;1
427594;1
32812;1
25606;1
13989;1
45167;1
33379;1
9212;1
100788;1
408900;1
431017;1
101315;1
11692;1
23494;1
34040;1
60272;1
11041;1
28157;1
28699;1
127704;1
38662;1
128111;1
53541;1
302331;1
102350;1
239999;1
137452;1
238716;1
411597;1
105241;1
22999;1
24342;1
39643;1
33294;1
43326;1
47493;1
55381;1
7340;1
416418;1
104269;1
19281;1
45226;1
12154;1
121156;1
40369;1
2324;1
50257;1
101293;1
9168;1
424817;1
35778;1
1346;1
411514;1
10979;1
4987;1
11098;1
3257;1
54757;1
41483;1
60053;1
29116;1
10733;1
31727;1
17065;1
101398;1
211184;1
2651;1
29204;1
412104;1
42070;1
33301;1
292017;1
100150;1
105550;1
31743;1
21567;1
419864;1
26451;1
24727;1
6106;1
38548;1
44836;1
35719;1
444472;1
100205;1
53249;1
238965;1
36046;1
45554;1
15138;1
214524;1
419638;1
51203;1
47874;1
5161;1
40462;1
47675;1
422071;1
418709;1
14833;1
404191;1
19071;1
28913;1
426141;1
32453;1
300043;1
42591;1
14857;1
295042;1
42410;1
17339;1
408442;1
413915;1
101662;1
50388;1
411991;1
232012;1
8970;1
49569;1
10939;1
8947;1
32782;1
21387;1
35103;1
41519;1
46903;1
10211;1
211397;1
34119;1
24341;1
10362;1
2548;1
14334;1
29966;1
3932;1
415090;1
37665;1
30708;1
39578;1
56854;1
37114;1
406235;1
43070;1
25549;1
105555;1
403081;1
105887;1
137527;1
41454;1
55718;1
214468;1
2802;1
127342;1
44692;1
34525;1
34473;1
36518;1
408179;1
441024;1
5785;1
38480;1
38557;1
102646;1
18098;1
419316;1
27953;1
403021;1
443788;1
410707;1
19760;1
102506;1
104658;1
21469;1
122252;1
31165;1
10705;1
424772;1
102985;1
11204;1
410005;1
435275;1
103812;1
36156;1
418995;1
5426;1
16553;1
42724;1
14355;1
21873;1
397;1
400439;1
101530;1
105928;1
13173;1
9043;1
58205;1
43945;1
31874;1
441154;1
22255;1
9486;1
35547;1
53176;1
27743;1
18988;1
2973;1
104761;1
101905;1
421919;1
9171;1
438715;1
426906;1
14103;1
422615;1
44332;1
31598;1
7375;1
44811;1
436983;1
409421;1
51385;1
22783;1
44953;1
46678;1
11980;1
47726;1
102045;1
32716;1
441712;1
23397;1
428891;1
36078;1
413302;1
8192;1
45202;1
8398;1
238544;1
439563;1
59318;1
33025;1
409031;1
239951;1
123059;1
41294;1
100390;1
130925;1
41917;1
27687;1
30142;1
41772;1
434811;1
122340;1
30850;1
105458;1
10165;1
38132;1
127531;1
36100;1
24907;1
33232;1
409524;1
57613;1
26323;1
1417;1
17553;1
101318;1
302368;1
44892;1
7007;1
22476;1
104978;1
433337;1
45558;1
28445;1
239424;1
400127;1
230003;1
24212;1
47104;1
55667;1
22109;1
30077;1
101048;1
32821;1
20909;1
402631;1
43765;1
37828;1
22716;1
120125;1
27951;1
238197;1
102613;1
104376;1
44947;1
56963;1
4505;1
50091;1
24566;1
127608;1
409148;1
18199;1
29217;1
34291;1
9032;1
405873;1
106043;1
101395;1
28326;1
44665;1
300273;1
104012;1
417660;1
23910;1
37412;1
43605;1
57344;1
37548;1
102975;1
418177;1
417718;1
20193;1
52211;1
28943;1
45090;1
402332;1
408339;1
37104;1
100676;1
28356;1
33375;1
41234;1
21797;1
53670;1
26484;1
120620;1
138853;1
22479;1
103382;1
214038;1
29870;1
440186;1
214557;1
42360;1
444462;1
21215;1
15944;1
15285;1
239457;1
238757;1
15725;1
104910;1
2875;1
439813;1
24242;1
239084;1
41831;1
40949;1
416572;1
801;1
13221;1
22450;1
12619;1
2002;1
238495;1
25507;1
8430;1
104786;1
27191;1
55567;1
106906;1
35808;1
103338;1
32473;1
20459;1
19088;1
16;1
14059;1
13930;1
103291;1
18469;1
100916;1
44757;1
8290;1
31056;1
30594;1
24981;1
3120;1
45432;1
238110;1
24301;1
437175;1
6356;1
32060;1
420693;1
100564;1
34108;1
239090;1
34028;1
9812;1
17307;1
18661;1
400011;1
38982;1
300419;1
409901;1
31125;1
406841;1
32940;1
11366;1
211413;1
6571;1
32769;1
6982;1
302167;1
31757;1
103599;1
35522;1
6107;1
20260;1
4617;1
7227;1
105998;1
2850;1
238686;1
34841;1
214914;1
273;1
37902;1
23626;1
53426;1
409929;1
58514;1
39961;1
39201;1
103403;1
42556;1
101365;1
21343;1
30880;1
31398;1
50339;1
24486;1
17695;1
101922;1
29103;1
10628;1
36025;1
405556;1
33843;1
101541;1
23837;1
239161;1
127625;1
22160;1
56744;1
123200;1
43411;1
173;1
443774;1
102288;1
28971;1
42275;1
3202;1
24888;1
408813;1
19069;1
16703;1
55350;1
8428;1
36628;1
34142;1
51939;1
405718;1
52035;1
412172;1
239446;1
300425;1
46904;1
32403;1
30443;1
266;1
15134;1
19162;1
41334;1
128202;1
200073;1
8630;1
101858;1
33203;1
123183;1
36905;1
106430;1
35033;1
52981;1
30197;1
30356;1
743;1
238201;1
43806;1
10200;1
10;1
21018;1
137516;1
40873;1
22543;1
100155;1
103524;1
214299;1
239551;1
17976;1
13712;1
25212;1
7467;1
409794;1
47986;1
409588;1
137313;1
33051;1
23387;1
47346;1
252065;1
6626;1
5763;1
25649;1
103845;1
38488;1
37145;1
403199;1
59430;1
37109;1
21827;1
408465;1
41884;1
58766;1
29913;1
47163;1
18746;1
36292;1
103584;1
2742;1
8711;1
401210;1
422491;1
57148;1
11008;1
57814;1
104488;1
443906;1
27204;1
9492;1
133837;1
23680;1
101197;1
40503;1
28457;1
408066;1
27297;1
100919;1
102242;1
127373;1
36048;1
20299;1
105523;1
29764;1
45157;1
44650;1
43947;1
408651;1
106005;1
35890;1
45221;1
45390;1
137210;1
15024;1
22490;1
31416;1
55868;1
47802;1
40117;1
401688;1
16546;1
18951;1
45055;1
18643;1
6581;1
106138;1
300234;1
22145;1
211464;1
1044;1
407551;1
18300;1
228077;1
15730;1
28459;1
15169;1
40926;1
28957;1
17021;1
9623;1
18285;1
36567;1
2150;1
41387;1
122013;1
435646;1
14174;1
59701;1
19832;1
44593;1
300009;1
2601;1
6331;1
20852;1
402910;1
58815;1
948;1
39075;1
14509;1
408648;1
429712;1
410012;1
35236;1
45866;1
42494;1
42880;1
55663;1
30420;1
23681;1
100045;1
422058;1
12512;1
44567;1
32389;1
34648;1
130901;1
420336;1
30418;1
18783;1
292237;1
437181;1
406347;1
413877;1
200049;1
54353;1
39583;1
2130;1
47190;1
15801;1
42732;1
26471;1
441874;1
102215;1
48494;1
312;1
100128;1
25876;1
102639;1
435081;1
428948;1
8359;1
106323;1
105967;1
414665;1
29165;1
435296;1
34087;1
253005;1
6210;1
421191;1
300373;1
56610;1
43105;1
33497;1
42127;1
56296;1
47871;1
21346;1
41815;1
411050;1
410034;1
3499;1
101206;1
59294;1
30024;1
101397;1
21887;1
239736;1
14331;1
25862;1
444297;1
39638;1
23100;1
27647;1
9536;1
411534;1
7108;1
121232;1
33352;1
441956;1
28371;1
407991;1
239335;1
13259;1
14937;1
22277;1
53683;1
21858;1
36295;1
42285;1
8729;1
48022;1
214183;1
54512;1
434593;1
105430;1
40215;1
238047;1
19730;1
37983;1
4668;1
408528;1
436152;1
283007;1
414658;1
123289;1
401843;1
21597;1
10748;1
411683;1
40069;1
33198;1
4581;1
302361;1
406413;1
17614;1
42615;1
32385;1
56907;1
1564;1
52925;1
47735;1
43386;1
18363;1
19084;1
15717;1
838;1
106150;1
31007;1
120437;1
298001;1
5790;1
39308;1
121177;1
15903;1
413972;1
24856;1
131022;1
26538;1
36597;1
17501;1
14476;1
8474;1
422531;1
2792;1
59297;1
105666;1
18964;1
47570;1
56997;1
37483;1
30002;1
24678;1
9177;1
44590;1
20672;1
42205;1
23134;1
2153;1
52524;1
3753;1
105752;1
25450;1
102247;1
55037;1
9571;1
39537;1
238981;1
14719;1
412425;1
402585;1
44561;1
442815;1
12057;1
15219;1
2971;1
24593;1
405772;1
45614;1
103063;1
104596;1
42196;1
120644;1
23816;1
404753;1
238550;1
34082;1
19784;1
238332;1
403247;1
2695;1
35287;1
20703;1
428024;1
425957;1
16666;1
105848;1
9110;1
31270;1
105721;1
18219;1
413264;1
45920;1
13979;1
26565;1
406343;1
8568;1
28466;1
422141;1
35826;1
37852;1
28302;1
56769;1
437379;1
40001;1
26895;1
33281;1
26197;1
28521;1
56409;1
34395;1
573;1
38245;1
3792;1
409782;1
2816;1
100349;1
414285;1
611;1
29901;1
220030;1
102254;1
137141;1
40147;1
214751;1
18045;1
408526;1
239460;1
11587;1
402697;1
238759;1
104750;1
15410;1
42116;1
39477;1
41880;1
6601;1
45429;1
3331;1
29784;1
19446;1
48178;1
28566;1
402761;1
103268;1
35926;1
37795;1
27716;1
411789;1
19168;1
17435;1
400977;1
39147;1
417766;1
34438;1
10048;1
40591;1
56732;1
214864;1
22096;1
34518;1
45612;1
24466;1
5572;1
14002;1
27969;1
28066;1
42429;1
31555;1
14945;1
5964;1
17230;1
437189;1
12667;1
47783;1
298039;1
23850;1
10606;1
214640;1
49968;1
33338;1
60104;1
23410;1
2067;1
101111;1
49104;1
29334;1
5215;1
105189;1
53087;1
123007;1
292009;1
22040;1
418318;1
57384;1
45938;1
53550;1
3409;1
15175;1
17161;1
34477;1
13142;1
8552;1
58313;1
34192;1
239185;1
132676;1
3847;1
120667;1
18952;1
17764;1
412962;1
14478;1
14185;1
54869;1
127731;1
106362;1
32958;1
26456;1
4420;1
2699;1
57286;1
130809;1
18765;1
46641;1
49932;1
405427;1
23475;1
1869;1
16658;1
4222;1
18802;1
32378;1
27653;1
17017;1
127356;1
45592;1
100522;1
438815;1
36113;1
49954;1
27756;1
214722;1
3079;1
238365;1
35192;1
37867;1
6463;1
32938;1
39244;1
9314;1
52397;1
409840;1
424984;1
33441;1
26426;1
21232;1
16017;1
55159;1
102304;1
438486;1
29718;1
15580;1
234017;1
408551;1
292310;1
6567;1
137177;1
14347;1
50335;1
236082;1
43455;1
16588;1
400346;1
239745;1
16885;1
11620;1
32122;1
440896;1
416471;1
11323;1
422882;1
300452;1
26144;1
412712;1
15799;1
22891;1
42271;1
16065;1
15657;1
13693;1
239456;1
1752;1
24011;1
37475;1
103492;1
13275;1
18733;1
39897;1
300082;1
300229;1
53173;1
439787;1
36280;1
232195;1
238091;1
15999;1
424903;1
401591;1
411435;1
21138;1
32113;1
401851;1
20220;1
25661;1
214839;1
50556;1
50650;1
12603;1
26006;1
9154;1
1905;1
106437;1
239214;1
402769;1
22432;1
400089;1
24741;1
14306;1
10860;1
6184;1
400650;1
292067;1
13063;1
36454;1
26654;1
8023;1
413930;1
417584;1
5363;1
24768;1
22505;1
138526;1
14058;1
33267;1
302103;1
292179;1
34292;1
38803;1
133760;1
101540;1
33403;1
16772;1
30944;1
18410;1
45233;1
33769;1
11626;1
419784;1
130747;1
422907;1
405368;1
121238;1
57457;1
48160;1
38777;1
434795;1
36103;1
105421;1
238539;1
410515;1
9590;1
8144;1
410900;1
17939;1
36044;1
32185;1
19172;1
38831;1
44889;1
9913;1
409048;1
404523;1
7323;1
33786;1
6040;1
33518;1
435708;1
1551;1
239384;1
23881;1
17427;1
35395;1
31017;1
37641;1
29429;1
11282;1
33764;1
40246;1
40724;1
43536;1
12807;1
29612;1
18069;1
401729;1
54431;1
106097;1
49210;1
302121;1
24608;1
60434;1
57144;1
2470;1
49232;1
29832;1
437201;1
16679;1
25127;1
20231;1
12570;1
872;1
402196;1
20574;1
32449;1
214649;1
10407;1
431339;1
39808;1
27643;1
411013;1
414146;1
24848;1
29292;1
57763;1
5211;1
421831;1
45589;1
409665;1
53971;1
10461;1
401868;1
44003;1
9961;1
102803;1
406476;1
34599;1
7014;1
103527;1
134310;1
30938;1
2877;1
8252;1
24153;1
45796;1
32475;1
39970;1
6574;1
407050;1
1889;1
39917;1
15205;1
41963;1
4717;1
26472;1
49492;1
50080;1
120708;1
17357;1
55651;1
6366;1
4229;1
421743;1
100940;1
22566;1
101201;1
413657;1
100755;1
7657;1
439737;1
25462;1
407475;1
100063;1
34285;1
14504;1
419021;1
437491;1
52631;1
44303;1
35284;1
406079;1
106361;1
103708;1
232205;1
46884;1
46763;1
39669;1
35793;1
19914;1
37770;1
103721;1
427031;1
35847;1
1480;1
8694;1
44806;1
8887;1
413990;1
32757;1
34136;1
34535;1
28657;1
592;1
100582;1
12996;1
20048;1
439835;1
8002;1
24386;1
46019;1
27568;1
27008;1
413970;1
214632;1
28873;1
21611;1
430343;1
18697;1
51176;1
6627;1
1233;1
165;1
412611;1
46519;1
4745;1
34231;1
11406;1
60467;1
104510;1
106090;1
302077;1
34034;1
4759;1
54482;1
55953;1
105632;1
42222;1
40240;1
22343;1
412503;1
14027;1
30061;1
410513;1
238288;1
14990;1
1017;1
422286;1
39058;1
8917;1
440743;1
37142;1
239936;1
10435;1
41843;1
1754;1
104899;1
5286;1
31059;1
9021;1
211230;1
22226;1
42449;1
57841;1
59315;1
252014;1
100978;1
33597;1
5199;1
8221;1
22297;1
2497;1
4534;1
300140;1
410004;1
20424;1
239952;1
402222;1
6355;1
45209;1
42182;1
401937;1
12797;1
45258;1
28578;1
19603;1
46695;1
239217;1
232219;1
52162;1
35487;1
23338;1
42578;1
406251;1
16041;1
43217;1
23463;1
300003;1
53507;1
238153;1
239810;1
428551;1
444309;1
18205;1
8590;1
105612;1
101428;1
38014;1
30150;1
12392;1
238827;1
37226;1
1182;1
411;1
400143;1
32045;1
34536;1
23653;1
138484;1
137459;1
419812;1
33228;1
214278;1
22766;1
16268;1
300150;1
17933;1
34909;1
14436;1
45406;1
26478;1
445511;1
415182;1
31879;1
38413;1
105945;1
48143;1
2253;1
103099;1
21371;1
34155;1
26212;1
20560;1
425700;1
53280;1
300031;1
101246;1
30960;1
44423;1
18546;1
214450;1
33450;1
55139;1
437203;1
6793;1
971;1
418815;1
13418;1
16965;1
420024;1
45021;1
2433;1
31157;1
239719;1
4752;1
32129;1
11231;1
12138;1
24971;1
49980;1
55641;1
38327;1
409346;1
131189;1
214050;1
137717;1
12187;1
44886;1
34738;1
50277;1
103604;1
36259;1
18349;1
123248;1
401666;1
44429;1
100792;1
445365;1
49597;1
211325;1
1243;1
425457;1
101274;1
104446;1
101544;1
36209;1
238439;1
7012;1
40866;1
4495;1
2464;1
46770;1
438309;1
37589;1
11434;1
15693;1
417748;1
417608;1
120043;1
302347;1
48409;1
127732;1
214049;1
102498;1
432204;1
214401;1
214455;1
34279;1
292091;1
41705;1
43183;1
404378;1
100415;1
14845;1
49121;1
439267;1
31511;1
103220;1
102842;1
43760;1
100740;1
238580;1
11362;1
214885;1
43652;1
43161;1
56565;1
59372;1
6323;1
53548;1
3279;1
29513;1
40905;1
44347;1
42818;1
406355;1
31319;1
438719;1
429616;1
10271;1
130529;1
12133;1
41698;1
16104;1
14230;1
31150;1
101254;1
414164;1
10338;1
443190;1
410608;1
21734;1
101281;1
424074;1
292219;1
1074;1
102823;1
22212;1
20570;1
5023;1
214072;1
22036;1
28451;1
36462;1
34936;1
434622;1
104636;1
40415;1
443956;1
21841;1
104606;1
12329;1
45891;1
33603;1
45865;1
428407;1
407751;1
3297;1
6963;1
6599;1
28104;1
6815;1
30319;1
7137;1
300175;1
22273;1
19459;1
41026;1
21175;1
8553;1
11267;1
348;1
44323;1
51077;1
407639;1
104534;1
239183;1
424726;1
48089;1
121315;1
24157;1
2016;1
59117;1
130697;1
406314;1
402017;1
401592;1
428569;1
20129;1
102685;1
410612;1
3074;1
138955;1
2908;1
24249;1
4026;1
435546;1
30582;1
44557;1
300126;1
1534;1
414616;1
30800;1
102595;1
6110;1
23992;1
415372;1
6324;1
20576;1
54974;1
295033;1
42312;1
44030;1
8818;1
402152;1
59097;1
12812;1
104203;1
7211;1
302386;1
47431;1
11750;1
5937;1
100628;1
434425;1
228075;1
4423;1
435087;1
42800;1
421554;1
22173;1
52635;1
48533;1
102070;1
29382;1
18611;1
48550;1
41524;1
8880;1
8030;1
55294;1
433650;1
26325;1
101842;1
22236;1
41720;1
232193;1
9514;1
44374;1
101688;1
26135;1
130564;1
443778;1
5390;1
45828;1
35298;1
23492;1
406375;1
9215;1
41225;1
23044;1
48372;1
17769;1
441994;1
26607;1
38970;1
414521;1
3454;1
214143;1
48245;1
130804;1
33321;1
10312;1
36828;1
300136;1
214667;1
20676;1
422052;1
18889;1
130818;1
228093;1
46839;1
137370;1
411616;1
283028;1
8062;1
4818;1
40733;1
17899;1
48908;1
404982;1
7960;1
1026;1
5749;1
252057;1
445697;1
200059;1
10371;1
103663;1
53037;1
300357;1
48360;1
236052;1
239835;1
402268;1
236048;1
7046;1
7738;1
100818;1
45048;1
3230;1
104864;1
56933;1
419382;1
35153;1
22074;1
35349;1
39675;1
214678;1
23634;1
56347;1
101834;1
48126;1
239528;1
1494;1
214219;1
15745;1
51105;1
439110;1
15540;1
31401;1
102136;1
404105;1
7919;1
100219;1
59785;1
50181;1
105450;1
300113;1
40834;1
59505;1
5430;1
52477;1
214865;1
42655;1
39163;1
418414;1
53424;1
130867;1
421558;1
403185;1
300080;1
42901;1
20114;1
48517;1
38240;1
28033;1
130828;1
43470;1
11449;1
6812;1
49051;1
24827;1
27885;1
8123;1
25677;1
34962;1
41095;1
8420;1
138470;1
31134;1
411437;1
21504;1
103034;1
409457;1
13715;1
130897;1
5583;1
13868;1
9959;1
38592;1
36821;1
101341;1
8525;1
43627;1
105217;1
15872;1
38893;1
10490;1
414368;1
100248;1
7386;1
39289;1
28014;1
23988;1
239743;1
214648;1
443495;1
424030;1
425682;1
435832;1
411693;1
34865;1
30387;1
12952;1
2057;1
422677;1
137235;1
101572;1
120426;1
133729;1
40588;1
19998;1
439391;1
19619;1
104263;1
41980;1
100887;1
302145;1
32119;1
3952;1
52822;1
434052;1
409418;1
104651;1
13097;1
105504;1
412105;1
300372;1
10945;1
17552;1
431518;1
3190;1
418901;1
414917;1
33951;1
29573;1
133756;1
10828;1
404732;1
12595;1
17134;1
130919;1
18597;1
104397;1
36101;1
238154;1
130816;1
41129;1
36581;1
106152;1
42204;1
32795;1
38959;1
37540;1
58291;1
429561;1
11673;1
13507;1
101035;1
24481;1
9143;1
31337;1
45421;1
39987;1
5918;1
13964;1
101523;1
437537;1
18980;1
400296;1
42558;1
292330;1
421548;1
22558;1
33500;1
12857;1
5326;1
54439;1
31038;1
3430;1
9017;1
1907;1
238008;1
430865;1
29698;1
2701;1
439432;1
27523;1
200051;1
14602;1
20982;1
432715;1
40757;1
19200;1
59985;1
45171;1
11547;1
38515;1
36254;1
442068;1
3651;1
60400;1
32717;1
15768;1
17045;1
120718;1
29941;1
413704;1
42659;1
23215;1
101199;1
420801;1
402763;1
200039;1
5813;1
32345;1
48531;1
121221;1
411363;1
40128;1
51674;1
5592;1
42883;1
5185;1
104993;1
18943;1
416113;1
14165;1
5364;1
20731;1
35946;1
6362;1
45420;1
41346;1
42212;1
417194;1
56957;1
104689;1
37468;1
34059;1
410899;1
443998;1
102813;1
38842;1
21268;1
57197;1
46390;1
16759;1
406903;1
6677;1
41866;1
103544;1
402441;1
32069;1
15343;1
57422;1
40073;1
59731;1
41106;1
102158;1
238802;1
32818;1
44765;1
28671;1
302058;1
103787;1
35333;1
20777;1
10509;1
19897;1
10275;1
10126;1
9039;1
102084;1
239676;1
26583;1
17022;1
34711;1
214101;1
28838;1
3263;1
413932;1
31085;1
435228;1
414621;1
102974;1
440739;1
137536;1
11639;1
238595;1
33238;1
5598;1
8939;1
30481;1
404643;1
1570;1
10258;1
28381;1
6891;1
57885;1
39827;1
21919;1
8287;1
30980;1
4181;1
131033;1
25762;1
6778;1
35422;1
21074;1
5075;1
39172;1
21932;1
2087;1
103832;1
402671;1
101030;1
37433;1
8575;1
51500;1
409271;1
435590;1
748;1
15162;1
414154;1
15204;1
127710;1
405260;1
436858;1
405670;1
103135;1
200038;1
239139;1
2680;1
441072;1
292181;1
2936;1
30283;1
39546;1
13478;1
130619;1
408416;1
8605;1
53354;1
102177;1
35799;1
40157;1
406689;1
444926;1
292076;1
33846;1
34529;1
35377;1
432479;1
103318;1
3245;1
414058;1
43983;1
46958;1
44848;1
102206;1
16333;1
101067;1
31843;1
19545;1
20744;1
238037;1
7888;1
433096;1
1301;1
14114;1
101268;1
424847;1
14289;1
23344;1
400829;1
232100;1
30348;1
45152;1
41681;1
32372;1
104224;1
42191;1
438259;1
130888;1
411170;1
22206;1
210;1
39949;1
406976;1
37415;1
292309;1
7475;1
55615;1
302155;1
434458;1
238315;1
21710;1
29853;1
15578;1
405117;1
34907;1
214106;1
434224;1
402579;1
9676;1
6719;1
438985;1
22326;1
44195;1
19811;1
18559;1
401686;1
104311;1
26887;1
238770;1
1622;1
133741;1
41282;1
18771;1
20068;1
133733;1
4346;1
122310;1
43491;1
10502;1
105534;1
302299;1
422327;1
19634;1
47855;1
15185;1
40988;1
11079;1
40111;1
19263;1
423144;1
6407;1
404813;1
1137;1
214497;1
130488;1
31827;1
29063;1
418354;1
3224;1
104316;1
17221;1
58148;1
402600;1
214507;1
44257;1
33062;1
20865;1
36169;1
42525;1
6688;1
50146;1
19560;1
34089;1
44939;1
4720;1
102720;1
100440;1
214611;1
400597;1
4045;1
101248;1
409758;1
10522;1
47546;1
38962;1
415029;1
46503;1
417602;1
239305;1
59828;1
58542;1
17143;1
2824;1
23501;1
45227;1
403155;1
13288;1
55972;1
59474;1
122315;1
29408;1
58714;1
42332;1
423838;1
22918;1
7527;1
15584;1
41001;1
404118;1
59209;1
38817;1
44737;1
54909;1
41882;1
102278;1
15327;1
36531;1
214936;1
16118;1
439857;1
408421;1
19447;1
411312;1
421482;1
18165;1
47296;1
27873;1
101494;1
105052;1
20412;1
24863;1
44600;1
57572;1
238718;1
20242;1
26868;1
409997;1
32312;1
17524;1
105829;1
104063;1
429854;1
21189;1
412;1
45246;1
104806;1
17484;1
16753;1
17036;1
406817;1
36723;1
28068;1
45949;1
408972;1
44870;1
422812;1
36933;1
806;1
416720;1
43216;1
436800;1
38322;1
51770;1
434605;1
7530;1
101178;1
6436;1
36383;1
11601;1
59221;1
10667;1
20302;1
104628;1
40655;1
58660;1
437543;1
29531;1
32734;1
441836;1
27573;1
58226;1
443549;1
41425;1
101969;1
17356;1
46312;1
21239;1
42953;1
132692;1
100303;1
533;1
41108;1
214944;1
5899;1
101408;1
283070;1
13519;1
18348;1
17841;1
410029;1
434821;1
35440;1
439967;1
411031;1
409963;1
13859;1
1996;1
32556;1
404738;1
429433;1
48281;1
24090;1
34376;1
58140;1
292025;1
238682;1
36184;1
43130;1
51983;1
3400;1
424326;1
44935;1
10983;1
8879;1
239303;1
421203;1
22794;1
43160;1
102578;1
8821;1
41632;1
431629;1
102374;1
49688;1
211202;1
404539;1
50781;1
27988;1
54335;1
59894;1
214728;1
401979;1
27758;1
17102;1
421864;1
441018;1
138421;1
36338;1
438065;1
48020;1
45957;1
302110;1
11769;1
404024;1
34921;1
300346;1
39908;1
32419;1
35419;1
100146;1
409136;1
302073;1
100949;1
37006;1
40939;1
30530;1
41256;1
33871;1
49935;1
409427;1
43597;1
106373;1
14594;1
43264;1
417774;1
55454;1
37375;1
14693;1
4499;1
103434;1
32585;1
106111;1
38363;1
18950;1
436733;1
402067;1
137398;1
34341;1
6882;1
728;1
214599;1
412435;1
36534;1
30694;1
35330;1
31206;1
127630;1
45738;1
417300;1
414635;1
426557;1
22574;1
238466;1
123182;1
32612;1
214653;1
41701;1
14454;1
44874;1
60328;1
440851;1
103593;1
26840;1
11830;1
422499;1
18913;1
39383;1
44804;1
11589;1
414139;1
57767;1
59854;1
420639;1
9080;1
44812;1
12517;1
101852;1
403609;1
431038;1
14530;1
35286;1
34441;1
415320;1
16814;1
35446;1
232046;1
11076;1
101245;1
45456;1
236009;1
103287;1
52790;1
33789;1
2229;1
26494;1
29875;1
22189;1
18119;1
42093;1
438021;1
57680;1
130456;1
100140;1
19563;1
37618;1
31104;1
29945;1
102137;1
55528;1
2529;1
5507;1
45096;1
402344;1
424913;1
127605;1
15989;1
38618;1
32056;1
17767;1
31506;1
15456;1
46938;1
42146;1
239136;1
409259;1
440301;1
193;1
103144;1
405927;1
1012;1
123263;1
12188;1
19916;1
11943;1
9418;1
101008;1
137351;1
45458;1
17111;1
7456;1
409744;1
18604;1
1117;1
3425;1
55380;1
48052;1
42836;1
13992;1
52510;1
407306;1
28084;1
9867;1
24447;1
36790;1
2915;1
6003;1
443884;1
18734;1
3394;1
414349;1
120033;1
4642;1
30472;1
5248;1
15428;1
100625;1
121025;1
28438;1
29553;1
443061;1
56943;1
413934;1
15608;1
137546;1
100360;1
22679;1
6092;1
416049;1
9156;1
106465;1
51343;1
300271;1
43042;1
54048;1
36676;1
100270;1
13528;1
3303;1
100533;1
18970;1
232085;1
17174;1
416125;1
283063;1
31685;1
440863;1
17759;1
123189;1
105275;1
42055;1
3883;1
402174;1
1456;1
12023;1
23926;1
15490;1
6232;1
21639;1
436258;1
48823;1
414640;1
402320;1
41651;1
105570;1
6843;1
17681;1
120012;1
18568;1
6867;1
15027;1
6590;1
427222;1
104919;1
100913;1
29977;1
37899;1
21417;1
288;1
137095;1
132681;1
31687;1
238634;1
138764;1
7783;1
101122;1
102027;1
31799;1
49161;1
400356;1
39344;1
39149;1
47448;1
11503;1
16068;1
39079;1
21069;1
236138;1
10597;1
17275;1
39253;1
2793;1
417573;1
24232;1
38086;1
6098;1
131106;1
437953;1
8580;1
25651;1
23787;1
45137;1
104065;1
238972;1
36529;1
36143;1
30982;1
39279;1
127586;1
15705;1
53897;1
28516;1
238566;1
101693;1
434358;1
2317;1
25759;1
4256;1
41449;1
34682;1
302250;1
58502;1
18781;1
18893;1
40255;1
34158;1
43923;1
252024;1
5485;1
39590;1
234047;1
28007;1
8025;1
44274;1
27111;1
20215;1
423856;1
21616;1
420749;1
16206;1
41076;1
45811;1
32917;1
46304;1
37198;1
612;1
36527;1
214859;1
25914;1
19544;1
59809;1
45199;1
17577;1
52425;1
403553;1
32808;1
214269;1
12225;1
37937;1
9837;1
47227;1
46016;1
18967;1
104164;1
55251;1
441022;1
239972;1
28290;1
44964;1
18965;1
428463;1
34222;1
38835;1
45641;1
36200;1
56541;1
998;1
18853;1
43784;1
33697;1
6267;1
28306;1
42762;1
239499;1
43873;1
429455;1
429463;1
44383;1
4839;1
404984;1
105068;1
48133;1
6418;1
39048;1
300011;1
35642;1
34329;1
7259;1
214796;1
406823;1
400983;1
22089;1
411528;1
8686;1
428012;1
2194;1
8923;1
5654;1
2851;1
15307;1
39138;1
428349;1
105599;1
104570;1
44772;1
41139;1
26853;1
41508;1
347;1
59681;1
17977;1
138291;1
214133;1
37315;1
41138;1
433281;1
414674;1
33705;1
46241;1
40224;1
40039;1
15778;1
214016;1
405572;1
37238;1
403195;1
104975;1
104720;1
401607;1
405743;1
13613;1
18747;1
100243;1
440685;1
48632;1
44419;1
236143;1
4136;1
239816;1
39116;1
3556;1
428236;1
105781;1
13439;1
109;1
418923;1
35389;1
31780;1
28765;1
32905;1
18895;1
406943;1
100696;1
3631;1
236037;1
101551;1
102682;1
40648;1
15189;1
120058;1
59057;1
23244;1
26867;1
47920;1
21016;1
1011;1
5384;1
431867;1
41675;1
4874;1
27666;1
425889;1
2088;1
2081;1
8662;1
2239;1
252059;1
15531;1
42447;1
19856;1
238099;1
106110;1
400697;1
25431;1
238930;1
8527;1
29931;1
18343;1
10940;1
408402;1
80;1
411237;1
17344;1
55768;1
30672;1
20276;1
411444;1
444482;1
1676;1
7006;1
31144;1
16324;1
28654;1
6651;1
262;1
436902;1
24223;1
47520;1
408104;1
300516;1
57096;1
39146;1
2258;1
292251;1
798;1
44435;1
17848;1
26800;1
2212;1
38916;1
402826;1
24417;1
1623;1
22989;1
2696;1
121203;1
13270;1
20011;1
408222;1
403171;1
130756;1
421199;1
47776;1
38213;1
31605;1
42608;1
29021;1
6009;1
25628;1
44346;1
406482;1
403227;1
52128;1
45427;1
27335;1
8626;1
2790;1
44471;1
238829;1
42009;1
11961;1
12599;1
302316;1
19946;1
49866;1
33461;1
20688;1
5266;1
6552;1
238694;1
34212;1
100904;1
18245;1
23767;1
5559;1
26114;1
46675;1
22780;1
32652;1
413938;1
4782;1
104467;1
21912;1
13665;1
4366;1
20138;1
214830;1
10986;1
33409;1
436102;1
27127;1
211143;1
130700;1
236044;1
105999;1
53089;1
34733;1
120069;1
419141;1
404856;1
1879;1
24550;1
33841;1
51035;1
42157;1
14521;1
413511;1
36246;1
29041;1
412754;1
21784;1
15273;1
102355;1
406365;1
43893;1
49683;1
20458;1
60291;1
38412;1
21427;1
238029;1
47496;1
423933;1
137402;1
418813;1
408763;1
44790;1
44356;1
130396;1
38293;1
25339;1
238115;1
44730;1
53420;1
442060;1
104103;1
133719;1
41669;1
101433;1
57582;1
401455;1
54690;1
5856;1
44680;1
9221;1
11379;1
411124;1
19453;1
436122;1
12263;1
102258;1
54464;1
238266;1
3817;1
10097;1
214351;1
32885;1
48388;1
42265;1
434753;1
29335;1
27134;1
39455;1
444239;1
41061;1
49194;1
12998;1
45114;1
47286;1
423246;1
33363;1
300508;1
5350;1
403680;1
232204;1
106024;1
101273;1
433051;1
214300;1
41918;1
292068;1
59850;1
15099;1
441349;1
34204;1
47764;1
20752;1
26912;1
440;1
101445;1
20354;1
408702;1
23080;1
644;1
104876;1
34924;1
46005;1
27810;1
10492;1
45890;1
5998;1
211101;1
101589;1
14707;1
51977;1
5414;1
104456;1
47299;1
31765;1
5606;1
103111;1
32169;1
403057;1
29888;1
17119;1
239154;1
44905;1
8247;1
103704;1
48489;1
5447;1
46367;1
1984;1
2796;1
407296;1
44367;1
105391;1
38189;1
18835;1
27470;1
25491;1
12574;1
7824;1
13494;1
75;1
4479;1
24916;1
412716;1
214904;1
25440;1
25848;1
21145;1
21714;1
32251;1
12889;1
59292;1
19714;1
52373;1
30729;1
103422;1
45125;1
1403;1
34624;1
34067;1
100862;1
100725;1
18290;1
442635;1
21561;1
41380;1
127359;1
439447;1
122208;1
14543;1
50809;1
7238;1
10910;1
403079;1
416129;1
408426;1
7042;1
4737;1
40473;1
101458;1
40469;1
59037;1
407026;1
20328;1
100877;1
33241;1
39389;1
105507;1
436462;1
42808;1
25443;1
7570;1
24148;1
122073;1
422093;1
1788;1
420473;1
27563;1
37732;1
40134;1
40586;1
55331;1
414159;1
42857;1
39103;1
100720;1
34933;1
101816;1
22609;1
11599;1
6109;1
406602;1
11478;1
24641;1
33217;1
49600;1
45664;1
134223;1
302362;1
101383;1
3289;1
123203;1
34360;1
406815;1
411661;1
120716;1
103328;1
103795;1
413021;1
38721;1
439387;1
17585;1
41510;1
33683;1
43691;1
11254;1
3357;1
417394;1
47959;1
3646;1
40149;1
36669;1
435439;1
401741;1
28309;1
18264;1
47858;1
18711;1
283147;1
120657;1
123202;1
102900;1
55832;1
30451;1
6237;1
103128;1
55340;1
105693;1
239530;1
39712;1
55844;1
432971;1
441339;1
44397;1
52998;1
42194;1
47287;1
102236;1
214046;1
38568;1
46068;1
51053;1
104837;1
100357;1
48582;1
302138;1
106085;1
440307;1
59724;1
37346;1
25102;1
409117;1
26151;1
14560;1
302234;1
33225;1
10722;1
443962;1
1995;1
33901;1
425273;1
32075;1
412890;1
302506;1
39824;1
104754;1
403543;1
238083;1
23291;1
283071;1
14915;1
20357;1
22056;1
23746;1
43041;1
52484;1
6927;1
26207;1
424070;1
26296;1
411287;1
29402;1
31705;1
34558;1
236029;1
435379;1
412724;1
43906;1
38573;1
31758;1
38863;1
23094;1
16170;1
14511;1
420334;1
20376;1
5889;1
444006;1
41319;1
409249;1
13610;1
21853;1
9117;1
17628;1
407020;1
30816;1
412417;1
27880;1
417650;1
2654;1
42962;1
26304;1
25689;1
238748;1
39478;1
4652;1
22846;1
101070;1
7338;1
434571;1
442465;1
36621;1
100049;1
403304;1
102463;1
411122;1
21502;1
14987;1
10902;1
58150;1
149;1
39142;1
405568;1
421245;1
19630;1
132693;1
5070;1
403412;1
23847;1
5445;1
44336;1
43259;1
22408;1
20637;1
6020;1
292223;1
137328;1
131094;1
28640;1
32451;1
24371;1
412776;1
5557;1
102816;1
23703;1
429762;1
21609;1
39680;1
36323;1
17388;1
54250;1
3259;1
426118;1
34522;1
130387;1
32586;1
414692;1
410378;1
46457;1
101701;1
120629;1
29033;1
7371;1
12989;1
59858;1
32433;1
15190;1
17749;1
54254;1
35569;1
103982;1
45868;1
298034;1
214486;1
56912;1
26073;1
5450;1
27504;1
444366;1
13385;1
9093;1
428571;1
292301;1
20565;1
130565;1
441307;1
444012;1
45305;1
274024;1
100425;1
424853;1
8513;1
421648;1
102368;1
104091;1
42190;1
51023;1
14015;1
38768;1
47970;1
440031;1
32487;1
103428;1
421723;1
36004;1
16758;1
58593;1
21331;1
48043;1
7808;1
102942;1
421437;1
424883;1
16353;1
48747;1
214314;1
3600;1
1917;1
35551;1
4933;1
28911;1
27815;1
2602;1
39642;1
39852;1
5826;1
11815;1
39625;1
211354;1
121406;1
49640;1
434739;1
104901;1
27707;1
438033;1
283137;1
101141;1
18015;1
18468;1
123008;1
44477;1
37255;1
6596;1
214606;1
58427;1
39480;1
18234;1
10184;1
43971;1
23993;1
414405;1
433766;1
36493;1
29509;1
7714;1
8546;1
239147;1
11083;1
6956;1
2346;1
131071;1
298032;1
40825;1
37574;1
17270;1
106079;1
131067;1
29778;1
46392;1
416402;1
31361;1
200060;1
104785;1
20006;1
44147;1
42613;1
8592;1
35070;1
105467;1
417074;1
410935;1
28703;1
27901;1
56047;1
441016;1
38751;1
283163;1
43301;1
429841;1
137352;1
57875;1
130739;1
39296;1
239605;1
103910;1
300230;1
239564;1
43027;1
8181;1
443700;1
13117;1
28583;1
103547;1
21326;1
55436;1
13798;1
38093;1
12309;1
406911;1
31203;1
37158;1
16150;1
51252;1
6657;1
52730;1
413242;1
53983;1
100729;1
45743;1
47606;1
55115;1
403485;1
400627;1
434407;1
2319;1
220035;1
45930;1
15057;1
50471;1
55665;1
104014;1
49928;1
300308;1
43996;1
43152;1
41690;1
8808;1
405818;1
402150;1
29272;1
100093;1
418197;1
414289;1
25410;1
418438;1
18880;1
29921;1
52284;1
881;1
410459;1
137727;1
16689;1
6406;1
13056;1
400159;1
100984;1
104324;1
439389;1
48860;1
20173;1
18385;1
46186;1
43520;1
302173;1
418965;1
422049;1
436138;1
415386;1
25930;1
100504;1
24564;1
17530;1
33970;1
103482;1
24473;1
17595;1
122203;1
47519;1
7460;1
36745;1
15522;1
421664;1
36054;1
103027;1
31111;1
104361;1
52084;1
104464;1
29763;1
406763;1
232226;1
102410;1
100054;1
9349;1
26900;1
7678;1
300133;1
48891;1
440839;1
122050;1
1273;1
54100;1
30281;1
45293;1
54357;1
42399;1
24929;1
102756;1
36138;1
6220;1
414044;1
15168;1
26590;1
31174;1
15650;1
38153;1
407166;1
137286;1
37874;1
587;1
1908;1
18815;1
55446;1
18899;1
7057;1
104056;1
408879;1
25304;1
236193;1
2644;1
12438;1
403483;1
42687;1
35864;1
23521;1
13833;1
432043;1
29965;1
432111;1
8008;1
30288;1
41493;1
37144;1
47512;1
17184;1
300527;1
423908;1
295008;1
34355;1
26244;1
35346;1
35441;1
21252;1
238712;1
41442;1
1787;1
25949;1
15277;1
631;1
14515;1
4317;1
239954;1
55189;1
21622;1
12653;1
105953;1
40025;1
17683;1
3801;1
44381;1
14326;1
48589;1
238794;1
105713;1
4025;1
302001;1
57388;1
32517;1
104127;1
46337;1
137276;1
55923;1
29691;1
21575;1
44004;1
27566;1
101719;1
53396;1
131024;1
104062;1
238647;1
39931;1
12403;1
5636;1
421739;1
21757;1
34814;1
5650;1
30642;1
238814;1
2488;1
102378;1
56945;1
47304;1
17733;1
9651;1
47217;1
43642;1
426933;1
37970;1
37494;1
132670;1
30620;1
18828;1
31719;1
24693;1
7476;1
214125;1
28645;1
11848;1
6936;1
238942;1
15358;1
26322;1
33250;1
122256;1
103032;1
30959;1
440319;1
32199;1
10302;1
25419;1
422189;1
20186;1
104574;1
239945;1
6876;1
19813;1
11538;1
9311;1
8037;1
28015;1
100713;1
37395;1
26984;1
11834;1
54686;1
137467;1
32835;1
53719;1
41660;1
19554;1
26684;1
25420;1
56449;1
133746;1
38888;1
32298;1
105280;1
34033;1
19907;1
417270;1
8598;1
13158;1
29067;1
12059;1
14664;1
404541;1
132673;1
43063;1
40404;1
134038;1
30838;1
9897;1
435620;1
44430;1
15697;1
441932;1
12678;1
239944;1
138913;1
422832;1
104070;1
48943;1
238135;1
9164;1
44270;1
45785;1
33620;1
408224;1
42416;1
10968;1
57276;1
105485;1
54803;1
300149;1
33562;1
60324;1
27407;1
3367;1
12548;1
41337;1
423100;1
214912;1
23785;1
4002;1
252066;1
120080;1
13004;1
401369;1
11585;1
26656;1
101334;1
428146;1
19903;1
18486;1
18504;1
19206;1
31431;1
30037;1
47693;1
39801;1
13863;1
4843;1
46310;1
29834;1
14421;1
105084;1
39345;1
105782;1
19412;1
439841;1
15565;1
414218;1
598;1
2505;1
419067;1
130887;1
437080;1
26038;1
45803;1
214279;1
437504;1
122221;1
43570;1
29455;1
26601;1
17826;1
12236;1
41201;1
292189;1
37742;1
400551;1
16937;1
137408;1
58448;1
25631;1
20600;1
367;1
25611;1
14410;1
52282;1
38445;1
10915;1
105480;1
39220;1
35364;1
23008;1
419107;1
416051;1
443868;1
15142;1
5929;1
1240;1
12169;1
31579;1
37595;1
101591;1
15451;1
408256;1
239352;1
13993;1
101987;1
45105;1
132723;1
1812;1
239132;1
13888;1
211052;1
134228;1
410301;1
236062;1
400757;1
29043;1
37161;1
9723;1
429295;1
42104;1
617;1
440140;1
9426;1
35503;1
52106;1
103042;1
43177;1
48581;1
403288;1
401722;1
402110;1
402625;1
404665;1
31470;1
29891;1
53021;1
35645;1
3213;1
39732;1
402129;1
48602;1
30038;1
605;1
100730;1
434087;1
421713;1
910;1
23297;1
37318;1
37301;1
105263;1
42813;1
25620;1
403294;1
18283;1
73;1
1874;1
39357;1
52491;1
130832;1
292139;1
48433;1
120682;1
105988;1
9617;1
37156;1
405026;1
5448;1
35870;1
22857;1
403648;1
292087;1
46772;1
36102;1
14750;1
22712;1
23635;1
11775;1
49034;1
434204;1
59165;1
211126;1
37331;1
104384;1
15597;1
2386;1
19240;1
43976;1
14183;1
404310;1
35074;1
8901;1
36835;1
46182;1
104327;1
17097;1
5114;1
39041;1
6779;1
102989;1
60304;1
30809;1
51305;1
16853;1
130483;1
49636;1
302230;1
3346;1
42673;1
130884;1
130581;1
25145;1
29258;1
10943;1
52124;1
23420;1
438337;1
58176;1
45365;1
30992;1
425692;1
18854;1
55370;1
54807;1
43172;1
40910;1
402881;1
35746;1
5892;1
211450;1
33451;1
32205;1
103166;1
440763;1
39619;1
100387;1
33802;1
52627;1
295024;1
36463;1
105746;1
102104;1
101962;1
1343;1
51156;1
14236;1
48643;1
28863;1
58536;1
413143;1
420511;1
20766;1
23778;1
100758;1
103614;1
31239;1
106080;1
21369;1
1768;1
31523;1
44375;1
254;1
232087;1
100386;1
422501;1
6142;1
8503;1
130750;1
55886;1
400909;1
400545;1
44400;1
25625;1
22862;1
50579;1
59476;1
2107;1
8705;1
3872;1
45895;1
406239;1
403382;1
13886;1
400569;1
103902;1
103912;1
31913;1
4226;1
438842;1
21226;1
106898;1
4840;1
416257;1
39050;1
405991;1
47876;1
436906;1
27754;1
16731;1
239226;1
440337;1
7295;1
40566;1
26371;1
19607;1
38138;1
127629;1
42485;1
441553;1
214323;1
38470;1
16337;1
300158;1
431633;1
57633;1
22360;1
26191;1
42746;1
292171;1
39361;1
104044;1
429748;1
42629;1
104775;1
445286;1
416175;1
424102;1
130864;1
104640;1
39096;1
601;1
46527;1
58845;1
15538;1
9593;1
19710;1
121362;1
46786;1
103184;1
442831;1
23018;1
100681;1
442666;1
31345;1
37108;1
418847;1
16010;1
45702;1
1425;1
28330;1
44975;1
43785;1
38929;1
57791;1
41961;1
49163;1
21908;1
51484;1
104250;1
100263;1
60177;1
23266;1
138515;1
400065;1
35183;1
34563;1
53223;1
103933;1
239776;1
4207;1
4251;1
23116;1
12492;1
105853;1
412528;1
20687;1
436188;1
414675;1
127563;1
12323;1
11477;1
11629;1
2205;1
2836;1
49934;1
31335;1
58529;1
411110;1
58523;1
26699;1
120009;1
37044;1
34837;1
103765;1
300142;1
24992;1
414389;1
3260;1
18672;1
102480;1
9538;1
406018;1
414148;1
400595;1
18855;1
11879;1
101352;1
48018;1
137298;1
45620;1
57574;1
23485;1
400485;1
418907;1
58965;1
104194;1
44470;1
2111;1
418731;1
7067;1
211150;1
238040;1
133826;1
3696;1
426693;1
18535;1
54979;1
44232;1
7909;1
28205;1
127327;1
404879;1
52908;1
47850;1
41489;1
6834;1
101998;1
46929;1
4549;1
412126;1
426007;1
411023;1
30101;1
6521;1
13795;1
16204;1
18571;1
424825;1
8236;1
22025;1
403551;1
412798;1
104201;1
404561;1
2108;1
30533;1
130727;1
102117;1
26733;1
50405;1
34426;1
34200;1
27484;1
16116;1
425431;1
47705;1
26187;1
11902;1
434454;1
5387;1
44893;1
49614;1
413698;1
35656;1
214086;1
238784;1
36613;1
59264;1
22582;1
26334;1
35252;1
10709;1
32816;1
105641;1
421735;1
42765;1
7848;1
427806;1
45438;1
16447;1
403388;1
292012;1
424434;1
17212;1
104006;1
434306;1
44712;1
57030;1
24443;1
436731;1
56207;1
4544;1
27854;1
31170;1
22008;1
4875;1
401823;1
6299;1
414390;1
17192;1
43488;1
1194;1
292265;1
21782;1
52707;1
406899;1
3001;1
7319;1
36095;1
433782;1
406980;1
238953;1
29008;1
14089;1
40164;1
16315;1
23038;1
38759;1
23272;1
403457;1
33141;1
47167;1
42496;1
3375;1
29673;1
17104;1
28676;1
40235;1
50259;1
6698;1
41112;1
403308;1
35558;1
4520;1
37374;1
42980;1
238086;1
424992;1
5539;1
22809;1
100138;1
439851;1
487;1
23673;1
19273;1
26235;1
35467;1
53793;1
41072;1
51110;1
20460;1
31621;1
100726;1
26758;1
745;1
417553;1
21880;1
239412;1
9284;1
23971;1
41287;1
35672;1
16055;1
105257;1
51990;1
39614;1
56353;1
5463;1
41744;1
434141;1
47975;1
19362;1
439713;1
16454;1
33840;1
54615;1
48679;1
33520;1
3828;1
1952;1
34573;1
57485;1
409020;1
15845;1
35517;1
9251;1
35962;1
21600;1
54887;1
36836;1
30124;1
46570;1
21214;1
27196;1
138718;1
59818;1
49293;1
7310;1
7712;1
103231;1
36325;1
57873;1
45144;1
46087;1
39329;1
35092;1
9404;1
27511;1
417162;1
411657;1
105525;1
26106;1
30088;1
10977;1
34770;1
42426;1
25170;1
58979;1
3785;1
1259;1
9031;1
404635;1
238960;1
35540;1
29820;1
9175;1
42460;1
60348;1
51360;1
20830;1
46139;1
20426;1
44317;1
22842;1
105054;1
2121;1
400581;1
28154;1
45851;1
27515;1
211316;1
39862;1
440198;1
16260;1
430683;1
3041;1
17046;1
51554;1
214261;1
104552;1
13032;1
29961;1
945;1
42612;1
30651;1
33701;1
52879;1
302394;1
411233;1
25498;1
29880;1
43321;1
413935;1
32484;1
31745;1
11858;1
416538;1
20286;1
49114;1
44282;1
420090;1
238555;1
15080;1
27516;1
5432;1
5492;1
404146;1
29898;1
400912;1
400619;1
120699;1
44722;1
34929;1
42244;1
214785;1
40562;1
34953;1
403847;1
407963;1
35266;1
21067;1
32353;1
2559;1
58377;1
413700;1
20344;1
56531;1
15919;1
8634;1
6252;1
22718;1
27890;1
35590;1
47713;1
15660;1
51043;1
101682;1
424098;1
12260;1
6187;1
27416;1
12793;1
7823;1
26419;1
35577;1
51134;1
52075;1
138416;1
412788;1
402208;1
31378;1
103578;1
12616;1
10032;1
32758;1
24940;1
23610;1
4109;1
13309;1
8673;1
102312;1
22580;1
17239;1
429702;1
26638;1
238381;1
12308;1
6632;1
6047;1
35397;1
105142;1
50721;1
37274;1
12765;1
130849;1
238935;1
402135;1
18515;1
5341;1
123014;1
403443;1
414333;1
59556;1
137359;1
44807;1
9883;1
236173;1
42357;1
39411;1
426137;1
283186;1
239105;1
443770;1
105761;1
403748;1
420834;1
48016;1
103756;1
402764;1
28241;1
420247;1
38941;1
100241;1
29020;1
21829;1
100961;1
34994;1
41121;1
37945;1
29953;1
45323;1
2018;1
2632;1
138580;1
443756;1
23137;1
59444;1
137282;1
6378;1
103214;1
16860;1
238989;1
122108;1
26523;1
5524;1
127627;1
31341;1
29630;1
27373;1
36927;1
17375;1
101389;1
137113;1
48873;1
105311;1
26460;1
34943;1
442867;1
238275;1
19771;1
28162;1
39665;1
104472;1
101321;1
31499;1
28793;1
32426;1
444315;1
18798;1
38932;1
2284;1
18051;1
56222;1
36411;1
27496;1
130433;1
43752;1
954;1
434119;1
104807;1
128184;1
421745;1
20028;1
43099;1
50688;1
26862;1
3109;1
403354;1
417586;1
13748;1
238112;1
421749;1
6064;1
427511;1
20965;1
6854;1
1409;1
407777;1
138294;1
47184;1
30097;1
26634;1
51039;1
13105;1
29487;1
57226;1
21762;1
34730;1
974;1
27063;1
39208;1
31417;1
302457;1
33917;1
102484;1
26077;1
9831;1
59482;1
138836;1
21696;1
8675;1
41557;1
29152;1
21569;1
13768;1
38790;1
127368;1
52056;1
37510;1
403796;1
101671;1
46618;1
239435;1
44481;1
3354;1
49596;1
21909;1
47755;1
101110;1
14994;1
28355;1
47337;1
24316;1
42819;1
6904;1
42979;1
56497;1
27194;1
10006;1
12549;1
56699;1
13421;1
6359;1
48384;1
45732;1
17271;1
52358;1
434348;1
6702;1
42046;1
27690;1
29692;1
104479;1
12717;1
48290;1
48092;1
106;1
137531;1
33036;1
6578;1
415306;1
10503;1
405830;1
27838;1
10261;1
30385;1
1690;1
17301;1
14756;1
101548;1
46217;1
6435;1
20503;1
302491;1
42083;1
214121;1
103009;1
238881;1
36351;1
437588;1
31021;1
26374;1
2843;1
128126;1
6225;1
105056;1
37839;1
49925;1
30425;1
101150;1
7248;1
411293;1
54801;1
6469;1
58476;1
19821;1
16038;1
53191;1
120693;1
105678;1
16279;1
103122;1
138872;1
100499;1
6519;1
131187;1
22123;1
18732;1
443616;1
34201;1
20429;1
32845;1
1299;1
6690;1
30102;1
6746;1
52393;1
35202;1
28717;1
214257;1
6821;1
27645;1
401194;1
405658;1
40756;1
412501;1
214196;1
105213;1
32738;1
2612;1
763;1
40182;1
57094;1
417330;1
238577;1
38467;1
416930;1
436146;1
59910;1
436848;1
17157;1
101404;1
27625;1
8719;1
6080;1
103127;1
211483;1
37267;1
238993;1
14523;1
12814;1
105806;1
426147;1
236183;1
402444;1
24696;1
100953;1
414104;1
24346;1
411277;1
438851;1
35140;1
38969;1
36111;1
19656;1
283097;1
19823;1
39521;1
21980;1
102293;1
428096;1
27032;1
57292;1
48008;1
54842;1
34866;1
1241;1
422571;1
101153;1
104588;1
101376;1
34659;1
55121;1
26717;1
51544;1
134309;1
13599;1
41375;1
49511;1
45635;1
105877;1
35689;1
9880;1
31824;1
211407;1
105983;1
401442;1
437389;1
421511;1
292122;1
418332;1
408234;1
428174;1
13637;1
34742;1
214381;1
37357;1
16608;1
32557;1
39816;1
5955;1
200096;1
415907;1
34157;1
14737;1
32401;1
28392;1
50657;1
21437;1
1539;1
130633;1
3528;1
104357;1
45668;1
211252;1
434801;1
1625;1
134041;1
238087;1
53360;1
414010;1
32327;1
1037;1
59229;1
214979;1
1300;1
419488;1
18096;1
3486;1
24015;1
47715;1
31303;1
36132;1
421478;1
23072;1
20202;1
35653;1
100022;1
2443;1
23322;1
436438;1
46693;1
102466;1
228089;1
101374;1
31373;1
28468;1
35956;1
20246;1
238066;1
100096;1
12564;1
59169;1
6437;1
214946;1
10543;1
400015;1
104652;1
10827;1
45716;1
43499;1
282;1
15020;1
17032;1
428561;1
27863;1
24337;1
292214;1
238051;1
18727;1
27731;1
13367;1
101650;1
41625;1
42079;1
20973;1
23603;1
34480;1
424222;1
427094;1
18454;1
39249;1
1150;1
19136;1
239547;1
5351;1
45060;1
29170;1
6139;1
49563;1
138405;1
445842;1
23242;1
599;1
35362;1
7701;1
429728;1
14688;1
39681;1
31725;1
38300;1
55613;1
26718;1
2765;1
421773;1
37355;1
412880;1
30021;1
292166;1
232010;1
34287;1
430663;1
16169;1
26375;1
433149;1
21194;1
214228;1
10770;1
53797;1
105269;1
239761;1
37069;1
6340;1
53647;1
4619;1
406845;1
39225;1
52495;1
31577;1
16718;1
211273;1
47238;1
403157;1
1813;1
40942;1
236070;1
42989;1
28942;1
37293;1
22581;1
38911;1
214402;1
130943;1
26447;1
133766;1
31054;1
413946;1
39170;1
101467;1
51114;1
404267;1
47927;1
103046;1
292335;1
35138;1
432113;1
300510;1
12006;1
4398;1
2180;1
441064;1
121007;1
17179;1
8116;1
122122;1
105868;1
47699;1
34174;1
44391;1
30231;1
253013;1
27394;1
2687;1
41367;1
27735;1
106028;1
102003;1
47750;1
55103;1
52205;1
101;1
6826;1
105120;1
8143;1
29426;1
10457;1
403843;1
101631;1
100849;1
51737;1
7817;1
689;1
402733;1
15617;1
43790;1
13203;1
412387;1
32669;1
32197;1
29695;1
15952;1
239013;1
103364;1
2191;1
7139;1
35129;1
9983;1
30360;1
419818;1
2613;1
53025;1
21771;1
103343;1
214575;1
401906;1
238611;1
36555;1
28795;1
1130;1
13891;1
6270;1
26863;1
102065;1
29543;1
29176;1
29233;1
12865;1
48826;1
16663;1
8151;1
106462;1
106143;1
101795;1
302387;1
19569;1
4412;1
418803;1
42087;1
4174;1
17479;1
20718;1
33279;1
7383;1
13678;1
228070;1
211159;1
38417;1
30107;1
4523;1
137667;1
101744;1
302397;1
6852;1
238816;1
123221;1
133751;1
103129;1
428138;1
214764;1
100288;1
1739;1
103315;1
35881;1
23928;1
408564;1
421850;1
103531;1
28834;1
23561;1
12065;1
421243;1
30371;1
2794;1
400236;1
19960;1
53296;1
103005;1
104122;1
7454;1
27363;1
104799;1
406827;1
42448;1
41178;1
432346;1
406731;1
58644;1
55991;1
433736;1
21154;1
40479;1
30391;1
26670;1
24376;1
6304;1
409849;1
30448;1
15964;1
20858;1
1499;1
120001;1
443982;1
12030;1
54914;1
53843;1
7875;1
130774;1
5770;1
33;1
30755;1
8911;1
23750;1
1643;1
1858;1
47822;1
127277;1
38209;1
26763;1
130880;1
444476;1
7640;1
17743;1
295007;1
23229;1
13618;1
239981;1
3760;1
51369;1
18573;1
28352;1
45285;1
54285;1
59362;1
41412;1
3628;1
422794;1
15611;1
27532;1
35290;1
9390;1
100152;1
30775;1
33399;1
138803;1
128092;1
28826;1
16031;1
48636;1
25349;1
36455;1
10412;1
41261;1
36339;1
39920;1
28121;1
42568;1
13955;1
106073;1
55154;1
5957;1
12846;1
432717;1
2014;1
214377;1
211487;1
56394;1
15282;1
104344;1
31123;1
409281;1
401253;1
9190;1
35386;1
53516;1
238920;1
7286;1
49084;1
105769;1
11996;1
602;1
3863;1
11234;1
10778;1
49829;1
59884;1
697;1
6798;1
104489;1
40734;1
102183;1
34964;1
4471;1
30100;1
302256;1
33176;1
29340;1
18685;1
10236;1
400739;1
238667;1
104202;1
445836;1
10049;1
8924;1
17130;1
38234;1
214689;1
427515;1
101056;1
10801;1
40463;1
300269;1
38909;1
29376;1
49044;1
59466;1
41322;1
13525;1
3545;1
101330;1
413894;1
17615;1
401304;1
28910;1
41173;1
13631;1
35701;1
253;1
101968;1
2174;1
3208;1
20223;1
438295;1
8421;1
11353;1
39231;1
292146;1
14261;1
252070;1
238809;1
43728;1
3484;1
34565;1
43523;1
238390;1
418690;1
292064;1
432942;1
36146;1
31145;1
34430;1
17396;1
41336;1
13436;1
15114;1
410929;1
29830;1
8807;1
46420;1
9270;1
3205;1
49419;1
8369;1
24350;1
11111;1
4927;1
105656;1
58375;1
43944;1
105479;1
236002;1
21816;1
8341;1
21089;1
18280;1
12462;1
11135;1
45290;1
300165;1
53589;1
24166;1
20275;1
39372;1
214470;1
422840;1
419876;1
45602;1
19835;1
31155;1
20784;1
104928;1
17847;1
122058;1
33434;1
300261;1
23303;1
44915;1
37780;1
44451;1
101997;1
407443;1
57508;1
31488;1
102120;1
44478;1
401346;1
404838;1
13567;1
45872;1
16069;1
53960;1
105897;1
34181;1
19355;1
35933;1
1925;1
427579;1
31546;1
2884;1
45189;1
442264;1
14310;1
102233;1
7573;1
1448;1
239258;1
131077;1
54960;1
105422;1
7510;1
21789;1
400956;1
29271;1
33746;1
48652;1
39661;1
41697;1
59542;1
122222;1
52865;1
25222;1
38858;1
59432;1
37389;1
15463;1
10728;1
437869;1
100536;1
238188;1
46206;1
1590;1
29323;1
413889;1
39020;1
4871;1
42044;1
58249;1
102390;1
214231;1
133958;1
26793;1
37352;1
404925;1
300208;1
50930;1
968;1
439849;1
31318;1
32974;1
418672;1
12038;1
21761;1
430711;1
214681;1
211238;1
440435;1
408184;1
26320;1
30795;1
132586;1
44079;1
422175;1
20263;1
34940;1
34137;1
414600;1
10607;1
7676;1
11837;1
32087;1
60279;1
57272;1
52231;1
17751;1
23045;1
121245;1
923;1
412999;1
26428;1
137155;1
56754;1
415557;1
414265;1
40852;1
32618;1
34632;1
411048;1
238671;1
4788;1
239832;1
33159;1
38938;1
402647;1
130506;1
401923;1
2574;1
38801;1
17197;1
37195;1
23676;1
59076;1
214600;1
30373;1
103783;1
401345;1
5259;1
32575;1
35749;1
42842;1
30743;1
407567;1
419794;1
60065;1
56986;1
403980;1
15682;1
49458;1
238198;1
441335;1
17886;1
16326;1
38991;1
6849;1
51271;1
46545;1
103207;1
104048;1
402054;1
55639;1
39991;1
105100;1
43170;1
211366;1
54337;1
42774;1
58017;1
8941;1
432551;1
20301;1
22743;1
442647;1
130481;1
18876;1
417768;1
19817;1
38797;1
16730;1
414167;1
54019;1
9960;1
220042;1
7976;1
41646;1
6178;1
45644;1
300139;1
58674;1
38963;1
3855;1
30066;1
402954;1
43732;1
12954;1
100966;1
30628;1
52086;1
428517;1
28527;1
6835;1
5619;1
24087;1
37413;1
41608;1
2636;1
19390;1
22845;1
425437;1
26572;1
440409;1
105894;1
27408;1
103947;1
407348;1
51460;1
434615;1
10661;1
7820;1
17200;1
30590;1
444944;1
434542;1
46596;1
36894;1
6183;1
33471;1
19203;1
138832;1
105342;1
48359;1
49699;1
41623;1
11792;1
8798;1
106100;1
7288;1
25503;1
29396;1
295018;1
41499;1
15742;1
103767;1
400795;1
39236;1
401873;1
45586;1
211160;1
15386;1
104907;1
10729;1
228069;1
23756;1
414160;1
20143;1
5140;1
27589;1
444386;1
28399;1
53152;1
11047;1
40413;1
8282;1
22535;1
424885;1
17330;1
400365;1
4102;1
401018;1
38439;1
31878;1
3602;1
302113;1
31750;1
39356;1
30007;1
48997;1
17399;1
34664;1
137673;1
420006;1
44685;1
130910;1
236192;1
408026;1
58666;1
440689;1
104895;1
4081;1
417834;1
37996;1
7151;1
21208;1
300379;1
408094;1
54873;1
36715;1
20037;1
409436;1
22232;1
37684;1
30339;1
418364;1
36582;1
22219;1
47686;1
100688;1
16113;1
123266;1
41083;1
20935;1
10759;1
31837;1
23640;1
32427;1
34666;1
57408;1
28909;1
58297;1
100221;1
401893;1
25402;1
15720;1
32898;1
137514;1
238213;1
434085;1
102365;1
419115;1
51326;1
412111;1
103770;1
24165;1
2149;1
50255;1
430768;1
43721;1
18108;1
31548;1
255;1
403374;1
7131;1
36635;1
32985;1
26231;1
104723;1
103556;1
437676;1
55579;1
50703;1
123006;1
24917;1
947;1
104132;1
37652;1
5205;1
90;1
40163;1
30453;1
21178;1
22166;1
120443;1
14715;1
413732;1
40692;1
39826;1
102360;1
40535;1
18664;1
102988;1
400741;1
36770;1
21520;1
45358;1
51007;1
37862;1
29540;1
40035;1
35608;1
100231;1
57752;1
137720;1
103459;1
23538;1
39656;1
43176;1
4911;1
211186;1
239479;1
39582;1
412884;1
410283;1
23265;1
27711;1
414683;1
1283;1
239919;1
10654;1
21003;1
432067;1
32051;1
50316;1
27374;1
100359;1
21255;1
300252;1
45075;1
31684;1
15784;1
4173;1
5416;1
411618;1
8581;1
44545;1
402103;1
32061;1
22603;1
28377;1
25293;1
103248;1
403243;1
27807;1
3583;1
36946;1
10266;1
103400;1
438772;1
411420;1
30182;1
55874;1
2297;1
418428;1
12252;1
131040;1
23830;1
12983;1
44825;1
103142;1
43088;1
433285;1
122115;1
30529;1
53337;1
14137;1
238842;1
48326;1
130968;1
130525;1
302005;1
461;1
3653;1
36227;1
409726;1
442833;1
42972;1
414988;1
39457;1
138768;1
34790;1
44273;1
400652;1
15890;1
440335;1
214888;1
32277;1
18254;1
105950;1
41531;1
17206;1
23498;1
26065;1
103819;1
27685;1
30680;1
45207;1
445883;1
232059;1
37863;1
29685;1
55287;1
361;1
4254;1
234028;1
26833;1
34660;1
5376;1
43153;1
33466;1
47247;1
423222;1
401821;1
15246;1
127655;1
46854;1
17763;1
16868;1
17468;1
252096;1
15334;1
49694;1
35344;1
15961;1
418865;1
42560;1
29802;1
38509;1
13334;1
32600;1
44703;1
722;1
45522;1
8482;1
27527;1
4198;1
23755;1
25654;1
412506;1
5621;1
232222;1
44092;1
23654;1
45170;1
28672;1
18973;1
24091;1
36374;1
40307;1
400216;1
211477;1
10914;1
31635;1
401481;1
43667;1
30184;1
35000;1
104937;1
33960;1
21499;1
1998;1
26286;1
121339;1
440573;1
406216;1
17053;1
405519;1
25690;1
431576;1
26653;1
39783;1
10853;1
29057;1
22134;1
31039;1
45877;1
31660;1
42336;1
410051;1
56537;1
20706;1
17355;1
35876;1
4919;1
11161;1
44417;1
43122;1
44635;1
24323;1
43442;1
102780;1
26582;1
21723;1
302492;1
55111;1
37685;1
105839;1
14871;1
5611;1
8337;1
56081;1
432106;1
34752;1
122281;1
11272;1
26613;1
36482;1
10369;1
404092;1
106103;1
103657;1
39946;1
238540;1
40892;1
21382;1
10231;1
403968;1
103834;1
105659;1
431153;1
6824;1
121294;1
431484;1
10474;1
39896;1
101941;1
39811;1
23545;1
13246;1
11772;1
239037;1
58103;1
13509;1
103965;1
3788;1
34495;1
3720;1
18121;1
17175;1
44548;1
10765;1
44026;1
28424;1
417547;1
401163;1
211303;1
26312;1
214754;1
400891;1
421393;1
13134;1
32485;1
1784;1
1001;1
58568;1
42131;1
1469;1
440287;1
17333;1
31105;1
439418;1
8716;1
23391;1
409239;1
29493;1
29799;1
406021;1
26563;1
13694;1
39340;1
10825;1
37134;1
17993;1
20580;1
1297;1
50745;1
403159;1
44572;1
11999;1
431643;1
295017;1
7819;1
41665;1
232060;1
423152;1
406630;1
56238;1
19112;1
211162;1
6894;1
432377;1
137704;1
15831;1
43429;1
26473;1
22106;1
24400;1
53929;1
101982;1
17095;1
1588;1
23417;1
30081;1
300097;1
214898;1
423140;1
32071;1
39731;1
5074;1
440180;1
54625;1
436956;1
137729;1
10103;1
26649;1
59576;1
4375;1
42992;1
31786;1
418280;1
40504;1
100495;1
137426;1
120045;1
292296;1
55970;1
443582;1
8864;1
34935;1
404834;1
130498;1
28494;1
46792;1
42585;1
12543;1
8418;1
414158;1
239128;1
418366;1
59350;1
9343;1
413039;1
130551;1
27457;1
104291;1
425837;1
420722;1
15210;1
36250;1
417534;1
56085;1
2431;1
104372;1
36556;1
22305;1
29991;1
238973;1
300099;1
8544;1
430897;1
44562;1
6512;1
34854;1
414103;1
39585;1
445667;1
414090;1
2055;1
130783;1
5958;1
6088;1
40723;1
14281;1
102465;1
414235;1
49620;1
45608;1
105822;1
239553;1
405078;1
33098;1
443852;1
6736;1
103722;1
13463;1
36979;1
16873;1
37001;1
18043;1
36898;1
25795;1
421782;1
406371;1
404289;1
8953;1
419091;1
428045;1
3426;1
104816;1
37479;1
19441;1
232008;1
35620;1
439559;1
42370;1
1954;1
26875;1
40745;1
33654;1
18152;1
401744;1
211364;1
406709;1
35712;1
401145;1
59376;1
45128;1
45790;1
16642;1
58863;1
406717;1
38477;1
405692;1
29863;1
27512;1
18993;1
437926;1
122323;1
413509;1
28243;1
56709;1
36862;1
104618;1
7610;1
425775;1
30438;1
400479;1
25330;1
44154;1
120672;1
11331;1
43205;1
21464;1
238978;1
14188;1
28594;1
25089;1
41094;1
134248;1
401739;1
410007;1
38487;1
132682;1
45665;1
120409;1
35769;1
35565;1
6546;1
13650;1
21410;1
44940;1
21457;1
10118;1
56979;1
37379;1
35465;1
102347;1
21647;1
429265;1
42534;1
438301;1
408871;1
25453;1
32496;1
101332;1
29968;1
100256;1
38276;1
418939;1
6310;1
19733;1
16335;1
14178;1
23743;1
1721;1
2845;1
430545;1
30731;1
1706;1
443035;1
2444;1
6264;1
214418;1
46391;1
44080;1
403853;1
401568;1
45006;1
22808;1
16059;1
31699;1
445865;1
138302;1
137268;1
403322;1
27749;1
415198;1
21538;1
10564;1
7772;1
31504;1
33081;1
29510;1
24438;1
2617;1
17258;1
28035;1
24765;1
10401;1
232023;1
31833;1
25255;1
414013;1
21011;1
102211;1
7182;1
419598;1
28114;1
46479;1
410107;1
18030;1
407575;1
283083;1
6962;1
5047;1
100759;1
103279;1
38784;1
103242;1
121288;1
292195;1
105881;1
211135;1
20489;1
27551;1
298033;1
3522;1
3431;1
437841;1
51362;1
238952;1
7362;1
1127;1
104154;1
41253;1
121282;1
100550;1
51925;1
42564;1
43551;1
37496;1
30657;1
47977;1
133704;1
130713;1
403302;1
25730;1
21713;1
2499;1
24528;1
30954;1
38612;1
27062;1
417211;1
23019;1
23349;1
402855;1
8425;1
36651;1
54494;1
27986;1
40466;1
234036;1
33710;1
28067;1
428589;1
302217;1
439297;1
11245;1
30617;1
15315;1
32;1
441356;1
137538;1
41860;1
40928;1
423;1
43302;1
43915;1
4685;1
10011;1
21531;1
401796;1
214054;1
238308;1
36106;1
11647;1
411165;1
300478;1
44169;1
12468;1
300255;1
418933;1
19409;1
412994;1
18630;1
19706;1
30932;1
101018;1
40366;1
14969;1
439825;1
22242;1
302079;1
105990;1
57654;1
35354;1
9943;1
11773;1
238367;1
37570;1
101894;1
121022;1
123032;1
434549;1
34498;1
33109;1
137702;1
51666;1
406130;1
57871;1
40277;1
59766;1
100559;1
415226;1
1064;1
292199;1
138565;1
59979;1
26976;1
21954;1
102430;1
433071;1
27056;1
56728;1
101368;1
12333;1
4978;1
36724;1
26025;1
25569;1
2937;1
23728;1
5021;1
46942;1
21103;1
418895;1
57643;1
442829;1
40216;1
9974;1
1865;1
105636;1
59931;1
55105;1
23581;1
130994;1
34021;1
440144;1
54498;1
31847;1
26074;1
105461;1
2584;1
9714;1
39627;1
41823;1
39447;1
103647;1
412972;1
239653;1
30866;1
51079;1
239889;1
302146;1
56198;1
13870;1
239717;1
214253;1
100433;1
123233;1
41292;1
35544;1
411052;1
103079;1
31395;1
28908;1
24271;1
48033;1
413497;1
292028;1
102705;1
414213;1
12206;1
40849;1
21729;1
3895;1
42895;1
26192;1
19779;1
404589;1
1323;1
302296;1
25996;1
103301;1
302503;1
5294;1
47079;1
20279;1
24293;1
105103;1
44873;1
1931;1
27048;1
16241;1
34223;1
18472;1
33978;1
13592;1
13423;1
26690;1
43015;1
30757;1
413895;1
44740;1
132574;1
986;1
430453;1
414082;1
300241;1
102966;1
103514;1
407749;1
22215;1
28382;1
401493;1
238719;1
300137;1
37781;1
302323;1
4462;1
4528;1
106358;1
300546;1
100234;1
31977;1
10805;1
36700;1
1660;1
24780;1
13654;1
45195;1
40424;1
22391;1
404271;1
25532;1
55986;1
38975;1
40082;1
429708;1
105026;1
46934;1
27570;1
414596;1
101933;1
50762;1
24278;1
560;1
18558;1
445196;1
400705;1
40011;1
425865;1
211293;1
50587;1
28137;1
5406;1
30203;1
44177;1
45490;1
45657;1
15715;1
239093;1
7093;1
401895;1
15828;1
35520;1
43774;1
238473;1
409352;1
400758;1
232056;1
105870;1
16864;1
25105;1
401028;1
214729;1
57615;1
8977;1
45064;1
29479;1
6061;1
30856;1
407831;1
13995;1
413841;1
48147;1
13919;1
103637;1
414667;1
46749;1
23340;1
3471;1
43394;1
101041;1
49257;1
238947;1
444856;1
9510;1
49421;1
102649;1
425381;1
9412;1
53001;1
21413;1
239782;1
409004;1
1230;1
43911;1
22736;1
434928;1
105577;1
7406;1
236071;1
10224;1
106106;1
9068;1
59278;1
41513;1
234031;1
5035;1
35155;1
130482;1
13551;1
12706;1
133783;1
60374;1
17672;1
33962;1
37378;1
402760;1
19495;1
31367;1
2724;1
29726;1
401558;1
51672;1
27260;1
302266;1
37846;1
48349;1
29211;1
411595;1
438837;1
100683;1
405906;1
48370;1
38386;1
45662;1
35331;1
18367;1
434620;1
404764;1
2165;1
100977;1
30514;1
41424;1
102037;1
15434;1
429;1
30679;1
423238;1
419061;1
7552;1
415010;1
11675;1
38365;1
48019;1
1191;1
418392;1
20604;1
8147;1
54912;1
414727;1
45808;1
103367;1
29654;1
10518;1
415027;1
405714;1
58171;1
14196;1
55872;1
432039;1
400503;1
42187;1
59173;1
49708;1
106448;1
418961;1
20820;1
43311;1
41600;1
402438;1
100075;1
4176;1
32901;1
43802;1
103777;1
3909;1
3535;1
2182;1
1045;1
40580;1
53627;1
1558;1
38943;1
102200;1
52623;1
36015;1
60414;1
19668;1
103413;1
432787;1
24994;1
23119;1
32497;1
10098;1
7859;1
31954;1
19396;1
43548;1
100516;1
56481;1
283078;1
57831;1
24847;1
58981;1
46410;1
417012;1
31129;1
137135;1
8492;1
443744;1
4650;1
40710;1
104027;1
8488;1
54943;1
54601;1
103709;1
18628;1
28683;1
19436;1
53325;1
34330;1
39976;1
408520;1
33629;1
239633;1
55932;1
419748;1
28156;1
20428;1
302408;1
43374;1
18265;1
55307;1
59629;1
406966;1
12763;1
102982;1
437909;1
26611;1
36624;1
5232;1
59888;1
15823;1
5030;1
56844;1
103278;1
15803;1
56589;1
16741;1
7863;1
23895;1
37848;1
104237;1
48871;1
14748;1
41570;1
39131;1
714;1
121397;1
100682;1
101582;1
283030;1
9006;1
19704;1
102078;1
300222;1
51952;1
14204;1
292147;1
40284;1
104296;1
412228;1
44921;1
25562;1
47866;1
36072;1
411631;1
2035;1
5050;1
26314;1
47347;1
27227;1
46821;1
434101;1
238851;1
42025;1
4713;1
274032;1
53443;1
239549;1
7083;1
419452;1
20046;1
19414;1
200044;1
8466;1
28664;1
138906;1
8584;1
26021;1
28418;1
49228;1
38859;1
17717;1
403023;1
48471;1
130928;1
433092;1
120650;1
16286;1
11332;1
307006;1
25658;1
7312;1
102452;1
14380;1
11887;1
46379;1
11794;1
413958;1
100902;1
22276;1
44654;1
54417;1
422068;1
407763;1
2302;1
434024;1
122214;1
23803;1
46637;1
24516;1
25161;1
438847;1
27517;1
36996;1
4259;1
56581;1
134251;1
239548;1
29956;1
430881;1
51435;1
17305;1
59364;1
432979;1
47513;1
1038;1
442064;1
18538;1
41416;1
30532;1
10037;1
427220;1
412421;1
44565;1
2745;1
50482;1
30898;1
13640;1
36592;1
409344;1
13991;1
58781;1
8700;1
31397;1
54939;1
10107;1
102299;1
3233;1
54415;1
445321;1
441736;1
46500;1
14149;1
412094;1
24100;1
436180;1
5009;1
410894;1
27389;1
101064;1
14971;1
405607;1
104592;1
436555;1
42061;1
33167;1
236072;1
38436;1
36253;1
32976;1
8743;1
431743;1
102737;1
38577;1
45734;1
126;1
37551;1
36989;1
44845;1
100392;1
4065;1
101229;1
12373;1
9028;1
36822;1
130575;1
8942;1
407185;1
7835;1
51801;1
3692;1
302271;1
58726;1
55030;1
441012;1
18770;1
3250;1
1645;1
416055;1
405156;1
55591;1
9436;1
232076;1
412888;1
28159;1
420917;1
60094;1
40438;1
15674;1
23619;1
33816;1
400097;1
2722;1
416057;1
35584;1
10216;1
27393;1
18033;1
104918;1
27640;1
15231;1
26118;1
400613;1
21240;1
104991;1
2037;1
120802;1
8119;1
35685;1
50847;1
42823;1
300459;1
20705;1
1272;1
43741;1
22402;1
12340;1
106310;1
101564;1
405816;1
34259;1
16128;1
232013;1
434985;1
431273;1
59434;1
10250;1
47239;1
42551;1
40329;1
1668;1
283152;1
7771;1
4238;1
51537;1
30872;1
406010;1
402619;1
21262;1
428028;1
19595;1
15480;1
15796;1
43406;1
15010;1
214536;1
104010;1
6795;1
238727;1
51958;1
12337;1
238844;1
34507;1
16838;1
441042;1
8338;1
9877;1
407641;1
18018;1
56656;1
38274;1
50053;1
34890;1
104748;1
55157;1
31890;1
29218;1
1218;1
409129;1
25812;1
239550;1
48504;1
32286;1
37891;1
23729;1
13157;1
137696;1
36391;1
31615;1
26219;1
297;1
298049;1
403581;1
53722;1
432827;1
16285;1
22898;1
22379;1
101981;1
27399;1
300473;1
233;1
423937;1
302321;1
238030;1
47957;1
100313;1
50525;1
37390;1
232130;1
41951;1
2781;1
34069;1
48743;1
101393;1
31694;1
45201;1
60216;1
103449;1
409372;1
36363;1
29398;1
7387;1
16022;1
403646;1
23664;1
46251;1
45193;1
45313;1
47254;1
40736;1
414636;1
405697;1
21804;1
43212;1
23747;1
31853;1
30988;1
101362;1
417604;1
22468;1
103051;1
421829;1
138840;1
120609;1
39640;1
33943;1
22624;1
292136;1
16014;1
23051;1
25120;1
406529;1
5276;1
25335;1
418513;1
40200;1
11614;1
438210;1
238174;1
214850;1
402825;1
29011;1
38700;1
44307;1
18334;1
6545;1
20490;1
20642;1
17113;1
4270;1
408632;1
56623;1
684;1
53778;1
46331;1
1156;1
103923;1
38441;1
52148;1
514;1
26764;1
426935;1
33941;1
300296;1
26542;1
27186;1
30601;1
2767;1
35038;1
13137;1
104973;1
16999;1
7005;1
60294;1
406781;1
238927;1
435449;1
49622;1
48174;1
6518;1
421806;1
38539;1
19420;1
4162;1
54739;1
17303;1
406283;1
130555;1
101900;1
300189;1
423972;1
405767;1
13238;1
12064;1
3904;1
211119;1
24109;1
13825;1
437005;1
23143;1
15856;1
410629;1
42487;1
4337;1
122971;1
21973;1
36763;1
22278;1
39830;1
406917;1
443776;1
12745;1
57506;1
3609;1
48263;1
48951;1
40003;1
20230;1
48988;1
24304;1
40446;1
41390;1
421237;1
48386;1
252058;1
21843;1
20999;1
101439;1
24865;1
104501;1
21336;1
23948;1
29668;1
19332;1
30897;1
8685;1
26104;1
35935;1
421425;1
34833;1
52756;1
407431;1
38021;1
130881;1
30355;1
434308;1
100153;1
59103;1
214908;1
48063;1
274033;1
43365;1
6875;1
42806;1
105622;1
2103;1
48362;1
37720;1
300056;1
28975;1
52327;1
3262;1
21365;1
440687;1
15553;1
30139;1
32038;1
41648;1
252074;1
5830;1
46360;1
14769;1
32192;1
16940;1
20723;1
10826;1
104861;1
105408;1
100356;1
15809;1
35539;1
102744;1
13533;1
120804;1
105791;1
10963;1
34508;1
33787;1
12530;1
106191;1
35455;1
29983;1
29058;1
6163;1
17962;1
211023;1
24372;1
408646;1
38031;1
2491;1
104684;1
49519;1
211380;1
30158;1
400772;1
414274;1
106173;1
39646;1
21482;1
42302;1
410111;1
21577;1
50828;1
300306;1
214892;1
432313;1
26291;1
427197;1
42011;1
475;1
16931;1
888;1
274040;1
443968;1
6903;1
214787;1
7358;1
239125;1
36410;1
236057;1
17871;1
11084;1
15894;1
49476;1
42519;1
44090;1
100860;1
14106;1
55400;1
406175;1
43413;1
406390;1
26245;1
6120;1
22742;1
55063;1
34357;1
43955;1
415391;1
412756;1
427600;1
34427;1
214403;1
26061;1
18567;1
418394;1
7707;1
404241;1
45704;1
443666;1
401961;1
33168;1
211467;1
400441;1
100472;1
39876;1
53940;1
22669;1
40563;1
214436;1
11504;1
421465;1
401267;1
26661;1
41102;1
20857;1
21510;1
29527;1
120823;1
411263;1
55217;1
19617;1
401454;1
421457;1
48967;1
137277;1
33179;1
9207;1
28548;1
27737;1
426555;1
29387;1
24822;1
17506;1
30740;1
414;1
16750;1
137099;1
12214;1
105259;1
9679;1
36266;1
439693;1
12288;1
16808;1
43889;1
120656;1
429754;1
2045;1
37299;1
408807;1
12144;1
103580;1
55550;1
52344;1
36736;1
13324;1
6001;1
18898;1
292201;1
47994;1
404793;1
47057;1
214421;1
14539;1
30719;1
15994;1
103104;1
103829;1
45532;1
45349;1
27346;1
444265;1
56374;1
100257;1
27217;1
422025;1
403697;1
48724;1
298028;1
48024;1
18840;1
30177;1
3445;1
20269;1
25204;1
19494;1
11885;1
238125;1
103140;1
23479;1
44683;1
15646;1
32873;1
239453;1
37017;1
37593;1
31101;1
11809;1
432253;1
28662;1
429201;1
57040;1
429435;1
43460;1
3514;1
43422;1
28385;1
300492;1
100817;1
34109;1
43925;1
4466;1
413207;1
133789;1
239092;1
103324;1
34807;1
442062;1
438311;1
33919;1
422319;1
417510;1
24080;1
49789;1
22105;1
11948;1
39551;1
106013;1
575;1
57704;1
28732;1
12789;1
59630;1
6387;1
18426;1
214823;1
239984;1
42869;1
415895;1
3498;1
438229;1
58494;1
15085;1
14768;1
51264;1
35193;1
18963;1
46946;1
27150;1
8501;1
105442;1
60288;1
32886;1
411137;1
27254;1
21166;1
238034;1
9394;1
405656;1
137109;1
49919;1
283111;1
43100;1
52855;1
45329;1
101910;1
400348;1
59758;1
104977;1
55218;1
19899;1
48461;1
4888;1
23162;1
17821;1
43317;1
401703;1
4764;1
423491;1
47899;1
101814;1
440343;1
45867;1
38645;1
17516;1
31387;1
102981;1
16594;1
211263;1
46957;1
409074;1
46338;1
1109;1
4622;1
419838;1
120636;1
437975;1
405425;1
432124;1
104558;1
45177;1
44869;1
214295;1
441092;1
103235;1
45519;1
22306;1
25114;1
25235;1
10723;1
12208;1
5603;1
57981;1
32003;1
430830;1
50923;1
33664;1
103119;1
3513;1
409754;1
25182;1
2666;1
44284;1
53560;1
5599;1
101818;1
8843;1
40328;1
411712;1
15550;1
429580;1
13557;1
253029;1
103662;1
46856;1
2219;1
101052;1
9788;1
59830;1
100968;1
20353;1
120651;1
130;1
137097;1
410181;1
52044;1
16580;1
47384;1
39743;1
59600;1
408565;1
41357;1
405971;1
13473;1
1669;1
36877;1
440603;1
414740;1
58239;1
33484;1
24411;1
17563;1
45882;1
12447;1
302504;1
431674;1
37408;1
11346;1
138808;1
52750;1
23585;1
137403;1
10345;1
120430;1
19724;1
1719;1
103678;1
4681;1
34003;1
11394;1
25893;1
28323;1
19062;1
8586;1
420215;1
2406;1
33619;1
442865;1
33463;1
105747;1
101012;1
26020;1
1722;1
10157;1
434125;1
30606;1
14856;1
43143;1
24590;1
12042;1
36551;1
41670;1
9124;1
402166;1
25988;1
421658;1
55685;1
45675;1
13681;1
43010;1
51551;1
15623;1
41899;1
400459;1
20518;1
39693;1
37817;1
214309;1
37900;1
211421;1
15557;1
411202;1
30752;1
31842;1
11889;1
420593;1
429750;1
58534;1
41571;1
28407;1
35602;1
29118;1
18480;1
59793;1
44974;1
17621;1
16564;1
1611;1
33838;1
211442;1
7643;1
103330;1
423142;1
16236;1
31237;1
36057;1
24057;1
41658;1
104792;1
407141;1
47879;1
29040;1
1511;1
423576;1
417726;1
11847;1
415012;1
27054;1
23132;1
26620;1
9409;1
4564;1
406464;1
420032;1
12562;1
13747;1
411415;1
300225;1
58971;1
100846;1
431796;1
59380;1
412537;1
44705;1
102592;1
17956;1
50225;1
103586;1
16386;1
10192;1
4699;1
211476;1
38295;1
33214;1
302434;1
44923;1
52881;1
439675;1
9888;1
16138;1
18340;1
12202;1
239824;1
130440;1
34020;1
18714;1
103800;1
19253;1
33209;1
22965;1
23230;1
24575;1
10918;1
14468;1
434260;1
409070;1
28900;1
43198;1
200026;1
26023;1
7074;1
406117;1
44925;1
7146;1
1997;1
23013;1
21113;1
55182;1
55361;1
101144;1
440900;1
292263;1
25438;1
214057;1
20261;1
101597;1
39184;1
100281;1
12850;1
8127;1
15598;1
102335;1
428573;1
58552;1
2472;1
433139;1
23760;1
45831;1
444340;1
101367;1
43482;1
19616;1
3365;1
413939;1
35774;1
31473;1
36907;1
21229;1
54947;1
28374;1
2926;1
5382;1
36065;1
44902;1
18555;1
9645;1
7047;1
41210;1
28324;1
54595;1
211474;1
200019;1
32200;1
133853;1
101057;1
121264;1
30518;1
46982;1
36043;1
26697;1
33237;1
39833;1
15124;1
17106;1
439691;1
9949;1
21032;1
44830;1
12721;1
211190;1
439248;1
20944;1
3574;1
58470;1
41411;1
13872;1
239410;1
31661;1
435147;1
3353;1
105307;1
19528;1
101098;1
409913;1
39729;1
1207;1
239429;1
11304;1
7894;1
29243;1
238833;1
103852;1
4491;1
51218;1
100920;1
20229;1
405051;1
29223;1
106166;1
38742;1
34159;1
406189;1
5342;1
45439;1
20118;1
414430;1
52646;1
34265;1
7787;1
422755;1
411526;1
39840;1
36944;1
24920;1
11490;1
239863;1
21645;1
43999;1
411632;1
29959;1
102107;1
238705;1
232072;1
36564;1
33621;1
8692;1
29501;1
12646;1
105403;1
32289;1
29320;1
3795;1
21289;1
42995;1
103651;1
27341;1
44081;1
102346;1
10660;1
36212;1
6990;1
418955;1
14075;1
6430;1
29733;1
41332;1
12269;1
46266;1
214496;1
45939;1
22067;1
239238;1
30351;1
21749;1
40457;1
14682;1
35462;1
19236;1
25753;1
4741;1
12849;1
102348;1
302165;1
19154;1
59013;1
16426;1
443798;1
105419;1
22263;1
104960;1
45218;1
9257;1
214919;1
40858;1
103312;1
940;1
26044;1
43453;1
4968;1
405804;1
12477;1
239755;1
100548;1
105132;1
23287;1
35587;1
444484;1
400915;1
21180;1
44773;1
14279;1
214607;1
36879;1
127354;1
411603;1
411267;1
5808;1
40286;1
40024;1
7938;1
24634;1
31244;1
239874;1
402071;1
120500;1
18897;1
49765;1
28947;1
29081;1
27789;1
14684;1
6010;1
4470;1
26614;1
103873;1
414344;1
138483;1
283108;1
104791;1
16901;1
5093;1
412908;1
420475;1
408381;1
19295;1
214551;1
101105;1
41567;1
21707;1
40241;1
22986;1
54496;1
9964;1
45751;1
46615;1
26506;1
101967;1
29401;1
30937;1
28816;1
45888;1
403879;1
102296;1
37133;1
130775;1
5732;1
239348;1
16399;1
54433;1
29289;1
1776;1
6908;1
104427;1
34173;1
416109;1
1975;1
100710;1
15897;1
54708;1
21350;1
422395;1
1992;1
292134;1
13492;1
32134;1
25001;1
20433;1
18266;1
15766;1
292032;1
58510;1
59775;1
42955;1
31925;1
28509;1
28217;1
23394;1
23399;1
133695;1
2791;1
26633;1
59217;1
407276;1
29013;1
412886;1
426326;1
419862;1
40311;1
3921;1
35884;1
10539;1
7052;1
18606;1
10278;1
50012;1
35099;1
12254;1
441998;1
25998;1
436470;1
25195;1
411412;1
46634;1
40091;1
46838;1
46621;1
14221;1
232057;1
44125;1
106003;1
39053;1
13716;1
31641;1
3417;1
239097;1
3138;1
47357;1
18438;1
5917;1
430850;1
411849;1
130380;1
26298;1
7870;1
24067;1
45101;1
28102;1
2393;1
42860;1
56939;1
138509;1
31034;1
17609;1
409362;1
300132;1
53987;1
9531;1
4133;1
238564;1
104859;1
40460;1
37440;1
25205;1
408958;1
238140;1
214612;1
407229;1
3977;1
33915;1
421710;1
11910;1
106059;1
32568;1
407705;1
58484;1
14532;1
6415;1
33350;1
214158;1
30480;1
400487;1
426143;1
47464;1
39167;1
3992;1
105991;1
36693;1
102032;1
28865;1
18238;1
32648;1
36027;1
236097;1
13687;1
42140;1
127585;1
35150;1
35680;1
25442;1
214521;1
238035;1
14637;1
19149;1
48922;1
42784;1
4101;1
27718;1
42662;1
8139;1
28193;1
21911;1
36501;1
408078;1
25736;1
17263;1
137380;1
12923;1
28470;1
23041;1
45339;1
17101;1
292249;1
23861;1
41134;1
34685;1
8497;1
19657;1
24756;1
25712;1
55132;1
132445;1
102598;1
39349;1
18493;1
393;1
45766;1
44394;1
11004;1
103302;1
412534;1
19140;1
22188;1
30917;1
3860;1
31812;1
34276;1
53097;1
43284;1
425337;1
132446;1
11515;1
102050;1
54345;1
58059;1
132630;1
41341;1
40436;1
7638;1
46334;1
39055;1
53007;1
30918;1
302024;1
19533;1
127299;1
214417;1
54844;1
50426;1
100144;1
19650;1
214743;1
439228;1
429608;1
52008;1
239133;1
38061;1
24808;1
414618;1
130917;1
47074;1
137234;1
17940;1
29485;1
34556;1
7957;1
44010;1
33496;1
433274;1
13617;1
52184;1
27375;1
6250;1
30570;1
21492;1
31942;1
44446;1
34834;1
423432;1
15754;1
423929;1
44932;1
137570;1
137409;1
21134;1
421913;1
436;1
405995;1
411596;1
104701;1
14343;1
57887;1
11866;1
101942;1
20511;1
28006;1
45059;1
46157;1
228060;1
3069;1
33024;1
32687;1
21114;1
27508;1
8641;1
103294;1
421870;1
408738;1
102281;1
11334;1
100630;1
30607;1
292093;1
45508;1
102577;1
120661;1
130579;1
27228;1
419109;1
6504;1
17236;1
45597;1
29665;1
18021;1
6186;1
438977;1
19266;1
55083;1
37146;1
58957;1
102422;1
33626;1
106008;1
404576;1
44353;1
400664;1
105024;1
302183;1
102309;1
430443;1
405564;1
442270;1
101568;1
106120;1
472;1
13129;1
403035;1
127507;1
16846;1
424166;1
17108;1
429185;1
28974;1
200064;1
32028;1
411208;1
37505;1
428375;1
54888;1
100889;1
8870;1
232031;1
120028;1
35190;1
15345;1
6041;1
15927;1
30162;1
408637;1
26182;1
50892;1
26882;1
401483;1
58807;1
38674;1
2236;1
6044;1
42630;1
22664;1
17868;1
105047;1
14086;1
48601;1
18256;1
432379;1
104703;1
106479;1
104780;1
27975;1
43594;1
130646;1
8846;1
130398;1
39565;1
6067;1
52391;1
420669;1
101584;1
408507;1
17618;1
18236;1
45447;1
103753;1
36445;1
38699;1
26220;1
11217;1
46248;1
300394;1
409653;1
404624;1
103679;1
322;1
238741;1
404302;1
10745;1
55227;1
50552;1
239730;1
133824;1
7897;1
60081;1
413823;1
58941;1
42098;1
38411;1
439408;1
21690;1
214060;1
9267;1
7433;1
47506;1
11531;1
441447;1
408515;1
28353;1
428232;1
26475;1
211300;1
400453;1
300039;1
41381;1
4639;1
214605;1
22628;1
35316;1
34524;1
15373;1
300515;1
20612;1
40179;1
238161;1
420585;1
425379;1
137306;1
12726;1
41490;1
37912;1
30394;1
2603;1
19638;1
40140;1
238649;1
131190;1
408602;1
105715;1
42540;1
20253;1
27621;1
746;1
30844;1
300366;1
214205;1
137416;1
105079;1
431501;1
28244;1
418747;1
26243;1
7954;1
122987;1
25512;1
101169;1
424897;1
24548;1
238345;1
2940;1
105518;1
44965;1
34857;1
34652;1
10083;1
19354;1
47308;1
27498;1
7924;1
300407;1
102590;1
408435;1
38993;1
100960;1
238557;1
415361;1
918;1
57023;1
422858;1
45553;1
16389;1
103907;1
9216;1
434563;1
35622;1
17959;1
18731;1
138398;1
435834;1
401914;1
42616;1
17705;1
16048;1
7639;1
2135;1
37813;1
12341;1
40202;1
24474;1
404599;1
27591;1
302029;1
127360;1
103435;1
445846;1
11153;1
51623;1
9123;1
21036;1
100496;1
239864;1
104763;1
232009;1
423220;1
131011;1
406691;1
18978;1
137325;1
100358;1
43987;1
25074;1
40712;1
40550;1
20258;1
5805;1
434983;1
23964;1
1188;1
42645;1
403923;1
105350;1
27609;1
23323;1
100571;1
35088;1
50904;1
50832;1
31496;1
25633;1
102419;1
21765;1
127644;1
4517;1
31690;1
130886;1
10774;1
27956;1
29920;1
211063;1
19229;1
434033;1
52917;1
34114;1
9396;1
236164;1
24450;1
37224;1
30583;1
1686;1
101714;1
417468;1
122205;1
27908;1
43673;1
43000;1
430905;1
236068;1
34706;1
102875;1
28670;1
52133;1
414163;1
138292;1
10058;1
4138;1
138917;1
22683;1
7226;1
1781;1
4189;1
4446;1
121383;1
15382;1
34845;1
36832;1
59513;1
43199;1
211414;1
407332;1
32673;1
7397;1
101896;1
104906;1
35267;1
40193;1
400952;1
52955;1
41910;1
22324;1
409529;1
32752;1
13257;1
104709;1
41135;1
408681;1
407249;1
438674;1
132440;1
39500;1
8266;1
30908;1
24174;1
445747;1
45658;1
47738;1
120817;1
100105;1
214852;1
5469;1
30996;1
11155;1
239667;1
414109;1
42890;1
420587;1
46105;1
417243;1
17544;1
31385;1
37121;1
409530;1
102392;1
4246;1
137694;1
33741;1
35529;1
4929;1
22880;1
23873;1
34848;1
26425;1
7336;1
239928;1
30576;1
661;1
122059;1
20402;1
411414;1
409005;1
45109;1
421909;1
402133;1
36540;1
121206;1
27102;1
45652;1
36850;1
55599;1
52405;1
292285;1
45356;1
9153;1
133700;1
444396;1
38476;1
651;1
11389;1
441804;1
138942;1
42163;1
12211;1
441958;1
25557;1
60479;1
26940;1
21666;1
137699;1
16137;1
405317;1
302081;1
42089;1
5398;1
424349;1
33724;1
59564;1
283144;1
1332;1
45573;1
20692;1
101493;1
439975;1
22301;1
238703;1
417259;1
422695;1
56559;1
12281;1
239436;1
14846;1
54853;1
6134;1
101864;1
40110;1
25034;1
22859;1
408042;1
41366;1
406517;1
408580;1
18100;1
41996;1
11509;1
137292;1
410622;1
19557;1
101328;1
23578;1
14128;1
14739;1
302375;1
2823;1
101405;1
982;1
45407;1
30028;1
28638;1
22295;1
5256;1
57372;1
1330;1
1826;1
45566;1
4482;1
20411;1
100852;1
20288;1
60057;1
46354;1
23459;1
438515;1
23814;1
402641;1
7696;1
130231;1
444191;1
45577;1
33663;1
120726;1
3943;1
51493;1
6751;1
428597;1
105193;1
19226;1
58283;1
200100;1
404350;1
120400;1
122306;1
236189;1
101187;1
45793;1
101766;1
214873;1
40449;1
214428;1
105668;1
238621;1
37838;1
12126;1
7277;1
48483;1
104366;1
48611;1
12606;1
415056;1
44611;1
28128;1
41773;1
40394;1
122119;1
414277;1
105866;1
103592;1
44995;1
10222;1
10075;1
51743;1
10544;1
443794;1
130768;1
9111;1
300063;1
232211;1
290;1
37166;1
300396;1
238223;1
234001;1
45346;1
47328;1
8233;1
238472;1
238870;1
426691;1
104150;1
423047;1
11390;1
51070;1
27425;1
4969;1
35819;1
19013;1
402117;1
45932;1
2326;1
38249;1
32718;1
37376;1
29584;1
27983;1
15083;1
31023;1
12981;1
105154;1
37582;1
58789;1
38560;1
9884;1
428367;1
10743;1
12542;1
440275;1
27616;1
38510;1
35042;1
417798;1
120640;1
46480;1
103903;1
32641;1
34241;1
239462;1
432319;1
53484;1
2095;1
4663;1
4242;1
34709;1
15466;1
36517;1
19799;1
438542;1
400115;1
48088;1
411118;1
47219;1
46062;1
437977;1
13345;1
3014;1
23731;1
101513;1
17593;1
130997;1
283177;1
9600;1
137414;1
14712;1
55247;1
100674;1
32365;1
100490;1
102014;1
55046;1
102664;1
3452;1
400039;1
37248;1
21422;1
20015;1
401892;1
35217;1
7792;1
57773;1
300262;1
17347;1
417778;1
2590;1
14090;1
5496;1
26837;1
434565;1
1085;1
11143;1
42248;1
42520;1
239904;1
211012;1
20392;1
433687;1
11108;1
400320;1
400777;1
21467;1
105144;1
48574;1
44646;1
426268;1
46730;1
408742;1
56517;1
295034;1
433401;1
101525;1
52657;1
9895;1
15182;1
7249;1
4960;1
38060;1
420368;1
16302;1
426104;1
36349;1
30010;1
8570;1
35573;1
133892;1
36673;1
21119;1
104354;1
41934;1
302092;1
34207;1
10139;1
402892;1
46532;1
214439;1
44612;1
7186;1
33601;1
21083;1
44639;1
2026;1
102447;1
100598;1
200029;1
10318;1
45958;1
36729;1
17241;1
402746;1
34095;1
44890;1
21372;1
100449;1
422023;1
24366;1
41862;1
5897;1
134247;1
53871;1
30624;1
292274;1
20032;1
33836;1
21019;1
3799;1
400087;1
41764;1
36416;1
422733;1
56756;1
239289;1
22769;1
26520;1
16917;1
414702;1
10955;1
28897;1
38696;1
104737;1
437944;1
9871;1
619;1
51095;1
432081;1
102165;1
30761;1
14228;1
105049;1
102377;1
424790;1
42327;1
28341;1
44174;1
38745;1
30793;1
21211;1
38806;1
7374;1
103854;1
11093;1
401293;1
103411;1
34055;1
51825;1
32248;1
435346;1
6646;1
13786;1
45967;1
7303;1
100737;1
100864;1
28491;1
10666;1
1903;1
400725;1
422878;1
17995;1
100347;1
32822;1
56070;1
32346;1
238024;1
3706;1
403451;1
421083;1
433512;1
38457;1
10632;1
39054;1
30449;1
42894;1
30941;1
5440;1
23798;1
302344;1
232035;1
39759;1
102855;1
102499;1
417750;1
239747;1
35143;1
33715;1
41444;1
402386;1
45013;1
19014;1
434527;1
414330;1
420932;1
48890;1
5950;1
29597;1
401890;1
130533;1
441862;1
40581;1
37749;1
412397;1
137184;1
15616;1
127345;1
24007;1
103154;1
10880;1
400988;1
15352;1
105965;1
10985;1
421812;1
283173;1
43359;1
417528;1
11593;1
29707;1
39984;1
11597;1
437057;1
31468;1
54941;1
103518;1
120630;1
214250;1
30176;1
425649;1
833;1
26394;1
40680;1
12582;1
57174;1
100954;1
40060;1
101032;1
59631;1
101753;1
54450;1
851;1
445757;1
23329;1
5402;1
29032;1
52752;1
17178;1
57611;1
51101;1
32349;1
43434;1
39722;1
42803;1
418390;1
409156;1
120405;1
24504;1
101207;1
409721;1
11022;1
104736;1
300180;1
214925;1
120457;1
17703;1
25;1
238310;1
101847;1
32072;1
17395;1
39250;1
465;1
402916;1
14302;1
14319;1
52166;1
408761;1
51381;1
130696;1
30292;1
42523;1
404476;1
13360;1
102255;1
428599;1
17862;1
24597;1
13037;1
43257;1
104972;1
19814;1
58436;1
47410;1
214545;1
238327;1
121014;1
23069;1
20337;1
302372;1
26544;1
414236;1
423852;1
128211;1
23592;1
418991;1
32096;1
436037;1
19139;1
5353;1
4120;1
32569;1
27276;1
130916;1
29318;1
7373;1
34189;1
31097;1
36058;1
302166;1
440951;1
424156;1
14961;1
214079;1
130601;1
410991;1
3805;1
53109;1
138959;1
29607;1
104528;1
122224;1
405393;1
37568;1
34156;1
444492;1
214971;1
33208;1
59622;1
44945;1
9535;1
41399;1
101527;1
27924;1
420372;1
103126;1
411388;1
52365;1
45584;1
411300;1
40072;1
5939;1
33180;1
421552;1
27562;1
19080;1
48122;1
25835;1
20154;1
37323;1
409881;1
409315;1
16544;1
32428;1
6238;1
28503;1
18566;1
47165;1
105675;1
24056;1
439021;1
11660;1
3811;1
133890;1
30015;1
28748;1
410584;1
44020;1
105101;1
421353;1
29188;1
59675;1
10020;1
40420;1
105895;1
35863;1
428041;1
45387;1
963;1
19096;1
120088;1
101094;1
28533;1
102166;1
105796;1
104828;1
44370;1
48255;1
6522;1
425451;1
32768;1
44653;1
3779;1
292034;1
200075;1
391;1
13234;1
21741;1
4910;1
105104;1
137295;1
253010;1
27723;1
100802;1
407373;1
236017;1
106461;1
25346;1
44358;1
27053;1
43519;1
34836;1
403994;1
100882;1
133702;1
104299;1
422651;1
44049;1
11386;1
440305;1
14473;1
10105;1
13922;1
239995;1
48145;1
6619;1
214974;1
501;1
45928;1
55130;1
239286;1
409848;1
211002;1
104956;1
25166;1
57072;1
39021;1
10171;1
214565;1
45821;1
43383;1
28632;1
32663;1
37430;1
850;1
24939;1
57215;1
58406;1
103087;1
123245;1
302226;1
443976;1
439031;1
400555;1
42497;1
9515;1
100209;1
20691;1
42532;1
101788;1
3570;1
214048;1
104444;1
13477;1
232028;1
238503;1
29593;1
10087;1
48151;1
214875;1
105413;1
5662;1
102176;1
30843;1
137528;1
10726;1
410897;1
137152;1
46173;1
103517;1
101805;1
47925;1
106333;1
41824;1
39037;1
1866;1
42852;1
58589;1
441816;1
12833;1
12719;1
45054;1
48429;1
431077;1
7968;1
13461;1
2839;1
415042;1
40100;1
2218;1
300159;1
444390;1
9881;1
431616;1
414222;1
402606;1
31292;1
19768;1
104205;1
414353;1
300408;1
123234;1
42283;1
300300;1
41291;1
3;1
105993;1
103618;1
25132;1
22373;1
437601;1
58564;1
6201;1
29626;1
127357;1
39782;1
104458;1
2904;1
15507;1
402820;1
27162;1
220002;1
12842;1
34938;1
416053;1
18563;1
425361;1
3099;1
238078;1
25765;1
26400;1
232157;1
26321;1
411325;1
12708;1
432751;1
47565;1
103995;1
13485;1
43552;1
2597;1
2967;1
120665;1
13743;1
407070;1
414241;1
7377;1
426913;1
15920;1
20586;1
302365;1
30402;1
35901;1
7838;1
14152;1
238414;1
401715;1
24562;1
33857;1
418839;1
59645;1
29658;1
47182;1
25928;1
30023;1
15868;1
8730;1
18668;1
25064;1
411195;1
138420;1
100663;1
104494;1
36935;1
38559;1
302141;1
34792;1
20689;1
52004;1
43265;1
2969;1
104571;1
403491;1
40220;1
443980;1
26796;1
59794;1
5915;1
18082;1
10972;1
402859;1
421516;1
22323;1
122003;1
436090;1
26740;1
17951;1
404679;1
32770;1
403252;1
16843;1
10839;1
300336;1
418487;1
100855;1
37990;1
26432;1
58346;1
419744;1
106674;1
17840;1
130707;1
17306;1
48310;1
37386;1
14931;1
5795;1
100518;1
27070;1
51859;1
37812;1
27744;1
421858;1
105920;1
17776;1
18049;1
53103;1
10649;1
5408;1
22666;1
238021;1
25342;1
211368;1
405897;1
9513;1
130798;1
22107;1
43694;1
8332;1
7904;1
54263;1
15236;1
40622;1
102379;1
40519;1
45517;1
44673;1
41220;1
19769;1
407018;1
36087;1
23504;1
12804;1
402849;1
16045;1
32844;1
238708;1
100427;1
51418;1
438967;1
120811;1
45461;1
100897;1
26907;1
21188;1
28195;1
12283;1
37676;1
43363;1
3126;1
43076;1
402406;1
33954;1
103545;1
25982;1
440349;1
2583;1
14553;1
409694;1
32273;1
1849;1
102809;1
2549;1
102151;1
3597;1
300307;1
214361;1
29469;1
211228;1
17249;1
52062;1
406531;1
54193;1
411354;1
1871;1
136073;1
11926;1
3063;1
48824;1
440154;1
431710;1
421862;1
29595;1
54541;1
437541;1
426766;1
26703;1
54724;1
130626;1
200020;1
442338;1
130988;1
58959;1
2195;1
5015;1
429551;1
7690;1
30055;1
43335;1
20867;1
3399;1
1154;1
36522;1
36261;1
20017;1
12379;1
7906;1
11077;1
421472;1
56290;1
26501;1
423608;1
21994;1
14336;1
104741;1
440990;1
7925;1
22990;1
37270;1
15848;1
138404;1
16841;1
300055;1
45120;1
400903;1
102213;1
35571;1
2899;1
40385;1
36136;1
121388;1
425659;1
402011;1
28829;1
102313;1
57496;1
11810;1
35295;1
59190;1
122312;1
120447;1
1556;1
6490;1
39123;1
35110;1
5926;1
130839;1
10513;1
409690;1
20589;1
37679;1
59001;1
214053;1
36663;1
103909;1
35670;1
9182;1
55317;1
54565;1
29483;1
120392;1
230005;1
11471;1
20201;1
232044;1
34700;1
41120;1
18374;1
6422;1
44853;1
28936;1
408683;1
13673;1
103366;1
100474;1
6712;1
403949;1
105004;1
409386;1
442645;1
425016;1
408202;1
23489;1
422806;1
419618;1
422527;1
22771;1
29954;1
35626;1
103733;1
239257;1
16834;1
302382;1
214221;1
31563;1
414626;1
232;1
406972;1
32467;1
30835;1
27454;1
439023;1
211239;1
24161;1
20823;1
55235;1
52826;1
38062;1
28603;1
239225;1
430925;1
48183;1
404671;1
41110;1
428274;1
102197;1
31060;1
19504;1
45542;1
15632;1
138305;1
434648;1
438590;1
30916;1
6822;1
417712;1
19363;1
433151;1
302435;1
238148;1
8737;1
33804;1
102444;1
57983;1
47394;1
14316;1
104480;1
120813;1
19058;1
47701;1
103501;1
238311;1
7414;1
439815;1
51829;1
405082;1
34689;1
1901;1
37798;1
1884;1
39035;1
29708;1
408588;1
435389;1
441060;1
211021;1
365;1
53306;1
101117;1
122040;1
5313;1
8921;1
239900;1
58855;1
22394;1
137;1
214901;1
411181;1
238657;1
292200;1
46257;1
407527;1
9887;1
59192;1
105477;1
54898;1
41763;1
406399;1
436389;1
55147;1
56999;1
12871;1
18187;1
445066;1
411756;1
434637;1
5571;1
24260;1
50907;1
43433;1
433543;1
411145;1
12428;1
9882;1
6413;1
406785;1
40496;1
102573;1
37002;1
51015;1
35090;1
23614;1
3402;1
37338;1
35810;1
22879;1
401719;1
138700;1
52437;1
102858;1
28688;1
25260;1
238277;1
59708;1
56224;1
12913;1
1366;1
13845;1
35869;1
10060;1
60166;1
298035;1
4765;1
51776;1
100544;1
6049;1
239632;1
46959;1
4175;1
238322;1
415097;1
407569;1
424807;1
20247;1
2657;1
408466;1
438076;1
59838;1
21390;1
17651;1
1637;1
239428;1
101553;1
423088;1
138481;1
420463;1
26771;1
20183;1
38347;1
27937;1
409953;1
442939;1
35402;1
33751;1
102230;1
40155;1
300530;1
413276;1
50409;1
17408;1
4357;1
4144;1
106891;1
103222;1
60079;1
466;1
4128;1
40890;1
35512;1
13174;1
252020;1
10562;1
39165;1
252050;1
36543;1
26310;1
40540;1
30560;1
10259;1
440323;1
404006;1
238239;1
103603;1
16280;1
7673;1
21163;1
239316;1
407451;1
413649;1
8162;1
38798;1
25818;1
411516;1
52227;1
421765;1
32530;1
22364;1
17558;1
31199;1
50229;1
11914;1
52655;1
46335;1
130501;1
40817;1
45887;1
43805;1
9748;1
130728;1
214731;1
22779;1
51766;1
417656;1
36679;1
445811;1
8161;1
300267;1
59943;1
100658;1
11030;1
23267;1
548;1
28469;1
22009;1
26617;1
101004;1
40325;1
27321;1
239263;1
101578;1
101196;1
17740;1
2849;1
1276;1
302139;1
104847;1
28139;1
24887;1
405389;1
17942;1
24543;1
34898;1
101534;1
33236;1
51966;1
214356;1
22815;1
5641;1
408266;1
25393;1
57184;1
31596;1
2170;1
58338;1
17999;1
48090;1
59997;1
211071;1
44210;1
401310;1
5879;1
2415;1
49990;1
103888;1
19781;1
34773;1
102844;1
238789;1
27415;1
401;1
37307;1
16281;1
34545;1
19022;1
101010;1
36388;1
1483;1
29897;1
130572;1
417832;1
21237;1
17256;1
3649;1
127754;1
36587;1
15063;1
49792;1
1110;1
17274;1
40699;1
32088;1
3640;1
405843;1
220029;1
22744;1
102489;1
7133;1
9184;1
18927;1
401236;1
48875;1
17054;1
300144;1
27047;1
401953;1
21075;1
130499;1
401128;1
30454;1
105015;1
30065;1
56268;1
411276;1
59275;1
35806;1
42959;1
45191;1
39713;1
15883;1
2383;1
27156;1
300194;1
8130;1
55894;1
34640;1
292247;1
24259;1
54963;1
56730;1
402083;1
404896;1
9457;1
46597;1
101986;1
40674;1
12561;1
51013;1
21302;1
403487;1
437371;1
17648;1
412427;1
130372;1
37680;1
37234;1
29388;1
414677;1
40265;1
43655;1
19272;1
19471;1
59124;1
36034;1
102051;1
19323;1
405445;1
43140;1
122250;1
54894;1
404247;1
22469;1
443057;1
21839;1
4311;1
102511;1
15172;1
424206;1
4011;1
8316;1
24035;1
60237;1
20088;1
17541;1
434688;1
3459;1
32888;1
28087;1
29077;1
100745;1
302057;1
130853;1
6166;1
427513;1
405223;1
32606;1
200030;1
4275;1
214352;1
292264;1
28571;1
407172;1
43235;1
44190;1
12029;1
104341;1
29370;1
54815;1
44330;1
38652;1
39322;1
9845;1
29709;1
40015;1
11168;1
238076;1
15551;1
106139;1
100794;1
120729;1
41541;1
101711;1
9406;1
130870;1
300365;1
292168;1
101109;1
55661;1
444466;1
414407;1
102717;1
24394;1
105789;1
33055;1
3691;1
239176;1
55377;1
36690;1
6679;1
38372;1
11908;1
445669;1
418432;1
407713;1
41965;1
32180;1
20832;1
402086;1
211102;1
7628;1
55197;1
37289;1
24604;1
22356;1
8774;1
41904;1
51210;1
12050;1
414361;1
13177;1
29246;1
8899;1
45046;1
105293;1
43151;1
18325;1
58550;1
20283;1
55978;1
106429;1
25368;1
49498;1
106031;1
19848;1
28474;1
239881;1
214757;1
8857;1
105276;1
292081;1
403712;1
55221;1
30801;1
18552;1
56419;1
20467;1
407631;1
20531;1
28775;1
37707;1
34012;1
106410;1
300038;1
8914;1
405509;1
27846;1
27994;1
20296;1
417577;1
36465;1
12593;1
100537;1
47801;1
48831;1
239080;1
37207;1
28613;1
38586;1
4604;1
439685;1
418925;1
38551;1
49125;1
24121;1
38857;1
102970;1
126856;1
439575;1
432140;1
211392;1
419156;1
401409;1
2847;1
15871;1
428347;1
19628;1
30067;1
12840;1
14812;1
13998;1
100588;1
40201;1
9746;1
44285;1
40613;1
55256;1
3228;1
407675;1
57960;1
39009;1
38059;1
19130;1
36080;1
425855;1
101112;1
6432;1
24335;1
435447;1
32408;1
5925;1
43783;1
17917;1
302188;1
238226;1
28094;1
137242;1
410299;1
47601;1
421654;1
34744;1
26608;1
302310;1
214576;1
28804;1
421682;1
43091;1
230009;1
2141;1
22032;1
24000;1
56209;1
214549;1
138390;1
433780;1
8165;1
214620;1
37429;1
400759;1
12977;1
7719;1
138855;1
41228;1
300118;1
444404;1
59712;1
431900;1
22575;1
408617;1
103080;1
28937;1
29759;1
55605;1
36601;1
401646;1
43532;1
122967;1
9787;1
17419;1
132892;1
8094;1
130863;1
214441;1
437901;1
100375;1
16706;1
102692;1
45863;1
403089;1
3708;1
27836;1
48100;1
12496;1
52094;1
29736;1
22375;1
428472;1
128187;1
7405;1
54765;1
41073;1
283120;1
34385;1
104545;1
23701;1
36994;1
418947;1
436178;1
211014;1
44859;1
36503;1
52979;1
31200;1
123236;1
444942;1
59406;1
40762;1
103785;1
49023;1
49271;1
40209;1
14864;1
409730;1
2589;1
38576;1
400662;1
3888;1
45102;1
31321;1
38514;1
43547;1
45394;1
103893;1
9898;1
100795;1
39938;1
47793;1
57867;1
34396;1
214399;1
46489;1
23527;1
34166;1
55708;1
422043;1
400666;1
29095;1
10144;1
425082;1
44661;1
8422;1
417786;1
406986;1
426316;1
5000;1
102171;1
130785;1
42007;1
31713;1
36108;1
43471;1
45860;1
3510;1
570;1
239644;1
1014;1
414273;1
7004;1
426975;1
411003;1
433111;1
436051;1
439901;1
411092;1
432723;1
426346;1
438180;1
420190;1
432291;1
420310;1
410312;1
445643;1
413677;1
430501;1
409605;1
428200;1
430247;1
422941;1
439615;1
417366;1
419388;1
425229;1
444990;1
423643;1
437268;1
423904;1
444291;1
432767;1
421117;1
439597;1
423186;1
444430;1
421979;1
410497;1
423202;1
445162;1
405309;1
419888;1
441395;1
440251;1
413804;1
440795;1
435670;1
443440;1
443399;1
437455;1
444916;1
417940;1
416560;1
425752;1
437304;1
403770;1
432174;1
410496;1
426368;1
418781;1
412060;1
421278;1
414114;1
444996;1
418079;1
444800;1
405702;1
406711;1
405916;1
404620;1
425343;1
430357;1
437665;1
427614;1
419236;1
432661;1
438325;1
426282;1
445633;1
442663;1
420028;1
426022;1
438574;1
420671;1
445074;1
436081;1
445581;1
445319;1
431173;1
434044;1
426495;1
428704;1
415059;1
430389;1
418229;1
412379;1
432177;1
437557;1
413488;1
432620;1
416031;1
439475;1
438999;1
430589;1
106386;1
436337;1
422013;1
417952;1
442875;1
428051;1
425255;1
427760;1
441940;1
404533;1
425265;1
442385;1
427185;1
418149;1
423675;1
445357;1
425577;1
404749;1
441594;1
440627;1
430559;1
433607;1
414837;1
419240;1
418292;1
431389;1
429261;1
403937;1
426999;1
408479;1
425506;1
440621;1
423785;1
430968;1
420872;1
416926;1
417010;1
428077;1
432765;1
439015;1
412295;1
401046;1
414716;1
441632;1
427437;1
443720;1
437409;1
429137;1
430029;1
420100;1
433086;1
420951;1
427051;1
423315;1
425750;1
412676;1
403617;1
419550;1
427145;1
439723;1
424557;1
414566;1
437031;1
423059;1
436483;1
432991;1
421498;1
445335;1
426183;1
431271;1
432003;1
423337;1
430622;1
440217;1
437027;1
417922;1
416732;1
433997;1
425771;1
422547;1
424695;1
420994;1
425596;1
435772;1
444081;1
410177;1
420070;1
418055;1
405954;1
400864;1
413770;1
428457;1
445821;1
425863;1
424959;1
400924;1
424583;1
425728;1
443252;1
415021;1
400837;1
436077;1
429308;1
431428;1
433326;1
407887;1
435987;1
426205;1
419256;1
435373;1
412166;1
410333;1
435496;1
427191;1
444736;1
413335;1
413421;1
55327;1
445567;1
418027;1
430410;1
423522;1
435645;1
435618;1
411813;1
100198;1
433875;1
415663;1
445695;1
416089;1
435718;1
409012;1
403881;1
433844;1
405712;1
443357;1
414356;1
432725;1
433792;1
437690;1
416045;1
415825;1
408146;1
418609;1
420424;1
438758;1
430612;1
421985;1
420969;1
445819;1
414529;1
433571;1
420659;1
405578;1
411348;1
442857;1
412251;1
100191;1
416898;1
430311;1
417864;1
426497;1
438572;1
439453;1
441640;1
416760;1
438576;1
430509;1
442151;1
404109;1
428774;1
436559;1
425891;1
426390;1
416650;1
412596;1
413395;1
415446;1
431145;1
439218;1
412010;1
435806;1
412066;1
418157;1
435505;1
442163;1
433545;1
408268;1
412119;1
421133;1
444075;1
442851;1
429499;1
436214;1
418793;1
443409;1
405889;1
419290;1
438367;1
423376;1
441924;1
429900;1
442531;1
438531;1
416444;1
430970;1
420681;1
439549;1
445190;1
426639;1
431821;1
436499;1
424164;1
426643;1
441413;1
424652;1
401000;1
441050;1
440599;1
424044;1
432448;1
441586;1
431043;1
439336;1
423269;1
425293;1
428004;1
433979;1
419538;1
445953;1
439350;1
442149;1
413357;1
431016;1
438413;1
432996;1
434686;1
417364;1
440595;1
445401;1
433925;1
423370;1
417276;1
437232;1
435304;1
411481;1
443395;1
411977;1
423737;1
430174;1
430050;1
444722;1
433210;1
422119;1
414875;1
440485;1
264002;1
442036;1
440027;1
413351;1
425633;1
416784;1
415403;1
441543;1
429173;1
419354;1
438906;1
425927;1
415768;1
417106;1
443266;1
409572;1
410232;1
445661;1
425365;1
439399;1
428063;1
442716;1
425233;1
439911;1
426780;1
435238;1
404929;1
435764;1
429364;1
425029;1
434668;1
443543;1
435936;1
413367;1
412672;1
441566;1
427889;1
422437;1
443270;1
444994;1
403489;1
438458;1
441136;1
442383;1
438470;1
407885;1
410250;1
432651;1
414171;1
441427;1
442312;1
438321;1
424116;1
416880;1
407873;1
433836;1
441535;1
420953;1
437562;1
441686;1
442889;1
428615;1
425963;1
407205;1
432953;1
425092;1
439555;1
419288;1
431984;1
431668;1
416384;1
415458;1
441194;1
444554;1
443570;1
138496;1
410068;1
432920;1
434682;1
419602;1
418107;1
442849;1
427855;1
440985;1
417100;1
426995;1
420150;1
423384;1
435830;1
416878;1
439045;1
436650;1
439629;1
442010;1
413189;1
401048;1
413417;1
429038;1
437645;1
442318;1
440539;1
438586;1
423528;1
412356;1
433669;1
416604;1
428972;1
431854;1
433159;1
415154;1
435283;1
433832;1
428453;1
422894;1
434065;1
429501;1
428329;1
405940;1
444786;1
442873;1
429020;1
436547;1
413542;1
432679;1
445046;1
441168;1
425139;1
441383;1
441756;1
417910;1
414185;1
408710;1
416221;1
442529;1
428664;1
439663;1
426629;1
400905;1
404052;1
417386;1
413784;1
432592;1
430449;1
440457;1
430481;1
445719;1
436791;1
435121;1
426038;1
404803;1
441375;1
427533;1
403810;1
433192;1
438226;1
440639;1
419968;1
415013;1
432548;1
437332;1
423067;1
419274;1
412465;1
441497;1
428903;1
445601;1
415358;1
425877;1
434448;1
427859;1
401314;1
408488;1
410169;1
423182;1
422449;1
445272;1
430677;1
445809;1
422419;1
413559;1
437853;1
413121;1
413577;1
415542;1
416481;1
445689;1
413221;1
444910;1
437310;1
431487;1
438634;1
438819;1
413152;1
426770;1
414902;1
437613;1
442133;1
437266;1
431514;1
420386;1
436481;1
407943;1
429114;1
417022;1
436841;1
439060;1
445483;1
419268;1
426439;1
417948;1
424519;1
445042;1
428998;1
425915;1
414712;1
424543;1
430303;1
423892;1
431733;1
426161;1
431777;1
427569;1
435427;1
435059;1
412594;1
432779;1
439657;1
431956;1
436868;1
424605;1
413605;1
436297;1
435530;1
416694;1
425773;1
416310;1
439877;1
413347;1
413780;1
410379;1
440090;1
413451;1
413127;1
435999;1
424330;1
428291;1
421301;1
434046;1
415774;1
408780;1
441479;1
429289;1
442495;1
425096;1
444018;1
445993;1
425227;1
439473;1
409544;1
416467;1
424551;1
415246;1
422931;1
433068;1
443545;1
435105;1
429344;1
428555;1
415477;1
445917;1
438517;1
437102;1
436874;1
430217;1
416922;1
439639;1
412708;1
440799;1
422679;1
430073;1
430573;1
410845;1
425363;1
423198;1
414324;1
422147;1
402565;1
410812;1
404132;1
431718;1
425941;1
425572;1
419420;1
439332;1
440929;1
446005;1
425839;1
419534;1
430271;1
410492;1
432456;1
435586;1
416856;1
420052;1
438379;1
444748;1
433981;1
439903;1
435625;1
434059;1
411329;1
426308;1
439395;1
425801;1
444834;1
420901;1
421417;1
405483;1
419352;1
431286;1
426153;1
419520;1
445833;1
442087;1
438519;1
434026;1
442421;1
238102;1
444145;1
432191;1
416317;1
440635;1
435169;1
416840;1
439271;1
435236;1
421965;1
419660;1
417852;1
439526;1
444984;1
430155;1
437308;1
400431;1
435756;1
421129;1
419366;1
445559;1
417470;1
413091;1
410022;1
432115;1
413567;1
437136;1
430535;1
445206;1
412255;1
427612;1
414852;1
422939;1
442346;1
433617;1
408732;1
425031;1
437827;1
428252;1
432325;1
428656;1
420112;1
431296;1
438450;1
426601;1
420905;1
429285;1
423697;1
412700;1
427899;1
415702;1
416934;1
428980;1
421357;1
439885;1
411835;1
428623;1
411822;1
416908;1
407095;1
445082;1
411160;1
421340;1
430089;1
444085;1
405354;1
433923;1
423172;1
440959;1
417876;1
106381;1
421255;1
443696;1
443158;1
412650;1
39738;1
421173;1
444020;1
421259;1
426047;1
440471;1
424005;1
436209;1
430209;1
438456;1
437716;1
425397;1
415494;1
423240;1
417046;1
410248;1
412290;1
440110;1
423976;1
421022;1
405343;1
424332;1
423472;1
415861;1
420108;1
432442;1
422121;1
424701;1
410363;1
438270;1
405068;1
445925;1
432645;1
433597;1
420971;1
417016;1
412353;1
433351;1
442220;1
441642;1
416537;1
425530;1
438333;1
413645;1
403972;1
412633;1
415621;1
436315;1
417152;1
415216;1
425898;1
445399;1
411969;1
419286;1
445471;1
429057;1
436286;1
421359;1
439535;1
427487;1
420306;1
433324;1
433919;1
445475;1
410467;1
407939;1
442761;1
442777;1
443268;1
411386;1
424396;1
423731;1
441054;1
405363;1
414473;1
430099;1
417850;1
426081;1
444056;1
418599;1
434167;1
423372;1
441208;1
428305;1
416516;1
427688;1
443722;1
439763;1
431704;1
404535;1
426519;1
415352;1
422131;1
435882;1
426662;1
413790;1
426169;1
436757;1
429116;1
430575;1
427375;1
442499;1
414577;1
442620;1
443622;1
429281;1
436311;1
423955;1
403469;1
417110;1
432418;1
426348;1
442708;1
410256;1
435582;1
423462;1
444446;1
435395;1
429788;1
433553;1
435271;1
415115;1
404701;1
437209;1
413139;1
444050;1
415336;1
429000;1
444890;1
445318;1
428389;1
410908;1
424693;1
412590;1
56649;1
442165;1
441692;1
444766;1
425627;1
420159;1
415736;1
444014;1
410921;1
436680;1
438513;1
445200;1
434434;1
432440;1
413123;1
428395;1
405451;1
436501;1
432280;1
414646;1
421153;1
416752;1
405469;1
408275;1
426405;1
434944;1
413575;1
436452;1
435520;1
431379;1
435242;1
425609;1
438468;1
428684;1
444536;1
431087;1
416010;1
411879;1
427475;1
425199;1
444908;1
442129;1
431091;1
420284;1
416023;1
444097;1
430632;1
431708;1
410532;1
435602;1
432454;1
426991;1
429118;1
441048;1
433635;1
411994;1
412741;1
433119;1
420175;1
436503;1
444874;1
416105;1
410130;1
415649;1
414459;1
444572;1
424654;1
425538;1
416682;1
443537;1
425147;1
425035;1
441202;1
445965;1
423289;1
432170;1
426100;1
438602;1
420440;1
415407;1
435630;1
416440;1
432334;1
429782;1
428303;1
421052;1
431894;1
424317;1
429910;1
404885;1
420034;1
415754;1
437615;1
416842;1
443007;1
432849;1
436799;1
427707;1
411931;1
435514;1
438438;1
412024;1
421494;1
426651;1
422935;1
412020;1
412218;1
421804;1
431584;1
444676;1
438717;1
408746;1
427871;1
424607;1
421408;1
425025;1
431167;1
419143;1
426310;1
426731;1
430610;1
442016;1
424634;1
438148;1
427433;1
438904;1
416684;1
443636;1
419368;1
428164;1
426292;1
414347;1
434194;1
432922;1
429884;1
433989;1
444552;1
439316;1
425080;1
438351;1
416892;1
429063;1
436079;1
416796;1
432364;1
434438;1
430003;1
437439;1
437560;1
420990;1
435159;1
401060;1
423884;1
429145;1
445114;1
438993;1
416035;1
431442;1
439206;1
411144;1
439124;1
405785;1
414762;1
440661;1
435614;1
420340;1
417062;1
421185;1
435269;1
417968;1
436553;1
438343;1
424336;1
433848;1
433408;1
415220;1
421411;1
437659;1
416101;1
428441;1
437631;1
421326;1
420943;1
1199;1
404366;1
433595;1
443288;1
441551;1
426812;1
433952;1
424198;1
416910;1
428762;1
415637;1
436365;1
427588;1
417026;1
414974;1
410371;1
437350;1
415688;1
445897;1
425653;1
410072;1
410185;1
430245;1
264014;1
433814;1
428317;1
432168;1
443222;1
436278;1
418195;1
407108;1
413391;1
425269;1
445270;1
425271;1
443478;1
434969;1
436211;1
425504;1
421977;1
437859;1
415222;1
440114;1
425714;1
436207;1
439449;1
408250;1
422421;1
432460;1
410287;1
423735;1
435117;1
425090;1
435868;1
411901;1
409558;1
427553;1
412030;1
424925;1
419464;1
52565;1
414527;1
423349;1
415607;1
423870;1
440080;1
441758;1
418286;1
444079;1
439635;1
412197;1
445881;1
428932;1
432873;1
438387;1
433933;1
441362;1
440597;1
423980;1
413786;1
445234;1
410643;1
425182;1
56638;1
407941;1
425961;1
428451;1
414568;1
410505;1
419364;1
428505;1
415176;1
45910;1
405746;1
417894;1
427404;1
437694;1
424535;1
416716;1
438606;1
424368;1
445302;1
443511;1
56647;1
411485;1
100174;1
428319;1
416986;1
414587;1
415954;1
422693;1
443254;1
432214;1
427029;1
428940;1
432295;1
442631;1
430035;1
410327;1
429473;1
429010;1
404076;1
439767;1
416698;1
437413;1
401104;1
445246;1
426849;1
436431;1
420127;1
438592;1
445635;1
405128;1
419446;1
443321;1
420144;1
410574;1
410229;1
445056;1
437823;1
414582;1
419894;1
416734;1
435584;1
412278;1
413736;1
411824;1
441174;1
441379;1
439647;1
410566;1
432998;1
437847;1
415635;1
427249;1
441890;1
415597;1
446003;1
438570;1
436059;1
443415;1
415146;1
440983;1
436603;1
414118;1
439176;1
420846;1
432103;1
405225;1
445735;1
419400;1
431288;1
415322;1
434183;1
404618;1
425744;1
426098;1
416588;1
445927;1
437042;1
436781;1
436759;1
422451;1
437598;1
414831;1
427087;1
431357;1
425581;1
442592;1
432388;1
412107;1
423745;1
426028;1
415152;1
425106;1
438794;1
419542;1
444842;1
441928;1
414595;1
433366;1
435137;1
443011;1
406423;1
424421;1
430691;1
443367;1
432889;1
412682;1
445509;1
416998;1
416958;1
424571;1
414772;1
442651;1
437459;1
435139;1
58415;1
444632;1
440057;1
405752;1
443460;1
419466;1
432667;1
436632;1
415390;1
401078;1
424436;1
441046;1
431133;1
442425;1
411941;1
415924;1
419508;1
412069;1
434977;1
400055;1
444814;1
441204;1
420186;1
431058;1
435667;1
422675;1
428738;1
423012;1
443067;1
445645;1
439891;1
413603;1
426370;1
445347;1
439917;1
443557;1
428942;1
424521;1
421054;1
427865;1
412062;1
403367;1
424674;1
428299;1
441471;1
405175;1
418095;1
443017;1
418769;1
429399;1
419738;1
430414;1
435915;1
439293;1
415533;1
427143;1
443423;1
413641;1
440255;1
423729;1
410194;1
413778;1
442467;1
417322;1
416962;1
416862;1
441256;1
435407;1
416656;1
415409;1
434048;1
423301;1
430591;1
441156;1
402449;1
437651;1
440088;1
433786;1
436587;1
439506;1
424661;1
445451;1
443134;1
425359;1
410959;1
100121;1
423196;1
444626;1
423749;1
432400;1
445463;1
445929;1
430041;1
436551;1
441616;1
411647;1
433555;1
437734;1
437286;1
400841;1
424507;1
419230;1
425813;1
425488;1
410345;1
425989;1
445739;1
432402;1
444591;1
439633;1
415692;1
436899;1
437767;1
445779;1
437819;1
444105;1
415940;1
45446;1
426419;1
433105;1
411917;1
427937;1
417144;1
426977;1
424642;1
439783;1
415356;1
416950;1
443724;1
443630;1
424319;1
444640;1
411503;1
419458;1
425118;1
439641;1
439401;1
415742;1
421087;1
442032;1
411553;1
428387;1
421351;1
425309;1
417348;1
427102;1
435610;1
435265;1
445675;1
442933;1
437803;1
414979;1
440429;1
434011;1
409619;1
427507;1
431491;1
426382;1
409503;1
424589;1
417902;1
428487;1
417209;1
408196;1
431300;1
440059;1
29082;1
411583;1
422015;1
425534;1
432946;1
441662;1
431165;1
416424;1
445543;1
407881;1
435554;1
58638;1
425367;1
424527;1
436777;1
435369;1
437509;1
436061;1
422455;1
427772;1
435295;1
431467;1
442328;1
434432;1
440102;1
431035;1
437342;1
423763;1
434073;1
426407;1
433645;1
442702;1
424429;1
416426;1
431863;1
427709;1
410190;1
436543;1
435977;1
436419;1
410558;1
411877;1
439393;1
418807;1
426417;1
411869;1
441531;1
431328;1
411875;1
410461;1
416337;1
431829;1
430001;1
425211;1
421249;1
426853;1
405370;1
426463;1
440641;1
431351;1
425568;1
444032;1
409099;1
433263;1
415107;1
413541;1
432669;1
423323;1
442246;1
423825;1
442727;1
441590;1
445969;1
437775;1
442157;1
435569;1
433822;1
436355;1
441233;1
437443;1
413435;1
420988;1
417126;1
424050;1
419698;1
408485;1
439128;1
264006;1
429255;1
416396;1
436236;1
437021;1
440071;1
425937;1
416686;1
441948;1
425799;1
421089;1
400501;1
433723;1
421221;1
445421;1
439342;1
427982;1
444534;1
433255;1
435766;1
401102;1
442957;1
438341;1
430445;1
404978;1
434674;1
431012;1
413531;1
439751;1
438784;1
428008;1
437671;1
416792;1
445703;1
416868;1
436032;1
429110;1
15644;1
427439;1
415817;1
437090;1
439593;1
425196;1
426094;1
404637;1
412281;1
429259;1
441401;1
423526;1
418169;1
437710;1
415595;1
436670;1
416798;1
435972;1
432503;1
410323;1
407869;1
423540;1
429065;1
418165;1
437300;1
421070;1
407487;1
429397;1
423078;1
445419;1
444077;1
441377;1
437467;1
412267;1
435019;1
438562;1
419228;1
410294;1
414519;1
433336;1
416008;1
423545;1
439599;1
433243;1
435934;1
422423;1
411700;1
443644;1
440517;1
423939;1
426425;1
431049;1
415990;1
428617;1
415794;1
444524;1
430420;1
405619;1
442473;1
106384;1
424515;1
417378;1
425332;1
445973;1
442885;1
52126;1
439378;1
426971;1
264013;1
426529;1
425469;1
424491;1
415827;1
414863;1
412364;1
429684;1
407903;1
437625;1
443712;1
443166;1
422224;1
425566;1
410560;1
420420;1
433948;1
417118;1
433671;1
412376;1
442929;1
411577;1
426199;1
444564;1
421141;1
445533;1
436339;1
428527;1
433599;1
431813;1
417844;1
411483;1
431819;1
436053;1
433806;1
420211;1
413834;1
433470;1
416742;1
445262;1
430983;1
431453;1
427690;1
441220;1
435636;1
414725;1
406003;1
417426;1
436833;1
426254;1
417042;1
49624;1
444044;1
444578;1
405676;1
412463;1
427096;1
442030;1
439365;1
424471;1
437461;1
444846;1
435683;1
428851;1
410307;1
416782;1
442320;1
445242;1
413150;1
432172;1
100182;1
442161;1
418581;1
413829;1
419246;1
418316;1
412337;1
444159;1
424182;1
413217;1
419564;1
433109;1
433492;1
403619;1
445094;1
430307;1
441224;1
415156;1
437893;1
432875;1
425387;1
430435;1
415661;1
431401;1
439118;1
425467;1
423925;1
425588;1
415619;1
438375;1
431773;1
428295;1
444882;1
5178;1
427414;1
428869;1
443023;1
428861;1
445625;1
442423;1
427792;1
431103;1
423267;1
435135;1
47587;1
437415;1
417124;1
437825;1
421997;1
9994;1
431037;1
431363;1
405623;1
428934;1
404212;1
239444;1
433575;1
430231;1
415393;1
411943;1
412745;1
425217;1
445024;1
430489;1
436280;1
421046;1
432809;1
441666;1
421231;1
441254;1
415419;1
423711;1
415770;1
418571;1
428727;1
425639;1
443097;1
426024;1
423357;1
415643;1
431954;1
420118;1
436456;1
422469;1
418215;1
433826;1
48046;1
417888;1
416084;1
410483;1
421115;1
430207;1
437362;1
442527;1
429942;1
437427;1
425607;1
436802;1
437477;1
413714;1
429159;1
415236;1
412150;1
410919;1
445423;1
411568;1
439283;1
416335;1
412142;1
408319;1
437619;1
100177;1
429219;1
442342;1
424193;1
429032;1
415459;1
411039;1
428678;1
5056;1
437073;1
426513;1
440835;1
425641;1
445359;1
445040;1
404394;1
415724;1
443238;1
432618;1
438442;1
444046;1
419474;1
423232;1
420884;1
423442;1
416938;1
408307;1
412236;1
414765;1
437830;1
428698;1
427984;1
412565;1
439913;1
424195;1
433510;1
443335;1
420068;1
413117;1
439617;1
409409;1
441368;1
419574;1
433593;1
414026;1
434934;1
424114;1
424489;1
410542;1
418312;1
440791;1
444956;1
442479;1
414823;1
440122;1
413107;1
441252;1
437629;1
442481;1
443077;1
425769;1
409095;1
432843;1
440611;1
424192;1
433623;1
421270;1
435289;1
400449;1
442242;1
400631;1
423811;1
441660;1
405552;1
443574;1
413486;1
445224;1
438521;1
436001;1
444680;1
432815;1
419298;1
437278;1
411143;1
431407;1
408088;1
439440;1
442913;1
438421;1
445435;1
438462;1
421032;1
443555;1
439461;1
428804;1
424650;1
412474;1
436319;1
436351;1
437429;1
421950;1
445062;1
415740;1
427281;1
419892;1
426567;1
431085;1
411746;1
421999;1
431060;1
444157;1
417974;1
415234;1
426961;1
429505;1
442977;1
410164;1
436599;1
426619;1
428752;1
419956;1
433897;1
424495;1
425050;1
404312;1
417000;1
401038;1
426635;1
426625;1
59624;1
413607;1
437284;1
426967;1
428248;1
436373;1
409109;1
434940;1
404785;1
442431;1
421365;1
408671;1
417862;1
432426;1
424665;1
424929;1
405290;1
417443;1
419380;1
423498;1
432276;1
417918;1
418119;1
423797;1
432438;1
411913;1
416029;1
439338;1
414817;1
408396;1
430193;1
421163;1
405754;1
431934;1
438454;1
410473;1
429993;1
419920;1
413137;1
422453;1
410578;1
421796;1
443339;1
418007;1
414477;1
428766;1
426660;1
431405;1
430422;1
410449;1
410481;1
404040;1
416648;1
437807;1
439899;1
429674;1
445673;1
437067;1
437078;1
427974;1
433054;1
428541;1
431451;1
412222;1
442085;1
438132;1
419886;1
416672;1
413409;1
430227;1
413339;1
434192;1
445705;1
428843;1
428309;1
433533;1
431908;1
425637;1
431699;1
413109;1
421014;1
433654;1
442987;1
416714;1
428889;1
428413;1
433937;1
426059;1
443448;1
436952;1
264004;1
414861;1
420300;1
413718;1
442639;1
421095;1
264010;1
423639;1
430455;1
424216;1
426437;1
413738;1
412071;1
409603;1
443429;1
433345;1
441738;1
408600;1
432657;1
445250;1
413720;1
412680;1
410916;1
401085;1
418145;1
417976;1
422095;1
430398;1
405303;1
413170;1
407191;1
435661;1
420237;1
445579;1
412146;1
427465;1
434452;1
416228;1
424190;1
441112;1
438600;1
425546;1
416676;1
436975;1
435251;1
437114;1
439184;1
435534;1
431149;1
427495;1
439287;1
433356;1
421080;1
442769;1
432525;1
423285;1
412012;1
442322;1
413373;1
442602;1
419234;1
437298;1
444840;1
445072;1
415752;1
445951;1
410258;1
407114;1
440992;1
427398;1
414414;1
429527;1
433014;1
409183;1
445260;1
433913;1
442071;1
413466;1
404747;1
424681;1
426429;1
402356;1
409640;1
432478;1
441656;1
425619;1
424311;1
435055;1
445026;1
426981;1
421223;1
427670;1
401373;1
426887;1
443740;1
442887;1
430701;1
442443;1
429241;1
445793;1
436880;1
418773;1
430327;1
418005;1
415748;1
419264;1
410950;1
437207;1
429792;1
440203;1
425395;1
444161;1
442018;1
435956;1
439216;1
437082;1
411933;1
435109;1
431503;1
423510;1
442034;1
438662;1
440535;1
443638;1
443359;1
436626;1
405922;1
415798;1
442145;1
428481;1
425110;1
436610;1
423717;1
423458;1
426453;1
422129;1
432639;1
445214;1
416956;1
444838;1
424567;1
444095;1
421367;1
401375;1
435866;1
440118;1
407883;1
429800;1
443242;1
418213;1
435716;1
58340;1
400599;1
431751;1
444141;1
404122;1
415250;1
415792;1
443351;1
425947;1
424969;1
412678;1
442545;1
433280;1
30398;1
433163;1
438146;1
414886;1
437777;1
437320;1
431105;1
432602;1
424208;1
418205;1
444750;1
425987;1
412073;1
412530;1
416894;1
410651;1
401770;1
444912;1
425917;1
443470;1
441654;1
421064;1
428591;1
418097;1
419528;1
439442;1
433905;1
422551;1
445617;1
435659;1
420657;1
425592;1
433464;1
413794;1
417138;1
429018;1
442185;1
422683;1
424199;1
418587;1
440401;1
410314;1
442747;1
443353;1
436897;1
445555;1
427986;1
439649;1
436289;1
438051;1
436589;1
412339;1
435494;1
417070;1
413571;1
411497;1
426286;1
418795;1
412396;1
434960;1
426517;1
421363;1
443658;1
430114;1
434190;1
435259;1
430995;1
415506;1
429991;1
442578;1
427537;1
426563;1
419270;1
423941;1
435480;1
52575;1
432533;1
426806;1
424951;1
437358;1
407118;1
431159;1
415653;1
413333;1
410361;1
424249;1
435885;1
441618;1
433389;1
423265;1
419734;1
413515;1
440407;1
46980;1
426503;1
432470;1
415433;1
444844;1
441886;1
433589;1
433820;1
423953;1
439587;1
442678;1
410480;1
432224;1
410383;1
417080;1
14930;1
426063;1
409542;1
412148;1
411338;1
417265;1
437641;1
410917;1
411799;1
439889;1
416522;1
425181;1
437437;1
440657;1
423537;1
438323;1
433249;1
426481;1
426079;1
417408;1
424220;1
425275;1
416854;1
445911;1
445182;1
433322;1
439865;1
429024;1
410156;1
414461;1
431562;1
439277;1
418127;1
438568;1
432422;1
414756;1
441650;1
415579;1
400057;1
423957;1
440106;1
430949;1
440653;1
410528;1
418137;1
405866;1
411965;1
428581;1
412333;1
445521;1
423757;1
430136;1
421030;1
425949;1
441493;1
439512;1
422272;1
404066;1
403875;1
438144;1
442735;1
441371;1
442961;1
445987;1
415696;1
420048;1
413631;1
415269;1
421344;1
435968;1
415728;1
444700;1
425481;1
417920;1
437336;1
432196;1
442659;1
432563;1
415070;1
437655;1
445397;1
417445;1
436966;1
413327;1
415435;1
444502;1
444504;1
438991;1
424152;1
411507;1
407491;1
435687;1
428712;1
100184;1
445178;1
411565;1
426485;1
445184;1
430321;1
442553;1
420896;1
411871;1
414898;1
412510;1
410468;1
437104;1
32878;1
442765;1
437272;1
415799;1
431806;1
416442;1
436489;1
443670;1
444694;1
427007;1
434966;1
441475;1
420060;1
411627;1
443529;1
434692;1
442038;1
430507;1
441180;1
439082;1
437393;1
436696;1
416708;1
426607;1
425586;1
401171;1
432220;1
410487;1
407986;1
441856;1
411243;1
403954;1
412652;1
443087;1
431542;1
431123;1
410365;1
435016;1
428808;1
428477;1
429319;1
421026;1
435800;1
441038;1
432655;1
420651;1
424448;1
421177;1
442254;1
431141;1
435710;1
407875;1
401091;1
438644;1
433559;1
440391;1
442541;1
436658;1
427901;1
437633;1
420923;1
444605;1
22034;1
428307;1
440809;1
413521;1
416594;1
438937;1
427005;1
432731;1
440837;1
435350;1
425761;1
426523;1
435175;1
415846;1
424597;1
437765;1
424563;1
415613;1
407133;1
419608;1
442771;1
426175;1
430379;1
436007;1
444139;1
421149;1
431489;1
440104;1
418187;1
415988;1
424833;1
426030;1
420949;1
435155;1
415196;1
424676;1
423170;1
433621;1
442089;1
430151;1
431177;1
439080;1
441537;1
433605;1
430689;1
439029;1
429028;1
442194;1
425116;1
445180;1
437704;1
414774;1
443226;1
427780;1
424549;1
442633;1
442580;1
425765;1
413320;1
443236;1
431393;1
423815;1
443564;1
434975;1
435754;1
435332;1
443333;1
427400;1
442993;1
418111;1
431258;1
419392;1
442485;1
423524;1
429963;1
425945;1
435924;1
439469;1
416748;1
438138;1
427124;1
414877;1
412488;1
424260;1
426782;1
412512;1
410884;1
441501;1
425389;1
422266;1
400833;1
412623;1
433567;1
433921;1
420262;1
430120;1
442745;1
425151;1
431840;1
442704;1
426238;1
418591;1
442171;1
411967;1
433774;1
422431;1
427023;1
419502;1
412234;1
417880;1
415093;1
438017;1
425108;1
412140;1
414829;1
415256;1
405722;1
423325;1
416662;1
434979;1
445282;1
417024;1
423293;1
425793;1
430282;1
437369;1
427768;1
414896;1
440793;1
428075;1
411245;1
411545;1
415485;1
434161;1
430585;1
421373;1
430079;1
436569;1
419244;1
415909;1
410562;1
410952;1
414971;1
417970;1
429034;1
100187;1
403563;1
433273;1
410152;1
437098;1
439438;1
432183;1
443828;1
425295;1
415952;1
424971;1
425718;1
444802;1
445707;1
423386;1
446009;1
412366;1
12870;1
408082;1
411393;1
416111;1
415738;1
402569;1
407863;1
445116;1
444716;1
100115;1
403867;1
437071;1
436565;1
442551;1
52144;1
438929;1
441212;1
423247;1
429678;1
432354;1
413341;1
431196;1
444864;1
411306;1
424509;1
426687;1
410934;1
435022;1
413809;1
444964;1
432574;1
414883;1
431986;1
439178;1
424559;1
437330;1
434727;1
428264;1
431808;1
427845;1
420856;1
432865;1
421272;1
427696;1
425831;1
441118;1
402960;1
416219;1
445569;1
444992;1
441644;1
425417;1
432444;1
417066;1
428729;1
408315;1
415823;1
401306;1
444434;1
443325;1
430547;1
437240;1
412032;1
419914;1
435677;1
428723;1
442722;1
421139;1
445100;1
431952;1
432887;1
428067;1
440857;1
428331;1
436958;1
445513;1
427114;1
106385;1
431568;1
403982;1
429022;1
443672;1
422005;1
407998;1
414710;1
435917;1
403947;1
405459;1
422259;1
436571;1
435544;1
431397;1
429525;1
404320;1
437356;1
419516;1
442517;1
427063;1
423166;1
413457;1
442455;1
426786;1
416730;1
434705;1
422880;1
422435;1
442624;1
433010;1
415546;1
440425;1
415786;1
413441;1
401772;1
408611;1
430178;1
423335;1
431922;1
444962;1
428325;1
409548;1
408654;1
58572;1
413639;1
409497;1
425305;1
419560;1
419580;1
426747;1
417924;1
445867;1
428069;1
414531;1
426167;1
415778;1
421251;1
434930;1
414178;1
429888;1
419610;1
433901;1
417998;1
415284;1
435171;1
425911;1
408785;1
426467;1
423476;1
435895;1
420911;1
432472;1
422099;1
434952;1
414575;1
421012;1
443421;1
433603;1
440487;1
416300;1
439064;1
433370;1
438608;1
419226;1
433772;1
400433;1
442572;1
416491;1
413623;1
423959;1
441399;1
431524;1
436703;1
442959;1
444832;1
430075;1
443730;1
435516;1
422265;1
435600;1
427021;1
412459;1
413191;1
421802;1
421410;1
445389;1
410548;1
409580;1
424230;1
427843;1
421981;1
431950;1
415164;1
423820;1
441624;1
418151;1
45078;1
424446;1
433206;1
431040;1
419584;1
445717;1
437832;1
444510;1
424923;1
443152;1
427371;1
432513;1
421197;1
416674;1
442931;1
416414;1
416824;1
440637;1
444426;1
443206;1
414175;1
426394;1
400889;1
436678;1
416944;1
442943;1
428341;1
439220;1
424998;1
431810;1
430286;1
443427;1
426057;1
425613;1
444782;1
417221;1
416668;1
416493;1
438274;1
420194;1
418573;1
437849;1
439188;1
405737;1
411778;1
400868;1
439130;1
437623;1
439084;1
420180;1
423230;1
419284;1
415865;1
412664;1
419976;1
436654;1
445711;1
428593;1
423118;1
441533;1
412044;1
434786;1
440051;1
430483;1
421322;1
443099;1
416276;1
53497;1
429346;1
411833;1
441196;1
442565;1
431135;1
415016;1
443626;1
443075;1
421036;1
404210;1
413681;1
432729;1
429122;1
440130;1
435960;1
427955;1
435185;1
436545;1
421967;1
425893;1
414835;1
408398;1
427698;1
430593;1
415575;1
429053;1
431779;1
404008;1
428553;1
404865;1
56180;1
440423;1
442668;1
435153;1
426358;1
411555;1
434690;1
433334;1
414810;1
416918;1
429686;1
409491;1
434998;1
435097;1
442897;1
414112;1
413480;1
440833;1
413343;1
427314;1
427945;1
433378;1
425157;1
418141;1
441684;1
430243;1
439524;1
432633;1
430527;1
413581;1
431198;1
423160;1
416362;1
408331;1
405254;1
418025;1
411839;1
443122;1
411847;1
424941;1
427001;1
47588;1
429421;1
425349;1
413493;1
433520;1
410204;1
424048;1
426483;1
431347;1
413403;1
412354;1
424663;1
415252;1
418603;1
430581;1
417994;1
441541;1
427527;1
417018;1
435905;1
444776;1
438464;1
439643;1
424355;1
427921;1
428301;1
428337;1
424706;1
440227;1
416374;1
407106;1
441469;1
403320;1
421074;1
437921;1
435786;1
430091;1
426409;1
417350;1
418035;1
419548;1
423200;1
433944;1
420038;1
444870;1
442250;1
420888;1
410222;1
415282;1
432598;1
418692;1
433641;1
428192;1
420346;1
435650;1
429847;1
415968;1
418763;1
443204;1
416626;1
438556;1
427774;1
428873;1
433760;1
405246;1
437887;1
410413;1
436371;1
416988;1
433581;1
420241;1
426284;1
127649;1
444630;1
429825;1
438417;1
417278;1
425000;1
421175;1
440787;1
423194;1
413569;1
441547;1
410216;1
404783;1
445284;1
442147;1
419486;1
419484;1
445547;1
434436;1
423759;1
445539;1
431326;1
426937;1
445549;1
425399;1
439631;1
432164;1
60418;1
416420;1
445583;1
428970;1
45787;1
432807;1
445799;1
439047;1
424499;1
418777;1
420182;1
423530;1
410494;1
442997;1
425869;1
407135;1
420852;1
410377;1
445345;1
440931;1
429073;1
437752;1
445967;1
437592;1
432665;1
416696;1
436644;1
411581;1
412642;1
445092;1
420223;1
410220;1
415481;1
411911;1
403998;1
420394;1
413724;1
445405;1
56553;1
428776;1
426179;1
441826;1
428654;1
422443;1
411820;1
441584;1
438800;1
432176;1
431962;1
430108;1
424022;1
437773;1
430176;1
416906;1
426599;1
416622;1
439863;1
427461;1
439403;1
426875;1
411831;1
436876;1
416968;1
400849;1
56145;1
415261;1
427734;1
427187;1
422425;1
433368;1
416422;1
418185;1
436763;1
431465;1
438709;1
421324;1
439363;1
418091;1
420832;1
445341;1
426847;1
426177;1
436485;1
412246;1
428539;1
423345;1
439516;1
401050;1
409122;1
441150;1
413643;1
417050;1
410478;1
426641;1
436549;1
405258;1
408498;1
428184;1
420390;1
441866;1
418549;1
429161;1
410278;1
411333;1
443472;1
428662;1
433486;1
411191;1
419296;1
421274;1
417032;1
430255;1
418087;1
436620;1
425615;1
445351;1
442411;1
411461;1
445204;1
427726;1
423775;1
428047;1
428445;1
432879;1
426374;1
445887;1
431045;1
416370;1
410667;1
436638;1
426627;1
418225;1
418077;1
428674;1
416984;1
431651;1
422117;1
430571;1
435458;1
420270;1
437730;1
431139;1
443250;1
444442;1
438652;1
403861;1
409445;1
416294;1
436797;1
422191;1
423396;1
414788;1
429620;1
443095;1
407139;1
405433;1
445108;1
443264;1
412152;1
417215;1
429983;1
445355;1
419440;1
443405;1
416341;1
416141;1
415790;1
415942;1
432158;1
410471;1
414983;1
425598;1
429006;1
439407;1
435550;1
445240;1
433527;1
425100;1
437787;1
414182;1
428545;1
415318;1
401351;1
441515;1
415248;1
415964;1
404888;1
415278;1
427151;1
403499;1
444744;1
432932;1
428686;1
412467;1
444538;1
411826;1
430960;1
402284;1
425039;1
426541;1
420973;1
436664;1
435524;1
418565;1
437019;1
415529;1
413527;1
424203;1
438349;1
415950;1
415764;1
417098;1
427529;1
413756;1
420298;1
443033;1
437851;1
426280;1
409093;1
429764;1
100196;1
443568;1
408238;1
421349;1
425047;1
440625;1
442244;1
429908;1
445589;1
409585;1
414752;1
424581;1
428260;1
57038;1
427159;1
411547;1
444153;1
432600;1
443027;1
424378;1
426768;1
423876;1
429401;1
410396;1
426378;1
413175;1
423691;1
445907;1
443513;1
424632;1
427915;1
432630;1
426320;1
416376;1
405621;1
434973;1
410355;1
430964;1
416688;1
433020;1
415976;1
431938;1
423317;1
432911;1
422961;1
439773;1
419592;1
439895;1
433565;1
427177;1
411909;1
423516;1
420882;1
442555;1
429061;1
420002;1
432586;1
405411;1
426617;1
421078;1
445503;1
415465;1
435698;1
440419;1
440789;1
412199;1
412627;1
400954;1
436837;1
424200;1
438925;1
445126;1
443286;1
420177;1
415123;1
433454;1
430191;1
430595;1
420000;1
424513;1
414833;1
417960;1
406111;1
444696;1
430977;1
429227;1
405901;1
436839;1
415897;1
443531;1
412646;1
433304;1
427705;1
444808;1
431530;1
10303;1
418607;1
441521;1
421320;1
431906;1
415651;1
409429;1
422417;1
425401;1
432817;1
410469;1
420167;1
429985;1
426603;1
436765;1
416107;1
420092;1
424338;1
413548;1
419482;1
425544;1
422921;1
427122;1
415960;1
429853;1
413614;1
412064;1
425971;1
415538;1
442641;1
432855;1
435348;1
429644;1
407116;1
427563;1
405729;1
427590;1
441044;1
416724;1
428652;1
442803;1
432755;1
433817;1
424168;1
442899;1
425724;1
438490;1
441264;1
423307;1
405280;1
413125;1
418075;1
445218;1
414441;1
406494;1
428049;1
425291;1
407416;1
407091;1
444732;1
422439;1
403933;1
408201;1
426415;1
408337;1
426855;1
416788;1
432087;1
434920;1
439190;1
425037;1
441407;1
403970;1
427776;1
403531;1
436276;1
427531;1
435002;1
438888;1
432805;1
425556;1
415615;1
426465;1
415276;1
408284;1
438385;1
441162;1
415555;1
239347;1
432968;1
426421;1
415890;1
441626;1
429766;1
415796;1
415378;1
443140;1
439405;1
419880;1
438009;1
431680;1
420110;1
416954;1
434446;1
426053;1
408327;1
418791;1
437044;1
435820;1
416177;1
438150;1
422001;1
445020;1
444068;1
445383;1
416137;1
425403;1
422153;1
417418;1
431672;1
436769;1
440519;1
425580;1
410385;1
435942;1
427112;1
416780;1
431522;1
405352;1
430083;1
441858;1
401747;1
410554;1
442927;1
425925;1
436317;1
441491;1
428778;1
423992;1
425995;1
441942;1
444099;1
433180;1
421048;1
416836;1
415504;1
410655;1
422929;1
433416;1
414579;1
433320;1
426477;1
430599;1
415784;1
433591;1
430418;1
439281;1
403978;1
435891;1
410485;1
430726;1
412158;1
426065;1
445244;1
444574;1
435628;1
423110;1
431536;1
433484;1
413731;1
436301;1
435287;1
433300;1
403790;1
414483;1
431916;1
428875;1
437344;1
417934;1
429079;1
439518;1
430165;1
421159;1
432404;1
413673;1
419546;1
438786;1
431304;1
415591;1
410663;1
416447;1
47527;1
420830;1
438802;1
430284;1
441612;1
420947;1
423253;1
443224;1
58332;1
435512;1
420148;1
426553;1
444514;1
438007;1
421155;1
432966;1
53003;1
411037;1
440615;1
445230;1
433198;1
433665;1
414742;1
433214;1
423673;1
409505;1
422913;1
401062;1
411399;1
410234;1
416139;1
428847;1
408264;1
436361;1
418037;1
404140;1
435991;1
411231;1
427891;1
435418;1
415299;1
52046;1
430329;1
434181;1
432356;1
417263;1
445659;1
100089;1
416678;1
46640;1
433480;1
405550;1
429894;1
440465;1
435841;1
429858;1
427988;1
433535;1
438624;1
426717;1
415415;1
49825;1
441192;1
445068;1
408438;1
421097;1
423374;1
405455;1
420229;1
431433;1
403019;1
424056;1
428938;1
426032;1
411157;1
417245;1
444708;1
438753;1
445054;1
410940;1
424668;1
417926;1
441527;1
438315;1
441108;1
417962;1
444828;1
433362;1
416290;1
430511;1
441776;1
435685;1
443417;1
415360;1
444424;1
411296;1
428483;1
435285;1
444918;1
433529;1
442720;1
426904;1
418105;1
408546;1
438198;1
433939;1
444986;1
442153;1
415240;1
408121;1
444593;1
442821;1
433257;1
418067;1
425409;1
423769;1
442710;1
436202;1
419276;1
48381;1
439551;1
442046;1
414840;1
434776;1
420233;1
433673;1
445937;1
423739;1
440455;1
435596;1
426902;1
426071;1
417892;1
443136;1
410511;1
432584;1
414821;1
437742;1
425935;1
437364;1
417992;1
420152;1
407187;1
411990;1
413323;1
430295;1
430047;1
418081;1
415776;1
410470;1
415766;1
405248;1
429169;1
438792;1
419206;1
441898;1
426086;1
416598;1
442672;1
440225;1
433316;1
438214;1
441582;1
427873;1
418477;1
424110;1
441222;1
424933;1
428110;1
431586;1
400964;1
442797;1
429231;1
426262;1
413556;1
430277;1
437141;1
53459;1
436707;1
415348;1
435181;1
445469;1
443262;1
435191;1
439017;1
435808;1
427750;1
419472;1
425353;1
415718;1
441459;1
444101;1
434954;1
427610;1
436821;1
433675;1
419232;1
424927;1
407957;1
407066;1
415267;1
438401;1
415540;1
420870;1
438381;1
424212;1
441726;1
442729;1
441860;1
444544;1
420058;1
435129;1
439208;1
415489;1
424304;1
423178;1
442598;1
426061;1
430525;1
435880;1
414499;1
440543;1
412592;1
410206;1
435970;1
423773;1
404605;1
436535;1
425767;1
428923;1
425787;1
417858;1
400819;1
419514;1
429507;1
436505;1
412403;1
420937;1
435193;1
415369;1
429317;1
436293;1
433637;1
433661;1
420131;1
429509;1
413696;1
411939;1
435641;1
411937;1
401034;1
427674;1
444512;1
440797;1
422549;1
427316;1
441114;1
444217;1
408486;1
415140;1
415704;1
433474;1
423917;1
438272;1
433762;1
433422;1
426173;1
432212;1
415210;1
435240;1
435051;1
426655;1
416463;1
443232;1
416640;1
422165;1
445445;1
416041;1
442696;1
444804;1
429479;1
435858;1
435435;1
435401;1
433462;1
419360;1
424601;1
445611;1
435216;1
440717;1
440801;1
433157;1
442557;1
435306;1
418612;1
432845;1
423106;1
428089;1
432783;1
416325;1
414291;1
425647;1
428715;1
437270;1
438397;1
445134;1
440981;1
434680;1
428750;1
437274;1
431800;1
430269;1
437793;1
429870;1
437029;1
426306;1
439887;1
445869;1
417958;1
416628;1
433909;1
435291;1
411841;1
431279;1
421151;1
420076;1
433695;1
427978;1
424334;1
442975;1
431534;1
421355;1
442159;1
416890;1
420302;1
414825;1
405337;1
433330;1
433251;1
422543;1
436577;1
416952;1
439043;1
435997;1
408309;1
405918;1
405710;1
425239;1
419462;1
403837;1
427555;1
435437;1
440623;1
401089;1
404239;1
405019;1
438640;1
441206;1
417312;1
417004;1
431455;1
419582;1
433091;1
419970;1
415902;1
429918;1
444902;1
427386;1
415803;1
443009;1
440647;1
412226;1
412257;1
440082;1
442387;1
444660;1
435536;1
423487;1
412454;1
435752;1
445118;1
437134;1
436709;1
409550;1
435738;1
404976;1
420094;1
436622;1
436359;1
56791;1
436711;1
403935;1
424973;1
436866;1
442883;1
431054;1
435028;1
428744;1
413633;1
436218;1
429175;1
415982;1
424609;1
410373;1
440451;1
426723;1
437110;1
420332;1
445541;1
405856;1
416704;1
410260;1
442103;1
408236;1
423114;1
403587;1
437334;1
438612;1
417112;1
419208;1
421101;1
415879;1
431163;1
402505;1
435788;1
419408;1
414338;1
413385;1
432424;1
442543;1
49630;1
428230;1
435490;1
435197;1
429794;1
431430;1
432432;1
442352;1
445671;1
416489;1
419336;1
410202;1
431686;1
435063;1
434916;1
432360;1
437302;1
422413;1
425336;1
413669;1
423755;1
410914;1
420274;1
424427;1
413776;1
430923;1
434013;1
425245;1
412639;1
430941;1
426595;1
444576;1
445651;1
436561;1
438268;1
425943;1
409632;1
424483;1
433864;1
410074;1
410331;1
445599;1
433190;1
417180;1
430381;1
406241;1
420647;1
444287;1
424315;1
433956;1
412240;1
416313;1
415970;1
410829;1
423366;1
444016;1
426611;1
432416;1
432857;1
437288;1
418644;1
409413;1
419620;1
425913;1
425169;1
440998;1
417438;1
442588;1
429002;1
429375;1
444444;1
6759;1
434063;1
413476;1
443278;1
46293;1
414856;1
445437;1
403869;1
404134;1
410835;1
428073;1
442616;1
418559;1
431558;1
416666;1
428702;1
412569;1
426755;1
409583;1
430189;1
423653;1
433983;1
416712;1
413203;1
414827;1
49827;1
413177;1
412674;1
436128;1
415904;1
410765;1
411815;1
418129;1
445465;1
440237;1
429141;1
437732;1
413252;1
419496;1
429920;1
445461;1
429823;1
401080;1
430359;1
438529;1
438558;1
425548;1
403974;1
411708;1
437348;1
443588;1
434886;1
444550;1
427019;1
435897;1
416786;1
421187;1
431526;1
412016;1
441373;1
418189;1
415158;1
440126;1
420324;1
429223;1
436945;1
415722;1
445893;1
419526;1
437153;1
264011;1
437789;1
413407;1
411391;1
422669;1
433714;1
432162;1
427535;1
405268;1
438423;1
423086;1
443742;1
442091;1
427092;1
423784;1
443646;1
428199;1
445104;1
414439;1
411397;1
403871;1
431089;1
439078;1
442306;1
428746;1
442604;1
430102;1
435726;1
423162;1
410657;1
411387;1
424011;1
425919;1
427676;1
445553;1
421957;1
445176;1
416304;1
442044;1
431670;1
444796;1
425815;1
445935;1
424591;1
415224;1
405942;1
436047;1
428871;1
412644;1
410289;1
426304;1
445873;1
439005;1
438106;1
442973;1
436226;1
416528;1
428721;1
442095;1
445172;1
424593;1
404088;1
421987;1
405299;1
434958;1
408087;1
430539;1
416606;1
408298;1
440473;1
424201;1
421131;1
430919;1
430952;1
425742;1
433649;1
431179;1
428792;1
405862;1
421786;1
428648;1
411224;1
428670;1
401068;1
445058;1
433372;1
410671;1
431283;1
415633;1
438820;1
413325;1
423481;1
414455;1
442324;1
433946;1
411005;1
445491;1
445655;1
441210;1
435913;1
444972;1
405548;1
419890;1
435742;1
427408;1
444038;1
424931;1
437635;1
408259;1
427106;1
412130;1
418620;1
416315;1
420231;1
442350;1
431815;1
441110;1
436049;1
440205;1
432187;1
425190;1
417078;1
438690;1
444704;1
425178;1
428680;1
426222;1
423406;1
424150;1
426455;1
427013;1
445995;1
410105;1
432559;1
425407;1
439609;1
405778;1
427970;1
425977;1
429067;1
420903;1
436954;1
422441;1
431510;1
410240;1
444738;1
419652;1
435462;1
403929;1
411176;1
440939;1
426364;1
404972;1
426266;1
434185;1
429906;1
412706;1
409495;1
421147;1
423888;1
416327;1
430185;1
425385;1
424324;1
426077;1
435024;1
444060;1
424142;1
437395;1
440523;1
412034;1
445593;1
429531;1
411384;1
425662;1
428784;1
419504;1
438224;1
442048;1
416996;1
415367;1
437667;1
404777;1
407084;1
445331;1
433557;1
441411;1
427251;1
408182;1
426657;1
435115;1
431101;1
416037;1
430695;1
433717;1
424202;1
423894;1
424477;1
444219;1
423122;1
416680;1
428601;1
439621;1
414326;1
413449;1
420959;1
436025;1
420398;1
438666;1
442718;1
416546;1
440393;1
436835;1
441614;1
405858;1
425803;1
413213;1
412258;1
445791;1
410827;1
415166;1
420649;1
404970;1
439725;1
426609;1
431590;1
409088;1
438339;1
429303;1
439455;1
433306;1
445306;1
405307;1
415456;1
414533;1
437306;1
418017;1
430451;1
407197;1
441190;1
434936;1
47473;1
430225;1
445985;1
438509;1
47589;1
438216;1
442801;1
442397;1
429243;1
415363;1
445312;1
433412;1
420259;1
424407;1
415405;1
445505;1
414443;1
413413;1
410489;1
415900;1
436331;1
445949;1
427161;1
407093;1
443214;1
442955;1
425334;1
433873;1
442403;1
423986;1
411829;1
445379;1
47529;1
415936;1
413095;1
431189;1
424347;1
425704;1
433658;1
431131;1
416292;1
429030;1
420066;1
445337;1
427541;1
439172;1
439132;1
445443;1
425629;1
444036;1
416465;1
426334;1
415938;1
412050;1
444580;1
437821;1
416014;1
417058;1
432777;1
442981;1
438152;1
419896;1
422947;1
444760;1
424172;1
421490;1
434729;1
439619;1
431330;1
424226;1
430477;1
426621;1
440096;1
408113;1
435634;1
442901;1
421439;1
421111;1
49100;1
429008;1
410173;1
441258;1
423719;1
431789;1
439514;1
432539;1
437535;1
412702;1
435704;1
422691;1
419906;1
423080;1
425020;1
435393;1
403776;1
443130;1
415627;1
417150;1
435780;1
418630;1
438656;1
45913;1
443454;1
408383;1
431548;1
415915;1
436073;1
431495;1
431655;1
438939;1
264001;1
420941;1
411331;1
424579;1
437211;1
418065;1
428688;1
429849;1
100173;1
416624;1
426185;1
428531;1
429483;1
404809;1
442228;1
418306;1
442845;1
419262;1
437063;1
418131;1
435163;1
424321;1
428694;1
416018;1
444048;1
414651;1
438747;1
409613;1
416331;1
423206;1
429676;1
438523;1
442949;1
442109;1
400541;1
403829;1
418063;1
445947;1
410665;1
410800;1
405032;1
425188;1
428037;1
50577;1
428204;1
427365;1
430106;1
415840;1
432663;1
442471;1
437457;1
440229;1
413688;1
432511;1
415631;1
438668;1
430019;1
439320;1
442340;1
422429;1
445088;1
416710;1
435559;1
415074;1
427284;1
430093;1
441580;1
410745;1
441902;1
436575;1
444311;1
428246;1
429147;1
419280;1
426130;1
422139;1
445829;1
420173;1
55269;1
443234;1
428708;1
443706;1
445220;1
432452;1
418233;1
424303;1
433488;1
431097;1
439667;1
439721;1
441596;1
238312;1
420116;1
424174;1
420203;1
425281;1
445128;1
438327;1
430097;1
436333;1
438610;1
429752;1
431320;1
416586;1
429327;1
439096;1
404811;1
420967;1
422107;1
441228;1
413205;1
443476;1
432505;1
422473;1
431020;1
435852;1
438768;1
417217;1
438923;1
439068;1
404372;1
441910;1
435796;1
418203;1
432624;1
441638;1
410499;1
429133;1
409590;1
443535;1
437463;1
425906;1
401599;1
422113;1
420062;1
435940;1
431355;1
431914;1
442781;1
404931;1
445411;1
424375;1
415577;1
428197;1
429325;1
443327;1
404779;1
435431;1
430618;1
444678;1
423767;1
411505;1
432689;1
400996;1
431365;1
442083;1
436003;1
435267;1
420253;1
433776;1
442881;1
431930;1
421993;1
439755;1
429736;1
418614;1
408708;1
425303;1
443311;1
422210;1
443600;1
422218;1
438377;1
426288;1
436636;1
440045;1
431463;1
420227;1
410252;1
430521;1
435606;1
445367;1
427431;1
412299;1
436860;1
424646;1
419972;1
424013;1
439777;1
427435;1
413812;1
429892;1
417906;1
445971;1
429898;1
431391;1
425807;1
443313;1
444165;1
413635;1
414517;1
436327;1
436964;1
436815;1
430221;1
422036;1
100199;1
445048;1
405489;1
413291;1
443419;1
438620;1
403931;1
436017;1
410583;1
423880;1
439126;1
424180;1
425759;1
426469;1
415772;1
444589;1
405493;1
426659;1
407617;1
445000;1
427069;1
410477;1
438550;1
439765;1
405800;1
433444;1
440247;1
436567;1
417108;1
414491;1
415848;1
401058;1
415423;1
415340;1
446001;1
403703;1
414181;1
433200;1
436970;1
437025;1
441262;1
405038;1
419980;1
415913;1
423504;1
438614;1
420292;1
52567;1
444970;1
441487;1
442190;1
417038;1
444285;1
438319;1
426441;1
427778;1
429738;1
431194;1
439583;1
445146;1
436421;1
419722;1
445591;1
445076;1
46292;1
428849;1
430416;1
433310;1
437013;1
438654;1
403943;1
439328;1
415760;1
431214;1
423874;1
425983;1
410463;1
445531;1
430153;1
100194;1
417006;1
431469;1
418143;1
418019;1
421038;1
436690;1
441748;1
429275;1
436341;1
433318;1
438136;1
442775;1
412262;1
440973;1
424699;1
435474;1
408494;1
415585;1
435774;1
426527;1
426841;1
437328;1
437130;1
433838;1
435985;1
427869;1
433364;1
436491;1
438130;1
430557;1
430383;1
441658;1
400601;1
434075;1
430503;1
435876;1
414451;1
431848;1
408502;1
440975;1
445489;1
424170;1
443442;1
426521;1
436493;1
412668;1
424525;1
415110;1
439214;1
415463;1
423279;1
437499;1
428083;1
429165;1
433778;1
426753;1
434015;1
438578;1
442879;1
413716;1
438735;1
404173;1
435456;1
430577;1
438297;1
426509;1
419658;1
437621;1
431928;1
442004;1
439154;1
413445;1
440865;1
426216;1
438283;1
423921;1
409181;1
430437;1
415214;1
427919;1
426427;1
422123;1
439761;1
445208;1
423014;1
429389;1
411927;1
434077;1
420135;1
407495;1
416012;1
415838;1
430945;1
401983;1
401095;1
415648;1
427672;1
428682;1
414481;1
427133;1
437811;1
433245;1
444083;1
435561;1
416700;1
416740;1
442024;1
410060;1
408457;1
429974;1
419518;1
430950;1
415242;1
423761;1
405544;1
444758;1
415417;1
412242;1
433927;1
430043;1
437258;1
445575;1
414301;1
427622;1
430921;1
428503;1
422433;1
433420;1
411524;1
442561;1
410367;1
437617;1
440453;1
442523;1
436454;1
437817;1
418561;1
423890;1
428770;1
438347;1
433627;1
438622;1
426776;1
424060;1
412447;1
416412;1
415958;1
412599;1
422927;1
432181;1
412347;1
436771;1
412204;1
420096;1
437521;1
428782;1
415263;1
443274;1
410123;1
420282;1
408787;1
403670;1
431236;1
432578;1
433619;1
442951;1
430116;1
439791;1
410479;1
431999;1
441760;1
425783;1
424214;1
425526;1
416562;1
442202;1
436448;1
442891;1
444595;1
412498;1
435872;1
435989;1
435758;1
410749;1
438989;1
16274;1
442749;1
427355;1
445913;1
408277;1
414860;1
426774;1
444768;1
443329;1
437738;1
433012;1
440023;1
419898;1
426889;1
422407;1
429321;1
414806;1
432771;1
425179;1
415194;1
425666;1
433490;1
443160;1
416576;1
439436;1
438419;1
430991;1
431735;1
411808;1
435608;1
426645;1
424547;1
435981;1
420207;1
429167;1
443073;1
417886;1
433438;1
419530;1
417938;1
432208;1
426591;1
418041;1
436968;1
421971;1
264005;1
435860;1
425377;1
445495;1
412058;1
438186;1
413192;1
418298;1
438596;1
419416;1
405381;1
418057;1
425473;1
436268;1
438876;1
413615;1
433508;1
431761;1
429813;1
425621;1
439198;1
433625;1
441385;1
433312;1
411510;1
445751;1
440241;1
424312;1
425736;1
431739;1
442979;1
429938;1
442417;1
442947;1
405867;1
414120;1
433347;1
435893;1
419272;1
433226;1
429340;1
441216;1
429882;1
422017;1
433583;1
14929;1
52569;1
416658;1
440397;1
426136;1
400980;1
413474;1
442692;1
425861;1
439665;1
412492;1
440507;1
411174;1
420026;1
408615;1
445154;1
420257;1
436433;1
418181;1
435883;1
443276;1
439581;1
418475;1
442183;1
440609;1
422937;1
437405;1
435510;1
443606;1
427877;1
445561;1
435983;1
415254;1
428772;1
410645;1
436446;1
415946;1
429102;1
400603;1
405479;1
436325;1
411346;1
413439;1
441568;1
442115;1
420320;1
441172;1
415444;1
425909;1
441598;1
429323;1
420171;1
438646;1
239104;1
404741;1
412443;1
423621;1
413861;1
415129;1
437326;1
414412;1
423780;1
413115;1
416916;1
407955;1
418109;1
439875;1
426680;1
413625;1
413595;1
429043;1
416457;1
443572;1
444772;1
420878;1
416432;1
32474;1
431349;1
439897;1
424965;1
433452;1
422135;1
423945;1
418237;1
404915;1
425004;1
416660;1
442519;1
425522;1
435143;1
431399;1
417430;1
438440;1
415288;1
442111;1
432871;1
431783;1
404863;1
415411;1
430424;1
425635;1
422103;1
416459;1
443425;1
424630;1
407611;1
415172;1
432166;1
441517;1
441936;1
422427;1
424638;1
445797;1
425369;1
442008;1
445264;1
409443;1
413468;1
400609;1
435919;1
438636;1
423454;1
413561;1
435736;1
435532;1
433613;1
439076;1
420422;1
436717;1
436943;1
415112;1
433518;1
442698;1
445848;1
444658;1
413743;1
424140;1
417068;1
442477;1
419436;1
441381;1
417410;1
426264;1
425981;1
411489;1
416215;1
425078;1
416449;1
409097;1
431316;1
426386;1
428085;1
432436;1
417082;1
419678;1
440389;1
410140;1
434069;1
431924;1
443656;1
419594;1
421969;1
415442;1
430408;1
428002;1
419522;1
443041;1
404218;1
415746;1
416451;1
406243;1
437643;1
445022;1
412746;1
427990;1
424487;1
436779;1
435004;1
428459;1
400845;1
421000;1
413470;1
405726;1
421068;1
416233;1
405869;1
440445;1
405407;1
427790;1
413244;1
416103;1
426749;1
428921;1
444173;1
421315;1
426149;1
415966;1
407189;1
100193;1
439371;1
418045;1
426678;1
421121;1
442744;1
413482;1
411710;1
409101;1
433212;1
443307;1
423390;1
445825;1
434996;1
445781;1
419694;1
437781;1
437657;1
445551;1
416874;1
436694;1
426433;1
428106;1
437949;1
405936;1
402964;1
416596;1
424467;1
403859;1
416940;1
437726;1
408490;1
432851;1
439591;1
425355;1
424440;1
431566;1
415496;1
415302;1
440399;1
426725;1
421066;1
438335;1
418061;1
403976;1
423150;1
416592;1
405944;1
50686;1
415518;1
440387;1
435403;1
429940;1
445923;1
431275;1
414804;1
411090;1
442434;1
412660;1
429305;1
432973;1
431692;1
442177;1
100097;1
424573;1
427309;1
428736;1
433432;1
407737;1
441184;1
436224;1
425209;1
435706;1
406109;1
428621;1
426445;1
420056;1
441828;1
433289;1
411766;1
435008;1
436624;1
416654;1
424587;1
419370;1
411979;1
441244;1
401766;1
415867;1
415271;1
438826;1
426203;1
413741;1
424301;1
441539;1
418133;1
416850;1
426808;1
443702;1
413162;1
405720;1
410938;1
413194;1
412301;1
404867;1
52571;1
438650;1
429904;1
419588;1
437441;1
428162;1
424032;1
429866;1
438908;1
409717;1
426741;1
440827;1
432009;1
410544;1
426128;1
421973;1
428182;1
417314;1
437411;1
410353;1
431306;1
400607;1
414135;1
439066;1
418646;1
424545;1
444587;1
441574;1
412574;1
415380;1
409103;1
427724;1
415675;1
410802;1
432509;1
442218;1
431175;1
411996;1
442539;1
410570;1
419882;1
433358;1
415072;1
433374;1
445064;1
425371;1
443176;1
429979;1
444770;1
430213;1
430060;1
419884;1
443464;1
421229;1
429415;1
426340;1
403515;1
416834;1
425756;1
429088;1
430385;1
443728;1
443110;1
416790;1
409579;1
442953;1
417392;1
415734;1
438997;1
415297;1
430620;1
415657;1
415549;1
412629;1
428479;1
443290;1
420199;1
445192;1
432869;1
420982;1
434699;1
424529;1
410121;1
408752;1
435157;1
430939;1
429989;1
432590;1
423822;1
416209;1
410503;1
444958;1
428754;1
430249;1
436222;1
439611;1
425785;1
437112;1
444888;1
433466;1
427728;1
444169;1
439273;1
438921;1
443541;1
433414;1
418557;1
426891;1
428585;1
425257;1
425536;1
420074;1
411998;1
445619;1
436749;1
403501;1
428634;1
433220;1
426733;1
435962;1
426647;1
430563;1
438511;1
434902;1
444542;1
410196;1
415272;1
424228;1
435433;1
443539;1
434001;1
412303;1
425933;1
443384;1
412224;1
401792;1
424058;1
407606;1
414487;1
418597;1
425471;1
425345;1
437639;1
420125;1
426211;1
408777;1
428925;1
444710;1
424617;1
425313;1
100197;1
435681;1
410125;1
407123;1
415292;1
423192;1
427377;1
436751;1
433314;1
426493;1
435878;1
432474;1
430412;1
442326;1
440112;1
440231;1
422101;1
411923;1
431852;1
422445;1
442439;1
440049;1
444764;1
432893;1
426593;1
417984;1
427089;1
413768;1
420892;1
404937;1
442921;1
429529;1
411698;1
445216;1
410132;1
444790;1
440935;1
435604;1
419402;1
416358;1
437431;1
415609;1
437230;1
420862;1
431918;1
420102;1
413146;1
436847;1
442843;1
426473;1
419430;1
427949;1
418648;1
416570;1
419250;1
425405;1
429014;1
438435;1
428287;1
408130;1
425584;1
431678;1
444724;1
430626;1
429936;1
410472;1
425383;1
431769;1
424254;1
438053;1
434444;1
415611;1
434964;1
425186;1
426376;1
419238;1
426045;1
426615;1
432555;1
426026;1
405168;1
425969;1
415469;1
431940;1
427832;1
413168;1
425094;1
443218;1
411986;1
426207;1
403477;1
421233;1
428285;1
411468;1
401044;1
423703;1
432775;1
418002;1
416540;1
413314;1
428725;1
436299;1
410293;1
239442;1
442236;1
411955;1
443196;1
410841;1
434057;1
409407;1
433663;1
437088;1
421076;1
437815;1
419292;1
420978;1
402414;1
415871;1
413525;1
433130;1
404714;1
444806;1
429831;1
445387;1
438743;1
412244;1
442799;1
443620;1
417966;1
434218;1
437706;1
436817;1
429251;1
412576;1
432970;1
423037;1
432083;1
416884;1
428696;1
430159;1
442354;1
419406;1
415520;1
404113;1
440533;1
431550;1
444998;1
411988;1
410411;1
406543;1
407419;1
445028;1
416618;1
437708;1
445006;1
444026;1
444522;1
415425;1
425508;1
430104;1
428525;1
432501;1
413179;1
439285;1
410175;1
415831;1
445715;1
424921;1
421181;1
436785;1
443623;1
425241;1
411887;1
429690;1
411327;1
444613;1
443527;1
404054;1
412400;1
405639;1
415926;1
435214;1
440483;1
428982;1
414798;1
444876;1
426830;1
441405;1
437296;1
429405;1
443303;1
424683;1
430021;1
407193;1
418053;1
444546;1
445957;1
427253;1
431731;1
416213;1
419672;1
437686;1
425611;1
438552;1
410850;1
427388;1
439867;1
411139;1
442909;1
435712;1
435812;1
422888;1
439138;1
444540;1
428327;1
427887;1
425510;1
440499;1
426112;1
421342;1
427925;1
411873;1
422681;1
445014;1
413472;1
445815;1
424988;1
433167;1
438987;1
426631;1
436023;1
443710;1
100180;1
433812;1
417090;1
443924;1
443628;1
415873;1
442757;1
416514;1
428605;1
445381;1
425375;1
411907;1
441218;1
402262;1
400998;1
413447;1
427686;1
426126;1
442537;1
443120;1
416115;1
413389;1
445459;1
415829;1
410381;1
429069;1
401457;1
416286;1
416062;1
432821;1
435948;1
442694;1
420412;1
439344;1
408200;1
431898;1
425923;1
422149;1
417424;1
416388;1
404950;1
437059;1
409611;1
435730;1
427968;1
442690;1
410839;1
442097;1
417034;1
429968;1
410556;1
407129;1
438688;1
436825;1
441104;1
412394;1
435340;1
411551;1
415186;1
429333;1
421044;1
412516;1
432396;1
426985;1
416461;1
441146;1
443071;1
404068;1
431560;1
429896;1
428103;1
50266;1
425590;1
410491;1
418155;1
437702;1
416543;1
437151;1
412578;1
400429;1
419554;1
429886;1
446007;1
440467;1
431218;1
429817;1
431143;1
437280;1
435588;1
417878;1
425341;1
438878;1
427257;1
444022;1
433500;1
421338;1
440987;1
445122;1
432392;1
443178;1
412288;1
420392;1
413565;1
418654;1
419390;1
403915;1
432626;1
441052;1
426201;1
436804;1
431497;1
442137;1
432462;1
424691;1
432687;1
410794;1
442002;1
421034;1
442731;1
421028;1
419676;1
416475;1
445879;1
416974;1
432007;1
443337;1
427754;1
445036;1
442022;1
408483;1
432384;1
424351;1
445807;1
441248;1
423388;1
442181;1
431387;1
444615;1
438104;1
416692;1
441477;1
428796;1
426719;1
431706;1
437891;1
421091;1
445010;1
436688;1
441676;1
408587;1
415679;1
404455;1
405672;1
413519;1
426471;1
430519;1
427717;1
443660;1
422892;1
427929;1
438466;1
429071;1
427917;1
432001;1
436029;1
438874;1
411881;1
438796;1
419498;1
436831;1
425879;1
426423;1
428244;1
432831;1
420157;1
415875;1
428254;1
426224;1
47525;1
427549;1
442391;1
440076;1
437036;1
438015;1
420876;1
423998;1
435249;1
445901;1
437252;1
52563;1
435412;1
424144;1
408020;1
430966;1
435397;1
426796;1
430954;1
410227;1
442206;1
442941;1
417950;1
404781;1
437314;1
420249;1
442791;1
445409;1
239349;1
435145;1
416800;1
56642;1
436509;1
414553;1
435391;1
427567;1
432773;1
433633;1
442131;1
425554;1
443716;1
443488;1
436369;1
444818;1
415290;1
427578;1
431322;1
443624;1
445052;1
428279;1
439381;1
421285;1
436773;1
440108;1
429337;1
444175;1
420205;1
416025;1
430238;1
421157;1
419344;1
435556;1
410406;1
429965;1
415948;1
435201;1
415118;1
52561;1
431228;1
429237;1
445795;1
424511;1
432544;1
415244;1
436640;1
429108;1
425010;1
445327;1
404295;1
444798;1
420915;1
427055;1
400181;1
404840;1
425967;1
433293;1
438289;1
403027;1
433184;1
425532;1
425263;1
422830;1
442141;1
416886;1
431564;1
414303;1
444054;1
431375;1
417225;1
423251;1
416866;1
413201;1
424497;1
412202;1
416722;1
440893;1
436595;1
444906;1
415842;1
445889;1
418771;1
432546;1
413359;1
444774;1
47743;1
56079;1
420438;1
426561;1
404974;1
445721;1
428885;1
440084;1
411493;1
425297;1
443305;1
427481;1
416602;1
430031;1
445333;1
407555;1
412572;1
429860;1
435488;1
426352;1
413329;1
431720;1
437720;1
423104;1
439465;1
438648;1
427017;1
423112;1
416509;1
437352;1
442515;1
444073;1
409091;1
432926;1
444532;1
414993;1
439134;1
435889;1
439275;1
436628;1
441696;1
444064;1
445691;1
439459;1
438389;1
439623;1
444167;1
445473;1
444428;1
417936;1
440619;1
431588;1
420030;1
404390;1
416225;1
421265;1
430253;1
429932;1
429489;1
427139;1
437017;1
442907;1
416802;1
427788;1
407388;1
434029;1
428710;1
415856;1
436045;1
435010;1
413425;1
433155;1
431886;1
1318;1
400827;1
413160;1
444698;1
425086;1
422467;1
430299;1
427071;1
401070;1
440459;1
415617;1
423988;1
444752;1
436652;1
420866;1
440061;1
425552;1
409189;1
419654;1
438566;1
435381;1
411501;1
439905;1
407755;1
432450;1
441140;1
413856;1
442767;1
426380;1
431111;1
428411;1
438935;1
424398;1
425411;1
419902;1
414967;1
432446;1
441774;1
433815;1
431932;1
420312;1
420188;1
444582;1
417362;1
412648;1
445427;1
445252;1
443240;1
421008;1
405681;1
439001;1
419590;1
441876;1
435928;1
438365;1
442210;1
428787;1
413772;1
443462;1
405449;1
430430;1
413706;1
420040;1
423400;1
423733;1
408240;1
437340;1
436043;1
423701;1
426565;1
434188;1
420404;1
432837;1
437487;1
418652;1
408273;1
440521;1
411336;1
426763;1
425623;1
416366;1
441481;1
442377;1
403939;1
419544;1
437845;1
444762;1
413665;1
403839;1
414457;1
416936;1
440941;1
417267;1
429335;1
420251;1
411953;1
432647;1
426676;1
427574;1
427953;1
419596;1
426511;1
442125;1
443085;1
419510;1
440447;1
421183;1
405457;1
421123;1
420998;1
429912;1
445687;1
425167;1
427713;1
433733;1
426987;1
442535;1
437584;1
414760;1
430697;1
444556;1
423878;1
438554;1
423006;1
424394;1
426443;1
423500;1
428625;1
437419;1
404775;1
442649;1
415206;1
440631;1
413746;1
264007;1
416756;1
409083;1
430033;1
424390;1
425777;1
443323;1
416590;1
429807;1
419998;1
420416;1
445361;1
422459;1
423368;1
425985;1
436013;1
430537;1
429471;1
409546;1
425112;1
436307;1
429016;1
443602;1
427947;1
100202;1
410534;1
407201;1
431516;1
416181;1
435399;1
443089;1
440427;1
423271;1
440395;1
445124;1
264012;1
437696;1
436597;1
436063;1
434007;1
441930;1
442238;1
436435;1
430393;1
445991;1
427141;1
441503;1
438594;1
427742;1
436363;1
440019;1
437213;1
416390;1
425871;1
417898;1
437116;1
426515;1
424236;1
425207;1
411474;1
429372;1
441754;1
430937;1
442925;1
420452;1
424585;1
430958;1
415096;1
421119;1
425088;1
415854;1
418099;1
420868;1
416360;1
432994;1
424613;1
421179;1
428335;1
426155;1
445493;1
416754;1
427073;1
407195;1
432412;1
425562;1
407613;1
440124;1
404060;1
424636;1
445943;1
425975;1
427318;1
425023;1
429047;1
401326;1
437503;1
428258;1
445120;1
438915;1
427418;1
423725;1
416006;1
413459;1
410796;1
428798;1
417358;1
435664;1
407733;1
441148;1
100190;1
414796;1
440469;1
443343;1
414183;1
424018;1
440617;1
432735;1
428700;1
443642;1
423188;1
441630;1
433931;1
418227;1
439148;1
403855;1
425520;1
416750;1
10308;1
443108;1
415930;1
445838;1
443650;1
404595;1
432565;1
401014;1
410517;1
438317;1
425781;1
400645;1
424126;1
409111;1
428065;1
412212;1
436878;1
416864;1
436674;1
445325;1
428668;1
442208;1
414800;1
432637;1
418575;1
443486;1
423898;1
445060;1
437322;1
13977;1
424569;1
431942;1
415911;1
431888;1
425141;1
419506;1
433969;1
422011;1
424947;1
438898;1
436676;1
426250;1
418113;1
431781;1
425057;1
428154;1
417990;1
429395;1
410538;1
423474;1
419242;1
435887;1
443162;1
412484;1
436262;1
439775;1
420235;1
435794;1
428035;1
433399;1
442119;1
100201;1
426330;1
434450;1
411141;1
405750;1
407746;1
422125;1
417422;1
443154;1
433985;1
420154;1
445713;1
445657;1
412351;1
419478;1
413617;1
411342;1
410564;1
412261;1
445084;1
430605;1
429049;1
429131;1
415483;1
416453;1
412208;1
405173;1
412238;1
428764;1
432622;1
416333;1
426159;1
416346;1
442489;1
436055;1
441485;1
410351;1
417932;1
436634;1
444754;1
420133;1
428976;1
420921;1
408246;1
413188;1
427445;1
423542;1
440069;1
423695;1
427402;1
438739;1
427129;1
425055;1
431324;1
400943;1
426447;1
426244;1
404111;1
432803;1
428855;1
415448;1
431269;1
441545;1
413355;1
410262;1
442861;1
433218;1
403845;1
411574;1
445823;1
441467;1
431445;1
412214;1
413380;1
438361;1
414720;1
412274;1
413331;1
435979;1
433231;1
428857;1
432362;1
443604;1
445693;1
431171;1
424238;1
442379;1
423707;1
426525;1
417396;1
438886;1
416928;1
436883;1
412123;1
414679;1
264015;1
413690;1
423128;1
444619;1
424659;1
437895;1
401990;1
412666;1
413627;1
442805;1
410337;1
440461;1
405292;1
431759;1
432358;1
412269;1
414766;1
426096;1
435057;1
436721;1
440271;1
443456;1
437718;1
436630;1
403925;1
431936;1
417128;1
437435;1
431024;1
430565;1
410388;1
430962;1
444980;1
433850;1
408194;1
421512;1
431792;1
429301;1
424413;1
420288;1
430972;1
405910;1
445158;1
420156;1
442012;1
428081;1
442574;1
417912;1
425999;1
432720;1
437547;1
440545;1
430267;1
428806;1
423743;1
436015;1
429682;1
427764;1
406496;1
405700;1
435075;1
414867;1
401278;1
429217;1
428059;1
1338;1
428756;1
416838;1
443019;1
430023;1
433962;1
400005;1
424541;1
428909;1
441926;1
413349;1
443091;1
415294;1
442676;1
418209;1
442793;1
404171;1
437698;1
443021;1
425161;1
444638;1
421099;1
400966;1
432222;1
411861;1
437276;1
427003;1
430334;1
410673;1
445232;1
428646;1
405284;1
436011;1
425979;1
444024;1
424054;1
445733;1
423392;1
416350;1
424210;1
444914;1
433721;1
444562;1
432340;1
433124;1
439200;1
413154;1
415992;1
419650;1
444622;1
415821;1
440921;1
416764;1
407731;1
431910;1
416610;1
427181;1
437700;1
442099;1
437447;1
423174;1
411472;1
433712;1
412684;1
432096;1
414320;1
436755;1
419468;1
433382;1
444872;1
431377;1
423727;1
417972;1
445497;1
442763;1
440021;1
436606;1
432813;1
408773;1
416690;1
445621;1
445375;1
430149;1
428690;1
438507;1
422105;1
402244;1
427543;1
416900;1
430933;1
434220;1
1275;1
418015;1
422447;1
441393;1
423535;1
440053;1
415535;1
441570;1
405780;1
436642;1
429112;1
420388;1
403941;1
401322;1
443083;1
401074;1
427083;1
404519;1
416364;1
431371;1
412286;1
410305;1
433161;1
423055;1
438415;1
429094;1
415450;1
442214;1
435141;1
434910;1
438110;1
405674;1
436795;1
439779;1
439376;1
437724;1
427473;1
433133;1
441950;1
442841;1
445403;1
425859;1
410224;1
410398;1
412452;1
426479;1
405517;1
432428;1
405685;1
430263;1
417360;1
405164;1
425198;1
428053;1
60493;1
424218;1
405912;1
443509;1
439144;1
441176;1
418207;1
426963;1
434676;1
434173;1
420201;1
423319;1
435261;1
429314;1
439374;1
407211;1
419260;1
413093;1
424204;1
436347;1
430607;1
425573;1
423124;1
429143;1
417352;1
421004;1
417052;1
441164;1
433725;1
51120;1
412670;1
412345;1
412500;1
407947;1
433794;1
430181;1
426898;1
423176;1
413399;1
438329;1
410852;1
413419;1
424359;1
424234;1
434703;1
443319;1
426372;1
427606;1
433186;1
438431;1
426042;1
427700;1
405282;1
413097;1
423840;1
442101;1
437292;1
413131;1
405957;1
424003;1
264009;1
438355;1
437260;1
407125;1
440415;1
443450;1
428990;1
431345;1
435486;1
420786;1
425192;1
404612;1
424485;1
438770;1
416352;1
426067;1
424963;1
427879;1
418761;1
431690;1
445817;1
433450;1
433525;1
410242;1
408000;1
437256;1
415750;1
416564;1
430373;1
414445;1
423496;1
415599;1
415641;1
438564;1
45798;1
431052;1
408358;1
430278;1
434055;1
439212;1
427410;1
410254;1
415673;1
423464;1
443150;1
438188;1
438429;1
415148;1
426751;1
414437;1
420219;1
427521;1
410763;1
404314;1
426411;1
427752;1
419612;1
433276;1
435107;1
432338;1
412456;1
428333;1
441918;1
439483;1
441473;1
417988;1
403927;1
410183;1
437582;1
31342;1
419412;1
430009;1
419460;1
433291;1
429235;1
425166;1
410329;1
432434;1
416002;1
415087;1
425351;1
421369;1
435542;1
440379;1
423343;1
431359;1
416616;1
435173;1
425740;1
422945;1
426075;1
414865;1
414116;1
428283;1
426134;1
415685;1
403956;1
421062;1
444642;1
445813;1
428168;1
420886;1
432517;1
439116;1
435000;1
440094;1
414268;1
443692;1
425060;1
433504;1
420689;1
434019;1
429229;1
415639;1
443458;1
431827;1
405162;1
425883;1
435675;1
428632;1
423947;1
439861;1
432569;1
422667;1
443698;1
420184;1
420396;1
413362;1
440120;1
405871;1
423299;1
424517;1
410454;1
420328;1
435422;1
436660;1
432085;1
424523;1
423990;1
426757;1
433818;1
422281;1
414792;1
407089;1
412690;1
412272;1
419444;1
423645;1
419342;1
415698;1
429329;1
432332;1
434557;1
420264;1
420050;1
418219;1
429090;1
416858;1
440501;1
440463;1
100189;1
431892;1
410246;1
431262;1
423782;1
443403;1
427359;1
425205;1
405227;1
439873;1
442169;1
424007;1
442568;1
440215;1
421024;1
56645;1
410218;1
442626;1
415922;1
428984;1
428529;1
443194;1
430045;1
445909;1
427559;1
427841;1
421103;1
431461;1
430056;1
423969;1
445296;1
438492;1
413337;1
411549;1
416582;1
415344;1
445018;1
426049;1
442493;1
444966;1
57710;1
416392;1
441549;1
433502;1
417072;1
100183;1
445016;1
428129;1
445008;1
425070;1
444436;1
429370;1
432819;1
420304;1
423394;1
431318;1
100186;1
400605;1
426900;1
420655;1
444418;1
441509;1
427079;1
431137;1
439595;1
429778;1
426226;1
419210;1
100188;1
427443;1
415877;1
436005;1
433216;1
120334;1
424945;1
428734;1
440529;1
438218;1
410546;1
429257;1
433609;1
405665;1
438737;1
445931;1
428627;1
424666;1
436425;1
433731;1
425074;1
408230;1
410522;1
264008;1
416960;1
436429;1
426132;1
419222;1
444820;1
421167;1
426399;1
440233;1
441250;1
427179;1
413462;1
433971;1
428968;1
427931;1
409211;1
413411;1
430027;1
425021;1
424162;1
410576;1
416400;1
429245;1
428919;1
403593;1
431151;1
430579;1
435864;1
433551;1
421006;1
415136;1
421502;1
438222;1
428603;1
431204;1
443573;1
423846;1
416428;1
441403;1
412232;1
443202;1
442298;1
439019;1
405981;1
434003;1
442081;1
427189;1
416552;1
418071;1
427455;1
404156;1
411845;1
443031;1
439330;1
427748;1
444624;1
439033;1
412563;1
426362;1
437015;1
439322;1
407953;1
410524;1
439168;1
436313;1
434234;1
418563;1
432635;1
432594;1
417980;1
441525;1
445164;1
423508;1
405934;1
443480;1
413609;1
419878;1
435429;1
416992;1
420836;1
416820;1
429640;1
433506;1
445871;1
434938;1
431871;1
403952;1
415811;1
415218;1
426711;1
441772;1
408321;1
423506;1
417447;1
424328;1
445903;1
444742;1
411961;1
408226;1
438798;1
432863;1
435195;1
405997;1
426959;1
426336;1
420824;1
410552;1
439661;1
420294;1
419684;1
420406;1
407086;1
443025;1
418171;1
409617;1
428650;1
436041;1
410375;1
428549;1
420899;1
443694;1
415342;1
423741;1
411495;1
427863;1
436075;1
424034;1
419414;1
419278;1
412230;1
434924;1
439520;1
413397;1
432737;1
413728;1
417416;1
428449;1
419362;1
412502;1
408834;1
419974;1
424685;1
444668;1
431312;1
410447;1
431798;1
416097;1
418101;1
431310;1
416634;1
432268;1
423359;1
418473;1
411512;1
433561;1
429152;1
432194;1
432675;1
405756;1
435632;1
405810;1
416298;1
418338;1
426814;1
441872;1
424456;1
427608;1
442903;1
445110;1
421496;1
431716;1
403249;1
427867;1
412496;1
426670;1
416530;1
410214;1
444978;1
439907;1
409187;1
443200;1
413437;1
421058;1
430597;1
440601;1
418235;1
430583;1
427027;1
432398;1
437627;1
444718;1
414714;1
444826;1
405305;1
421328;1
405905;1
423723;1
427923;1
421195;1
411704;1
441682;1
438604;1
423900;1
437497;1
423327;1
445507;1
440961;1
425415;1
425564;1
405914;1
445290;1
436204;1
433063;1
408123;1
441040;1
418789;1
430956;1
423347;1
425121;1
424670;1
424431;1
427736;1
45526;1
445563;1
444892;1
427427;1
405683;1
420864;1
418583;1
425655;1
412368;1
430353;1
444570;1
20319;1
411441;1
409921;1
433101;1
435522;1
430062;1
423751;1
404444;1
410320;1
430015;1
425098;1
420931;1
443585;1
416946;1
416043;1
416810;1
415813;1
419908;1
445477;1
423305;1
436601;1
415645;1
441246;1
412370;1
419252;1
430981;1
100065;1
439192;1
439186;1
439058;1
441854;1
419372;1
417459;1
405952;1
439893;1
444740;1
410475;1
415487;1
420276;1
438102;1
417306;1
423777;1
439326;1
410167;1
411404;1
430989;1
425084;1
417104;1
413629;1
438003;1
410142;1
408172;1
431264;1
413401;1
410138;1
443260;1
434678;1
432659;1
427598;1
420661;1
416274;1
416296;1
427104;1
405932;1
435594;1
410653;1
419724;1
445236;1
426163;1
435476;1
431093;1
422133;1
427157;1
433296;1
416888;1
410792;1
418031;1
414464;1
444822;1
405447;1
435810;1
442606;1
417414;1
445308;1
435006;1
421989;1
427009;1
428748;1
421161;1
427746;1
444313;1
409568;1
431298;1
431722;1
426713;1
445803;1
422828;1
442375;1
437748;1
430095;1
428731;1
437149;1
437076;1
410809;1
410831;1
419562;1
422216;1
423882;1
419958;1
411897;1
407097;1
422967;1
436809;1
431115;1
443648;1
440505;1
405687;1
443553;1
418159;1
421371;1
427412;1
435768;1
445150;1
418577;1
441946;1
444171;1
239443;1
440475;1
413811;1
444886;1
444147;1
429331;1
440259;1
412654;1
443640;1
443029;1
425155;1
442600;1
442501;1
423261;1
438399;1
419924;1
425754;1
421060;1
426539;1
444648;1
414173;1
53689;1
416990;1
440655;1
412658;1
408242;1
420360;1
439909;1
404819;1
438280;1
409607;1
409615;1
445391;1
443714;1
445613;1
429976;1
433611;1
438448;1
445983;1
416702;1
439222;1
405350;1
410572;1
427108;1
444686;1
426435;1
440263;1
435954;1
432210;1
438427;1
433308;1
420104;1
427098;1
423341;1
415467;1
441636;1
442212;1
415551;1
422457;1
443816;1
430195;1
415583;1
445425;1
437722;1
432011;1
430479;1
430316;1
426272;1
417404;1
437594;1
435253;1
426547;1
408583;1
442127;1
239150;1
436071;1
410944;1
417916;1
426957;1
415677;1
430447;1
442753;1
420894;1
411867;1
425625;1
418272;1
437318;1
419714;1
409554;1
406491;1
420064;1
414180;1
441489;1
442911;1
420685;1
442521;1
424503;1
411929;1
440417;1
421263;1
432189;1
427479;1
428853;1
425243;1
437316;1
436309;1
420243;1
441142;1
431958;1
415833;1
442628;1
408477;1
428780;1
439613;1
436442;1
438371;1
415144;1
409609;1
405473;1
444066;1
432841;1
437519;1
416237;1
433647;1
415625;1
435257;1
436238;1
437553;1
419558;1
417002;1
418043;1
425645;1
407877;1
416416;1
423076;1
416902;1
425203;1
410550;1
419500;1
408607;1
437481;1
428575;1
402354;1
416469;1
431944;1
440633;1
437517;1
431904;1
429916;1
443664;1
415479;1
440645;1
431787;1
412038;1
405177;1
425540;1
435903;1
424577;1
425279;1
426507;1
421040;1
400451;1
433643;1
411522;1
422214;1
415438;1
405270;1
402497;1
411804;1
436666;1
404199;1
408769;1
420296;1
423010;1
430066;1
431028;1
427330;1
413722;1
424990;1
423844;1
422463;1
415334;1
401093;1
438395;1
438276;1
417420;1
438196;1
415972;1
442787;1
441762;1
407871;1
438488;1
444508;1
435874;1
445699;1
433800;1
433332;1
424939;1
429798;1
430163;1
405471;1
421016;1
416280;1
434684;1
428865;1
437728;1
415589;1
431119;1
412631;1
423353;1
421056;1
405179;1
418569;1
408317;1
433177;1
414479;1
441166;1
423259;1
441523;1
437023;1
425068;1
442817;1
433472;1
423919;1
443128;1
428547;1
410058;1
419350;1
443676;1
442155;1
419900;1
441134;1
429157;1
429475;1
426745;1
420364;1
435187;1
437653;1
408041;1
442461;1
445487;1
430187;1
427618;1
444728;1
436353;1
424919;1
429291;1
436843;1
435405;1
443371;1
425261;1
410526;1
431069;1
430219;1
416830;1
411919;1
404386;1
433903;1
429970;1
413533;1
429387;1
426332;1
432005;1
435492;1
405240;1
413364;1
415395;1
419552;1
425145;1
445148;1
444452;1
424949;1
411935;1
435770;1
445895;1
432507;1
443482;1
444034;1
415524;1
422270;1
412125;1
427740;1
427373;1
426276;1
420072;1
429784;1
404115;1
431240;1
423886;1
416308;1
435563;1
445106;1
417154;1
428988;1
439645;1
404128;1
443244;1
416556;1
413675;1
438478;1
435053;1
425524;1
410409;1
424575;1
421143;1
430134;1
438353;1
415980;1
442173;1
445545;1
401426;1
404710;1
416920;1
412580;1
423156;1
442785;1
424384;1
408730;1
429012;1
421948;1
404392;1
444042;1
418618;1
416758;1
412471;1
45618;1
443331;1
433656;1
432099;1
416239;1
426069;1
427525;1
436375;1
407182;1
426798;1
424469;1
423684;1
444692;1
408385;1
440219;1
430513;1
437453;1
410244;1
426501;1
412478;1
410816;1
410192;1
441366;1
445627;1
445975;1
415531;1
423398;1
441507;1
436811;1
416912;1
424957;1
418069;1
420984;1
427545;1
409536;1
441600;1
415286;1
409493;1
441980;1
424112;1
435643;1
430183;1
416382;1
435798;1
417376;1
423130;1
444784;1
408656;1
426209;1
426800;1
438788;1
442304;1
415659;1
426499;1
431995;1
410165;1
445170;1
423255;1
445479;1
425991;1
403266;1
445997;1
410349;1
429487;1
433430;1
405150;1
417122;1
429995;1
405242;1
411178;1
429026;1
431107;1
407867;1
440963;1
410581;1
434230;1
442188;1
433418;1
429770;1
432160;1
418624;1
414247;1
416638;1
415188;1
426401;1
442139;1
445915;1
408771;1
418125;1
427085;1
432571;1
432523;1
414051;1
411925;1
46985;1
429086;1
413369;1
442608;1
405345;1
427406;1
419918;1
416064;1
443413;1
416568;1
431411;1
441944;1
429312;1
413405;1
445535;1
443474;1
415125;1
421225;1
418308;1
404225;1
425722;1
442006;1
440511;1
415508;1
421953;1
441728;1
431997;1
430290;1
427994;1
425006;1
416099;1
424345;1
405015;1
427347;1
428609;1
424036;1
437469;1
436668;1
421219;1
420322;1
445294;1
439651;1
441880;1
439467;1
408455;1
425763;1
423967;1
415815;1
435234;1
419266;1
444778;1
433796;1
415162;1
424697;1
445527;1
411915;1
444690;1
425391;1
419570;1
414047;1
439070;1
404396;1
413215;1
403816;1
415869;1
435776;1
401981;1
420454;1
429922;1
424184;1
426290;1
423552;1
430233;1
413523;1
416608;1
445044;1
431409;1
432653;1
436608;1
427420;1
422275;1
430064;1
440613;1
429680;1
435760;1
413647;1
412134;1
443220;1
417368;1
439637;1
419356;1
424314;1
432580;1
426549;1
401173;1
436819;1
442230;1
426953;1
414049;1
445485;1
428399;1
430917;1
411706;1
437889;1
434791;1
429106;1
445605;1
422409;1
445112;1
427369;1
437785;1
433893;1
419716;1
445653;1
426051;1
433531;1
438890;1
435538;1
405152;1
412022;1
435165;1
427907;1
442381;1
415413;1
426403;1
441260;1
429310;1
425738;1
423705;1
423779;1
412490;1
443468;1
442073;1
418211;1
433478;1
427059;1
417142;1
417374;1
445086;1
427722;1
438369;1
438882;1
413796;1
442738;1
416778;1
428666;1
414497;1
427656;1
443674;1
409014;1
442917;1
430331;1
431183;1
426252;1
400059;1
428535;1
409564;1
411837;1
444295;1
413831;1
426535;1
439114;1
404036;1
423132;1
445955;1
438299;1
431505;1
427941;1
442052;1
410390;1
429356;1
413429;1
443013;1
414722;1
440933;1
444644;1
433424;1
442590;1
412545;1
424038;1
412494;1
407927;1
444862;1
431874;1
404107;1
426256;1
433410;1
435846;1
413535;1
420957;1
433018;1
427332;1
435952;1
430068;1
414515;1
427255;1
425249;1
427335;1
418083;1
443704;1
423120;1
403025;1
440221;1
423329;1
442505;1
421145;1
429981;1
403615;1
428915;1
408613;1
442308;1
432785;1
431912;1
420687;1
436027;1
410200;1
445080;1
438880;1
410325;1
418767;1
410171;1
430309;1
433987;1
426537;1
445070;1
429517;1
445615;1
437475;1
414871;1
432492;1
443401;1
416477;1
444662;1
423804;1
430531;1
441938;1
419624;1
432913;1
425789;1
417219;1
45279;1
433569;1
432867;1
443407;1
428281;1
440996;1
416033;1
411470;1
437433;1
423061;1
421193;1
430147;1
442344;1
100172;1
421983;1
426392;1
418021;1
429403;1
443246;1
419346;1
427459;1
410661;1
445349;1
426236;1
437421;1
445439;1
435848;1
426682;1
437779;1
106383;1
436305;1
412625;1
440537;1
427684;1
412461;1
423994;1
401112;1
438409;1
437346;1
425043;1
439174;1
427394;1
429126;1
432406;1
445607;1
423018;1
420278;1
424980;1
430985;1
441888;1
443688;1
415623;1
412144;1
429004;1
430699;1
444650;1
426034;1
428911;1
416806;1
426735;1
410530;1
434222;1
439471;1
417088;1
431226;1
431385;1
416566;1
440086;1
410369;1
427875;1
429856;1
405839;1
423721;1
420290;1
100176;1
411525;1
425219;1
421093;1
436648;1
429493;1
427680;1
437501;1
426778;1
434009;1
424603;1
437843;1
433563;1
401072;1
442121;1
439170;1
445038;1
437525;1
417854;1
435814;1
439180;1
405009;1
426108;1
423713;1
437312;1
409715;1
439346;1
431694;1
422685;1
405030;1
441824;1
422261;1
413579;1
433004;1
436216;1
405453;1
429366;1
435414;1
443583;1
414174;1
442586;1
445186;1
416966;1
417872;1
426270;1
420286;1
420448;1
418183;1
408609;1
423084;1
438182;1
425165;1
440443;1
410290;1
431117;1
415522;1
445385;1
441778;1
445523;1
443069;1
413113;1
404805;1
420137;1
425875;1
414808;1
433328;1
404935;1
427453;1
436618;1
425817;1
416812;1
412253;1
427065;1
439182;1
424505;1
436497;1
424473;1
239272;1
410339;1
413345;1
16449;1
414184;1
432859;1
441415;1
442296;1
431661;1
444666;1
413219;1
444974;1
417398;1
425149;1
400674;1
433869;1
415346;1
418589;1
442348;1
440098;1
417036;1
419254;1
426727;1
428802;1
442232;1
433852;1
433965;1
410761;1
55877;1
419578;1
423204;1
411487;1
441922;1
427572;1
417253;1
435410;1
423765;1
435298;1
444289;1
444151;1
443065;1
425201;1
435498;1
429287;1
438393;1
401076;1
436993;1
417964;1
438580;1
400360;1
431418;1
100200;1
417930;1
412036;1
435012;1
423693;1
421010;1
430139;1
411963;1
405036;1
60169;1
443216;1
425373;1
442991;1
415232;1
420858;1
439531;1
436719;1
411508;1
421137;1
419711;1
445168;1
432561;1
439655;1
429036;1
420432;1
432839;1
420129;1
441878;1
424555;1
445132;1
433135;1
444528;1
432494;1
444249;1
425357;1
239354;1
436682;1
430215;1
445989;1
442680;1
425492;1
428543;1
436723;1
413156;1
415994;1
436563;1
437038;1
428958;1
416816;1
409566;1
425811;1
436775;1
424247;1
431554;1
436272;1
434050;1
444028;1
401042;1
444566;1
417251;1
433824;1
430211;1
444880;1
430118;1
408724;1
419682;1
426350;1
426090;1
422541;1
430077;1
416434;1
421109;1
444438;1
408492;1
437712;1
416278;1
422097;1
416430;1
31963;1
430081;1
427565;1
408323;1
414764;1
436614;1
429660;1
421332;1
429533;1
414466;1
443212;1
419524;1
435484;1
417114;1
428676;1
439289;1
424481;1
435478;1
427519;1
419282;1
443138;1
418191;1
432390;1
436823;1
417986;1
428630;1
415780;1
55282;1
424343;1
410857;1
402280;1
444163;1
431948;1
422009;1
416766;1
424258;1
419426;1
430005;1
405160;1
410476;1
428907;1
441409;1
415365;1
437740;1
437951;1
411042;1
442507;1
439457;1
403513;1
436437;1
405463;1
416976;1
438948;1
50564;1
432013;1
426851;1
442576;1
430499;1
438616;1
430288;1
429809;1
445573;1
427828;1
424628;1
439747;1
427491;1
431125;1
440211;1
407553;1
439013;1
408712;1
432573;1
421409;1
427539;1
427463;1
418656;1
425114;1
420246;1
431528;1
410519;1
426356;1
422007;1
421107;1
441000;1
433137;1
430624;1
437507;1
437132;1
423049;1
405124;1
430257;1
414312;1
425027;1
418089;1
439589;1
427011;1
428087;1
440651;1
440503;1
412607;1
435552;1
445637;1
418193;1
405064;1
424283;1
413415;1
417884;1
436021;1
421946;1
430122;1
427118;1
430630;1
431127;1
437791;1
426989;1
427489;1
445875;1
408292;1
425053;1
435425;1
404751;1
423065;1
433840;1
404565;1
427770;1
438285;1
417996;1
423848;1
427711;1
425102;1
411249;1
413513;1
443684;1
439210;1
410302;1
424370;1
425779;1
413686;1
444756;1
402447;1
444646;1
407127;1
423291;1
424062;1
422263;1
416368;1
411499;1
444432;1
427738;1
432336;1
417474;1
435728;1
442809;1
431216;1
417096;1
435804;1
60153;1
400990;1
441750;1
425413;1
430993;1
430675;1
443317;1
439451;1
417182;1
427881;1
418640;1
422137;1
442014;1
416574;1
439625;1
403849;1
441505;1
431161;1
438894;1
431426;1
404933;1
415384;1
431682;1
429972;1
417086;1
444179;1
410085;1
429796;1
425550;1
415431;1
424955;1
438291;1
422461;1
436282;1
435501;1
419604;1
415371;1
423677;1
414564;1
420384;1
422625;1
437100;1
443228;1
441882;1
445377;1
430236;1
433440;1
430037;1
433549;1
435210;1
425921;1
445339;1
442469;1
424285;1
410975;1
442855;1
431817;1
445298;1
424561;1
429283;1
418153;1
439088;1
416600;1
444628;1
420163;1
425631;1
423303;1
414453;1
441419;1
427081;1
424615;1
408325;1
430126;1
425215;1
438927;1
432529;1
436423;1
414489;1
420784;1
433395;1
444688;1
408335;1
437354;1
444422;1
407082;1
441850;1
431749;1
436019;1
428672;1
423502;1
414869;1
439579;1
417856;1
428447;1
405477;1
433380;1
417084;1
426344;1
405244;1
429537;1
433917;1
435870;1
427744;1
442401;1
441912;1
421800;1
100066;1
414485;1
411865;1
430157;1
436971;1
416652;1
442503;1
414753;1
440859;1
444652;1
441557;1
412656;1
430391;1
440403;1
442310;1
415512;1
433929;1
414179;1
443686;1
439383;1
432781;1
442179;1
437795;1
408271;1
417280;1
439340;1
408748;1
427343;1
444185;1
411344;1
444868;1
427245;1
425809;1
410822;1
428611;1
433577;1
420146;1
414981;1
437692;1
443435;1
426187;1
442475;1
425393;1
422943;1
425560;1
441511;1
432671;1
402288;1
426388;1
400994;1
436487;1
442622;1
405274;1
430523;1
445979;1
419904;1
443282;1
416487;1
427957;1
445090;1
407334;1
404551;1
435950;1
416394;1
421105;1
436864;1
418241;1
416526;1
417223;1
410997;1
416356;1
404216;1
407099;1
441200;1
415544;1
426896;1
432101;1
431422;1
412358;1
431823;1
415894;1
443116;1
416558;1
412121;1
430517;1
437758;1
419700;1
425601;1
427834;1
436511;1
438345;1
428986;1
425347;1
425247;1
412265;1
432342;1
422163;1
426491;1
445160;1
423771;1
442509;1
441690;1
412014;1
419674;1
106382;1
428996;1
414977;1
427441;1
413573;1
435700;1
436065;1
432847;1
442742;1
443507;1
433828;1
425002;1
426965;1
433442;1
435026;1
408198;1
46981;1
414708;1
417866;1
429477;1
408496;1
426055;1
443466;1
432641;1
424353;1
435734;1
429120;1
429902;1
415690;1
442491;1
442020;1
47501;1
442847;1
442547;1
442983;1
438756;1
410956;1
416147;1
419586;1
429726;1
427883;1
264003;1
434900;1
422411;1
426487;1
442637;1
431155;1
425176;1
442511;1
428595;1
445565;1
415338;1
445248;1
434666;1
433496;1
445102;1
419720;1
438790;1
442079;1
428905;1
430603;1
437473;1
431361;1
410450;1
429163;1
438460;1
442714;1
417382;1
426040;1
409479;1
411859;1
426338;1
428613;1
415500;1
440261;1
416924;1
425259;1
435111;1
435528;1
437805;1
427131;1
416670;1
432861;1
421276;1
441182;1
439314;1
409412;1
411905;1
428166;1
433436;1
418161;1
425791;1
436295;1
437139;1
427702;1
439793;1
438142;1
435722;1
411247;1
415328;1
415142;1
409501;1
408254;1
419312;1
440513;1
435702;1
427341;1
400920;1
417914;1
420653;1
413353;1
441920;1
441106;1
425076;1
405170;1
412248;1
413637;1
442789;1
403822;1
437262;1
434793;1
425885;1
436541;1
442877;1
423190;1
417874;1
413375;1
415160;1
439869;1
441914;1
438952;1
406113;1
436787;1
405938;1
415401;1
440421;1
442653;1
431026;1
437600;1
424679;1
419954;1
437669;1
419606;1
428583;1
433958;1
445587;1
402144;1
442895;1
428760;1
430601;1
409562;1
431395;1
416339;1
424644;1
403818;1
432491;1
433579;1
417048;1
443662;1
410404;1
413552;1
427049;1
404543;1
426969;1
415694;1
445453;1
425668;1
52573;1
415238;1
442389;1
444040;1
430987;1
439769;1
412694;1
443114;1
423943;1
431540;1
419680;1
433229;1
445577;1
430439;1
432957;1
445737;1
412557;1
430011;1
403921;1
425251;1
438425;1
409638;1
413792;1
436220;1
418650;1
444884;1
435470;1
420280;1
423051;1
444812;1
445300;1
415974;1
444960;1
437549;1
445840;1
411193;1
419978;1
402958;1
410925;1
418217;1
427678;1
444682;1
401054;1
445228;1
433074;1
431882;1
439719;1
437801;1
437465;1
412637;1
418023;1
438995;1
424052;1
421268;1
405272;1
424565;1
429393;1
420352;1
432531;1
416550;1
424553;1
443598;1
441620;1
445571;1
438001;1
443922;1
425518;1
57190;1
423339;1
427116;1
425339;1
431353;1
439528;1
440243;1
425696;1
417116;1
430052;1
416512;1
439653;1
55848;1
415984;1
401131;1
429672;1
408248;1
415819;1
442050;1
428455;1
415587;1
441648;1
431771;1
445323;1
430975;1
425664;1
425277;1
439859;1
428867;1
430259;1
428100;1
423126;1
405387;1
441634;1
427857;1
435377;1
426715;1
426505;1
422992;1
415510;1
435508;1
417978;1
421165;1
433360;1
432596;1
422471;1
424493;1
427992;1
445919;1
410136;1
432156;1
436067;1
443438;1
415190;1
428966;1
419926;1
445407;1
440025;1
419566;1
412735;1
426165;1
416728;1
431846;1
414873;1
410568;1
421413;1
419662;1
423866;1
439196;1
433354;1
441056;1
415170;1
433804;1
439553;1
441519;1
412688;1
436701;1
427662;1
445441;1
416828;1
414890;1
444788;1
428443;1
431993;1
441529;1
438405;1
419962;1
422555;1
424672;1
426489;1
433169;1
100178;1
416004;1
408439;1
416135;1
414960;1
445597;1
405946;1
410056;1
423184;1
438933;1
429059;1
437528;1
442248;1
433339;1
435420;1
430039;1
443210;1
416774;1
441840;1
412156;1
435818;1
441198;1
441421;1
435938;1
435899;1
423781;1
440092;1
426384;1
434442;1
434067;1
416664;1
420272;1
413748;1
411479;1
432881;1
427110;1
420975;1
403328;1
413176;1
421169;1
439749;1
427732;1
440477;1
427616;1
410402;1
429760;1
443230;1
405860;1
432476;1
406034;1
438134;1
429221;1
430229;1
445226;1
428768;1
412686;1
419622;1
427416;1
419480;1
440953;1
415756;1
429491;1
426737;1
405262;1
416768;1
439062;1
442686;1
438011;1
439537;1
408244;1
430935;1
442093;1
412392;1
415629;1
427345;1
416329;1
440607;1
442026;1
440385;1
435696;1
423850;1
410066;1
409018;1
429668;1
427654;1
415258;1
416744;1
441752;1
415492;1
437449;1
416872;1
425594;1
427838;1
415082;1
441576;1
425929;1
440209;1
419752;1
425873;1
437736;1
417956;1
427234;1
411476;1
439434;1
408132;1
130597;1
429129;1
439781;1
433448;1
440479;1
442302;1
429277;1
416473;1
427784;1
425159;1
417868;1
428010;1
444149;1
433476;1
433188;1
432154;1
432934;1
424232;1
420036;1
444607;1
430132;1
442853;1
445631;1
426240;1
437445;1
439348;1
436753;1
414758;1
425708;1
425726;1
433343;1
423355;1
438584;1
426189;1
432918;1
443015;1
445623;1
420106;1
408125;1
436057;1
442234;1
425732;1
442399;1
418642;1
436761;1
435263;1
417428;1
435598;1
405230;1
417102;1
442971;1
427720;1
419378;1
416548;1
433808;1
439795;1
427715;1
432694;1
420897;1
425267;1
427861;1
433456;1
419173;1
410833;1
435907;1
439757;1
440531;1
442582;1
444810;1
409556;1
438116;1
441186;1
432891;1
444215;1
415593;1
425235;1
435740;1
421794;1
420114;1
432877;1
437360;1
441906;1
426571;1
412355;1
411801;1
420348;1
415055;1
424943;1
416378;1
416584;1
434942;1
442369;1
435065;1
435732;1
405625;1
416485;1
418765;1
431546;1
433298;1
423382;1
413198;1
433991;1
429239;1
428160;1
430553;1
437407;1
445529;1
435901;1
435071;1
430487;1
438664;1
435782;1
418628;1
439369;1
419966;1
421961;1
444636;1
421002;1
435993;1
423154;1
443577;1
436856;1
407247;1
437205;1
443003;1
414295;1
445467;1
442563;1
416306;1
429081;1
442113;1
418223;1
428719;1
445999;1
426729;1
420934;1
417356;1
403792;1
29772;1
427183;1
442779;1
413667;1
423168;1
54785;1
440067;1
427477;1
430301;1
445455;1
445941;1
414176;1
423364;1
444177;1
415720;1
439444;1
440853;1
412335;1
437783;1
410973;1
444866;1
430587;1
433950;1
416896;1
408394;1
426397;1
410501;1
440591;1
420840;1
442682;1
426810;1
415461;1
408783;1
425931;1
427236;1
419202;1
440249;1
421227;1
442000;1
412206;1
418634;1
10306;1
421991;1
433631;1
402567;1
435161;1
410999;1
419358;1
427666;1
436813;1
430377;1
412469;1
420165;1
440063;1
428881;1
434228;1
421127;1
436531;1
405266;1
415204;1
423896;1
436705;1
438220;1
442813;1
433585;1
429815;1
440823;1
412341;1
429385;1
426342;1
414417;1
445891;1
435762;1
424363;1
431266;1
433999;1
410818;1
423313;1
431099;1
445174;1
430314;1
410188;1
443551;1
419656;1
436662;1
430555;1
424433;1
444617;1
422019;1
445254;1
417896;1
437425;1
440979;1
437647;1
418567;1
405704;1
428323;1
404316;1
415850;1
411308;1
442759;1
425746;1
427047;1
423699;1
413726;1
435061;1
437489;1
422109;1
434906;1
442751;1
411883;1
415978;1
425184;1
415150;1
432485;1
430533;1
435911;1
423902;1
438287;1
442783;1
412297;1
430145;1
442364;1
442674;1
432916;1
441572;1
442358;1
420139;1
429077;1
438013;1
424024;1
418905;1
428978;1
433846;1
435540;1
432498;1
417030;1
430947;1
442655;1
437663;1
403986;1
435720;1
411891;1
410357;1
437799;1
405166;1
440659;1
410210;1
440047;1
433428;1
435091;1
441864;1
413129;1
425512;1
436612;1
431185;1
420913;1
442740;1
430161;1
420375;1
415858;1
437069;1
429664;1
433259;1
443690;1
426431;1
413774;1
416518;1
431459;1
439607;1
428887;1
445501;1
432936;1
436767;1
442684;1
443634;1
440925;1
436845;1
422553;1
416942;1
433224;1
426157;1
410456;1
435460;1
421113;1
442893;1
408500;1
431804;1
423753;1
414962;1
418638;1
433065;1
424648;1
401052;1
425643;1
431109;1
412587;1
414172;1
409499;1
445304;1
410236;1
423478;1
428800;1
419532;1
412306;1
431926;1
410281;1
400962;1
412216;1
434071;1
405288;1
428758;1
413478;1
408313;1
415121;1
436270;1
413310;1
440811;1
1305;1
426092;1
425516;1
423520;1
419960;1
415681;1
405132;1
414842;1
420844;1
443587;1
416217;1
415382;1
434061;1
427075;1
439194;1
415782;1
441358;1
443484;1
430141;1
442559;1
417056;1
418093;1
431031;1
420239;1
415516;1
435518;1
412567;1
444420;1
441116;1
419438;1
436367;1
413199;1
436537;1
433498;1
427467;1
427642;1
436440;1
426569;1
414293;1
445885;1
418000;1
439871;1
415892;1
408511;1
425237;1
417848;1
444530;1
410347;1
442198;1
445373;1
433810;1
418632;1
423402;1
418047;1
419212;1
425605;1
417870;1
433278;1
437999;1
416302;1
415726;1
441495;1
438407;1
437813;1
410382;1
415986;1
433376;1
400415;1
423518;1
434918;1
435592;1
424458;1
416746;1
418033;1
445709;1
429045;1
425045;1
431544;1
423008;1
443608;1
412743;1
425253;1
436646;1
411889;1
435482;1
436274;1
413563;1
430569;1
435932;1
437746;1
410536;1
408262;1
444878;1
407102;1
416133;1
419572;1
405724;1
442192;1
415330;1
445222;1
445276;1
430197;1
436656;1
442989;1
420919;1
404807;1
435679;1
427429;1
420358;1
445030;1
424658;1
442915;1
438900;1
427604;1
432706;1
431701;1
416914;1
435334;1
413601;1
402501;1
423913;1
33722;1
445481;1
441904;1
440055;1
416614;1
404050;1
430396;1
438884;1
428289;1
424937;1
445827;1
424148;1
412305;1
405491;1
39925;1
404801;1
436912;1
413550;1
436335;1
420854;1
407203;1
418616;1
416972;1
437744;1
440267;1
409202;1
434697;1
434946;1
425951;1
437750;1
433204;1
431129;1
417380;1
415683;1
443578;1
423460;1
427583;1
416612;1
435648;1
419512;1
426246;1
438005;1
428315;1
410070;1
415647;1
416736;1
435167;1
426036;1
410804;1
441170;1
439883;1
433516;1
428293;1
418265;1
427061;1
442196;1
416039;1
429055;1
437086;1
409636;1
416153;1
440405;1
439557;1
433842;1
100175;1
423824;1
441868;1
433341;1
438391;1
426294;1
413371;1
417148;1
429924;1
431424;1
428706;1
426354;1
445777;1
413491;1
414308;1
430058;1
413387;1
440245;1
442356;1
419648;1
420122;1
425570;1
425059;1
411893;1
442999;1
428974;1
429051;1
401175;1
434440;1
431181;1
429497;1
410747;1
438140;1
419338;1
426613;1
100162;1
427447;1
407110;1
433261;1
429417;1
427576;1
413211;1
400658;1
433208;1
428960;1
433719;1
426322;1
404231;1
420842;1
438971;1
416323;1
431435;1
441688;1
53499;1
415852;1
422127;1
418117;1
445977;1
417269;1
404214;1
423715;1
443652;1
437417;1
419224;1
421944;1
100195;1
426993;1
418221;1
423906;1
425973;1
429293;1
416978;1
438403;1
440525;1
405847;1
426653;1
412445;1
407104;1
428297;1
416319;1
413133;1
420418;1
432430;1
428567;1
416818;1
417146;1
442700;1
444634;1
424009;1
423380;1
419476;1
416354;1
412635;1
424309;1
429732;1
413294;1
425528;1
417406;1
432643;1
444968;1
424068;1
425008;1
429382;1
442614;1
436829;1
439352;1
445457;1
431552;1
445647;1
445343;1
424188;1
418147;1
418779;1
433587;1
435974;1
421261;1
440239;1
410198;1
436264;1
429075;1
433954;1
430071;1
430167;1
431538;1
435073;1
420169;1
445096;1
415429;1
438433;1
418103;1
408294;1
436321;1
404869;1
418163;1
436895;1
434884;1
224002;1
427730;1
409560;1
435690;1
439112;1
445921;1
401549;1
410659;1
429485;1
437290;1
444070;1
420874;1
405582;1
406502;1
416245;1
431314;1
415553;1
428607;1
408296;1
424599;1
417372;1
416860;1
424539;1
413546;1
445156;1
429368;1
430485;1
415881;1
420098;1
429999;1
434948;1
433271;1
442706;1
429734;1
406099;1
444181;1
410843;1
439041;1
429139;1
426151;1
439397;1
429092;1
443198;1
424689;1
438112;1
444030;1
433790;1
436789;1
439003;1
419916;1
442811;1
437756;1
441138;1
425542;1
405948;1
420266;1
419294;1
435802;1
432386;1
429811;1
442294;1
419912;1
423311;1
417434;1
439759;1
438931;1
440541;1
437688;1
427664;1
408481;1
419910;1
413136;1
430457;1
443708;1
438472;1
425041;1
431676;1
433434;1
441884;1
444836;1
437797;1
423655;1
441266;1
39065;1
433222;1
411903;1
445603;1
407744;1
439627;1
435255;1
441680;1
444183;1
425720;1
435856;1
416844;1
404370;1
410400;1
430025;1
440207;1
438184;1
431277;1
428311;1
443256;1
443001;1
426843;1
442513;1
413671;1
437108;1
439659;1
431729;1
57115;1
427137;1
445314;1
442610;1
424501;1
440257;1
429829;1
434950;1
421189;1
443315;1
426171;1
52142;1
436303;1
444780;1
414554;1
442919;1
420042;1
423872;1
425939;1
443347;1
431210;1
423819;1
429149;1
418601;1
420192;1
406456;1
420645;1
405708;1
435526;1
418243;1
438373;1
428186;1
410128;1
39207;1
414447;1
411382;1
411921;1
427485;1
423581;1
414471;1
57032;1
427077;1
441513;1
445595;1
443566;1
418314;1
429419;1
426672;1
431844;1
431663;1
431121;1
433202;1
410837;1
410814;1
419404;1
403835;1
429104;1
438383;1
423747;1
434670;1
417040;1
444560;1
416738;1
428339;1
428363;1
435371;1
420410;1
441499;1
412561;1
413135;1
432049;1
435790;1
415730;1
438741;1
432496;1
425797;1
404761;1
433082;1
419248;1
425698;1
429638;1
403011;1
437423;1
440381;1
429481;1
425579;1
439120;1
430128;1
420402;1
422115;1
424306;1
423333;1
444293;1
413443;1
429233;1
424417;1
438228;1
438598;1
428393;1
442075;1
441628;1
419470;1
427363;1
433235;1
445933;1
431415;1
435946;1
437649;1
443208;1
424595;1
441144;1
443248;1
417274;1
440977;1
424020;1
445557;1
442427;1
418626;1
439522;1
430124;1
436266;1
419568;1
415168;1
432576;1
412662;1
438357;1
10307;1
411945;1
431880;1
437769;1
429041;1
430406;1
445280;1
416455;1
426278;1
432989;1
423164;1
426533;1
423287;1
424537;1
438108;1
426551;1
441214;1
416814;1
441870;1
435113;1
413752;1
444830;1
423331;1
440065;1
440213;1
424703;1
432105;1
407757;1
421042;1
403833;1
412601;1
431532;1
422903;1
440825;1
431902;1
433253;1
417028;1
435336;1
416235;1
435472;1
418593;1
433387;1
421784;1
426234;1
434882;1
10311;1
437324;1
430013;1
429666;1
416173;1
407414;1
413750;1
419689;1
444734;1
444247;1
413806;1
434175;1
427756;1
421018;1
415280;1
426605;1
427135;1
445258;1
417120;1
432769;1
442670;1
420909;1
416524;1
437943;1
424178;1
430979;1
445447;1
413427;1
443079;1
415801;1
417900;1
431232;1
436686;1
442077;1
424611;1
412026;1
420673;1
410380;1
437856;1
428321;1
429350;1
428994;1
401430;1
431056;1
432185;1
410335;1
414299;1
424935;1
412283;1
433967;1
426983;1
410669;1
415956;1
425163;1
407199;1
433788;1
439771;1
440078;1
428188;1
413148;1
405748;1
416776;1
444824;1
411340;1
437590;1
442533;1
420362;1
408734;1
433907;1
410540;1
445525;1
39056;1
100181;1
425231;1
415440;1
424454;1
419258;1
428692;1
436684;1
414475;1
434177;1
435784;1
426739;1
427469;1
432691;1
416241;1
415962;1
405335;1
427015;1
440629;1
430274;1
436962;1
442240;1
435014;1
405017;1
445274;1
418135;1
428859;1
440855;1
420161;1
431896;1
430319;1
413164;1
15563;1
421955;1
421963;1
416870;1
436513;1
418636;1
420221;1
429756;1
417982;1
426230;1
432382;1
436444;1
405436;1
432394;1
433667;1
52140;1
443093;1
422003;1
433856;1
443678;1
440923;1
428658;1
436854;1
422415;1
443355;1
437661;1
445078;1
444730;1
444674;1
412641;1
435995;1
403820;1
431014;1
429171;1
436872;1
438411;1
445899;1
431666;1
417402;1
401056;1
439367;1
424953;1
438200;1
415421;1
428277;1
100179;1
428190;1
414893;1
413431;1
100185;1
445537;1
437611;1
444702;1
444954;1
423295;1
430130;1
413453;1
413166;1
431169;1
416882;1
435792;1
410474;1
436713;1
406005;1
400497;1
425514;1
443124;1
445369;1
401218;1
445292;1
430495;1
418009;1
435958;1
444568;1
440100;1
413859;1
431802;1
442366;1
417860;1
430305;1
405617;1
429642;1
427658;1
405467;1
440831;1
404799;1
426721;1
404160;1
424425;1
444922;1
408258;1
424982;1
435506;1
413544;1
414501;1
436284;1
412696;1
418555;1
440269;1
425734;1
426366;1
431757;1
436715;1
439035;1
442135;1
423532;1
442316;1
435119;1
428913;1
428964;1
444982;1
413316;1
443349;1
100192;1
412698;1
404080;1
421020;1
435926;1
411222;1
417308;1
434226;1
444904;1
445198;1
430007;1
407112;1
442596;1
425072;1
419952;1
432414;1
439485;1
413105;1
441560;1
427523;1
420996;1
443272;1
433573;1
415067;1
441746;1
424687;1
415326;1
425289;1
405758;1
416155;1
429670;1
417014;1
440643;1
436323;1
405294;1
404245;1
443192;1
413782;1
407615;1
431493;1
423090;1
429688;1
435638;1
440527;1
410798;1
437885;1
405383;1
437034;1
423257;1
438896;1
407735;1
445981;1
431850;1
442985;1
442859;1
434232;1
414790;1
426885;1
440223;1
445032;1
441652;1
428660;1
433871;1
431022;1
429503;1
400847;1
435571;1
442204;1
423682;1
442123;1
431200;1
427782;1
415230;1
411863;1
436450;1
422545;1
442795;1
421336;1
442409;1
442497;1
445371;1
425153;1
426531;1
437511;1
416804;1
444746;1
433615;1
420890;1
415944;1
437754;1
415316;1
428794;1
434932;1
436329;1
426312;1
405641;1
417928;1
442175;1
410341;1
416970;1
438892;1
405264;1
439090;1
437451;1
424996;1
437244;1
440663;1
418310;1
444440;1
425993;1
432278;1
444093;1
433385;1
432567;1
428962;1
415502;1
408751;1
444062;1
419220;1
432519;1
442300;1
432089;1
439497;1
410649;1
439279;1
421798;1
430205;1
427307;1
433393;1
439318;1
432757;1
416994;1
415835;1
438452;1
441622;1
436036;1
432811;1
433899;1
426997;1
442712;1
415019;1
438902;1
429154;1
415844;1
433426;1
442252;1
441852;1
415788;1
435724;1
435338;1
425225;1
416231;1
427581;1
420054;1
432673;1
427551;1
412450;1
407131;1
431767;1
418059;1
405401;1
423514;1
432582;1
414794;1
439122;1
426893;1
425327;1
436539;1
437471;1
47259;1
434672;1
437106;1
431192;1
413659;1
425805;1
421201;1
419576;1
427557;1
417370;1
445278;1
403326;1
445449;1
440649;1
427836;1
425066;1
440383;1
441592;1
428992;1
435714;1
421257;1
426015;1
410212;1
435565;1
442923;1
416554;1
410847;1
419668;1
422465;1
431890;1
433639;1
436291;1
427561;1
438474;1
429225;1
415427;1
427457;1
432616;1
421334;1
416348;1
433182;1
421975;1
421346;1
421125;1
434904;1
418167;1
439915;1
437147;1
444052;1
434908;1
410942;1
431095;1
441694;1
427951;1
419556;1
431449;1
410134;1
432801;1
430265;1
430687;1
432677;1
416980;1
418123;1
440235;1
425223;1
437040;1
439334;1
426218;1
428071;1
407421;1
414802;1
441698;1
443132;1
429654;1
433468;1
437771;1
439025;1
411258;1
428079;1
427193;1
442807;1
443345;1
426360;1
411491;1
409185;1
445905;1
414904;1
432550;1
430703;1
431737;1
435089;1
445012;1
439291;1
410288;1
416772;1
443533;1
412132;1
414642;1
418073;1
414463;1
413423;1
426220;1
418622;1
409107;1
438560;1
428742;1
434017;1
418595;1
415127;1
37709;1
407074;1
410394;1
423053;1
412279;1
435862;1
425173;1
440253;1
100114;1
411957;1
431457;1
418115;1
45789;1
433247;1
437282;1
426451;1
408789;1
442618;1
405360;1
436692;1
414681;1
423512;1
437714;1
420326;1
427786;1
415928;1
417942;1
211096;1
420456;1
414570;1
433404;1
436557;1
407245;1
419218;1
416646;1
439477;1
426195;1
423915;1
432420;1
424357;1
433854;1
420880;1
428936;1
426633;1
431260;1
439879;1
433862;1
441892;1
424961;1
435816;1
425887;1
443126;1
415863;1
425997;1
436591;1
443258;1
410507;1
437084;1
431714;1
410509;1
426083;1
442028;1
436862;1
419300;1
432733;1
442143;1
417008;1
427483;1
432628;1
444920;1
426073;1
428206;1
435464;1
425301;1
412343;1
401087;1
416808;1
419540;1
435748;1
438313;1
433494;1
442314;1
434956;1
419334;1
422111;1
419418;1
445188;1
421995;1
420860;1
415065;1
427668;1
407865;1
445433;1
415304;1
445939;1
442755;1
411959;1
429342;1
419422;1
429279;1
423297;1
419922;1
431775;1
444155;1
417946;1
417140;1
437551;1
417354;1
431745;1
442863;1
423978;1
404203;1
428789;1
431556;1
403963;1
430738;1
429083;1
429410;1
445499;1
426449;1
444221;1
435131;1
438114;1
437637;1
414858;1
442819;1
405627;1
430172;1
436427;1
410020;1
431224;1
419718;1
422277;1
430199;1
423951;1
410322;1
404175;1
431238;1
438944;1
410343;1
413111;1
438618;1
410820;1
411359;1
412260;1
415018;1
445801;1
415174;1
413464;1
411806;1
438331;1
413661;1
408775;1
445877;1
431294;1
442222;1
423949;1
432853;1
413455;1
432557;1
56758;1
416904;1
426328;1
436827;1
433784;1
424656;1
413377;1
403344;1
411899;1
401537;1
436507;1
444516;1
416932;1
441786;1
427547;1
426181;1
433697;1
445288;1
425730;1
413196;1
412056;1
45905;1
427320;1
428014;1
445034;1
443112;1
424000;1
428917;1
435416;1
441900;1
431842;1
415398;1
442612;1
445166;1
437128;1
421135;1
412136;1
433915;1
415265;1
427057;1
416398;1
425965;1
432588;1
414507;1
444448;1
438278;1
410208;1
427120;1
443590;1
445152;1
408595;1
405663;1
441364;1
408300;1
408585;1
440937;1
405851;1
430529;1
425033;1
438745;1
438363;1
435778;1
417092;1
419964;1
NULL;409554
